<?xml version='1.0' encoding='utf-8'?>
<COLLADA xmlns="http://www.collada.org/2005/11/COLLADASchema" version="1.4.1">
  <asset>
    <created>2026-09-14T00:00:00Z</created>
    <modified>2026-09-14T00:00:00Z</modified>
    <unit name="metre" meter="1" />
    <up_axis>Z_UP</up_axis>
  </asset>
  <library_effects>
    <effect id="scout_1a1f21_effect">
      <profile_COMMON>
        <technique sid="common">
          <phong>
            <emission>
              <color>0 0 0 1</color>
            </emission>
            <ambient>
              <color>0.05 0.06 0.065 1</color>
            </ambient>
            <diffuse>
              <color>0.1 0.12 0.13 1</color>
            </diffuse>
            <specular>
              <color>0.035 0.035 0.035 1</color>
            </specular>
            <shininess>
              <float>24</float>
            </shininess>
          </phong>
        </technique>
      </profile_COMMON>
    </effect>
    <effect id="scout_b01424_effect">
      <profile_COMMON>
        <technique sid="common">
          <phong>
            <emission>
              <color>0 0 0 1</color>
            </emission>
            <ambient>
              <color>0.345 0.04 0.07 1</color>
            </ambient>
            <diffuse>
              <color>0.69 0.08 0.14 1</color>
            </diffuse>
            <specular>
              <color>0.035 0.035 0.035 1</color>
            </specular>
            <shininess>
              <float>24</float>
            </shininess>
          </phong>
        </technique>
      </profile_COMMON>
    </effect>
    <effect id="scout_b8bab5_effect">
      <profile_COMMON>
        <technique sid="common">
          <phong>
            <emission>
              <color>0 0 0 1</color>
            </emission>
            <ambient>
              <color>0.36 0.365 0.355 1</color>
            </ambient>
            <diffuse>
              <color>0.72 0.73 0.71 1</color>
            </diffuse>
            <specular>
              <color>0.035 0.035 0.035 1</color>
            </specular>
            <shininess>
              <float>24</float>
            </shininess>
          </phong>
        </technique>
      </profile_COMMON>
    </effect>
    <effect id="scout_dbded4_effect">
      <profile_COMMON>
        <technique sid="common">
          <phong>
            <emission>
              <color>0 0 0 1</color>
            </emission>
            <ambient>
              <color>0.43 0.435 0.415 1</color>
            </ambient>
            <diffuse>
              <color>0.86 0.87 0.83 1</color>
            </diffuse>
            <specular>
              <color>0.035 0.035 0.035 1</color>
            </specular>
            <shininess>
              <float>24</float>
            </shininess>
          </phong>
        </technique>
      </profile_COMMON>
    </effect>
  </library_effects>
  <library_materials>
    <material id="scout_1a1f21" name="scout_1a1f21">
      <instance_effect url="#scout_1a1f21_effect" />
    </material>
    <material id="scout_b01424" name="scout_b01424">
      <instance_effect url="#scout_b01424_effect" />
    </material>
    <material id="scout_b8bab5" name="scout_b8bab5">
      <instance_effect url="#scout_b8bab5_effect" />
    </material>
    <material id="scout_dbded4" name="scout_dbded4">
      <instance_effect url="#scout_dbded4_effect" />
    </material>
  </library_materials>
  <library_geometries>
    <geometry id="geometry" name="body">
      <mesh>
        <source id="positions">
          <float_array id="positions_array" count="6609">-0.0869859383 0.0539991707 0.135186702 -0.0562187061 0.0529991686 0.139505416 -0.055376742 0.0539991707 0.139417022 -0.0524625219 0.0539991707 0.136973515 -0.0411755405 0.0529991686 0.0926821381 -0.0408336408 0.0539991707 0.0920011178 0.0897922739 0.0539991707 0.132390544 0.0898528323 0.0529991686 -0.143028975 0.0894920006 0.0539991707 -0.144789651 -0.0899355412 0.0539991707 -0.142164752 -0.0897922739 0.0529991686 0.132390544 -0.0896960422 0.0539991707 0.132647157 0.0127499998 0.0539991707 -0.111500002 0.0668696836 0.0539991707 -0.168030769 0.0630290136 0.0539991707 -0.169852778 -0.0634003431 0.0539991707 -0.169772625 -0.0659704283 0.0529991686 -0.168708086 -0.0669594109 0.0539991707 -0.167949468 0.0127499998 0.0539991707 -0.150999993 -0.0127499998 0.0534991696 -0.150999993 0.0127499998 0.0529991686 -0.150999993 0.0381415859 0.0539991707 0.0902012587 0.0408336408 0.0529991686 0.0920011178 0.0409713276 0.0539991707 0.0922124982 0.0127499998 0.0529991686 -0.111500002 -0.0386765487 0.0529991686 0.090316914 -0.0897726938 0.0529991686 -0.143400177 -0.0127499998 0.0539991707 -0.111500002 0.0556507111 0.0539991707 0.139480516 0.0869859457 0.0529991686 0.135186702 0.0872005224 0.0539991707 0.13509658 -0.0379329473 0.0539991707 0.090150401 0.0379329473 0.0529991686 0.090150401 0.0553767383 0.0529991686 0.139417022 0.0525788143 0.0539991707 0.137181878 0.0524625257 0.0529991686 0.13697353 -0.0528604537 0.0529991686 0.137720942 0.0880309865 0.0529991686 -0.146869376 0.0896960422 0.0529991686 0.132647157 -0.0621643439 0.0529991686 -0.169935554 -0.0879497454 0.0529991686 -0.146959051 -0.0127499998 0.0529991686 -0.111500002 -0.0887080282 0.0539991707 -0.145970523 -0.087200515 0.0529991686 0.135096595 0.0647896826 0.0529991686 -0.169491947 0.0840000063 0.0517371893 0.125142202 0.0840000063 0.0505928323 0.126318634 0.0839999989 0.0489991717 -0.140857905 0.0829999968 0.0490960255 0.129791826 0.0829999968 0.0489991717 -0.140857905 0.0829999968 0.0505844168 0.126294911 0.0829999968 0.051760979 0.125150591 0.0834999979 0.0529991686 0.125057012 0.0840000063 0.050461933 0.12961483 0.0829999968 0.0502998456 0.129949287 0.0840000063 0.049815461 0.130095959 0.0839999989 0.0529991686 -0.140857905 0.0829999968 0.0529991686 -0.140857905 0.0840000063 0.049065683 0.129690543 -0.0954674631 0.053375192 -0.175121352 -0.10750135 0.0560546331 -0.179454565 -0.107706927 0.0560819544 -0.192223147 -0.12498115 0.0687499344 -0.189836994 -0.115028769 0.0552058071 -0.1752 -0.114963785 0.0556909963 -0.190071896 -0.10451258 0.0650755018 -0.174068674 -0.105105519 0.0687408596 -0.189872548 -0.102140352 0.0647223443 -0.168370768 -0.104983166 0.0629316047 -0.170349643 -0.0996366665 0.0569404624 -0.169678107 -0.097272262 0.0600647777 -0.16828984 -0.0986923799 0.064660579 -0.165889144 -0.0956411213 0.0686163232 -0.195838422 -0.0955890566 0.0537195392 -0.20418781 -0.127583101 0.0571277216 -0.168726593 -0.125292823 0.0650036111 -0.174233332 -0.124906719 0.0616227202 -0.170364574 -0.13441515 0.0685840026 -0.195844188 -0.134549335 0.0533902943 -0.175112844 -0.134533972 0.068542324 -0.175020427 -0.128406048 0.0650508255 -0.172975913 -0.133310005 0.0614798255 -0.174259201 -0.130639896 0.0648380145 -0.170347124 -0.132886931 0.0593404844 -0.16842708 -0.128445372 0.0565677211 -0.174335852 -0.12996988 0.0564951934 -0.167274907 -0.131183594 0.0647691041 -0.166151002 -0.101187624 0.0563660711 -0.174393222 -0.102541707 0.0572920777 -0.170491382 -0.100394644 0.0652209893 -0.172126904 -0.10513024 0.0595766865 -0.166263685 -0.125020236 0.0625987574 -0.166293323 -0.0974633098 0.0629349053 -0.17426163 -0.134312361 0.0536569543 -0.204223543 -0.127948597 0.0606773123 -0.188994944 -0.095469974 0.0685479194 -0.175020993 -0.00178668508 0.0141324708 0.187760949 -0.00040267405 0.0101522366 0.184285656 -0.00101499329 0.0103506315 0.189944357 -0.0050298092 0.019047169 0.184923425 -0.00145253947 0.0153053142 0.202094957 -0.00557556003 0.0276643224 0.194959566 0.00698837452 0.0141401254 0.187756553 0.00923022255 0.0216579176 0.19842726 0.00334966555 0.0187655296 0.185086057 0.00168960798 0.0143222557 0.187651381 -0.00485089794 0.0130094225 0.182636112 -0.00251080166 0.0170176253 0.186095148 -0.000145813916 0.0159928892 0.180913478 0.00343871606 0.0128715187 0.182715416 -0.171783298 0.0347992554 0.163660631 -0.172766536 0.0356722325 0.160167739 -0.173936233 0.031242229 0.161802337 -0.156750053 0.0057184766 -0.00523611531 -0.160196587 0.00550677581 -0.0121544031 -0.178231701 0.00752495462 -0.00892456248 -0.156749994 0.0112846699 -0.0101741729 -0.182478964 0.0114057744 -0.0085548358 -0.186464384 -0.00852512848 -0.0169073921 -0.156749994 -0.0100336839 -0.0669865459 -0.15674974 -0.00287536974 -0.0670378357 -0.184993342 -0.00783013366 -0.0639807358 -0.156749934 -0.00920618046 -0.0616380908 -0.173607141 0.0323202163 0.166607067 -0.177916706 0.0221735071 0.149741322 -0.174061641 0.0348449498 0.173229322 -0.181079984 -0.00767229032 -0.0605596192 -0.190539941 -0.000775645196 -0.0917513445 -0.188956037 0.00411287928 -0.0882652327 -0.190809473 -0.00726317195 -0.0601944737 -0.182906613 -0.00192745915 -0.062022157 -0.156749561 -0.0270965844 -0.0608696975 -0.180348545 -0.0269437768 -0.0632275268 -0.17795524 -0.0162246339 -0.0616716668 -0.16584973 -0.0332965329 -0.0569424629 -0.16221346 0.0182313621 0.0506045818 -0.15987806 0.013433014 0.0432463735 -0.166928396 0.018221559 0.0460901074 -0.176808298 0.0193213783 0.046040833 -0.188662261 -0.00988216884 -0.0178033598 -0.159987628 -0.0452550054 -0.0263002999 -0.159238428 -0.047447972 -0.0271318387 -0.162016302 -0.0454058908 -0.0304105673 -0.158926249 -0.049793683 -0.0190949813 -0.172528535 -0.0489929058 -0.0310169999 -0.169762149 -0.0499862209 -0.049365107 -0.163821638 -0.0530258343 -0.0491536073 -0.175774887 -0.00849873666 -0.0325052552 -0.18142049 -0.0155718308 0.0106470305 -0.172037736 0.031536907 0.156214654 -0.194943756 -0.00397946453 -0.0515173227 -0.193375707 -0.00512400363 -0.0526811592 -0.179474518 -0.0164218694 0.0105509376 -0.163175493 -0.0482946038 -0.0206260812 -0.171149313 -0.0502086282 -0.0491635241 -0.168601513 -0.0483289175 -0.0270408764 -0.160656095 -0.0503008291 -0.0280631538 -0.16804482 -0.046911668 -0.0491564125 -0.170173302 -0.0481362194 -0.0490572304 -0.168775216 0.0284756981 0.160889983 -0.168519229 0.0225220118 0.0985560566 -0.160082638 0.0255143829 0.0966154039 -0.172902942 0.0238272976 0.170235962 -0.166538253 0.0312657915 0.163589597 -0.170736268 0.0311530046 0.165188655 -0.167627558 0.0345596559 0.172983304 -0.16908592 0.028122412 0.166339666 -0.162970677 -0.0485195071 -0.0469245166 -0.169365466 0.03566356 0.172741741 0.0306666661 0.0523145497 0.103452168 -0.0306504648 0.023247255 0.103452168 -0.030849183 0.052192755 0.103573963 -0.030849183 0.0233690478 0.129286543 0.0306666698 0.0232472531 0.129408345 0.0308653843 0.0233690497 0.10357397 -0.0306504685 0.0523145497 0.129408345 0.0308653843 0.0521927588 0.129286543 -0.0766525194 0.0529991686 0.126466036 -0.0768459663 0.0519991741 0.127301827 -0.084651798 0.0529991686 0.12729378 -0.0400336646 0.0513234958 0.146059573 -0.0383651629 0.0459991693 0.144538343 -0.0370708555 0.0513551049 0.144144773 0.141751021 0.0459991693 -0.220988646 0.138719469 0.051667925 -0.219181761 0.138695583 0.0459991693 -0.22195895 -0.117521115 0.0524277426 -0.259566009 -0.0940190628 0.0529991686 -0.220491111 -0.0938302279 0.0519991741 -0.220382079 -0.0416826084 0.0459991693 -0.203032896 -0.0408025533 0.0515568778 -0.203253642 -0.0412926711 0.0459991693 -0.20050931 -0.141921669 0.0459991693 -0.219672322 -0.141033009 0.0520158075 -0.219343975 -0.138200283 0.0459991693 -0.218489408 -0.0395983383 0.0459991693 0.140989348 -0.0400442928 0.0520479791 0.144227117 -0.0423987322 0.0459991693 0.143160284 -0.0614537299 0.0459991693 0.207782134 -0.0590202883 0.0520158075 0.206790194 -0.0580680035 0.0459991693 0.207423881 0.180733427 0.013308824 -0.188759148 0.15694572 -0.0513398796 -0.134570271 0.156365126 -0.0504586697 -0.134533331 -0.128853917 0.0459991693 0.193780944 -0.131033003 0.0520158038 0.196713045 -0.131751001 0.0459991693 0.197045684 -0.0632897243 0.0513168201 0.205622718 -0.0598838665 0.0512644798 0.209162548 0.0585462712 0.0459991693 0.207782134 0.0609797128 0.0520158075 0.206790194 0.0619319975 0.0459991693 0.207423881 -0.129969478 0.0512991734 0.199524492 -0.127893552 0.051227022 0.193468809 0.140956283 -0.0518008284 -0.008410763 0.141533867 -0.0508008301 -0.110957354 0.141962096 -0.0518008284 -0.111417159 0.0386498906 0.0459991693 -0.203662723 0.0387246832 0.051584512 -0.201184124 0.0398246013 0.0459991693 -0.19965589 -0.0584121794 0.0459991693 0.204834551 -0.0570054129 0.0514277443 0.206686988 0.042994529 0.0514436178 0.144072503 0.042233672 0.0459991693 0.143778607 0.0417177789 0.0513563156 0.140491679 -0.0377095379 0.051301498 -0.199469104 -0.0385717079 0.0459991693 -0.203575045 -0.0387736969 0.0513068661 -0.20485197 -0.143179342 0.0512960479 -0.219857663 -0.140015215 0.0513913296 -0.216908082 0.0378397182 0.051126156 0.140696988 0.0389267132 0.0459991693 0.141179472 0.0399557091 0.0520479791 0.144227117 0.0385061316 0.0459991693 0.144307107 0.0382115133 0.0513794534 0.145785898 0.147699252 -0.0508008301 -0.0210658778 0.147223145 -0.0513090268 -0.0285274535 0.145268247 -0.0515091605 -0.019951174 0.162219942 -0.0508008301 -0.0245572142 0.160805285 -0.0518008284 -0.0305471476 0.161016986 -0.0508008301 -0.0308305491 0.0593854897 0.0511613339 0.209297299 0.0629732832 0.051403936 0.206897721 0.14722313 -0.0513008274 -0.0985274538 0.142146572 -0.0510281026 -0.0937083811 0.0737841874 0.0529991686 0.0873682201 -0.073253274 0.0519991741 0.0872402936 -0.0756323114 0.0527769476 0.0883894712 0.112330519 0.0525991693 0.107453905 0.116576821 0.0519991741 0.105745822 0.116874769 0.0529991686 0.106102459 0.0615878217 0.0459991693 0.204834551 0.0587808453 0.051667925 0.205149889 0.17511186 -0.0504341274 -0.0378954448 0.193293795 0.000538098568 -0.0848973021 0.192259341 0.000398483564 -0.0847119242 0.0628301427 0.0524856597 -0.164761469 0.0847751945 0.0519991778 -0.142835826 0.0847459957 0.0529991686 -0.142823741 0.0421731137 0.0513196848 -0.19941245 0.041843567 0.0459991693 -0.20286119 0.041504439 0.051294256 -0.204761684 -0.143550441 -0.0508008301 -0.0916327015 -0.144173652 -0.0512758307 -0.0984169021 -0.143562883 -0.0518008284 -0.0916723832 -0.142638505 -0.0508008301 -0.00467307493 -0.141810685 -0.0518008284 -0.111254595 -0.141664386 -0.0508008301 -0.1110975 -0.147304624 -0.0513008311 -0.0905552581 -0.043370638 0.0512674637 -0.202257842 0.0848456919 0.0529991686 0.126455724 0.0848629624 0.0519991741 0.126303196 -0.00999999978 0.0504991747 -0.165000007 0.00999999978 0.0499991737 -0.165000007 -0.0627947599 0.0524991713 -0.16478385 -0.0612191595 0.051667925 0.205149874 -0.0399470516 0.0515844785 0.14154394 0.131751001 0.0459991693 0.195068315 0.128780812 0.0516679175 0.195149899 0.128695592 0.0459991693 0.194098055 0.153912872 0.0518784858 -0.260074735 0.117521115 0.0524277426 -0.259566009 0.156837627 0.0519823059 -0.259948432 -0.143863291 -0.0513008311 -0.134275779 0.157201841 0.0521795116 0.249732062 0.158099934 0.0498798899 0.248850629 0.16831021 0.0372329503 0.239304617 0.167470515 0.0366886519 0.239280522 0.181783363 0.0155343898 -0.185715005 0.173013896 -0.0518008284 -0.0314863287 -0.142874345 -0.0518008284 -0.00451672077 -0.175253719 -0.0503828712 -0.0378559269 -0.173013896 -0.0518008284 -0.0314863287 -0.139998138 0.0512970462 -0.223092437 -0.140585706 0.0459991693 -0.222145528 0.163624048 -0.0513320789 -0.0305371583 0.162219927 -0.0518008284 -0.0245572161 0.139984801 0.0515498966 -0.216908082 0.138853937 0.0459991693 -0.217723936 0.143203035 0.05125314 -0.22004801 0.147699252 -0.0508008301 -0.0910658762 0.145750001 -0.0518008284 -0.0898591205 0.141916528 -0.0510316007 -0.00635357434 0.147798359 -0.0513136499 -0.00554409157 -0.153271452 0.0529661104 0.250514418 -0.156056672 0.0519914962 -0.260052592 -0.15802893 0.0511746965 -0.258684814 -0.157179162 0.0515358336 0.249605507 -0.193291709 0.000524167379 -0.0848498568 -0.181774467 0.015465864 -0.185732901 -0.180743143 0.0133385332 -0.188769296 -0.192259312 0.000429643871 -0.084668614 -0.156939834 -0.0513403155 -0.134565681 -0.147747278 -0.0508008301 -0.0211572275 -0.147064835 -0.0518008284 -0.0286975987 -0.145252913 -0.0510008298 -0.0292208176 0.112663433 0.0525601469 0.113301568 0.128582507 0.0513029695 0.199053243 0.128853917 0.0459991693 0.198333085 0.133157909 0.0512249805 0.196097136 0.130979732 0.0520158075 0.196790189 0.140001878 0.05128178 -0.223092437 -0.156364977 -0.0504573472 -0.134535745 -0.136796966 0.0512976795 -0.22004801 -0.167514667 0.0366256572 0.239201516 -0.16826427 0.0372985564 0.239381567 0.136820674 0.0512848869 -0.219857663 0.0366293676 0.0512848869 -0.202257842 -0.132414103 0.0514745824 0.193749741 -0.117607422 0.0529991686 0.107313484 -0.116973259 0.0519991741 0.106136046 -0.113125242 0.0529991686 0.106102459 -0.0588346198 0.0512821898 0.203213722 -0.0621163286 0.0459991693 0.204026029 0.0607972965 0.0513376333 0.202995881 0.128422216 0.0514036678 0.193024412 -0.0848456919 0.0519991741 0.126455724 -0.0847751945 0.0529991686 -0.142835841 -0.128695577 0.0459991693 0.198015943 -0.128719479 0.0516679138 0.195238754 0.0578836724 0.0459991693 0.204026029 0.0569772571 0.0514685623 0.204957545 -0.0399120934 0.0512925051 0.139744624 -0.0430446528 0.0512974188 0.143704847 -0.117351823 0.0523939095 0.113270074 -0.138719484 0.051667925 -0.220818236 0.0400529504 0.0515844785 0.14154394 -0.0394058861 0.0520724207 -0.201065719 0.0409881547 0.0520479791 -0.20262827 0.141033009 0.0520158075 -0.220656022 -0.00999999978 0.0513991751 -0.173000008 0.00999999978 0.0516991727 -0.173000008 0.170585006 0.0331123918 0.166057825 0.170788333 0.0319504999 0.160695508 0.171763718 0.0323008895 0.160530925 0.143863291 -0.0513008311 -0.134275779 0.173057154 0.0295285154 0.1650846 0.0939261243 0.0524991713 -0.22043404 0.0305992141 0.0524563156 -0.219739556 0.0213497113 0.0524234138 -0.204760447 0.0639614388 0.0524142645 0.262209237 -0.0213497076 0.0523931123 -0.204760447 0.117336579 0.0523939095 0.11330156 0.117336579 0.0524316058 -0.106698439 0.112663433 0.0526270792 -0.106698439 0.113312542 0.052552361 -0.114108846 0.117669493 0.0524436161 -0.112546094 0.0770313367 0.0526658371 0.127524853 -0.0378836617 0.0459991693 -0.199969038 0.143527582 -0.0513008311 -0.0272610318 0.0756635591 0.0521756448 0.0883290544 -0.0266000237 0.0524685606 0.121209681 0.0765220225 0.0519991741 0.125064656 0.0266000237 0.0524889678 0.121209681 -0.112663433 0.0524713956 -0.106698439 -0.113312542 0.0524774306 -0.114108846 -0.0847459957 0.0519991741 -0.142823741 -0.11234235 0.0519991741 0.107368372 -0.117336579 0.0525089763 -0.106698446 -0.112705216 0.05253971 0.113369741 -0.0639614388 0.0524142645 0.262209237 -0.117669493 0.0524991751 -0.112546094 -0.145264566 -0.0515091605 -0.0199709721 -0.160796061 -0.0513008274 -0.0255203787 -0.0305992123 0.052420225 -0.219739556 -0.17135562 0.0320119262 0.160509437 -0.170994684 0.0333991908 0.166083962 -0.172968984 0.0297078062 0.165401101 -0.170174211 0.0328273736 0.166027009 -0.162559092 -0.0510408282 -0.0314490758 -0.160964012 -0.0518008284 -0.0308075119 -0.147922888 -0.051339291 -0.0974055156 -0.16353932 -0.0513008311 -0.0253374446 0.0103817666 0.0430671349 0.195413262 -0.0103817675 0.0165932477 0.195413262 -0.0105804838 0.042945344 0.195535064 -0.010580482 0.0167150423 0.225731656 0.0103817647 0.0165932495 0.225853443 0.0105804829 0.0167150404 0.195535064 -0.0103817647 0.0430671349 0.225853443 0.0105804829 0.0429453403 0.225731656 -0.0973865315 0.0661199614 0.174999997 -0.0975128859 0.055300843 -0.174999997 -0.0988836214 0.0589682534 0.174999997 -0.108285002 0.065674901 0.174999997 -0.101120614 0.0640089661 -0.174999997 -0.125546709 0.0629898012 -0.174999997 -0.118921936 0.056822218 0.174999997 -0.129046977 0.0587690845 -0.174999997 -0.117899612 0.0667491555 -0.174999997 -0.120492272 0.0662332922 0.174999997 -0.132450655 0.0534105152 0.174999997 -0.130346105 0.0633418262 -0.174999997 -0.133521989 0.0657547861 0.174999997 -0.134619698 0.0685389712 -0.174999997 -0.103403747 0.0596154891 -0.174999997 -0.112132035 0.0548528284 -0.111505263 -0.114469171 0.0529991686 -0.106729373 -0.117347777 0.0567991696 -0.107555419 -0.126730666 0.058818724 0.174999997 -0.0954083055 0.068590872 -0.174999997 -0.0955127552 0.0532137901 0.174999997 -0.108565763 0.0631986037 -0.174999997 -0.111784078 0.0567991696 0.109738886 -0.114469171 0.0529991686 0.113270625 -0.117978781 0.0551582612 0.111511759 -0.111096904 0.0568213202 0.174999997 -0.113817908 0.0542967282 0.106923938 -0.134439439 0.053208258 -0.174999997 -0.117400631 0.0547026172 -0.112102792 0.00901666563 0.0508338027 0.148007274 -0.0090166647 0.0258209761 0.148007274 -0.00921538472 0.050712008 0.148129076 -0.00921538565 0.025942767 0.180318847 0.00901667122 0.0258209743 0.180440649 0.00921538472 0.0259427726 0.148129076 -0.00901667215 0.0508338064 0.180440649 0.00921538565 0.0507120118 0.180318847 -0.0781662092 -0.050999999 -0.102215983 -0.0784495771 -0.0560000055 -0.0946191177 -0.081553027 -0.050999999 -0.0894748494 0.0710620955 -0.0371470526 -0.242003709 0.109360024 -0.0100934319 -0.268844932 0.0651331395 -0.0498599261 -0.240825966 0.0710296035 -0.0535000041 -0.0665295124 0.0826406926 -0.0560000055 -0.0672649667 0.0845492333 -0.050999999 -0.0672460943 -0.0799999982 -0.050999999 -0.0689526051 -0.0781308264 -0.0560000055 -0.0700310767 -0.0831249654 -0.0560000055 -0.0684469566 0.0785231814 -0.0560000055 -0.0695422441 -0.144343853 -0.00769163668 -0.278272927 -0.0719426498 -0.048080612 -0.234790459 -0.0671618357 -0.0466931611 -0.231106237 -0.080485411 -0.0543050878 -0.0781246051 -0.0710296035 -0.0535000041 -0.0665295124 0.0799999982 -0.050999999 -0.0689526051 0.0834329799 -0.0560000055 -0.0989921093 0.0846719667 -0.050999999 -0.101811133 0.0782790482 -0.0539069809 -0.102319218 0.0555261374 -0.0123980204 -0.285189182 -0.0632840171 -0.0420053825 -0.246873468 -0.109314732 -0.00998829398 -0.26830399 -0.0648713708 -0.00842327718 -0.293737352 0.0670669153 -0.00832944643 -0.293696582 0.0478172489 -0.0199305676 -0.290769398 -0.080478251 -0.0546956547 -0.103187852 -0.0756249651 -0.052099999 -0.126410663 -0.086135745 -0.0560000092 -0.102231599 -0.0238404348 -0.050999999 -0.166101098 0.023840433 -0.0560000055 -0.166101098 0.0279148072 -0.050999999 -0.160604537 -0.0389283635 -0.0196014643 -0.282125473 0.0779267102 -0.050999999 -0.0854619518 0.0701060891 -0.0529642887 -0.136434928 0.0750818625 -0.0552417077 -0.182295501 0.0757629126 -0.0429615043 -0.181536347 0.052366443 -0.0560000055 -0.0986870751 0.0562442876 -0.050999999 -0.107964292 -0.0494137779 -0.0441944264 -0.237883151 -0.0366137661 -0.0232200734 -0.284211785 -0.0519391373 -0.0230782665 -0.284736156 -0.108496964 -0.0139581161 -0.271958411 0.0684012622 -0.0503890812 -0.224495858 0.074602522 -0.0555629581 -0.218057841 0.0363774486 -0.050999999 -0.176809713 -0.0363774486 -0.0560000055 -0.176809713 -0.0725826174 -0.0570905395 -0.21842058 -0.0756274462 -0.0399589315 -0.219805345 -0.0482509173 -0.0532916673 -0.210436791 -0.0564170666 -0.050999999 -0.108263545 -0.0279148109 -0.0560000055 -0.160604537 -0.084349446 -0.050999999 -0.0670463145 -0.0572494343 -0.0535000004 -0.0886616036 0.049321238 -0.0464229807 -0.239023164 -0.0492225252 -0.0486491695 -0.24016729 0.085411258 -0.0560000055 -0.109460361 -0.0562442876 -0.0560000055 -0.107964292 0.0804817304 -0.0543050878 -0.0781444013 0.0785231888 -0.0560000055 -0.09454225 0.0482509173 -0.0533958338 -0.210436791 -0.075562723 -0.0550325848 -0.182295501 -0.0754763409 -0.0430631042 -0.181497738 0.144343853 -0.00769161573 -0.278272927 0.108917609 -0.0149616208 -0.271509409 0.0365164392 -0.0210154988 -0.283030212 0.0754999965 -0.0320479795 -0.217047542 -0.12529479 0.00679207686 -0.141788661 -0.13450107 -0.040364664 -0.167898223 -0.125167176 -0.0339157544 -0.17478922 -0.13400951 -0.027772747 -0.181425899 -0.136695385 0.00995800272 -0.145209193 -0.137764052 -0.0524885394 -0.1822557 -0.133595735 0.00341046997 -0.13930662 -0.130532205 -0.0421684273 -0.193168327 -0.133595839 0.00981133338 -0.133240089 -0.130229473 -0.000890205323 -0.133031324 -0.141310453 0.00274602906 -0.13691774 -0.124886923 -0.0499066971 -0.184383333 -0.141000181 -0.0456632487 -0.189550757 -0.142094016 -0.0323044695 -0.176408529 0.129303843 -0.0617579222 -0.204287678 0.135196149 -0.0442512371 -0.190777659 0.129526481 -0.0509885475 -0.183669075 0.132961303 -0.0673136488 -0.198425815 0.135790557 -0.0504251271 -0.184263498 0.13785395 -0.0611341931 -0.204945758 0.13432914 -0.0534490794 -0.183980346 0.140326202 -0.0502135381 -0.184486851 0.12702854 -0.049893152 -0.18773222 0.136819184 -0.0443270393 -0.192547843 0.140591159 -0.0489422232 -0.188735515 0.127543986 -0.0452119075 -0.191120818 0.139490247 -0.100757025 -0.212579668 0.18675001 -0.0974773094 -0.242863238 0.180985242 -0.094903864 -0.202666536 0.189821795 -0.0788777471 -0.210650191 0.119536184 -0.0343972892 -0.114433169 0.127095699 -0.0870942771 -0.228970826 0.130595714 -0.0868468285 -0.228543505 0.127095699 -0.0867051929 -0.228187889 0.128753603 -0.0832540989 -0.225550979 0.132939473 -0.090800263 -0.236020565 0.117089711 -0.0513709262 -0.160999715 0.129452899 -0.0764190257 -0.186111212 0.117035419 -0.0752972364 -0.16945982 0.159758061 -0.0967162475 -0.205736503 0.151195452 -0.0789088234 -0.209750608 0.105918452 -0.0669790953 -0.155371755 0.100041538 -0.0555654652 -0.165543467 0.159050524 -0.0789598972 -0.218933731 0.144009337 -0.0918500945 -0.239295065 0.107056007 -0.0602932312 -0.16174975 0.179010436 -0.0797785074 -0.206552297 0.109149829 -0.0571299493 -0.138690621 0.138752028 -0.0839219764 -0.221212834 0.093150638 -0.0622364394 -0.147339344 0.127095699 -0.104749918 -0.239549428 0.180145979 -0.0799701139 -0.220457375 0.127249509 -0.0766573548 -0.18651475 0.128295705 -0.0946313515 -0.243783459 0.125167385 0.00323140947 -0.13756007 0.129952997 -0.0403340161 -0.168005869 0.133558854 -0.00187888776 -0.132477909 0.131260589 -0.0276867356 -0.18130739 0.13022092 0.00869049225 -0.133997232 0.136562377 0.0090764882 -0.133631289 0.131642014 0.00944899302 -0.143903077 0.143605217 0.00424845051 -0.138766974 0.13359575 0.00325799128 -0.139145926 0.141059384 -0.0494586043 -0.185540229 0.125299156 -0.0469932929 -0.188181087 0.132197648 -0.0534869395 -0.180337057 0.136526227 -0.0418441705 -0.193300948 0.142391801 -0.0337503739 -0.175090641 -0.126849785 0.0584929399 0.191583678 -0.122471564 0.0560448915 0.179454565 -0.101986691 0.0576055869 0.190615386 -0.132821858 0.0627734959 0.172893927 -0.128351554 0.0653519183 0.174345031 -0.130673289 0.0650560856 0.167577863 -0.128222123 0.0652140453 0.168008953 -0.125304237 0.0630573928 0.170253038 -0.125249013 0.0685749352 0.175002486 -0.115033217 0.0555924214 0.190012947 -0.114971019 0.0552058592 0.17520003 -0.134524867 0.0533800833 0.175108239 -0.134419248 0.0686024949 0.195836067 -0.134533957 0.0685423315 0.175020412 -0.0967936516 0.061424125 0.17067641 -0.0987052321 0.0578255691 0.166033313 -0.0982919708 0.0639437586 0.167407408 -0.0973171219 0.0593308508 0.174286157 -0.101284862 0.0570182614 0.173072919 -0.124543585 0.0604107715 0.166561529 -0.125292286 0.0601607487 0.174399838 -0.129144475 0.0566937216 0.173220724 -0.126170114 0.0583037809 0.170628533 -0.103195243 0.0573364012 0.166714504 -0.105740204 0.0609897003 0.170455024 -0.103368029 0.0644976273 0.166312382 -0.0957614034 0.0538835563 0.174923941 -0.0956329182 0.0686238334 0.195832089 -0.0955980271 0.0537279323 0.204198048 -0.105088316 0.0687347874 0.189859003 -0.100509666 0.0707325786 0.174032435 -0.105249189 0.0618814528 0.174287796 -0.110312499 0.057415545 0.195799053 -0.134311378 0.0536600165 0.204232574 -0.131741524 0.0581996739 0.166611508 -0.0996778384 0.064867273 0.174418688 -0.1249635 0.0687556043 0.189850688 -0.133177578 -0.0777390823 -0.221873805 -0.136952013 -0.0363109745 -0.180529386 -0.132842034 -0.0352993272 -0.181596711 -0.135786042 -0.0786157101 -0.221477032 -0.130851313 -0.0788410679 -0.221224859 -0.129853606 -0.0368846022 -0.179924086 -0.129608884 -0.0808763057 -0.219134152 -0.130031183 -0.0395683981 -0.177092418 -0.130928919 -0.0827744678 -0.217089102 -0.133872628 -0.0409898125 -0.175592676 -0.133935913 -0.0835130289 -0.216250315 -0.136666402 -0.0824629441 -0.217354283 -0.137337849 -0.0393082574 -0.177366912 -0.137547821 -0.0805088133 -0.219421208 0.133125082 -0.078933239 -0.209420532 0.130755693 -0.079524219 -0.225137889 0.133908585 -0.0876364186 -0.215644702 0.137028605 -0.0727884024 -0.21590811 0.135761231 -0.0861193538 -0.227228552 0.13227877 -0.0754098445 -0.220308602 0.133731499 -0.0857239738 -0.218246266 0.135861367 -0.0888958499 -0.223980397 0.131241202 -0.0879943147 -0.224139333 0.131195247 -0.0887927264 -0.234040469 0.136528507 -0.0796307251 -0.225028485 0.130537525 -0.0839677453 -0.221915558 0.130819783 -0.097030893 -0.227417067 0.136095703 -0.0930010974 -0.228928983 0.13718465 -0.0949980468 -0.232724696 0.160196602 0.0055067623 -0.0121543948 0.182478935 0.0114058461 -0.00855484325 0.192918032 -0.00468658144 -0.0529974364 0.167951778 0.0079823453 -0.00682951836 0.184562132 -0.00578024657 -0.0122738145 0.15674977 0.0165114813 0.0502296984 0.159921527 0.0134286294 0.0432475209 0.175874576 0.0125777889 0.0498386659 0.190810904 -0.00726289488 -0.0601944663 0.190213785 0.00133570714 -0.093432717 0.168477073 -0.0137344645 -0.0661972016 0.156749755 -0.00287536997 -0.0670378357 0.187540635 -0.010201118 -0.068259269 0.182934463 -0.00197094935 -0.0620121062 0.156749934 -0.00920618046 -0.0616380908 0.181079984 -0.00767229265 -0.0605596192 0.165849343 -0.0332967937 -0.0569426455 0.160007179 -0.0280080382 -0.0600293465 0.178068161 -0.0308580697 -0.0620797873 0.162709847 -0.0502296276 -0.0484540984 0.159702629 -0.0485735945 -0.0216865074 0.160818651 -0.0458663665 -0.0258434173 0.160737947 -0.0456159562 -0.0302917771 0.163426936 -0.046117913 -0.0257951003 0.171977103 0.0302228462 0.155608222 0.174062461 0.0348464623 0.173229367 0.172660798 0.0352033116 0.157515496 0.188171655 -0.0104751531 -0.0179543197 0.162083879 -0.0487486795 -0.0200879928 0.162844092 -0.0489145629 -0.0192529429 0.18142128 -0.015572154 0.010645668 0.185868084 -0.0209457744 -0.0495755337 0.168171823 -0.0475685373 -0.0491296202 0.172041833 -0.0492838658 -0.0298538655 0.170320481 -0.0502215549 -0.0490979068 0.171401113 -0.0500775278 -0.0492055155 0.175774977 -0.00849746726 -0.0325044394 0.168828711 0.0292322412 0.160859853 0.171695113 0.0350825228 0.163460001 0.168099761 0.0226770174 0.0985489562 0.171982095 0.0265081711 0.097260505 0.158163831 0.0246445481 0.096387729 0.177917376 0.0221735612 0.149739847 0.173128396 0.0218064487 0.16891861 0.179469436 -0.0164105333 0.0105742784 0.176808283 0.0193213765 0.046040833 0.166821063 0.018243717 0.0460953005 0.194900155 -0.004844171 -0.0525600575 0.184993282 -0.00783023238 -0.0639806539 0.156749994 0.0112849548 -0.0101739746 0.173398972 0.028242521 0.169169396 0.169592693 0.0271037761 0.165314838 0.166003823 0.030473439 0.164817154 0.16760765 0.0345757902 0.173008636 0.162970617 -0.0485196337 -0.0469245613 0.158694133 -0.0493138954 -0.0192278605 0.169377819 0.0356711298 0.172743767 0.174307391 0.03088478 0.162057534 0.173767447 0.0320100114 0.16620484 0.133177385 -0.0855810121 -0.217688814 0.136952028 -0.0420757718 -0.178536028 0.132842228 -0.0430874564 -0.177468553 0.135787249 -0.0852332264 -0.218595996 0.130846471 -0.0849941596 -0.218853369 0.129853621 -0.0415021889 -0.179141149 0.129592896 -0.0830039605 -0.220934957 0.130031183 -0.0388183482 -0.181972936 0.130941361 -0.0810848475 -0.222983539 0.133872688 -0.037396919 -0.183472648 0.134034768 -0.080284968 -0.223760366 0.136617333 -0.0812951773 -0.222694561 0.137337863 -0.0390785225 -0.181698367 0.137535989 -0.0833326355 -0.220497325 0.128560573 0.00655929092 -0.141177595 0.133401588 0.00676192855 -0.126203686 0.130794808 0.0159536451 -0.134651914 0.130975291 0.0190338679 -0.116915315 0.13570413 0.0141010135 -0.122618712 0.131563067 0.0140390415 -0.123146959 0.136654124 0.0129213687 -0.130086988 0.137667298 0.00185225683 -0.136209533 0.135805324 0.0172361694 -0.128934652 0.134400964 0.0100148497 -0.139132366 0.136416301 0.0159096476 -0.134704322 0.131246641 0.000721744844 -0.135017022 0.133515328 0.00932167936 -0.12810266 0.131285727 0.025602676 -0.126570061 0.13635017 0.0262260549 -0.125025973 0.136106417 0.0194323435 -0.116739698 0.136095703 0.0231930241 -0.124729127 -0.132801369 -0.0668883771 -0.198874503 -0.140321434 -0.0474477001 -0.18740505 -0.129870906 -0.049490042 -0.185250148 -0.129460156 -0.0608108044 -0.205286995 -0.134746581 -0.0440826677 -0.193862915 -0.126792312 -0.0501843095 -0.187425032 -0.135952026 -0.0530215278 -0.184431463 -0.138780028 -0.0626031458 -0.203395873 -0.139920771 -0.0492835492 -0.188375428 -0.134410068 -0.0433046781 -0.191776395 -0.125744909 -0.0467403717 -0.18815136 -0.133306518 -0.0525963455 -0.181972638 -0.127095699 -0.0832084417 -0.225539237 -0.127095699 -0.0871145576 -0.228996918 -0.127095699 -0.0874590278 -0.229394704 -0.119960502 -0.0598920211 -0.143371686 -0.189821795 -0.0788777694 -0.210650235 -0.192691356 -0.0986136347 -0.20894973 -0.159796208 -0.0969626307 -0.206153542 -0.106535897 -0.0472892374 -0.154747844 -0.137978271 -0.0768412575 -0.204092562 -0.130595714 -0.0841878951 -0.224822789 -0.12868084 -0.0769008026 -0.183386758 -0.12911433 -0.0829723477 -0.182458863 -0.093150638 -0.0622364432 -0.147339329 -0.100280948 -0.0538685806 -0.162669569 -0.107811019 -0.0550322831 -0.164640635 -0.105271526 -0.0680301338 -0.157151878 -0.107937589 -0.0677791908 -0.156726867 -0.139655933 -0.091453068 -0.237400576 -0.127095699 -0.0867243782 -0.228242323 -0.179848403 -0.0795997828 -0.219830155 -0.158966094 -0.0789918453 -0.218987882 -0.177581996 -0.0902610198 -0.203782439 -0.138438106 -0.0994420201 -0.210352823 -0.128095731 -0.0980180204 -0.242314607 -0.126793578 -0.0311897211 -0.119687356 -0.106081419 -0.0539469235 -0.162802309 -0.127098769 -0.0690692589 -0.188414454 -0.126815304 -0.0828816071 -0.182305187 -0.130595714 -0.0847235844 -0.224256665 -0.18675001 -0.0974773094 -0.242863238 -0.129871726 -0.0526991673 -0.180667102 -0.125128865 -0.0492180325 -0.185286269 -0.126760647 -0.0519258417 -0.183162495 -0.142683387 -0.0734631419 -0.21020861 -0.140262708 -0.0767328888 -0.206784129 -0.136480927 -0.0784038305 -0.205041721 -0.134770542 -0.0532371476 -0.180518851 -0.142093569 -0.0491044112 -0.184227258 -0.140154228 -0.0516166203 -0.182677999 -0.124480747 -0.0603992976 -0.202450708 -0.128782541 -0.0571583994 -0.207184315 -0.124535501 -0.0607952774 -0.203379139 -0.125881329 -0.0656074435 -0.19780983 -0.12603271 -0.0648424029 -0.197147131 -0.129633725 -0.0668973625 -0.194995716 -0.127476498 -0.0409724228 -0.191129789 -0.134976298 -0.0402807295 -0.192878455 -0.127689406 -0.0414781123 -0.191923127 -0.124725975 -0.0455512628 -0.186740503 -0.126751766 -0.0499313474 -0.181067273 -0.126249716 -0.0502145924 -0.182060093 -0.14265646 -0.0617542379 -0.198867694 -0.142790705 -0.0599090308 -0.201545462 -0.140991136 -0.0568464175 -0.203280985 -0.13298434 -0.0519351102 -0.179462701 -0.130023405 -0.0536762998 -0.205334082 -0.137081712 -0.0546041206 -0.205597505 -0.130332589 -0.0541522466 -0.206095934 -0.125069275 -0.0575501509 -0.200822204 -0.142335653 -0.0424298048 -0.18767187 -0.141094685 -0.0488878675 -0.182170138 -0.142645955 -0.0447928347 -0.186747491 -0.139149427 -0.0403310545 -0.19117178 -0.134460032 -0.038542036 -0.191707283 -0.133403674 -0.064943105 -0.19117786 -0.127280682 -0.0633484423 -0.193942517 -0.132849053 -0.0656799823 -0.191788495 -0.140131906 -0.0624945723 -0.193157628 -0.140592694 -0.0630600229 -0.193940818 -0.142914385 -0.0576515123 -0.197786257 -0.142534137 -0.0571951158 -0.199320227 -0.139548704 -0.0534639545 -0.202290937 -0.140704975 -0.0379343741 -0.186105758 -0.141533524 -0.0395047106 -0.185593158 -0.140694752 -0.0378320292 -0.186185434 -0.141013533 -0.0397192538 -0.188088253 -0.142358854 -0.0452767648 -0.183422983 -0.14106366 -0.0404438153 -0.188693777 -0.134826586 -0.0378822163 -0.190588698 -0.141242906 -0.0689016655 -0.214863718 -0.133445904 -0.0658154786 -0.217892125 -0.130991563 -0.0624024794 -0.189479351 -0.132286683 -0.063096635 -0.189916417 -0.137538552 -0.0618679039 -0.190101236 -0.125069484 -0.0694065168 -0.213666394 -0.125060529 -0.074144952 -0.208671167 -0.130159393 -0.0779707208 -0.204413131 -0.131508872 -0.0493283309 -0.176652148 -0.125539273 -0.0462131687 -0.181060344 -0.12854436 -0.0489684157 -0.178496316 -0.134521127 -0.0499134138 -0.177353024 -0.139136642 -0.0480506793 -0.178430915 -0.137880683 -0.0773562863 -0.204865247 -0.142826989 -0.0437886044 -0.182157561 -0.142375305 -0.0451992266 -0.181840315 -0.124259993 -0.0541561842 -0.1946394 -0.128159121 -0.0502404198 -0.199889392 -0.124240726 -0.0547362939 -0.195320562 -0.140869975 -0.0757895187 -0.207201928 -0.140241042 -0.0670297667 -0.215225726 -0.142468765 -0.0725951493 -0.210379109 -0.140871137 -0.0683613718 -0.215246603 -0.126905903 -0.0586693175 -0.190071017 -0.140566558 -0.038638182 -0.187117785 -0.140927196 -0.0393602885 -0.187790662 -0.136230335 -0.0368841887 -0.189233184 -0.134862646 -0.0656704232 -0.217089817 -0.125406608 -0.0392417163 -0.185954556 -0.132040113 -0.0367655493 -0.189494938 -0.12734209 -0.0385635644 -0.188172475 -0.124357544 -0.0429504439 -0.182836741 -0.142113477 -0.0512129441 -0.195275158 -0.142257884 -0.0552130416 -0.192161039 -0.142224371 -0.0516129024 -0.196243227 -0.137651682 -0.0478818193 -0.199146256 -0.132215783 -0.0464956649 -0.19938013 -0.131188378 -0.0473977476 -0.199735239 -0.126290515 -0.0494691059 -0.196357384 -0.136280686 -0.0361523554 -0.188719407 -0.129401147 -0.0364128835 -0.187587634 -0.133547783 -0.0360456444 -0.189214498 -0.127229869 -0.0375873111 -0.187348992 -0.142214984 -0.0683663934 -0.211803168 -0.140815318 -0.0670637563 -0.213961422 -0.134772569 -0.0641402155 -0.215910956 -0.125759736 -0.0668461695 -0.213123962 -0.130079374 -0.0639050454 -0.215049282 -0.125365332 -0.0668872371 -0.211495191 -0.125473514 -0.0726004764 -0.205279484 -0.126927838 -0.0743932649 -0.204317823 -0.133329928 -0.0756412596 -0.201654926 -0.131560907 -0.0563777424 -0.183352992 -0.125830561 -0.0536073633 -0.187333345 -0.129011184 -0.0562448278 -0.185063526 -0.139907986 -0.0636536479 -0.211891562 -0.141814381 -0.0663828105 -0.210207999 -0.137711287 -0.0629765689 -0.213756353 -0.132480025 -0.0618291497 -0.213675112 -0.133961976 -0.05706954 -0.18395716 -0.138426796 -0.0552959405 -0.184670746 -0.137818456 -0.0441322401 -0.195148259 -0.142496452 -0.0475210696 -0.191465497 -0.142463729 -0.0480417125 -0.1923002 -0.141509101 -0.0528380387 -0.186990902 -0.126185194 -0.0642384514 -0.210440516 -0.124336235 -0.0688584745 -0.205762193 -0.124464482 -0.0683116689 -0.204904243 -0.128437519 -0.07197804 -0.200791642 -0.124367997 -0.0476902761 -0.189968035 -0.128751159 -0.0440563411 -0.194558114 -0.124176368 -0.048611708 -0.190237701 -0.14255029 -0.0678347349 -0.202993646 -0.139321968 -0.071420595 -0.20038031 -0.142618939 -0.0670974255 -0.204998598 -0.141736761 -0.0635160655 -0.207696691 -0.126395211 -0.0523519665 -0.184936494 -0.127520636 -0.059908092 -0.209082156 -0.13392517 -0.0591441579 -0.210865155 -0.130257577 -0.059763182 -0.210850447 -0.124858119 -0.0629574656 -0.206087247 -0.142467007 -0.0636223108 -0.202221543 -0.139777049 -0.0682339817 -0.19754602 -0.139905408 -0.068847537 -0.198199123 -0.126871213 -0.0431187339 -0.191746026 -0.133490533 -0.0413117409 -0.194431543 -0.12887159 -0.0425245166 -0.193973646 -0.132858887 -0.0701863021 -0.196848676 -0.12497279 -0.0460231081 -0.189314216 -0.135503322 -0.0790419951 -0.204750568 -0.13905786 -0.0783582032 -0.205942705 -0.142016575 -0.0758710131 -0.208566874 -0.143128648 -0.0718981102 -0.212759033 -0.141181529 -0.0690813586 -0.215731218 -0.130317524 -0.0719931722 -0.215564981 -0.133613676 -0.0853199139 -0.213851616 -0.130954355 -0.0772197545 -0.223404408 -0.130537525 -0.0818732232 -0.220036373 -0.131192535 -0.0759403929 -0.208492652 -0.136810958 -0.0803644881 -0.220434964 -0.139442727 -0.0727225095 -0.211887091 -0.135788113 -0.0875188932 -0.221640706 -0.133594885 -0.0835958123 -0.216403857 -0.136230797 -0.0772020593 -0.223435149 -0.131237715 -0.0858227089 -0.222266093 -0.131070942 -0.0815089494 -0.22206296 -0.133670583 -0.0850135013 -0.227988869 -0.136414677 -0.0871018916 -0.232375845 -0.13075 -0.0942645967 -0.2246539 -0.133609623 -0.0944630504 -0.232136562 -0.0429933555 0.0449986942 0.140044495 -0.0399666652 0.0465404578 0.13909936 -0.041406177 0.0469991714 0.146687403 -0.152937368 0.011512883 0.172764316 -0.148948997 0.00922547001 0.173015624 -0.152934298 0.00678412477 0.173893005 0.12696062 0.0304991696 0.21856375 0.128836066 0.0367283411 0.213297203 0.13590312 0.022078475 0.200618505 -0.0570301786 0.0469991714 0.204564154 -0.058232069 0.0449976623 0.201833338 -0.0598258674 0.0473730043 0.209567741 -0.134847894 0.0369991697 0.200336471 -0.145480067 0.0275809225 0.225732714 -0.144052446 0.0294621252 0.217581913 -0.0522310063 0.051972948 0.163640246 -0.0431181565 0.0519993603 0.139044613 -0.0373051576 0.0513325818 0.138447389 0.153997943 0.0403756052 0.195964336 0.153949007 0.0111022564 0.173318878 0.152448997 0.0110457093 0.172886178 -0.0120899072 0.0283203162 0.224115655 -0.0259637292 0.0158822257 0.240627512 0.0287565496 0.0161347538 0.24016495 0.0521674491 0.04449917 0.224047899 0.0482339598 0.0379991718 0.220810995 0.0518839881 0.0498015992 0.211996391 -0.0785500705 0.0512812212 0.203538746 -0.10707432 0.0359165743 0.197602585 -0.126258403 0.0449991301 0.192031011 -0.105548196 -0.0218064301 0.183711022 -0.102426447 -0.000882966211 0.208846092 -0.0840566605 -0.00319249975 0.20700635 0.0160448123 0.00759276049 0.247740731 0.00443396159 0.0114954319 0.232937172 0.011508733 0.032568004 0.170666456 -0.000793387648 0.0296680517 0.170971632 -0.000309228722 0.0356322229 0.192125529 -0.0575772598 0.0402938128 0.248888686 -0.148977354 0.0322937556 0.229451433 -0.0537980832 0.0357338414 0.247049794 0.021400433 0.0384443998 0.126754582 -0.00852359924 0.04386108 0.158918098 -0.0180847291 0.0345528163 0.13226974 -0.151131913 0.031116372 0.197529882 -0.0103195151 0.0278899726 0.169928402 -0.00769270072 0.029001439 0.16674988 0.0416022614 0.0459465422 0.145990789 0.0431510173 0.0519993156 0.138906568 0.0400333367 0.0465547293 0.13909936 -0.00699046394 0.0313946828 0.164863512 -0.00702150166 0.0365895033 0.164758474 0.148948997 0.0074424115 0.176331192 0.152934298 0.00683535263 0.173867747 0.133793846 0.036688529 0.210374936 0.150148585 0.0350576937 0.216661766 0.148810878 0.032103546 0.228180751 -0.00259911572 0.0327470154 0.167467192 -0.00408388535 0.0112429429 0.232894033 -0.0724161491 0.00803635083 0.23953104 0.0170051232 0.014397352 0.239964858 0.0656841248 0.0414377637 0.207487077 0.162935883 0.0413144454 0.234112442 0.152792811 0.0511499941 0.237454429 0.0295550544 0.0410786942 0.124052629 0.0289364029 0.0465182588 0.128206462 0.0294567235 0.0426669531 0.123135522 0.0579874925 0.0469991714 0.203842163 0.0596421249 0.0477908403 0.209797353 0.0598804876 0.0449969061 0.201385066 -0.134163171 0.051999364 0.19399865 -0.12995407 0.0463431738 0.192646235 0.140775979 0.0118869962 0.22240971 0.151973054 -0.0117102703 0.161545739 0.152445242 -0.0131949075 0.161518633 0.0575623363 0.0402613245 0.248856038 0.0535411611 0.0337488577 0.245645106 0.00506816711 0.0311287865 0.16509974 0.00675160531 0.0373735763 0.167102069 -0.00552235497 0.0463968478 0.161816567 -0.00656597549 0.0400142297 0.159939766 -0.000885992195 0.0430362746 0.162677154 0.154944599 0.0373875797 0.23160103 0.0599596426 0.0483212769 0.252696067 -0.0312399436 0.0436548367 0.122565255 -0.0289117396 0.0465432554 0.128308281 -0.0260214917 0.0425686166 0.123479053 -0.029070003 0.0393136665 0.125071377 -0.00174343889 0.0466028415 0.214249849 -0.153861731 -0.0131964898 0.161621213 -0.148948997 0.00736188795 0.176364809 0.0105648534 0.0355545059 0.21052587 -0.12696062 0.0435213931 0.21856375 -0.0765344128 0.0375796221 0.217233926 -0.0278738718 0.0499991588 0.119237453 0.0307429172 0.051008001 0.118207291 -0.130608782 0.0392394327 0.213521689 -0.142742112 0.0453924723 0.217735201 -0.130608782 0.0325965732 0.213521689 -0.150379404 0.034992639 0.216683462 -0.0307628959 0.0446577892 0.128914446 -0.0395727679 0.0232759733 0.213726535 -0.0493029654 0.0295046996 0.241901755 -0.0460848622 0.0350446254 0.21789515 -0.0160441622 0.00757837435 0.247770235 -0.0298381224 0.0425024256 0.123230539 -0.0301580243 0.0524133518 0.120098583 0.0362573415 0.050908763 0.132096827 -0.0209457558 0.0473684035 0.122554407 -0.0170051139 0.014397325 0.239964768 -0.065123558 0.0427360833 0.206128523 -0.0291143823 0.0410276279 0.124082059 -0.028030768 0.0421398617 0.123439901 -0.153949007 0.0105430633 0.174760744 -0.153949007 0.00966596883 0.176940262 -0.153949007 0.00806747843 0.174750671 -0.142515332 0.0316767097 0.233834684 -0.155086935 0.050296884 0.237501532 -0.0599743165 0.0483951569 0.252654761 -0.154948607 0.0374223106 0.231617853 0.130317867 0.0449980386 0.189564258 0.13178882 0.0461312458 0.198317006 -0.0088217929 0.0478532203 0.162298754 0.00104485976 0.0452458821 0.15269205 0.0083175078 0.0305687916 0.165739641 -0.0384360775 0.0457816049 0.14676711 -0.0349327177 0.044999145 0.139842793 -0.0399720371 0.0474350899 0.149907902 -0.000354296848 0.00675411522 0.231724024 -0.000451680884 0.00947603211 0.22911495 -0.00113085192 0.00786323659 0.233645111 -0.143036529 0.0503310151 0.194562256 -0.0620125085 0.0469991714 0.203842163 0.0366652235 0.046043545 0.144025654 0.0392281003 0.0465824232 0.149777099 0.0435649678 0.0449991971 0.138339862 0.101814598 0.02985516 0.199935585 0.12846832 0.0469991714 0.19912149 0.0629698262 0.0469991714 0.204564154 0.0841425881 0.051307153 0.201335385 0.0469215475 0.0519793592 0.178556159 0.130045921 0.0463431738 0.192646235 -0.0801575109 -0.00419638027 0.207194835 -0.0752700046 -0.00273709605 0.210631147 -0.0162310936 0.00633085752 0.229218319 0.0960406289 0.00015789106 0.223564833 0.0927321911 -0.0305305533 0.173562318 0.0840566605 -0.00319249928 0.207006365 0.148948997 0.0111400113 0.17683062 0.0280309618 0.0421401709 0.123439714 0.0309300758 0.044737421 0.128868461 0.0312382746 0.0436555929 0.122564778 0.152448997 -0.0132102696 0.167687401 0.152449012 -0.0131665803 0.167720482 0.029070003 0.0393136702 0.125071377 0.0260229148 0.0425732434 0.123488143 0.16664508 0.0414741151 0.196002975 0.143909812 0.0294830911 0.217552438 0.148948997 0.00918026734 0.173202798 0.153949007 0.00843159761 0.174252257 0.142525449 0.0316687226 0.233843297 -0.162895441 0.0413324833 0.234102264 -0.0505575128 0.0314607099 0.242839843 -0.0731843263 0.0293129291 0.250582308 0.0542205609 0.0502646454 0.211474732 -0.148948997 0.0111782243 0.176532939 -0.00173970195 0.0420014299 0.160733789 0.0781497583 -0.00256113382 0.2073147 0.0764999986 -0.00395726506 0.200000003 0.153949007 0.00966527965 0.177032873 0.0779062435 -0.00167824118 0.208858043 0.0782010928 -0.00317824213 0.208814681 0.0238408893 0.0122330915 0.229648992 -0.0799371675 0.0479728542 0.207827836 0.142436102 0.0454581752 0.217735454 0.128836066 0.0432542711 0.213297203 0.0505010411 0.0432991683 0.212190703 0.0798751563 0.0434803031 0.225397393 0.0763247907 0.0302003659 0.216876045 0.0470898338 0.0369991735 0.212670207 0.0773697495 0.0364913605 0.22271356 0.1256392 0.04449917 0.201630801 0.0395727679 0.0232759714 0.21372655 0.043678619 0.0304991696 0.213149622 0.076854907 0.0483815223 0.208631784 0.0762807801 -0.00349486852 0.21261403 0.0443004593 0.0314991698 0.217574194 0.0493029766 0.0295046885 0.241901711 0.00494467327 0.0413368829 0.159184724 -0.14772889 0.0380287208 0.237658769 -0.166645482 0.0414723866 0.196002901 0.00784264598 0.0405011401 0.160031796 0.0801575109 -0.00419638166 0.207194835 -0.074161239 -0.00853937771 0.203778997 -0.0782010928 -0.00317824143 0.208814681 0.147733748 0.0380241647 0.237667128 -0.043678619 0.0304991696 0.213149622 -0.152448997 -0.0132102696 0.167687297 -0.121638328 0.0104724234 0.233895957 -0.0521674491 0.04449917 0.224047899 -0.0572924837 0.0396063253 0.211671174 -0.0798751563 0.0369991735 0.225397393 -0.0773697495 0.0310309175 0.22271356 -0.0633589402 0.0313218758 0.248862267 -0.131902263 0.0207807999 0.201280475 -0.0518843234 0.0498017259 0.211996347 0.0731869563 0.0293168258 0.250586122 0.00595952757 0.0376016088 0.13909243 -0.0779062435 -0.00167824014 0.208858028 0.153957367 -0.0132342335 0.167529166 -0.0688510984 0.00369202183 0.225157142 0.14226459 -0.0763296261 0.210826918 0.139203802 -0.0794932172 0.207998663 0.135602564 -0.0806144178 0.206860319 0.141930565 -0.0715657771 0.216182694 0.14218767 -0.0510513149 0.185870394 0.134770438 -0.0552789904 0.18245399 0.140154064 -0.0536585599 0.184612796 0.124648005 -0.062757425 0.204585105 0.128632098 -0.0591453724 0.208985299 0.126103118 -0.0610794872 0.207603276 0.142885372 -0.0481658578 0.189947516 0.141004667 -0.0442844033 0.192394227 0.126032889 -0.0668841302 0.199081734 0.125881732 -0.0676492006 0.199744463 0.136827171 -0.0425204486 0.194717288 0.129633665 -0.068938911 0.196930587 0.127476007 -0.0430144519 0.193064496 0.127864435 -0.0433800146 0.193959743 0.124725834 -0.047593493 0.188675091 0.126775607 -0.0519971885 0.182982206 0.12641646 -0.0524542257 0.183774173 0.133713037 -0.0537728071 0.18124342 0.142335877 -0.0444730669 0.189606234 0.141094804 -0.050929796 0.184105396 0.14264597 -0.0468345024 0.188682511 0.139149189 -0.0423727147 0.193107083 0.134462476 -0.040584337 0.193642437 0.133403599 -0.066984877 0.193113238 0.127280474 -0.0653901249 0.195878014 0.1328471 -0.067721054 0.193723768 0.140131712 -0.0645364001 0.195092574 0.140593663 -0.0651005432 0.195876822 0.142914459 -0.0596931502 0.199721068 0.142533734 -0.0592359155 0.201255903 0.139548838 -0.0555059537 0.204225838 0.140705004 -0.03997536 0.188040167 0.141535088 -0.0415476933 0.187526017 0.140701413 -0.0399611257 0.188034475 0.141013935 -0.0417616889 0.190022916 0.142358884 -0.0473195538 0.185357124 0.141063929 -0.0424856357 0.190628633 0.134828836 -0.0399240181 0.192523643 0.133445725 -0.0678574666 0.219827086 0.131279111 -0.064524509 0.191271439 0.132287264 -0.065138191 0.191851348 0.137711614 -0.0639189333 0.192203343 0.124637626 -0.0435040928 0.18754375 0.130096614 -0.0401084386 0.191845581 0.124655999 -0.0440031886 0.188296378 0.125069469 -0.0714478642 0.215601414 0.125059769 -0.0761850774 0.210606247 0.125967741 -0.0487749465 0.182462454 0.130160466 -0.0800134614 0.206350029 0.136695296 -0.0800494775 0.206753388 0.14083302 -0.0489899144 0.180741876 0.133943394 -0.0514640659 0.179042548 0.14125441 -0.0494454615 0.181646988 0.142073095 -0.0422962643 0.187811628 0.140241146 -0.0690709874 0.217160642 0.142468914 -0.0746364072 0.212314114 0.140871361 -0.0704032257 0.217181653 0.124758877 -0.0575063378 0.195284158 0.128738642 -0.0624452606 0.190587401 0.128711209 -0.0617235899 0.190020904 0.140927076 -0.04140196 0.189725623 0.136231005 -0.0389246941 0.191167057 0.134863675 -0.0677120388 0.219024748 0.136317089 -0.0619859397 0.189626366 0.125406712 -0.0412834287 0.187889695 0.132040396 -0.0388066657 0.191429496 0.127341896 -0.0406052731 0.19010739 0.124357425 -0.0449922942 0.18477194 0.142113462 -0.0532544553 0.197210222 0.142257884 -0.0572545044 0.194096148 0.14222376 -0.0536539964 0.198178664 0.137652129 -0.0499236025 0.201080993 0.132215485 -0.0485376455 0.201315045 0.13118802 -0.0494395792 0.201670304 0.126290888 -0.0515102223 0.198292792 0.138475567 -0.0391948707 0.189935327 0.1304304 -0.0601261221 0.187547207 0.12554273 -0.0571485758 0.191564694 0.128564358 -0.0602846108 0.188725933 0.142215103 -0.0704082623 0.213737652 0.140816033 -0.0691062883 0.215895474 0.136610985 -0.0665321946 0.21716547 0.130078018 -0.0659487098 0.216984227 0.133153141 -0.0664471537 0.218086109 0.125759453 -0.0688881353 0.215060294 0.125365317 -0.0689287335 0.213430151 0.124952503 -0.073095791 0.209033802 0.128878042 -0.0767755583 0.204136029 0.126927406 -0.0764354244 0.206252858 0.132279336 -0.0780227706 0.204024121 0.138599768 -0.0764185339 0.20403567 0.138896421 -0.0768978372 0.204794705 0.142488331 -0.0718786493 0.20902957 0.127102926 -0.0569564775 0.187233403 0.124721251 -0.0527048074 0.192676812 0.127076551 -0.05770633 0.187786564 0.139908329 -0.0656954199 0.213826343 0.14194122 -0.0685510039 0.211797222 0.137709498 -0.0650176033 0.21569173 0.133729637 -0.0585145094 0.185736939 0.132571921 -0.0634050891 0.215483516 0.131450579 -0.0644222498 0.215790346 0.126184627 -0.066280663 0.212374285 0.142276287 -0.0497008562 0.193838686 0.141706437 -0.0544527285 0.189035997 0.142942116 -0.0523675792 0.192086592 0.124336362 -0.0708999112 0.207697079 0.124464594 -0.0703534856 0.20683901 0.128433079 -0.0740178674 0.202728674 0.132782713 -0.0751860961 0.201543719 0.139612705 -0.0738139972 0.202635437 0.137764022 -0.0739030838 0.20146814 0.142550498 -0.0698757991 0.204928651 0.124368347 -0.0497312732 0.19190374 0.128753155 -0.0460974313 0.196494013 0.124176458 -0.0506535619 0.192172095 0.142618924 -0.0691386759 0.206933931 0.141736984 -0.06555783 0.209631309 0.126394659 -0.0543930642 0.186871722 0.131830633 -0.0607019253 0.212721661 0.138549864 -0.0625534505 0.211975574 0.131954312 -0.0613756701 0.213447079 0.126175612 -0.0636574998 0.20960027 0.126871362 -0.0451598912 0.193681076 0.13349016 -0.043353308 0.196366698 0.128871605 -0.0445663333 0.195908993 0.124970198 -0.0480645522 0.191235647 0.133582547 -0.0381053165 0.19086872 0.127004012 -0.0396988764 0.189349607 0.127246737 -0.0395098366 0.188511789 0.124833196 -0.0439539254 0.184098795 0.140013158 -0.0703145489 0.218518466 0.136292517 -0.0688195527 0.220096022 0.132737622 -0.0687428117 0.220177159 0.135499537 -0.0810848475 0.206684843 0.141051233 -0.0794229358 0.208907217 0.14303486 -0.0755486041 0.212995768 0.139249846 -0.0828331411 0.21911183 0.093150638 -0.0622364171 0.147339359 0.145561278 -0.0978498608 0.207656384 0.151195407 -0.0789088309 0.209750608 0.158966094 -0.0789918602 0.218987867 0.179848403 -0.0795997828 0.219830155 0.119960502 -0.0598919913 0.143371701 0.177581996 -0.0902610198 0.203782439 0.106535889 -0.0472892746 0.154747874 0.127095699 -0.0868598446 0.228573799 0.133095711 -0.090551354 0.236235619 0.127751946 -0.0986211598 0.240169302 0.101252325 -0.0560899526 0.166431859 0.107728481 -0.0542513728 0.163318053 0.107330769 -0.0604057871 0.16207777 0.114762872 -0.0749315992 0.168840736 0.189821854 -0.0788778365 0.210650355 0.192691356 -0.0986136496 0.208949715 0.14442955 -0.0910956711 0.238163039 0.130595714 -0.0845170692 0.224255085 0.127095699 -0.0866648406 0.228049606 0.127095699 -0.0832084417 0.225539237 0.18675001 -0.0974773094 0.242863238 0.126793578 -0.0311897211 0.119687356 0.128295705 -0.0946313515 0.243783459 0.127098769 -0.0690692589 0.188414454 0.128369182 -0.0747616142 0.187997594 0.126815304 -0.0828816369 0.182305172 0.129207194 -0.0691989064 0.188634083 0.134826168 -0.0815059468 -0.206685826 0.139567703 -0.0801671147 -0.208206728 0.135239393 -0.0686726347 -0.219511628 0.131874084 -0.0812252238 -0.207010418 0.131696567 -0.0813154653 -0.206872076 0.127421662 -0.079483211 -0.208506301 0.124800816 -0.0734100491 -0.214654356 0.12493597 -0.0767673478 -0.211139947 0.139699474 -0.0492470227 -0.179600418 0.142401621 -0.0454855449 -0.183168337 0.140822485 -0.0478392765 -0.179741815 0.140640557 -0.0706738234 -0.218384132 0.136391327 -0.0692590177 -0.22035341 0.142668337 -0.0773141459 -0.211319715 0.14267911 -0.0660451949 -0.202962294 0.14209795 -0.0679798946 -0.202081293 0.142231703 -0.0639647767 -0.20641534 0.137155995 -0.0705375001 -0.197558254 0.139491141 -0.0706626922 -0.199236095 0.132845744 -0.0709895641 -0.197127387 0.131239787 -0.0570198186 -0.208545417 0.135089234 -0.057364922 -0.208917364 0.128000602 -0.0590661913 -0.207840025 0.132309362 -0.038379956 -0.190926239 0.137226254 -0.0388971791 -0.190369681 0.134731278 -0.0387622491 -0.191577703 0.135954186 -0.057670828 -0.184877589 0.131014705 -0.0574877933 -0.184908643 0.133579671 -0.0585066639 -0.184985906 0.127089337 -0.0702106059 -0.21756123 0.140763491 -0.0477757342 -0.179857105 0.125771075 -0.0471846312 -0.193911642 0.125821203 -0.047996074 -0.19476071 0.124652073 -0.0513440706 -0.190740436 0.134789079 -0.0498771407 -0.177365422 0.134493291 -0.0510408133 -0.177891195 0.130869478 -0.0450807661 -0.196702227 0.125749484 -0.0417102501 -0.186799541 0.12458685 -0.0434110761 -0.185334161 0.125041798 -0.0458997302 -0.182407498 0.142560497 -0.0757072195 -0.211733148 0.1404479 -0.0785500184 -0.208386317 0.135991931 -0.0682717338 -0.21897912 0.136636809 -0.0803364962 -0.206551 0.132040873 -0.0806227401 -0.206225693 0.127303407 -0.0789892897 -0.207793072 0.139062211 -0.0699642971 -0.218639925 0.142101735 -0.0725311264 -0.215242401 0.124785133 -0.0759517103 -0.210970387 0.124747053 -0.0726780221 -0.214163527 0.127944037 -0.0691174939 -0.217968076 0.125605568 -0.0440738387 -0.190022394 0.12429218 -0.046317447 -0.186464697 0.127250656 -0.0414934382 -0.190956026 0.13925153 -0.0689795315 -0.217644125 0.140906647 -0.0708670467 -0.216844246 0.142489463 -0.0752608702 -0.211861536 0.142487735 -0.0732654557 -0.214329705 0.124587514 -0.0504790619 -0.187504753 0.12466687 -0.0491980389 -0.189811215 0.126406386 -0.0533719808 -0.1854541 0.128638476 -0.0511498936 -0.180244178 0.136202067 -0.0518790409 -0.17959246 0.132218361 -0.0517815799 -0.178794503 0.124842465 -0.0750575215 -0.210749492 0.127787322 -0.0792042688 -0.207396686 0.128185943 -0.0785723329 -0.206428856 0.141948774 -0.0624257885 -0.196109474 0.140457913 -0.0643413514 -0.195118323 0.142636538 -0.0601354092 -0.199985445 0.12913537 -0.0647252724 -0.192310929 0.131641686 -0.0663054883 -0.192629114 0.135920286 -0.0659143105 -0.19271493 0.125730678 -0.0625845194 -0.195380956 0.127599239 -0.0683474317 -0.216638878 0.131498396 -0.0674651861 -0.218263686 0.125836611 -0.0703753754 -0.215606302 0.129160568 -0.0535116978 -0.203747645 0.126053169 -0.0557496138 -0.202321857 0.124986537 -0.0569610074 -0.200296208 0.138103575 -0.0673627406 -0.217013001 0.140951306 -0.0697181076 -0.216009289 0.13629964 -0.067635335 -0.218227163 0.141701132 -0.0698753446 -0.214310721 0.142512381 -0.0735491738 -0.210984781 0.138524979 -0.0526104718 -0.202830389 0.135829046 -0.0527174808 -0.204591751 0.132696763 -0.0520671792 -0.204170659 0.141769797 -0.0556979105 -0.201001182 0.142126173 -0.0554029234 -0.19957903 0.13325429 -0.0801471025 -0.205865636 0.142219886 -0.0597329587 -0.19540225 0.124499433 -0.0712289363 -0.210860342 0.12434864 -0.0723215714 -0.211013019 0.126395866 -0.0761739388 -0.207006857 0.126373872 -0.068220742 -0.21417965 0.131568462 -0.0648813695 -0.216271251 0.130206317 -0.0662192777 -0.216749907 0.13590318 -0.0658581182 -0.217007399 0.14156799 -0.0446383432 -0.190388963 0.142524377 -0.0479413085 -0.186817974 0.142580584 -0.0466628782 -0.189262986 0.138594955 -0.065766193 -0.215160206 0.141316816 -0.067953743 -0.21323739 0.142655745 -0.0712508783 -0.208337352 0.142901123 -0.0717860833 -0.209488437 0.140514612 -0.0746615902 -0.205017596 0.124546371 -0.0488193668 -0.185572252 0.127009034 -0.0512298383 -0.182327002 0.136324391 -0.0764935911 -0.20296368 0.130879194 -0.0760137662 -0.202110797 0.132409409 -0.0771957561 -0.202766389 0.1267149 -0.0740292594 -0.204344898 0.129751176 -0.0610472038 -0.188881889 0.127353296 -0.0594306737 -0.189423963 0.125219122 -0.0584700517 -0.192007631 0.125033319 -0.0568854809 -0.191480443 0.124801412 -0.0537304915 -0.19545868 0.14281036 -0.0676458851 -0.206723034 0.142477408 -0.0702929944 -0.205284908 0.141625136 -0.0658468083 -0.210104108 0.141615331 -0.0706625357 -0.203228176 0.138258636 -0.0731359571 -0.200938031 0.12504746 -0.0690444186 -0.202643141 0.124708861 -0.0683692843 -0.204607561 0.128148124 -0.0723114535 -0.200831711 0.130104989 -0.041237656 -0.192912027 0.128050387 -0.0491665602 -0.179000214 0.132351503 -0.0403838977 -0.192757711 0.132279307 -0.0685680285 -0.219780251 0.143136621 -0.0744996369 -0.214103431 0.13540405 -0.0685598776 -0.219991937 0.135246664 -0.0692774653 -0.219383508 0.126650468 -0.0474072769 -0.180179283 -0.0829999968 0.0529991686 0.0830569789 0.0829999968 0.0529991686 0.0830569789 0.0829999968 0.0489991717 0.0830569789 -0.0829999968 0.0489991717 0.0830569789 0.0829999968 0.0489991717 0.0840569884 0.0829999968 0.0529991686 0.0840569884 -0.0829999968 0.0529991686 0.0840569884 -0.0829999968 0.0489991717 0.0840569884 -0.0608578585 0.0529991686 -0.163000003 0.0608578585 0.0529991686 -0.163000003 0.0608578585 0.0529991686 -0.164000005 -0.0608578585 0.0529991686 -0.164000005 0.0608578585 0.0489991717 -0.164000005 -0.0608578585 0.0489991717 -0.164000005 -0.0608578585 0.0489991717 -0.163000003 0.0608578585 0.0489991717 -0.163000003 0.0837071091 0.0489991717 -0.141564995 0.0837071091 0.0529991686 -0.141564995 0.0615649708 0.0529991686 -0.163707107 0.0615649708 0.0489991717 -0.163707107 -0.0829999968 0.0529991686 -0.140857905 -0.0837071091 0.0529991686 -0.141564995 -0.0837071091 0.0489991717 -0.141564995 -0.0829999968 0.0489991717 -0.140857905 -0.0615649708 0.0529991686 -0.163707107 -0.0615649708 0.0489991717 -0.163707107 -0.0829999968 0.0504023209 0.129791826 -0.0840000063 0.0505844168 0.126294911 -0.0840000063 0.0502998494 0.129949287 -0.0840000063 0.0490960255 0.129791841 -0.0829999968 0.0491984971 0.129949287 -0.0839999989 0.0489991717 -0.140857905 -0.0829999968 0.0517371893 0.125142202 -0.0829999968 0.0505928323 0.126318634 -0.0839999989 0.0529991686 -0.140857905 -0.0840000063 0.051760979 0.125150591 -0.0839999989 0.0529991686 0.125056997 -0.0829999968 0.0529991686 0.125056997 -0.130595714 -0.0868972242 0.228666008 -0.127095699 -0.0866648406 0.228049606 -0.127095699 -0.0869013295 0.228663728 -0.127095699 -0.0874539018 0.229398564 -0.106534742 -0.0533082336 0.163501546 -0.100041538 -0.0555654205 0.165543497 -0.093150638 -0.0622364394 0.147339344 -0.138381407 -0.0940080136 0.201150104 -0.117035419 -0.0752972439 0.16945982 -0.105918452 -0.0669790953 0.155371755 -0.139007285 -0.0447945483 0.151237294 -0.109149836 -0.0571299493 0.138690621 -0.150771737 -0.078129448 0.199976087 -0.107056007 -0.0600348972 0.161902279 -0.159758061 -0.0967162475 0.205736503 -0.193979159 -0.0881258473 0.227610514 -0.119044676 -0.0343753397 0.114396088 -0.180985242 -0.0949038565 0.202666536 -0.180145979 -0.0799700916 0.22045739 -0.140347973 -0.0924347192 0.239656299 -0.135866553 -0.0774336383 0.208416194 -0.159050524 -0.0789598972 0.218933731 -0.128753603 -0.0832540989 0.225550979 -0.128295705 -0.0946313515 0.243783459 -0.127095714 -0.108605675 0.225872934 0.0234682653 -0.00142532587 0.181644469 -0.0234682653 -0.0289859697 0.181644469 -0.0236669816 -0.00154711877 0.181766257 -0.0236669853 -0.0288641769 0.213852346 0.0234682653 -0.0289859734 0.213974133 0.0236669816 -0.0288641769 0.181766257 -0.0234682653 -0.00142532261 0.213974133 0.0236669835 -0.00154711853 0.213852346 -0.133125082 -0.0789332092 0.209420517 -0.130755678 -0.0795242265 0.225137889 -0.1339086 -0.0876364112 0.215644702 -0.137156695 -0.0727468431 0.215951979 -0.135761231 -0.0861193538 0.227228552 -0.132235706 -0.0747485682 0.219240516 -0.133596197 -0.0857240856 0.218246356 -0.135861367 -0.0888958499 0.223980397 -0.131245509 -0.0879976526 0.2241375 -0.130537525 -0.0839677453 0.221915558 -0.136528492 -0.0796307176 0.225028485 -0.130819783 -0.097030893 0.227417067 -0.136095703 -0.0930010974 0.228928983 -0.131194472 -0.0887927562 0.234040067 -0.13718465 -0.0949980468 0.232724696 0.137764052 -0.0524885394 0.1822557 0.133595735 0.00341042061 0.139306664 0.130532205 -0.0421684273 0.193168327 0.12529479 0.00679207779 0.141788661 0.13400951 -0.0277710464 0.18142429 0.136695385 0.00995800272 0.145209193 0.133595809 0.00981132593 0.133240074 0.130229473 -0.000890209805 0.133031324 0.141000181 -0.0456632487 0.189550757 0.142094016 -0.0322910324 0.176395789 0.141310453 0.00274603488 0.13691774 0.13450107 -0.0403743461 0.167907402 0.125167176 -0.0339096077 0.174783379 0.124886923 -0.0499066971 0.184383333 0.130318493 0.000866052287 0.13516891 0.129648224 0.022425551 0.131546333 0.131161436 0.00849153474 0.127148017 0.128949329 0.00689426297 0.141529307 0.136407495 0.00850442238 0.12690945 0.136654124 0.0129742045 0.130142704 0.137355998 0.0065671294 0.141184822 0.134798378 0.0149682444 0.133743912 0.130413517 0.0027718253 0.137179121 0.136271566 0.00107424764 0.135388821 0.135750204 0.0137865655 0.124285541 0.136734203 0.0183134098 0.134380966 0.131413698 0.0194697548 0.129449412 0.131095707 0.0143494569 0.123775534 0.130856469 0.0189154819 0.117592834 0.136400208 0.0246640723 0.122308202 0.136350662 0.0187406559 0.117128633 -0.128710002 -0.0651098564 0.200751066 -0.135714471 -0.0444786325 0.190537751 -0.128997445 -0.0479325913 0.186893448 -0.137056336 -0.0662386119 0.199560091 -0.138490126 -0.0502792411 0.184417471 -0.135680586 -0.059978243 0.206165448 -0.13432914 -0.0534490794 0.183980346 -0.129826605 -0.052060619 0.182537928 -0.12702854 -0.0498931594 0.18773222 -0.136819184 -0.044301901 0.192524031 -0.140591159 -0.0489422344 0.18873553 -0.127543986 -0.0452119038 0.191120818 -0.130318597 0.000866055663 -0.13516888 -0.129648209 0.0224255491 -0.131546363 -0.131161451 0.00849152729 -0.127148002 -0.128949329 0.00689424993 -0.141529322 -0.136407495 0.00850442331 -0.12690945 -0.136654124 0.0129742045 -0.130142704 -0.137356088 0.00656692963 -0.141184613 -0.134798378 0.0149682444 -0.133743912 -0.130413517 0.00277182204 -0.137179136 -0.136271566 0.00107424869 -0.135388821 -0.135750204 0.0137865664 -0.124285541 -0.136734143 0.0183134675 -0.134381056 -0.130856469 0.0189154819 -0.117592834 -0.136400208 0.0246640723 -0.122308202 -0.131413698 0.0194697566 -0.129449412 -0.136350662 0.0187406559 -0.117128633 -0.131095707 0.0143494569 -0.123775534 -0.0125353523 0.0410012975 -0.245838985 -0.00987551175 0.0440186672 -0.245790049 -0.00647707935 0.04100715 -0.246073917 0.0520329848 0.0440669954 -0.245673954 0.0510981716 0.0409210399 -0.246923596 0.0518773124 0.0445156321 -0.245795771 -0.0357947499 0.0409541577 -0.246641129 -0.0272068549 0.0409159139 -0.246949852 -0.0497572981 0.0404504798 -0.246864125 0.00970000122 0.0408770293 -0.246982202 0.00647689216 0.0410074815 -0.24607408 0.0124770533 0.0410074852 -0.246074066 0.108098947 -0.025882367 -0.17428638 0.0753418729 -0.0222063605 -0.196883649 0.140772671 -0.0105118295 -0.197992489 -0.0159206484 0.0439954363 -0.245744541 -0.0210794751 0.0439935029 -0.245745227 -0.0519465394 0.0443014018 -0.245855853 -0.00378095522 0.0440602303 -0.245840013 0.00307828421 0.0439936779 -0.245746091 -0.00302283256 0.0439655632 -0.245632738 -0.0417481884 -0.00198016036 -0.225905389 -0.0829738006 0.0212782249 -0.244650677 -0.0367103554 0.0507801995 -0.195445687 -0.0299999993 0.0401029512 -0.213560298 0.0219040867 0.0409139805 -0.246952325 0.0279102419 0.0409200452 -0.246916473 0.0331094936 0.0409203283 -0.246933475 0.0339102373 0.040920049 -0.246916473 0.039098192 0.0409210399 -0.246923611 0.042652458 0.0410068966 -0.246467248 0.046070233 0.0427091345 -0.246090218 -0.021834759 0.0409131832 -0.246973127 -0.0180757344 0.0410868451 -0.244600028 -0.0143687204 0.0407747738 -0.247076392 0.00930000003 0.0408770293 -0.246982202 0.0156117212 0.0408543684 -0.247002244 0.0184770953 0.0410074629 -0.24607408 0.0269910973 0.0358819067 -0.22694324 -0.02697815 0.0358788446 -0.226931185 -0.0996758416 0.0427318998 -0.25221473 -0.0301656723 0.0332962312 -0.224773347 0.0298542008 0.0351570919 -0.224888727 0.0893819034 0.0325358063 -0.223614618 -0.0093591148 0.0392436013 -0.223888993 0.00976003241 0.0389153138 -0.223479331 -0.0167142861 0.0403357148 -0.228970364 0.143543154 0.049360346 -0.221593246 0.164192572 -0.0368670672 -0.135546729 0.158662409 0.04459114 -0.256530225 -0.0431506895 0.0493773036 -0.196842864 -0.0421939082 0.043545261 -0.19695887 -0.0363152735 0.0445978269 -0.198837802 -0.0315574259 0.0518085398 -0.209347099 0.069603242 0.0168765336 -0.246756226 0.0285000019 0.0273408424 -0.225963533 -0.0285000019 0.0272441339 -0.226442739 -6.73200233e-08 0.0410342775 -0.245906204 -0.0547740832 0.042389039 -0.246897519 -0.0544243082 0.0412939787 -0.239000008 -0.159520984 0.0441615507 -0.254962951 -0.164094657 -0.0376137793 -0.135323793 -0.142710671 0.0489108302 -0.224803165 0.153075084 0.0248807818 -0.245974451 0.098995842 0.0425131917 -0.246654823 -0.0661610439 0.0511917807 -0.207465023 -0.0520332158 0.0440667085 -0.245673493 -0.0566602126 0.0148840314 -0.247893363 -0.0769989192 -0.0237533841 -0.188229889 -0.0375772305 -0.00210404163 -0.238383234 -0.0411168002 0.0278641582 -0.227499798 -0.00350000011 0.0409200713 -0.242000014 -0.00350000011 0.0439724885 -0.242000014 -0.0150791332 0.0439956598 -0.245746598 -0.0154999997 0.0439724885 -0.242000014 -0.0215000007 0.042446278 -0.242000014 -0.0274463203 0.0410284661 -0.244997218 -0.0275000017 0.0439724885 -0.242000014 -0.0279206485 0.04399544 -0.245744541 -0.0454999991 0.042446278 -0.242000014 -0.045097366 0.0409211926 -0.246922597 -0.0450455509 0.0439730696 -0.245689392 -0.0515000001 0.0409200713 -0.242000014 -0.0467345566 0.0444459543 -0.240058631 -0.00904554967 0.0439730734 -0.245689392 -0.0328257009 0.0429774113 -0.245741382 -0.0338755101 0.0440186672 -0.245790064 -0.0388201363 0.0429518335 -0.245742857 -0.0398755148 0.0440186709 -0.245790049 -0.0458755158 0.0440186709 -0.245790049 -0.0270794742 0.0439935029 -0.245745227 -0.0306267664 0.0357007049 -0.226933047 -0.0297591686 0.0301878843 -0.226913318 0.0382345244 0.0437377691 -0.196746737 0.0687691867 0.043678876 -0.202342808 0.0449020825 0.0436782241 -0.202057287 0.0196584649 0.0529282801 -0.216411874 0.0433172025 0.0504886508 -0.196934879 -0.105983607 -0.0269677918 -0.17228961 -0.103500009 -0.00187115779 -0.195230097 0.0305840708 0.0309247505 -0.224833891 0.0306162406 0.0357048996 -0.226935253 -0.04003001 0.0432774089 -0.207728326 -0.107676499 -0.0146292401 -0.197126761 -0.117062889 -0.0144448252 -0.191658825 -0.103244372 -0.0241803117 -0.178133726 -5.75600734e-10 0.0224642158 -0.240821794 -0.10560064 0.0348662362 -0.230132967 0.0364021547 0.0495080836 -0.196994334 -0.0279699992 0.0482762717 -0.207037702 0.00391966989 0.04399601 -0.245745927 0.102859192 -0.0255236551 -0.171463519 0.103500009 -0.00187115581 -0.195230097 0.104201384 -0.0245926585 -0.177579284 0.0159177445 0.0439972952 -0.245748162 0.0150760729 0.0439929217 -0.245742545 0.0219201185 0.0439955927 -0.245745391 0.0210789144 0.0439933538 -0.245744333 0.033920113 0.0439955965 -0.245745391 0.0330789126 0.0439933576 -0.245744333 0.0399201177 0.0439955965 -0.245745391 0.0390789136 0.0439933576 -0.245744333 0.0299999993 0.0224642102 -0.240821794 0.0544226915 0.041284319 -0.239000008 0.054762885 0.0423540473 -0.246904582 0.0522015281 0.0407670364 -0.246939316 0.00350000011 0.0425480269 -0.242000014 0.00949999969 0.0409200713 -0.242000014 0.00991696585 0.0439980365 -0.245749101 0.0155000007 0.042446278 -0.242000014 0.0215000007 0.0409200713 -0.242000014 0.0275000017 0.0425636806 -0.242000014 0.0279201176 0.0439955927 -0.245745391 0.0335000008 0.0409200713 -0.242000014 0.0394999981 0.0424462818 -0.242000014 0.0485000014 0.0409200713 -0.242000014 0.00907646865 0.0439915694 -0.245740935 0.0270957015 0.0409206115 -0.246920899 0.0450789146 0.0439933538 -0.245744333 0.0494172908 -0.00356073631 -0.233512267 0.0617762022 0.0203414727 -0.240816265 0.0742848068 0.0167543497 -0.185950994 0.0270789117 0.0439933538 -0.245744333 0.0402215756 0.0513498262 -0.214308679 0.0292499997 0.0432645902 -0.213009119 -0.0128069203 0.0541170314 -0.217631429 0.0838203803 -0.0213224981 -0.196951464 -0.144500315 0.0348055959 -0.192012906 -0.0679049417 0.027877273 -0.217643201 -0.150512934 -0.0153902937 -0.197025239 -0.14721939 0.0212850086 -0.247182712 -0.0658913106 0.0399320647 -0.221463189 0.0437080786 0.0400406271 -0.236329138 -0.0219206512 0.0439954363 -0.245744541 -0.00949999969 0.042446278 -0.242000014 0.00949999969 0.0439724885 -0.242000014 0.0215000007 0.0439724885 -0.242000014 0.0335000008 0.0439724885 -0.242000014 0.0454999991 0.0439724885 -0.242000014 0.0517656766 0.0440374613 -0.239599988 -0.0335000008 0.0423288792 -0.242000014 -0.0394999981 0.0409200713 -0.242000014 0.055309765 0.0375030562 -0.222005829 -0.00998965744 0.0382345729 -0.223544061 0.0292499997 0.0412200689 -0.222956926 -0.0566909686 0.0383079089 -0.22166276 -0.0299999993 0.0224642102 -0.240821794 0.0297598392 0.0301909447 -0.226913229 -0.0292499997 0.024071876 -0.228515506 0.140848756 0.0333152898 -0.239898309 0.119536288 0.0443611629 -0.228098452 0.0292499997 0.023956662 -0.229050368 -0.133177385 -0.0855810121 0.217688814 -0.136952028 -0.0420757681 0.178536013 -0.132842228 -0.0430874713 0.177468568 -0.135788187 -0.0852345303 0.218605191 -0.130858451 -0.0849889666 0.218780905 -0.129853621 -0.0415022038 0.179141164 -0.129583359 -0.0829982609 0.220915064 -0.130031183 -0.0388183482 0.181972936 -0.130946636 -0.0810897201 0.222987816 -0.133872688 -0.0373969227 0.183472648 -0.134029835 -0.0803102255 0.22376743 -0.136643976 -0.0812599882 0.222662956 -0.137337863 -0.039078515 0.181698352 -0.13751556 -0.0833591148 0.220527604 0.132801369 -0.0668883845 0.198874503 0.126772121 -0.0475255512 0.18894434 0.131216526 -0.0528929047 0.183404192 0.129460156 -0.0608108044 0.205286995 0.137188464 -0.0450724065 0.192818612 0.138780028 -0.0626031458 0.203395873 0.136323646 -0.0448922254 0.190101385 0.140321434 -0.0474477075 0.187405065 0.133542657 -0.0430949368 0.19303602 0.135952026 -0.0530215278 0.184431463 0.139920771 -0.0492835529 0.188375428 0.129870906 -0.0494900495 0.185250148 -0.125167385 0.00323140924 0.13756007 -0.124353558 -0.033303421 0.175400004 -0.133558869 -0.0018788724 0.132477909 -0.133595765 0.00965893362 0.133079246 -0.131642014 0.00944899395 0.143903062 -0.125299156 -0.0469932966 0.188181087 -0.132197544 -0.0534868911 0.180337191 -0.136545107 -0.0400831178 0.168315783 -0.143605217 0.00424844585 0.138766974 -0.135634705 -0.0283640679 0.180602759 -0.141059384 -0.0494586043 0.185540229 -0.13359575 0.00325796241 0.139145941 -0.136526227 -0.0418441743 0.193300948 -0.142298177 -0.0335991532 0.175187036 0.133122906 -0.0711693913 0.217612118 0.130651876 -0.0866673365 0.217888355 0.132082522 -0.0802017152 0.231271088 0.137140587 -0.0773728266 0.21107094 0.136025518 -0.0864298642 0.221706405 0.131192327 -0.0779818594 0.210427716 0.133595735 -0.0803452358 0.22392197 0.136206254 -0.0879190862 0.233934909 0.130780488 -0.09638495 0.226315558 0.136528313 -0.0867892429 0.217470989 0.131381065 -0.0857800543 0.228104606 0.130438522 -0.0841583759 0.220611498 0.136121288 -0.0975235403 0.227565169 0.136095703 -0.0925066024 0.228330746 0.133255884 -0.0801418349 0.223922163 0.136262611 -0.0809206814 0.223134115 0.134917572 -0.0374264568 0.183441564 0.131069422 -0.0378852338 0.182957381 0.130241275 -0.0814824551 0.222571939 0.129450515 -0.0410366468 0.179632351 0.129496813 -0.0829319581 0.22048384 0.130946606 -0.0848313645 0.219040006 0.133872584 -0.0430314466 0.177527666 0.133936048 -0.0855507776 0.218174204 0.136950225 -0.0842847303 0.219615236 0.137337878 -0.0413498357 0.179301962 0.137694716 -0.0822775513 0.221174374 0.137358695 -0.0390687622 0.181708708 -0.142421097 -0.0760764629 0.210890159 -0.13648501 -0.068811208 0.219253808 -0.141798913 -0.0715039149 0.216128871 -0.138138533 -0.0801637396 0.20693922 -0.139256701 -0.0442180485 0.194012508 -0.134311229 -0.0432405025 0.195983931 -0.129817754 -0.0435477644 0.195046276 -0.127150998 -0.0689057708 0.198170647 -0.127357677 -0.0698018074 0.198574513 -0.134082228 -0.0710271969 0.197314739 -0.142905399 -0.0492115431 0.187511861 -0.142885312 -0.0500736311 0.187934488 -0.124703005 -0.0642349496 0.202946112 -0.12603274 -0.06019843 0.206135914 -0.12588127 -0.0609016195 0.20686397 -0.138785645 -0.0534785688 0.182922825 -0.129632652 -0.0581615604 0.208303139 -0.127475768 -0.0529102869 0.182622686 -0.127690405 -0.0537313409 0.183084279 -0.134972453 -0.0546198227 0.181837231 -0.124567546 -0.046974428 0.189430952 -0.142739505 -0.0616515838 0.202767342 -0.142178893 -0.0612644255 0.204510465 -0.138546675 -0.0581804886 0.207582235 -0.126751602 -0.0433438718 0.192108274 -0.13103722 -0.0420297571 0.194516912 -0.133744955 -0.0412910953 0.193836346 -0.130007714 -0.067769669 0.19455485 -0.129858404 -0.0683497936 0.195166975 -0.136648148 -0.0682273209 0.195346206 -0.138221949 -0.0424065962 0.192922369 -0.125068456 -0.0634762645 0.198657975 -0.142335698 -0.049535837 0.1842639 -0.142645985 -0.0487395599 0.186672419 -0.141095325 -0.0443891734 0.191006646 -0.139149725 -0.0529177673 0.181979999 -0.134462088 -0.0533572286 0.180165529 -0.141679451 -0.0573320687 0.202758878 -0.140593946 -0.0569024645 0.204526573 -0.135501519 -0.0550673828 0.206389755 -0.141343102 -0.0635092482 0.195142463 -0.142533839 -0.0619594678 0.198382303 -0.138662636 -0.0657055527 0.193908542 -0.132487372 -0.0664243549 0.192596048 -0.133747786 -0.0658019632 0.191965044 -0.140704989 -0.0477306619 0.179857686 -0.1407094 -0.0477437079 0.179827005 -0.141533956 -0.0473026596 0.181453854 -0.141014069 -0.0498061813 0.181534827 -0.141064152 -0.0504497513 0.182225809 -0.142358661 -0.0454437211 0.187335759 -0.134679258 -0.0522567034 0.179587066 -0.129629821 -0.0512138158 0.179575711 -0.129104957 -0.0518875644 0.180260465 -0.130818769 -0.0803447217 0.206511959 -0.125692427 -0.0486484058 0.182580411 -0.125069827 -0.0769392475 0.209809348 -0.125060618 -0.0722064823 0.214807004 -0.131527498 -0.0389028229 0.191744953 -0.128573582 -0.0407004766 0.191291571 -0.125538364 -0.0431378223 0.188394099 -0.130160436 -0.0681608543 0.218857363 -0.139623448 -0.0399606191 0.189941943 -0.133039236 -0.0385126099 0.191068009 -0.139258549 -0.0389554128 0.189507142 -0.134519383 -0.0396328196 0.192288905 -0.139137164 -0.0406099074 0.190371633 -0.137878999 -0.0685764924 0.218218789 -0.140869588 -0.0708250776 0.216528982 -0.14045693 -0.0781645551 0.207557112 -0.140871346 -0.0784603432 0.208679974 -0.142468676 -0.0738261566 0.213169768 -0.142176598 -0.0475325808 0.182041213 -0.142717227 -0.0467056446 0.184325397 -0.141867027 -0.0429518893 0.187460154 -0.139510706 -0.0503301434 0.180204883 -0.135910869 -0.0509161092 0.178614616 -0.135110721 -0.0801014155 0.205937117 -0.125476524 -0.0477923714 0.181076348 -0.125150263 -0.0482173301 0.181907147 -0.13191466 -0.0509499609 0.178491727 -0.125150174 -0.0428811051 0.186718151 -0.142113537 -0.0575989336 0.192626208 -0.14222458 -0.0585868135 0.192974225 -0.142257914 -0.0547050722 0.196787044 -0.137652591 -0.061285831 0.189092904 -0.129592717 -0.0675600469 0.217475489 -0.129428446 -0.0682181418 0.218177035 -0.125908062 -0.0704887956 0.215238258 -0.134239644 -0.06718456 0.218128428 -0.132215604 -0.0614453666 0.187696189 -0.131187588 -0.0618485957 0.188577905 -0.12628971 -0.0585855395 0.190828353 -0.137784958 -0.0498504713 0.17863664 -0.14245984 -0.0438193344 0.184668198 -0.142215088 -0.0750217363 0.208870262 -0.134615436 -0.0786784142 0.204043865 -0.140815765 -0.077107586 0.207453236 -0.127867728 -0.0771082789 0.205898181 -0.133154735 -0.0791523457 0.204680994 -0.128877282 -0.0657767132 0.215742305 -0.12692757 -0.0678711161 0.215288788 -0.124870308 -0.070758529 0.211708114 -0.132278949 -0.0657305941 0.216993764 -0.137021586 -0.065682739 0.215904891 -0.13791281 -0.0760208741 0.202739254 -0.13770929 -0.0766847655 0.20338209 -0.141813353 -0.0733266398 0.206972241 -0.131538823 -0.0459700376 0.198419809 -0.129101291 -0.0476539172 0.19827278 -0.125830889 -0.049796775 0.195443198 -0.134035736 -0.0466111712 0.199051172 -0.12836422 -0.0759175569 0.203309774 -0.128125533 -0.0750146285 0.202880815 -0.138426155 -0.0472281687 0.197271705 -0.124815084 -0.0707794502 0.207255647 -0.124830171 -0.0484632514 0.192842394 -0.12476778 -0.0492453687 0.193423137 -0.125608101 -0.0541124046 0.188113421 -0.142749131 -0.0691930279 0.205240026 -0.142892241 -0.0695393533 0.206205517 -0.141212657 -0.0652485937 0.210443586 -0.130058929 -0.0452877544 0.196410924 -0.138550282 -0.0728412941 0.201120779 -0.131830707 -0.0734869912 0.199231058 -0.131954774 -0.0742468312 0.199865237 -0.126175329 -0.0705282316 0.202350631 -0.142467096 -0.0651995391 0.204646111 -0.139905438 -0.0614639223 0.210078135 -0.139777273 -0.060778819 0.209500998 -0.126872391 -0.0536420345 0.184731737 -0.128871486 -0.0558341518 0.18402034 -0.133489028 -0.0562259443 0.182784423 -0.132862002 -0.0601863153 0.211487815 -0.124969639 -0.0513538159 0.187764153 -0.135501176 -0.0685518607 0.219908148 -0.13905789 -0.0697059631 0.21916081 -0.142016634 -0.0721929818 0.216536358 -0.143128648 -0.0761663318 0.212344661 -0.141181529 -0.0789828822 0.209372357 -0.155249998 -0.0459142216 -0.102499999 -0.153750002 -0.0474142209 -0.104500003 -0.153750002 -0.0474142209 -0.102499999 -0.000218177607 0.040314611 -0.137238011 0.0549681857 -0.00497994851 -0.231611028 0.0549410209 -0.00370308734 -0.230822623 -0.106496297 -0.0491694547 0.0898470581 -0.141960099 -0.0512133464 -0.113459609 0.0782178566 0.00663883705 0.234235436 0.0344999991 0.00749999983 0.238726899 0.0788230076 0.00470471382 0.233885124 0.155249998 -0.0476283245 0.142331004 0.156749994 0.0200291611 0.195340902 0.155249998 0.020038452 0.195313796 -0.155249998 -0.0459142216 -0.104500003 -0.154499993 0.0476642363 -0.103500009 -0.153750002 0.0484142266 0.103166677 -0.155249998 -0.0459142216 0.102499999 -0.155249998 0.0469142273 0.10383334 -0.0756433532 -0.00721088471 0.210916966 -0.0788230076 0.0060036513 0.233135179 -0.0747500062 -0.00408922695 0.217105448 -0.0135000627 -0.0213745516 0.187270269 0.0134999696 -0.0213244911 0.187241405 -0.075000003 -0.0496010445 0.136577368 0.00250972877 0.00646237377 0.23526302 -0.00250972877 0.00641425839 0.235290796 -0.0344999991 0.0087990379 0.237976894 0.153750002 0.0484142266 0.103500009 0.15444231 0.0477219187 -0.103500009 0.0901654884 -0.0490788855 0.0929121971 0.155994311 -0.051272165 0.127627894 0.154821426 -0.0463428013 0.10400001 0.155249998 -0.0459142216 -0.102499999 -0.078217864 0.00533990376 0.234985366 -0.153750002 -0.0474142209 0.104500003 -0.155249998 -0.0459142216 0.104500003 0.0189119745 -0.0179055277 0.194723263 0.0183016397 -0.0161375348 0.194785476 0.0191227663 -0.0165357683 0.197095767 0.153750002 -0.0474142209 -0.104500003 0.155249998 -0.0459142216 -0.104500003 0.0894084722 -0.0507069193 -0.098573871 0.153750002 -0.0474142209 -0.102499999 -0.153750002 -0.0474142209 0.102499999 -0.156749994 0.0201225411 0.195356429 -0.155999988 0.00937194284 0.17898412 -0.156357944 -0.0516655408 0.128145665 -0.155249998 0.0199459791 0.195295617 0.155513421 0.0507980287 -0.147500008 0.00326064904 -0.00766736455 -0.226956278 -0.00348069007 -0.00599095272 -0.226859868 -0.0427991189 -0.0238281302 -0.199922577 -0.0548552088 -0.00366274803 -0.230892479 -2.94968672e-09 0.00360798347 0.231985718 -3.46023521e-09 0.00486854371 0.231169045 -0.055051852 -0.00502203824 -0.231538132 -0.0796783119 -0.0288342033 -0.190294206 -0.0181580596 -0.0171624757 0.196010262 -0.0195999928 -0.0152106434 0.196390897 -0.0185859036 -0.0165232979 0.194117323 0.0209641084 -0.0173327997 0.195715219 0.0196000133 -0.0152106434 0.196390897 0.0206141006 -0.0165233072 0.194117323 -0.0199181754 -0.0166045539 0.196976602 0.0764999986 -0.0105288597 0.204500005 -2.9748818e-11 0.0596943982 0.135077491 0.0736602992 -0.0116295516 0.20650813 0.153750002 -0.0474142209 0.102499999 0.155249998 0.0469142199 0.102499999 -0.0207286868 -0.0177921616 0.194919616 -0.0208983608 -0.0161375366 0.194785476 0.0796567276 -0.0288031492 -0.190347999 -0.095487304 -0.0515247695 -0.0480706543 0.101749837 -0.0513596721 -0.0240715221 0.156107426 -0.0503787845 -0.13767986 -0.155718744 0.00813440792 0.172613069 0.156141698 0.0514701083 0.195500001 0.155802622 0.0106094824 0.172613084 0.156281248 0.00813440792 0.172613069 0.155999988 0.00937194284 0.17898412 -0.0764999986 -0.0105288597 0.204500005 -0.156240076 0.0514243729 0.195500001 -0.156276315 0.0106094824 0.172613084 -0.155513421 0.0507980287 -0.147500008 0.075052537 -0.00399819203 0.216936514 8.07841793e-09 -0.0118408203 0.203705311 0.0723533928 -0.00650180643 0.213350028 -0.0733098537 -0.00734400237 0.211991951 0.149610341 0.0517188907 0.194185928 -0.149125233 0.0517724156 0.197796822 0.0636224374 -0.0203135386 -0.203265205 0.0664166361 -0.0204742551 -0.203429222 0.0650000125 -0.0173593927 -0.208669201 0.000133695343 -0.00528515456 -0.229618981 0.0677172095 -0.0387277268 -0.180487275 -0.0666119084 -0.0180416182 -0.207612514 -0.0638004467 -0.0176133662 -0.208161116 0.0956411213 0.0686163232 0.195838422 0.0954674631 0.053375192 0.175121352 0.0955890566 0.0537195392 0.20418781 0.132886931 0.0593404844 0.16842708 0.129828751 0.056705039 0.169000521 0.131295905 0.0645767748 0.165796027 0.12498115 0.0687499344 0.189836994 0.115028761 0.0552050509 0.175198823 0.114963785 0.0556909963 0.190071896 0.102151118 0.0646732002 0.16848062 0.104983166 0.0629316047 0.170349643 0.105038851 0.0595606156 0.166243657 0.0996536613 0.0569307096 0.169680059 0.097272262 0.0600647777 0.16828984 0.0986602306 0.0646355301 0.165892109 0.10451258 0.0650755018 0.174068674 0.105105519 0.0687408596 0.189872548 0.10750135 0.0560546331 0.179454565 0.107685797 0.056157209 0.192437381 0.134415135 0.0685839877 0.195844233 0.134549335 0.0533902943 0.175112844 0.134533972 0.068542324 0.175020427 0.0974633098 0.0629349053 0.17426163 0.101171374 0.0563657396 0.174392119 0.127566785 0.0571392998 0.168724895 0.124906719 0.0616227202 0.170364574 0.124977402 0.0625799522 0.166288748 0.125292823 0.0650036111 0.174233332 0.128385335 0.0650414377 0.172975495 0.133310005 0.0614798255 0.174259201 0.130657256 0.0648251548 0.170346633 0.128462568 0.0565622635 0.174337134 0.102595918 0.0573322885 0.170490384 0.100417703 0.0652290136 0.172128379 0.0954698995 0.0685479864 0.175021142 0.134308413 0.0536629297 0.204232842 0.127948597 0.0606773123 0.188994944 0.111075886 0.0568239279 0.174999997 0.112132035 0.0549855344 0.111505263 0.111784078 0.0567991696 -0.109738886 0.0973865315 0.0661199614 -0.174999997 0.0975500643 0.0552179255 0.174999997 0.0988836214 0.0589682534 -0.174999997 0.108285002 0.065674901 -0.174999997 0.101120614 0.0640089661 0.174999997 0.125546709 0.0629898012 0.174999997 0.118924111 0.0568239279 -0.174999997 0.129046977 0.0587690845 0.174999997 0.117899612 0.0667491555 0.174999997 0.120492272 0.0662332922 -0.174999997 0.132458538 0.0534326807 -0.174999997 0.130346105 0.0633418262 0.174999997 0.133521989 0.0657547861 -0.174999997 0.0954083055 0.068590872 0.174999997 0.126730666 0.058818724 -0.174999997 0.134619698 0.0685389712 0.174999997 0.103403747 0.0596154891 0.174999997 0.114469171 0.0529991686 0.106729373 0.117347777 0.0567991696 0.107555419 0.0977493972 0.056206923 -0.174999997 0.109345838 0.0661946461 0.174999997 0.114469171 0.0529991686 -0.113270625 0.117978781 0.0551469959 -0.111511759 0.134432033 0.0531956218 0.174999997 0.117400631 0.0546458364 0.112102792 0.113817908 0.0544861257 -0.106923938 -0.0136860786 0.0546777435 -0.152591214 -0.00691995304 0.055999171 -0.119877547 -0.00922435336 0.050781779 -0.123006739 -0.0115 0.0479095764 -0.151238501 0.0109999999 0.0444002189 -0.163256571 0.0114999954 0.0423854254 -0.150884956 -0.0129729453 0.0542175509 -0.108731233 0.013711255 0.0548355356 -0.1525352 -0.0111874985 0.0508467406 -0.158119753 -0.0109999999 0.0419694073 -0.163449422 0.0105933454 0.0526658371 -0.126104176 0.0113888895 0.0506187342 -0.154580325 0.0129690105 0.0544045195 -0.10871926 -0.137667298 0.00185226428 0.136209518 -0.132174388 0.00422177184 0.131813854 -0.135949299 0.0144755328 0.126449421 -0.131285727 0.025602676 0.126570061 -0.135474324 0.021725554 0.127978995 -0.130975246 0.0190338958 0.116915353 -0.13635017 0.0262260549 0.125025973 -0.130794808 0.0159536451 0.134651914 -0.136654124 0.0129213687 0.130086988 -0.135059342 0.00738946442 0.142052948 -0.133667409 0.0146104479 0.133683041 -0.129923403 0.00845952425 0.13014558 -0.136416301 0.0159096457 0.134704322 -0.136235535 0.00826246012 0.126709983 -0.13321133 0.015266872 0.121194176 -0.136106417 0.0194323435 0.116739698 0.134315372 0.0536540188 -0.204223216 0.126849785 0.0584929399 -0.191583678 0.106149614 0.0571317784 -0.192037553 0.130322441 0.0647729337 -0.17056866 0.131017953 0.0647326186 -0.166298375 0.132828474 0.062865369 -0.173029378 0.128351554 0.0653519183 -0.174345031 0.128222123 0.0652140453 -0.168008953 0.125304237 0.0630573928 -0.170253038 0.0976225138 0.0592490286 -0.172974378 0.0987832099 0.0576796196 -0.166359723 0.0979978666 0.0636029318 -0.166808128 0.0983340889 0.0638178736 -0.170594409 0.125292286 0.0601607487 -0.174399838 0.129144475 0.0566937216 -0.173220724 0.126170114 0.0583037809 -0.170628533 0.10508766 0.0687344596 -0.189857438 0.115033217 0.0555924214 -0.190012947 0.124962747 0.0687558874 -0.189852387 0.122471564 0.0560448915 -0.179454565 0.134524539 0.0533803888 -0.175107524 0.0957618058 0.0538839586 -0.174922973 0.134419248 0.0686024949 -0.195836067 0.134533957 0.0685423315 -0.175020412 0.124543592 0.0604107529 -0.166561514 0.125249013 0.0685749352 -0.175002486 0.114971019 0.0552058592 -0.17520003 0.105249189 0.0618814528 -0.174287796 0.131723091 0.0581847839 -0.166687265 0.104622722 0.0590880215 -0.166188031 0.10568551 0.0611382872 -0.170502588 0.10202647 0.0650511235 -0.167294964 0.0997112095 0.0648843423 -0.174423724 0.101327129 0.0570214614 -0.173071429 0.100509666 0.0707348436 -0.174035713 0.0956328139 0.0686238334 -0.19583194 0.0955980271 0.0537279323 -0.204198048</float_array>
          <technique_common>
            <accessor source="#positions_array" count="2203" stride="3">
              <param name="X" type="float" />
              <param name="Y" type="float" />
              <param name="Z" type="float" />
            </accessor>
          </technique_common>
        </source>
        <source id="normals">
          <float_array id="normals_array" count="16419">-0.140527844 -0.05425293 0.988589168 -0.130301863 0.191898108 0.972726345 -0.130090863 0.195453644 0.972046375 0.949681878 -0.193395823 0.246378809 0.955861449 -0.158850849 0.247174457 0.955919147 -0.158493504 0.247181073 0.995500326 -0.0947563052 0.000562909467 0.941408277 0.337267637 -0.0010175436 0.941206813 0.337829292 -0.00101962709 -0.994647622 -0.078102842 -0.0676462427 -0.995472312 0.0950485319 0.000865674519 -0.995423198 0.0955607519 0.00086751458 0 1 -8.58162222e-11 0 1 3.2139809e-08 0 1 7.37267456e-08 -0.257761985 -0.0888616741 -0.96211344 -0.497117668 0.0900974348 -0.862992823 -0.652956843 -0.0701036826 -0.754143834 0 0 1 -0.320828468 0.00162258057 0.947135925 -0.571275592 -0.065356724 0.81815201 -0.576861262 -0.0921360329 0.811629236 -1 0 0 0 -1 0 0 -1 -1.56531462e-06 0 0 -1 0.132122695 -0.0960632861 0.986567438 0.137319565 0.0568304248 0.988895178 0.137384921 0.0596252419 0.98872143 0.654384077 0.171033293 0.73656565 0.555865943 -0.171037421 0.813485801 0.520620883 -0.251263708 0.815978169 0.00212789536 0.161444411 0.986879468 -0.244087338 0.00255224761 0.969749928 -0.603661299 0.0832037851 0.792887211 -0.635057688 -0.0545887612 0.770533442 -0.640201986 -0.0846309066 0.763530672 0.4472965 -0.302203417 0.841783226 0.664481044 0.374330938 -0.646793127 0.714183211 0.0786206722 0.695529401 0.689014316 -0.0513193198 0.722928464 0.681546509 -0.0806963518 0.72731185 0.00328195142 -0.332857758 -0.942971349 -0.068047896 0.0766159445 -0.994735956 -0.754165649 0.0700269043 -0.652939856 -0.96506393 0.079882741 0.24954012 -0.966480613 0.0606568605 0.24947153 -0.966495812 0.0604188517 0.249470055 1 0 0 -0.962162554 0.088676326 -0.257642865 -0.862989843 -0.0900587067 -0.497129798 -0.689008772 0.0513276644 0.722933173 -0.714183331 -0.0786232054 0.695528984 -0.718015552 -0.107377224 0.68769449 -0.140638694 -0.0588750355 0.988308847 0.94961381 -0.19374153 0.246369272 0.612458766 0.302235514 0.730443776 0.665350199 0.251259387 0.702977717 0.995414674 -0.095652163 0.000566143251 0.00184270879 -0.999997795 0.000995835173 0 -1 8.56354987e-08 -0.00102983345 -0.999991179 0.00407456094 0 -1 4.82936741e-07 0 -1 5.23896979e-08 0 -1 1.62473339e-06 0 -1 -1.59143985e-06 0 -1 1.30770502e-07 0.00222979952 -0.999995768 -0.00188557839 -0.00536480127 -0.999169946 0.0403827913 0.830421746 -0.393965125 -0.393943101 -0.00100538915 0.999991119 0.0040781307 0 1 -4.10817975e-08 0.00189841189 0.999997675 0.00100046454 -0.00560993701 0.999112427 0.0417474322 0.393948942 0.393967807 -0.830417752 -0.99999994 0 0 0 1 -2.63825115e-07 0 1 -1.531409e-06 0.00221131742 0.999995768 -0.00192208483 0 1 -1.62451693e-06 0 1 0 0 1 1.17462562e-07 0 1 -1.04776943e-08 0 1 -3.24944892e-07 0 1 -9.65870086e-08 0 1 1.95422203e-07 0 1 1.29135747e-09 0 1 -1.41422186e-06 0 1 4.41361507e-08 0 0.99999994 2.70769078e-06 0 1 -5.02319108e-06 0 1 8.11500968e-07 0.132001147 -0.0987876728 0.986314714 0.0021444303 0.162698895 0.986673355 -0.595304489 0.11258626 0.795573413 0.646777034 -0.374388009 -0.664464474 0.718014538 0.107372433 0.687696338 0.00329290004 -0.33427003 -0.942471623 -0.96504432 0.0801191255 0.249540403 -0.681539297 0.0807071626 0.727317333 0.98938632 0.145307124 0.000689331617 1 4.13944178e-07 -2.4822981e-08 1 0 -2.80070864e-08 -7.10982495e-05 -0.99999994 0.000357580924 -0.0302273929 -0.999543011 0.000246047712 0 -1 0.000357843528 -0.00686243083 0.710036099 0.704131782 0.00687434757 0.704076231 0.710091233 0.0225797463 0.697037101 0.716679513 0.0100546349 0.0713170841 0.997402966 0.169040486 0.588442564 0.790670931 -0.0771494955 -0.295297772 0.95228523 -0.0836523101 -0.287086546 0.954245031 0.0744657144 -0.474319249 0.877197862 -0.115272611 0.99077338 0.0712751374 -0.0332002565 0.998350918 0.0468316041 -0.134402901 0.987935781 0.0769331679 -1 -3.06442803e-06 0 -0.988922179 0.148433179 0.00069091504 -1 -1.52916027e-08 0 -0.203847498 -0.12697199 0.970733941 1 3.36170706e-06 -5.66657876e-09 0.999999344 0.00120092859 5.66937933e-06 0.929641187 0.368461967 0.00174801389 1 4.38084135e-06 0 1 4.21664481e-06 0 -0.0303029995 -0.999540627 0.000245767646 -0.0225685071 0.716625452 0.69709301 0 0 -0.99999994 -0.00934949331 0.999168873 0.0396770909 -1 -1.02537479e-06 0 -0.999999225 0.00119837979 5.57812291e-06 -0.927204728 0.3745507 0.00174342899 -0.1631428 -0.977025211 -0.137135714 -0.109955929 -0.955628276 -0.273284465 -0.140553266 -0.984405339 0.105787545 0.21278277 0.976434171 0.0360519774 0.745852292 0.658260107 0.101970896 0.79343164 0.608212769 0.0233097151 -0.744807422 0.659822166 0.0994817466 -0.453786343 0.866938174 0.206146315 -0.227529868 0.972195387 0.0553733297 -0.670185924 0.629564524 0.393064082 -0.652962744 0.68898201 0.314552724 -0.66770035 0.640233219 0.379839003 0.0653561875 -0.446077168 0.892605066 0.999977171 0.00410657981 -0.00536102988 0.999975324 0.00243880018 -0.00658799149 0.999974728 0.00580096478 -0.00411445834 0.881501198 -0.41448313 -0.226184607 0.841401458 -0.451894194 -0.296370059 0.610034049 -0.565481365 -0.555057883 -0.999971688 -0.00128617999 -0.00741653517 -0.999977648 -0.000284049107 -0.00668088906 -0.999983191 0.00104686141 -0.00570387673 -0.489351779 0.798235118 -0.351219982 -0.912101328 0.401594341 0.0824207738 -0.918934762 0.391705185 0.04610724 -0.872717142 0.43448326 0.222685888 -0.677744865 -0.714355886 -0.174234316 -0.697507381 -0.687623858 -0.201635465 -0.682968915 -0.707579494 -0.181341544 -0.659372211 -0.736715078 -0.149930134 -0.932943463 0.341066867 -0.115282193 -0.888299823 -0.357457757 -0.288353145 -0.91081959 -0.338935822 -0.235648558 -0.891746342 -0.353746384 -0.282226682 -0.190607905 0.92270571 0.335086256 -0.0797079131 0.992310703 0.0946898535 -0.67892468 0.579235196 0.451162726 0.87226814 -0.469482243 0.13687484 0.0114545943 -0.882491946 -0.470188022 0.86353755 0.50361681 -0.0259422604 0.710154772 0.643163621 0.286392391 0.82316494 0.561458707 0.0846375749 0.897716582 0.387197584 -0.210197613 -0.0824503228 -0.925443172 0.369806409 -0.0949784368 -0.995100737 0.0274511538 -0.868327081 -0.36754784 -0.333041877 -0.870401382 -0.368611217 -0.326384991 -0.102277368 -0.990493834 0.091985561 0.438602418 0.816254437 0.375974327 -0.685377359 0.727892339 0.0207521562 0.261698514 0.739536107 0.620161414 0.251912653 0.763185024 0.595053434 0.743300259 0.654928505 -0.13628386 0.999966204 0.000219897367 -0.0082203513 0.931619406 -0.346834749 -0.108585365 0.741031706 -0.671470046 -0.000118373959 -0.230194658 0.946656883 0.22550194 0.0939450264 -0.112728149 0.989174724 0.486947984 -0.0549994856 0.871697664 0.382929802 -0.0385056213 0.922974527 -0.00201163488 -0.174060374 0.984732926 0.00123707461 -0.00878975354 0.999960601 -0.0532883853 -0.0574932583 0.996922731 0.544926882 -0.0806090757 0.834599793 0.0607177205 -0.0348134078 0.997547746 0.0119467853 -0.179155692 0.983748138 -0.999964058 -0.00230065687 -0.00816123374 -0.339790404 0.0423815027 0.93954581 -0.100420646 -0.128143504 0.986658514 -0.403623581 -0.00809358526 0.914889276 0.00178189506 -0.0166191328 0.999860227 0.00945701078 0.99993813 -0.00587024633 -0.012047004 0.999894023 -0.00817447901 0.224941432 0.950693548 0.213502198 -0.288741827 0.0529953465 0.955939114 -0.000278523075 0.489499956 -0.872003198 -6.23728556e-05 0.489076465 -0.872240901 -0.000200950162 0.489348024 -0.872088611 1.54918907e-05 0.488923877 -0.872326553 -0.933604777 0.0891533792 0.347035646 -0.987887502 -0.0200868137 0.153865963 -0.944550097 0.0735318139 0.320028424 -0.850034297 0.177653983 0.495863616 0.983454227 0.12667039 0.129508078 0.971246958 0.146971628 0.187293053 0.936252356 0.0521060377 0.347442776 0.940228581 0.0912551954 0.328089327 0.761955142 -0.105954506 0.638903618 -0.96491152 -0.0107382433 0.262355298 -0.960437655 -0.00557221798 0.278439343 -0.955707848 -0.000443853933 0.294316828 -0.950106621 0.00526304217 0.311880887 0.822165489 -0.530752599 -0.205780059 0.8369928 -0.492524832 -0.23845832 0.836969852 -0.49258998 -0.23840414 0.84347403 -0.473123312 -0.25437358 -0.514745474 -0.18909806 0.836229026 0.900754094 -0.181638807 0.394524515 0.868243277 -0.187925577 0.45917064 0.914736927 -0.162363023 0.369992882 0.884454608 -0.171615049 0.433922172 0.778878093 -0.210667789 0.590735137 -0.963118136 -0.251601368 -0.0953959301 -0.946569741 -0.293709844 0.133192375 -0.947244763 -0.291211486 0.133877411 -0.960640967 -0.234425321 0.149042323 0.521784902 -0.768830538 0.369648755 0.565905392 -0.725274384 0.392081916 0.53219372 -0.759051144 0.374981523 0.0383301415 0.779033184 -0.625809968 0.28959772 0.826350152 -0.482989162 0.472961158 0.667932332 -0.57460773 0.849938452 -0.515263796 0.11003571 -0.813121796 -0.227132022 0.535951436 0.747281492 0.126664385 -0.652323902 0.755905628 0.114894792 -0.644519985 0.590772748 0.301085114 -0.748555541 0.321118504 -0.890383303 0.322645932 0.795401812 0.33356899 -0.506031156 0.760155261 0.252310008 -0.598751664 0.477127731 -0.807636917 0.346513718 0.862930298 -0.0721869692 -0.500140309 0.558135152 0.72517997 -0.403235853 -0.921215892 0.133117735 -0.365569174 -0.925416529 -0.361385763 0.114038527 -0.0384187624 -0.962312281 0.269219518 9.25898894e-06 -0.50000596 -0.866021931 8.56037968e-06 -0.500006616 -0.866021574 1.30717726e-05 -0.500002444 -0.866024017 -0.0592165962 0.644791901 -0.762060881 3.82323469e-06 0.499996603 0.866027415 0.0386240222 0.817045689 -0.575277746 -0.5913468 -0.798606515 -0.111967035 5.5588489e-06 -0.499995023 -0.866028309 2.47902881e-06 -0.500012338 -0.866018355 1.18998214e-05 -0.499988854 -0.866031826 -0.873444617 0.35398832 0.33434543 -0.918491662 0.325416803 0.224671125 -0.835905671 0.548857391 -0.00415808288 0.0969413221 0.992177308 -0.0786547586 0.120684706 -0.385507792 0.914778054 -0.0570870191 0.353989035 -0.933505714 0.0501418039 0.662802219 0.747113705 -0.194815949 -0.34571135 0.917894483 0.106373884 0.00712058134 0.994300723 0.0607182682 0.986418366 -0.152617157 -0.717016339 0.642164946 -0.271130502 -0.899334133 0.436952561 -0.0164511111 -0.7793293 0.565836906 -0.269210726 0.0744311884 0.647140086 0.758728981 0.0936402604 0.599019229 0.795240521 0.172551334 0.361971021 0.916080236 0.591085374 0.0219856128 -0.806309402 0.574936807 0.301951379 -0.760442555 0.567381561 0.348280847 -0.746176064 -0.484891802 0.821220338 0.300794154 -0.221222669 0.937992156 0.266891718 -0.0976983011 0.964698553 0.244564474 0.0750800669 0.975412786 0.207202584 0.0994615555 0.121146366 -0.98763907 0.150637731 0.361684531 0.920050383 0.1593135 0.366861612 0.916532457 0.167134181 0.371501803 0.913264811 0.215541258 0.94567883 -0.243379414 0.308535248 0.778693616 -0.546298683 0.160982683 0.849922538 -0.501713395 0.0688740611 0.582414031 -0.809969246 0.120349705 0.981255233 -0.15051274 0.286396414 -0.944767416 0.159347519 0.480113626 -0.866749585 0.135040417 0.352317095 -0.923448205 0.152039349 0.802961111 0.430595756 -0.412117451 0.792532861 0.485416979 -0.369136959 0.84306848 0.455736458 -0.285551727 0.41870138 -0.739302933 -0.527371168 0.109332405 -0.52044785 -0.846865118 -0.0750237927 -0.397602022 -0.914485633 0.140554175 -0.515495896 -0.845286012 0.915330887 0.346916199 -0.204495639 -0.939194679 0.336646587 -0.0676952153 -0.978522182 -0.196263894 -0.0630462319 -0.97281605 0.212314948 -0.0924729928 -0.913493633 -0.382646769 -0.13824147 -0.928231835 -0.32586208 -0.179442242 -0.921851814 -0.34577778 -0.175005585 0.991744161 0.0761684775 0.103159726 -0.802278936 0.596948862 0.000731881068 -0.914262414 0.400539458 -0.0607651956 -0.932097137 0.354613721 -0.0737843364 0.908572614 0.36281538 0.20702903 0.885780692 0.436187178 0.158534825 0.894392788 0.41424349 0.168712467 -0.335805893 -0.814767182 0.472640187 -0.365461111 -0.848463595 0.38281554 -0.466914386 -0.787687302 0.40192008 0.936869919 0.327718884 0.121963434 0.936490715 0.328810543 0.121937931 0.921857595 0.371160716 0.111437842 -0.00511921942 -0.653848529 -0.756608188 -0.193679303 -0.973268211 0.123439543 -0.358671933 -0.932798564 0.0352317169 -0.285114914 -0.955507755 0.075594306 -0.466465622 -0.775758147 0.424981326 -0.594351292 -0.522830725 0.611060083 -0.616404891 -0.403515756 0.676180422 -0.437951565 -0.893418252 -0.100012012 -0.981938958 0.0167173948 0.188458055 -0.951073706 0.018242199 0.308425158 -0.921663165 -0.30304879 0.242277861 -0.735469759 -0.675250411 -0.0558672026 -0.539971054 -0.836312771 0.0949328542 -0.877649486 -0.465184957 -0.115474246 -0.238767549 0.969670773 0.0522360913 -0.222075686 0.973374367 0.0567869432 -0.46087572 0.88738215 -0.012106305 -0.0155292042 0.992678404 0.119784594 -0.12982063 0.990260661 0.0503044724 0.0630503669 0.984071195 0.166218311 -0.499371231 0.8660537 -0.0240687896 -0.211933777 -0.408967704 0.88759762 0.386983067 -0.914126635 0.120898902 0.691748559 -0.711006045 0.126311079 0.371480495 -0.921807289 0.110785782 0.362274408 -0.925128162 0.113556392 0.241398692 -0.956499279 0.163816512 0.0748887286 -0.609734595 -0.789059818 0.947725832 -0.317984045 0.0264924802 0.920809507 -0.387869656 0.0408282317 0.832002997 -0.548987329 0.0798992664 0.0314750299 -0.648621082 -0.760460436 0.590093434 -0.00580342719 -0.807314157 0.170854896 0.0832378268 0.981774032 -0.576661527 -0.799261928 -0.169238955 0.0367079154 -0.115655906 0.992610812 0.127010822 -0.859733105 -0.494699061 0.310669273 -0.939342201 0.145329982 0.0724437311 -0.661894083 -0.746088624 0.488539189 -0.854092658 -0.178480282 0.490251005 -0.843771219 -0.218412459 0.483114004 -0.869464099 -0.103116766 -0.629192591 -0.747147202 0.214214623 -0.628042102 -0.748046637 0.214451164 -0.396123022 0.246241167 0.884563029 -0.714693248 0.111038715 0.690567911 -0.768820584 0.0795606151 0.634495795 0.245672211 -0.768549144 0.590743124 0.870975137 0.475218564 0.124778062 0.882541656 0.458327532 0.105147511 0.874591768 0.472069651 0.110632114 0.586433947 -0.236440778 -0.774719894 0.867108226 0.479205459 0.13596122 0.868718386 0.479180604 0.125356302 -0.237794876 0.648953021 -0.722712696 -0.890743971 0.400970519 -0.214004353 0.916672647 -0.0159541592 -0.399320543 0.299128175 0.939436793 -0.167274758 0.886193514 -0.391023129 0.248519853 0.824356079 -0.543048501 0.159797981 0.81245327 -0.560452223 0.16066432 0.985879242 -0.0851584822 0.144188032 -0.954430759 -0.167483255 0.247004762 -0.160250932 -0.376667202 -0.912382305 0.234935537 0.93549639 0.263916403 0.038098067 -0.99330771 0.109033689 0.915910363 -0.399593025 -0.0378628522 0.862814009 -0.504955709 -0.0239107758 0.866365969 -0.49879536 -0.0247628875 0.920408964 -0.388986737 -0.0391985737 0.123392217 0.97925657 -0.16072008 0.190157801 0.298563749 0.935253799 0.947799861 -0.294306874 -0.122714013 -0.905960619 0.386692971 0.17234835 -0.909432173 0.382078618 0.164161786 -0.915693998 0.373325288 0.148771062 0.800614655 0.569683194 -0.185680598 0.795524418 0.587670863 -0.147593975 0.670333207 0.741842926 0.0179565605 -0.793426275 0.608647943 0.00475054141 -0.996416628 0.0341825485 0.0773645714 -0.477131158 -0.856013417 0.198964372 0.889852822 0.442761004 -0.110111885 0.819764555 0.570810139 -0.0464960001 0.916520357 0.376455605 0.135172889 0.884112954 0.436756968 0.166095272 0.837421775 0.494683415 0.232407168 0.176606134 0.377087444 0.90918386 -0.905621707 -0.408849597 -0.112655669 -0.890409231 -0.452249795 -0.0513953194 -0.188953325 0.959482491 -0.209021628 -0.31657511 -0.837392449 0.445594043 0.513979137 -0.845754087 0.143267021 0.524651468 -0.839037955 0.144069552 0.481831789 -0.87168324 -0.0894790441 -0.182419047 -0.318667322 0.930147588 0.166944697 -0.159290716 0.973013818 0.709722161 -0.692773819 0.127901867 -0.957553566 -0.269677997 -0.101808488 -0.953472793 -0.202376366 -0.223458111 0.933246017 0.315060765 -0.172593877 0.930716515 0.33705163 0.14199613 0.741634846 0.0348353423 -0.669898689 -0.127966106 0.21119383 0.969031394 -0.0681668818 0.031184094 0.997186482 -0.0997557119 0.125469863 0.987069488 -0.124048285 0.13600561 -0.982911229 -0.798784673 -0.540539622 0.264121085 0.773810267 -0.589469433 0.231826484 0.949061155 -0.313998371 0.0262305085 0.938877702 0.308874458 -0.152004093 -0.297567248 0.954676569 -0.00680842157 0.177979156 0.906256318 -0.383435518 -0.893465996 -0.44513616 -0.0597708188 -0.895082414 -0.444255441 -0.038267877 -0.921299517 -0.353291869 0.162455991 0.944847941 -0.233838111 -0.229307875 -0.555613518 0.818591595 -0.145607218 0.980545282 0.140069038 0.137519881 -0.638802707 -0.346484035 -0.686935127 -0.183014706 0.383293688 0.905312896 -0.895606279 -0.0362484083 0.443368256 -0.845742404 -0.498119295 0.191303 -0.144629106 -0.978337646 0.148114562 0.993281305 0.0734380707 0.0894368812 0.0104578901 0.993124366 -0.116595887 -0.299924552 0.931902707 -0.203966975 -0.899767041 0.39455092 0.186410397 0.18900004 0.869903922 -0.455572128 -0.878599226 0.476647049 -0.0295141488 -0.828631163 0.557235599 -0.0534691215 -0.834304929 0.548943579 -0.050953459 -0.879512787 0.474988729 -0.0290321596 0.142353296 -0.245543659 0.958876371 -0.301499039 -0.47760421 -0.825222671 -0.296336293 0.277064919 0.914012969 0.0008762051 -0.00184824003 -0.999997854 -0.000875917962 0.00184798543 -0.999997854 -0.00198801397 0.00419402914 -0.999989152 -0.999999702 -0.000495208427 -0.000555070525 -0.999999702 0.000494988344 0.000554927101 -0.999947369 -0.00683276402 -0.00765938824 0.000983686303 -0.999996841 -0.00232390361 -0.000983686419 -0.999996841 0.00232369127 0.00198916905 -0.999987006 -0.00469919108 -0.000876081525 -0.00184816762 0.999997854 0.000876125472 0.00184816972 0.999997854 0.00198827474 0.00419428479 0.999989212 -0.000983701437 0.999996841 -0.00232393271 0.000983641366 0.999996841 0.00232360233 -0.00198916858 0.999986947 -0.00469918968 0.999999702 0.00049518724 -0.00055507326 0.999999762 -0.000494987646 0.000554927276 0.999947369 0.00683258753 -0.0076593915 0.00198830105 -0.00419428386 -0.999989271 -0.999947369 0.00683254236 0.00765924342 -0.00198916905 -0.999987006 0.00469897827 -0.0019882312 -0.00419428339 0.999989152 0.00198910851 0.999987006 0.00469885906 0.999947309 -0.00683238637 0.00765924389 -0.0799250156 -0.630099475 -0.772390187 0.54200393 -0.0694361106 0.837502539 -0.274379492 -0.422135472 0.86401242 0.851546586 0.104802273 -0.513697326 0.975467801 -0.160451248 -0.150725141 0.877343893 -0.27243197 -0.395029783 0.950040221 -0.201491371 -0.238379642 0.302924663 0.00726454845 -0.952986896 0.573132038 -0.353476197 0.739306629 -0.104461685 -0.120507739 -0.987200975 -0.604868889 -0.368958712 -0.705693305 0.686894715 -0.101896629 0.719578147 0.61051333 -0.1571787 0.776252687 0.746936262 -0.0524917729 0.662820458 -0.71997726 0.0329203382 0.693216443 0.984283268 0.016653439 0.175809786 0.98556298 0.0261728521 0.167273954 0.934350669 -0.152407646 0.322118878 -0.920698524 -0.390171051 -0.00899018161 -0.92461741 -0.379136503 -0.0365799665 -0.926982641 -0.370752007 -0.0569744781 0.953646779 0.111302428 -0.279588193 0.953747034 -0.160396963 -0.254242986 0.921401739 -0.111766085 -0.372192323 0.96974504 -0.207314894 -0.128899172 0.936749697 -0.113030843 -0.331245959 0.981444299 -0.0113637 -0.191410184 0.98157835 -0.0119459359 -0.190686285 0.980968833 -0.00932676997 -0.193941399 -0.520127118 -0.280535668 0.806701601 -0.458359629 -0.207630068 0.86417377 -0.616749525 -0.405454248 0.674705088 -0.0139984032 -0.52389735 -0.851666391 0.968247354 -0.222319156 0.114330009 0.973308444 -0.211027265 0.090211831 0.964635909 -0.229458183 0.129717112 -0.992145121 -0.124962896 0.00567574566 -0.987901628 -0.151557475 -0.0328758098 -0.994220018 -0.0754373968 0.0763922185 -0.132297575 0.990688622 -0.0321472585 -0.0325951464 0.999362946 -0.0145366136 -0.11518383 0.991924822 -0.0530836023 0.973869145 -0.0267866757 -0.2255245 0.954882383 -0.230716109 -0.187001616 0.950205266 -0.252803028 -0.182210401 0.409206688 -0.126097217 0.903686523 0.297526002 -0.192585811 0.93508774 0.556979656 -0.0264956411 0.830103338 0.00500410656 -0.999917567 0.0118294777 -0.0121673988 -0.998969853 0.0437170118 0.0376605466 -0.999201775 0.0133259799 -0.00510458089 0.823206067 -0.567719936 0.293539852 -0.397509426 0.869379461 0.66572243 0.291427493 0.686937809 -0.140352473 0.0205437224 -0.98988843 0.260989666 -0.160060942 0.951979458 0.231463864 -0.183409095 0.955398142 0.33679238 -0.0976193473 0.936504841 0.0426887907 0.668997765 0.742037535 -0.706819355 -0.0291736647 0.706792235 0.992087364 0.018995313 -0.124104924 -0.995824397 0.00880778115 0.0908634439 0.973703921 -0.227610826 0.0096986983 0.989399791 -0.137837723 -0.0457036197 0.989625812 -0.139224857 -0.0354566872 -0.280730218 0.0415534973 -0.958886743 -0.439192593 0.122177266 0.890046418 -0.309749633 0.0228418056 0.950543761 -0.340257645 0.0456777476 0.939222157 -0.99984926 -0.017358236 0.000326172012 -0.999574959 -0.0291509405 0.000369970192 -0.999849856 -0.0173270609 0.000326056208 -0.00757322693 -0.302891225 0.952995002 -0.000210813014 -0.0922335461 0.995737433 -0.000910285278 -0.112418786 0.99366045 0.665716648 0.291431338 0.686941981 -0.960497797 -0.144544497 0.237804249 -0.970230222 -0.212889358 0.115461737 -0.940664768 -0.0911862701 0.326856047 -0.370360911 -0.207086161 0.905509889 -0.476742536 -0.261867911 0.839131594 -0.298265815 -0.169798642 0.939258218 0.00203823857 0.74886018 -0.662724853 0.987320364 -0.13016665 -0.0908579081 -0.930658638 -0.365835905 0.00622004922 0.0356562361 -0.999355257 -0.00421792036 0.154992372 -0.98024261 0.12288899 0.535596132 -0.833715916 0.134366944 0.536288142 -0.833270848 0.134367511 0.271894455 -0.430223793 0.860802472 0.659728408 -0.0340370163 0.750732839 0.260015726 -0.439172626 0.859953046 0.919019759 -0.362172097 -0.155672833 0.956847966 -0.250917673 -0.146568239 0.875193357 -0.456326455 -0.160632268 -0.955239654 0.261532634 0.138267592 -0.917218149 0.370064557 0.147523195 -0.875468254 0.454835325 0.163341016 0.0126172472 -0.999854922 -0.0114389285 0.395751745 -0.915998399 -0.0657837242 0.0465709195 -0.998796403 -0.0153882764 -0.266446412 0.91670239 0.297763348 -0.712218881 -0.0462065078 -0.700434983 -0.806157589 -0.147204936 -0.573097348 -0.767316461 -0.102287345 -0.63305819 -0.973523438 0 -0.228587389 0.666611075 -0.239555731 0.705863118 0.692838252 -0.279468805 0.664734781 0.686148345 -0.268987805 0.675903916 -0.47045961 0.881942272 -0.0290797502 0.0283552594 0.999470532 0.0159573946 0.0417817309 0.998241127 0.0420588404 -0.152558208 0.988294065 0.000838771113 -0.161132514 0.986931622 -0.00153508503 -0.484854311 0.874594212 -0.00113857968 -0.52852869 0.848914921 -0.00095699192 -0.875263751 -0.455963165 -0.161279008 -0.956009746 -0.253981113 -0.146761373 -0.917928755 -0.364859432 -0.155834407 0.954254508 0.265019834 0.13842991 0.875697911 0.454185903 0.163915545 0.916072369 0.372869998 0.14757891 0.785539389 -0.21225737 0.58126986 0.595689595 -0.302231163 0.744184256 0.869342208 -0.154027075 0.469595253 -0.103833541 -0.994330049 -0.0229404867 -0.394000918 -0.916770577 -0.0655357242 -0.0129841967 -0.999843776 -0.0119944969 0.436479837 -0.885911465 0.156991601 0.200818315 -0.977547407 0.0638199523 0.420097768 -0.904649854 0.0715995654 0.0283492189 0.999243975 0.0266016442 -0.013842769 0.999903381 0.00128398451 -0.00202307454 0.999997914 -0.000285612332 0.539620161 -0.0861018151 0.837494135 0.63582617 -0.205328539 0.744019687 0.624022365 -0.189602211 0.758054793 0.939433634 -0.340926588 -0.0351201743 0.558885932 -0.18551822 -0.808226109 0.479525298 -0.0940670371 -0.87247169 0.653781652 -0.309800357 -0.690357327 0.0221021567 0.0195002463 -0.999565601 0.727883995 -0.271162421 -0.629806161 0.744295478 -0.295030147 -0.599150598 0.674992681 -0.201717108 -0.709714711 -0.112449922 -0.986523867 0.118851289 -0.642950833 -0.753892541 0.135131061 -0.643701911 -0.753253341 0.135119587 -0.205589712 -0.460156411 0.863706529 -0.682953477 0.0318759605 0.729765952 -0.451592207 0.159169853 0.877912045 -0.477681309 -0.222636238 -0.849855125 -0.332517415 -0.0677043647 -0.940663815 -0.384372532 -0.121311791 -0.915172756 0.950936615 -0.138072804 -0.2768673 0.916661203 -0.0859848633 -0.390306026 0.971314251 -0.199699193 -0.129107833 -0.456093371 0.0616195276 -0.887796044 -0.712731779 0.025843773 -0.700960457 0.65265435 -0.0249618813 0.757244468 -0.912383676 0.124277376 0.390014172 0.187106311 -0.696726382 0.69250536 -0.468757063 0.157541394 -0.869164765 0.873006582 -0.0381856114 -0.48621121 0.0873546675 -0.905674338 -0.414876997 -0.998296499 -0.049660299 0.0306237731 -0.998304546 -0.0492156968 0.0310775079 -0.998181939 -0.0545535162 0.0256278794 0.99920243 0.0140949069 -0.0373617709 0.981852293 -0.189646691 -0.000447151426 0.999589384 0.0286513362 0.000368102279 0.981783748 -0.190001339 -0.000448486331 -0.999202549 0.0140891252 0.0373588651 0.462591648 -0.0565451384 -0.8847664 0.429484904 -0.0213694964 -0.902821183 0.535386205 -0.138434276 -0.833185136 -0.453423351 0.0761033371 -0.888040185 0.883776128 -0.071213156 -0.462459266 -0.859330058 -0.220964745 0.461222649 -0.945416749 -0.0532315299 0.321486682 -0.926751137 -0.100121416 0.362088442 -0.744683564 0.0936525688 -0.660814404 -0.0645474344 -0.0476549566 -0.996776044 0.877444744 -0.144619405 -0.457357734 0.888346016 -0.167285427 -0.427617788 0.838072121 -0.0773183629 -0.540052772 -0.721375346 -0.103028744 -0.684837699 -0.693668664 -0.131153867 -0.708253026 -0.783918142 -0.0318400674 -0.620047152 0.274360418 -0.422136068 -0.864018261 -0.981296659 -0.141575977 0.130433872 -0.98129648 -0.14157778 0.130433843 0.853008509 0.521639109 0.0164020769 -0.828508437 0.146189168 0.540557504 -0.616284072 0.0731033161 0.784123659 0.171684161 0.0119417878 0.985079646 -0.737143099 0.169069782 -0.654244125 -0.242807642 -0.071588695 0.967429399 -0.686890543 -0.101897351 -0.719582021 -0.610508442 -0.157182172 -0.776255846 -0.746931851 -0.0524907 -0.662825465 -0.760889888 -0.162352651 -0.628242075 -0.621169448 -0.246123224 -0.744024038 -0.84200871 -0.098653622 -0.530366719 0.0259891171 -0.980225384 -0.196169913 -0.00661288481 -0.997464061 -0.0708643422 0.0135662779 -0.994171977 -0.106948942 0.505910695 -0.824497163 0.25349313 0.348429263 -0.913256049 0.211093277 0.394789129 -0.893179774 0.215340093 0.698491633 0.0253766607 0.715168178 -0.607841611 -0.154164299 0.77894932 -0.423426241 -0.280912608 0.861277103 -0.488647044 -0.239752814 0.838893712 -0.929504275 -0.358845234 -0.0851584822 0.323030114 0.041023612 -0.945499063 0.839004576 0.543920875 -0.0148835797 0.825059116 0.565007865 -0.00660209591 0.820773602 0.571245968 -0.0029460378 0.804984748 0.593294978 -0.000804790761 0.847396016 0.530894578 0.00842073373 0.808761537 -0.532069027 0.250613987 0.698224008 0.71532464 -0.0281756464 0.798889577 0.601407945 -0.0091615757 -0.858281612 -0.220012352 -0.46362403 0.554105818 -0.343846917 0.758113503 0.535466552 0.0172202457 0.844380856 0.997879684 0.0597348958 0.0258455258 0.593916893 -0.358916938 -0.720028698 -0.0152868163 -0.99633652 -0.0841417015 -0.0269371197 -0.998229444 0.0530320928 -0.0568255559 -0.99830091 0.0128859831 -0.0317717306 -0.997658134 -0.0605721511 -0.0071956208 -0.998836577 -0.0476851761 -0.0469212346 -0.998150408 -0.0386536457 -0.0335969068 -0.999037325 -0.0282088034 0.00862292387 -0.999899447 0.011258522 -0.0103576202 -0.999752104 0.0197092202 -0.00174598384 -0.999967694 0.00784236565 -0.0725966468 -0.997106373 0.0225514043 -0.0787092596 -0.996433973 0.0304020718 -0.00882014446 -0.999806225 -0.0175962131 -0.0215618592 -0.99959451 -0.0185957346 -0.00135671382 -0.99984324 -0.0176557731 0.0174321756 -0.999698222 0.0173054934 0.0217433963 -0.999755859 -0.00393044017 -0.000181875002 -0.999999821 0.000507528195 0.0202655233 -0.999794602 -0.000143823199 0.0411476046 -0.998431921 -0.0379545093 0.00144676946 -0.999973536 0.00712588942 0.00531381276 -0.999821126 0.0181520376 0.0652016997 -0.997806191 -0.0114712995 -0.0388818979 -0.999221504 -0.00667740218 -0.0154689914 -0.999809384 -0.0119077517 -0.391995966 -0.918427169 0.0532040633 -0.588142812 -0.802418232 0.101059295 -0.0475594141 -0.998865664 -0.00231686211 0.00135645084 -0.999994993 0.00283105182 0.00186779187 -0.999997914 -0.00082667981 -0.00323836133 -0.999959528 0.00839556195 -0.0540505759 -0.998533666 -0.00300453044 0.498883367 -0.22693415 0.836430669 -0.937416494 -0.346441597 0.0350509174 0.300967902 0.105564035 -0.947773457 -0.140230596 0.146930277 -0.979156196 -0.95087707 -0.26018548 0.167738885 0.205225974 -0.27202934 -0.940150142 0.10053613 -0.295219272 0.950125277 0.593908131 -0.358919501 -0.720034719 0.969277143 0.243287027 -0.0362395421 -0.630413651 0.776248991 0.00401857635 0.101009198 -0.280373544 0.954561591 0.982174635 -0.0145838354 -0.187404156 -0.286203921 -0.325314492 0.901253402 0.782226026 -0.357296109 -0.510354698 -0.598100185 -0.216873497 -0.771519303 -0.935918331 -0.321159005 0.144616112 -0.303047001 -0.34839654 0.887007654 0.976951897 -0.201576889 0.0702268854 -0.967387855 -0.217343062 -0.130087644 0.220436692 -0.895700753 -0.386170596 0.973227501 0 -0.229844064 0.0239748526 -0.993658602 0.109853908 0.000365181273 -0.999982297 0.00593448803 0.132563502 -0.991173685 0.00129138201 0.254990697 0.96590507 -0.044803407 -0.0034828377 -0.999748409 -0.0221579783 0.00284288893 -0.999261558 -0.0383162424 0.0185923334 -0.999728262 -0.0140672792 0.0384872928 -0.999209344 -0.00997717492 -0.00419799378 -0.999910593 -0.0126946671 0.0164531264 -0.998120964 0.0590233319 -0.0973611996 -0.916448951 0.388126552 -0.00450167805 -0.999927104 -0.011213175 -0.323236734 -0.945874035 -0.0289875157 -0.123794436 -0.992273569 -0.00825778395 -0.00564309955 -0.999983191 0.00133721146 0.0145271728 -0.999889791 -0.00306768343 0.0522099286 -0.995497406 0.0791144371 -0.0136820469 -0.999895453 -0.00467436854 0.0187973138 -0.999082208 -0.0384889059 -0.109403953 -0.993976712 -0.00641019037 0.0244707111 -0.99969846 0.00201767543 0.0450836271 -0.9945122 0.0944083184 -0.00712382142 -0.999973416 0.00155017385 -0.040712174 -0.999041021 0.0161094852 0.0188606605 -0.9992311 -0.0343719423 -0.0106412806 -0.999928057 -0.0055291946 -8.97036845e-09 -1 -2.72723568e-08 0.307270795 0.825154245 0.474030674 0.0166124664 -0.999832988 -0.00761948293 -0.0135503439 -0.997312367 -0.0720034763 -0.1391121 -0.989610493 0.036317382 -0.00832164194 -0.99994576 0.00626519136 0.0100111151 -0.999945343 0.0030049372 -0.0244601294 -0.999516249 -0.0192112532 -0.0040275217 -0.999963582 -0.00752273109 -0.0134397959 -0.999909401 -0.000682622544 -0.00875637773 -0.999941349 0.00636860728 0.0010421077 -0.999988794 0.00462270062 -0.0127013139 -0.999760628 0.0178087912 0.0354548506 -0.999368429 -0.00235019671 0.0213639867 -0.99977082 0.00141074252 -0.00534110516 -0.999538064 -0.029917907 0.289435208 -0.95656836 0.0347004198 -0.0308506843 -0.999360979 -0.018050909 0.0185670312 -0.999809206 0.00606389623 0.168331444 -0.985055387 0.0364742465 0.0780574307 -0.996604562 0.0262007508 0.0134501262 -0.999759197 0.017338654 0.0234174784 -0.999450445 0.0234630089 -0.791742861 -0.610812783 0.0071431119 -0.0224137008 0.0271249358 -0.999380708 0.00883867126 -0.999908626 0.0102258148 0.0350757726 -0.999381125 0.00266355812 0.00588508276 0.999977589 0.00319334702 0.00945817865 0.99995482 0.000965034938 0.0217214823 0.999763548 -0.00102039904 0.0244780462 0.999694705 0.003375798 0.0113776121 0.999922633 0.00503523741 0.00442057755 0.999989212 -0.00137966278 -0.0306727849 0.999524891 0.00302415946 0.0216772351 0.999759614 -0.00328077679 0.0107829021 0.999931872 -0.00447023194 0.0235849991 0.999719858 -0.00199752278 0.00569776073 -0.753731906 -0.657157242 -0.155917823 -0.0876445696 0.983874023 0.834312081 -0.301484764 -0.461551994 -0.978984356 0.108466148 0.172698304 0.709862411 -0.31512332 0.62991488 0.104331724 -0.994208395 -0.0257773288 -0.0357240215 -0.999057055 0.0246718172 0.7861889 -0.369691014 0.495212764 0.230981827 -0.31554243 -0.920369685 -0.00745776575 0.999963462 -0.00418112846 -0.00148506125 0.999998868 0.000336817116 -0.000998913543 0.999999225 -0.000794103893 0.0120986914 0.999926627 -0.000564909191 0.00075279508 0.999997914 -0.00187277095 0.00584469782 0.999980927 0.00198750803 -0.00593127916 0.999982238 0.000505319389 -0.00830817409 0.99996525 0.000623247062 -0.00627378654 0.999972761 0.00386955566 -0.011220146 0.999906063 -0.00787382759 0.0165990684 0.999855578 0.00364209223 -0.000333266391 0.999997318 -0.00230590394 -0.00591890886 0.999982238 0.000731932872 -0.00808353536 0.999919891 0.00974609517 0.973599553 -0.228056416 0.00970207155 -0.00396812893 0.998600245 0.05274342 -0.0475842915 0.998833656 -0.00818909705 0.010470435 0.999921083 0.00693425909 -0.999574125 -0.0291792024 0.000370075111 -0.000187233294 -0.0915524662 0.995800257 -0.536656439 -0.30940634 0.785027146 -0.536656916 -0.309406966 0.78502655 -0.179847538 0.714764655 0.675844848 -0.934818685 -0.354075551 0.0272846203 -0.962771773 0.257135034 0.0833786726 -0.850105345 0.526265919 -0.0191069972 -0.822053611 0.569408953 -0.0011040247 -0.896410763 0.443143874 -0.0084412545 -0.839908242 0.542724013 0.00218852516 -0.789394021 0.613877356 -0.00342308497 -0.726239026 0.687041938 -0.0234580822 0.121508427 -0.969113648 0.214602903 -0.817095459 -0.576502204 -0.000354989868 -0.824818075 -0.565397739 0.000709659536 -0.788454413 -0.615034401 0.008516456 -0.826527059 -0.562895298 0.00137373654 -0.824770153 -0.565467715 0.00061781297 -0.747462511 -0.664003611 0.0199737158 0.154325679 -0.980352521 0.122852199 0.665158033 -0.0262627453 0.746240556 -0.302705795 -0.0385539047 0.952303946 -0.994681001 -0.077911377 -0.0673755556 -0.8196612 -0.572804809 -0.00708524557 -0.973637283 -0.222124904 -0.051874008 -0.817493737 -0.575899124 -0.00664444128 -0.823490322 -0.567283154 -0.00731976377 -0.873499274 0.459792823 0.159967497 -0.875809908 0.451808095 0.169783175 -0.874228954 -0.457823873 -0.161619842 -0.874082088 -0.458327025 -0.16098702 0.873848677 -0.459151059 -0.159902826 0.874153733 -0.458110929 -0.161213055 -0.685496092 0.267531663 0.67714256 0.711223543 -0.309556514 0.631138504 -0.0503177419 0.282162994 0.958045959 0.203979909 -0.291661054 -0.934519172 -0.00268328167 -0.999919057 0.0124375066 -0.019410789 -0.999808311 -0.00254481984 -0.0231101494 0.999732554 0.000882251246 0.876207888 0.450636148 0.170841277 0.873723507 0.459270686 0.16024214 0.818973243 -0.573830605 0.00115131319 0.821103334 -0.570779502 9.71688423e-05 0.783128142 -0.621855557 0.00246039755 0.820081413 0.572207451 -0.00672075944 0.799579561 0.600493491 -0.00894920621 0.467127919 -0.344454467 0.814335704 0.822235167 -0.569147527 -0.000594521 0.823220134 -0.567716241 0.00260740356 0.939003527 -0.342028379 -0.0359036624 0.816517591 -0.577319384 -0.00118414976 0.724085033 -0.689682066 -0.00628479477 0.114133887 0.992438614 -0.0451554805 0.315871328 0.9437747 -0.0975436121 0.315500379 0.94399184 -0.0966375917 -0.12691322 -0.261327654 0.956870437 0.706616044 0.0291964412 0.706994534 -0.459935486 -0.88251996 0.0980709717 -0.140293524 -0.989049733 0.0458081663 -0.00245813164 -0.999824345 -0.018581517 0.0140759377 -0.999655306 -0.0221618991 0.00404228596 -0.999834776 -0.0177205633 0.00929650851 -0.999929845 -0.00734449318 0.00856499653 -0.999949098 -0.00534485886 0.00315595698 -0.999982417 0.00501378486 -0.0131061915 -0.999913335 0.00123046781 0.0311753675 -0.998107314 -0.05300707 -0.00980425905 -0.999840498 -0.0149316676 0.00540148374 -0.997919261 -0.0642490312 -0.00126216211 -0.999984384 0.0054443921 -0.0314499363 -0.993239641 -0.11173971 -0.0276977625 -0.999611795 -0.00301762647 0.16266638 0.986673534 -0.0038650895 0.00594809279 0.99998194 0.000834960432 -0.00247539161 0.999955893 0.00906233024 -0.0143127665 0.999895871 0.00183095108 0.412240148 0.910710514 -0.0257747639 0.00707556261 0.999974608 0.000839158136 0.00430921838 0.99997431 0.00573452935 -0.00913365185 0.999958158 -0.000518804882 -0.00601120107 0.99998039 0.00175637566 -0.0394294448 0.998139799 0.0465020947 0.195236191 0.979443431 0.050727345 0.00662461063 0.999972105 0.00344963209 0.000202449228 0.999992549 0.00387202506 -0.201872304 0.977273405 0.0646848753 -0.327451468 -0.944867492 0.000930036302 -0.027689321 -0.999614418 -0.00209519942 -0.0136517603 -0.999399185 -0.0318585895 0.57760787 0.140525103 -0.804127932 -0.246184915 0.969032884 0.0191897899 -0.0531212538 0.998586774 -0.0016057 -0.0599619485 0.998197019 -0.00268275128 -0.0368839651 0.999311864 -0.00390591938 0.0180896726 0.999525309 0.0249389242 0.0414829701 0.999017 -0.0156294145 -0.504757285 0.86199528 0.0467347465 -0.0110779367 0.999934912 0.00272585801 0.0678688288 0.997302592 -0.027952604 0.0480391495 0.998815179 -0.00777659193 -0.0182941891 0.99967438 0.0177909713 0.0449683629 0.998889565 0.0140569974 0.0292722546 0.99944216 0.0160743762 -0.208763629 0.977954984 -0.00467733154 -0.00151245494 0.99974215 -0.0226576328 0.62166965 -0.482385099 -0.617115319 0.0280434433 0.998502195 0.0469768792 0.323329449 0.898337603 0.297401428 0.301525176 0.0866618082 -0.949511647 -0.111189179 -0.986676872 0.118768059 0.0183152426 0.999672115 0.0178965516 0.131550655 0.991307616 0.00190061785 -0.0677615553 0.99730432 -0.0281536523 0.0553618632 0.998384237 -0.0128074484 0.33615002 0.941808105 -0.000755737245 0.0483895615 0.99824512 -0.0341324098 -0.0416886434 0.996944845 -0.0660520792 -0.170992345 0.0895601064 -0.981193483 -0.0701117069 0.66311264 0.745228767 0.0816118494 0.630835593 -0.771612644 0.00775732845 -0.999923825 0.00960468501 0.00350707327 -0.99975127 -0.022026198 -0.0447206348 -0.998973608 0.00720450422 -0.225379661 -0.974269629 -0.00164235884 0.126885593 -0.982805669 -0.134138435 0.097488828 -0.992807984 -0.0694863796 0.0725774392 -0.996888101 -0.0307693947 -0.0455411486 0.586855352 0.808410108 -0.0364675112 -0.999333203 -0.00180288788 -0.121596649 -0.992556572 -0.00676187314 0.604153514 -0.369353086 -0.706099749 0 -0.99999994 -2.17558249e-06 -0.998373747 -0.0430918336 0.0373238325 0.616940677 0.0569307096 -0.784947753 0.999574065 0.0291835424 0.000370074529 0.135717273 -0.255656838 0.95719403 0 -0.99999994 -2.17558841e-06 0.915878773 -0.244716465 -0.318245202 0.0108118942 -0.106365405 -0.994268298 -0.671630383 -0.440104872 -0.596003592 -0.535478413 0.0172201805 -0.844373345 -0.540955484 -0.294771105 0.787703693 -0.539076746 -0.361831248 -0.760575056 -0.756019235 -0.335945874 0.561760783 -0.498879433 -0.226939768 -0.836431503 -0.963651419 -0.266928315 0.0111869751 -0.985450208 0.1677441 -0.0273826588 -0.198546037 0.811082959 0.550203502 -0.544631898 -0.804909647 0.235577315 -0.462945819 -0.317595333 -0.827535152 0.0427491926 0.15958111 -0.986258805 -0.877827287 -0.403962374 0.257358968 0.832135797 -0.554131091 -0.0221082997 -0.000843474059 0.000661536877 -0.999999464 0.000843263231 -0.000661536877 -0.999999464 -0.00583637459 0.00457795989 -0.999972522 -0.999999523 0.000670177862 0.000582246517 -0.999999523 -0.000670205394 -0.000582088018 -0.999950528 -0.00751026208 -0.00652375538 -0.00134058599 -0.999998629 0.000914451608 0.00134058006 -0.999998629 -0.000914430479 0.00583307585 -0.999975085 -0.0039788601 0.000843809219 0.000661456026 0.999999404 -0.000842815789 -0.000661456317 0.999999464 0.00583637599 0.0045773997 0.999972463 0.00134067738 0.999998629 0.000914493168 -0.00134048774 0.999998629 -0.000914335367 -0.00583298365 0.999975085 -0.00397867663 0.999999523 -0.0006702182 0.000582200824 0.999999523 0.000670172623 -0.000582136912 0.999950528 0.00751026161 -0.00652381638 0.00583616365 -0.00457795989 -0.999972522 -0.999950528 0.00751023786 0.00652391696 -0.00583308004 -0.999975085 0.00397888012 -0.00583538227 -0.00457740016 0.999972522 0.00583317131 0.999975145 0.00397883309 0.999950528 -0.0075103105 0.00652388297 -0.980711877 0.195376366 -0.00568534294 -0.92664665 -0.375743568 0.0119493706 -0.978766859 0.204889551 -0.00598011352 0.0408023 -0.999151647 0.00559099717 0.769487619 -0.638139963 -0.0258099232 0.441175461 -0.897418797 0.00194532447 0.996075273 0.0881025121 0.00848933123 0.962993264 0.26919058 0.0134286899 0.996219635 0.08645951 0.00844358001 -0.999893844 -0.0134470072 0.00561531819 -0.996429682 -0.0843892694 0.00252754404 -0.99625206 -0.08646404 0.00243676663 0.580867767 0.813975811 -0.00599646149 0.590668619 0.806890965 -0.00613612728 0.580733299 0.814071774 -0.00599454716 -0.617541969 -0.582658112 -0.528347909 -0.687889338 0.725801885 0.00444951793 -0.768640578 0.639661431 0.00499618705 -0.687021196 0.726623893 0.00444365479 -0.714480877 -0.699572325 -0.0107539408 0.988753498 -0.149423093 -0.00626977393 0.99062556 0.136460587 0.00629102392 0.987671137 -0.156405166 -0.00657685287 -0.0496039242 0.998747885 0.00649597589 -0.372911036 0.927847683 -0.00598941045 -0.379208297 0.925290346 -0.00624239817 -1.75658477e-06 0 -1 -6.0187557e-07 0 -1 -1.26458349e-06 0 -1 -0.032344602 0.999475777 0.00139582029 0.103053316 0.994648159 0.00742566073 0.106434591 0.994290829 0.00757557061 -0.0366536006 -0.666302562 -0.744780123 8.40740427e-07 0 1 -0.923784196 -0.382720202 0.0121639967 0.887154758 -0.461022943 0.0203541573 0.986240506 0.164563581 -0.0157675706 0.961843193 0.273266196 0.0135374172 0.21112439 0.977427006 0.00792945642 -5.81628115e-07 0 -1 -1.14107797e-06 0 -1 -1.42113834e-06 0 -1 -9.76699766e-07 0 -1 -5.20077243e-08 0 -1 -2.28812814e-06 0 -1 -6.8314388e-05 0 -1 -0.201137662 0.974098206 0.103325687 -0.210287049 0.972325027 0.101800993 -0.0723380595 0.989701331 0.123525128 0.938308656 0.309755534 -0.15371497 0.839654744 0.489447504 -0.235416785 0.910862088 0.37066853 -0.181480363 0.942266107 0.334824562 0.00522216968 0.000114665963 0.999656677 -0.0261983033 -0.0163822249 0.999567866 -0.0244077798 -0.23898907 0.971022129 0.000469665625 -0.0427489541 0.990873098 0.12783964 -0.952557683 0.304355115 -0.00134315959 -0.924879253 0.380260885 0.000240107256 -0.917931795 0.396737814 0.00059058133 -0.255426258 0.966825724 0.00236131647 0.686516166 0.727076113 -0.00747553539 0.34484458 0.9386186 -0.00879964046 0.684183836 0.729271114 -0.00749118021 0.343747884 0.939020753 -0.00880145561 -0.79032433 0.612099171 0.0268708486 -0.793556273 0.607589781 0.0332144909 -0.786838412 0.616830349 0.0201465227 -0.999914706 -0.0117558017 0.00568854623 0.590877771 0.806737721 -0.00613911171 0.0602413826 -0.998168766 0.00549727585 0.0155935967 -0.99987793 0.000995603506 0.0631227121 -0.997982919 0.0067571355 0.0489422232 -0.998792648 0.00422122469 0.00093862135 -0.999999523 0.000143669895 0.62495935 -0.780652165 0.00283605745 0.0136077739 -0.999716103 -0.0195623431 0.119272754 -0.99285996 0.00178396481 0.13008067 -0.991500556 0.00235663448 -0.503055155 -0.864254177 0.000460385229 -0.500935793 -0.865484297 0.000506636745 -0.202477589 -0.979265809 0.00643188413 0.0867829099 -0.987753153 -0.129662707 -0.0288519505 -0.999582171 -0.0017434957 -0.470855683 -0.872378111 -0.131344631 -0.19581759 -0.980618477 0.00655236701 -0.797548711 0.601845622 0.0412052758 0.989603102 0.143673584 0.00660762005 -0.0731499866 -0.997301638 0.00621182658 -0.0408019871 0.999143958 0.00682310481 -0.953084409 0.302701294 -0.00137710362 0.161449865 0.986880541 0.000818968052 -9.04724857e-07 0 -1 -0.769732535 0.63834691 0.00500359992 -0.0366994254 0.999325633 0.00120101392 7.84780582e-07 0 1 1.68409588e-06 0 1 0.795936644 0.546192884 -0.261071652 -0.00130980182 0.000944471278 -0.999998689 0.00131005945 -0.000944477913 -0.999998689 -0.00671218522 0.00483965036 -0.999965787 -0.999998629 0.00131009088 0.00100805541 -0.999998629 -0.00131032418 -0.00100830558 -0.999949634 -0.00795317069 -0.00611985335 -0.00231876085 -0.999996483 0.00128921424 0.0023189662 -0.999996483 -0.00128945429 0.0067050592 -0.999970615 -0.00372820953 0.00130987051 0.000944473024 0.999998689 -0.0013099527 -0.000944474014 0.999998689 0.00671218382 0.00483965268 0.999965727 0.00231886422 0.999996424 0.00128918991 -0.00231886492 0.999996483 -0.00128921203 -0.00670495909 0.999970555 -0.003727715 0.999998629 -0.00131013128 0.00100808404 0.999998629 0.00131029775 -0.00100827892 0.999949694 0.00795317627 -0.00611982867 0.00671244273 -0.00483965687 -0.999965727 -0.999949634 0.00795293506 0.00611960143 -0.00670485198 -0.999970555 0.00372796832 -0.00671226624 -0.00483965408 0.999965787 0.00670495676 0.999970555 0.00372769195 0.999949634 -0.00795300771 0.00611963216 -0.91623342 -0.318117827 -0.243551254 -0.666733742 0.245764986 -0.70360899 0.0576634295 -0.0257777777 0.998003185 -0.301065296 0.0921763033 -0.949138045 -0.17942059 -0.928744853 0.324409187 -0.572654128 -0.161171749 0.803797841 0.446852803 -0.840631366 -0.306041777 0.325437188 -0.945553541 0.00438626856 0.166116431 -0.983816624 -0.0671588182 0.483599603 -0.0397229195 -0.874387562 -0.30152601 0.523869574 0.796644688 -0.274481237 0.455626994 0.846796334 -0.23039341 0.347830266 0.908808529 0.762902439 -0.403013945 -0.505529225 0.761822879 -0.404146791 -0.506251991 0.763164997 -0.402737767 -0.505352855 0.128888518 0.937297344 0.323823154 0.0873818099 0.920257986 0.381431043 0.418549299 0.837261498 0.351865828 -0.17431879 -0.658490837 -0.732122064 0.000474210858 -0.245390832 -0.969424069 -0.00215618475 -0.269492865 -0.96299994 0.933929861 -0.319937706 0.159420386 0.457705498 0.759562492 -0.462136894 -0.0744120255 -0.709604621 0.700659752 0.0409372151 0.758290708 0.650630057 0.148696527 0.887296855 0.436570197 0.055109363 0.98606348 0.156976998 -0.924323142 0.0140321506 -0.381352633 0.991927803 -0.0618553981 0.110693716 0.997272491 -0.0581209399 0.0454928987 0.997706115 -0.0544895306 0.0401677601 -0.474733889 0.842231274 0.255488366 0.968545198 -0.0550621562 0.242669269 0.874176502 0.303624272 0.378982425 0.861792266 0.328271627 0.386719286 0.05785878 -0.672554076 0.737782717 0.0447108187 -0.699438334 0.713292956 0.0442253947 -0.70040834 0.712370813 -0.0376255326 -0.704645693 -0.708561003 -0.0654378012 -0.827527404 -0.557598591 0.334150881 -0.710667253 -0.619108498 0.705831528 0.698376477 -0.118626475 0.0552054457 0.998094261 -0.0275729559 -0.0639721528 0.930858493 -0.359736145 -0.0571743026 0.945178688 -0.321509689 -0.836758912 -0.190221652 -0.513468862 -0.963268518 -0.163772807 -0.212819457 -0.952734649 -0.188584119 -0.238186419 0.53801012 -0.803542435 -0.254685402 0.879138172 0.0467806794 0.474265397 0.860303462 -0.160610363 0.483820319 0.858902633 -0.168082237 0.483771265 -0.970172167 -0.198677376 -0.138899788 0.0221626833 -0.995132506 0.0960212201 0.0225259364 -0.999722779 0.00686252024 0.00941507518 -0.941224277 0.337651163 -0.0912671536 -0.289280713 0.952883482 -0.000188235019 0.463687092 -0.885998964 1.95177799e-05 0.456437886 -0.889755249 2.45180017e-05 0.456263036 -0.889845014 0.94512707 -0.321622074 0.0573937967 0.999236345 0.0355574042 0.0161934346 0.990002632 0.141005635 0.00351530453 0.00265130191 -0.0596519522 -0.998215795 -0.251021236 -0.397084475 0.882786691 -0.638145208 -0.769886911 0.00669493573 -0.833259642 -0.546301425 0.0850472972 -0.893726528 -0.435022414 0.109581806 -0.416352302 0.784610033 -0.459388405 0.389650077 0.882718623 0.262641728 -0.929298639 -0.362572223 0.0703249797 -0.854069531 0.514884055 0.0738897026 -0.853622139 0.516709268 0.0658850595 -0.846578181 0.458561897 0.27023375 0.608231485 -0.780029058 -0.147000417 -0.180974081 -0.832036614 -0.524369478 -0.266703844 -0.77074343 -0.578639567 -0.1757714 -0.823202968 -0.539852917 0.993060648 0.117602222 0.000476038462 0.158429533 0.918821692 0.361478657 0.180795118 0.981601119 0.0614203103 0.213292599 0.956805229 0.19756034 -0.0387190208 -0.995378554 -0.0878774673 0.0696658045 -0.992804348 0.0973969027 -0.0586754456 -0.986148059 -0.155142352 -0.108708464 -0.989572704 -0.0944900811 -0.00924612395 -0.999957263 0.00019881576 0.03494725 -0.999336302 -0.0102731343 0.0420871675 -0.998787463 -0.0255405456 0.0410341397 -0.998994529 -0.0180576798 0.0413379259 -0.964488149 -0.260871142 0.0392782763 -0.999209046 0.0062040966 0.00614741165 -0.999981046 0.000431999593 -0.0171695091 -0.99390173 0.108924612 -0.28710717 -0.956360698 -0.0542566068 -0.115147755 -0.993173122 -0.018659709 0.0838675573 -0.99217093 0.0925366506 -0.0620393679 -0.997676671 0.0281481482 0.0571743064 -0.945178747 -0.32150948 -0.0394113585 -0.999210596 0.0049812072 -0.0239693634 -0.999618769 -0.0137081696 -0.0738134086 -0.994458735 -0.0748560727 -0.090199396 -0.989331365 -0.114400551 0.0107553201 -0.999803841 0.0166364871 0.0349487253 -0.990430415 -0.133514926 -0.0332185067 -0.984324694 -0.173209131 0.187470734 -0.096497193 0.977518737 0.0729804635 -0.996730864 -0.0346617587 0.0467740335 -0.998897314 -0.00403512362 -0.125445917 -0.991539478 -0.0333582498 -0.399054497 -0.878136098 -0.263879508 0.125401914 -0.909932733 0.3953439 0.770509899 -0.629551709 0.0998959541 0.0250577796 -0.99761802 0.0642676651 -0.226423591 0.97294265 0.0459892899 -0.216527596 0.97500211 0.0498663411 -0.230695322 0.969804108 0.0791179538 -0.272463351 0.886116922 0.374913931 -0.306788266 0.884915829 0.350435317 0.761637986 -0.404340595 -0.506375611 -0.0810424536 -0.889262259 -0.450160712 -0.99929285 -0.0175912101 -0.0332321562 -0.998917639 0.010233283 -0.0453745946 -0.999972105 0.00731543032 -0.00149766146 0.170204893 0.971665323 -0.164002687 0.0333009139 0.998930097 -0.0320874378 0.0850135162 0.993762672 -0.0721703023 -0.00939842872 0.998643637 0.0512109026 0.0392592587 0.994441807 0.0976944566 0.0431981497 0.9987185 0.0263666715 0.12361636 0.991725445 0.0346362777 0.795596957 0.597650111 0.099196136 -0.6373474 -0.766468227 -0.0794662684 -0.828925788 0.548034847 -0.111980796 -0.144068837 0.933376431 -0.328713417 -0.523507237 0.754909098 0.395034641 0.0779650956 -0.855756879 -0.51147002 0.0603191666 -0.821475089 -0.56704545 0.078554444 -0.856845617 -0.509553552 -0.823635042 0.328050613 -0.462610155 -0.478984058 -0.38756144 0.787636042 0.0967949405 -0.888667464 -0.448219776 -0.422115326 0.894930005 -0.144634038 -0.339908302 0.939847887 -0.0338877477 -0.118767105 0.948816121 0.292646885 0.0144189326 0.646996677 0.7623564 0.0209637247 0.613350093 0.78953284 0.0744122192 0.709606349 0.700658023 -0.0623823255 0.98987323 0.127512112 -0.0293755084 -0.68928504 -0.723894477 -0.151419416 -0.924179733 -0.350662291 -0.23517774 -0.869334519 -0.434682608 -0.0794271529 -0.965257764 -0.248935327 -0.000191988191 0.463817805 -0.885930657 -0.238325655 -0.869489193 -0.432653964 0.0315096192 -0.9951213 -0.0934924111 -0.876604438 0.306551605 0.370932132 -0.186096609 0.585727572 0.78885442 0.0318566002 0.99265027 0.116749465 0.115587011 0.643811464 0.756403625 -0.143674925 0.794510782 0.590008557 -0.135355398 0.94549036 0.296187103 0.0231250487 0.999729693 0.00241687242 0.0539087653 0.997862995 -0.036922127 0.0358059146 0.998034835 -0.0514245853 0.100311354 0.99432528 -0.0354238935 -0.202939108 0.28242442 0.937577784 0.0134824114 0.997967064 -0.062288709 -0.0417155363 0.998771489 -0.0267462172 0.0248407368 0.99962157 -0.0118145645 0.318345308 0.947843194 0.0157968383 0.462299824 0.877922773 0.124621406 0.448145419 0.893130839 -0.0385111645 0.475749731 0.865070343 -0.15910852 -0.12464609 0.985743344 0.113019451 0.00102866429 0.952906072 0.303263873 -0.425183117 0.901633203 0.0792272538 -0.471505135 0.87159735 0.134168208 -0.196723461 0.948078752 0.24989289 -0.147123784 0.908037663 0.392201632 0.123792484 0.935826361 -0.330006897 -0.939395726 0.0299407188 0.341525018 0.969446599 -0.0776825547 0.232677519 0.0593464449 -0.669437408 0.740494192 -0.0482070148 -0.832268834 -0.55227232 -0.0117565654 -0.742324114 -0.669937789 0.803702891 0.484081954 -0.346014768 -0.532909155 0.809669197 -0.245852754 0.721124232 0.00224351301 -0.69280225 0.0639721528 -0.930858493 -0.359735996 0.879059732 0.0586904287 0.473084956 0.00104091549 -0.49898082 0.866612434 -0.294186383 0.955388427 0.026216846 0.712132156 0.617179334 -0.334600508 0.0128559582 -0.999139547 0.0394330993 -0.339637339 -0.938364029 -0.0641835928 0.128865451 -0.909481883 0.395267516 0.932423711 -0.356142879 0.0612231195 -0.941059232 0.321298391 0.105710804 0.999004304 -0.0409997068 -0.0175944902 0.999125123 -0.037321683 -0.0188673455 0.0393992402 -0.88639164 -0.461256683 -0.291316181 0.781021893 0.55239445 -0.284825057 0.785901487 0.548847437 -0.12276575 0.908309579 0.399877757 -0.0388483107 0.929545581 0.366654873 0.25943765 -0.927188456 0.270210594 0.95586282 -0.268172979 -0.120039679 -0.366920412 0.883325815 0.291727245 0.845905364 -0.514461815 0.140616134 0.181689218 0.550932825 0.814531744 -0.0563542619 0.997397006 0.0449807793 0.894504249 -0.337169528 0.293562382 0.731733263 -0.39897728 0.552615345 0.707253277 -0.40294224 0.580887556 0.432556629 0.630267918 -0.644714773 0.73413837 0.43866086 -0.518283248 0.378170818 0.654927135 -0.654260874 -0.900961459 0.304603636 -0.309006661 0.737383664 0.244241953 0.629770875 -0.467083842 -0.394292682 0.791432858 -0.816231251 -0.375824571 0.438773662 -0.41701448 -0.396861285 0.817679644 -0.362888932 0.710231781 -0.603226662 -0.356856078 -0.0941251889 0.929405212 0.701843679 -0.35739404 0.616185784 0.839077592 0.395708919 -0.373313874 0.890483618 0.396775484 -0.222728953 0.947791934 0.146822289 -0.28307876 -0.897263706 0.330616802 -0.292592585 -0.606023848 0.511150062 -0.609475791 -0.666505933 0.497762054 -0.55498004 -0.500676692 0.512467206 -0.697639108 -0.862047374 -0.346637785 0.3697519 0.918146431 -0.313453436 0.24239248 0.431990832 -0.676193774 0.596779585 -0.920108557 0.301811337 -0.249620005 0.251328826 -0.766915739 0.590486288 0.711969793 0.405293018 -0.573442757 0.0107721752 0.751493394 0.65965265 -0.427852064 0.507000268 -0.74826026 -0.914538801 -0.280593067 0.291352481 0.0366710797 -0.73808527 -0.673710048 -0.949432731 -0.256238103 0.181437135 0.851632774 -0.468302161 0.235403314 -0.87512219 0.388513148 -0.288476408 -0.994579673 0.00850440096 -0.10362865 -0.933362305 0.272146016 -0.23403281 0.0741655454 0.0186237637 0.997072041 -0.839689195 -0.46159178 0.286103278 -0.577867866 -0.560783088 0.592951119 -0.931451678 -0.300838143 0.204680651 -0.453628212 -0.890343666 0.0388518423 0.842640519 0.352288961 -0.407246113 0.632698238 0.730176091 0.25794521 0.495524794 0.789910138 0.361244053 0.244755179 0.785274982 0.568716228 0.105173521 -0.629499197 0.769850194 -0.687303066 0.4740614 0.55034548 -0.991105556 -0.129175529 -0.031992469 0.446836472 -0.864340186 -0.230766684 -0.124587953 0.603292763 -0.787728131 -0.104980722 0.612374783 -0.783566356 -0.159291402 0.586428165 -0.794184029 4.07033949e-05 0.72557056 0.688147843 3.36906123e-05 0.725651145 0.688062787 0.367398173 0.805921793 0.464229107 -0.11659798 0.981945574 -0.148956358 -0.12457481 0.767857015 0.62839216 -0.928843558 -0.349517077 0.122831196 -0.989982367 0.0069224746 -0.141021207 -0.129517719 0.649791479 -0.748996735 0.903052926 0.376645982 -0.206478059 0.830396771 -0.487333685 0.270087034 0.860974371 -0.465595871 0.20480141 0.768683255 -0.517518044 0.375900328 0.720472515 -0.533144057 0.443482429 -0.177696258 0.577068865 -0.797129631 0.12357492 -0.988620818 0.0857801139 0.122210808 -0.988976002 0.0836126134 0.120314486 -0.989458442 0.0806006938 0.874898016 -0.288685471 0.388862729 0.775049388 -0.118105046 0.620765328 0.857897997 -0.249175251 0.449358165 0.00736853061 -0.890343368 0.455229968 0.00267411675 -0.909759879 0.415126145 0.00614862377 -0.906738281 0.421648949 0.909853041 0.409175277 0.0688699707 -0.74287194 0.254196316 -0.619294405 -0.70204699 0.30066514 -0.645546556 -0.776606143 0.211580053 -0.59339416 0.83082664 0.398397356 0.38859579 0.827965498 0.453079075 0.330442995 0.826203465 0.467981189 0.313658029 0.337334037 -0.523546696 -0.782371044 0.0354148857 -0.689430535 -0.723485529 0.0450308993 -0.682415485 -0.729576111 0.164813191 -0.584125936 -0.79475379 0.273104936 -0.925513864 -0.262369543 -0.651456416 -0.641470492 0.405117303 -0.712615073 -0.304818511 -0.631874561 -0.640034556 -0.621790409 -0.45136717 -0.606670976 -0.690369308 -0.394132704 -0.852594852 -0.271209627 -0.446684897 -0.849138737 -0.296413302 -0.437152863 -0.847553968 -0.306600451 -0.433184147 0.578317404 -0.419299573 0.699811995 -0.367707789 0.856470585 0.36228317 -0.316560805 0.807664335 0.49746117 -0.408448189 0.884418666 0.225773722 0.172670424 0.961653948 -0.213088468 -0.142209053 0.96416074 -0.223987773 0.00447818683 0.974131823 0.22593604 -0.153819978 0.146315843 0.977205813 -0.123096012 0.201141596 0.971796989 -0.132492721 0.184550837 0.973851562 -0.103793114 0.234745771 0.966499507 0.125391856 -0.988137066 0.0886682719 0.836672366 -0.184272096 0.51577419 0.116291992 0.931175649 -0.345525891 0.0541083477 0.794500351 -0.604848266 0.169484228 0.914181769 -0.368166775 0.133327052 0.799629211 -0.585505784 0.323755294 0.698010743 -0.638720095 0.0568421856 0.883600652 -0.464778304 -0.0500453673 0.932007372 -0.358967572 -0.0760609806 0.91389823 -0.398753971 0.049868878 0.88346523 -0.465835184 0.189203247 0.830908656 -0.52325213 -0.125934228 0.985558629 -0.113202259 5.6795172e-05 -0.928824425 0.370520324 0.895747662 -0.41661635 0.155135229 -0.852796435 -0.233141571 0.467314899 -0.807476044 -0.0604468696 0.586795211 -0.839927673 -0.167477682 0.516210079 -0.857905209 -0.273764342 0.434800982 -0.756369174 0.585790098 -0.291128427 0.830804527 0.390568078 0.396510214 -0.58299458 0.610551834 0.536044657 0.596747994 -0.429784089 0.677626312 -0.0418670438 -0.743323207 0.667620957 -0.0724143311 -0.747710049 0.660064995 -0.0498704165 -0.744544506 0.665707529 -0.0736510083 -0.747871935 0.65974468 -0.481291652 -0.865327954 0.13987866 -0.468584746 -0.869129241 0.158248663 -0.509424627 -0.854963124 0.0975943953 -0.0107957004 -0.751035571 0.660173535 0.168589309 -0.754213035 0.634618163 0.0923669711 -0.745976269 0.659535944 -0.0430190116 -0.823441565 0.565768003 -0.433598727 0.547760546 -0.71550709 0.631452322 0.77436012 0.0404272154 0.595104158 0.802868485 -0.0354022123 0.580875576 0.811579883 -0.0626235381 -0.678709686 0.325167835 -0.658497691 -0.0861225948 0.969368458 -0.230016693 -0.0639988631 0.972304821 -0.224783242 0.635384679 0.770621061 0.0492895208 -0.289990842 0.928831577 0.230602041 -0.458278865 0.883085489 -0.100699924 -0.453029037 0.887112379 -0.0882969201 -0.520827055 0.810483038 -0.268060356 0.0052270703 -0.883345783 0.468692571 -0.0827558115 -0.765219927 -0.638427734 0.758516371 0.605416834 0.241087407 0.501045883 0.44479987 -0.742365241 -0.994061649 0.101766236 -0.0385370664 -0.338026255 0.41767022 0.843379974 0.848254979 -0.293723911 -0.440669835 -0.34075743 0.516707003 -0.785428703 -0.714852691 -0.260092109 -0.64910537 -0.853081286 -0.267226189 -0.448154539 -0.466199666 -0.869785726 0.161649436 0.973533511 -0.221042261 -0.058076445 -1.26850841e-06 -0.86110425 0.508428514 -1.10673784e-06 -0.861104012 0.508428752 -0.680260003 -0.640531957 -0.356321573 0.787514746 0.22996828 0.57178247 -0.253896415 0.734898627 0.628856599 -0.068404749 0.109243236 -0.991658509 0.316397339 -0.397867382 -0.861158609 0.354527026 0.498206615 -0.791265249 -0.91999656 0.333200991 0.206357867 -0.649623692 -0.482150912 0.587809145 -0.833584547 0.49404192 -0.247101948 -0.991348267 0.126890719 -0.033575926 -0.995396197 0.0955933556 -0.00695946766 -0.0644705221 0.995668471 0.0669902712 -0.716616035 0.695706606 -0.0495346747 -0.796473563 0.527073681 -0.296349734 -0.0160834156 -0.535989523 0.844071388 0.537489831 0.592083991 -0.600450873 0.606304169 0.586806238 -0.536706328 0.521355808 0.602908552 -0.603895247 0.223432586 0.661591172 -0.715803802 -0.959036887 0.246313512 0.13992095 -0.411871552 0.206361011 0.887567937 0.861593246 -0.280737668 -0.422898829 -0.820147991 -0.459531754 0.340863496 -0.920236468 -0.323773444 0.219853938 0.657864451 -0.54343158 0.52143693 0.614672899 -0.518308043 0.594587266 0.649746716 -0.545896888 0.528985679 0.68359071 0.513037682 -0.51913017 0.914080441 0.168000683 -0.369097084 0.827816308 0.362804323 -0.427893877 0.613599479 -0.517671227 0.596248388 0.603212297 -0.483995706 0.633942485 0.0069254241 0.71068728 0.703474045 -0.529653549 0.42490983 -0.734110951 0.596165478 -0.492617786 0.633967221 -0.0161393266 -0.7771222 -0.629142761 0.542358875 -0.630912662 0.554793835 0.211158082 -0.976562798 -0.0416798517 0.02752175 -0.942178428 0.333979398 -0.237069696 -0.97147584 0.00570037356 -0.529261053 0.835970283 0.145039022 0.656878531 0.740397394 -0.142556205 0.59698832 0.802232683 -0.00526308967 0.666773438 0.725723863 -0.169522747 0.795731843 0.605382562 -0.0179644227 0.795329034 0.605933487 -0.0172136631 0.792820752 0.609325171 -0.0125720017 -0.999979258 -0.00156799192 0.00624775002 -0.999974191 -0.00231942139 0.00679960288 -0.999984562 -0.000566543953 0.00551227434 0.916617453 0.0276542474 -0.398807943 0.549476266 -0.754890203 -0.358073473 0.687693834 -0.724694669 -0.0435309075 0.695527434 -0.718296349 -0.0170870759 0.707590163 0.635190308 -0.309595525 0.60271275 -0.756255388 0.254588157 0.585563004 -0.752844155 0.300568908 0.610972762 -0.757297993 0.230677232 0.787743628 0.45990622 -0.40981248 -0.847822487 -0.0501012243 -0.527908027 0.978923738 0.166434944 -0.118354104 0.994007289 0.0863723233 -0.0670010671 0.999984145 -0.00079418649 -0.00558504742 -0.767297447 0.618338943 -0.170033932 -0.867302358 0.458847612 -0.192990944 -0.702519953 0.654013455 -0.280592382 -0.0321749896 -0.966263473 -0.255537808 0.0177283306 -0.931151092 -0.364202231 -0.690636158 0.700269341 -0.180677608 0.0885279253 0.36753282 -0.925787508 0.0547638871 0.307242334 -0.950054228 0.0723758936 0.189452067 -0.9792189 -0.204134345 -0.952520311 -0.225907624 -0.936016679 0.187784612 -0.297673762 -0.613619089 0.781664908 0.111676306 -0.468351781 0.866298914 0.173703089 -0.621354699 0.776049078 0.10800951 -0.618698776 -0.633121192 0.465155214 -0.694935739 -0.645594299 0.316658169 -0.716886878 -0.663880229 0.21292305 0.869171739 0.362559378 0.336290091 0.846836627 0.493310004 0.198778689 0.851919532 0.475747764 0.218854278 0.235767424 -0.941672862 0.240137488 -0.1686856 -0.966059387 0.195638523 -8.21068606e-05 0.489877969 0.871791005 -0.000153994231 0.489734679 0.871871471 -0.000108016808 0.489826351 0.871820092 -0.000179899784 0.489683002 0.871900439 -0.711311698 -0.679513633 0.179713368 0.798239946 0.601912796 -0.0226734355 -0.999968171 -0.00308203185 0.00735966349 0.00603835937 0.0521583445 -0.99862057 -0.0214877781 -0.104576632 -0.994284749 -0.0197882615 -0.0793917626 -0.99664706 -0.536650658 -0.588514924 0.604695141 0.0135410158 -0.0949701518 -0.995387971 0.575942278 -0.750309885 0.324539304 0.072114177 -0.0173534416 -0.997245371 0.948494792 0.257535636 -0.184480578 -0.838610888 0.544391334 -0.0192256905 0.942326009 -0.147934169 0.300228745 0.850163996 -0.114260763 0.513970554 0.886527359 -0.126325577 0.44509688 0.961745262 0.268017948 -0.0566791967 0.305239707 -0.0242834799 -0.951965809 -0.00931142922 -0.0670232922 -0.997707903 -0.159868658 -0.0874226391 -0.983259559 0.0544632785 -0.0579217412 -0.996834397 -0.299261421 -0.104893796 -0.94838798 -0.840379 -0.496637404 0.217058718 -0.995315194 0.0940575749 -0.0223786477 -0.557118416 -0.43386215 -0.708083868 -0.449416846 -0.430239409 -0.782891095 -0.649113178 -0.430499822 -0.627153933 -0.748177588 -0.417620242 -0.515580893 0.548418581 -0.836194277 0.00401701638 -0.0335857868 0.996861815 0.0716830492 -0.0570631661 0.992428243 0.108765289 -0.024131069 0.998070657 0.0572067723 -0.00353453145 0.999920487 -0.01209825 -0.00875812303 0.999923527 -0.00872759148 -0.00582631212 0.999903738 0.0125848111 -0.0113611175 0.999911308 0.00695790537 -0.797388613 0.603164136 -0.019088408 0.773465991 -0.091342926 0.627221584 0.000408859167 -0.0120197339 -0.999927759 0.0786938816 0.118614547 -0.989817083 -0.784264326 -0.00406197133 -0.620413482 -0.221607074 -0.18549709 -0.957330167 0.957780719 0.0069715092 -0.287415147 0.932850957 -0.0611001812 -0.355043352 0.932332277 -0.0622879528 -0.356197566 0.906001031 -0.115685709 -0.407159656 0.738058329 -0.645511508 0.19643037 0.934935033 -0.0645133182 -0.348904788 0.945531547 -0.044720985 -0.322444141 0.933455288 -0.0671146065 -0.352358937 0.919878721 -0.0894997194 -0.381854624 -0.944538295 0.187790737 -0.26941061 -0.948123276 0.23147893 -0.217898607 -0.944321275 0.1861469 -0.271305472 -0.935100377 0.136604935 -0.326996058 0.806150198 0.585979044 0.0821612477 -0.324264139 0.653255224 -0.684185863 -0.33649233 0.649664342 -0.681695819 -0.33689329 0.649544477 -0.681612015 -0.323686659 0.65342176 -0.684300423 0.745997488 0.454181135 -0.487039179 0.606822312 0.549990237 -0.573826909 0.907069862 0.293536067 -0.301763088 0.466909707 0.606797636 -0.643266797 0.999762654 -0.0201546401 0.00827717409 0.998290181 -0.0363702849 0.0457577296 0.90386498 -0.300591439 0.304421961 0.354162782 -0.646302819 0.675915182 0.473714113 -0.60354948 0.641344666 0.46951142 -0.605286896 0.642796099 0.348117828 -0.648118973 0.677315176 -0.491435885 -0.601301014 0.630022228 -0.57352823 -0.561750174 0.596240044 -0.576442659 -0.560195267 0.594890952 -0.487272948 -0.603102028 0.631532133 -0.99128598 0.0832016468 -0.10212525 -0.955161154 -0.209100321 0.209628925 -0.997078717 0.0569886528 -0.0508572385 -0.994526207 0.0762578994 -0.0714303479 -0.845931768 0.358680427 -0.394648939 0.0236419495 -0.469763041 -0.882475972 0.00670040771 -0.676907063 -0.73603797 -0.0016614449 -0.690173388 -0.72364217 -1.76837807e-06 0.725807905 0.687897444 -5.75138847e-06 0.725805819 0.68789953 -3.83095403e-06 0.725805879 0.68789953 -0.00819962192 -0.730065346 -0.683328211 -0.00908201095 -0.729986727 -0.683401108 -0.00555790542 -0.72619766 -0.687463403 0 0.725809276 0.687896013 -8.39561289e-06 0.725800753 0.687905014 7.2570374e-06 0.725808978 0.687896371 -0.0118419128 -0.729075074 -0.684331238 -0.00763421413 -0.73226583 -0.680976152 -0.984317124 -0.0899265856 0.151766449 -0.988705039 -0.0110880546 0.149463713 -0.96835804 -0.196867421 0.153381452 -0.970925808 0.201735422 -0.128863931 -0.352490067 -0.586045623 0.72958982 0.946869016 0.260129809 0.189133629 0.961243033 0.194024235 0.195873424 0.971401215 -0.00767542049 0.237320065 -0.91630435 0.284500927 -0.281860948 0.965476096 0.0735666826 -0.249887556 0.536582172 0.686210811 -0.491115391 0.788573265 0.473467112 -0.392404348 0.423136026 -0.903289795 0.0708769336 -0.970663667 0.196227446 0.138949201 0.910979807 -0.352351815 0.214392126 0.955120444 -0.201343849 0.217268512 0.966427267 -0.183847353 0.179495066 0.993054926 0.0284231082 -0.114166871 0.980476618 -0.189948604 -0.0508457609 0.0900548771 0.781305313 -0.617618084 0.119293444 0.791050851 -0.600006342 0.0477660894 0.739870012 -0.671052039 0.0264195092 0.723489463 -0.689829648 -0.998336077 0.00756759103 -0.0571646206 -0.940030515 -0.158799961 0.301869303 -0.935038865 -0.186591625 0.301472813 -0.89972204 -0.320723981 0.296034336 -0.626381159 0.477547139 0.616113186 0.964631915 -0.222742796 0.140963852 0.097665064 0.335321039 -0.937027931 0.977576852 -0.161441103 0.135204017 0.976682842 -0.0925916582 0.193693936 -0.253876299 0.613060832 0.748133183 0.026434591 0.693134665 -0.720323265 -0.419687808 -0.557039738 -0.716637254 0.95489949 -0.204472929 -0.215308174 -0.12542522 -0.756041706 -0.642393529 -0.951267004 -0.0649789199 0.301444709 0.697262347 0.697157025 -0.166725487 0.961597443 0.177327678 0.209487975 0.953602374 0.219733864 0.205814198 0.924151182 -0.082719475 0.372963935 0.674556077 -0.307346523 0.671202064 0.713968933 -0.282201976 0.640788913 0.957442701 -0.0245280564 0.287579328 0.93168956 -0.25667572 0.257044971 -0.781093538 -0.185300499 0.59628588 -0.990394115 0.0415085889 0.131896138 -0.913345158 -0.0477850661 0.404372633 -0.976908207 0.0156835411 0.213083372 -0.996564925 0.0827903301 -0.00205053482 -0.606640816 0.597493112 -0.524393976 0.571899116 -0.707756579 0.414743096 0.563265741 0.389107525 -0.728921771 -0.100741521 0.943347394 -0.316143662 -0.180900246 0.91037941 -0.372134864 0.181035906 0.978464544 -0.0991620645 -0.312983841 -0.601137936 0.735305488 -0.34818846 -0.546895981 0.761360407 -0.290064126 -0.633755505 0.717089117 -0.184077486 -0.927335739 0.325828165 -0.17154415 -0.940343678 0.293813765 -0.164500177 -0.947003782 0.275905043 -0.89476645 0.424065888 0.139861107 -0.907854438 0.409240752 0.0912268758 -0.906714737 0.404067963 0.120820522 -0.0769398883 -0.15928328 -0.984230101 -0.249021783 -0.038246341 0.967742383 0.203168422 -0.943607092 0.261396706 0.0118485689 -0.694047153 0.719832063 -0.137227207 -0.499462157 -0.855398297 -0.112388857 -0.451873213 -0.884974182 -0.207533225 -0.411503971 -0.887465179 -0.159478635 -0.418623596 -0.894047439 -0.900168717 0.43363148 0.0407419167 -0.127272621 0.897934556 0.421325475 -0.0122499261 0.863149405 0.504800081 0.0694604814 0.827303767 0.557443917 -0.990717947 0.101275668 0.0906710923 -0.945240021 0.321611315 0.0555640906 -0.738322198 -0.669203222 0.083948575 -0.741425991 -0.666299641 0.0795768648 -0.740514576 -0.667157471 0.0808648989 -0.74545002 -0.164027482 0.646064579 -0.909103572 0.416481376 -0.00860381592 -0.812334836 0.543504596 0.211459041 -0.828957617 0.529609919 0.17984058 -0.175991967 -0.974462807 0.139460087 -0.0717867687 -0.993658543 0.08654093 0.0704734549 -0.996618152 0.0422572903 0.135558859 -0.990110755 0.0361179672 0.126011848 0.974507868 -0.185621619 -0.00949363876 -0.999715984 -0.0218561012 -0.185050562 0.908305526 0.375149697 -0.408874631 -0.896955609 -0.168202788 -0.31349209 -0.917713344 -0.243977323 -0.310452878 -0.947223961 0.0799112171 -0.155701041 -0.312528253 -0.937061071 0.0488345027 -0.338754833 -0.939606488 0.108790599 -0.448497117 -0.887138665 0.0115516009 -0.194407806 -0.980852723 -0.359122187 -0.92569077 0.118860438 -0.260614097 -0.956120491 0.133842677 -0.322466791 -0.93833673 0.124656796 -0.711794078 0.699351251 -0.0652469844 -0.113298565 0.417953759 0.901375711 0.809402764 -0.554883778 0.192278698 0.947118044 -0.221411496 0.232259125 0.337523073 -0.812095582 0.476003021 0.115580738 0.475222945 0.872240961 -0.105139554 0.982237101 0.155421615 -0.297446072 0.764470339 -0.57193619 -0.137592643 0.642829716 -0.75355047 -0.0666993782 0.577006042 -0.814011812 -0.34365201 0.791410625 -0.505541742 -0.111845411 -0.981863081 0.153086424 -0.0314747803 -0.648621619 -0.76045996 -0.225395069 -0.876399636 -0.425582647 0.242447779 0.957389355 0.156922966 0.512408376 0.833560169 0.206434354 0.120518856 0.983966649 0.131472126 -0.0934623033 0.599481344 0.794913173 -0.0744311288 0.647141159 0.758728206 -0.172292277 0.362870604 0.915772974 -0.0521116629 0.994341612 0.0925698876 -0.0954320207 0.572634399 -0.814237416 -0.115865797 -0.0483289249 0.992088437 0.159869954 -0.190228775 0.968635499 -0.0522934459 0.617447853 0.784871697 0.057082247 0.353998095 -0.933502495 -0.379269987 -0.494313478 0.782181859 0.54779017 0.482482553 -0.683473945 0.629478574 0.732596695 -0.258957207 0.327460974 0.873172939 0.361023813 -0.440444052 0.880603671 0.174774438 -0.340647072 0.376658708 -0.861445189 -0.360583335 -0.932072222 0.0349429697 -0.323253423 -0.944053471 0.0653472319 -0.338681936 -0.939413846 0.0528789945 0.27723527 0.960640073 -0.0176434238 0.939190686 0.336656362 -0.067698881 -0.225669935 -0.960451722 0.163112596 -0.158022642 -0.952730298 0.259487838 -0.956716001 0.214120135 -0.197096691 -0.684751987 -0.723899662 0.0841661096 -0.419901669 -0.905862749 -0.0556360148 -0.91691649 -0.0249540396 -0.398298174 -0.300040752 0.939136863 -0.167324677 0.873989403 -0.464605689 -0.142421827 0.88703078 -0.461592406 -0.0104378201 0.884325564 -0.463540882 -0.0556609966 0.869291186 -0.464199662 -0.169857249 -0.855728388 0.195451662 0.479090393 -0.866355121 0.173939228 0.468160212 -0.855221927 0.196444407 0.479588389 -0.683302224 0.712255657 0.160592869 -0.665009618 0.696163416 0.270404965 -0.657334864 0.689113021 0.305015087 -0.850702107 0.20518373 0.483947843 -0.548568487 0.584051967 0.598294199 0.306604534 0.9506284 0.0479508527 -0.929902017 0.319546431 -0.18213287 -0.982107222 0.127141654 -0.138926387 -0.961925209 0.22114116 -0.160612881 0.136908486 0.9316203 0.336659759 -0.0575529374 0.962221622 0.266114831 0.0668182075 0.947501004 0.312693655 0.194028825 0.942995131 -0.270393938 -0.146716416 0.508871973 0.848247409 -0.0551058538 -0.639484286 -0.766826749 -0.913783133 0.358834654 -0.190362766 -0.94207269 0.332947731 0.0405561663 -0.922250092 0.358400375 0.144927099 -0.927187204 0.353556603 0.123780318 -0.951017618 0.296621114 -0.0870717466 -0.786604762 0.34902516 0.509346902 0.941714942 -0.327083141 -0.0786737055 0.952960491 -0.236649513 -0.189376101 0.937126696 -0.291134328 -0.192443341 0.918799639 -0.352315754 -0.177991197 -0.37744382 -0.925795794 0.0209392402 0.293893069 -0.736106992 0.60973227 0.353288591 -0.854835331 0.380057544 0.509321153 -0.0548793264 0.858824909 -0.176207721 -0.502623558 0.846357107 -0.994177878 0.0378647484 0.100879267 0.904231131 -0.3478266 0.247755319 -0.898727715 -0.390460193 -0.199572831 0.317387462 0.924842596 -0.209597856 -0.971461654 0.197901636 0.130755693 0.107019842 -0.621275127 -0.776249886 -0.0382939354 -0.0429490656 -0.99834311 -0.0032500485 -0.0145859616 -0.999888361 0.0568030179 0.998279989 0.014507263 -0.748303413 -0.575751841 0.329472005 -0.113257438 -0.895855427 -0.429669291 0.0834126696 -0.894447207 -0.439325154 -0.0303961635 -0.910727322 -0.411888242 0.939697504 -0.312527299 0.13890776 -0.232696101 -0.958368301 0.165477142 -0.938075781 -0.0620594062 -0.340826273 0.653142989 -0.725284874 -0.217637196 0.920701146 -0.233773857 -0.312504739 0.923571348 -0.318316907 -0.213752955 0.922191501 -0.247401461 -0.297246069 0.91340363 -0.189872995 -0.360058337 -0.0911622047 0.963255882 0.25264135 -0.884517014 -0.465222895 0.0346034244 -0.951776564 -0.305733234 0.025464939 -0.950672865 -0.309056878 0.0265524816 -0.878855228 -0.467276901 0.0962585732 -0.808146417 -0.584019363 0.0762932897 -0.577876031 0.791979015 -0.197049424 0.810229063 0.586100876 0.00384068349 0.995699644 0.0495051108 0.0783043578 0.995139956 0.0614461936 0.0769473165 0.79547137 0.605991006 0.000417605217 0.960310757 -0.147126019 0.236975268 0.0866240188 -0.0303692985 0.995778143 -0.863092244 0.479642928 0.158159927 -0.869315088 0.458081365 0.185614318 -0.97597903 -0.139333084 -0.167485058 -0.381523401 0.714763582 0.586133897 0.775614977 0.626782298 -0.0746018589 0.893803418 0.447936803 -0.0216371268 0.789883792 0.609341979 -0.0691809505 0.895554066 0.44447273 -0.0206615031 0.721128583 0.248402596 -0.646737754 0.557776332 0.82810086 -0.055986736 -0.836417675 0.537826419 -0.105585188 -0.519170046 0.438659549 0.733512223 -0.895015478 0.115553722 0.430806905 -0.0790416747 -0.982894421 0.166345984 -0.73729229 -0.670155644 0.085390076 0.899808288 0.434130341 -0.0433124006 0.906657338 0.416466802 0.0672904104 0.850336075 0.52151978 -0.0703257024 0.861120522 0.485842705 0.149761066 0.886491716 0.414961636 -0.204790637 0.777495027 0.597900927 -0.194976613 -0.584951222 0.760302484 -0.28243947 -0.778268814 -0.53880316 0.322473109 -0.646607459 -0.623828232 0.439018428 0.898291767 -0.136963725 -0.417507976 -0.189796939 0.299911082 0.934895933 -0.897110879 -0.440823138 -0.0294463467 -0.899884701 -0.435068369 -0.0303813387 -0.862402797 -0.505881906 -0.0185710173 -0.122895472 0.981133282 -0.149245754 -0.979866743 0.163064301 -0.115201063 -0.860934675 -0.508391976 -0.0181396715 0.326171875 -0.647843182 0.68841207 0.336588591 -0.645881772 0.685233355 0.336930722 -0.645815969 0.685127318 0.325680882 -0.647933424 0.688559473 -0.744503021 -0.463100344 0.480888009 -0.606908202 -0.543633938 0.579762459 -0.906996489 -0.285682589 0.309423327 -0.472027034 -0.607975423 0.63840133 -0.999787927 0.00627318397 -0.0196184684 -0.99827224 0.0441201814 -0.0388064198 -0.901369035 0.291409373 -0.320334971 -0.345274031 0.642145574 -0.684423029 -0.473703772 0.60800153 -0.6371333 -0.46909219 0.609489322 -0.639120817 -0.338770002 0.643497407 -0.686400712 0.498123467 0.594840288 -0.630902588 0.573891282 0.565292895 -0.592530787 0.576451063 0.56417942 -0.591105461 0.494296014 0.596168458 -0.632656872 0.990098238 -0.103634082 0.0946853012 0.956067741 0.195660323 -0.218292296 0.997119486 -0.0474257469 0.0591892712 0.994529843 -0.0672276467 0.0799428001 0.83825177 -0.382947713 0.388181657 -0.0224934611 -0.910160303 -0.413645327 -0.002448641 -0.761480868 -0.64818275 0.00377572607 -0.759924948 -0.649999857 8.5918316e-07 0.725803912 0.687901735 -5.75288141e-06 0.725809097 0.687896252 -6.92328058e-07 0.725805998 0.68789947 0.00414761668 -0.725605607 -0.688098431 0.00781416614 -0.729236007 -0.684217691 0.0110136727 -0.722641647 -0.691135168 7.34607238e-06 0.725806594 0.687898815 5.99225223e-06 0.725800693 0.687905073 -1.19434235e-05 0.725809813 0.687895477 0.00912699476 -0.714613616 -0.699459791 0.0391597301 -0.724477649 -0.688185096 -0.950502574 -0.0420171693 0.307862788 -0.971580803 -0.151954859 0.181494623 -0.97290355 -0.0748523697 0.218759626 0.0674073994 0.781603277 -0.620123029 -0.976410449 -0.165856794 0.138253927 -0.960610986 -0.197603285 0.195395589 -0.992192149 -0.0230203308 -0.122575536 -0.913287759 -0.259146065 0.314243197 -0.916250825 -0.256438851 0.307772011 -0.0452505574 0.594045997 -0.80315727 0.0138108553 0.620634079 -0.783978701 -0.0128039923 0.639533758 -0.768656313 0.823861599 0.132329121 -0.551127076 0.926399767 0.0423793755 0.374148935 0.240019843 -0.827128351 0.508182228 -0.0922535434 0.618015349 -0.78073442 -0.951933444 -0.286267132 0.10896679 -0.199074566 0.667788625 -0.717236161 -0.129886776 0.697898269 -0.70432049 0.0407652184 0.74513483 -0.665666819 -0.945205867 -0.11084637 0.307081372 -0.125625446 0.278826743 0.95208925 0.108966425 0.647686958 -0.754074216 0.154582575 0.629750967 -0.761260808 0.0193183683 -0.600961566 0.79904443 -0.0967003033 -0.636198401 0.765441477 -0.249476805 0.645904958 -0.721503973 0.997626662 0.0310649779 -0.0614480302 -0.261032492 0.64576602 -0.717529356 0.654007018 -0.619279981 -0.434473485 0.911892295 -0.371410012 0.174662486 0.914515078 -0.338132828 0.22209996 0.901739359 -0.381867349 0.202591389 0.982290328 0.176279858 0.063490659 0.994772434 0.0500446931 0.089013502 0.992238402 -0.0458088331 0.115604401 -0.216785401 0.797282398 0.563333631 -0.262414277 0.801712751 0.537024498 -0.135173157 0.784103632 0.605730712 -0.0815233141 0.771915615 0.630476058 0.784399092 0.00840100646 0.620199561 -0.192136213 -0.808495343 -0.556254447 -0.940833151 -0.302141488 0.153438494 -0.9850685 -0.0701649114 -0.157216221 -0.979743719 -0.145855606 -0.137216434 -0.981657326 -0.126834393 -0.142344564 -0.951096833 -0.293972045 -0.0948436782 0.531051338 -0.487242043 -0.693238437 0.882921934 0.414770812 0.220032111 -0.512565732 -0.478406578 0.713024259 -0.806851685 -0.100378633 -0.582163632 0.996393561 -0.081181027 0.0246883798 0.993957281 -0.107667737 0.0213683974 0.996574521 -0.0799086913 0.0213042907 0.963081896 -0.269043267 -0.00942824315 0.88890332 -0.456099331 0.0427107885 0.957377493 -0.288810849 -0.00408678502 0.990861952 -0.126463279 -0.0469005853 0.611619294 0.563947439 -0.554874003 0.388082772 0.575032592 -0.720228612 0.271094441 0.564733505 -0.779476762 0.741530597 0.522097409 -0.421362787 -0.713878751 -0.576395571 0.397674918 -0.746397793 -0.304363966 0.591821671 -0.733570635 -0.556264818 0.390440226 -0.7880795 -0.346257478 0.508956254 -0.806806028 -0.436442345 0.398223758 -0.647613883 0.742231429 -0.172304392 -0.882159531 -0.417547137 0.217828229 0.265924573 -0.540722549 0.798062146 0.618423343 -0.503376305 0.60346067 0.373741359 -0.539082944 0.754789352 0.472765595 0.797981679 -0.373788565 -0.8243258 0.353810072 -0.441933602 -0.815377295 0.271954477 -0.511077821 -0.785283029 0.1465725 -0.601537228 0.410484016 -0.611388743 0.676540315 -0.262618303 0.486194432 -0.833454609 0.649497151 -0.0373527892 0.759446084 0.441723406 -0.311758727 -0.841241241 0.259846538 -0.958925903 -0.113757692 0.912578344 -0.396577984 0.0996319503 -0.664140165 -0.127635226 0.736632228 -0.825244486 0.389993757 -0.408505201 -0.931485713 0.308212698 -0.193233922 -5.13541579e-07 0.725808978 0.687896311 1.37856739e-06 0.725808382 0.687896967 -2.4625695e-05 0.725808263 0.687897027 4.21460936e-06 0.725808442 0.687896967 2.02845354e-06 0.725809097 0.687896252 0.718720794 0.537924528 -0.44054243 0.713618219 -0.472818702 0.516905546 0.922486842 -0.233460501 0.307431668 1 5.35793151e-05 0 0.93257153 0.242529511 -0.267375737 -0.706994832 0.162110507 0.688388407 -0.679284692 0.733855426 -0.00533391582 -0.682343125 0.731031895 0.00056484947 -0.677473009 0.735495031 -0.00879621413 -0.077829957 -0.838871181 0.538737059 -0.0200689398 -0.820311606 0.571564674 0.0819287226 -0.782436013 0.617318034 0.861889243 -0.326561689 -0.38794896 0.904761493 -0.126738027 -0.406625509 0.854949355 -0.347733438 -0.384893596 0.793481052 -0.194304496 -0.576743841 0.764157593 0.118436843 -0.634063065 0.782341182 -0.316328675 -0.536543012 -0.23997879 0.449008852 0.860698164 0.0579310097 0.506855845 0.86008203 -0.290325463 0.434503824 0.852594554 0.181999803 0.51733768 0.83620435 -0.0611102656 0.988960922 0.134988174 -0.191380441 -0.871857047 0.450820059 -0.151903063 -0.71388787 -0.683585703 -0.142546341 -0.708805144 -0.690851629 0.0496817231 -0.581980526 -0.811683714 0.530820727 -0.82113111 -0.209697545 0.543645859 -0.748496711 -0.379739285 0.54275769 -0.662223339 -0.51659894 -0.754938364 -0.357684731 -0.549663246 0.589917183 -0.790349305 -0.165365174 0.593564868 -0.786452115 -0.170803756 0.879787028 -0.377004832 0.289555103 0.87430197 -0.406796694 0.264787704 0.873949051 -0.408311665 0.263618439 0.927210927 0.251634538 -0.277416229 0.962699413 -0.203888133 0.177875042 -0.176908389 -0.68828249 0.703541517 -0.261196494 -0.650601983 0.713087261 -0.44219926 -0.631137908 0.637279272 0.778991103 0.161573142 0.605860472 -0.848596632 0.199334294 0.490050405 0.77682668 -0.337697685 -0.531507909 -0.767672658 -0.46548456 -0.440457493 -0.683322847 0.730112135 0.00246915151 -0.0777550116 -0.838020861 0.54006964 0.998862743 -0.00727119297 -0.0471213609 0.716974497 0.690276444 0.0972932577 0.72618854 0.684104919 0.068195492 0.725512981 0.684597313 0.070409365 0.738804758 0.673492312 0.0239908528 -0.735231757 -0.288389683 -0.613405049 0.0262524597 -0.370935619 -0.928287506 -0.0624404661 0.724943995 0.685971975 -0.0464378037 0.70573318 0.706954122 -0.0450317562 0.704012215 0.708758771 0.753898978 0.161087364 -0.636935771 0.0917272195 0.695185244 -0.712954223 -0.101737514 0.785109878 -0.610943496 0.0478087068 0.685918748 -0.726105869 0.651492417 -0.711428106 -0.263491482 -0.648026645 0.160062045 0.744608343 3.55042488e-07 -0.861102879 0.508430779 1.57888394e-06 -0.86110419 0.508428395 1.35135292e-06 -0.861104131 0.508428693 -1.21665096e-07 -0.861103177 0.508430243 0.0232457276 -0.784025967 0.620292604 0.0192589518 -0.99981451 -0.000123010934 -0.0491233245 -0.998695731 -0.0139157753 -0.0193530656 -0.999661446 -0.0173914135 -0.13166301 -0.987504542 -0.0866002217 0.0521732196 -0.998342037 -0.0243107397 0.441684663 0.201888919 0.874159813 -0.0330147967 -0.937490165 0.346442252 -0.724666715 -0.102816522 0.681386113 -2.22865983e-05 -0.861095905 0.50844264 -5.73333782e-05 -0.861077547 0.508473516 0.110874049 0.769085765 -0.629455388 0.252249628 0.745959342 -0.616372347 0.132655025 0.764322639 -0.631041646 0.268151134 0.741553664 -0.614974201 0.00416292483 0.770881593 -0.636964917 -0.364718467 -0.798484862 -0.478959739 0.809580326 -0.459857255 -0.364843875 1.42190456e-05 0.86109972 -0.508436084 -0.0260433387 0.872456074 -0.487998039 -0.242593735 0.924731791 -0.293290645 -0.809359789 0.424240649 0.406148493 -0.251981854 0.925188303 -0.283780962 -0.161906898 0.913542807 -0.373129517 -0.977645397 0.127760321 -0.166993931 -0.631735086 -0.324374616 -0.704053938 -0.763458252 0.609257698 0.214327708 -0.0395245291 0.697220385 0.71576637 -0.213789061 0.927962601 -0.305253506 0.119995423 0.944684565 -0.305241078 -0.313096195 0.90249306 -0.295765162 0.138700023 0.738302469 -0.660054445 0.193820596 0.894763231 -0.402283788 0.0546881407 0.974470913 -0.217751324 -0.175434932 0.852309167 -0.492739022 0.680312693 0.339666396 -0.649462342 0.06609115 -0.172330454 0.982819438 -0.130368054 0.405642658 0.904686749 -0.0573038459 0.954122424 0.2938824 -0.00147593068 0.882279038 -0.470724404 -0.129022285 0.836177111 -0.533067644 -0.022273764 0.87610513 -0.481605381 0.0131959878 0.886321783 -0.462881863 -0.558429956 -0.276799947 -0.782008827 -0.00990661141 0.716743946 0.697266161 0.00207019038 0.723985136 0.689812481 -0.0415528752 0.736280501 0.675399482 -0.102192141 0.979069829 0.176008746 0.252150536 -0.359424204 -0.898462296 -0.759572387 -0.580914974 0.292553425 -0.975431263 0.213342831 -0.0549428277 -0.973176062 0.226681679 -0.0392919704 -0.969665706 0.0470176041 -0.239870399 -0.966015399 0.0311265551 -0.25660336 -0.631384373 0.432583779 -0.643603206 -0.205377743 -0.799366474 0.564653218 -0.909514427 -0.193898275 0.367677599 -0.899286628 -0.126407802 -0.41869396 0.622729123 -0.629349709 -0.46489495 -0.374333888 0.824426115 -0.424494714 0.0945435241 -0.861091852 0.499582022 -0.766044319 -0.357494354 0.534203827 0.776697576 -0.315287858 -0.545283794 0.664200187 0.195069179 0.72165519 0.318727016 -0.912356138 -0.256942093 -0.458901852 0.336141229 -0.822446465 0.418989301 0.601124704 -0.680512309 0.401927114 0.736847222 -0.543608963 0.417875201 0.617241144 -0.666628599 0.400386035 0.744297266 -0.534521043 0.859903157 0.00623095594 -0.51041913 0.784666538 -0.619835734 0.0100966971 0.621022344 -0.519217432 -0.58714956 0.983036458 -0.152791992 0.101458393 0.446858108 -0.591674447 0.670998752 -0.0118732303 0.71577704 0.698227882 -0.028946951 0.717462718 0.695995271 0.117431514 0.362923414 -0.92438978 -0.045393385 0.720691681 0.69176811 -0.0618708245 0.738289654 0.671640098 -0.113225147 0.802659333 0.585592031 -0.490925044 -0.243091732 -0.836599767 -0.171216324 0.981677234 -0.0836355612 0.226888701 -0.00140505249 -0.97391963 0.0773867965 0.265308768 -0.961052775 0.761798382 0.0999945551 -0.640050292 -0.851443827 -0.410913229 0.325873792 0.571415246 0.796711683 -0.196812391 0.901862323 -0.425609976 -0.0741657317 -0.924519002 0.276855558 -0.261945784 0.904774308 -0.424909264 -0.0289070588 0.519934058 -0.70674485 0.479771048 0.363447696 -0.18629095 0.912798703 -0.365751684 -0.930061936 0.034792006 -0.634015083 0.3846457 0.670874596 0.992745757 -0.0940987989 -0.0748425201 0.693756938 -0.690212011 0.205690473 0.106757782 -0.256566852 0.960612416 -0.553558826 -0.762400925 0.335137993 0.475913644 0.0717388988 0.876561284 -0.00123433501 -0.976124585 -0.217207998 -0.354959786 -0.495133638 0.792998135 0.324669391 -0.888071597 -0.325451314 -0.186415702 0.331616372 0.92481339 -0.595680058 -0.793555617 0.124236159 -0.933910131 0.271163106 0.232985735 -0.338677168 -0.216425955 -0.915673256 -0.554879665 -0.0457118601 -0.830673814 0.642801583 0.0233246498 0.765677571 0.214655772 -0.971567154 -0.099901326 -0.211845905 0.946812332 -0.242214173 0.2065842 0.129895896 -0.969767988 0.72101599 -0.574880242 0.386844546 0.988651395 0.141777664 -0.0496761762 -0.946388006 -0.31727162 0.0607317723 -0.809703529 0.432469785 -0.396673828 -0.798518717 -0.316013426 0.512350738 0.620825946 0.742422938 0.251760334 0.923906446 -0.347778022 -0.159522578 -0.903680623 -0.0640118271 -0.423395574 -0.164541855 -0.970698893 0.175127625 -0.495522648 0.348657608 0.795547128 0.918977559 0.180767745 -0.350432962 -0.250774354 -0.967486799 -0.0328852385 0.260537088 0.677583039 -0.687751234 -0.728528857 0.0921568796 0.678787768 0.129689112 -0.642533004 -0.755203366 1.47366272e-05 -0.725823104 -0.687881351 0.971197784 -0.235848755 0.0339125358 0.971200705 -0.235971361 0.0329648331 0.970230222 -0.230355397 0.0747651309 -0.997499883 0.0463528149 -0.0533424951 -0.992343307 0.120962024 -0.0249595121 -0.990355909 0.0920812935 -0.103519246 0.972916067 0.104337573 0.206272125 0.535214901 0.553072214 -0.63847959 0.5024876 0.548025191 -0.668711126 0.52403909 0.551455617 -0.649060547 0.491978228 0.546208739 -0.677947998 0.327701151 -0.651974022 0.683770299 -0.170272037 0.875771463 -0.45169881 0.00655921455 0.676313281 -0.736584902 -0.0580552109 0.71283257 -0.698927283 -0.468852878 -0.343825936 0.8136096 -0.23481968 0.882444143 -0.407617509 0.952256739 -0.129212618 0.27660653 0.907839656 -0.316334277 0.27524519 0.94702661 -0.162331417 0.27710858 0.942093194 -0.0983302295 -0.320611268 0.9405936 -0.124373242 -0.315935194 0.956005216 -0.110913053 -0.271573663 0.644276261 0.485436946 0.590981483 -0.967148781 -0.0866296664 0.238994703 -0.94058156 0.27734977 -0.195916504 -0.560932159 0.673509538 -0.481393933 -0.709024847 -0.35198155 0.611058712 -0.760448575 -0.255199254 0.59715271 -0.832066655 -0.064064987 0.550963402 -0.94108063 -0.125341132 -0.314096808 -0.931550443 -0.185853213 0.312525719 -0.303774804 0.684464693 0.662743568 0.970189333 -0.241885707 -0.0149670132 -0.223760173 0.253280342 -0.941159189 -0.710235059 0.150903732 0.687600374 0.00671197474 0.450949103 -0.892524421 -0.908998311 -0.405724972 -0.0954421908 0.911039948 -0.279270947 0.303338051 0.920094252 -0.200796574 0.336314291 0.921712339 -0.171981424 0.347661734 0.919200778 -0.0539083481 0.390081912 0.920299351 0.162197724 -0.356006891 -0.359079719 -0.377058804 0.853749633 0.927554905 -0.0661564544 -0.367784023 0.961806893 -0.0216143671 0.272874177 0.919288635 -0.0170233063 -0.393215537 -0.571834326 -0.733801126 0.366798967 -0.69961375 -0.639140069 0.319437802 -0.658694446 -0.67302531 0.336390346 -0.833866775 0.548509359 -0.0616733469 -0.756838381 -0.64814806 0.0842600241 -0.934118092 -0.354631096 0.0407447256 -0.569017053 -0.545309484 0.615513861 -0.742263138 -0.599420428 0.299567491 0.305790514 -0.916044474 -0.259527683 0.871293306 0.319917142 -0.372157276 0.79604733 0.604798496 -0.0229682066 0.484510511 -0.86283946 0.14407526 -0.0717020407 -0.231611863 -0.970162272 -0.906432569 -0.0780342296 -0.415078968 -0.516084075 0.783160925 -0.346866399 0.495448649 -0.861382186 -0.112033159 0.823292851 0.478360534 0.305548638 0.110269934 0.0736035854 0.991172552 0.200965136 0.599178255 -0.77498287 0.018334236 0.818235517 0.574590683 0.00140914379 0.798169613 0.602431178 0.027025247 0.828085482 0.559950054 0.888362408 -0.403808028 -0.218520537 0.879056931 -0.416254312 -0.232359871 0.886114359 -0.417467266 -0.201301605 0.262242973 -0.0859304294 -0.961168349 0.245088562 -0.0817691609 -0.966046274 0.24353154 -0.0786255822 -0.966700792 0.322182328 0.70236367 -0.634731293 0.156244621 0.747620761 -0.645484865 0.121773496 0.687949836 -0.715469301 -0.743181348 -0.492314041 0.453109741 -0.228094101 0.94151628 -0.248032555 -0.073453784 0.961142063 -0.266102493 -0.132364497 0.954795539 -0.266167402 -0.124611937 -0.46153754 0.878325105 -0.221291438 -0.776984274 0.589343369 -0.122259498 -0.454190701 0.882475734 0.180494547 -0.92857188 0.324308604 0.215668708 -0.910070896 0.353918076 0.133237585 -0.949558854 0.28387627 0.432870507 0.691196799 -0.578679681 0.198983938 -0.96463573 -0.172867775 -0.915741801 0.381561935 0.125807211 -0.825582922 0.430160075 0.365205616 -0.781099558 0.462141365 0.419891655 0.700491369 -0.0102433562 -0.713587403 0.392750949 -0.514594436 0.76219368 -0.0813755766 -0.979623199 -0.183619976 -0.0010502747 -0.968622506 -0.248534381 -0.0324634761 -0.97347784 -0.226466417 0.533708096 -0.614520192 -0.580965221 -0.0300563183 0.98555094 0.166690856 0.26132229 -0.74215728 -0.617181659 0.188549727 -0.750467539 -0.633441091 -0.0232113749 -0.75091809 -0.65998739 0.0235048998 -0.875410438 0.482808501 0.656035721 0.734917879 -0.171793163 0.339076757 0.912906468 -0.227219731 0.546457946 0.814325273 -0.195596606 -0.995733917 -0.0838662013 -0.0384769253 0.73951602 0.609147966 -0.286451906 0.69765687 0.658842206 -0.281428069 0.52738148 0.810677886 -0.254303306 0.355456173 -0.201924771 -0.912621081 0.261568606 -0.232594028 -0.9367401 0.167928636 -0.205421165 -0.964158773 0.0810433924 -0.174334928 0.981345713 0.0148758786 -0.222038329 0.974924445 -0.163137153 -0.342618406 0.925202012 -0.924162984 -0.381476015 -0.0199721567 -0.951657653 -0.301608354 -0.0581385605 -0.941246331 -0.335052639 -0.0423677005 -0.0763265863 -0.518839061 0.851457715 0.055335328 -0.466324538 0.882881284 0.145186663 -0.490019083 0.859535992 0.699808478 -0.382159919 0.603507936 -0.327815771 -0.216786906 0.919532597 0.113123104 -0.643829942 0.756760299 0.132583156 -0.46812132 0.873661339 0.260225862 0.816128552 -0.515961766 0.158185229 -0.565444052 -0.809475482 0.382997692 -0.428111434 -0.818555653 0.28980428 -0.533207715 -0.79479748 0.932347119 -0.270350218 -0.240082219 0.877249777 -0.478935212 0.0324648991 -0.425859421 -0.553659856 0.715614796 -0.333616108 -0.644034088 0.688418746 -0.295014292 0.953777611 -0.0572260134 0.00673565222 -0.999637544 0.0260660276 0.0475853235 -0.975947678 -0.212747917 -0.0260172412 -0.99456054 0.100857973 -0.0815758407 -0.764144242 -0.639866412 -0.030984059 -0.546369612 -0.836970925 -0.053024441 -0.552554011 -0.831788719 -0.360234141 -0.893640518 0.267652899 -0.157877311 -0.95075959 -0.266703814 -0.155072525 -0.957229674 -0.244261891 -0.150978848 -0.965439796 -0.212441549 -0.75281018 -0.524488032 0.397729933 -0.779840887 -0.509031177 0.364328653 -0.914801657 -0.382686675 0.129184902 -0.885250628 -0.416559964 -0.206903383 -0.884841502 -0.413782954 -0.214100689 -0.884093881 -0.418234318 -0.208465919 0.0241786093 0.977895916 -0.207689881 -0.000394077739 0.998305678 0.0581868924 0.0276036914 0.969112217 -0.245070219 0.722855628 -0.598880053 0.344706327 -0.721256971 0.690489888 -0.0548817106 -0.178570107 -0.200056702 0.963374317 0.0618686453 0.525910378 0.848286808 0.0904813409 0.564584255 0.820401013 0.13129437 0.617335021 0.775666952 -0.145601407 -0.754297793 -0.640183628 -0.15118207 -0.739905715 -0.655502558 0.0719778612 -0.718780339 -0.69150126 0.641459286 0.702287436 -0.308743089 0.783443868 0.594928443 -0.179654792 0.707783759 0.659264326 -0.253796637 -0.222166568 -0.742765069 0.631618619 -0.759133339 -0.620876133 0.195523635 -0.747633457 -0.554181457 0.365960687 -0.742863655 -0.666533291 0.0623461008 -0.193967476 0.625370502 0.755836189 -0.150830254 0.91708672 0.369055986 0.328626215 -0.00384617876 0.944452286 0.392912507 0.915919542 0.0819203332 0.328313351 0.940448284 -0.0881323144 0.00892343745 0.998819113 -0.047756739 0.756728411 -0.557030737 0.342167825 -0.134264007 -0.456626624 0.879468799 -0.091812633 -0.650594532 0.75385493 -0.231290564 -0.959124863 0.163046986 0.901505709 0.432421476 -0.0172991194 -0.855510533 0.439673275 -0.273475975 -0.118264303 0.920907557 -0.371406734 0.18369098 0.980115891 -0.0750352144 0.890037656 -0.0364134349 0.454430431 0.864922643 0.364754111 0.344765544 0.884118617 0.27838856 0.375278652 0.938560069 0.255725235 0.231753424 0.788279533 0.532768309 0.307852834 0.804121792 0.511625111 0.302700788 -0.0678062439 -0.186254025 -0.980159044 -0.117314041 -0.142465174 -0.982823014 -0.0681682006 -0.185937792 -0.980193973 -0.0243661422 -0.223796025 -0.974331319 -0.168490365 -0.0807395279 -0.982391 0.101126805 -0.756237507 -0.646435022 0.094782725 0.654399753 -0.750184834 0.721752703 -0.651722252 -0.233090714 0.504789233 0.09196271 0.858330131 -0.743534446 0.609904408 0.274177134 -0.255103379 -0.624543011 -0.738151908 -0.317572713 -0.94272244 -0.102087975 -0.304995149 -0.927239656 -0.217266038 -0.331537992 -0.938970983 -0.091739051 -0.301850438 -0.945797205 -0.119808652 0.93592602 0.0269173943 0.351166189 -0.386279494 -0.91229701 -0.13602294 -0.383106023 -0.911580086 -0.149169385 -0.384950191 -0.91201514 -0.141568616 -0.106355369 0.0974595919 -0.989540339 -0.173653439 0.224442586 -0.958889961 -0.109607488 0.10354545 -0.988566875 -0.756033719 -0.497649431 -0.425156653 -0.173058987 0.984813809 0.0138698593 0.0970047712 0.993923783 -0.0520157553 -0.0635589212 0.997565985 0.0286767688 -0.124514326 0.957498193 0.260179758 0.0372500643 0.997620642 -0.058012642 0.115842007 0.98214972 -0.148197994 0.265520126 0.935002565 -0.235094115 -0.587671101 0.0701479912 0.80605334 -0.171552941 -0.905006647 -0.389271855 -0.973867297 0.142335489 -0.176982909 0.375704944 0.817107677 -0.43724221 0.463673443 0.741123319 -0.485533804 0.309366643 0.856209457 -0.413760245 -0.228521556 0.944672585 -0.235311896 -0.744522035 -0.291570038 0.600561261 -0.571120322 0.633579135 -0.521918654 -0.596021295 0.591523886 -0.543008327 -0.644690633 0.493451446 -0.583849072 0.508105814 -0.680259168 0.528276384 0.388146996 -0.714306414 0.582329988 0.553717613 -0.663022935 0.503783047 -0.409085125 0.779069245 -0.475079477 0.0800463855 0.582139075 0.809139431 0.597706854 -0.643800378 0.477773577 0.680120587 0.727358043 -0.091575928 0.995292544 0.0775191858 -0.0581688173 0.944170773 0.329395264 0.00635336526 0.95956409 0.281387985 -0.00758878281 0.913340628 -0.391533643 0.11184933 0.186805591 0.972357988 0.140084445 -0.260837018 0.813782632 -0.519347548 -0.0860290453 -0.519395769 -0.850192368 -0.195074901 -0.449834347 -0.871547461 -0.706424892 -0.704146326 -0.0717067719 -0.579696476 0.803517401 -0.135320991 -0.449123085 0.893011749 -0.0286105964 -0.547770441 0.835690796 -0.0396043807 -0.147123024 0.3263354 0.933734477 0.0310147852 -0.223543912 -0.974200308 -0.0369604044 0.994681776 -0.0961360112 -0.337049186 0.938418865 -0.0759460106 0.393981069 -0.309105158 -0.865582526 0.856408298 0.394250154 0.33336404 -0.853987455 0.394600272 -0.339110643 -0.761166573 0.600215137 -0.245697513 -0.701309323 0.685305417 -0.196269318 0.779920459 0.579379797 -0.23673439 0.581270099 0.812194943 -0.0496428013 0.565392137 0.824789703 -0.00733271427 -0.650270462 0.513449013 0.559927225 0.334494352 -0.224424437 0.915285289 -0.15050669 -0.948045075 0.280282468 -0.222032443 -0.973852813 0.048084572 0.291140258 0.772684872 -0.564088047 0.691364765 0.0988252908 -0.715715289 -0.403847456 -0.851827621 -0.333611935 -0.752519011 -0.496008307 -0.433232963 0.161882058 0.980730474 0.109370597 -0.720959008 0.0122814551 0.692868769 -0.542642534 -0.830008209 0.128939167 -0.476708978 -0.860092103 0.181632027 -0.589166343 -0.803117275 0.0888014585 0.219595015 -0.848111093 -0.482167512 0.229754269 -0.886537373 -0.401577443 0.218481019 -0.843889773 -0.49001646 0.195097789 -0.75505507 -0.625962257 0.860114574 0.416598201 -0.294361621 0.242685363 -0.899965823 -0.362167746 0.0925779492 0.992644966 -0.0780083239 0.269624919 -0.959223807 0.0848065838 -0.410938412 -0.907741487 -0.0844685584 -0.553060353 -0.827109516 -0.100070015 -0.775073946 -0.620050907 -0.121643811 -0.267896235 0.600879431 0.753110528 -0.258850992 0.58388871 0.769460917 -0.403335154 0.556736708 0.726198912 -0.644271374 -0.50910002 0.570729017 -0.991560578 0.101334475 -0.0808636174 -0.993915737 0.108415037 -0.0194343496 -0.972278237 0.129756585 0.194520846 0.682062924 -0.0767500699 -0.727254868 -0.252063662 -0.90251404 -0.34918806 0.466930181 -0.693245411 -0.54898721 -0.614602149 -0.14323467 0.775724232 0.363671452 0.864403963 -0.347201467 0.414674968 0.90588814 -0.0860887915 0.375912458 0.903525531 -0.205746248 -0.673574924 0.407536745 0.616612256 -0.329894662 0.862901807 -0.382844687 0.119830593 -0.767616689 -0.62960726 0.108811937 -0.686276376 -0.71915561 0.108603947 -0.684756398 -0.720634341 0.273552358 -0.821731508 0.499926537 0.309259117 -0.823507249 0.4755992 0.201511517 -0.813703477 0.545233607 0.702891588 -0.101826102 -0.70397085 0.705978572 -0.108279482 -0.699907064 0.695771635 -0.0872800574 -0.712940454 -0.0670980066 -0.973981023 -0.216469243 0.00474925758 -0.99083823 -0.134970665 -0.0653635859 -0.974848986 -0.213065848 -0.530442595 -0.645244181 0.549809575 0.0472804159 -0.994680285 -0.0915183276 -0.0180751551 -0.988095224 -0.152778 -0.367908001 -0.430506051 0.824201524 0.393678457 -0.803267717 -0.446965605 -0.957292855 -0.238239899 0.163805157 -0.0072165681 -0.991986692 -0.126135603 -0.0278668124 -0.98775053 -0.153532699 -0.0623843744 -0.97376138 -0.218853444 0.0169380289 -0.994705379 -0.101361372 0.139175981 0.799485087 0.584340274 0.410866499 -0.46454215 0.784467578 0.659811556 -0.349098802 0.665416181 0.560627222 -0.40236634 0.723739207 -0.0897834674 0.129905373 0.987453043 -0.110985123 0.141654685 0.983674884 -0.0147522865 0.0849437416 0.996276498 -0.303138584 0.227343261 0.925430775 -0.0490413979 0.0999079868 0.993787408 0.134249434 0.00106049317 0.990947008 0.0680116192 0.0386471488 0.996935785 0.133601621 0.00120032777 0.991034389 -0.110342823 0.134695143 0.984724164 -0.948061705 -0.0425825082 0.315223008 0.0999951363 -0.797862291 0.59448868 0.091350913 -0.778487027 0.620977461 0.0742675513 -0.776357234 0.625902355 0.0116783958 -0.912049115 0.409914583 -0.750951767 -0.626951754 0.207371414 0.537772834 -0.754274905 0.376656204 0.537864566 -0.784522474 0.308587432 0.536557734 -0.800015986 0.26847744 0.0676103905 0.870579779 -0.487359732 0.105306275 0.912132561 -0.396137416 0.419723213 0.90765053 0.00171052769 0.460392475 0.887075007 0.033715114 0.954087794 -0.140960723 0.264284849 0.998595834 0.0200819168 -0.0490208119 0.999999046 -0.00128642784 -0.000497788365 -0.454500616 0.882754266 0.119054951 0.810479939 -0.153634489 0.565259933 -0.677329123 -0.73285234 -0.0644421503 -0.60751915 -0.7574296 0.239208817 -0.63651979 -0.757679582 0.144098252 0.0456978269 0.848200917 0.52769959 0.878181517 -0.403582782 -0.256745636 0.88492018 -0.416336447 -0.208758757 0.553450346 -0.804354846 0.216115564 0.784849226 -0.605698764 -0.13092196 0.543514073 -0.838924229 0.0282575302 0.878035724 -0.402056128 -0.259622872 0.90033257 -0.390148491 -0.192835227 0.533165157 -0.818797946 0.212849632 0.447317421 0.844669342 0.294008017 0.335045755 0.936480284 0.103676982 0.45893538 0.848083317 0.264826208 0.0915779918 0.863044083 -0.496757805 -0.12909694 -0.435465485 0.890900612 -0.122787774 -0.516640067 0.847352505 -0.0968784243 -0.737351477 0.668526232 0.671033025 0.660966039 0.335914403 0.0289559718 0.873807013 0.485410035 -0.356934845 -0.61905694 0.699546993 -0.814729869 -0.56622535 -0.124916345 0.654561937 -0.525086641 0.54390502 -0.16654107 -0.632231057 -0.756668985 -0.119109593 -0.550289094 -0.82643503 -0.176042363 -0.648052514 -0.740970314 0.0178197157 -0.75389719 -0.656750739 -0.688344002 -0.725371718 -0.00429396052 -0.611983716 -0.790751457 -0.0137145417 -0.459018439 -0.206838995 -0.864013672 -0.521251857 -0.217101336 -0.825326324 -0.350376934 -0.187341407 -0.917681396 -0.000269410433 -0.751857877 -0.659325063 -0.169918567 -0.795466423 0.581688046 -0.535325825 -0.736033976 0.414343327 0.766182005 -0.637902141 -0.0777560249 -0.227364823 -0.24121803 0.943461239 0.455106258 -0.706209362 0.542352796 -0.167331383 0.821593106 -0.5449633 -0.0970557854 0.925888598 -0.365117311 0.155479074 -0.982602179 0.101583965 0.860240638 -0.199265093 -0.46933952 -0.640362442 -0.385835648 -0.664128661 -0.163548991 -0.893935323 -0.417290568 -0.159655333 -0.805921674 -0.570088148 -0.13703768 -0.901248813 -0.411061108 -0.191559345 -0.622090578 -0.759149671 -0.194330856 -0.529884636 -0.825504541 0.121482715 -0.474697918 -0.871724606 0.100494809 -0.49339503 -0.863980353 0.0613129921 -0.52698642 -0.847659171 0.507032275 -0.856201231 -0.0991852134 0.531535745 0.845302999 0.0541540012 -0.231107146 -0.493051678 -0.838742852 0.998483896 0.0178049542 -0.0520854406 -0.371404618 -0.863047302 -0.342356682 -0.492752373 -0.810530961 -0.316598535 -0.201001108 -0.908320606 -0.36681366 0.0972198695 0.147986203 0.984199345 -0.00766228419 0.213145703 0.976990402 0.0664144382 0.167456627 0.983639896 -0.199915215 -0.101095453 -0.974583805 -0.233327985 -0.129326046 -0.96375978 -0.230706394 -0.127106041 -0.964685798 0.807421446 -0.557861149 0.191994026 0.807000518 -0.553974271 0.204603523 0.781732857 -0.480098873 0.397993714 0.150957674 0.113348916 0.982020259 0.996948183 0.0670577213 0.0399694666 0.98995769 0.138450727 -0.0285513867 0.95743221 0.25237295 -0.140112296 -0.934923708 0.343485564 0.0890808925 0.588298261 -0.80766046 0.0398700535 0.0180678535 -0.77305609 0.63408035 -0.0539819747 -0.88519305 0.462081313 0.0609159619 -0.688195169 0.72296381 0.0917585045 -0.836184442 0.540718138 0.0949399248 -0.610742807 0.786116838 -0.949765623 -0.268576741 0.160660431 -0.194994643 -0.745543122 0.63729322 -0.298206121 -0.744424701 0.597415268 -0.22377333 -0.751532018 0.620584488 -0.0751111805 -0.800876498 0.594100296 0.211500719 0.691888988 -0.690331161 0.244575754 0.957641125 -0.152006805 0.0828439891 0.67042625 -0.737336695 0.0578975566 0.993363261 -0.0993841216 0.0350779593 0.992564142 -0.116558567 0.0199327618 0.993122339 -0.115372464 0.0172620304 0.99367404 -0.110968284 0.0173892863 0.997632742 -0.066531688 0.0704409927 0.988804221 -0.131545648 0.341160119 0.585068345 -0.735734165 -0.15593639 0 0.98776716 -0.038917046 0 0.999242485 -0.042693723 0 0.999088228 0.936130285 0.293772489 0.193281591 -0.378600597 0.589815855 0.713287354 0.7443133 0.666804314 0.0370105915 0.791486084 0.610440373 -0.0302052964 0.641602278 0.750971437 0.156167999 0.368616372 0.827744007 0.42303884 0.349034339 0.887352943 0.301296741 0.153144792 -0.830423474 0.535671234 0.871525168 0.353166342 -0.340172827 -0.55316329 0.463481158 0.692239463 0.370059818 0.242387593 -0.896829963 0.252347678 0.344704777 -0.904156625 0.0975934789 -0.700771153 -0.706679046 0.0738573447 0.959405661 -0.272186816 -0.168412909 -0.89158088 -0.420381576 0.0447400473 0.275083542 -0.960378766 0.0591211729 -0.190523311 0.979900777 -0.60564822 -0.741972506 -0.287518829 -0.7280792 -0.606573641 -0.319326043 -0.749676526 -0.574709415 -0.328168064 -0.791132689 -0.498948097 -0.353779465 -0.217284784 -0.961868286 -0.166122213 0.302575797 -0.495299727 -0.814325571 -0.0323231556 -0.524473369 0.850813091 -0.900482297 -0.362033993 -0.240962788 -0.532519281 0.8094365 0.247458607 0.986721396 0.0695090964 -0.146796927 0.972454906 0.0902989954 -0.214889809 0.985503316 0.0716484562 -0.153784394 0.969711065 0.093564339 -0.225624084 -0.677107334 -0.722652912 0.138918415 -0.657512486 -0.745349467 0.110142782 -0.715731919 -0.668897629 0.200758338 0.659246147 -0.248076826 -0.709825635 -0.013877905 0.994060636 0.107938588 -0.0627693757 0.973123133 -0.221565664 0.0218452215 0.95655936 0.2907179 0.00552929845 0.955668509 -0.294392705 0.0899217427 0.923531473 0.37283209 0.374956816 0.798514247 -0.470937878 -0.218658 0.957120597 -0.190023109 -0.15508382 0.634506226 0.757199407 -0.23016651 0.610499322 0.757835031 -0.366472751 0.555515945 0.746391177 -0.110396557 0.874644995 -0.472026139 0.0625521243 0.794861972 0.603557587 -0.900490582 -0.205724075 -0.383137375 0.325687408 -0.935846925 -0.134604871 -0.55909586 -0.523732483 0.642741144 0.0425368734 -0.932867944 -0.357698292 0.057962805 -0.985988498 -0.156419188 0.0473451726 -0.953032315 -0.299145073 0.0597776175 -0.989732504 -0.129831314 -0.147872567 -0.970786035 -0.188966051 0.655173063 0 0.75547874 -0.106774755 0.994077444 -0.0202291049 -0.223306239 0.97029531 -0.0930662602 -0.183897495 0.976391435 -0.11332044 -0.047820773 0.996336818 -0.0708941147 0.00139275054 0.998461545 -0.0554311872 0.0100947423 0.98889482 -0.148273855 0.116010256 0.923265398 0.366227657 -0.0956578702 0.994912744 0.0315942317 0.0773600116 0.9929564 0.0897391587 0.0113205891 -0.843984365 0.536248326 0.0376450308 -0.834917188 0.54908663 -0.242039844 -0.809400141 0.535058916 0.274369836 0.611753106 -0.741942942 -0.496827483 -0.488510162 -0.717300653 0.0778891295 -0.956821144 -0.280047089 0.377609193 -0.822514415 0.425301552 0.110216901 -0.993722141 0.0191997755 0.167556107 -0.571549475 -0.803278327 -0.15045315 -0.903161883 -0.402072787 -0.0221224781 0.317247301 -0.948084772 0.0247552544 0.990693569 -0.133841142 0.0653509423 0.997763097 -0.0140746552 0.0520269759 0.997945428 -0.0373908654 -0.00890584476 0.998213947 -0.0590732396 -0.225604802 0.954071701 0.197103232 -0.311290741 0.752710938 0.580107152 -0.300591707 0.795565546 0.526041865 -0.198130339 0.977594137 -0.0710919872 -0.0544847958 0.998055995 -0.0302585047 -0.0370887183 0.981509328 0.187786922 0.692228734 -0.0802068561 -0.717207313 -0.222323701 0.961168289 0.163486466 0.96962446 -0.123901971 -0.210895061 -0.0803950727 0.986900985 0.139867947 -0.112292916 0.931115985 0.347006083 -0.0178741794 0.997800648 0.0638312176 -0.0206418373 0.999469697 0.0251835622 -0.0610732809 0.996323168 0.0600856692 -0.196399778 0.656447411 -0.728357017 -0.107720524 0.986613214 0.122436643 -0.133166239 0.0134623377 0.991002262 -0.131972939 0.0219510216 0.991010189 -0.130259573 0.0340177156 0.990896165 -0.135095462 -0.000413229718 0.990832508 -0.0308024511 0.66513741 0.746085405 0.0187846664 -0.720363259 0.693342507 -0.0684892312 0 0.997651815 -0.606945693 -0.581690311 0.541528583 -0.880190611 -0.397711933 -0.25901705 -0.889010549 -0.402000308 -0.219217166 -0.869258106 -0.442955524 -0.219501346 -0.900518596 -0.389803022 -0.192665145 -0.886113346 -0.417638779 -0.200950161 -0.503316104 -0.863931775 0.0171723701 0.126453191 0.150192529 0.98053652 -0.124771439 0.0338482372 0.991607964 -0.0203147884 0.0674844235 0.997513473 -0.149872571 0.0480036885 0.987539291 -0.123025365 0.0336244069 0.991833746 0.156986177 0.166978166 0.973382652 0.243862763 0.499489576 0.831288934 0.0285996385 0.96626538 -0.255955487 0.0282084886 -0.988456666 0.148854569 0.0468113273 -0.979630649 0.195275709 0.017766349 -0.999194264 0.0359892212 0.0118300226 -0.999921381 0.00415177969 0.0681407452 -0.997455716 -0.0209484696 0.0365862362 -0.465901524 -0.884079874 5.42886755e-06 -0.499915123 -0.866074383 0.0323709995 -0.461898446 -0.88634187 0.0881005228 -0.373209774 -0.92355442 0.00494836597 0.444969386 0.895532072 0.994153857 -0.0047521051 0.107868858 -0.598581612 -0.800459266 0.0310653206 -0.160742968 0.697004974 0.698817432 -0.367552102 0.847271383 0.383453608 -0.291624784 0.803879499 0.518394291 0.365790844 0.928058982 0.0700261071 -0.089898169 0.62581414 0.774774194 -0.00422647549 -0.764303267 0.644843102 0.00850463845 -0.835003078 0.550179601 -0.0336366408 0.873338401 0.485951245 -0.0448457077 -0.975632846 0.214777768 -0.0254368875 -0.986500144 0.161772951 -0.0116287163 -0.999395847 0.032752905 -0.000110838948 -0.999999046 -0.00140968396 -0.0600351244 -0.9978984 -0.0243832879 -0.961380422 0.245559379 -0.124291234 -0.34316054 -0.936765254 -0.0686423555 0.0410136431 0.988105655 -0.148206443 -0.0942697525 0.0438161567 -0.994581997 -0.603069723 0.505297542 -0.617236733 0.746902823 -0.581174374 0.323067486 -0.44390747 -0.485174745 -0.753360212 -0.440119982 -0.483096123 -0.756909907 -0.445364624 -0.485972434 -0.751984775 -0.451286644 -0.489202678 -0.746338487 0.00675132358 -0.99965018 -0.0255724229 0.00375401019 -0.999658763 -0.0258516707 0.00235906802 -0.999610543 -0.027807558 -0.00172525737 -0.999558866 -0.0296492893 -0.00532051502 -0.999423683 -0.0335275754 0.825205505 -0.226419225 0.517465115 0.666195214 -0.745538652 0.0188693535 -0.41115585 -0.716670334 0.56332463 0.0285848882 0.997864306 0.0587344989 -0.38288027 -0.92037636 -0.0794362426 -0.0900785401 0.864275932 0.494886726 -0.089710407 -0.65759182 0.748014092 0.717051387 0.673589349 0.179205552 0.762113035 0.626495123 0.163363695 0.746952653 0.643063188 0.168912873 0.712279499 0.678217173 0.180774242 -0.452025801 -0.7760638 0.439769953 -0.428316772 -0.748153985 0.506764591 -0.413447767 -0.730000556 0.544205964 0.583227158 0.778165817 0.233031958 0.628917575 0.774778664 -0.0646591187 0.607505322 0.785354018 0.118980438 -0.28167814 -0.555789173 0.782148123 -0.115510397 -0.448655277 0.886208653 0.236168802 -0.131692439 0.962746799 0.622235537 0.714370489 -0.32015264 -0.958426774 0.0259276424 0.284158438 0.194506735 0.954329312 -0.226765782 0.0392118506 -0.732585192 0.679545045 0.161363736 0.403658181 0.900567532 -0.227366969 0.959776878 0.164720148 0.0679959804 0 0.997685611 0.129292667 -0.612516403 0.779812217 0.457380742 0.861493886 0.220524713 0.97851193 -0.194620311 -0.0680970624 0.501163483 0.841503561 0.201759472 0.0405198932 -0.32169196 0.945976973 -0.365374535 -0.905109167 -0.217436984 0.0217644386 0.491112292 0.870824337 -0.31434983 -0.894710839 0.31729576 -0.287519217 -0.957047343 -0.0373232961 -0.413064688 -0.890977085 0.188513786 -0.802569628 -0.569517493 0.177572057 0.677527964 0.566741109 0.468786091 0.342827469 -0.0941531584 -0.934668124 0.0155012356 0.242378756 0.970057905 -0.0889762342 -0.784285128 0.613986909 -0.0966356844 0.893592179 -0.438354343 0.224641129 0.972099841 -0.0675149933 0.250231534 0.955217838 -0.157933399 0.0717438683 0.997240245 -0.019095188 0.735588849 -0.67377156 -0.070291236 0.951393425 -0.222888544 -0.21253553 0.752732635 -0.653610766 -0.0786549821 -0.03106145 0.998673975 -0.0410541333 -0.0684616417 0.989716411 -0.125596851 0.253415495 -0.042495802 0.966423631 -0.931625009 -0.0129096517 -0.363191634 0.402013212 0.678548694 -0.614782155 0.730479598 -0.681637287 0.0420736894 -0.606851578 -0.244397506 0.756307423 -0.451454401 -0.107304811 0.885818601 -0.582475603 -0.0992101729 0.8067711 -0.240391344 0.0192053765 0.970486045 -0.572926939 0.793363273 0.205741078 -0.517003179 -0.0413651466 -0.85498333 0.38385272 -0.0972557142 -0.918258369 0.0974428654 0.975619078 -0.196652785 -0.468868822 -0.692978382 -0.547670603 -0.00141314231 -0.0286084078 0.999589741 0.160692826 -0.438423663 -0.884286404 -0.26389575 -0.155276 -0.951970756 0.237750068 -0.862862468 0.446030587 -0.601212204 0.386369139 -0.699473143 -0.23198691 0.835800886 -0.49761337 -0.0793662369 0.979790032 -0.183609679 0.0471776016 0.994361639 -0.0949696004 -0.0180363655 0.989839971 -0.141036749 0.283228219 0.958957434 -0.0135104414 -0.944565892 0.0694638565 -0.320889473 -0.424785554 -0.075941503 -0.902103186 -0.397916436 -0.10799028 -0.911043704 -0.397203743 -0.108826071 -0.911255181 -0.356153429 -0.155798241 -0.921347678 0.782632649 -0.608376563 -0.13177295 0.722123504 -0.665988684 -0.187074453 0.74816829 -0.642637908 -0.165107772 0.84655416 -0.525770724 -0.0831338465 -0.175141782 -0.915112197 -0.363173753 -0.170700148 -0.97847271 0.115984596 0.730475426 -0.655534208 -0.191521481 0.72210288 -0.666086435 -0.186805665 -0.455687255 0.783174336 -0.423068613 -0.297508359 -0.150868714 0.942723453 0.153894514 -0.484462738 0.861169219 0.489816576 -0.798269153 0.350494236 -0.999643087 0.018259434 0.0194995608 -0.999709487 0.0241012108 0.000497617468 -0.999720454 0.0235238522 0.00237701205 -0.999618053 0.01773935 0.0211897697 0.952963591 0.30308488 0.000174595974 -0.397604823 -0.802103817 -0.445578128 -0.678486288 -0.481751978 0.554591238 -0.199883863 -0.686804056 -0.698818028 -0.476307988 0.616191864 -0.627246618 0.235188976 -0.610260844 0.756483912 0.940909624 -0.15924257 0.298882723 0.992523789 0.0539834835 -0.109463431 -0.0256798156 -0.458560348 -0.888292193 -0.000185748213 -0.499869525 -0.866100669 -0.740642309 0.65267694 0.159567475 -0.687061131 0.704013109 0.179756999 -0.732486904 0.66124171 0.16193302 -0.66981566 0.719134688 0.184911489 0.818808317 -0.545638144 -0.178414956 -0.400165468 0.915770054 -0.0351112112 -0.48232612 0.868351102 -0.115446329 -0.912862241 0.251381904 0.32169807 0.962336421 0.12526159 -0.241284207 0.88519603 0.18053855 -0.428758472 0.789017737 -0.561578989 0.249158472 0.310952306 -0.836215138 0.451722234 -0.907135546 -0.420838267 -0.00049582182 0.0298623908 -0.906126738 0.421950877 0.0793110132 0.1334299 -0.987879753 -0.0334218293 0.989082217 -0.143525079 -0.219126612 -0.972692251 -0.0765077919 0.423109025 -0.612595201 -0.667612016 -0.0175268333 -0.998110235 -0.0588968806 -0.013607556 -0.998136282 -0.0594870746 -0.00275780447 -0.99681747 -0.0796702132 0.111711115 -0.959632814 -0.258119017 0.0887844339 -0.970635831 -0.223569557 -0.880087495 -0.185291573 -0.437164783 0.619918227 -0.596279085 0.510051727 -0.196988359 0.963789582 0.179736853 0.224150866 0.901055455 0.371289015 0.15097934 0.732073069 0.664284706 0.207883805 0.867923141 0.451102793 0.137883991 0.697687089 0.703008354 0.598088026 0.507543027 -0.62023437 -0.741874635 -0.584127903 0.329266697 -0.115139134 0.972268522 -0.203560367 -0.0115430756 -0.679116964 0.73393923 0.0157054253 0.994194686 -0.106443644 0.0383398533 0.994987071 -0.092362605 0.0369978882 0.999290228 0.00708500808 0.0108979866 0.996118248 -0.0873480737 0.162853599 0.729182124 0.664659441 0.276747555 0.84477073 0.458010077 0.166054353 0.732938647 0.659717202 0.0838172361 0.628527939 0.773257554 0.619645357 -0.433125764 0.654554546 0.412509829 -0.482925683 0.77241075 0.31719932 -0.49544391 0.808653176 0.218978271 -0.502712667 0.83625859 0.0821882114 0.881881535 0.464252055 0.398260653 -0.76503396 -0.506074667 -0.310699403 -0.435102642 0.845074952 -0.0608690791 -0.872674406 0.484493941 -0.401191115 -0.902485669 -0.156733647 -0.962197006 -0.203342423 0.181186855 -0.875608206 0.311948866 -0.36877957 0.801291823 0.596523464 -0.0457295254 -0.290257871 -0.807058215 0.514205575 -0.147357628 -0.859945118 0.488651335 -0.227496788 -0.832992136 0.504350424 -0.427929938 -0.733853042 0.527575254 -0.293617457 0.0522991121 0.954491258 0.257938445 -0.808044255 0.529652894 -0.2318189 -0.164075762 -0.958821774 -0.935627103 -0.0661996976 -0.346726894 0.537488163 0.842827916 -0.0273422729 0.473846257 0.87507987 -0.0985135138 0.410087913 0.91129446 -0.0370177068 0.592857361 0.79727 0.113492869 0.596430063 0.802547872 -0.0137099214 0.495863646 0.823097229 0.276821703 -0.840577781 0.49636355 0.216915011 -0.192135185 0.554162204 0.809931159 -0.734963 -0.55982095 -0.382661551 -0.0853586048 -0.803569496 0.589058578 -0.0298073571 0.978161275 0.205698848 0.0705775172 0.644417763 -0.761409521 0.0816159174 0.621388495 -0.779240191 0.880943894 0.423096687 -0.211959958 0.378985852 -0.276316941 -0.883186638 0.565378249 0.571017861 0.595219314 -0.843151271 -0.0604482368 -0.534267724 -0.744897366 -0.155347615 -0.648841321 -0.787020683 -0.11801336 -0.605533957 -0.892371893 0.001835595 -0.451297075 -0.679322422 0.406696022 -0.610835016 -0.871216834 -0.275547475 0.406269372 -0.463551909 -0.71565187 0.522457659 0.691325128 -0.666408181 -0.279230744 0.957883298 -0.182280868 -0.221885607 -0.962481618 -0.124130145 0.241289958 0.922244251 0.386091411 0.0199727863 -0.0991561413 -0.43882671 -0.89308399 -6.94995251e-05 -0.499901235 -0.86608237 0.875737429 0.158952445 0.455870539 0.803646863 -0.59191972 0.061504595 -0.117848814 -0.919761777 -0.374366075 -0.151293918 -0.908917785 0.388559669 -0.211503446 0.691889763 -0.690329552 0.41956231 0.887616575 0.190011159 0.0233319756 0.994994521 0.0971674025 -0.107016832 0.992053211 -0.0661653429 -0.088618055 0.0643528774 -0.99398464 0.0565754026 -0.314981759 -0.947409987 -0.445925266 0.820148468 -0.358479083 -0.170115367 0.930804908 -0.323516637 -0.311136335 0.878174067 -0.363324344 -0.0138878534 0.832774997 -0.553437352 0.00619146926 0.799961925 -0.600018859 0.195775405 0.0104252491 -0.980593324 0.984020114 -0.174956843 0.0330843888 -0.0345817953 -0.824016333 0.565509677 -0.0195488781 -0.703513622 0.71041286 -0.052953966 -0.873933613 0.483152002 -0.295614928 0.375871569 0.878255367 0.233940154 -0.942114651 0.240191415 0.0705689788 -0.94552052 0.317822307 0.440102875 0.811189115 0.385073483 0.117747501 0.988751948 -0.0922233686 -0.068528004 -0.990001261 0.123294532 -0.40117389 -0.915941715 0.0104992008 -0.321471691 -0.901338696 0.29024899 -0.596534193 -0.75281775 0.278231055 0.0659590438 -0.997110009 0.0376976319 0.131704882 0.990704775 -0.0340274759 0.219626278 -0.0248370022 -0.975267887 0.023008015 0.999733329 -0.00199248316 -0.375946313 -0.904859364 -0.199734196 -0.0169682056 0.999562323 0.0242312364 -0.187714145 0.980851531 -0.0519004017 0.0639699176 0.997358382 0.0344112739 0.343914092 0.938894331 -0.0141547332 -0.791780233 0.587186813 0.168213308 0.0713651478 0.99637711 0.0462556966 -0.607496083 0.794046879 -0.0209301338 0.0679370761 -0.629243731 -0.774233103 0.347011 -0.624325335 -0.699858069 0.159328282 -0.633457124 -0.757196486 0.468838334 -0.603977919 -0.64451623 0.0433154963 -0.286917955 -0.9569754 0.0399894714 -0.287343144 -0.956992567 0.0356146917 -0.287897438 -0.956998825 0.032982029 -0.288228184 -0.95699358 -0.0701086819 0.734184682 -0.675320387 0.0413075052 0.643412888 -0.764404058 0.0390385501 0.734178424 -0.677833378 -0.0102502936 0.720994174 -0.692865252 -0.310257167 -0.20567961 0.928135991 0.518634498 -0.82864064 0.210648879 -0.638143659 0.675715864 -0.369026631 -0.576848924 -0.616963446 0.535351574 0.971793354 0.0120374672 0.235526726 -0.315028638 0.392159253 -0.864273131 0.631381214 0.432700634 0.643527627 0.121750563 -0.899302065 -0.42003876 0.892340124 -0.118454158 -0.43554306 0.922206879 -0.0638041347 0.381396741 0.335390359 0.742096066 0.580350459 -0.776669502 -0.315280259 0.5453282 -0.664214551 0.195071086 -0.721641421 -0.318729192 -0.912283301 0.257198244 0.458869398 0.335459769 0.82274276 -0.419024497 0.601915538 0.679791391 -0.401865005 0.73762399 0.542600632 -0.417900473 0.618044555 0.665867984 -0.400318533 0.74506247 0.533504426 -0.859741807 0.00594960805 0.510694206 -0.784584045 -0.619942904 -0.00992992148 0.875219822 0.352432281 0.33133322 -0.983043432 -0.152771175 -0.101422168 -0.447031468 -0.591974497 -0.670618415 0.0296107158 0.714995563 -0.698501587 -0.17019704 0.514552653 0.840397894 0.692468822 -0.593362272 -0.410375535 0.0497071296 0.718582451 -0.693663001 0.0722557828 0.738718748 -0.670129597 0.982507527 0.165348873 0.0856655687 0.142669067 0.814795494 -0.561919928 -0.0573308878 0.291613787 0.95481658 -0.399033099 0.730909348 0.553664088 -0.923251271 -0.184752181 0.336858541 -0.901931226 -0.42548871 0.0740228593 0.862587988 0.332255691 0.381507814 -0.419927806 -0.892339528 0.165501624 -0.363511175 -0.186346218 -0.912762105 0.0619742721 0.617736578 0.783939183 0.365817666 -0.930034757 -0.0348237082 0.634049058 0.384577423 -0.670881569 -0.992811084 -0.0937641114 0.0743927658 -0.693790019 -0.690168262 -0.205726162 -0.106790535 -0.256698459 -0.960573614 0.553486109 -0.762492657 -0.335049361 -0.667714477 -0.115145892 -0.735458255 0.534051239 -0.223522156 0.815369308 -0.459817678 -0.86011523 0.220838457 -0.0809927732 -0.973406315 -0.214290082 0.349565804 0.0964117274 -0.931937993 0.595540941 -0.793659866 -0.124237113 0.959553719 0.153752863 -0.235832021 0.715812981 -0.145432472 0.682979465 0.344218373 0.9235906 0.168801978 -0.0252939593 0.84076941 0.54080224 -0.0664648414 -0.267507255 0.961260796 -0.855710685 0.21544598 0.470470279 0.944770992 0.172378004 0.278735906 -0.624124229 0.105767556 -0.774133205 0.305445731 0.55829531 0.771368384 -0.299231559 -0.954161525 -0.00602058321 -0.0389393382 -0.248995036 -0.967721641 0.537024736 -0.723083496 -0.43445906 -0.58039242 -0.543396592 0.606518626 0.946389258 -0.317288965 -0.0606226437 0.809859693 0.43242541 0.396403074 -0.233708113 0.925018907 0.299533606 -0.528003573 -0.097384125 0.843640089 0.798371613 -0.315355182 -0.512985289 -0.716694117 0.662131488 -0.218932733 -0.924023926 -0.347570717 0.159293756 0.903470933 -0.0646573231 0.423744678 -0.270556301 -0.727960467 -0.629978478 0.60497719 -0.529359162 -0.594795287 0.250879407 -0.967472017 0.0325178467 0.728001058 0.0951365009 -0.678942859 0.263360709 -0.954616785 -0.139096782 0.822178245 -0.558045447 0.112285852 3.0852505e-05 -0.725802183 0.687903345 -0.0701688752 -0.706858277 0.703866363 -0.769404471 -0.541517854 0.338784784 -0.82359302 -0.381812245 0.419421047 -0.757910073 -0.56599617 0.324377388 -0.118182272 0.960321903 0.252615839 -0.13772513 0.982590556 0.124690138 0.00152479822 0.997943938 0.0640750229 -0.589916527 -0.79035008 0.165363565 -0.530820131 -0.821131051 0.209699154 -0.593564272 -0.786452889 0.170802027 0.154931843 -0.860791326 -0.484803557 0.379302442 -0.681795537 -0.625527382 0.450086355 -0.614076018 -0.648330867 0.447005719 -0.750720918 0.486419618 -0.706818044 -0.561789155 -0.429885238 0.706995189 0.162112877 -0.688387334 0.0217311028 0.976295888 -0.215346307 0.726953626 -0.141952381 -0.671854198 0.114123791 -0.690723002 0.714057088 0.146212965 -0.724218011 0.673891783 -0.0493591279 -0.488413423 0.871215284 0.25980857 0.699175 0.666073382 0.267370343 0.696929216 0.665434241 0.273786932 0.694985271 0.664857984 -0.543645501 -0.748496711 0.379739672 -0.54275769 -0.662223339 0.51659894 0.193421677 -0.919555247 -0.342061728 0.0448664986 -0.892902493 -0.448009104 -0.930360377 0.234342217 0.281981081 -0.988814652 0.0828188509 0.124042891 0.977645695 0.127756536 0.166994423 -0.839397669 -0.30046168 0.452917695 -0.680312991 0.339665592 0.649462402 0.175434366 0.852309108 0.492739201 -0.00256193359 0.997132182 0.0756368712 -0.0288294647 0.931919396 0.361517727 -0.0696966797 0.913155794 0.40160799 0.0425866917 0.883424163 0.46663487 0.434638351 0.837517977 0.331139147 0.362990826 0.850636721 0.380335212 0.028362954 0.871692955 0.48923111 0.11437729 0.767000496 0.631370008 0.392437905 0.779836655 0.487695962 0.264065295 0.798651457 0.540763676 -0.716974139 0.6902771 -0.09729141 -0.745612085 0.666374862 0.00267327041 -0.742638588 0.669628322 -0.00926284213 -0.769032538 0.626970053 0.124488741 0.796648741 0.230751365 -0.558663249 0.823654771 0.211305842 -0.526253462 0.814722538 0.21570459 -0.538236797 0.688943982 0.553796172 0.467617512 -0.813766539 -0.0560575016 0.578482151 -0.783703148 -0.0247814488 0.620640934 -0.747691989 0.0367757417 0.663026631 0.789064884 0.234875098 -0.567635834 0.157568976 -0.711519241 -0.684771717 0.261195719 -0.65060246 -0.713087082 0.442198426 -0.631138444 -0.637279272 -0.49355042 0.156220734 -0.855571747 0.817131579 0.160281986 -0.553719938 -0.809646547 -0.112394035 0.576055586 0.840077281 0.194297493 -0.50647676 -2.02548272e-05 -0.861113727 -0.508412361 -0.0243700668 -0.779867828 -0.625469565 -1.88469949e-05 -0.861113191 -0.508413315 -0.00262176315 -0.999903381 0.0136478068 0.0199660324 -0.999718964 -0.0127796335 0.00766230328 -0.999969304 0.00161716342 -0.0170331169 -0.999389529 0.0305022281 0.728096068 0.67665863 0.10958574 8.92985481e-05 -0.861070871 -0.50848496 -0.440038294 -0.838972151 -0.32014367 0.25631234 -0.821409106 0.50950098 -0.846474946 0.528310657 -0.0660900176 0.296221524 0.687909544 0.662595749 0.55678463 0.830441892 0.0188959576 0.569910765 0.821690202 -0.00518837105 0.55536586 0.831329465 0.0214485712 -0.0938857347 0.955213487 0.280629337 -0.687775731 0.0205871593 0.725631297 -0.116464198 0.762643516 0.636247456 -1.35839964e-05 0.861100674 0.508434415 -0.324232489 0.668196619 0.669616759 -0.331607759 0.668670833 0.665519118 -0.0250075255 0.419036657 -0.9076249 -0.154537708 0.15387255 -0.975930989 -0.113652624 0.242370769 -0.963503778 0.0197549872 0.500837684 -0.865315735 0.752628028 -0.636433899 0.168827802 -0.780756235 -0.367186219 -0.505562961 -0.770223796 -0.452947885 -0.448991567 -0.774071693 -0.428941578 -0.465641528 -0.765313506 -0.478449255 -0.430559695 -0.993730009 0.051760193 0.0991035923 -0.994204581 0.048662547 0.0958615243 -0.527159512 0.364145309 -0.767789721 0.0966325551 0.816714823 -0.568892896 -0.0928721502 -0.936217248 0.338927656 -0.819696665 0.16359818 -0.548938096 -0.10392639 0.764836013 0.63578701 0.0779121667 0.779084861 0.622058213 -0.813913465 -0.207676172 0.542600513 -0.808300078 -0.0656787977 0.585096002 -0.809585333 -0.0790873915 0.581650078 0.573342443 0.819233239 -0.011631107 -0.813515007 -0.220953315 0.537934065 -0.0274101719 0.468571573 0.883000255 0.37304768 -0.650303841 0.661770642 -0.0495163724 0.358282208 0.932299256 0.00627893815 0.706783712 0.707401872 0.0358290747 0.707578897 0.705725372 0.0455808602 0.729147136 0.682837307 0.137812942 0.68013078 0.720020592 0.0977105424 0.689806998 0.717369437 0.0260099024 0.703852236 0.7098701 0.0062164478 0.709158003 0.705022275 0.0128780706 0.710870266 0.703205228 0.776115656 -0.626394868 -0.0726222172 0.368980646 0.919494152 -0.135587126 0.0432380401 0.715661883 0.697107315 0.116156071 0.740129769 0.662356138 0.836691797 -0.414397627 -0.358080477 0.571711481 0.267173648 0.775734603 0.125415236 -0.961054802 0.246261418 -0.109470867 -0.164612263 -0.980264723 0.118807301 0.983626544 -0.135512441 -0.00997475069 -0.100570805 0.994879842 0.0535606444 0.66305989 0.746647656 -0.117611349 0.843072891 0.524781585 -0.975787878 0.126455531 -0.178457245 0.418156207 -0.44007659 0.794655859 0.416033745 -0.460142136 0.784337401 0.427330106 -0.272767752 0.861966789 -0.561974645 0.581162095 -0.588587523 -0.236104667 0.721850812 0.650527537 -0.0900138244 -0.734733582 -0.672357142 -0.0233700294 -0.722380817 -0.691100478 -0.0316376016 -0.722706735 -0.690430462 -0.00248630578 -0.717580438 -0.696471274 -0.010401627 -0.716696918 -0.697307169 -0.00900328066 -0.718533814 -0.695433795 -0.177910522 -0.855147183 -0.486899585 -0.553165376 -0.0648539886 0.83054316 -0.116110459 -0.74391824 -0.658106327 -0.00929009914 -0.715208292 -0.698849559 -0.0284502413 -0.703495383 -0.710130095 -0.0101294741 -0.725835562 -0.687793732 -0.83678174 0.546374619 0.0356530026 0.364130676 -0.0741328821 -0.928392768 0.177147731 0.765407622 0.618683934 -0.6249066 -0.673172772 -0.39538604 -0.0723243058 -0.967347682 -0.242914885 -0.848403096 -0.2094201 0.486163884 0.683065891 -0.675414026 -0.277915418 0.0332156718 -0.146394357 0.988668501 -0.533211291 -0.845980883 0.00141930871 -0.346316218 -0.16883719 -0.922799587 -0.491773158 0.836601436 0.241365001 0.509760857 0.267938852 -0.817528367 0.667064965 0.70898509 -0.228833124 0.894698799 -0.17463313 -0.411117017 0.155882195 0.942427218 -0.295857459 -0.128329128 0.0238370821 -0.991445005 0.543279052 0.0755970031 -0.836141706 0.741220355 0.595748484 -0.309315801 -0.296815872 -0.739006996 0.604788303 0.962780058 -0.176570341 -0.204640046 -0.868595064 0.05097045 0.492894202 -0.916958392 0.176526055 -0.357806832 -0.600742579 0.729020953 -0.328080505 -0.0664770678 0.395420283 -0.916091561 0.770590365 0.557342052 0.309128314 0.164123625 0.944028556 -0.286135375 0.566174209 -0.0198627468 -0.824046135 0.919418573 0.393057317 0.0132420016 0.911123037 -0.263620973 0.316794783 -0.722191811 0.166140035 0.671443641 0.112327904 -0.366795629 0.923495173 -0.522557616 -0.815142989 0.249950737 -0.844231784 -0.254110068 -0.471911818 -0.577571332 -0.795993388 0.181124106 -0.788947821 -0.275276005 0.549349129 -0.993835449 -0.107454821 -0.0272852946 0.805111051 -0.358134836 -0.472795576 0.910645187 0.102864109 0.400180399 0.646107078 -0.751054227 0.13587971 -0.682308972 -0.719473422 -0.129662707 -0.568058133 0.0653187782 -0.820392251 -0.255461246 -0.343409181 0.903775215 -0.313328266 0.886173964 -0.341351956 -0.0217264704 0.827190161 0.56150198 0.427489012 -0.253875524 0.867640674 -0.110587031 0.708134532 0.697363555 0.571722627 0.454015046 0.68337661 -0.833793104 -0.475759059 0.280075461 0 0.99999994 0 0 -0.99999994 0 0.707096815 0 0.707116783 -0.707106292 0 0.707107246 -0.707104087 0 -0.707109571 0 -1 1.16179012e-06 0.707106531 0 -0.707106948 -0.707096815 0 0.707116783 0 1 -1.85886847e-06 0.707106292 0 0.707107246 0.707104087 0 -0.707109571 -0.707106531 0 -0.707106948 -0.0767879635 0.994317174 0.0737354606 -0.0241192654 0.997974575 0.0588647537 -0.0895757154 0.992973983 0.0773222968 -0.141389713 -0.128382117 0.981594145 -0.0168555826 -0.0153099122 0.99974072 0.0168785248 0.0153193809 0.999740183 0.0002399527 -0.99999994 0.000358740042 0.10160993 -0.994823992 0.000731464475 0 -1 0.000357853394 1 3.22978417e-06 0 1 -7.95200776e-06 0 1 -3.2759484e-08 0 -1 -6.44004331e-06 -2.52405385e-08 -1 -2.76514356e-06 -1.69585643e-08 -1 -5.30486162e-08 -2.80062675e-08 0.0043254504 0.0707757846 0.997482896 0.00576580781 0.0719115362 0.997394323 0 0.0673637167 0.997728527 0.00687973248 0.704078794 0.710088611 -0.00685711997 0.71003896 0.70412904 -0.0225632805 0.716628611 0.697089851 0.141411945 0.128391147 0.981589675 -0.00970229879 0.998451948 0.0547669344 0.101825252 -0.994801939 0.000732252258 1 -1.06723528e-05 0 1 2.52840486e-08 0 1 8.34749062e-06 0 1 -1.09546882e-05 0 -1 -1.33299147e-06 -6.511649e-09 -1 1.13143669e-05 0 -1 3.35415464e-08 -2.79257986e-08 0.0101554859 0.0753714889 0.99710381 0.0225852132 0.697039247 0.716677189 -0.0251875054 -0.88865459 -0.457884789 -0.0075426423 -0.920800567 -0.389960796 -0.00133752788 -0.874607027 -0.484830678 -0.017597679 -0.834802866 -0.550267696 0.424991071 0.901728213 0.0791749582 0.375227362 0.907167017 -0.190400511 0.611088932 0.788414419 0.0705196112 0.863639712 -0.303321898 0.402644157 -0.410603046 -0.479658157 0.775456727 -0.311510712 -0.933678329 0.176651657 0.43806982 0.401308268 0.804391921 0.633913994 -0.633897066 -0.4430888 -0.663279474 0.0904458985 -0.742886305 -0.857973874 0.195862547 -0.474888027 -0.848545372 0.353277475 -0.393911034 -0.856515288 0.161732346 -0.490126729 0.308920383 0.950807989 -0.0230712406 -0.532434821 0.846368134 -0.0132001666 -0.0354149863 -0.689430356 0.723485649 -0.0450310968 -0.682415307 0.72957629 -0.164813533 -0.584125459 0.794754088 0.686131179 0.61979866 0.380885333 0.589778423 0.662343144 0.462020516 0.704670072 0.612248659 0.358596861 0.13553898 -0.98963958 0.0473573357 0.807634234 -0.343356967 0.47940889 0.797251344 -0.390348405 0.460454583 0.79145956 -0.412719429 0.450837493 0.244605899 0.771810234 0.586921573 0.506591856 0.64978236 0.566698909 0.457588226 0.678587258 0.57457155 0.0300435107 -0.96050173 0.27664718 -0.0138040986 -0.907234788 -0.420398057 -0.0396723524 -0.877756417 -0.477461755 -0.0905527025 0.739056051 0.667530119 -0.562980473 0.682808638 0.465645194 -0.641115844 -0.285063386 -0.712537289 0.120740063 0.93616277 0.330183417 0.334176242 0.904857874 0.263739496 0.809372663 0.548062384 0.21105352 0.476771146 -0.865895629 -0.151373923 -0.974333525 -0.216753185 0.0607640222 1.26850955e-06 -0.861104846 -0.508427382 0.0083072139 -0.751801074 -0.65933764 0.0430606902 -0.823402345 -0.565821826 1.10673909e-06 -0.861104965 -0.508427083 -0.0922251642 -0.745214522 -0.660416424 0.66882515 0.0346235372 0.742612958 -0.854358613 0.386733443 -0.347143412 0.880846322 -0.173023283 0.440650374 0.910243571 -0.161215767 0.381400257 0.935250878 -0.14883621 0.321175098 -0.653659284 0.755300224 -0.0474457815 -0.809984803 0.506469667 -0.29565689 -0.154918775 0.953046501 0.260197133 -0.146179274 0.973125577 0.177927345 -0.09322422 0.902684391 0.420083612 -0.562326193 0.267520249 -0.782446206 0.179264113 0.976324975 0.121053308 0.214790285 0.96712178 0.136164352 -0.0461174585 0.998656929 0.0236080475 -0.026871698 0.847765028 0.529690862 0.402870655 0.889668882 0.21490562 -0.0389405377 0.766250908 -0.641360402 0.864974856 -0.178529099 0.468983769 -0.525046051 -0.46252656 -0.714419961 -0.0522792451 -0.734027207 -0.67710489 -0.170324415 -0.752856314 -0.635764837 0.0827558115 -0.765219927 0.638427794 -0.758516967 0.605415881 -0.241088599 0.996965826 -0.0127989138 0.076781854 0.977272689 0.0231110528 -0.210722595 0.999521673 -0.00508440193 0.0305049289 0.913436055 0.0546127893 -0.403301418 0.936329484 0.0346641727 -0.349407434 0.7035833 0.610669971 0.363390535 0.921966791 0.0439377949 -0.384768218 0.916832268 0.0352437124 -0.397714198 -0.797396719 -0.339183837 0.49911195 0.191998363 0.787840545 0.585187078 0.80933696 -0.334462523 0.482812911 -0.0608978756 0.997823656 0.0252846275 -0.86414516 0.303995043 -0.401048839 0.48732844 -0.872633636 0.0319598615 -0.27877444 -0.877275884 -0.390732586 0.106008418 -0.340764552 -0.934152901 -0.205567136 -0.726937294 0.655213177 -0.257685512 -0.740362942 0.620854974 -0.251254112 -0.738856018 0.625270545 -0.331489116 -0.754479885 0.566458344 -0.0386339724 0.895331323 0.443722039 -0.216479525 0.842701375 0.492941141 0.000854285201 -0.00145515893 -0.999998569 -0.00085452135 0.00145515846 -0.999998569 -0.00259513129 0.00441964157 -0.999986887 -0.999999523 0.000734993722 0.000625707384 -0.999999523 -0.000735011708 -0.00062580884 -0.999955118 -0.00721462769 -0.00614234945 0.00061476574 -0.999999404 -0.000892656331 -0.000614842575 -0.999999404 0.000892482407 0.00259360438 -0.999989569 -0.00376552367 -0.000854303653 -0.00145515823 0.999998569 0.000854511862 0.00145515858 0.999998569 0.00259513129 0.0044196411 0.999986887 -0.000614772027 0.999999404 -0.000892630604 0.000614834134 0.999999404 0.000892523967 -0.00259360694 0.999989569 -0.00376552367 0.999999464 -0.000734980742 0.000625733926 0.999999523 0.000734998146 -0.000625776709 0.999955118 0.00721449638 -0.00614229264 0.0025948952 -0.00441964203 -0.999986887 -0.999955177 0.00721460953 0.00614224747 -0.00259368122 -0.999989569 0.00376534974 -0.0025949229 -0.00441964064 0.999986887 0.00259366911 0.999989569 0.00376541703 0.999955118 -0.00721447868 0.0061422498 0.983926475 -0.0939527899 -0.151860312 0.987456739 -0.0473003983 -0.150638223 0.968356431 -0.196873873 -0.153383315 0.969567835 0.208873123 0.127711132 0.255459785 -0.6075477 -0.752081096 -0.943458438 0.269473314 -0.193055242 -0.916653812 0.366539359 -0.15935728 -0.932911634 0.296310753 -0.20463568 0.912254751 0.299668044 0.27926752 -0.966925919 0.0703642219 0.245159611 -0.566009581 0.667701006 0.483537495 -0.799273908 0.460735828 0.385854453 -0.993030787 0.035607256 0.112347357 -0.984443307 -0.160758823 0.0709085837 -0.906207383 -0.364737451 -0.213903725 -0.95381242 -0.207464978 -0.217255995 -0.965646088 -0.187788755 -0.179619372 -0.0664316565 0.78643775 0.614086688 -0.0830103159 0.79124248 0.605842173 -0.0380100906 0.745253682 0.66569674 -0.0264063049 0.732435465 0.680324197 0.253837198 0.613032162 -0.748169839 -0.423753381 -0.903043509 -0.0703237504 0.99833864 0.00759287411 0.0571153276 0.940160513 -0.158629507 -0.301554203 0.935130656 -0.18662411 -0.301167697 0.89966464 -0.321131289 -0.295767456 0.626381159 0.477547139 -0.616113186 -0.965897739 -0.218314037 -0.139214233 -0.0264412481 0.693119586 0.720337451 -0.977577329 -0.161438748 -0.135203764 -0.976683557 -0.092585966 -0.193693385 -0.0971943885 0.335593373 0.936979473 0.981467843 0.1273745 -0.143167004 0.419684649 -0.557045281 0.716634691 -0.940193653 -0.210626259 0.267717332 0.781025529 -0.1853192 -0.596368849 -0.571899116 -0.707756579 -0.414743096 0.125249937 -0.756054103 0.64241308 0.611950278 0.788604379 0.0601655841 0.979785025 -0.106088527 -0.169607043 0.951417446 -0.0644678101 -0.301079154 0.606640816 0.597493112 0.524393976 -0.563177884 0.389129609 0.728977859 -0.92415154 -0.0827183127 -0.372963399 -0.67456007 -0.307341039 -0.671200514 -0.71397239 -0.282196909 -0.640787363 -0.952973366 0.207838222 -0.2205562 -0.963972211 0.139981285 -0.226192042 -0.697286367 0.697128415 0.166744396 -0.957442701 -0.0245280564 -0.287579328 -0.931693733 -0.256661355 -0.257044166 0.900961876 0.304603249 0.309005916 -0.432562947 0.630265772 0.644712627 -0.734155774 0.43864581 0.518271267 -0.378170222 0.654928684 0.654259741 -0.737385929 0.244238362 -0.629769325 -0.947792113 0.146823198 0.283077836 0.897257745 0.33063361 0.29259178 0.606054723 0.511143565 0.609450519 0.666541934 0.497745693 0.554951429 0.467087716 -0.394301325 -0.791426241 0.862015009 -0.346714586 -0.369755417 0.816202641 -0.375779927 -0.438865185 0.362887591 0.710235059 0.603223622 0.356856823 -0.0941261351 -0.929404914 0.417015702 -0.396872073 -0.817673802 -0.894506991 -0.337159872 -0.293565154 -0.731619596 -0.399015605 -0.552737951 -0.707134128 -0.403080672 -0.580936551 -0.839093029 0.395707577 0.373280555 -0.890485942 0.396763563 0.222740844 -0.701656997 -0.357556641 -0.616303921 0.500676811 0.512476623 0.697631955 0.949436486 -0.256194562 -0.181479618 0.914528728 -0.280595809 -0.291381389 -0.431991011 -0.676194072 -0.596779108 -0.25132826 -0.766980946 -0.590402007 -0.712007344 0.405309588 0.573384464 -0.0107713817 0.751493812 -0.659652293 -0.918147385 -0.313442588 -0.242402732 0.920107186 0.301825076 0.249608576 -0.0366710797 -0.73808527 0.673710048 0.427854687 0.507014513 0.748249114 -0.985783696 -0.057192836 -0.157985583 -0.985784292 -0.0571921468 -0.15798232 -0.98578614 -0.057189811 -0.157971323 -0.985782087 -0.0571948513 -0.15799509 0.0281237923 -0.744129181 -0.667443454 -0.0363512337 -0.705854237 -0.707423806 -0.0179862697 -0.711484909 -0.702471137 -0.872131407 -0.445218563 -0.202896997 0.376328677 0.792488694 0.479935646 -0.980585337 0.104633451 0.165843576 -0.989022434 0.0850612819 0.120827481 -0.983277917 0.0989945382 0.152854949 -0.268067509 0.627498567 0.731016636 0.9962672 -0.0467856713 -0.0725447237 0.990607262 -0.110318199 -0.0807909071 0.997089565 -0.0295856316 -0.0702650696 0.997815967 0.0156459007 -0.0641747862 0.0306904521 0.515239894 0.856496274 0.0549112596 0.502641439 0.862749338 -0.00242868392 0.531793654 0.846870482 -0.0221366826 0.541275561 0.840553701 0.0505878292 -0.751542091 -0.6577425 0.435704499 0.764350951 -0.475320071 0.317864031 0.75893265 -0.568316519 0.161056161 0.728197932 -0.666174591 -0.990758717 0.0801044032 0.109455861 0.720402002 -0.693555236 -0.00143481465 0.990839899 0.0714286938 0.114604853 -0.83088237 -0.551063418 0.077224113 -0.833344936 -0.548165917 0.0710656345 -0.83348918 -0.547993779 0.0707014948 0.613612294 -0.410575062 -0.674468696 0.0119236466 -0.275060594 -0.961353004 -0.0715191588 -0.678506076 -0.73110503 -0.0834301412 -0.674689829 -0.733371019 0.804750264 -0.376463979 0.458968163 -0.639485657 0.483852506 -0.597448587 0.988065004 0.0507031716 -0.145453617 0.993792355 0.0945242047 -0.058667399 0.981123209 0.147585288 0.124963224 0.0323308557 0.804590821 0.592948914 0.31545788 0.843399763 0.434928983 0.0103245918 0.969946325 -0.243099645 -0.779174805 0.41627863 -0.468613714 0.237673461 -0.856936038 -0.457353204 -0.835816741 -0.545174778 0.0647673011 -8.71408884e-06 -0.725853801 0.687848985 5.72255303e-05 -0.725709438 0.688001335 0.000388700835 -0.725754738 0.687953413 -5.85739035e-05 -0.725861847 0.687840521 -3.00563279e-05 -0.725706518 0.688004494 -0.963653803 -0.0324149765 0.265179992 -0.828448951 -0.0966092497 0.551669359 -0.924872577 -0.0575473234 0.375897676 -0.998419583 0.019202631 0.0528163314 -0.998645961 0.0170820523 0.0491370112 0.997529566 -0.0507848077 0.0485371836 0.997152925 -0.0137494383 0.0741424412 0.843211412 -0.516413093 0.149372235 0.826586664 -0.54219681 0.150920764 0.799800754 -0.580438316 0.15300326 0.786362469 -0.598292828 0.153881758 -0.732234836 0.1639193 0.661031306 0.525894821 0.755786896 -0.390155107 -0.701611996 -0.492928714 -0.514550209 -0.636596262 -0.504767656 -0.583056331 -0.597778976 -0.509390175 -0.619016945 0.986724675 -0.0559960306 -0.152443036 0.962211072 -0.179809362 -0.204495475 0.980707288 -0.0967688188 -0.169849843 0.345881611 -0.917466938 0.196520492 -0.965801239 0.0885988101 0.243676379 -0.872681797 0.157660842 0.462135792 -0.802277088 0.190165669 0.565852046 -0.232919201 0.6465078 0.726482213 -0.303626746 0.607842863 0.733715117 -0.192894951 0.666199684 0.720395505 0 0.725807428 -0.687897921 -0.466302723 0.755182147 -0.460718602 -0.551798344 0.721509337 -0.418261766 -0.496017337 0.744561434 -0.446760654 0.671918571 0.481404901 -0.562827468 0.69468987 0.460731328 -0.552388072 0.695797205 0.459696114 -0.551856518 -0.245499387 -0.191198722 -0.950354159 0.294894129 -0.735383451 -0.610121846 0.490226328 -0.630008757 -0.602301419 0.577854753 -0.566500366 -0.587504089 0.949832439 -0.221028775 -0.221279711 0.190786362 -0.774843037 -0.602676451 -0.337124109 0.587707698 0.735491037 -0.716600597 -0.566784799 -0.406495601 -0.715291381 -0.575340807 -0.396662563 -0.608581781 -0.79185462 -0.0509366095 0.924112082 -0.152021378 0.350580037 -0.730477571 -0.485684127 -0.480118275 -0.986956656 0.058744844 0.149885058 0.727302313 0.398003131 0.559128582 0.766656935 0.386754602 -0.512501657 0.113662481 0.817207694 -0.565024257 0.100100525 0.980389476 -0.169754073 0.112689622 0.860258162 -0.497249335 0.0919709131 0.995059729 -0.0373822227 -0.595597982 0.700263739 -0.393565208 -0.722851574 -0.466660351 -0.509621263 0.175508827 0.653481424 0.736314297 0.9857831 -0.0571968406 0.157988027 0.985783994 -0.0571961254 0.157982558 0.985787034 -0.0571937189 0.1579642 0.985780478 -0.0571989231 0.158003882 -0.0281226393 -0.744130075 0.66744256 0.0363452248 -0.705854177 0.707424104 0.0179834366 -0.711484671 0.702471435 0.872130096 -0.445220113 0.202899307 -0.376331478 0.79248786 -0.47993508 0.980585337 0.104633451 -0.165843561 0.989020228 0.085069187 -0.120839775 0.983277023 0.0989969447 -0.152858794 0.268071473 0.627495766 -0.73101759 -0.996266544 -0.0467885844 0.0725526512 -0.990604281 -0.110337459 0.080801338 -0.997089148 -0.0295828618 0.0702721253 -0.99781543 0.0156593304 0.0641800538 -0.0307118967 0.515223563 -0.856505394 -0.0549469702 0.502618194 -0.862760663 0.00242726668 0.531786263 -0.846875131 0.0221472662 0.541273177 -0.840555131 -0.0505817048 -0.751543701 0.657741368 -0.720401347 -0.693555892 0.00143481593 0.0715189576 -0.678506911 0.731104255 0.08342994 -0.674691141 0.733369827 0.990756214 0.0801143274 -0.109471291 -0.990839601 0.0714299157 -0.114606813 0.830879807 -0.551067591 -0.0772221684 0.833342075 -0.548170447 -0.0710646585 0.833486259 -0.547998309 -0.0707005113 -0.613583207 -0.410572261 0.674496949 -0.011923627 -0.275058955 0.961353421 -0.804666817 -0.376536399 -0.459055305 0.639492571 0.483848184 0.597444713 -0.988065004 0.0507031716 0.145453647 -0.993792295 0.094525151 0.058667548 -0.981122851 0.147587866 -0.124963067 -0.0323308557 0.804590821 -0.592948914 -0.315452963 0.843403637 -0.43492502 -0.0103245936 0.969946504 0.243099272 0.779173136 0.416282147 0.468613178 -0.435708523 0.764349818 0.475318044 -0.317865133 0.758932173 0.568316519 -0.161056161 0.728197932 0.666174591 -0.23768276 -0.856938243 0.457344353 -0.525898933 0.755784988 0.390152961 0.963654101 -0.032416489 -0.265178829 0.828450382 -0.0966138616 -0.551666379 0.924872935 -0.0575503185 -0.375896364 0.835813642 -0.545179665 -0.0647672415 0.998419762 0.0192054268 -0.0528131388 0.99864608 0.0170837641 -0.0491357557 0.732234836 0.1639193 -0.661031306 -0.997529566 -0.0507848077 -0.0485372096 -0.997152865 -0.0137488581 -0.0741424561 -0.843219995 -0.516399264 -0.149371579 -0.826593995 -0.542185724 -0.150920272 -0.799805403 -0.580432117 -0.153003067 -0.786365807 -0.598288536 -0.153881639 9.02944339e-06 -0.725854754 -0.687847972 -4.92353247e-05 -0.725716591 -0.687993765 -0.000392969552 -0.725759745 -0.687948108 4.06647559e-05 -0.725713849 -0.687996626 5.97452818e-05 -0.725862443 -0.687839806 -0.0387447774 0.0503427498 -0.997980237 0.0130452467 0.108415984 -0.994019926 -0.0121650789 0.0802183226 -0.996703088 0.718843043 0.061431285 -0.692452788 -0.0201055147 0.749819875 -0.661336422 -0.0315934904 0.377276748 -0.925561488 -0.0186064318 0.788141072 -0.615213394 0.000336021476 0.989694357 -0.143195748 -0.00323776226 0.988160729 -0.153388098 0.00263716583 0.988376915 -0.152000457 0.0675965622 -0.964600563 -0.254904807 0.0888835564 -0.766728997 -0.635787964 0.0744220391 -0.811123312 -0.580120921 -0.00190611219 -0.533138931 -0.846025527 0.000237111046 -0.316907793 -0.948456287 -0.00149197702 -0.485246927 -0.874375939 -0.00331813609 -0.914143741 -0.405376524 -0.13062501 -0.961186528 -0.243017808 -0.000311219919 -0.96654135 -0.256510675 0.0331514664 -0.590894699 -0.806067228 -0.0322548635 -0.763211787 -0.645342827 -0.875396132 0.198008761 -0.440992266 -0.833016932 0.28299889 -0.475388646 -0.781281888 0.366353333 -0.50535512 -0.000390320813 0.994686961 -0.102944754 0.0510834679 0.990737021 -0.125820011 -5.52811107e-05 0.99999994 -0.000251760444 -0.000157918039 0.999722779 0.0235437024 -0.0492938831 0.998169839 -0.035030596 -0.000587215298 0.955401957 -0.295307845 -0.0340095945 0.271140993 -0.96193862 -0.032764405 0.270231843 -0.962237597 -0.0548273884 -0.235615775 -0.970298409 0.0170622692 0.994858086 -0.0998309478 -0.000370722031 0.989675879 -0.143323362 -0.0061129313 0.98442477 -0.175699711 -0.000511897029 0.987228215 -0.15931116 -0.00738006504 0.990050852 -0.1405164 -0.00829024147 0.990429699 -0.137769088 0.0132701453 -0.940579593 -0.339313865 0.00305453571 -0.862377524 -0.506256461 0.00891297404 -0.944529831 -0.328304797 0.00736727193 -0.296833038 -0.95490092 0.0127238901 0.981219947 0.19247219 -0.097448729 0.743091762 0.662056148 -0.0112221576 0.953625381 0.300786734 0.823926449 0.486809283 0.290106773 0.29940775 0.0301503614 0.953648746 0.56133306 0.541613817 0.625747204 0.0340113454 -0.849073291 0.527179182 -7.43560086e-05 -0.893315256 0.449430585 -0.0129044019 -0.861407578 0.507750392 0.0256166812 0.0538497157 -0.998220325 0.0994069129 0.145734042 -0.984316885 0.0622064248 0.0994503722 -0.993096173 0.357490093 0.927090108 0.112715885 0.087368682 0.991521657 -0.0961848274 0.312170208 0.946326852 0.0837571323 -0.766884029 0.543122768 0.341915965 -0.1645336 -0.536566615 -0.827662349 -0.166666344 -0.848445117 -0.502357543 -0.131847247 -0.438680202 -0.888918519 -0.292573184 0.608415246 0.737720728 0.537094831 -0.774104595 -0.335098714 0.408129752 -0.88559103 -0.221717298 0.566589773 -0.808095157 -0.161115482 0.352269292 0.726204336 0.590367317 -0.660450578 -0.106374204 -0.743296325 -0.804650724 0.116406508 -0.582225621 -0.715815008 -0.0330520347 -0.697507262 0.991483271 0 0.130233914 0.709226549 -0.700943828 0.0753359273 0.570588768 0.734431028 0.367477298 -0.98542285 -0.129857153 0.109903887 0.993478 -0.0568144694 0.0988610461 -0.62864095 0.543202519 0.556544423 0.159504443 -0.971312702 -0.176380709 0.00326714967 -0.910781264 -0.412876397 -0.00244893599 -0.602073073 -0.798437238 0.0075506107 -0.02374449 -0.999689579 0.122947827 0.0805147737 -0.989141583 0.054348249 0.215481684 -0.974994302 0 -0.0441947319 -0.999022901 -6.64155596e-06 -0.190586463 -0.98167038 0.00068492844 -0.923604429 -0.383346379 0.000257647305 -0.91577667 -0.401687562 0 -0.910881579 -0.412667841 -0.0454426073 0.332954228 -0.941847384 0.0543482974 0.354911149 -0.933318973 -0.019131938 0.339094043 -0.940557897 -0.0245856382 0.346884787 -0.937585473 0.287811548 0.378822088 -0.879578412 0.988908887 -0.0931738466 0.115662389 0.988546193 -0.0921563506 0.119514197 0.987862349 -0.0903439149 0.126356661 -0.190661013 0.211000219 0.958711207 0.253016353 0.304080069 -0.918432415 0.515678287 0.205158383 -0.831856966 0.432915896 0.240197405 -0.868843496 -0.447841942 0.548407674 0.706177533 0.700426102 -0.340314478 0.62736702 -0.000163903242 0.999934852 -0.0114166401 0.0767095312 0.993119419 0.088483654 0.00326916738 0.961302936 0.275473922 0.546453059 -0.431425154 -0.717817068 0.619392037 -0.562199414 -0.547982752 0.617656052 0.313005656 0.721476614 0.709291935 0.279675335 0.647059977 0.909831464 0.161854371 0.382112473 -0.0513701178 -0.136697218 -0.989280105 0.164694011 0.932275057 0.322085559 0.0765559301 0.992242038 0.0979534537 0.173271015 0.874208152 0.453582823 0.00245559146 0.794432163 -0.607348084 0.0266852323 0.952398896 -0.303684533 0.064592272 0.978240371 -0.197164029 0.00926315319 -0.940208256 -0.340474129 -0.00700373482 -0.941402495 -0.337212473 -0.161609411 -0.868310213 -0.468956083 0.14707768 -0.432286561 -0.889660895 0.0031145385 0.371113271 -0.92858237 0.0213857684 0.568831563 -0.82217598 -0.0149175264 0.439039886 -0.898343742 0.119213499 0.401253909 -0.908175826 0.470294923 0.423412532 -0.774302721 0.413911879 0.423898011 -0.805597544 0.608159006 0.225775853 0.761030853 0.0721381605 -0.558815718 0.826148331 0.0312470421 -0.278560221 0.959910333 0.0764435232 -0.587913454 0.805303812 -0.549088359 0.0794629827 -0.831978083 -0.00715426402 -0.072920993 -0.997312069 -0.0215277486 0.0824210718 -0.996365011 0.000471574633 -0.0971281677 -0.995271802 -0.946273267 -0.216087386 -0.240568385 -0.00229324051 0.110949926 -0.993823409 -0.00118254684 0.109700024 -0.993964076 -0.00730298553 0.116583802 -0.993153989 -0.0429798514 0.0644125119 -0.996997416 -0.19152686 0.32264778 -0.926938951 -0.000282768218 -0.0311308559 -0.999515295 -0.000352747535 0.0818561241 -0.99664408 0.0164484922 0.356552869 -0.934130311 -0.000640053011 0.0523213893 -0.998630106 0.0195158366 0.106794797 -0.994089544 0.0935108215 0.33437553 -0.937789321 -0.000616604055 0.0528912246 -0.998600066 0.114396632 -0.218464941 0.96911633 -0.123872645 0.987770677 -0.094682157 -0.52536726 0.845901906 0.0918660462 -0.333264738 0.942295492 0.0318416245 -0.670888782 -0.738463223 -0.0676774457 -0.610958993 -0.784230769 -0.108218521 -0.569414794 -0.811012208 -0.134260327 -0.260003716 -0.872240603 0.414239526 0.738215923 0.597250342 0.31357497 0.68058145 0.527345777 0.508640587 -0.729806781 0.59868753 0.330083787 0.735109389 0.593566477 0.327555984 0.995021641 -0.0161633808 0.0983391479 0.99600035 -0.0370296612 0.0813153237 0.995476902 -0.0240590163 0.0919069871 0.994552135 -0.0398676731 0.0963156149 0.994958699 -0.0151912589 0.0991287678 0.995931923 -0.0348404981 0.0831018165 0.995399594 -0.0225772373 0.0931127891 0.735364556 0.593099833 0.327828467 0.783273041 -0.187299654 0.592791855 -0.000453565677 -0.932595789 -0.360922456 -6.90141023e-05 -0.780827701 -0.624746323 0.0544888936 -0.878509104 -0.474607915 -5.19842069e-06 -0.78879112 -0.614661276 -0.00113366882 0.979131818 -0.203222752 -0.00331287785 0.111798763 -0.9937253 -0.00170433044 0.109973453 -0.993933082 -0.0105764503 0.120033145 -0.992713511 0.00540828146 0.300926179 -0.953632057 0.00498825265 0.319479108 -0.947580218 0.00534281461 0.355766445 -0.934559643 -0.00892475341 0.049082879 -0.998754859 -0.108081259 -0.895862818 -0.430985272 0.836303294 -0.500687778 -0.223402262 -0.688545763 -0.202790782 0.696261883 -0.761220455 -0.309167504 0.57005167 -0.595851064 -0.0924190357 0.797759533 -0.00112925598 0.0905602723 -0.995890379 -0.000641957216 0.0502706394 -0.998735428 -0.0112405075 -0.849420369 -0.527597189 -0.758081138 -0.214299947 0.61594516 -0.238299921 -0.174734101 0.955343425 -0.220669866 -0.200974017 0.954418302 -0.260954171 -0.140219599 0.955113292 0.0180065688 0.864430428 -0.502429903 0.0296861082 0.950598836 -0.308999479 0.0635222793 0.950096965 -0.305418581 -0.0237544347 -0.060164623 -0.997905731 -0.0199889671 0.270302624 -0.962567866 0.00554882595 -0.166027546 -0.986105502 -0.343865037 0.434708476 -0.83233726 -0.125486761 0.471048653 -0.873135865 -0.180201039 0.464276165 -0.867164969 0.596280456 -0.746639311 0.294922799 0.565453887 -0.762983441 0.313238114 0.456807226 -0.808719575 0.370539963 0.810588002 -0.446107328 0.379388094 0.784674406 -0.384705573 0.486094475 0.775584877 -0.367148936 0.513487935 -0.000631461735 0.0825130567 0.99658972 -0.130713537 -0.808174551 -0.574254155 0.20847033 0.350301176 0.913142562 0.262837201 0.369059503 0.891466081 0.155717835 0.222293958 0.962464213 0.532197475 0.648618877 0.544113398 -0.183571979 0.510798097 0.839872956 -0.00751513569 0.985538602 -0.16928412 0.00170169258 0.97114116 -0.23849915 0.0798063874 0.810895622 -0.579723418 0.02560715 0.826072037 -0.5629825 6.92980984e-06 0.838971913 -0.54417479 0.680884004 -0.710175693 -0.179017708 0.969237626 -0.23416923 0.0757831708 0.528529704 -0.692787945 -0.490613163 -0.0742380843 0.987662435 -0.137882963 -0.0336321369 0.996355414 -0.0783889741 0.0633712709 0.991359532 -0.114849716 -0.0634063259 0.964763045 0.255365998 -0.03005068 0.906338632 0.421482205 -0.254337788 0.957373261 0.136925936 -0.0771618932 0.973415971 0.215655819 -0.0145704029 0.480259657 -0.877005339 -0.0609278157 0.985097885 -0.16084148 -0.0326954015 0.992929518 0.11411386 0.00322007434 -0.794551909 -0.607187629 0.023132503 -0.807731271 -0.589096904 0.211564988 -0.977344692 0.00612473255 -0.298531085 -0.400096208 -0.866488457 -0.089439854 -0.913151145 -0.397687733 0.978412032 -0.0304142535 0.204413712 0.190811887 0.151295975 -0.969897091 -0.166037872 -0.0995533466 -0.981081307 0.151153326 0.889816701 0.430556506 0.263335228 0.355472982 0.896824181 0.0369147174 0.359426856 -0.932442844 0.0291172154 -0.401926011 -0.915209055 -0.00824600831 0.270771503 -0.962608278 -0.00826621428 0.27207619 -0.96224016 -0.00695208181 0.18818064 -0.982109845 -0.00431560352 0.0251082238 -0.999675453 0.00142510899 0.980912089 -0.194446638 0.0231270026 0.980491579 -0.195195973 0.0258372817 0.983134687 -0.181048512 0.0314431414 0.984497905 -0.172555074 0.129791602 0.23721981 -0.962746501 0.131822407 0.369454384 -0.919851243 -0.0436318889 -0.92021358 0.388976961 -0.33030954 -0.923264027 0.196161151 -0.168535724 -0.929404974 0.328332335 0.266756088 0.243227884 0.93256712 0.551712811 0.522214115 0.650311768 0.657003939 0.0686622038 -0.75075382 -0.100807369 0.323554784 0.94082427 -0.0275362078 0.49607867 0.867840946 -0.071504958 0.395303875 0.915763021 0.0557185337 0.665195346 0.7445876 0.0361691192 -0.84174031 0.538669825 0.0774381831 -0.813405335 0.576519728 -0.571579576 -0.393816531 -0.719864845 0.000943004095 -0.181402713 -0.983408451 -0.0197340287 0.157593712 -0.987306833 0.60334599 -0.616168499 -0.506270766 0 -0.226681605 -0.973968983 0.0007614317 -0.180196702 -0.983630359 0.000144699792 -0.101466008 -0.994838953 -0.000505585049 -0.0487463251 -0.998811066 0.00461749034 0.943421423 0.331563771 0.000236991531 -0.321032137 -0.947068274 -0.00177351222 -0.462703228 -0.886511505 -0.0018298584 -0.496613324 -0.86796999 -0.00329331472 -0.664334178 -0.747428477 -0.0977405161 -0.982746422 -0.157023057 0.00437376834 -0.999974251 -0.00569136208 -0.152966633 -0.958972275 -0.238691121 -0.230620474 -0.90664047 -0.353294909 0.105743371 -0.963145733 -0.247322693 0.246318728 -0.968356907 -0.0401480943 -0.0687755197 -0.989596009 -0.126371741 -0.187875018 -0.923246145 -0.335141033 0.0953573808 -0.968162715 -0.231447309 0.230876938 -0.972485781 -0.0311000012 -0.100486472 -0.982777655 -0.155082747 -0.000982582918 -0.999975562 -0.00692198006 -0.155026019 -0.959254682 -0.236214876 -0.23100391 -0.908151746 -0.349138319 0.102108613 -0.963849127 -0.246107042 -0.000419620861 -0.92399472 -0.382404953 0.160232052 -0.973448992 -0.163470685 0.246382698 -0.968607008 -0.0331072249 -0.0929385126 -0.985208869 -0.143964589 -0.000432673463 -0.99998045 -0.00621466339 -0.144255877 -0.964703441 -0.220312417 -0.216018289 -0.920007944 -0.32698828 0.0944350213 -0.968786716 -0.229203597 -0.000329794915 -0.934051514 -0.357138067 0.148566619 -0.977188706 -0.151756912 0.228473529 -0.97305268 -0.0311182793 -0.100231461 -0.982845128 -0.154819623 -0.000432672183 -0.999980569 -0.00621765759 -0.154902637 -0.959291279 -0.236146912 -0.230995283 -0.908115745 -0.34923768 0.118092947 -0.950601637 -0.28707245 -0.000323228363 -0.924047232 -0.382278055 0.160321742 -0.973456442 -0.163338467 0.214267343 -0.952399254 -0.216852576 0.266860187 -0.909694672 0.318184137 0.12907587 -0.988765717 0.0753779858 0.065289624 -0.98746264 -0.14371784 -0.00613158988 -0.789741158 0.613409579 -0.114701249 -0.450928986 0.885159075 0.11522501 -0.490735769 -0.863655925 -0.0743119419 -0.316486984 0.945681632 0.0760707706 -0.299056977 -0.951198339 -0.0550198704 -0.216298088 0.974775851 0.055481974 -0.233694926 -0.970725775 -0.0461684838 -0.226876527 -0.972828507 0.0424076393 -0.166719854 0.985091925 -0.0638374984 -0.2509709 -0.965887368 -0.0471422002 -0.996623039 0.0672322214 -0.886904716 -0.451153755 -0.0992988423 0.154897124 -0.959292769 -0.236144483 0.000375569274 -0.999980927 -0.0061703152 0.100220032 -0.98284632 -0.154820025 0.230995551 -0.908119798 -0.349226952 0.0570652671 -0.224344328 0.972837627 0.000708946784 -0.924033582 -0.38231045 0.588908434 -0.345669717 0.73054719 -0.160309613 -0.973459184 -0.163334221 0.000392592774 -0.924026966 -0.38232708 -0.102193698 -0.963878274 -0.245957345 -0.246381283 -0.968607545 -0.0330999792 -0.101774849 -0.400117874 -0.910795093 0.188659757 -0.852864504 0.486856848 -0.200378343 -0.902042031 -0.382320195 0.242539465 -0.966115534 -0.0882916972 0.203112051 -0.978731394 -0.0288160238 0.228039563 -0.971395433 -0.0662485138 0.262334198 -0.957646251 -0.11871966 0.0873960778 -0.319041461 0.943702579 0.00305550569 -0.325071424 -0.945684612 2.28031658e-05 -0.214488834 -0.976726472 0.00285699591 -0.31791985 -0.948113263 -1.89799612e-05 -0.212945595 -0.977064073 -0.0701692626 -0.78326124 -0.617720127 0.0358789749 -0.731620133 -0.680767715 0.258000076 0.950883865 -0.171043009 -0.223148257 0.959510207 -0.171886876 0.243445501 0.9570508 -0.157442257 -0.052022133 0.945115149 -0.32256937 -0.0553718284 0.948109806 -0.313084126 -0.0481267646 0.941508472 -0.333534867 -0.065556474 0.967896879 -0.242647767 0.000258085318 0.998344719 -0.0575126708 -0.0506097451 0.966752768 -0.250654757 -0.0748682097 0.950631142 -0.301156461 0.189613491 0.153045878 -0.969857514 0.306063026 0.927210391 0.215885028 0.401667386 0.804801702 -0.436986774 -0.205513224 0.875268817 0.437799871 0.0774547607 0.993118405 -0.0878440514 -0.0036769649 0.999983549 0.00441117305 0.13906309 0.977613688 -0.157901511 0.237383261 0.933223307 -0.269710094 0.54709363 0.488916665 -0.679447651 -0.185208246 0.728114843 0.659959674 0.100543149 0.955037057 -0.278918236 -0.082770586 0.975818634 -0.202304408 8.80613588e-05 0.992504656 -0.122207046 -0.231866717 0.911533237 -0.339624703 0.165367037 0.650104284 0.741632044 -0.142206773 0.605642974 -0.7829265 0.124685325 -0.793242335 0.596003592 -0.0624668747 0.94439888 -0.322813451 0.0786191076 -0.837169409 0.541263759 -0.0466617718 0.940117717 -0.337640852 0.0589053892 0.231573269 0.971032441 -0.0518208854 0.22282213 0.973480821 0.0629428774 0.231980741 -0.970681846 0.540464401 0.840086758 0.046393767 0.356646031 0.915049732 0.188381344 0.534377098 0.843671083 0.0515777431 -0.243444785 0.95706445 -0.157360598 -0.0664291531 0.261152506 0.963009119 0.163955882 0.966836095 -0.195822671 0.162426308 0.957815945 -0.237078831 0.243342161 0.956647038 -0.160034776 0.0823139399 0.323598713 -0.942607164 -0.121817529 0.9786883 -0.165316463 -0.246466503 0.968933046 -0.0205685887 -0.147843301 0.97463572 -0.168010682 -0.00126918079 0.999998331 -0.00133338012 -0.12901786 0.980745614 -0.146602958 -0.253036469 0.923709095 -0.287635088 -0.130560949 0.513271749 0.848236978 -0.0893619284 0.326213896 0.941062629 0.120087221 0.438375205 -0.8907336 0.25303182 0.923692942 -0.287691414 0.128174916 0.980985582 -0.145733878 0.00463917619 0.235876352 -0.971772015 0.0043537789 0.291364163 -0.956602335 0.00560082169 0.0128470827 -0.999901772 0.114970692 0.281120956 -0.952760637 0.00133004889 -0.19542478 0.980717838 -0.0127719184 0.871264517 0.490647554 -0.0392756239 -0.921928406 -0.385364085 0.0427651927 -0.852185488 -0.521489263 0.0392724127 -0.663531542 -0.747116804 0.00125102466 -0.658917427 -0.752214253 0.0281194802 -0.929723024 -0.36718452 -0.0365537889 -0.96186316 -0.271077633 0.00396930985 0.973356843 0.229261339 -0.0156865139 0.405842304 0.913808465 -0.00617424026 0.619664669 0.784842312 -0.190939501 0.423337698 0.885622621 -0.275152206 0.460450172 0.843965054 -0.097288914 -0.598828673 0.794945896 -0.034781225 -0.515815675 0.855993211 -0.0346628502 -0.518343687 0.854469657 -0.0234623849 -0.710257173 0.703551114 -0.10357552 0.720442295 0.685736775 -0.431323916 0.521263599 0.736372113 0.00145770237 -0.929347336 0.369203627 -0.0930095166 -0.613296926 0.784357071 0.0479451977 -0.777857304 0.626609325 0.0343640596 -0.760661066 0.648239017 0.0128132487 -0.731985033 0.681200147 0.714786887 0.319088757 -0.622303784 -0.937663078 0.00033651205 -0.347545415 0.681847453 -0.413476616 0.603424549 -0.0419943705 -0.947654247 -0.316524804 -0.0519800149 -0.919371903 -0.389940202 0.0965548754 0.995188951 0.0166184269 0.0308015235 0.998026311 -0.0547243357 0.138681382 0.988345861 0.0627691597 -0.778483808 -0.198853806 0.595331907 0.0684174001 -0.873389542 0.482192665 0.00500676967 -0.845330119 0.534220994 -0.160970092 0.338233769 0.927192867 -0.184739739 0.372816592 0.909328878 -0.304783583 0.543779552 0.781927645 -0.00197007903 0.711345375 -0.702839911 -0.00437825685 0.690333188 -0.723478317 -0.00240797666 0.814228892 -0.580538929 -0.192900985 0.391644657 -0.899668634 0.0439553373 0.974447727 -0.220271841 0.161279663 -0.883644938 0.439500242 0.403230131 -0.0927850157 -0.910382509 0.0261340197 0.749846458 -0.6610955 0.0484042577 0.765770376 -0.64128983 -0.0216028728 0.342716604 -0.939190388 -0.0711169764 0.864032805 -0.498387069 -4.47025122e-05 0.877638042 -0.479323924 0.0941192731 0.962477803 0.254515529 0.336231023 -0.906295478 -0.256080598 0.291637897 -0.570578814 0.767715514 0.0853103101 -0.941590667 0.325774759 -0.584915996 0.52463001 0.618576288 -0.496024042 -0.280392796 -0.821790874 0.603438795 0.570276558 0.557356536 -0.667853236 0.551482856 0.499838471 -0.997334123 0 0.0729705319 0.73329252 0.591577232 0.335139573 -0.711197495 0.62159884 0.328348696 0.217875496 0.155354738 0.963532686 -0.782501936 0.615861654 0.091678828 -0.994359314 -0.0620083548 0.0860498324 0.989364803 -0.0945186913 0.110559985 -0.846004188 0.450748354 0.284785867 0.484912366 0.728671074 0.483630568 -0.589529991 -0.652992308 -0.4754529 -0.5272789 -0.682678878 -0.5058918 -0.539471447 -0.677276671 -0.500267029 -0.482547641 -0.70091325 -0.525231838 -0.686135352 0.645370245 0.335731149 0.629435122 -0.546641171 -0.55226326 -0.791837573 -0.328931004 -0.514584899 -0.850569129 -0.441014796 -0.286422819 -0.853295803 -0.450704008 -0.262206107 0.00013923044 0.370271951 -0.928923368 -0.000103678816 0.283087105 -0.959094226 -0.14660573 0.801627874 -0.579568386 0.00398608716 -0.719750285 0.694221556 -0.0347501561 -0.958956301 -0.281416416 0.0717529431 -0.992123187 0.102679029 0.429779589 0.882525921 -0.190885782 -0.0616680197 0.685859799 -0.725116074 0.0734216124 0.600360036 -0.796352386 -0.0113648018 0.65635103 -0.754370034 0.111334592 0.572762251 -0.812125623 -0.0143289734 0.47145915 -0.881771505 -0.0213385765 0.443268806 -0.896134675 0.00309897144 0.223610401 -0.974673688 0.00238532783 0.173174381 -0.984888315 -0.0887257904 0.655795932 -0.749706268 -0.111214414 0.714827299 -0.690400839 0.0219870526 -0.000118777192 -0.999758184 0.000692817266 -0.00347173726 -0.999993742 -0.0178793706 0.997767627 -0.0643432289 -0.179021537 0.107528463 -0.977951407 0.72551167 0.423835248 0.542214513 0.51777178 0.341366559 0.784462512 0.977366805 0.0813191831 -0.195297807 -0.00239572581 0.381173044 -0.924500704 -0.720691621 -0.239365771 -0.650620937 -0.114964679 0.914785564 0.387234449 0.017618509 -0.183838919 0.982798517 0.00147865596 -0.655596733 -0.755109668 0.332057178 -0.571354032 -0.750528216 -0.0127626741 -0.97931993 0.201914787 -0.25881207 -0.965926111 -0.00176352332 -4.80709714e-05 0.943007171 -0.332772404 -0.0254479386 0.0875706598 -0.995833278 -0.00671581784 0.995448828 -0.0950607359 -0.678564429 0.732574105 0.0537166446 -0.67405653 0.736748636 0.053377945 -0.656627476 0.752415597 0.0520674698 -0.981182635 -0.0484597012 0.186901763 -0.753370762 0.455138385 0.474638313 -0.0889028162 0.887212276 0.45271489 -0.154408574 0.920690179 0.358451664 -0.0912477076 0.950917423 0.2956855 0.610872865 -0.569356441 -0.550152242 -0.688950419 -0.0999850109 0.717879057 0.111075312 0.99056232 0.0803026706 -0.0165068768 0.989008784 0.146932766 -0.0816098377 0.966954708 0.241533622 -0.116847664 0.951796353 0.283602357 0.345045745 -0.60908854 0.71411097 0.21815303 -0.531968951 0.818179905 0.353265643 -0.643254519 0.679284155 -0.116937786 -0.921815038 0.369570941 0.0766095817 -0.655121088 0.75162977 3.17691615e-06 0.108365327 -0.994111061 -0.0228750054 -0.750135779 0.660888076 -0.222800687 0.356521785 -0.90733242 0.0199749768 0.35572201 -0.934378386 0.0019362492 0.397251934 -0.917707562 -0.0545578673 -0.293428659 -0.954422891 0 -0.361852288 -0.932235479 -0.00276551396 -0.962221503 0.272253901 0.0110053662 0.963625848 -0.267028242 0.0018664106 0.298203319 -0.954500556 0.00263014669 0.464101434 -0.885778129 0.00262831897 0.463704497 -0.88598609 0.00151513505 0.225371435 -0.974271715 0.00157223595 0.233118877 -0.972446978 0.112411425 0.329224497 -0.937536657 -0.0364933312 0.568598688 0.821805239 -0.0872598141 -0.995554388 -0.0354594998 -0.715310693 -0.69793582 -0.0348739699 -0.0157814343 0.296907723 -0.95477581 -0.181231335 -0.257817477 0.949044466 0.00657574786 -0.805542767 -0.592501223 -0.102814138 -0.578689158 0.80904144 0.853485048 0.463795215 0.237607405 0.0405407026 -0.211956471 -0.976437926 0.0415816084 0.99808526 -0.0457886122 0.0372254327 0.997557104 -0.0591114238 -0.215633973 0.944116831 -0.249289721 -0.214508012 0.938259244 -0.27139622 0.00335911266 0.459959835 -0.887933314 0.118939236 0.574225485 0.810011506 -0.513914466 0.555884898 0.653363347 0.171765983 0.102734879 0.97976625 -0.969261646 -0.155215114 -0.190892681 0.987232327 -0.114287719 0.110953026 0.94071734 0.0269298032 0.338120818 -0.662329674 0.670906365 0.333472699 -0.675061822 0.53087914 0.512307525 -0.993651986 0 0.112497911 0.993872046 0 0.110536806 -0.674790919 0.531439245 0.512083411 -0.993735671 0 0.111756615 0.993767798 0 0.111470498 -0.994512856 -0.0421034358 0.0957678631 -0.996067286 -0.0404218286 0.0788414478 -0.995084941 -0.0176220071 0.097444512 -0.99555707 -0.0262283795 0.0904336944 -0.993735611 0 0.111756481 0.993767679 0 0.111470357 -0.242605656 -0.682570755 0.689376235 -0.329772562 0.578443527 0.746091962 -0.994636774 -0.042445533 0.0943184942 -0.579094529 0.285669535 0.763572097 -0.711134076 -0.698927999 0.0760799572 0.708361983 0.696205258 -0.116281353 -0.837842047 0.320309132 -0.442066431 -0.70581466 0.707158864 0.0418592766 0.680049181 -0.732692301 0.0263652932 8.07035394e-06 0.108029582 -0.994147718 0.932178199 0.329570055 -0.149757847 0.68966049 0.722215414 0.0526622869 0.791958451 0.606823325 -0.0675816983 0.779775202 0.623953283 -0.0513118766 0.85188061 0.498165995 -0.161648124 -0.286384642 0.0406562425 -0.957251787 0.00199305289 -0.00430371799 -0.999988735 -0.181992427 0.0243397709 -0.982998669 -0.383190393 0.0558324642 -0.921980441 -0.801847279 -0.387710094 0.454666674 0.0638345033 0.990783334 0.119471766 0.174320996 0.854521275 0.489290863 0.133352816 -0.982102096 0.133013189 -0.0661825612 -0.990400791 0.121352114 0.165700898 -0.976971626 0.134423763 0.342777103 -0.928983152 0.139621764 -0.692431688 0.719402432 0.0547578968 0.405461252 0.773750782 0.486734807 0.298610538 0.72552973 0.62003094 0.326812506 0.740032256 0.587831438 0.213254035 0.674996197 0.706330538 -0.36243099 -0.552196801 -0.750814557 -0.369272649 -0.54448539 -0.753109097 -0.366488069 -0.547636926 -0.752183735 -0.375963062 -0.536839902 -0.755284488 -0.290352315 -0.946425021 0.141334116 -0.244461328 0.963291347 -0.110944003 -0.365358919 0.930755019 0.0144229988 -0.810523927 -0.466790378 -0.353776425 -0.817817748 -0.460056007 -0.34572041 -0.75171876 -0.514766037 -0.412231594 -0.72006011 -0.536766469 -0.439767212 0.558579922 0.578894913 0.594027877 0.767995358 -0.617571414 0.169672549 0.817534745 -0.469347805 0.333690792 -0.597563207 -0.231618106 0.767640054 0.0297091622 0.344300359 -0.938389361 0.0293134823 0.391245961 -0.919819236 0.0514586382 0.337902874 -0.939773202 0.00611743424 0.54596591 -0.837785006 -0.00499918731 0.668733537 -0.743485391 -0.0757703036 0.286556393 -0.955062449 -0.192119822 0.0416738093 -0.980486274 -0.348546922 -0.104413152 -0.9314574 0.0981542692 -0.313437432 -0.94452256 0.0647925735 -0.366256744 0.92825532 0.313178122 -0.360782832 -0.878495991 0.0429994464 -0.131153136 0.990429044 -0.00552994246 -0.106970593 0.994246781 0.00413187454 -0.0998504832 0.994993865 -0.0188331585 -0.116749838 0.992982805 -0.0417537466 -0.133532554 0.990164459 -0.691759408 0.153325245 -0.705662906 0.672651589 -0.319426835 0.667462647 -0.193242118 0.270037979 0.943258703 -0.144851565 -0.273122162 0.9510113 -0.327865988 -0.647530377 -0.687901378 -0.336639255 -0.645871103 -0.685218632 -0.336927712 -0.645815492 -0.685129225 -0.327453196 -0.647606909 -0.688025951 0.738797784 -0.467338592 -0.485563993 0.606636405 -0.543390632 -0.580274761 0.907047153 -0.285324246 -0.309605271 0.459342152 -0.612513065 -0.64329809 0.999720395 0.00863314699 0.0220128614 0.998262346 0.044334814 0.038816072 0.900167763 0.293095738 0.322168827 0.343132287 0.642573476 0.685098171 0.473701328 0.607968509 0.63716656 0.469036072 0.609473884 0.639176548 0.336541593 0.643932343 0.687088728 -0.490527183 0.597633719 0.634205818 -0.573632181 0.565606534 0.592482388 -0.576452374 0.564381182 0.590911508 -0.486379862 0.599038661 0.636071622 -0.989118397 -0.108236261 -0.0996476859 -0.960071683 0.18660979 0.208420753 -0.997083426 -0.0480149798 -0.0593221933 -0.994555891 -0.0673230439 -0.0795375109 -0.841048717 -0.380070567 -0.384945989 0.0298156589 -0.903895557 0.426712841 0.0156083424 -0.769873857 0.638005197 0.00605691317 -0.756041706 0.654495358 3.15595571e-06 0.725803316 -0.687902331 1.35772495e-06 0.725804985 -0.687900603 1.20652169e-06 0.725802302 -0.687903285 0.00363813969 -0.731949151 0.681349576 -0.014673491 -0.720233083 0.693576932 -0.0442070551 -0.703351259 0.709466517 -0.00961483829 -0.719174623 0.694762886 -0.00267134351 -0.731468856 0.681869507 7.96224958e-06 0.725806832 -0.687898517 7.25731024e-06 0.725796342 -0.687909544 0 0.7258026 -0.687902987 -0.910015821 -0.374527901 -0.177764058 -0.8808375 -0.40227893 -0.249593809 -0.862263918 -0.416366011 -0.288340509 -0.390622556 0.681810498 0.618505061 -0.333620638 -0.595091581 -0.731138408 -0.596839964 -0.53298068 -0.599761307 -0.680690348 -0.497822881 -0.537431777 0.468478918 0.876177251 -0.113317929 0.482610852 0.87096101 -0.092269659 0.479590565 0.872135222 -0.0968140885 -0.268366843 -0.601835489 -0.752179086 0.733570635 -0.556264818 -0.390440315 0.786571681 -0.487861544 -0.378544688 0.80680269 -0.436444223 -0.398228347 -0.611619592 0.563947141 0.554874003 -0.388084263 0.575031996 0.720228255 -0.271096438 0.564732909 0.779476464 -0.772880673 -0.230680928 -0.591135919 0.807538629 -0.403585494 -0.430116504 0.929115236 -0.329789788 -0.167283162 0.713878751 -0.576395571 -0.397675097 -0.922645926 -0.359233111 -0.140271232 0.126101345 -0.729193211 -0.672588944 0.911044776 0.230215937 0.342049718 0.902973235 0.169069439 0.39503774 0.875434697 0.0622866787 0.47930631 0.264533639 0.515696168 0.81491065 -0.206444785 -0.474682391 0.855603337 0.913044572 0.268259764 0.307223529 0.931485951 0.308212012 0.19323352 0.208785117 0.327876031 -0.921361029 0.120208167 0.44940868 -0.885201573 0.14301011 0.419519424 -0.896410406 -0.176756278 0.799833357 -0.573605895 0.53097719 0.847240806 -0.0156961158 -0.747988164 0.06266132 -0.660747647 0.0802138671 0.499617249 -0.86252445 -0.718720734 0.537924528 0.440542549 0.65154618 -0.538696349 -0.534129024 0.670483589 -0.48720178 -0.559541047 0.647104561 -0.542336762 -0.535841823 0.636438847 0.764811397 -0.100045569 0.825570643 -0.414509326 -0.382903576 0.74716717 -0.416978478 -0.517561793 -0.657195687 -0.487701327 -0.574666142 -0.804560959 -0.418706715 -0.421148956 -0.687218249 -0.475509316 -0.549201131 0.496475458 0.0467632785 -0.866790295 -0.98406297 -0.0123935742 0.177388057 0.537545919 0.55708766 0.633006811 0.539923012 0.556458235 0.631535769 0.556711018 0.551134288 0.621549547 0.920236588 -0.323773086 -0.21985358 -0.223433018 0.661591172 0.715803564 -0.551228642 0.603865862 0.575754285 -0.732477665 0.478923976 0.48384738 -0.521246314 0.622071564 0.58423388 -0.687548757 -0.546780109 -0.477816075 -0.854097307 -0.354617715 -0.38047871 -0.786224186 0.411095649 0.461358726 -0.875495255 0.269013435 0.401422352 -0.914247572 0.168977708 0.368236154 -0.00692673819 0.710687637 -0.703473628 0.773142874 0.456320018 0.440479398 0.807756186 0.432686388 0.400390476 0.625221193 -0.487291873 -0.609626949 -0.584302187 -0.638624609 -0.500749111 0.542298257 0.556817591 0.629179358 -0.542358935 -0.630912721 -0.554793656 0.0161378346 -0.777118921 0.629146814 -0.985063314 0.158269703 0.0678304881 -0.985494196 0.158223361 0.0613729842 -0.987023294 0.157894552 0.0292312354 -0.945032835 -0.193318069 -0.263706625 -0.146273091 0.760672152 0.632441282 -0.0523219928 0.788392007 0.612944067 0.113458976 0.81792593 0.564024985 0.903382063 0.420776457 0.0827528983 0.845356107 0.508363247 0.164133206 0.891795814 0.44100371 0.101073854 -0.91311121 -0.261917382 -0.312453538 -0.980844438 0.15840818 0.113362618 -0.573365331 0.573148429 0.585451245 -0.533476233 0.570281208 0.624645889 -0.494007617 0.565897882 0.660087943 0.907284141 0.194433942 0.372868359 0.938139796 0.20198907 0.281236917 0.959616542 0.197653085 0.200173229 0.0822870135 -0.591549814 -0.802058399 0.145601779 -0.562590122 -0.813813448 -0.0224827323 -0.643742859 -0.764911473 -0.0671997368 -0.651057184 -0.756048024 -0.987082183 0.0354244784 0.156250045 -0.988720536 0.0428624079 0.143508047 -0.989706457 0.0478945635 0.134860262 0.885425091 0.374333829 -0.275493205 -0.14490597 -0.565698862 -0.811780214 0.962947309 -0.231104881 -0.139007106 0.970927179 -0.221575111 -0.0905802995 0.956173599 -0.237232804 -0.171617642 0.00359796081 -0.678900421 -0.734221578 0.957285643 0.277472109 0.0813231468 0.952064753 0.236758381 0.193696246 0.974897385 -0.214917347 -0.0581845827 0.779823124 0.0609410964 -0.623026371 0.341343611 0.438951194 -0.831147552 -0.018377617 -0.995967686 0.0878094211 -0.100373246 -0.994551718 0.0281459335 -0.214112893 -0.975180268 -0.0563836992 -0.272422582 -0.26161319 0.92592895 -0.841683269 -0.293252707 0.453400582 0.233573526 0.823616803 0.51681602 0.943898678 -0.263167977 0.199494094 -0.621179938 0.57420069 0.533318818 -0.28689608 -0.951435626 -0.111627646 -0.917075455 0.397511929 0.0309337359 0.160718054 -0.719562232 0.675573826 -0.984963894 0.0269916691 0.170638621 0.999746025 0.0194867123 0.0113201542 0.999828756 0.00767076993 -0.0168427955 0.999584317 0.00926548336 -0.0273020472 0.932006598 0.361180127 0.0302104987 0.0241868254 -0.685336769 -0.72782445 -0.311873168 0.738214195 -0.598143041 -0.105383113 0.67617631 0.729163945 0.625968337 0.530940354 0.571196973 0.297482371 0.659516454 0.690320432 -0.18507342 0.679066598 0.710363567 -0.533507466 0.574321926 0.620905995 -0.957828224 0.200147957 0.20616971 -0.942841053 0.233738437 0.237522528 -0.943325698 0.232732609 0.23658435 -0.958660185 0.198108017 0.204264224 -0.62500304 -0.541393101 -0.562374234 -0.852084816 -0.365888536 -0.374268711 -0.558906972 -0.5651353 -0.606831968 -0.32761851 -0.717413664 0.614803851 -0.0531827733 -0.734443247 0.676583111 -0.0505498275 -0.729747534 0.681845486 -0.542009473 -0.572772145 -0.614945412 -0.351643413 -0.647148609 -0.676421106 0.53842485 -0.581781268 -0.609613955 0.574927151 -0.562911153 -0.593792796 0.576443017 -0.562090814 -0.593099833 0.536557555 -0.582702458 -0.610380054 0.991891742 0.0836705789 0.0956559405 0.958985746 -0.198574558 -0.202273458 0.999884367 -0.00570296682 -0.0140922451 0.922528863 0.268649608 0.277070105 0.321242809 -0.652370214 0.686451852 0.0500910021 -0.717018247 0.69525224 0.0592477247 -0.721481323 0.689894557 0.00183901307 -0.722756267 0.691100597 1.38088144e-05 0.725806952 -0.687898397 1.51129161e-05 0.725814581 -0.68789041 3.73215312e-06 0.725805581 -0.687899888 0.00651641609 -0.75794512 0.652285755 -2.85877941e-05 0.725801229 -0.687904537 5.58111788e-06 0.725804865 -0.687900662 6.10310553e-06 0.725801229 -0.687904477 -0.0570228696 -0.733320892 0.677487075 0.0287319385 -0.717048526 0.696430862 -0.00530874636 -0.753058255 0.65793246 -0.00778684439 -0.734700322 0.678347051 -0.0210959818 0.915759861 -0.401171714 0.242545947 -0.444598019 -0.862266779 -0.90889734 0.166296512 0.382427782 0.935620546 -0.299801379 -0.186368868 0.961206675 0.269216478 0.0600349307 -0.826623142 -0.263131917 -0.497449279 0.631383657 0.619265199 0.466760427 0.205429539 -0.519863069 -0.829181015 0.940239429 -0.316457301 -0.125716314 -0.671428442 0.739260256 0.0517513901 0.346933812 -0.412458211 0.842327237 0.272319078 0.961375594 -0.0399927795 -0.0311976597 -0.72926271 -0.683522284 -0.220212981 0.0878313854 0.971489489 0.762081861 -0.366834491 -0.533538818 -0.776648998 0.561432898 -0.285673499 -0.664133012 -0.731125593 0.156149969 -0.31862849 0.305757612 -0.897211313 -0.330313653 0.9435004 -0.0264546797 -0.615700841 0.598482609 -0.512573063 -0.576368272 -0.799211919 0.170469403 -0.159676179 0.328180164 -0.93102169 -0.356059551 -0.914726615 -0.191041872 -0.214972913 0.909563422 -0.355641752 -0.983063281 -0.093028225 -0.157899946 -0.441075653 -0.640564263 -0.628593385 0.133289501 -0.653464258 -0.745129764 0.0319887474 -0.733888686 0.67851615 0.673223376 -0.199268237 -0.712083101 0.0456407405 -0.729227543 0.682747543 0.0618226863 -0.710304618 0.701174259 0.485402793 0.849620104 -0.206227332 0.112856992 -0.628339112 0.769709885 -0.246882066 0.458819538 0.85354203 0.17104882 0.0327149406 0.984719336 -0.227641404 0.972314358 0.0527667217 -0.077212289 0.944853067 0.318262458 -0.57191664 0.155328438 0.80547148 -0.938922107 0.00965614617 -0.343993932 -0.796004057 0.483921081 -0.363590449 -0.68766284 -0.719427407 0.0976929143 -0.356722921 0.2507765 -0.899922192 -0.413710833 -0.83110559 -0.37162748 0.535313606 -0.648072898 -0.541701734 0.94032526 0.227839857 -0.252739698 -0.992731631 0.0798972771 -0.0900026485 -0.693871498 -0.168640971 -0.700073242 0.706310809 0.591269493 0.389262438 0.151989162 0.738370121 0.657045484 -0.106820598 -0.945427418 -0.307825297 0.55352813 -0.293254644 -0.779492378 -0.606736064 -0.789384782 -0.093503952 -0.895335793 0.40508762 0.185142428 -0.392124772 0.322280169 -0.861611128 0.312266141 -0.264287323 -0.912492275 0.707056403 0.690873027 -0.150883287 0.344249487 0.118789233 0.931333184 0.011422107 0.999917924 -0.00580266397 -0.755488873 -0.560328484 -0.33951205 0.569481909 0.821201801 0.0363026746 0.192973882 0.195378229 0.961555183 0.0514537469 -0.671022356 -0.739649594 0.0580184013 -0.454660743 -0.888773024 0.0507602543 -0.686659098 -0.725205302 0.0582807511 -0.440907061 -0.895658553 -0.204469308 0.963955104 0.170243979 0.876969755 -0.374736488 -0.300826579 0.990409911 -0.0222363565 -0.136358753 -0.929372847 0.369103312 -0.00536106154 0.674310207 0.474142611 0.566122472 -0.778612673 -0.545052648 -0.310934067 -0.270575285 -0.590442657 -0.760372639 0.60501188 -0.566094697 -0.55990845 -0.91900593 0.340010524 0.199552149 0.25097549 0.0840772316 -0.964335203 -0.260767192 0.650046408 0.71375072 0.728103042 -0.682967067 0.0584969744 0.129540294 -0.788537264 0.601189017 0.00025052522 -0.725786328 0.687920153 -0.707106888 -0.70710665 0 -0.48684901 -0.873486161 0 -0.419175208 -0.90756613 0.0248153657 0.725489855 -0.35033986 0.592390478 0.078826122 0.996883512 -0.0031088565 0.326292008 0.943334401 -0.0604459755 0.317266434 0.947425306 -0.0415594876 0.098204203 -0.147528544 0.984170318 -0.0180378966 -0.616392612 0.787232339 0.0106092226 0.0105999671 -0.999887645 -0.210960165 0.0086163776 -0.977456689 -0.229717284 0.164373711 -0.959276378 -0.409620255 0.0129604535 -0.912164092 0.0038068518 0.00700689247 -0.999968231 -0.416973203 0.0130537776 -0.90882504 0.240793496 0.848932743 -0.470458955 0.105702624 0.849888742 -0.516251922 0.119509213 0.85615921 -0.502701581 0.029719118 0.856034219 -0.516064107 0.0111633791 0.842663348 -0.538325071 0.00644375104 0.865007699 -0.501717329 -0.0100262091 0.797638297 -0.603052795 0.0122076143 0.815494716 -0.578635752 -0.0011897916 0.860461175 -0.50951463 -0.837363601 0.546626806 -0.0046287314 -0.994870722 -0.0968549699 0.0291789789 -0.991731942 -0.128314525 -0.00177345402 -0.999963284 -0.0082779834 0.00221638684 0.899759352 0.436359406 -0.00484875496 -0.00930076465 0.961436808 -0.274868846 0.206050023 0.0114248209 0.978474736 0.392960787 0.0127469385 0.919466853 0.00718308333 0.00718120206 0.999948382 0.90798974 0.322846383 -0.267067254 -0.0659023076 0.0109672816 -0.997765839 0.102323607 -0.116494484 -0.987906277 -0.0105831204 0.0105870236 -0.999887943 0.0516016707 -0.998634636 0.00813220721 0.0511086881 -0.998693109 0 0.0488040224 -0.998803377 0.00315293064 -0.0464182831 -0.998919547 0.00228803721 -0.037119288 -0.999310911 0 0.0105828987 0.0106001748 0.999887824 0.00930428505 0.999956727 -0.000240097128 -0.0594412014 0.998122096 -0.0148002477 0.0378520153 0.999246001 -0.008645311 -0.999378383 0.0150521332 -0.0318797044 -0.998707354 0.010534226 -0.0497256517 -0.997429967 0.0429539941 -0.057344947 0.0688373521 -0.682960272 0.72720474 0.505268455 -0.594428658 0.62558639 0.508957863 -0.592973948 0.623974144 0.0376771539 -0.926409841 -0.374626786 0.17915681 0.679512262 0.711453438 0.0997222811 0.863091886 0.495103806 0.0259832516 0.815618038 0.578007042 0.00072105875 0.524564683 -0.851370275 -0.00075058674 0.429934293 -0.902859807 0.00073422573 0.525386214 -0.850863576 -0.863785028 0.273962766 0.422870755 -0.670812428 0.74057734 0.0394449197 -0.667743385 0.743758082 0.03070339 -0.669902325 0.741534948 0.0368340053 -0.805840433 -0.591867626 -0.0177156795 -0.84975338 -0.521378756 -0.0779965818 -0.522863388 -0.226000696 -0.821910977 -0.637243629 -0.170299619 -0.751610756 0.141774714 0.76975143 0.622400701 0.818043411 -0.0130079025 -0.575009286 0.70710659 -0.707106888 0 0.707106888 -0.70710665 0 0.707110167 -0.707103312 0 -0.70710659 -0.707106888 0 -0.707103372 -0.707110226 0 0.87014538 -0.106184572 -0.481219113 0.769529521 0.0271843355 -0.638032496 0.908458471 -0.183039993 -0.375765294 -0.707110167 -0.707103312 0 0.292420208 0.107025765 0.950281978 0.666020274 0.745256364 0.0317798369 0.0445887148 -0.998898745 0.0146043729 -0.00375302229 -0.999990761 -0.00209530769 -0.00684882794 -0.999426126 -0.0331741348 0.0163567346 -0.995059192 0.0979268625 0.00148926419 -0.999997258 0.00181450916 -0.00252198637 -0.994823813 0.101583257 -0.0248174462 -0.999647319 0.00945079885 0.00460914616 -0.999968708 -0.00642831065 -0.00991458818 -0.998735666 -0.0492826998 0.822610855 0.567961156 0.0270468891 0.875846982 0.426682532 0.225464433 0.954291046 0.255716205 0.154718801 -0.288245618 -0.00687666191 -0.957531869 0.97646296 0.215683043 -0.000881469983 0.999989212 0.00291631185 0.00362789817 0.99999404 -0.00219360157 0.00264420221 0.999967873 -0.00801441725 0 0.0666205287 0.997778416 0 0.0666204914 0.997778356 0 0.370373368 0.928882957 0 0.999988794 0.00472598709 -0.000310109055 0.999848843 0.00140951038 -0.0173275843 0.998427093 0.0516098291 -0.0219002478 0.998612523 0.0194149762 -0.0489500165 0.999985039 0.00546873268 -0.000272389065 0.999751687 -0.018127799 0.0129580777 0.9988814 0.0454409532 0.0130803455 0.997955918 0.0292361472 -0.0568251871 0.994674146 -0.0763238743 0.0692684427 0.00694871647 0.00695681479 -0.999951601 0.510779977 0.76182574 -0.398403585 0.528148472 0.753237665 -0.392035872 -0.999923348 0.00671959342 -0.0103999767 -0.998803377 -0.0405674204 0.0273162741 -0.992108762 -0.124089837 -0.0179432407 -0.992756784 -0.117667899 -0.0242524464 -0.988460302 -0.0834441856 0.126425192 -0.691938758 0.641822875 -0.330581576 -0.754415691 0.586388171 -0.294967473 -0.699606955 0.63555789 -0.326521575 -0.55932039 0.731476486 -0.390003711 0.852628946 0.360854715 -0.37789923 0.00433693267 0.887495518 -0.460796028 0.000685453997 0.852579415 -0.522597253 0.0141630042 0.843754649 -0.536542237 0.00679632742 0.862039864 -0.50679493 0.0621935166 0.799819231 -0.597010195 -0.00853317138 0.881189525 -0.472686231 -0.0379979983 0.84977293 -0.525777698 0.035411194 0.819931328 -0.571365535 0.0124428114 0.86971283 -0.493401259 0.00439409679 0.857327402 -0.514752865 0.0476984344 0.939633548 -0.338841707 0.0420832485 0.92783165 -0.370617688 0.796347737 -0.481507361 -0.36603421 0.0107597336 0.83235538 -0.554137826 0.0619476289 0.806602776 -0.587838709 -0.997462749 0.040709231 -0.0584023856 -0.990569234 -0.134435028 0.0264555458 -0.998970509 0.00391222071 -0.0451953374 -0.999685585 0.00794676691 -0.0237801839 -0.999658465 -0.00833892729 -0.0247663297 -0.981188297 0.193029299 -0.00305143069 -0.999659777 -0.00835914444 -0.0247082505 -0.964117825 -0.221788347 0.145899847 -0.85314554 -0.330614954 0.403530031 -0.954117477 -0.130964845 0.269273221 -0.997316897 0.040998891 -0.0606476553 -0.982264161 -0.07512936 0.171792999 -0.746997774 -0.664733648 -0.0111138904 -0.999991417 0.0041124667 -0.000416193652 0.999997556 -0.00200950564 0.000934784708 0.999983251 -0.0052476069 0.00244108937 0.999968112 -0.00724146469 0.00336859492 0.331923246 -0.620059669 0.71088177 -0.328898489 -0.56574887 0.756144226 -0.672118306 0.739181221 0.0432201885 -0.741843224 -0.395803034 0.541302741 -0.999212563 -0.0241371151 -0.0314910673 -0.0788406432 0.994296551 -0.0718220547 -0.0840173587 0.987274885 -0.135015443 -0.071925126 0.997346163 0.0112873474 0.360007793 0.0129795149 0.932858944 0.296602011 0.0132863056 0.954908729 -0.240986541 0.0602679774 -0.968655407 0.134007305 0.898988247 0.416967869 0.04172251 -0.819813788 -0.571108162 -0.0626211017 -0.869379818 -0.490160614 0.071034126 -0.788957536 -0.610327899 -0.106913179 -0.892043769 -0.439121306 0.00930077303 -0.718763351 0.695192695 -0.335793972 -0.84944886 0.40703699 -0.312514514 -0.867869198 0.38618356 -0.0601576194 -0.887703836 0.456468046 -0.000788140926 -0.87070173 0.491810828 -0.00480656 -0.872521758 0.488551646 0.0116025517 -0.927497625 0.37364915 -0.0153128905 -0.910126925 0.414046437 -0.00481432024 -0.837235093 0.546821952 -0.767383039 -0.616483688 0.176270187 -0.0786899105 -0.906579614 0.41463396 0.0111236731 -0.855573952 0.517561018 -0.00455707172 -0.870143056 0.492778063 -0.0353003368 -0.908735812 0.415876418 0.0375072695 -0.873571575 0.485248417 -0.014990896 -0.937182069 0.348518372 -0.105993822 -0.852629066 -0.511653364 -0.081318453 -0.788356841 -0.609820187 -0.0138724381 -0.897931993 -0.439915568 0.0118546803 0.83880353 -0.544305086 0.987577915 -0.154689372 -0.0275880881 0.983971179 -0.176120207 0.0279727373 0.999186575 0.0204034112 0.0347853228 0.555287182 -0.0133366464 0.83155179 0.991785228 0.127169088 -0.0137859304 0.990216672 0.138939396 -0.012911465 0.723140895 -0.690605998 -0.0114297103 0.666548014 0.736742914 -0.113682397 0.999029875 -0.00308710732 -0.0439308994 0.293319106 -0.856784642 0.424127251 0.0138274152 -0.854039431 0.520024538 0.041625347 -0.907764614 0.417409629 -0.859888732 -0.350407273 0.371222705 0.589776218 -0.737577796 0.328850985 0.785449088 -0.534707963 0.311700284 0.14210166 0.89822787 0.415925384 0.108682901 0.919566393 0.37760514 0.934540331 -0.296200663 -0.197229803 -0.131354004 0.905580103 0.403324574 -0.169156119 0.00328794308 0.985583842 -0.071870856 -0.786640584 0.613213897 0.093058683 -0.111005545 -0.989453316 0.217933714 -0.191884354 -0.956914425 0.0261713788 -0.999657393 0 0.0308772884 -0.99952209 0.00153238315 -0.432795256 0.470454395 -0.769000053 -0.999994159 -0.00218018191 0.00263445498 -0.999993384 -2.52062437e-05 0.00362905324 -0.999983251 -0.00569577562 0.00101183762 -0.0371192768 -0.999310851 0 -0.263816088 -0.963270366 0.0501130931 -0.999968946 -0.00788798369 0 0.729050159 0.677987576 -0.0939073861 0.59674865 0.0757962614 0.798840404 0.469915569 -0.815494061 -0.337859154 -0.0508199707 -0.682713568 0.728916705 -0.914004683 -0.40530169 0.0180533193 -0.037153054 -0.92367661 -0.381367624 -0.000414669601 0.999808609 -0.0195596311 0.0222249348 0.996687174 0.0782351643 0.0495274737 0.99874109 0.0079552941 -0.0298834424 0.998405993 -0.0478787459 0.000142741279 0.997477233 -0.0709871948 0.0299298745 0.99840343 -0.0479042344 -0.0525458828 0.998618186 0.00080853852 -0.0506778583 0.998699009 0.00565082161 0.854066432 -0.519912899 0.0161563307 0.0705569759 -0.962457001 -0.262103468 -0.0113361701 -0.868885398 -0.494883478 0.137196332 -0.887490988 -0.439928234 0.00987417158 -0.878366888 -0.477885008 -0.0157686546 -0.904225349 -0.426764399 -0.00975420512 -0.880997777 -0.473019809 -0.0497567542 -0.967879891 -0.246440113 0.0907785222 -0.772029102 -0.629070997 -0.952891171 -0.171596736 0.250105917 0.951545596 0.304924458 -0.0397742279 -0.234624803 -0.926593184 -0.293898225 -0.469701022 0.333532393 0.817396581 -0.000762572628 0.429140687 -0.903237283 -0.0418670289 0.0269682445 0.998759151 -0.1975521 -0.00878254138 0.980253041 -0.19163762 -0.00740680611 0.981437802 -0.0178582072 0.0323977843 0.99931556 -0.307228595 0.000640225539 0.95163554 -0.0158891398 -0.0730665624 0.997200429 -0.29605028 -0.00232550874 0.955169559 0.0304566398 -0.0841393173 0.995988429 0.287035942 0.0654659569 0.955680192 0.863641381 0.274097323 0.423076928 -0.443418384 0.756667376 0.480452627 -0.82501173 -0.140628457 0.547338247 -0.366405696 0.853313744 0.370947957 -0.0982057899 0.926071525 0.364344716 -0.706343651 0.704843223 -0.0653809682 -0.737478197 0.659499466 -0.14555569 -0.759385288 0.613750756 -0.215972036 -0.70209378 0.709912896 -0.0555697381 -0.724837482 -0.679572582 -0.113100655 -0.717802227 -0.689184666 -0.0989168212 -0.734946728 -0.664682388 -0.13435258 0.230199605 0.597691357 -0.767966926 0.0224508215 0.691717863 -0.721818805 -0.0114536518 0.730991244 -0.682290733 -0.752463937 -0.635190904 -0.174156711 -0.00537654338 0.733192086 0.680000305 -0.0120255752 0.855877101 0.517039478 0.0024845791 0.871242821 0.490846038 0.00282940036 0.737939835 -0.674860477 0.000928803696 0.86764431 0.497184604 -0.012653836 0.845044851 0.53454566 -0.000278542342 0.611585259 0.791178524 -0.00282552466 0.857011139 0.515290141 0.704467416 -0.705233395 -0.0798220113 0.374046415 0.509191215 -0.775121689 -0.0302398056 0.85716337 0.514156103 -0.0134197101 0.848944485 0.52831167 -0.998912394 -0.0115332473 -0.0451784022 0.709316373 0.704858482 0.00669382978 -0.54862529 0.00872425269 -0.836022794 -0.0105866119 0.0105872285 0.999887943 0.707103372 -0.707110226 0 0.735225439 0.663387835 -0.139140666 0.0130867967 -0.879448473 0.475814164 0.304067761 -0.873250008 0.380758852 -0.0198186971 -0.863241315 0.50440222 0.0197395738 -0.936998487 0.348775148 0.014098336 -0.906835079 0.421249628 -0.999977171 0.00410528202 0.00536214048 -0.999975324 0.00243625045 0.00659017451 -0.999974728 0.00580096478 0.00411445834 0.17510277 -0.399042249 -0.900057912 -0.212784722 0.976433694 -0.036052946 -0.74585849 0.658251047 -0.101983458 -0.793430924 0.60821259 -0.0233385172 0.657841206 0.634843528 -0.405238897 0.655532241 0.645663798 -0.39165774 0.666034043 0.5809201 -0.467899978 -0.0679108724 -0.447218478 -0.891843021 0.744817555 0.659808457 -0.0994965062 0.455484271 0.865611315 -0.207969099 0.227531046 0.972195148 -0.0553726554 0.164705977 -0.976445615 0.13937676 0.108676158 -0.954964042 0.276103556 0.140186906 -0.984314919 -0.10710685 0.999970794 -0.00141632231 0.00751120318 0.99997735 -0.000356555684 0.00673485175 0.999983191 0.00104980986 0.00570457522 -0.0941575244 -0.112901405 -0.989134729 -0.382301211 -0.0381150991 -0.923251212 0.00174669072 -0.174019873 -0.984740615 -0.872704685 -0.471730441 -0.12592423 -0.880580962 -0.414948165 0.228899881 -0.840866387 -0.451840371 0.29796645 -0.610549331 -0.56515336 0.554825366 0.485724151 0.79921335 0.35402 0.914259493 0.398053467 -0.0753858313 0.918910086 0.391224653 -0.050474029 0.87362653 0.43291375 -0.222176671 0.683944225 -0.707073927 0.179629639 0.699231863 -0.686073601 0.200941935 0.685696185 -0.704759657 0.182028607 0.661405265 -0.734945476 0.149660438 0.933613837 0.34017399 0.112457745 0.888473868 -0.354567915 0.291368634 0.907667398 -0.339007586 0.247414306 0.892699242 -0.352330953 0.280982018 0.195012152 0.920447588 -0.338742375 0.0886435732 0.990109742 -0.108742706 -0.863241255 0.50393486 0.0293973964 -0.822329879 0.562864721 -0.0834085569 -0.896958649 0.385719448 0.216068745 -0.708211541 0.644902825 -0.287291825 0.640732825 0.697448015 -0.320979387 -0.999966204 0.000215641776 0.00822399184 0.876680434 -0.365917981 0.312306404 0.874992549 -0.365054339 0.317999095 -0.438485652 0.816265702 -0.376085967 0.100467183 -0.128182292 -0.986648738 -0.00120943144 -0.00915927067 -0.999957323 0.338975787 0.0425515175 -0.93983227 0.403485507 -0.00796004944 -0.914951384 0.230312243 0.946912348 -0.224306166 0.0532234572 -0.0574397519 -0.996929288 -0.0117421178 -0.179098696 -0.983761013 -0.224898532 0.950713158 -0.2134597 -0.251621187 0.762781501 -0.595693886 -0.0604564585 -0.0349673778 -0.997558177 0.685406089 0.727864206 -0.0207876526 -0.820847034 -0.534888685 0.200260341 -0.837320447 -0.493097425 0.236112967 -0.837325335 -0.493083566 0.236124501 -0.00178189506 -0.0166191328 -0.999860227 -0.844501495 -0.4716506 0.253698856 -0.740996718 -0.67150861 0.000156456255 0.106556892 -0.989698231 -0.0956194773 0.0911066458 -0.995550454 -0.0240595378 0.0782514811 -0.924853802 -0.372185558 0.999962509 -0.00248819194 0.00829640962 0.0120477304 0.999893963 0.00817539543 -0.00945559237 0.999938011 0.00587207451 -0.485271603 -0.0542562641 -0.872678459 -0.542290986 -0.0794093013 -0.836429775 -0.930659711 -0.348078638 0.112755768 0.287735671 0.0531986877 -0.956231117 -0.0114545943 -0.882491946 0.470187992 -0.261325806 0.739592969 -0.620250762 -0.745522618 0.651588976 0.140099064 0.000278534542 0.490060657 0.871688247 -0.000146784005 0.489225566 0.872157276 0.000125900377 0.489761055 0.871856749 -0.00030000988 0.488924563 0.872325957 0.987097859 -0.0165832359 -0.15925701 0.942762673 0.0768826231 -0.324480593 0.932008743 0.0920239314 -0.350558668 0.847913384 0.180324912 -0.498523623 -0.981681228 0.124127887 -0.144548699 -0.96715951 0.134439811 -0.21570456 -0.93185252 0.0430982858 -0.360268623 -0.9310233 0.0747715607 -0.357218236 -0.756453276 -0.110410661 -0.644661129 0.962690234 -0.00884039141 -0.27046138 0.959378123 -0.00510862842 -0.282077163 0.955946863 -0.00141209026 -0.293536305 0.951936126 0.00271812803 -0.306284696 -0.903462887 -0.167348787 -0.394650698 -0.86946404 -0.178761035 -0.460517913 -0.877605319 -0.182417363 -0.443320185 -0.798759401 -0.203415498 -0.566220462 -0.910530686 -0.17329675 -0.375369132 0.897965252 0.440060884 0.00219512405 0.980705917 0.195407718 0.00562851597 0.92921418 -0.369348764 -0.0119389426 0.978767753 0.204886839 0.00592468586 -0.0408023 -0.999151647 -0.00559099717 -0.769487798 -0.638140082 0.0258019865 -0.441175461 -0.897418797 -0.00194532447 -0.996116936 0.0876293927 -0.00849303603 -0.962995231 0.269183576 -0.0134332832 -0.996260822 0.0859818086 -0.00844725873 -1.74858189e-06 0 1 -6.00612793e-07 0 1 -1.03639934e-06 0 1 0.685918808 0.727664649 -0.00443621865 0.768617451 0.639689267 -0.00499602966 0.685028672 0.728502631 -0.00443020789 0.999887943 -0.0138940727 -0.00557427015 0.996467888 -0.083936289 -0.00253025396 0.996293366 -0.0859863311 -0.00244069984 -0.580998898 0.813882291 0.00599832786 -0.600217581 0.799812257 0.00627255114 -0.580733299 0.814071774 0.00599454716 0.610367358 -0.57971251 0.539800942 0.714480877 -0.699572325 0.0107539408 -0.987763107 -0.155958101 -0.00108872214 -0.999202609 -0.0395755544 -0.0052832826 -0.987416208 -0.158139631 -0.00100921094 0.044110924 0.999004185 -0.00670020189 0.166906506 0.985970616 -0.00207386399 0.169439927 0.985538542 -0.00197705813 0.983375311 0.18155551 -0.00325018563 0.032344602 0.999475777 -0.00139582029 -0.103053316 0.994648159 -0.00742566073 -0.106434591 0.994290829 -0.00757557061 0.0351377316 -0.666924059 0.74429667 -0.0129942084 0.999763727 0.0174252484 -0.0412813909 0.999147475 -0.00018954878 0.0550420135 0.998265386 -0.0208964199 0.926428616 -0.376274258 -0.0121533619 -0.887154758 -0.461022943 -0.0203541573 -0.986272573 0.164371237 0.01576625 -0.961844325 0.273262054 -0.0135418065 1.14144984e-06 0 1 9.04724857e-07 0 1 2.28812814e-06 0 1 0.999909341 -0.0122274412 -0.00564633077 -0.600625932 0.799505532 0.00627839146 -0.0618933812 -0.998081625 -0.00151422201 -0.117613368 -0.993059456 -9.44710155e-06 -0.0600723885 -0.998164952 -0.00761455484 -0.0125094783 -0.9999156 -0.00350929936 0.488377362 -0.872632265 -0.000734234753 0.148964569 -0.988815367 -0.00733589102 -0.0960213318 -0.995130599 -0.0222469531 -0.0526008643 -0.998365641 -0.0223402996 -0.199085042 -0.971929908 0.125368714 0.469095677 -0.873441637 0.130571589 -0.0510084033 -0.998669982 -0.00750511698 -0.0261157136 -0.999658346 -0.00107235415 -0.160025656 -0.987024307 0.0132214287 -0.651508451 -0.758634329 -0.00329393591 0.777905226 0.626609623 -0.0471582599 0.770353913 0.636742353 -0.0333766751 0.786398113 0.614471376 -0.0632680207 -0.999316096 -0.0365818888 -0.0053899684 0.0731499866 -0.997301638 -0.00621182658 0.0408019871 0.999143958 -0.00682310481 0.668220997 -0.743571281 -0.0241321493 -0.0291165821 0.999238849 0.0259596296 0.19520992 0.97968936 -0.045844622 -0.0981814414 0.99418205 -0.0443008617 -0.10749951 0.993176997 -0.0452030599 0.0408574305 0.998700082 -0.0304758847 0.0674520284 0.997336388 -0.0277543664 -0.840863585 0.485328853 0.239591986 -0.912610352 0.365293443 0.183583945 -0.940492094 0.302765071 0.154298171 -0.161475822 0.986876309 -0.000814355386 -0.942759097 0.333433598 -0.00523030711 -0.165363625 0.986200869 -0.00791411288 0.762498677 0.646695137 -0.0195233412 -0.322834134 0.946419418 0.00826599542 -4.46497324e-07 0 1 -5.42481644e-07 0 1 -4.48417609e-07 0 1 -8.27636029e-07 0 1 -4.52425155e-07 0 1 0.769732535 0.63834691 -0.00500359992 0.0366994254 0.999325633 -0.00120101392 -0.795221269 0.544358611 0.267014682 4.45772947e-08 0 -1 1.81536706e-07 0 -1 1.15195284e-07 0 -1 0.935162902 -0.304409146 -0.181122199 -0.233986124 -0.969845891 0.0681875125 -0.228842497 -0.962230504 -0.147456661 -0.192066371 -0.981110036 0.0231014919 -0.0695730746 -0.970237792 0.231944501 0.00312837865 -0.195014939 -0.980795264 -0.00802844018 0.60611856 -0.795333803 0.0614983998 0.742852509 -0.666624427 -0.0492094457 0.513340652 -0.8567729 -0.0334753394 0.993784189 0.106171586 -0.0413529426 0.992698669 0.113310136 -0.00590613252 0.996686816 0.0811206996 -0.0518650562 0.919332266 0.390048862 0.0994849727 0.806643486 -0.582605422 0.0948965251 -0.893651068 0.43861413 0.00680478849 -0.961734116 0.273900002 -0.999050856 0.00488610519 -0.0432848074 -0.183037996 0.508788109 -0.841208518 -0.952237129 -0.305112362 0.0122813992 0.988528669 -0.149032354 -0.0245043617 0.873836219 -0.486117035 0.0100209611 0.984037757 -0.176910296 -0.0193007495 0.999317825 -0.00303406338 -0.0368052311 0.999138474 -0.00500704208 -0.0411953703 -0.179608062 0.563112319 -0.806626141 -0.25795573 0.966050446 0.0143301198 -0.0904646218 0.989905894 0.109098569 -0.108066238 0.993476748 0.0364109576 -0.581728518 0.813380897 -0.00185340038 0.0919975415 0.995522559 -0.0217082985 0.1449994 0.982362866 -0.118061095 -0.0718558207 0.987417102 0.140869468 0.375460476 0.534403384 0.757259846 0.688026667 -0.589502633 0.423209071 0.779236078 -0.457626641 0.42821607 0.863198876 -0.281051785 0.419401467 -0.108966567 0.647686958 0.754074216 -0.0330227688 0.673832893 0.738145471 -0.154582575 0.629750967 0.761260808 0.996612728 -0.0794162378 0.021356741 0.996537685 -0.0585973784 0.0589838326 0.979906559 0.0200632066 0.19844605 0.943824172 -0.311093092 -0.111431286 0.950666904 -0.221013501 -0.217682108 0.97946763 -0.20083192 0.0175984055 0.910849333 -0.333672255 -0.242932752 0.977750123 -0.162725031 -0.132383376 0.684641838 -0.342099845 -0.643609524 0.012021862 -0.514260888 0.857549489 -0.98820442 0.100330487 0.1156969 -0.943471611 0.117161885 0.310055494 -0.995465696 0.0879407525 0.0362548716 -0.982316434 0.036231678 -0.183688834 0.298804641 -0.81133467 -0.502445936 0.292332053 -0.758307338 -0.58267653 0.324452162 -0.768096328 -0.552049577 -0.632755458 0.0315082669 -0.77371031 0.799348235 0.460359603 0.386149406 0.957761645 0.221581832 -0.18328692 -0.0370895341 -0.642770052 -0.765160739 -0.982225776 0.0737478137 0.17260851 -0.9869982 0.136567622 -0.0847578496 -0.991224527 0.126130804 -0.0395593978 0.0693727508 -0.689476252 -0.720978498 -0.0261422861 -0.665515721 -0.745925963 -0.874019563 0.247586429 -0.418079734 -0.920374751 0.132439315 -0.367926866 -0.848550677 0.359847695 -0.387906283 -0.995272994 -0.08174555 0.0524333343 -0.991615236 0.12563765 -0.0302385297 0.21678479 0.797282696 -0.563333571 0.26241377 0.801713169 -0.537024379 0.135173827 0.78410387 -0.605730236 0.0815245733 0.771916032 -0.630475521 -0.929052591 0.186534002 -0.319478184 0.913991213 -0.094302915 0.394622684 0.00144103018 0.684187472 0.729304731 -0.481471062 0.211015493 -0.850680947 0.87757355 -0.328757942 0.348974258 -0.949877858 -0.0837091655 0.301205605 -0.935619771 -0.188201442 0.29865697 -0.946514606 -0.11684119 0.300762653 -0.953668296 -0.000994648668 0.300858378 -0.183221713 0.655819237 0.732346177 -0.716685712 -0.474702954 -0.510900021 -0.987005055 -0.137279585 0.0835187361 -0.926067412 -0.356142402 0.124746822 -0.962152123 -0.251310468 0.105387062 -0.877717435 -0.457438737 0.142695412 -0.104134999 0.77284795 0.625988722 0.989971042 0.134496152 0.0432219841 0.997286916 -0.0658220798 0.0329601429 0.031003993 -0.939943492 0.339919001 -0.180272594 -0.981379688 0.0663006827 0.115360245 -0.991673172 0.0572381504 0.535861254 0.837899208 -0.1038156 0.551430166 0.830183685 -0.081974484 0.526556551 0.842111588 -0.11655961 0.511411905 0.848370731 -0.13683939 -0.656877816 0.740397751 0.142557979 -0.59698832 0.802232683 0.00526308967 -0.666772366 0.725724518 0.16952455 -0.993881404 0.0977726057 -0.0513831899 -0.982346714 -0.119337067 0.144060761 -0.99831152 0.00399272935 0.0579500087 -0.961503327 0.228926182 -0.152000487 -0.602709115 -0.756252408 -0.254605383 -0.58554703 -0.752832532 -0.300629079 -0.610972762 -0.757297993 -0.230677232 -0.787743628 0.45990622 0.40981248 -0.000242243288 -0.0120145883 0.999927759 -0.0174251217 -0.945805192 -0.324266613 -0.235840395 -0.941674888 -0.240057841 0.137216538 -0.980471373 -0.140881091 0.999979675 -0.00151055877 -0.00618876191 0.999975145 -0.00220177672 -0.00669594575 0.999984622 -0.000588685914 -0.00551232835 -0.707588077 0.635191083 0.309598863 -0.795746028 0.60536319 0.017990794 -0.795341492 0.60591644 0.017236758 -0.792820752 0.609325171 0.0125720017 0.690630674 0.700278759 0.180662811 0.767309666 0.618327141 0.170021638 0.70250845 0.65402925 0.280584306 0.967731714 0.0902442783 0.235268831 0.809644103 0.427213937 0.402448446 0.790139139 0.582473934 0.190798923 0.708490014 0.698511541 0.100615658 0.60347724 0.793211877 -0.0814258382 0.472712249 0.863919914 -0.173739791 0.614761233 -0.626289546 -0.479405791 0.706893802 -0.643793344 -0.292969823 0.728430927 -0.662698984 -0.173834592 0.722887456 -0.675973713 -0.143154874 0.867327511 0.458816916 0.192951053 -0.926066577 0.277460784 -0.255765766 -0.975335419 0.176668838 0.132321268 -0.994006991 0.0863660201 0.0670163929 -0.999983966 -0.000809160294 0.00559869548 0.0113729276 0.999910951 -0.00697315391 0.0241946764 0.998066783 -0.0572480708 0.00581544219 0.999903142 -0.012645592 0.840811312 -0.495115161 -0.218854412 0.140183136 -0.978355289 0.15221554 0.00036767486 0.489312083 -0.872108638 0.000227059412 0.489590049 -0.871952653 0.00031700058 0.489412338 -0.872052491 0.000176385016 0.489690304 -0.871896446 0.99996978 -0.0029038447 -0.00721108774 -0.548561692 -0.836100936 -0.00391667662 -0.798266172 0.60187608 0.022722913 0.797362804 0.60319829 0.0190896764 -0.850164056 -0.114260763 -0.513970494 -0.773465991 -0.091342926 -0.627221584 -0.886527658 -0.126325667 -0.445096105 0.765308022 -0.00417556893 0.643650651 0.0198306702 -0.0792760998 0.996655464 -0.013564378 -0.0948521569 0.995398879 -0.00602586009 0.05253198 0.998601079 -0.947858393 0.257154524 0.188244417 -0.946099102 0.256138235 0.198215857 0.801163971 -0.147801504 0.579906046 -0.0701855943 0.184838191 0.980259538 -0.0792278349 0.351025969 0.933007896 -0.0487248935 0.296333075 0.953841031 0.232277766 -0.168352649 0.95796895 -0.150260776 -0.291052967 0.944833219 -0.0561527461 -0.0584391616 0.99671042 -0.575919628 -0.750292659 -0.324618936 -0.072125867 -0.017326856 0.997245073 -0.0786934942 0.118614517 0.989817083 0.0215331782 -0.104512952 0.994290352 0.532829881 -0.58341527 -0.612959146 -0.942326188 -0.147934198 -0.300228059 0.00353461178 0.999920309 0.0121163167 0.00876810215 0.999923408 0.0087389173 0.0336676911 0.996855021 -0.0717388168 0.0572133586 0.992402971 -0.108917654 -0.514238 -0.850365818 -0.111523055 0.995315194 0.0940575749 0.0223786477 0.557119548 -0.433862358 0.708082914 0.449416846 -0.430239409 0.782891095 0.649114847 -0.430500001 0.627152085 0.748179793 -0.417620271 0.515577793 0.923370957 0.238570973 0.300782353 0.887162209 0.249127477 0.388431251 0.919159234 0.322226971 0.226530612 0.93868798 0.265284359 0.22020255 0.929424465 0.148791492 0.337685078 -0.940730512 -0.140222996 0.308810025 -0.897260368 -0.203656197 0.391724408 -0.893959165 -0.207786649 0.397066444 -0.833039343 -0.273418099 0.48092404 -0.913513243 -0.121437527 0.388260871 -0.963637352 -0.00547358952 0.267157376 -0.933178723 -0.0351269022 0.357691914 -0.956028402 0.0442232825 0.289920807 -0.887671769 -0.021563895 0.459971726</float_array>
          <technique_common>
            <accessor source="#normals_array" count="5473" stride="3">
              <param name="X" type="float" />
              <param name="Y" type="float" />
              <param name="Z" type="float" />
            </accessor>
          </technique_common>
        </source>
        <vertices id="vertices">
          <input semantic="POSITION" source="#positions" />
        </vertices>
        <triangles material="scout_1a1f21" count="2375">
          <input semantic="VERTEX" source="#vertices" offset="0" />
          <input semantic="NORMAL" source="#normals" offset="1" />
          <p>59 133 60 134 61 135 62 136 63 137 64 138 64 139 65 140 66 141 67 142 65 143 68 144 69 145 70 145 71 145 72 146 59 147 73 148 74 149 75 150 76 151 77 152 78 153 79 154 80 155 81 155 82 155 83 156 82 157 81 158 83 159 81 160 84 161 85 162 83 159 84 161 83 156 86 163 82 157 65 164 87 165 88 166 89 167 65 140 67 168 67 142 68 144 90 169 74 170 76 170 91 170 59 133 78 171 60 134 70 172 92 173 89 174 70 172 89 174 71 175 93 176 61 135 94 177 90 178 68 179 88 166 93 176 73 180 61 135 62 136 75 181 63 137 64 139 63 182 65 140 76 183 75 181 80 184 91 185 76 185 80 185 72 146 95 186 59 147 74 149 84 187 75 150 78 188 93 188 94 188 73 180 59 133 61 135 60 134 94 177 61 135 95 189 65 140 89 167 59 190 95 191 92 192 92 192 87 193 59 190 63 194 87 193 65 195 92 192 95 191 89 196 75 197 84 198 63 194 77 152 93 199 78 153 79 200 78 201 81 202 62 203 64 203 66 203 65 140 95 189 66 141 95 189 72 204 66 141 77 205 79 206 62 136 79 206 75 181 62 136 62 136 66 141 77 205 66 141 72 204 77 205 81 202 80 207 79 200 75 181 79 206 80 184 78 201 59 190 63 194 59 190 87 193 63 194 84 198 81 202 78 201 84 198 78 201 63 194 78 171 94 177 60 134 77 208 72 209 93 210 73 211 93 210 72 209 80 212 84 213 74 214 91 215 80 212 74 214 86 216 85 217 82 218 82 218 85 217 84 219 82 218 84 219 80 220 71 221 89 222 69 223 69 223 89 222 87 224 69 225 87 226 70 227 68 179 65 164 88 166 70 227 87 226 92 228 83 229 85 229 86 229 89 230 67 231 87 232 87 232 67 231 88 233 88 233 67 231 90 234 110 269 111 270 112 271 113 272 114 272 115 272 114 273 116 273 115 273 116 274 114 274 117 274 113 275 116 275 117 275 113 276 117 276 118 276 119 277 120 277 121 277 122 278 119 278 121 278 123 279 124 280 125 281 122 282 120 283 126 284 120 285 127 286 128 287 129 288 130 289 128 290 120 291 128 290 130 289 131 292 132 292 133 292 131 293 133 294 134 295 135 296 136 297 137 298 137 298 136 297 138 299 135 296 137 298 138 300 124 301 139 302 118 303 140 304 141 305 142 306 140 307 143 307 144 307 134 308 145 309 132 310 141 305 146 311 142 306 124 312 147 313 148 314 139 315 130 316 133 317 125 318 149 318 111 318 150 319 128 320 127 321 128 322 151 323 129 324 152 325 148 326 153 327 126 328 130 329 118 330 145 331 154 331 127 331 144 332 154 333 146 334 143 335 153 327 155 336 143 335 155 336 144 337 125 338 111 338 110 338 143 339 140 340 156 341 151 342 150 343 127 344 144 345 155 346 157 347 141 348 144 349 153 350 158 351 144 345 157 347 141 352 140 352 144 352 149 353 151 353 130 353 159 354 160 355 161 356 118 303 147 357 124 301 131 358 134 308 132 310 147 359 160 360 159 361 120 362 122 362 121 362 120 285 119 363 127 286 133 364 130 364 129 364 127 365 133 365 129 365 122 366 126 366 133 366 119 367 133 367 127 367 119 368 122 368 133 368 116 369 113 369 115 369 114 370 113 371 118 372 162 373 124 374 152 325 154 375 133 376 132 377 159 378 163 378 164 378 145 379 127 380 132 381 154 382 132 382 158 382 151 323 144 383 158 384 151 323 158 384 132 381 129 324 132 381 127 380 151 323 132 381 129 324 149 385 124 385 111 385 125 281 110 386 123 279 112 271 111 270 124 280 123 279 112 271 124 280 136 387 118 387 117 387 138 388 136 388 117 388 165 389 162 390 166 391 163 392 165 389 166 391 125 393 124 393 162 393 134 308 146 394 145 309 153 350 143 395 141 348 128 396 161 396 138 396 117 397 151 398 128 399 138 400 117 397 128 399 138 300 161 401 135 296 130 402 126 284 120 283 143 403 146 403 141 403 162 404 164 405 149 406 150 407 149 408 159 409 150 319 159 410 128 320 159 411 165 411 128 411 150 343 151 342 149 412 149 408 164 413 166 414 126 328 118 330 133 415 118 330 155 416 133 415 155 416 167 417 133 415 133 294 146 418 134 295 133 317 157 419 139 315 157 419 155 420 139 315 125 421 168 421 149 421 136 422 135 422 118 422 161 356 160 355 135 423 135 423 160 355 118 424 130 425 114 370 118 372 118 426 139 426 155 426 145 427 157 427 154 427 161 356 163 428 159 354 147 313 167 429 155 430 148 314 147 313 155 430 146 311 147 431 142 306 147 432 152 432 153 432 153 433 144 433 147 433 142 434 147 435 144 436 148 326 155 336 153 327 145 437 158 437 157 437 149 408 166 414 159 409 149 438 168 438 110 438 149 439 110 439 112 439 162 390 152 440 159 361 152 440 147 359 159 361 162 390 159 361 166 391 146 311 133 441 147 431 130 442 151 442 114 442 151 443 117 443 114 443 127 344 154 444 151 342 154 444 144 445 151 342 147 313 133 446 167 429 168 447 162 447 110 447 149 448 112 271 123 279 162 449 149 449 123 449 123 450 110 450 162 450 156 451 142 434 144 436 156 341 140 340 142 452 146 453 143 339 156 341 146 334 156 454 144 332 165 389 163 392 161 455 128 456 165 456 161 456 147 457 118 457 160 457 164 405 162 404 165 458 165 459 159 459 164 459 139 460 124 461 149 462 149 462 130 463 139 460 124 374 148 326 152 325 162 464 168 464 125 464 164 465 163 465 166 465 154 375 157 466 133 376 430 1140 431 1141 432 1142 433 1143 432 1144 431 1145 434 1146 431 1147 435 1148 436 1149 434 1150 437 1151 436 1152 430 1153 432 1154 437 1155 435 1156 430 1157 430 1140 435 1158 431 1141 433 1143 436 1159 432 1144 434 1146 433 1160 431 1147 436 1149 433 1161 434 1150 436 1152 437 1162 430 1153 437 1155 434 1163 435 1156 438 1164 439 1164 440 1164 441 1165 442 1165 443 1165 444 1166 445 1166 446 1166 447 1167 448 1167 449 1167 444 1168 450 1168 445 1168 451 1169 452 1169 453 1169 448 1170 454 1171 455 1172 450 1173 456 1173 445 1173 457 1174 458 1175 459 1176 443 1177 460 1178 441 1179 453 1180 461 1181 462 1182 463 1183 464 1184 465 1185 440 1186 466 1186 467 1186 468 1187 440 1187 439 1187 469 1188 470 1188 471 1188 472 1189 463 1190 462 1191 458 1192 457 1192 473 1192 474 1193 475 1194 476 1195 471 1196 477 1196 478 1196 479 1197 480 1198 472 1199 462 1200 481 1201 472 1202 463 1183 481 1203 482 1204 465 1205 464 1205 442 1205 443 1206 483 1206 484 1206 485 1207 486 1208 469 1209 453 1210 487 1211 488 1212 469 1213 486 1213 489 1213 490 1214 491 1215 469 1216 467 1217 449 1217 492 1217 493 1218 477 1219 473 1220 455 1221 492 1221 449 1221 494 1222 495 1223 479 1224 446 1225 496 1226 458 1227 478 1228 497 1228 490 1228 465 1229 442 1229 460 1229 498 1230 445 1231 456 1232 499 1233 473 1233 457 1233 473 1234 450 1234 498 1234 440 1235 448 1235 447 1235 438 1236 466 1237 439 1238 443 1239 442 1239 483 1239 452 1240 462 1241 461 1242 459 1243 473 1243 499 1243 492 1244 455 1245 447 1246 500 1247 489 1248 443 1249 443 1249 484 1250 500 1247 484 1250 475 1251 500 1247 475 1251 470 1252 500 1247 475 1251 474 1253 470 1252 474 1253 477 1254 470 1252 459 1255 499 1256 477 1257 497 1258 477 1219 493 1218 496 1259 445 1231 457 1260 457 1260 445 1231 498 1230 499 1256 457 1261 498 1262 470 1263 491 1264 486 1265 486 1265 491 1264 467 1266 491 1264 497 1267 467 1266 486 1265 467 1266 501 1268 489 1248 486 1265 501 1268 501 1268 487 1269 489 1248 467 1266 497 1267 468 1270 497 1271 466 1271 468 1271 466 1272 497 1258 493 1218 439 1273 466 1272 493 1218 498 1262 477 1257 499 1256 444 1274 477 1257 498 1262 450 1275 444 1274 498 1262 455 1276 449 1276 448 1276 449 1277 468 1278 454 1171 468 1278 439 1273 454 1171 439 1273 493 1218 454 1171 493 1218 455 1172 454 1171 487 1269 443 1249 489 1248 473 1279 477 1280 444 1281 461 1181 472 1282 481 1283 443 1177 465 1284 460 1178 461 1242 495 1285 452 1240 502 1286 501 1287 467 1288 459 1289 478 1290 473 1291 478 1290 490 1292 473 1291 473 1291 490 1292 493 1293 493 1293 490 1292 438 1294 440 1295 493 1293 438 1294 455 1245 493 1293 440 1295 455 1245 440 1295 447 1246 454 1296 440 1296 492 1296 492 1297 440 1297 467 1297 466 1237 438 1236 467 1298 447 1299 454 1299 492 1299 452 1300 487 1300 453 1300 503 1301 483 1302 504 1303 483 1304 442 1304 504 1304 442 1305 464 1305 504 1305 464 1306 503 1301 504 1303 505 1307 460 1308 464 1309 464 1310 463 1190 472 1189 472 1189 505 1311 464 1310 469 1312 491 1312 470 1312 464 1309 460 1308 503 1313 461 1242 481 1203 480 1314 495 1285 461 1242 480 1314 481 1203 463 1183 480 1314 463 1183 465 1185 480 1314 443 1249 487 1269 495 1285 487 1269 452 1240 495 1285 465 1315 443 1316 505 1317 443 1318 495 1223 494 1222 443 1316 494 1319 505 1317 505 1317 480 1320 465 1315 471 1321 470 1321 477 1321 451 1322 453 1322 462 1322 463 1190 451 1323 462 1191 503 1324 441 1325 483 1326 469 1209 471 1327 485 1207 485 1207 471 1327 474 1328 474 1328 471 1327 478 1329 500 1330 485 1207 474 1328 459 1176 458 1175 478 1331 474 1328 478 1329 458 1332 490 1292 469 1333 467 1334 490 1292 467 1334 438 1294 469 1333 489 1335 467 1334 502 1336 467 1334 489 1335 502 1336 489 1335 488 1337 453 1338 488 1337 489 1335 483 1326 453 1180 500 1339 500 1339 453 1180 489 1340 476 1341 483 1326 500 1339 474 1342 476 1341 500 1339 446 80 458 80 473 80 456 1343 444 1281 446 1344 446 1345 498 1345 456 1345 456 1343 473 1279 444 1281 473 1346 498 1346 446 1346 479 1197 495 1347 480 1198 462 1200 482 1348 481 1201 451 1349 463 1183 482 1204 452 1350 451 1349 482 1204 482 1351 462 1351 452 1351 485 1352 500 1352 470 1352 506 1353 484 1353 483 1353 485 1354 470 1263 486 1265 490 1214 497 1355 491 1215 472 1356 480 1356 505 1356 467 1357 468 1357 449 1357 458 1358 496 1358 474 1358 502 1286 488 1212 487 1211 487 1211 501 1287 502 1286 474 1253 496 1359 477 1254 496 1259 457 1260 459 1360 459 1361 477 1254 496 1359 446 1225 445 1362 496 1226 476 1363 506 1363 483 1363 475 1194 484 1364 476 1195 506 1365 476 1195 484 1364 478 1366 477 1219 497 1258 441 1325 460 1367 505 1368 441 1325 505 1368 494 1369 453 1180 483 1326 479 1370 479 1370 483 1326 494 1369 483 1326 441 1325 494 1369 479 1370 472 1282 461 1181 461 1181 453 1180 479 1370 466 1371 440 1371 468 1371 473 1372 456 1372 450 1372 440 1373 454 1373 448 1373 454 1171 447 1374 449 1277 441 1325 503 1324 442 1375 503 1313 460 1308 442 1376 533 1443 534 1444 535 1445 536 1446 537 1447 535 1448 538 1449 539 1450 540 1451 541 1452 539 1452 542 1452 543 1453 544 1454 545 1455 543 1456 546 1457 547 1458 543 1459 548 1459 549 1459 550 1460 535 1461 546 1462 546 1463 533 1463 551 1463 545 1464 552 1464 549 1464 553 1465 554 1466 543 1467 555 1468 556 1469 549 1470 557 1471 542 1471 538 1471 533 1472 558 1473 551 1474 536 1475 547 1476 553 1477 546 1478 535 1479 547 1480 535 1479 553 1481 547 1480 533 1443 557 1482 534 1444 559 1483 543 1483 545 1483 536 1484 543 1484 537 1484 551 1485 558 1486 534 1487 555 1488 539 1488 541 1488 536 1475 534 1487 558 1486 547 1476 536 1475 558 1486 542 1489 555 1490 551 1491 555 1490 547 1476 551 1491 560 1492 541 1493 542 1489 551 1491 560 1492 542 1489 551 1491 547 1476 550 1494 547 1476 558 1486 550 1494 540 1451 539 1450 555 1495 535 1448 534 1496 536 1446 533 1497 541 1498 540 1499 540 1499 557 1500 533 1497 541 1501 538 1501 540 1501 543 1456 554 1502 546 1457 543 1503 552 1503 548 1503 559 1504 556 1504 533 1504 559 1505 533 1506 544 1507 544 1507 533 1506 546 1508 546 1509 552 1510 544 1511 554 1512 535 1513 537 1514 537 1514 556 1515 554 1512 552 1516 543 1516 559 1516 559 1517 549 1518 552 1519 544 1454 543 1453 547 1520 544 1521 547 1476 555 1490 559 1522 544 1521 555 1490 555 1523 549 1518 559 1517 549 1524 556 1525 543 1526 556 1525 537 1527 543 1526 542 1528 539 1450 538 1449 550 1460 558 1529 535 1461 549 1530 548 1530 545 1530 557 1531 538 1531 541 1531 541 1532 560 1532 557 1532 541 1533 533 1533 555 1533 550 1534 546 1534 551 1534 543 1535 536 1535 553 1535 553 1465 535 1536 554 1466 555 1468 533 1537 556 1469 552 1510 546 1509 554 1538 552 1539 554 1539 548 1539 548 1540 554 1512 556 1515 545 1541 548 1540 556 1515 556 1542 559 1542 545 1542 545 1543 544 1543 552 1543 533 1472 535 1544 558 1473 534 1545 557 1545 551 1545 557 1546 560 1546 551 1546 557 1547 540 1547 555 1547 542 1548 557 1548 555 1548 575 1579 576 1580 577 1581 578 1582 579 1582 580 1582 581 1583 579 1584 582 1585 583 1586 584 1587 585 1588 586 1589 587 1590 588 1591 589 1592 590 1592 591 1592 592 1593 593 1594 589 1595 581 1583 582 1585 594 1596 595 1597 596 1598 597 1599 595 1600 597 1600 579 1600 598 1601 599 1601 600 1601 601 1602 602 1603 603 1604 604 1605 605 1606 606 1607 575 1579 607 1608 608 1609 585 1610 604 1605 606 1607 578 1611 588 1612 579 1613 607 1608 577 1581 603 1614 580 1615 609 1615 578 1615 606 1616 610 1617 600 1618 593 1619 606 1620 599 1621 592 1622 589 1623 610 1624 576 1580 586 1625 601 1626 608 1627 603 1628 587 1629 602 1630 587 1629 603 1628 598 1631 593 1619 599 1621 583 1586 611 1632 584 1587 586 1589 608 1633 587 1590 576 1580 575 1579 586 1625 585 1634 606 1635 601 1636 606 1620 593 1619 601 1637 601 1636 586 1638 585 1634 596 1598 595 1597 586 1639 595 1640 585 1634 586 1638 601 1602 605 1641 602 1603 599 1642 606 1616 600 1618 594 1643 582 1644 597 1645 605 1641 601 1602 592 1646 593 1647 592 1647 601 1647 605 1648 610 1649 606 1650 605 1648 592 1651 610 1649 609 1652 596 1652 578 1652 596 1653 579 1653 581 1653 597 1654 596 1655 581 1656 597 1654 581 1656 594 1657 608 1658 586 1625 575 1579 601 1626 603 1614 577 1581 603 1614 608 1609 607 1608 607 1608 575 1579 577 1581 602 1659 605 1660 604 1661 583 1662 588 1663 611 1664 588 1663 587 1665 611 1664 587 1665 602 1659 604 1661 587 1665 604 1661 611 1664 585 1610 584 1666 604 1605 582 1644 579 1667 597 1645 584 1668 611 1668 604 1668 583 1669 585 1634 595 1640 583 1669 595 1640 579 1613 588 1612 583 1669 579 1613 586 1670 588 1670 578 1670 578 1671 596 1671 586 1671 598 1672 600 1673 593 1674 593 1674 600 1673 610 1675 577 1581 576 1580 601 1626 590 1676 589 1595 593 1594 580 1677 579 1678 596 1679 580 1677 596 1679 609 1680 593 1681 610 1682 591 1683 593 1681 591 1683 590 1684 591 1685 610 1624 589 1623 641 1778 642 1779 643 1780 644 1781 641 1782 645 1783 646 1784 647 1785 648 1786 649 1787 643 1788 650 1789 651 1790 652 1790 653 1790 654 1791 651 1791 649 1791 651 1792 653 1792 649 1792 655 1793 651 1793 656 1793 657 1794 658 1795 659 1796 660 1797 657 1794 659 1796 661 1798 662 1798 663 1798 661 1799 664 1800 662 1801 665 1802 666 1802 667 1802 654 1803 656 1803 645 1803 645 1804 656 1805 668 1806 669 1807 670 1807 671 1807 672 1808 673 1809 674 1810 674 1811 660 1812 675 1813 674 1811 675 1813 676 1814 677 1815 678 1815 645 1815 666 1816 679 1816 667 1816 664 1800 661 1799 669 1817 674 1818 664 1819 663 1820 651 1821 659 1796 658 1795 660 1822 651 1823 673 1824 654 1825 643 1826 665 1827 680 1828 678 1828 681 1828 682 1829 680 1829 681 1829 683 1830 684 1831 685 1832 646 1833 648 1833 686 1833 687 1834 646 1834 686 1834 647 1835 687 1836 686 1837 647 1835 646 1838 687 1836 688 1839 665 1827 643 1826 655 1840 652 1840 689 1840 652 1841 650 1841 653 1841 654 1842 649 1843 650 1844 652 1845 655 1846 656 1847 652 1848 654 1842 650 1844 651 1849 655 1849 689 1849 652 1850 651 1850 689 1850 644 1851 645 1851 642 1851 690 1852 644 1852 642 1852 690 1853 642 1853 641 1853 690 1854 641 1782 644 1781 691 1855 692 1855 693 1855 691 1856 678 1856 694 1856 665 1857 678 1857 692 1857 691 1858 665 1858 692 1858 667 1859 683 1859 665 1859 678 1860 691 1861 693 1862 643 1780 654 1863 641 1778 671 1864 677 1864 683 1864 680 1865 682 1865 648 1865 648 1786 647 1785 645 1866 680 1867 648 1867 645 1867 645 1868 678 1868 680 1868 641 1869 654 1869 645 1869 642 1870 645 1870 647 1870 647 1871 686 1871 642 1871 688 1872 674 1873 676 1874 676 1874 650 1875 688 1872 658 1876 695 1877 674 1878 668 1879 656 1880 658 1881 658 1876 674 1878 668 1882 660 1797 658 1795 657 1794 656 1880 651 1883 658 1881 674 1884 663 1884 662 1884 660 1885 696 1886 663 1887 663 1888 696 1889 661 1890 665 1891 697 1891 666 1891 688 1892 643 1892 674 1892 660 1893 650 1893 676 1893 677 1894 660 1885 663 1887 669 1895 685 1896 677 1897 669 1895 677 1897 664 1898 663 1899 664 1899 677 1899 670 1900 695 1901 677 1902 677 1902 671 1903 670 1900 693 1862 681 1904 678 1860 685 1832 669 1905 671 1906 691 1907 694 1907 684 1907 666 1908 697 1908 691 1908 684 1909 666 1909 691 1909 697 1910 665 1910 679 1910 691 1911 697 1911 679 1911 698 1912 665 1912 699 1912 665 1913 691 1913 699 1913 679 1914 699 1914 691 1914 675 1915 660 1822 673 1824 673 1824 672 1916 675 1915 670 1917 674 1917 695 1917 679 1918 665 1918 698 1918 674 1818 670 1919 664 1819 670 1919 696 1920 662 1921 696 1922 660 1922 662 1922 660 1812 674 1811 662 1923 662 1921 664 1819 670 1919 682 1924 686 1924 648 1924 651 1925 654 1925 668 1925 668 1926 674 1927 673 1928 668 1926 673 1928 651 1929 696 1889 670 1930 661 1890 678 1931 677 1932 685 1933 685 1933 684 1934 678 1931 678 1931 684 1934 692 1935 665 1936 688 1936 678 1936 650 1937 694 1938 678 1939 688 1940 650 1937 678 1939 683 1830 666 1941 684 1831 672 1942 660 1942 676 1942 672 1808 674 1810 643 1788 672 1808 643 1788 649 1787 659 1943 672 1943 650 1943 672 1808 649 1787 653 1944 672 1945 653 1945 650 1945 650 1946 660 1946 659 1946 683 1947 668 1948 665 1949 654 1950 665 1949 668 1948 651 1951 672 1951 659 1951 694 1952 650 1952 681 1952 693 1953 694 1953 681 1953 660 1954 672 1954 651 1954 677 1955 658 1955 660 1955 645 1956 683 1956 677 1956 671 1906 683 1830 685 1832 668 1806 683 1957 645 1804 683 1958 667 1959 698 1960 667 1959 679 1961 698 1960 679 1962 666 1962 699 1962 683 1958 698 1960 666 1963 698 1964 699 1964 666 1964 684 1934 694 1965 692 1935 694 1965 693 1966 692 1935 695 1901 658 1967 677 1902 652 1845 656 1847 654 1968 642 1969 686 1970 650 1971 686 1972 682 1972 681 1972 681 1973 650 1973 686 1973 642 1969 650 1971 643 1974 743 2105 744 2106 745 2107 746 2108 747 2108 748 2108 749 2109 750 2110 751 2111 752 2112 745 2113 744 2114 753 2115 754 2116 751 2117 755 2118 751 2119 756 2120 757 2121 758 2122 756 2123 757 2121 759 2124 758 2122 760 2125 748 2125 749 2125 761 2126 752 2112 744 2114 749 2127 762 2128 763 2129 764 2130 748 2131 762 2132 763 2133 760 2133 749 2133 746 2134 764 2130 750 2135 765 2136 766 2137 745 2138 766 2139 743 2105 745 2107 743 2105 765 2136 761 2140 765 2136 745 2138 761 2140 761 2140 744 2106 743 2105 746 2141 767 2142 747 2143 768 2144 746 2144 759 2144 769 2145 751 2145 770 2145 757 2146 768 2146 759 2146 761 2147 771 2147 752 2147 749 2109 746 2148 750 2110 752 2112 760 2149 745 2113 751 2150 765 2150 760 2150 767 2151 755 2152 750 2153 755 2152 756 2154 750 2153 768 2155 758 2155 746 2155 768 2156 756 2156 758 2156 752 2157 771 2158 743 2159 755 2118 765 2160 751 2119 766 2161 772 2162 760 2163 759 2164 749 2164 753 2164 754 2165 753 2165 749 2165 754 2166 749 2167 765 2168 770 2169 754 2166 765 2168 765 2168 755 2170 770 2169 772 2171 766 2172 749 2173 766 2172 765 2174 749 2173 746 2134 748 2131 764 2130 772 2171 749 2173 748 2175 760 2176 762 2176 748 2176 758 2177 759 2177 753 2177 758 2178 753 2178 770 2178 755 2170 767 2142 746 2141 770 2169 755 2170 758 2179 758 2179 755 2170 746 2141 746 2180 749 2180 759 2180 768 2181 757 2182 750 2183 757 2182 751 2184 750 2183 768 2181 750 2183 756 2185 749 2127 764 2186 762 2128 751 2117 757 2187 753 2115 757 2188 756 2189 769 2190 753 2191 757 2191 769 2191 756 2189 751 2192 769 2190 762 2193 760 2163 772 2162 772 2194 748 2194 747 2194 769 2195 770 2195 753 2195 760 2196 765 2196 771 2196 765 2197 743 2159 771 2158 747 2198 751 2199 762 2193 760 2200 752 2200 743 2200 760 2163 743 2201 766 2161 772 2162 747 2198 762 2193 751 2199 760 2202 763 2203 763 2203 762 2193 751 2199 750 2204 764 2204 767 2204 747 2205 767 2205 764 2205 764 2206 749 2206 751 2206 751 2207 747 2207 764 2207 751 2208 754 2208 770 2208 771 2209 761 2210 745 2211 771 2209 745 2211 760 2212 932 2356 933 2356 934 2356 935 2357 936 2357 937 2357 938 2358 939 2358 940 2358 941 2359 942 2359 943 2359 944 2360 945 2360 946 2360 947 2361 933 2361 948 2361 948 2362 933 2362 949 2362 950 2363 951 2363 952 2363 953 2364 954 2365 955 2366 956 2367 957 2368 958 2369 959 2370 960 2371 961 2372 962 2373 963 2374 964 2375 965 2376 953 2376 966 2376 967 2377 968 2378 969 2379 970 2380 971 2381 972 2382 973 2383 974 2384 975 2385 976 2386 936 2386 935 2386 977 2387 978 2387 968 2387 979 2388 980 2389 981 2390 968 2391 982 2391 983 2391 950 2392 984 2392 985 2392 986 2393 987 2394 988 2395 989 2396 978 2396 982 2396 990 2397 991 2397 966 2397 965 2398 992 2399 993 2400 955 2401 990 2401 966 2401 994 2402 950 2403 995 2404 996 2405 997 2405 998 2405 999 2406 1000 2407 1001 2408 951 2409 985 2410 952 2411 1002 2412 1003 2413 959 2414 1004 2415 1005 2416 1006 2417 988 2418 1007 2419 1008 2420 968 2421 1009 2421 1010 2421 1011 2422 1012 2422 1013 2422 1014 2423 1015 2424 1007 2419 1016 2425 1017 2425 1018 2425 1019 2426 1018 2427 975 2428 974 2429 977 2429 975 2429 1020 2430 953 2430 977 2430 976 2431 1021 2431 962 2431 937 2432 1022 2432 976 2432 968 2433 1023 2433 1009 2433 970 2434 1024 2435 1025 2436 1026 2437 1027 2438 973 2439 944 2440 1028 2440 1029 2440 944 2441 1030 2442 1031 2443 1019 2444 1032 2445 1016 2446 1033 2447 1034 2448 1035 2449 991 2450 1036 2451 965 2452 1037 2453 1017 2453 1032 2453 1016 2454 1032 2454 1017 2454 1038 2455 973 2455 1039 2455 1040 2456 1038 2457 975 2458 1041 2459 1036 2460 1042 2461 975 2462 1043 2463 1032 2464 1037 2465 1044 2465 1017 2465 1017 2466 1044 2467 975 2468 1044 2469 1043 2469 975 2469 1045 2470 1046 2470 935 2470 1047 2471 936 2471 1045 2471 946 2472 971 2473 1048 2474 1049 2475 976 2475 1002 2475 1050 2476 1051 2477 970 2380 1052 2478 950 2478 1053 2478 1037 2479 1032 2464 1043 2463 1020 2480 969 2480 954 2480 1054 2481 1055 2481 975 2481 989 2482 1056 2482 1009 2482 1057 2483 1058 2484 1059 2485 1060 2486 1061 2487 1062 2488 932 2489 948 2490 949 2491 1058 2492 932 2489 949 2491 976 2493 1063 2493 1003 2493 1063 2494 1002 2494 959 2494 961 2495 1063 2495 959 2495 1042 2496 1064 2496 943 2496 942 2497 1064 2497 1042 2497 1065 2498 1066 2498 1039 2498 942 2499 1042 2499 959 2499 942 2500 959 2501 947 2502 942 2500 947 2502 953 2503 980 2504 1066 2504 1067 2504 1049 2505 1003 2506 960 2507 1068 2508 1069 2509 1053 2510 974 2511 1012 2511 983 2511 1070 2512 1000 2513 1071 2514 1072 2515 1070 2512 1071 2514 995 2516 1069 2517 1071 2514 1073 2518 995 2404 950 2403 959 2519 1074 2519 1075 2519 1071 2520 1073 2520 950 2520 953 2521 1076 2521 1041 2521 1077 2522 1078 2523 1079 2524 967 2377 1056 2525 968 2378 1010 2526 1056 2526 967 2526 952 2527 1080 2528 950 2529 1081 2530 998 2531 997 2532 1082 2533 996 2533 973 2533 996 2534 1081 2534 973 2534 973 2535 1081 2530 997 2532 1082 2536 1083 2536 997 2536 1084 2537 1005 2538 1085 2539 1082 2540 1086 2540 1083 2540 959 2541 941 2541 947 2541 1083 2542 1087 2542 997 2542 1086 2543 973 2439 1087 2544 1088 2545 994 2545 995 2545 940 2546 1089 2547 987 2548 951 2549 1090 2549 1091 2549 985 2410 1090 2550 952 2411 1089 2547 1092 2551 988 2552 986 2553 1089 2553 1004 2553 1058 2484 949 2554 1059 2485 1063 2555 1093 2556 1049 2557 1020 2558 955 2559 969 2560 1060 2561 966 2561 1061 2561 1094 2562 1095 2562 1034 2562 947 2502 932 2563 1059 2564 1046 2565 1022 2565 1047 2565 1067 2566 1039 2566 980 2566 1067 2567 1065 2567 1039 2567 949 2568 1057 2568 947 2568 1052 2569 1071 2569 950 2569 1070 2570 1001 2570 993 2570 1001 2571 1096 2572 1072 2573 1001 2574 1072 2575 1071 2576 1071 2576 993 2577 1001 2574 1072 2578 1000 2407 999 2406 1045 2579 1097 2579 1046 2579 1071 2514 1069 2517 1073 2580 981 2581 1072 2581 1065 2581 1055 2582 973 2583 1023 2584 1010 2585 1098 2586 989 2587 996 2588 1082 2588 997 2588 1099 2589 1071 2590 1100 2591 1100 2592 1071 2592 1079 2592 1101 2593 1080 2593 951 2593 992 2399 965 2398 966 2594 1077 2595 1102 2595 1103 2595 932 2596 934 2597 1057 2598 1039 2599 981 2390 980 2389 1091 2600 984 2600 1101 2600 1060 2601 1076 2602 1104 2603 1024 2604 1028 2605 1105 2606 1106 2607 1014 2608 986 2609 1014 2610 1007 2611 1107 2612 986 2613 1014 2613 1107 2613 1007 2611 1108 2614 1109 2615 1110 2616 1109 2616 1108 2616 1107 2612 1007 2611 1109 2615 937 2617 936 2617 1022 2617 1111 2618 1008 2618 957 2618 988 2395 1008 2619 1112 2620 939 2621 988 2395 1112 2620 1008 2619 1111 2622 1112 2620 939 2621 986 2393 988 2395 1088 2623 1113 2623 986 2623 1088 2624 986 2625 940 2626 1114 2627 1110 2628 1115 2629 1115 2629 1112 2630 1111 2631 958 2632 1114 2627 1115 2629 1108 2633 1116 2634 958 2632 1111 2631 1110 2635 1108 2633 958 2632 1115 2629 1111 2631 1111 2631 1108 2633 958 2632 950 2636 1080 2636 984 2636 1078 2637 1004 2638 1117 2639 1004 2638 955 2640 1117 2639 1053 2641 1073 2641 1052 2641 1052 2642 1073 2643 1068 2644 1079 2524 1099 2645 1102 2646 1079 2524 1102 2646 1077 2522 947 2647 934 2597 933 2648 950 2649 1101 2650 951 2651 975 2652 954 2652 969 2652 1020 2653 954 2653 953 2653 955 2654 1020 2655 1023 2656 955 2366 1023 2657 953 2364 957 2368 1008 2658 1118 2659 1118 2659 1119 2660 1114 2661 1119 2660 955 2662 1114 2661 956 2367 1007 2663 957 2368 957 2368 1118 2659 958 2369 1118 2659 1114 2661 958 2369 958 2369 1015 2664 956 2367 1073 2643 1069 2665 1068 2644 1013 2666 1120 2667 1055 2668 1074 2669 963 2669 1075 2669 959 2670 1064 2671 941 2672 1062 2488 1061 2487 990 2673 1091 2674 1090 2674 984 2674 1054 2675 974 2675 1098 2675 973 2583 1104 2676 1023 2584 993 2677 992 2677 1104 2677 1104 2678 966 2679 953 2680 1041 2459 1042 2461 953 2681 953 2682 975 2468 977 2683 1117 2684 965 2685 993 2686 965 2687 1036 2687 953 2687 970 2380 1121 2688 971 2381 1023 2656 1020 2655 977 2689 1122 2690 1049 2690 1093 2690 1010 2691 1009 2691 1056 2691 973 2383 1055 2692 974 2384 990 2693 1061 2693 1076 2693 1104 2694 1061 2694 966 2694 968 2695 1056 2695 1023 2695 974 2696 983 2696 978 2696 974 2697 978 2697 977 2697 1055 2698 1098 2699 974 2700 1098 2699 1123 2701 989 2702 983 2703 989 2704 977 2705 989 2706 1023 2706 977 2706 1055 2707 1023 2707 1123 2707 989 2702 1123 2701 1056 2708 1056 2709 1123 2709 1023 2709 1103 2710 1117 2711 1099 2712 1124 2713 1079 2714 1068 2715 1079 2716 1071 2717 1068 2718 1068 2719 1102 2720 1099 2721 1068 2715 1099 2722 1124 2713 976 2723 1097 2724 936 2725 979 2388 1072 2726 980 2389 989 2727 969 2727 978 2727 1117 2728 992 2729 966 2730 990 2731 1041 2731 991 2731 991 2732 1117 2728 966 2730 1108 2733 1007 2733 956 2733 964 2734 1125 2735 1126 2736 1126 2737 963 2737 1074 2737 964 2738 1126 2738 1074 2738 1111 2739 957 2739 1110 2739 1110 2740 957 2740 1112 2740 957 2741 1007 2742 1112 2743 1007 2742 1127 2744 1112 2743 1112 2743 1127 2744 939 2745 987 2746 939 2745 1127 2744 987 2747 986 2747 1107 2747 987 2748 1107 2749 939 2750 1035 2751 1034 2751 1128 2751 989 2587 968 2752 1010 2585 967 2753 1055 2754 1010 2755 1013 2666 1010 2756 1123 2757 988 2418 1127 2758 1007 2419 1054 2759 1012 2759 974 2759 968 2752 989 2587 982 2760 953 2761 1042 2761 943 2761 1054 2762 1013 2762 1012 2762 1042 2461 1036 2460 991 2763 969 2379 968 2378 978 2764 1010 2765 1055 2765 1123 2765 1011 2766 1098 2766 1012 2766 1011 2767 1054 2767 1098 2767 949 2768 1038 2769 1026 2770 953 2503 947 2502 1059 2564 1059 2771 949 2768 1026 2770 1059 2564 1026 2772 953 2503 1026 2773 975 2428 1018 2427 1014 2423 994 2774 1015 2424 1026 2775 1018 2775 1017 2775 1017 2466 975 2468 953 2682 1017 2776 953 2776 1026 2776 976 2777 1129 2778 937 2779 1129 2778 1021 2780 937 2779 1130 2781 976 2782 962 2783 985 2410 951 2409 1091 2784 1093 2785 1050 2786 1024 2787 1024 2787 1050 2786 1025 2788 1029 2789 1093 2785 1024 2787 1131 2790 1132 2790 1105 2790 1050 2786 1131 2791 1025 2788 1105 2792 1025 2793 1131 2794 1105 2795 944 2795 1029 2795 1105 2796 1029 2789 1024 2787 1133 2797 1025 2797 1134 2797 1132 2798 972 2798 1134 2798 1134 2799 972 2799 1133 2799 1028 2800 1133 2801 971 2802 1133 2801 972 2803 971 2802 971 2804 1031 2443 1030 2442 971 2805 1030 2805 1028 2805 1028 2806 944 2807 1031 2808 1028 2806 1031 2808 1121 2809 1133 2810 1028 2806 1121 2809 1121 2809 970 2811 1133 2810 1132 2812 1025 2813 1133 2810 1132 2812 1133 2810 1035 2814 1133 2810 970 2811 1035 2814 1130 2815 962 2816 1075 2817 1075 2818 962 2373 964 2375 1051 2819 1029 2819 1028 2819 970 2434 1051 2820 1024 2435 1051 2821 1028 2605 1024 2604 1132 2822 970 2434 1025 2436 1040 2823 975 2428 1026 2773 973 2439 1040 2824 1026 2437 1026 2825 1038 2825 1027 2825 1015 2826 994 2827 1107 2828 1109 2829 1015 2826 1107 2828 1107 2830 994 2831 1106 2832 1108 2833 956 2834 1116 2835 1106 2607 986 2609 1113 2836 1106 2832 1113 2837 1107 2830 1116 2835 956 2834 1109 2829 1109 2838 1110 2838 1116 2838 1109 2829 956 2834 1015 2826 1030 2839 944 2840 946 2472 1030 2839 946 2472 1048 2474 1048 2474 1135 2841 1134 2842 1135 2841 1094 2843 1134 2842 1048 2474 1134 2842 1030 2839 1035 2844 1128 2844 1134 2844 1035 2845 1134 2842 1094 2843 944 2846 1122 2847 1136 2848 1122 2847 944 2846 1105 2849 1105 2792 1028 2850 1025 2793 1030 2851 1136 2851 1025 2851 1028 2852 1030 2852 1025 2852 1019 2444 975 2853 1032 2445 1035 2449 970 2854 1131 2855 1094 2856 972 2856 1035 2856 1131 2855 1050 2857 1137 2858 1131 2855 1137 2858 1035 2449 1137 2858 1033 2447 1035 2449 1033 2859 954 2859 1034 2859 1033 2860 1137 2861 1128 2862 1137 2861 1105 2863 1132 2864 1128 2862 1137 2861 1132 2864 1025 2865 1033 2860 1128 2862 1134 2866 1128 2866 1132 2866 1117 2867 991 2450 965 2452 1049 2868 1122 2869 1105 2870 1049 2868 1105 2870 1050 2871 1105 2870 1137 2872 1050 2871 1019 2426 1016 2873 1043 2874 1016 2873 1018 2427 1037 2875 1018 2427 1019 2426 1044 2876 1043 2874 1016 2873 1037 2875 1044 2876 1037 2875 1018 2427 1019 2426 1043 2874 1044 2876 1038 2457 1040 2456 973 2877 976 2723 1022 2878 1097 2724 1130 2781 1093 2879 976 2782 1025 2880 1136 2881 1130 2882 954 2883 1033 2883 1025 2883 954 2884 1025 2880 1130 2882 1130 2815 955 2885 954 2886 1022 2887 936 2887 1047 2887 1088 2888 995 2889 1116 2890 1015 2891 958 2892 1116 2890 995 2889 1015 2891 1116 2890 1046 2893 976 2893 935 2893 1035 2894 972 2894 1132 2894 1051 2895 1121 2809 1031 2808 1046 2896 1097 2896 1022 2896 1029 2897 1031 2897 1093 2897 1031 2898 1029 2898 1051 2898 1004 2899 1138 2900 938 2901 986 2902 1004 2899 938 2901 938 2903 1138 2904 1110 2905 1119 2906 1115 2907 1110 2905 938 2908 940 2626 986 2625 1119 2906 1110 2905 1138 2904 1131 2909 970 2909 1132 2909 1121 2688 1051 2910 971 2381 955 2559 1139 2911 969 2560 1139 2912 967 2912 969 2912 1135 2841 1048 2474 1095 2913 1050 2476 1093 2914 1051 2477 954 2915 975 2916 1038 2917 954 2915 1038 2917 1050 2918 970 2380 972 2382 1050 2476 972 2919 1094 2920 954 2921 1093 2922 1130 2923 971 2924 1034 2925 954 2921 1094 2920 954 2926 1050 2476 972 2382 1093 2927 971 2927 1051 2927 1130 2923 945 2928 971 2924 969 2929 1054 2929 975 2929 995 2516 1053 2930 1069 2517 1113 2931 1088 2888 1116 2890 1116 2932 1110 2932 1113 2932 1107 2830 1113 2837 1110 2933 939 2750 1107 2749 1110 2934 1110 2935 940 2935 939 2935 1055 2668 1011 2936 1013 2666 989 2937 1013 2937 969 2937 969 2938 1013 2938 1054 2938 1063 2939 961 2939 1003 2939 1003 2506 961 2940 960 2507 932 2941 1058 2941 933 2941 932 2563 1057 2942 1059 2564 1058 2943 1057 2943 933 2943 943 2944 942 2500 953 2503 1075 2817 1126 2736 1125 2735 1125 2945 1140 2945 960 2945 1125 2946 960 2946 1074 2946 959 2370 964 2947 960 2371 964 2948 1074 2948 960 2948 942 2949 941 2672 1064 2671 1049 2950 960 2950 976 2950 943 2951 1064 2952 959 2953 980 2954 1072 2955 1066 2956 1049 2957 959 2953 1003 2958 976 2959 1003 2413 1002 2412 947 2647 1057 2598 934 2597 978 2960 983 2960 982 2960 962 2373 1021 2961 963 2374 983 2962 1098 2962 1013 2962 960 2963 1140 2964 1075 2965 1140 2964 1126 2966 1075 2965 1073 2967 1053 2967 995 2967 959 2968 1125 2968 1074 2968 964 2947 959 2370 1075 2969 1072 2970 979 2970 1065 2970 1041 2459 990 2971 1036 2460 963 2972 1126 2966 1140 2964 1013 2973 989 2704 983 2703 1052 2974 1068 2718 1071 2717 1085 2975 1004 2975 1077 2975 950 2976 1085 2976 1077 2976 1078 2977 1077 2977 1004 2977 1077 2978 1124 2979 1117 2980 1117 2981 1104 2981 992 2981 1117 2982 1071 2590 1099 2589 993 2983 1104 2984 1000 2985 1104 2984 1096 2986 1000 2985 1027 2987 1096 2988 997 2989 997 2989 1087 2990 1027 2987 1098 2699 1055 2698 1120 2991 989 2992 1009 2992 1023 2992 997 2989 1096 2988 973 2993 1096 2988 1104 2994 973 2993 973 2439 1027 2438 1087 2544 952 2527 1090 2995 1080 2528 1014 2423 988 2418 994 2774 988 2418 1004 2996 994 2774 1015 2424 955 2997 1008 2420 955 2662 1119 2660 1008 2998 1015 2424 1008 2420 1007 2419 985 2999 1006 3000 1085 3001 985 2999 1085 3001 950 3002 1084 2537 1006 3003 1005 2538 985 3004 984 3004 1090 3004 1010 3005 1013 3005 1098 3005 1104 2678 953 2680 1023 3006 1079 3007 1078 3007 1117 3007 1082 3008 973 3008 1086 3008 1004 3009 1141 3010 950 2649 1083 3011 1086 2543 996 3012 1015 3013 1039 3014 955 3015 1039 3014 973 3016 955 3015 994 3017 1004 3017 950 3017 988 2552 987 2548 1089 2547 987 2548 994 3018 1088 3019 1088 3019 940 2546 987 2548 940 3020 1004 3020 1089 3020 950 2649 1141 3010 1101 2650 1141 3010 1006 3021 985 3022 1141 3010 985 3022 1101 2650 985 3023 1091 3023 1101 3023 951 3024 1080 3024 1090 3024 1004 2415 1006 2417 1084 3025 1004 3026 1084 3026 1141 3026 1101 3027 984 3027 1080 3027 987 2746 1127 2744 1014 3028 1128 3029 1034 3029 1025 3029 1025 3030 1034 3030 1134 3030 1134 3031 1034 3032 1095 3033 1095 3033 945 3034 1030 3035 1134 3031 1095 3033 1030 3035 945 3036 944 3036 1136 3036 945 3037 1136 3037 1030 3037 1114 3038 955 3038 1110 3038 940 3039 1110 3040 1004 3041 955 3042 1004 3041 1110 3040 987 3043 1106 3043 994 3043 1106 3044 987 3044 1014 3044 1115 3045 1118 3045 1112 3045 1112 3046 1118 3046 1110 3046 1110 3047 1118 3048 1008 3049 1008 3049 1092 2551 1110 3047 1110 3047 1092 2551 938 3050 1092 2551 1089 2547 938 3050 1089 3051 986 3052 939 3053 1089 3051 939 3053 938 3054 988 3055 1092 3056 1004 3057 1092 3056 1138 3058 1004 3057 1014 2423 1127 2758 988 2418 1013 2666 1123 2757 1120 2667 1138 3059 1092 2551 1008 3049 983 3060 1012 3060 1098 3060 1008 3061 1119 3061 1138 3061 1045 3062 936 3062 1097 3062 943 3063 947 3063 941 3063 1115 3064 1119 3064 1118 3064 1063 2555 976 3065 1093 2556 1139 3066 1055 2754 967 2753 945 3067 1095 3068 1048 3069 1048 3069 971 3070 945 3067 1060 3071 955 3071 966 3071 1094 3072 1135 3072 1095 3072 1071 3073 1117 2684 993 2686 947 3074 948 3074 932 3074 1031 3075 971 2473 946 2472 1122 3076 1093 3077 1031 3075 1130 3078 1136 3079 946 2472 1136 3079 1122 3076 1031 3075 946 2472 1136 3079 1031 3075 946 2472 945 3080 1130 3078 949 3081 933 3081 1057 3081 983 3082 977 3082 968 3082 993 3083 1000 3083 1070 3083 1001 3084 1070 3084 999 3084 1072 2515 999 3085 1070 2512 1140 3086 1125 3087 964 2375 1140 3086 964 2375 963 2374 981 3088 1039 3088 1072 3088 990 3089 1076 3089 953 3089 953 3090 1036 3090 990 3090 935 3091 937 3092 1047 3093 1045 3094 935 3091 1047 3093 937 3095 1021 3095 1046 3095 1021 3096 976 3096 1046 3096 937 3097 1046 3097 1047 3097 1098 2699 1120 2991 1123 2701 1027 3098 1039 3098 1066 3098 1072 2955 1096 3099 1066 2956 1096 3100 1027 3100 1066 3100 1004 3101 1085 2539 1005 2538 1086 2543 1087 2544 1081 3102 996 3012 1086 2543 1081 3102 1087 2544 1083 3011 1081 3102 1081 3102 1083 3011 998 3103 1083 3011 996 3012 998 3103 1103 3104 1102 3104 1117 3104 1102 2720 1068 2719 1117 3105 1103 2710 1099 2712 1079 3106 1124 3107 1077 3107 1103 3107 1103 3108 1079 3108 1124 3108 1055 2668 1054 3109 1011 2936 973 3110 975 3111 1139 2911 1139 2911 955 2559 973 3110 950 3112 1068 2508 1053 2510 1061 3113 1104 2603 1076 2602 1125 3114 991 3115 1142 3116 991 3115 1041 3117 1142 3116 1142 3116 1041 3117 1076 3118 1125 3119 959 3119 1042 3119 1042 3120 991 3120 1125 3120 1125 2735 1142 3121 1075 2817 1142 3121 1076 3122 955 2885 1076 3123 1060 3123 1062 3123 1076 3124 1062 3124 955 3124 955 2640 1060 3125 1104 3126 1104 3126 1117 2639 955 2640 1075 2817 1142 3121 1130 2815 955 2885 1130 2815 1142 3121 1065 3127 1067 3127 981 3127 1067 3128 1066 3128 979 3128 979 3129 1066 3129 1065 3129 979 3130 981 3130 1067 3130 1001 2571 1000 3131 1096 2572 1099 3132 1100 3132 1124 3132 1100 3133 1079 3133 1117 3133 1124 2979 1100 3134 1117 2980 955 3135 1062 3135 990 3135 1027 3136 1038 3136 1039 3136 949 2768 947 3137 1038 2769 1071 2514 1000 2513 1015 3138 1015 3138 995 2516 1071 2514 1063 3139 1049 3139 1002 3139 1049 2957 1050 3140 959 2953 1015 3138 1000 2513 1072 3141 1039 3014 1015 3013 1072 3142 943 2951 959 2953 1050 3140 1038 3143 947 3143 1050 3143 1050 3144 947 3144 943 3144 950 3145 1077 3146 1068 3147 1068 3147 1077 3146 1117 3148 1075 3149 963 3150 960 3151 963 3150 976 3152 960 3151 1284 3237 1285 3238 1286 3239 1287 3240 1288 3241 1289 3242 1290 3243 1291 3244 1292 3245 1293 3246 1294 3247 1295 3248 1296 3249 1290 3249 1297 3249 1298 3250 1299 3250 1296 3250 1290 3251 1300 3251 1301 3251 1302 3252 1301 3252 1286 3252 1286 3253 1292 3253 1287 3253 1286 3254 1289 3255 1288 3256 1284 3257 1303 3258 1295 3259 1291 3244 1301 3260 1289 3261 1304 3262 1303 3263 1293 3246 1304 22 1293 3264 1305 3265 1306 3266 1301 3266 1300 3266 1284 3237 1296 3267 1285 3238 1300 3268 1307 3268 1291 3268 1291 3269 1307 3269 1292 3269 1300 3270 1287 3240 1289 3242 1287 3240 1284 3271 1302 3272 1284 3271 1294 3273 1302 3272 1294 3273 1303 3274 1305 3275 1294 3273 1305 3275 1308 3276 1308 3276 1302 3272 1294 3273 1306 3277 1300 3278 1289 3279 1287 3240 1302 3272 1288 3241 1307 3280 1285 3281 1292 3282 1285 3281 1296 3283 1292 3282 1309 3284 1310 3285 1311 3286 1296 3287 1299 3287 1290 3287 1299 3288 1310 3289 1312 3290 1309 3284 1311 3286 1299 3291 1290 3292 1307 3293 1300 3294 1302 3295 1289 3295 1301 3295 1298 3296 1286 3296 1299 3296 1310 3289 1299 3288 1286 3297 1311 3286 1310 3285 1286 3298 1286 3299 1285 3300 1311 3301 1306 3302 1295 3303 1286 3304 1286 3304 1301 3305 1306 3302 1286 3306 1290 3306 1292 3306 1290 3243 1301 3260 1291 3244 1285 3300 1307 3293 1290 3292 1311 3301 1285 3300 1299 3307 1290 3308 1286 3308 1298 3308 1290 3292 1299 3307 1285 3300 1286 3254 1291 3309 1289 3255 1295 3310 1294 3310 1284 3310 1303 3258 1304 3311 1295 3259 1310 3312 1296 3313 1284 3314 1310 3315 1284 3271 1287 3240 1312 3290 1310 3289 1287 3316 1297 3317 1309 3318 1312 3319 1287 3320 1297 3317 1312 3319 1303 3263 1294 3247 1293 3246 1291 3321 1286 3322 1287 3323 1287 3323 1300 3324 1291 3321 1286 3325 1288 3325 1302 3325 1305 3326 1286 3327 1304 3328 1286 3327 1295 3329 1304 3328 1293 3264 1295 3330 1305 3265 1308 3331 1305 3265 1295 3330 1284 3332 1286 3332 1303 3332 1286 3333 1305 3333 1303 3333 1312 3334 1309 3334 1299 3334 1297 3335 1290 3335 1298 3335 1297 3317 1287 3320 1292 3336 1297 3317 1292 3336 1296 3337 1309 3338 1297 3339 1298 3340 1296 3313 1310 3312 1298 3341 1310 3342 1309 3338 1298 3340 1306 3277 1289 3279 1302 3343 1302 3344 1308 3344 1295 3344 1306 3277 1302 3343 1295 3345 1485 3477 1486 3478 1487 3479 1488 3480 1485 3477 1487 3479 1489 3481 1490 3482 1491 3483 1489 3484 1492 3484 1493 3484 1489 3485 1494 3485 1490 3485 1495 3486 1496 3486 1489 3486 1492 3487 1489 3487 1497 3487 1493 3488 1498 3488 1490 3488 1489 3489 1499 3489 1497 3489 1500 3490 1501 3491 1502 3492 1492 3493 1503 3493 1504 3493 1505 3494 1490 3494 1498 3494 1506 3495 1502 3496 1499 3497 1488 3498 1487 3499 1507 3500 1499 3501 1492 3501 1504 3501 1505 3502 1491 3503 1490 3504 1497 3505 1496 3506 1495 3507 1500 3508 1502 3508 1492 3508 1485 3477 1505 3509 1486 3478 1488 3480 1504 3510 1485 3477 1504 3511 1503 3511 1500 3511 1505 3512 1485 3512 1507 3512 1485 3513 1504 3513 1507 3513 1495 3514 1489 3481 1501 3515 1487 3499 1486 3516 1507 3500 1491 3483 1501 3515 1489 3481 1498 3517 1499 3517 1496 3517 1498 3518 1496 3518 1494 3518 1494 3519 1496 3520 1491 3521 1493 3522 1494 3519 1491 3521 1501 3523 1491 3521 1496 3520 1491 3524 1497 3524 1493 3524 1492 3525 1498 3525 1493 3525 1489 3526 1498 3527 1494 3528 1489 3529 1496 3529 1499 3529 1500 3490 1495 3530 1501 3491 1505 3531 1497 3532 1504 3533 1497 3534 1500 3534 1503 3534 1506 3535 1497 3536 1503 3537 1508 3538 1507 3538 1504 3538 1504 3539 1497 3536 1506 3535 1492 3540 1502 3540 1503 3540 1498 3527 1489 3526 1505 3541 1497 3542 1491 3542 1492 3542 1499 3543 1498 3543 1492 3543 1501 3523 1496 3520 1502 3544 1506 3495 1503 3545 1502 3496 1490 3546 1494 3546 1493 3546 1508 3547 1509 3548 1488 3549 1509 3548 1507 3550 1486 3551 1509 3548 1486 3551 1488 3549 1507 3500 1508 3552 1488 3498 1507 3550 1509 3548 1505 3553 1509 3548 1492 3554 1505 3553 1506 3555 1499 3555 1504 3555 1495 3507 1500 3556 1497 3505 1505 3502 1492 3557 1491 3503 1505 3531 1493 3558 1497 3532 1505 3559 1489 3559 1493 3559 1497 3560 1502 3560 1496 3560 1509 3561 1500 3561 1492 3561 1499 3562 1502 3562 1497 3562 1500 3563 1509 3564 1504 3565 1509 3564 1508 3566 1504 3565 1488 3567 1486 3568 1505 3531 1504 3533 1488 3567 1505 3531 1593 3847 1594 3848 1595 3849 1596 3850 1597 3850 1598 3850 1599 3851 1600 3852 1601 3853 1602 3854 1603 3855 1604 3856 1605 3857 1606 3858 1607 3859 1608 3860 1609 3861 1610 3862 1611 3863 1612 3864 1613 3865 1606 3858 1614 3866 1615 3867 1616 3868 1617 3869 1614 3870 1618 3871 1619 3872 1620 3873 1620 3874 1621 3875 1622 3876 1623 3877 1624 3878 1597 3879 1625 3880 1626 3880 1627 3880 1603 3855 1628 3881 1627 3882 1604 3856 1629 3883 1602 3854 1630 3884 1618 3885 1629 3883 1631 3886 1632 3887 1633 3888 1634 3889 1635 3889 1636 3889 1637 3890 1638 3891 1639 3892 1640 3893 1641 3893 1642 3893 1643 3894 1644 3894 1645 3894 1646 3895 1643 3895 1645 3895 1647 3896 1648 3897 1649 3898 1595 3899 1611 3900 1650 3901 1651 3902 1652 3903 1601 3904 1653 3905 1654 3905 1655 3905 1656 3906 1657 3907 1642 3908 1658 3909 1643 3909 1616 3909 1659 3910 1652 3911 1651 3912 1660 3913 1661 3913 1662 3913 1663 3914 1662 3915 1661 3916 1664 3917 1613 3917 1665 3917 1626 3918 1666 3918 1667 3918 1668 3919 1626 3919 1609 3919 1669 3920 1670 3920 1671 3920 1672 3921 1673 3921 1674 3921 1675 3922 1676 3922 1659 3922 1611 3923 1677 3924 1594 3925 1671 3926 1678 3927 1679 3928 1679 3928 1680 3929 1681 3930 1681 3931 1674 3932 1682 3933 1601 3934 1682 3935 1673 3936 1599 3851 1683 3937 1600 3852 1611 3900 1613 3938 1650 3901 1683 3939 1669 3940 1600 3941 1599 3942 1669 3942 1671 3942 1609 3943 1626 3944 1625 3945 1634 3946 1684 3946 1663 3946 1632 3947 1634 3947 1685 3947 1686 3948 1687 3949 1688 3950 1689 3951 1690 3951 1686 3951 1691 3952 1692 3952 1658 3952 1693 3953 1694 3954 1635 3955 1658 3956 1646 3956 1695 3956 1696 3957 1697 3958 1698 3959 1699 3960 1663 3961 1649 3962 1633 3888 1700 3963 1653 3964 1661 3965 1691 3965 1697 3965 1701 3966 1702 3966 1646 3966 1693 3967 1685 3968 1634 3969 1666 3970 1593 3971 1627 3972 1701 3973 1686 3973 1688 3973 1690 3974 1701 3975 1688 3976 1626 3977 1608 3977 1627 3977 1703 3978 1650 3979 1612 3980 1704 3981 1705 3981 1706 3981 1707 3982 1604 3983 1708 3984 1709 3985 1630 3986 1710 3987 1629 3883 1604 3856 1630 3884 1711 3988 1620 3989 1712 3990 1713 3991 1622 3992 1714 3993 1715 3994 1662 3994 1647 3994 1716 3995 1717 3996 1718 3997 1716 3998 1596 3999 1717 4000 1695 4001 1643 4001 1658 4001 1719 4002 1603 4002 1703 4002 1720 4003 1604 4003 1721 4003 1708 4004 1604 4004 1722 4004 1722 4005 1630 4005 1707 4005 1723 4006 1618 4007 1709 4008 1724 4009 1619 4009 1725 4009 1726 4010 1621 4011 1711 4012 1727 4013 1623 4013 1713 4013 1728 4014 1718 4014 1596 4014 1703 4015 1721 4016 1729 4017 1721 4018 1707 4018 1708 4018 1627 3882 1650 4019 1603 3855 1721 4020 1603 4021 1729 4022 1618 4023 1730 4024 1619 4025 1624 3878 1623 3877 1731 4026 1636 4027 1657 3907 1656 3906 1732 4028 1733 4028 1734 4028 1631 4029 1693 4030 1635 4031 1725 4032 1730 4024 1735 4033 1736 4034 1688 4034 1689 4034 1701 4035 1689 4035 1686 4035 1701 4036 1614 4037 1606 4038 1715 4039 1648 4040 1733 4041 1737 4042 1646 4043 1736 4044 1644 4045 1616 4046 1645 4047 1616 4048 1695 4049 1738 4050 1617 4051 1661 4052 1614 4053 1739 4054 1687 4054 1606 4054 1737 4055 1734 4055 1702 4055 1640 4056 1687 4057 1607 4058 1740 4059 1661 4059 1700 4059 1661 4060 1741 4060 1700 4060 1593 4061 1595 4062 1627 3882 1615 4063 1663 4064 1733 4065 1645 4066 1695 4066 1646 4066 1656 4067 1642 4067 1607 4067 1642 4068 1641 4068 1607 4068 1640 4069 1657 4070 1687 3949 1657 4070 1689 4071 1687 3949 1689 4072 1738 4073 1645 4074 1689 4072 1645 4074 1690 4075 1645 4047 1616 4046 1690 4076 1642 4077 1657 4070 1640 4069 1658 4078 1616 4078 1738 4078 1742 4079 1743 4080 1615 3867 1643 4081 1646 4081 1616 4081 1661 4082 1740 4082 1744 4082 1740 4083 1655 4083 1744 4083 1742 4084 1655 4084 1654 4084 1679 3928 1678 3927 1599 4085 1740 4086 1692 4086 1697 4086 1661 4087 1696 3957 1698 3959 1700 4088 1655 4088 1742 4088 1596 4089 1718 4089 1597 4089 1601 4090 1673 4090 1599 4090 1625 4091 1627 4092 1601 4093 1600 4094 1625 4091 1601 4093 1658 4095 1633 4096 1655 4097 1633 4096 1653 4098 1655 4097 1594 3848 1677 4099 1595 3849 1682 3935 1674 4100 1673 3936 1745 4101 1687 4102 1736 4103 1602 3854 1628 3881 1603 3855 1705 4104 1687 4057 1706 4105 1687 4106 1605 4106 1706 4106 1661 4107 1734 4108 1646 4109 1736 4110 1646 4109 1734 4108 1647 3896 1636 4111 1733 4112 1598 4113 1717 4113 1596 4113 1610 4114 1598 4115 1703 3978 1598 4115 1624 3878 1731 4026 1659 3910 1651 3912 1610 4116 1598 4115 1731 4026 1713 3991 1598 4115 1713 3991 1714 3993 1598 4115 1714 3993 1711 3988 1598 4115 1711 3988 1712 3990 1598 4115 1712 3990 1725 4032 1681 3930 1682 4117 1610 4118 1598 4115 1725 4032 1735 4033 1598 4115 1735 4033 1709 3985 1598 4115 1709 3985 1710 3987 1598 4115 1710 3987 1707 4119 1679 3928 1681 3930 1610 4118 1598 4115 1707 4119 1721 4120 1671 3926 1679 3928 1610 4118 1598 4115 1721 4120 1703 3978 1610 4114 1703 3978 1612 3980 1610 4121 1612 4121 1611 4121 1683 4122 1671 4123 1610 3862 1746 4124 1683 4122 1610 3862 1610 3862 1611 3923 1594 3925 1610 3862 1594 3925 1666 4125 1610 3862 1666 4125 1608 3860 1609 3861 1746 4124 1610 3862 1667 4126 1666 4127 1594 4128 1667 4126 1594 4128 1747 4129 1747 4130 1677 3924 1611 3923 1747 4130 1611 3923 1665 4131 1665 4132 1613 3865 1612 3864 1665 4132 1612 3864 1719 4133 1719 4134 1703 4015 1729 4017 1719 4134 1729 4017 1748 4135 1748 4136 1721 4137 1708 4138 1748 4136 1708 4138 1722 4139 1722 4140 1707 4141 1710 4142 1722 4140 1710 4142 1749 4143 1749 4144 1709 4145 1735 4146 1749 4144 1735 4146 1724 4147 1724 4148 1725 4149 1712 4150 1724 4148 1712 4150 1750 4151 1750 4152 1711 4153 1714 4154 1750 4152 1714 4154 1727 4155 1727 4156 1713 4157 1731 4158 1727 4156 1731 4158 1751 4159 1751 4159 1624 4160 1598 4161 1751 4159 1598 4161 1752 4162 1752 4163 1676 4163 1719 4163 1751 4159 1752 4162 1727 4156 1727 4164 1752 4164 1750 4164 1750 4165 1752 4165 1724 4165 1724 4166 1752 4166 1749 4166 1749 4167 1752 4167 1722 4167 1722 4168 1752 4168 1748 4168 1748 4169 1752 4169 1719 4169 1665 4170 1719 4170 1676 4170 1747 4171 1665 4171 1676 4171 1667 4172 1747 4172 1676 4172 1676 4173 1610 4173 1682 4173 1676 4174 1682 4174 1672 4174 1609 4175 1608 4176 1667 4177 1668 4178 1609 4175 1667 4177 1668 4179 1667 4179 1676 4179 1672 4180 1674 3932 1681 3931 1672 4181 1681 4181 1676 4181 1683 4182 1746 4183 1668 4184 1670 4185 1683 4182 1668 4184 1670 4186 1668 4186 1676 4186 1676 4187 1680 4187 1679 4187 1676 4188 1679 4188 1753 4188 1678 4189 1671 4190 1670 4191 1753 4192 1678 4189 1670 4191 1753 4193 1670 4193 1676 4193 1676 4194 1752 4195 1652 4196 1716 4197 1652 4196 1752 4195 1688 3950 1687 3949 1689 4071 1614 3866 1661 4198 1615 3867 1615 3867 1733 4199 1606 3858 1720 4200 1603 4200 1719 4200 1719 4201 1650 4201 1664 4201 1664 4202 1595 4202 1747 4202 1747 4203 1593 4204 1626 4205 1625 4206 1600 4207 1669 4208 1668 4209 1625 4206 1669 4208 1669 4210 1599 4085 1678 3927 1669 4211 1678 4211 1753 4211 1753 4212 1599 4212 1680 4212 1753 4213 1680 4213 1754 4213 1754 4214 1599 4215 1673 4216 1754 4214 1673 4216 1672 4217 1672 4218 1601 4218 1610 4218 1672 4219 1610 4219 1675 4219 1716 3995 1718 3997 1728 4220 1601 3904 1652 3903 1675 4221 1652 4222 1716 4222 1664 4222 1675 4221 1652 3903 1672 4223 1672 4224 1652 4224 1754 4224 1754 4225 1652 4225 1753 4225 1753 4226 1652 4226 1669 4226 1669 4208 1652 4227 1668 4209 1668 4228 1652 4228 1626 4228 1626 4205 1652 4229 1747 4203 1747 4230 1652 4230 1664 4230 1719 4231 1664 4231 1716 4231 1720 4232 1719 4232 1716 4232 1728 4233 1597 4234 1624 4235 1722 4236 1604 4236 1720 4236 1722 4237 1720 4237 1716 4237 1728 4220 1623 4238 1727 4239 1723 4240 1630 4240 1722 4240 1716 3995 1728 4220 1727 4239 1723 4241 1722 4241 1716 4241 1727 4242 1622 3876 1621 3875 1727 4242 1621 3875 1726 4243 1730 4244 1618 4245 1723 4246 1724 4247 1730 4244 1723 4246 1716 4248 1727 4248 1726 4248 1724 4249 1723 4249 1716 4249 1724 4250 1716 4250 1726 4250 1619 3872 1724 4251 1726 4252 1619 3872 1726 4252 1620 3873 1717 4253 1657 4254 1718 4255 1633 4256 1651 4256 1601 4256 1601 4257 1718 4257 1657 4257 1601 4258 1657 4258 1633 4258 1636 4027 1694 4259 1657 3907 1633 3888 1657 3907 1631 3886 1657 3907 1694 4259 1631 3886 1684 4260 1700 3963 1633 3888 1684 4260 1633 3888 1632 3887 1684 4260 1634 4261 1700 3963 1634 4262 1632 3887 1631 3886 1634 4262 1631 3886 1635 4263 1635 4264 1694 4259 1636 4027 1636 4265 1700 4265 1634 4265 1755 4266 1638 4267 1637 4268 1755 4266 1637 4268 1756 4269 1700 4270 1636 4271 1755 4272 1700 4270 1755 4272 1756 4273 1638 3891 1757 4274 1639 3892 1639 4275 1756 4269 1637 4268 1700 4270 1756 4273 1758 4276 1744 4277 1700 4270 1758 4276 1658 4278 1744 4279 1646 4280 1646 4281 1702 4281 1617 4281 1617 3869 1616 3868 1646 4282 1616 4283 1614 4283 1702 4283 1745 4101 1744 4284 1639 4285 1745 4286 1757 4287 1755 4288 1745 4289 1755 4289 1687 4289 1660 4290 1647 3896 1649 3898 1663 4291 1660 4290 1649 3898 1647 3896 1733 4112 1648 3897 1660 4292 1662 4293 1699 4294 1647 4295 1660 4296 1759 4297 1699 3960 1715 4039 1647 4295 1647 4295 1759 4297 1699 3960 1657 4298 1658 4298 1738 4298 1689 4071 1657 4070 1738 4299 1660 4290 1663 4291 1741 4300 1743 4301 1653 4301 1700 4301 1743 4302 1700 4303 1615 4063 1663 4064 1615 4063 1700 4303 1733 4065 1663 4064 1685 4304 1656 4305 1733 4305 1636 4305 1733 4065 1685 4304 1760 4306 1663 4307 1700 4307 1741 4307 1659 3910 1676 4308 1652 3911 1699 4309 1649 4309 1761 4309 1699 4310 1761 4310 1660 4310 1661 4311 1646 4311 1758 4311 1661 3916 1758 4312 1663 3914 1650 4313 1613 4313 1664 4313 1595 4314 1664 4314 1611 4314 1664 4315 1665 4315 1611 4315 1595 4316 1677 4316 1747 4316 1593 4317 1747 4317 1594 4317 1593 4318 1666 4318 1626 4318 1626 4319 1667 4319 1608 4319 1746 4320 1625 4320 1668 4320 1670 4321 1669 3940 1683 3939 1599 4322 1753 4322 1679 4322 1676 4323 1754 4323 1680 4323 1599 4324 1754 4325 1681 4326 1754 4325 1676 4327 1681 4326 1682 4328 1601 4328 1672 4328 1676 4329 1675 4329 1610 4329 1659 4330 1601 4331 1675 4332 1625 3945 1746 4333 1609 3943 1599 3851 1671 4334 1683 3937 1639 4335 1758 4335 1646 4335 1646 4280 1744 4279 1756 4336 1744 4284 1745 4101 1756 4337 1745 4101 1736 4103 1638 4338 1756 4337 1745 4101 1638 4338 1756 4339 1639 4339 1646 4339 1638 4340 1736 4341 1757 4342 1736 4341 1755 4343 1757 4342 1663 4344 1758 4345 1634 3969 1758 4345 1756 4346 1634 3969 1693 3967 1634 3969 1756 4346 1638 4347 1755 4348 1693 3967 1755 4348 1733 4349 1693 3967 1693 3967 1756 4346 1638 4347 1663 4064 1684 4350 1685 4304 1685 4304 1684 4350 1632 4351 1696 3957 1742 4352 1697 3958 1686 4353 1690 4353 1687 4353 1691 4354 1698 4354 1692 4354 1693 3953 1733 4355 1694 3954 1606 4356 1687 4356 1734 4356 1627 3972 1608 4357 1666 3970 1733 4199 1607 3859 1606 3858 1601 4331 1659 4330 1610 4358 1658 4359 1655 4359 1740 4359 1699 3960 1759 4297 1663 3961 1690 3974 1616 4360 1701 3975 1627 4361 1718 4361 1601 4361 1698 4362 1697 4362 1692 4362 1701 4363 1616 4363 1702 4363 1687 4102 1690 4364 1736 4103 1693 4365 1760 4306 1685 4304 1703 3978 1603 4366 1650 3979 1639 4367 1757 4287 1745 4286 1647 4368 1734 4369 1636 4370 1641 4371 1640 4371 1762 4371 1641 4372 1762 4372 1607 4372 1605 4373 1607 4374 1706 4375 1704 4376 1739 4376 1705 4376 1687 4377 1739 4377 1605 4377 1739 4378 1704 4378 1605 4378 1704 4379 1706 4375 1606 4380 1706 4375 1739 4381 1606 4380 1636 4382 1763 4383 1687 4384 1636 4385 1687 4385 1755 4385 1762 4386 1763 4383 1636 4382 1707 3982 1630 4387 1604 3983 1640 4388 1763 4383 1762 4386 1709 3985 1618 4389 1630 3986 1706 4375 1607 4374 1739 4381 1711 3988 1621 4390 1620 3989 1718 4391 1627 4391 1628 4391 1623 3877 1597 3879 1718 4392 1718 4393 1628 4393 1602 4393 1718 4394 1602 4394 1629 4394 1622 4395 1623 4395 1718 4395 1718 4396 1629 4397 1618 4398 1620 4399 1622 4400 1718 4396 1618 4398 1620 4399 1718 4396 1713 3991 1623 4401 1622 3992 1647 4402 1662 4402 1732 4402 1606 3858 1605 3857 1704 4403 1716 3998 1752 4404 1596 3999 1646 4043 1737 4042 1614 4405 1614 4037 1701 4036 1646 4406 1656 4407 1607 3859 1733 4199 1744 4277 1655 4408 1700 4270 1701 4409 1606 4409 1736 4409 1606 4410 1737 4042 1736 4044 1658 4095 1657 4411 1598 4412 1658 4095 1598 4412 1610 4413 1610 4413 1651 4414 1658 4095 1651 4414 1633 4096 1658 4095 1717 4253 1598 4415 1657 4254 1758 4416 1639 4416 1744 4416 1595 4062 1650 4019 1627 3882 1691 4417 1658 4417 1697 4417 1658 4418 1740 4418 1697 4418 1695 4419 1644 4419 1643 4419 1661 4420 1744 4420 1658 4420 1661 4421 1660 4421 1741 4421 1612 4422 1650 4422 1719 4422 1603 4423 1720 4423 1729 4423 1720 4424 1748 4424 1729 4424 1748 4425 1720 4425 1721 4425 1630 4426 1723 4426 1710 4426 1723 4427 1749 4427 1710 4427 1749 4428 1723 4006 1709 4008 1730 4429 1724 4429 1735 4429 1620 4430 1726 4431 1712 4432 1726 4431 1750 4433 1712 4432 1750 4434 1726 4010 1711 4012 1648 4435 1699 4435 1764 4435 1662 4293 1764 4436 1699 4294 1622 4437 1727 4437 1714 4437 1623 4438 1728 4438 1731 4438 1728 4439 1751 4439 1731 4439 1751 4440 1728 4233 1624 4235 1597 4441 1728 4441 1598 4441 1728 4442 1752 4442 1598 4442 1752 4443 1728 4443 1596 4443 1721 4020 1604 4444 1603 4021 1736 4445 1690 4445 1688 4445 1736 4446 1734 4447 1755 4448 1755 4448 1734 4447 1733 4449 1760 4450 1631 4451 1694 4452 1760 4450 1694 4452 1733 4453 1631 4029 1760 4454 1693 4030 1725 4032 1619 4025 1730 4024 1701 4455 1736 4455 1689 4455 1698 3959 1691 4456 1661 4087 1715 4457 1733 4458 1764 4459 1715 4457 1764 4459 1662 4460 1715 4039 1699 3960 1648 4040 1647 4368 1732 4461 1734 4369 1734 4462 1607 4463 1636 4464 1607 4463 1762 4465 1636 4464 1607 4466 1734 4467 1763 4468 1734 4467 1687 4469 1763 4468 1761 4470 1663 4470 1759 4470 1660 4471 1761 4471 1759 4471 1738 4073 1695 4472 1645 4074 1742 4473 1654 4474 1653 4475 1653 4475 1743 4476 1742 4473 1681 4477 1680 4477 1599 4477 1616 4048 1644 4478 1695 4049 1617 4051 1702 4479 1661 4052 1734 4480 1737 4480 1606 4480 1663 4481 1761 4482 1662 4483 1761 4482 1649 4484 1648 4485 1761 4482 1648 4485 1764 4486 1761 4482 1764 4486 1732 4487 1662 4483 1761 4482 1732 4487 1764 4486 1733 4488 1732 4487 1734 4489 1661 4489 1702 4489 1702 4490 1614 4490 1737 4490 1607 4491 1763 4491 1640 4491 1742 4079 1615 3867 1661 4198 1687 4057 1705 4104 1607 4058 1705 4104 1739 4492 1607 4058 1740 4493 1742 4494 1696 4495 1692 4496 1740 4493 1696 4495 1740 4497 1700 4497 1742 4497 1658 4498 1692 4498 1696 4498 1696 4499 1661 4499 1658 4499 1742 4500 1661 4500 1697 4500 1973 4782 1974 4783 1975 4784 1976 4785 1977 4785 1978 4785 1979 4786 1980 4787 1973 4788 1981 4789 1982 4789 1983 4789 1984 4790 1985 4790 1986 4790 1987 4791 1988 4792 1974 4793 1989 4794 1990 4795 1991 4796 1992 4797 1993 4798 1994 4799 1995 4800 1996 4801 1997 4802 1998 4803 1999 4804 2000 4805 2001 4806 2002 4806 2003 4806 2004 4807 2005 4808 2006 4809 1989 4810 1979 4810 1988 4810 1981 4811 2007 4811 1982 4811 2008 4812 1991 4813 2009 4814 2010 4815 2011 4815 2012 4815 2013 4816 2002 4817 2014 4818 2015 4819 2013 4820 2016 4821 1975 4784 1979 4822 2017 4823 1975 4824 1988 4824 1973 4824 2004 4825 2015 4826 2003 4827 2018 4828 2019 4829 2020 4830 2021 4831 2020 4832 1979 4833 2003 4834 1976 4834 2022 4834 2023 4835 2024 4836 2025 4837 1977 4838 2026 4839 1978 4840 2027 4841 1998 4841 2028 4841 1976 4842 2029 4843 2030 4844 2031 4845 2032 4845 2033 4845 2034 4846 2035 4846 2036 4846 2037 4847 2032 4847 2031 4847 2012 4848 2035 4848 2034 4848 2038 4849 2039 4849 2040 4849 2041 4850 2042 4850 2005 4850 2016 4851 2014 4852 2006 4853 2009 4782 2017 4854 2008 4855 2043 4856 2044 4857 2032 4858 1973 4782 1987 4859 1974 4783 2043 4860 2033 4860 2044 4860 1976 4861 2045 4861 1977 4861 2020 4862 1980 4863 2046 4864 2020 4862 2046 4864 1979 4865 2046 4864 2047 4866 1979 4865 1979 4865 2047 4866 2003 4867 2003 4867 2047 4866 2004 4868 2048 4869 2004 4868 2047 4866 2048 4869 2047 4866 2015 4870 2049 4871 1979 4872 1991 4873 2009 4874 1991 4874 1979 4874 1988 4875 1991 4876 1990 4877 1973 4878 1988 4875 1990 4877 1990 4879 2009 4880 1979 4786 1973 4788 1990 4879 1979 4786 1980 4787 1987 4881 1973 4788 2022 4882 2050 4883 2051 4884 2050 4883 1985 4885 2051 4884 2048 4886 2022 4882 2051 4884 2004 4887 2048 4886 2052 4888 2051 4884 2052 4888 2048 4886 1985 4885 2053 4889 2051 4884 1984 4890 2004 4887 1985 4885 1989 4794 2017 4891 1990 4795 1992 4797 2054 4892 1993 4798 1993 4798 2054 4892 1979 4893 2018 4828 2055 4894 2056 4895 2055 4894 2057 4896 2056 4895 2057 4896 1980 4897 2056 4895 1980 4897 2020 4830 2056 4895 2056 4895 2020 4830 2049 4898 2056 4895 2019 4829 2018 4828 1981 4899 2003 4900 2038 4901 2038 4901 2040 4902 1981 4899 1981 4903 2040 4903 2058 4903 2028 4904 1998 4803 1981 4905 1981 4905 2058 4906 2028 4904 2028 4904 2058 4906 2059 4907 2058 4906 2060 4908 2035 4909 2059 4907 2058 4906 2035 4909 2035 4909 2011 4910 2059 4907 2059 4907 2011 4910 1996 4801 2011 4910 2036 4911 1996 4801 2028 4904 2059 4907 2000 4805 1999 4804 2028 4904 2000 4805 1993 4798 2000 4805 1994 4799 2032 4912 2000 4805 2059 4907 2000 4805 2032 4912 1994 4799 2032 4912 2044 4913 2061 4914 2044 4913 1992 4915 2061 4914 2061 4914 1994 4799 2032 4912 2012 4916 2011 4916 2035 4916 2033 4917 2032 4912 2059 4907 2059 4907 1995 4800 2033 4917 1996 4801 2036 4911 2040 4918 2044 4913 2033 4917 1995 4800 2044 4913 1995 4800 1997 4802 2036 4911 2035 4909 2060 4908 2036 4911 2060 4908 2040 4918 2040 4918 1997 4802 1996 4801 1997 4802 1992 4915 2044 4913 1981 4905 1998 4803 2000 4805 1984 4919 1986 4920 2053 4921 2022 4922 2048 4923 2002 4924 2002 4924 2048 4923 2014 4925 1986 4920 2062 4926 2051 4927 2051 4928 2004 4929 1984 4919 2052 4930 2051 4928 1984 4919 2062 4931 2022 4931 2042 4931 2022 4922 2002 4924 2042 4932 2053 4921 2052 4930 1984 4919 1986 4920 2051 4927 2053 4921 2001 4933 2041 48 2016 4934 2001 4933 2016 4934 2002 4935 2039 4936 2063 4936 1979 4936 2062 4937 2039 4937 2003 4937 2046 4938 1976 4842 2030 4844 2004 4939 2051 4927 2062 4926 2062 4940 2005 4808 2004 4807 2014 4941 2048 4942 2015 4826 2042 4932 2002 4924 2006 4809 2006 4943 2014 4941 2015 4826 2005 4808 2042 4932 2006 4809 2006 4943 2015 4826 2004 4825 1989 4944 2008 4812 1979 4945 1976 4946 1974 4793 1988 4792 1979 4947 1976 4947 1988 4947 2064 4948 2065 4949 2045 4950 2066 4951 2045 4950 2065 4949 1981 4952 2000 4952 2007 4952 2007 4953 1992 4954 1994 4955 1982 4956 2007 4957 1999 4958 1998 4959 2027 4960 1982 4956 1999 4958 1998 4959 1982 4956 1999 4958 2007 4957 2027 4960 2007 4961 1994 4961 2061 4961 2007 4957 2061 4962 2037 4963 2027 4960 2007 4957 2059 4964 2007 4957 2037 4963 2059 4964 2061 4962 2043 4965 2037 4963 2037 4963 2031 4966 2059 4964 2031 4966 2043 4965 1995 4967 1995 4967 2059 4964 2031 4966 2023 4968 2025 4969 2067 4970 2021 4971 1979 4971 2019 4971 2063 4972 2021 4973 2056 4974 1987 4975 1980 4975 1988 4975 1980 4976 2057 4977 1988 4875 2057 4978 2063 4978 1991 4978 1988 4875 2057 4977 1991 4876 2049 4871 2019 4979 1979 4872 1991 4873 2063 4972 2056 4974 2056 4974 2049 4871 1991 4873 2056 4974 2021 4973 2019 4980 2040 4981 2060 4982 2034 4983 2034 4983 2003 4867 2040 4981 1983 4984 2058 4984 2040 4984 2003 4867 1983 4985 2040 4981 1992 4986 1997 4986 2039 4986 2008 4812 1989 4944 1991 4813 2047 4866 2046 4864 2015 4870 2068 4987 2067 4988 2024 4836 2037 4989 2043 4856 2032 4858 1976 4990 2003 4990 2002 4990 2005 4991 2001 4991 2003 4991 2041 4992 2005 4992 2003 4992 2015 4993 1976 4994 2002 4817 2015 4993 2002 4817 2013 4816 2041 4995 2003 4996 2016 4821 2003 4996 2015 4819 2016 4821 1974 4793 1976 4946 1980 4997 2017 4998 1989 4999 1988 5000 1979 4822 2008 5001 2017 4823 1974 4783 1980 5002 1975 4784 1980 5002 1979 4822 1975 4784 2017 4998 1988 5000 1975 5003 1976 5004 2015 5004 2068 5004 2068 5005 2045 5005 1976 5005 2046 5006 1980 5006 1976 5006 2053 4889 1985 4885 2004 4887 2004 4887 2052 4888 2053 4889 2019 4829 2049 4898 2020 4830 2021 4831 2018 5007 2020 4832 2063 5008 2057 5008 1979 5008 2057 5009 1976 5009 1979 5009 2039 5010 2062 5011 2050 5012 2050 5012 2022 5013 2039 5010 2022 5013 1976 5014 2039 5010 2057 5015 2055 5016 2039 5010 2063 5017 2039 5010 2055 5016 2057 5015 2039 5010 1976 5014 2022 5018 2062 5018 2003 5018 2030 5019 2029 5020 2069 5021 2070 5022 2069 5021 2029 5020 2069 5021 2025 5023 2030 5019 2029 5020 1977 5024 2067 4970 2045 4950 2066 4951 1977 5024 2025 5023 2070 5022 2068 5025 2070 5022 2029 5020 2068 5025 2046 4864 2030 5019 2025 5023 2045 4950 2068 5026 2064 4948 2064 4948 2068 5026 2023 4968 2046 4864 2025 5023 2068 5025 2067 4970 2068 5025 2029 5020 2066 4951 2023 4968 1977 5024 2066 4951 2064 4948 2023 4968 2067 4970 1977 5024 2023 4968 2007 5027 1993 5027 1979 5027 1981 5028 1983 5028 2003 5028 2023 4968 2068 5026 2024 5029 2039 5030 1997 5030 2040 5030 1977 4838 2029 5031 2026 4839 1985 5032 2050 5033 2062 5034 2062 5034 1986 5035 1985 5032 2055 5036 2018 5037 2063 5038 2018 5037 2021 5039 2063 5038 2010 5040 2036 5040 2011 5040 2027 5041 2028 5041 1999 5041 2010 5042 2034 5042 2036 5042 1976 5043 2026 5043 2029 5043 2043 5044 2031 5044 2033 5044 2000 5045 1993 5045 2007 5045 2039 5046 2054 5047 1992 5048 1979 5049 2054 5047 2039 5046 1976 5050 1978 5051 2066 5052 2025 5053 1976 5054 2064 5055 1976 5050 2066 5052 2065 5056 2067 5057 2025 5058 2064 5059 1976 5054 2065 5060 2064 5055 2067 5057 2064 5059 2066 5061 2067 5057 2066 5061 1978 5062 1978 5062 2026 5063 2067 5057 2067 4988 2026 5064 2024 4836 2026 5065 1976 5065 2069 5065 1976 5054 2025 5053 2069 5066 2026 5064 2069 5067 2070 5068 2024 4836 2026 5064 2070 5068 2025 4837 2024 4836 2070 5068 2062 4940 2001 5069 2005 4808 2062 5070 2042 5070 2001 5070 2041 5071 2001 5071 2042 5071 2002 5072 2016 5072 2006 5072 2046 4864 2068 5025 2015 4870 2016 4851 2013 5073 2014 4852 2038 5074 2003 5074 2039 5074 2009 4782 1990 4859 2017 4854 1983 5075 1982 4956 2060 4982 1983 5075 2060 4982 2058 5076 2027 4960 2059 4964 1982 4956 1982 4956 2059 4964 2012 5077 1995 4967 2043 4965 1979 4865 2043 4965 2061 4962 1979 4865 2061 4962 1992 4954 1979 4865 2003 4867 2034 4983 1996 5078 2034 4983 2010 5079 1996 5078 1992 4954 2007 4953 1979 4865 1995 4967 1979 4865 2003 4867 1996 5078 1995 4967 2003 4867 2059 4964 1996 5078 2010 5079 2060 4982 1982 4956 2012 5077 2059 4964 2010 5079 2012 5077 2012 5077 2034 4983 2060 4982 2071 5080 2072 5081 2073 5082 2074 5083 2075 5083 2076 5083 2077 5084 2078 5085 2079 5086 2080 5087 2081 5088 2082 5089 2083 5090 2084 5090 2085 5090 2079 5091 2086 5092 2087 5093 2072 5094 2088 5095 2089 5096 2090 5097 2091 5098 2092 5099 2072 5100 2093 5101 2094 5102 2095 5103 2096 5103 2097 5103 2095 5104 2098 5105 2096 5106 2099 5107 2100 5107 2101 5107 2074 5108 2101 5109 2100 5110 2074 5111 2100 5112 2102 5113 2075 5114 2074 5111 2102 5113 2074 5108 2076 5115 2101 5109 2086 5116 2094 5117 2103 5118 2104 5119 2086 5092 2080 5120 2084 5121 2104 5122 2085 5123 2084 5121 2093 5124 2104 5122 2080 5087 2086 5125 2081 5088 2071 5080 2105 5126 2072 5081 2082 5127 2081 5128 2103 5118 2077 5084 2098 5129 2078 5085 2091 5130 2072 5100 2078 5131 2072 5100 2094 5102 2078 5131 2092 5132 2091 5130 2100 5133 2105 5134 2086 5092 2104 5119 2086 5135 2078 5131 2094 5102 2100 5133 2091 5130 2102 5136 2091 5130 2078 5131 2102 5136 2098 5129 2092 5137 2099 5138 2078 5131 2098 5139 2102 5136 2079 5091 2078 5140 2086 5092 2083 5141 2094 5142 2084 5143 2077 5144 2079 5144 2087 5144 2084 5143 2094 5142 2093 5145 2091 5146 2106 5146 2107 5146 2073 5147 2072 5094 2089 5096 2107 5148 2106 5149 2089 5096 2106 5149 2073 5147 2089 5096 2088 5095 2107 5148 2089 5096 2090 5097 2106 5150 2091 5098 2087 5093 2086 5092 2105 5134 2090 5151 2092 5137 2077 5084 2092 5137 2098 5129 2077 5084 2087 5093 2105 5134 2071 5152 2077 5084 2087 5093 2090 5151 2087 5093 2071 5152 2090 5151 2072 5100 2105 5153 2093 5101 2105 5153 2104 5154 2093 5101 2095 5104 2102 5155 2098 5105 2100 5133 2099 5156 2092 5132 2091 5157 2107 5148 2088 5095 2091 5157 2088 5095 2072 5094 2081 5128 2086 5116 2103 5118 2096 5158 2098 5129 2099 5138 2097 5159 2096 5159 2099 5159 2090 5160 2071 5161 2106 5162 2073 5163 2106 5162 2071 5161 2102 5164 2095 5165 2099 5166 2099 5166 2095 5165 2097 5167 2076 5168 2075 5169 2101 5170 2075 5169 2102 5171 2101 5170 2101 5170 2102 5171 2099 5172 2085 5173 2104 5174 2083 5175 2094 5176 2083 5175 2104 5174 2104 5177 2080 5178 2103 5179 2080 5178 2082 5180 2103 5179 2104 5177 2103 5179 2094 5181 2137 5275 2138 5275 2139 5275 2140 5276 2141 5277 2142 5278 2142 5278 2143 5279 2140 5276 2137 5280 2144 5280 2140 5280 2145 5281 2141 5282 2146 5283 2137 5284 2147 5285 2144 5286 2145 5287 2140 5287 2148 5287 2148 5288 2141 5282 2145 5281 2140 5289 2146 5289 2141 5289 2142 5278 2149 5290 2143 5279 2146 5291 2140 5291 2145 5291 2144 5292 2148 5292 2140 5292 2137 5293 2140 5293 2143 5293 2148 5294 2144 5295 2149 5296 2149 5296 2142 5297 2148 5294 2148 5294 2142 5297 2141 5298 2138 5299 2147 5299 2139 5299 2137 5300 2143 5301 2138 5302 2149 5303 2144 5303 2147 5303 2143 5301 2149 5304 2138 5302 2147 5305 2138 5302 2149 5304 2137 5284 2139 5306 2147 5285 2166 5367 2167 5368 2168 5369 2169 5370 2170 5371 2171 5372 2171 5372 2172 5373 2169 5370 2173 5374 2172 5375 2174 5376 2175 5377 2176 5378 2177 5379 2175 5377 2177 5379 2178 5380 2179 5381 2180 5382 2181 5383 2179 5384 2181 5384 2172 5384 2182 5385 2183 5385 2184 5385 2185 5386 2186 5387 2187 5388 2186 5389 2188 5390 2189 5391 2173 5374 2174 5376 2190 5392 2167 5368 2185 5386 2168 5369 2191 5393 2183 5394 2192 5395 2192 5396 2182 5397 2193 5398 2170 5399 2194 5399 2171 5399 2195 5400 2196 5401 2197 5402 2193 5403 2198 5404 2197 5402 2199 5405 2193 5406 2196 5407 2196 5407 2195 5408 2199 5405 2182 5397 2200 5409 2193 5398 2175 5377 2178 5380 2198 5410 2187 5411 2201 5412 2202 5413 2188 5414 2182 5415 2184 5416 2194 5417 2180 5417 2171 5417 2202 5418 2166 5367 2168 5369 2166 5419 2202 5420 2188 5421 2201 5422 2188 5421 2202 5420 2186 5389 2166 5423 2188 5390 2166 5424 2186 5387 2167 5368 2187 5388 2202 5418 2168 5369 2168 5369 2185 5386 2187 5388 2185 5386 2167 5368 2186 5387 2191 5393 2184 5425 2183 5394 2192 5396 2183 5426 2182 5397 2174 5427 2172 5428 2181 5429 2186 5430 2189 5430 2171 5430 2187 5431 2186 5432 2192 5433 2200 5434 2187 5411 2175 5435 2175 5436 2198 5436 2200 5436 2172 5437 2171 5438 2189 5439 2186 5440 2171 5440 2180 5440 2175 5441 2187 5441 2199 5441 2193 5442 2200 5442 2198 5442 2180 5382 2179 5381 2186 5443 2186 5432 2179 5444 2192 5433 2179 5444 2172 5437 2191 5445 2179 5444 2191 5445 2192 5433 2187 5431 2192 5433 2193 5446 2199 5405 2187 5447 2193 5406 2189 5439 2191 5445 2172 5437 2190 5448 2174 5427 2181 5429 2196 5401 2193 5403 2197 5402 2187 5411 2200 5434 2201 5412 2191 5449 2189 5450 2184 5416 2189 5450 2188 5414 2184 5416 2201 5451 2200 5452 2182 5415 2188 5414 2201 5451 2182 5415 2176 5453 2175 5453 2199 5453 2180 5454 2172 5454 2173 5454 2181 5455 2180 5456 2173 5457 2181 5455 2173 5457 2190 5458 2199 5459 2198 5460 2178 5461 2199 5459 2178 5461 2177 5462 2199 5459 2177 5462 2176 5463 2198 5464 2199 5465 2197 5466 2199 5465 2195 5467 2197 5466 2194 5468 2170 5469 2180 5470 2180 5470 2170 5469 2169 5471 2180 5470 2169 5471 2172 5472</p>
        </triangles>
        <triangles material="scout_b01424" count="330">
          <input semantic="VERTEX" source="#vertices" offset="0" />
          <input semantic="NORMAL" source="#normals" offset="1" />
          <p>393 1018 394 1019 395 1020 396 1021 395 1022 394 1023 397 1024 394 1025 398 1026 399 1027 397 1028 400 1029 399 1030 393 1031 395 1032 400 1033 398 1034 393 1035 393 1018 398 1036 394 1019 396 1021 399 1037 395 1022 397 1024 396 1038 394 1025 399 1027 396 1039 397 1028 399 1030 400 1040 393 1031 400 1033 397 1041 398 1034 773 2213 774 2213 775 2213 776 2214 777 2215 778 2216 773 2217 775 2217 779 2217 780 2218 779 2218 781 2218 782 2219 783 2219 784 2219 782 2220 784 2221 785 2222 786 2223 782 2220 785 2222 786 2224 785 2224 787 2224 788 2225 789 2225 790 2225 788 2226 790 2226 791 2226 792 2227 791 2227 793 2227 794 2228 795 2228 796 2228 792 2229 793 2229 797 2229 798 2230 799 2230 800 2230 798 2231 800 2231 801 2231 802 2232 803 2232 804 2232 802 2233 804 2233 805 2233 806 2234 802 2234 805 2234 807 2235 808 2235 809 2235 810 2236 807 2237 811 2238 807 2237 809 2239 811 2238 810 2240 811 2240 812 2240 812 2241 813 2241 814 2241 815 2242 816 2242 817 2242 818 2243 819 2243 820 2243 818 2244 820 2244 821 2244 776 2214 778 2216 822 2245 778 2216 823 2246 822 2245 824 2247 825 2247 826 2247 823 2246 778 2216 827 2248 827 2248 778 2216 828 2249 828 2249 778 2216 829 2250 830 2251 831 2251 832 2251 830 2252 832 2252 833 2252 830 2253 833 2253 834 2253 835 2254 829 2254 778 2254 836 2255 834 2255 837 2255 838 2256 839 2256 840 2256 835 2257 778 2257 841 2257 842 2258 843 2258 844 2258 838 2259 840 2259 845 2259 846 2260 836 2260 847 2260 846 2261 847 2261 848 2261 842 2262 844 2262 849 2262 850 2263 851 2263 852 2263 850 2264 852 2264 853 2264 854 2265 855 2265 856 2265 854 2266 856 2266 857 2266 858 2267 857 2267 859 2267 858 2268 859 2268 860 2268 861 2269 817 2269 816 2269 862 2270 861 2270 863 2270 862 2271 863 2271 864 2271 865 2272 866 2272 867 2272 867 2273 868 2273 869 2273 870 2274 869 2274 868 2274 870 2275 868 2275 871 2275 871 2276 872 2276 873 2276 874 2277 875 2277 876 2277 877 2278 878 2278 879 2278 880 2279 877 2279 879 2279 874 2280 876 2280 881 2280 874 2281 881 2281 882 2281 883 2282 884 2282 885 2282 884 2283 886 2283 885 2283 887 2284 888 2284 889 2284 889 2285 888 2285 890 2285 891 2286 892 2286 893 2286 894 2287 895 2287 896 2287 894 2288 896 2288 897 2288 891 2289 893 2289 898 2289 899 2290 900 2290 901 2290 899 2291 901 2291 902 2291 903 2292 904 2292 905 2292 906 2293 907 2293 908 2293 909 2294 905 2294 904 2294 906 2295 908 2295 910 2295 911 2296 912 2296 913 2296 914 2297 915 2297 913 2297 1143 3153 1144 3154 1145 3155 1146 3156 1143 3153 1145 3155 1147 3157 1148 3157 1149 3157 1150 3158 1151 3158 1152 3158 1147 3159 1149 3159 1153 3159 1147 3160 1153 3160 1154 3160 1155 3161 1150 3161 1156 3161 1154 3162 1153 3162 1157 3162 1155 3163 1156 3163 1158 3163 1159 3164 1157 3164 1160 3164 1159 3165 1160 3165 1161 3165 1162 3166 1161 3166 1163 3166 1162 3167 1163 3167 1164 3167 1165 3168 1166 3168 1167 3168 1165 3169 1167 3169 1168 3169 1169 3170 1165 3170 1168 3170 1170 3171 1171 3171 1172 3171 1173 3172 1170 3173 1174 3174 1170 3173 1172 3175 1174 3174 1173 3176 1174 3176 1175 3176 1175 3177 1176 3177 1177 3177 1178 3178 1179 3178 1180 3178 1181 3179 1182 3179 1183 3179 1181 3180 1183 3180 1184 3180 1145 3155 1185 3181 1146 3156 1186 3182 1187 3182 1188 3182 1189 3183 1190 3183 1191 3183 1185 3181 1145 3155 1192 3184 1192 3184 1145 3155 1193 3185 1189 3186 1191 3186 1194 3186 1193 3185 1145 3155 1195 3187 1145 3188 1196 3188 1195 3188 1197 3189 1198 3189 1199 3189 1197 3190 1199 3190 1200 3190 1201 3191 1202 3191 1203 3191 1204 3192 1205 3192 1206 3192 1200 3193 1207 3193 1208 3193 1201 3194 1203 3194 1209 3194 1206 3195 1205 3195 1210 3195 1211 3196 1212 3196 1213 3196 1211 3197 1213 3197 1214 3197 1215 3198 1216 3198 1217 3198 1215 3199 1217 3199 1218 3199 1219 3200 1218 3200 1220 3200 1219 3201 1220 3201 1221 3201 1222 3202 1180 3202 1179 3202 1223 3203 1224 3203 1225 3203 1226 3204 1227 3204 1228 3204 1229 3205 1228 3205 1230 3205 1230 3206 1231 3206 1229 3206 1232 3207 1229 3207 1231 3207 1232 3208 1231 3208 1233 3208 1234 3209 1233 3209 1235 3209 1234 3210 1235 3210 1236 3210 1237 3211 1234 3211 1238 3211 1234 3212 1236 3212 1238 3212 1237 3213 1238 3213 1239 3213 1240 3214 1241 3214 1242 3214 1243 3215 1244 3215 1245 3215 1240 3216 1242 3216 1246 3216 1247 3217 1243 3217 1245 3217 1247 3218 1245 3218 1248 3218 1247 3219 1248 3219 1249 3219 1250 3220 1251 3220 1252 3220 1249 3221 1253 3221 1254 3221 1254 3222 1253 3222 1255 3222 1256 3223 1257 3223 1258 3223 1259 3224 1258 3224 1257 3224 1260 3225 1261 3225 1262 3225 1259 3226 1257 3226 1263 3226 1259 3227 1263 3227 1264 3227 1260 3228 1262 3228 1265 3228 1266 3229 1267 3229 1268 3229 1266 3230 1268 3230 1269 3230 1270 3231 1271 3231 1272 3231 1270 3232 1272 3232 1273 3232 1274 3233 1275 3233 1276 3233 1275 3234 1277 3234 1276 3234 1278 3235 1279 3235 1280 3235 1281 3236 1282 3236 1283 3236 1313 3346 1314 3347 1315 3348 1313 3346 1315 3348 1316 3349 1317 3350 1316 3349 1315 3348 1318 3351 1317 3350 1315 3348 1319 3352 1320 3353 1315 3348 1321 3354 1322 3354 1323 3354 1324 3355 1325 3355 1315 3355 1326 3356 1324 3357 1315 3348 1327 3358 1328 3358 1329 3358 1330 3359 1331 3359 1328 3359 1330 3360 1332 3360 1331 3360 1333 3361 1334 3361 1335 3361 1336 3362 1337 3362 1338 3362 1339 3363 1340 3363 1341 3363 1319 3352 1315 3348 1342 3364 1343 3365 1323 3365 1322 3365 1344 3366 1345 3366 1346 3366 1347 3367 1348 3368 1321 3369 1344 3370 1349 3370 1345 3370 1350 3371 1351 3371 1352 3371 1353 3372 1354 3373 1355 3374 1354 3373 1356 3375 1355 3374 1356 3375 1357 3376 1355 3374 1355 3374 1357 3376 1358 3377 1359 3378 1360 3378 1315 3378 1315 3379 1360 3379 1355 3379 1360 3380 1353 3372 1355 3374 1355 3374 1358 3377 1361 3381 1355 3374 1361 3381 1362 3382 1355 3374 1362 3382 1363 3383 1364 3384 1365 3384 1366 3384 1355 3385 1367 3385 1368 3385 1368 3386 1369 3386 1370 3386 1371 3387 1372 3387 1373 3387 1374 3388 1375 3388 1376 3388 1377 3389 1378 3389 1379 3389 1380 3390 1381 3390 1382 3390 1383 3391 1384 3391 1385 3391 1383 3392 1386 3392 1384 3392 1387 3393 1388 3393 1389 3393 1390 3394 1391 3394 1392 3394 1393 3395 1394 3395 1395 3395 1396 3396 1394 3396 1393 3396 1396 3397 1397 3397 1394 3397 1398 3398 1399 3398 1400 3398 1400 3399 1399 3399 1390 3399 1398 3400 1401 3400 1399 3400 1402 3401 1401 3401 1398 3401 1378 3402 1403 3402 1379 3402 1402 3403 1404 3403 1401 3403 1405 3404 1406 3404 1407 3404 1405 3405 1408 3405 1406 3405 1409 3406 1410 3406 1408 3406 1409 3407 1411 3407 1410 3407 1412 3408 1413 3408 1414 3408 1415 3409 1411 3409 1409 3409 1415 3410 1416 3410 1411 3410 1417 3411 1418 3411 1416 3411 1419 3412 1418 3412 1417 3412 1365 3413 1420 3413 1421 3413 1422 3414 1423 3414 1424 3414 1424 3415 1423 3415 1425 3415 1365 3416 1364 3416 1420 3416 1426 3417 1427 3417 1428 3417 1429 3418 1428 3418 1427 3418 1429 3419 1430 3419 1428 3419 1431 3420 1432 3420 1433 3420 1431 3421 1434 3421 1432 3421 1434 3422 1435 3422 1432 3422 1436 3423 1437 3423 1438 3423 1320 3353 1318 3351 1315 3348 1314 3347 1326 3356 1315 3348 1439 3424 1364 3424 1366 3424 1440 3425 1348 3425 1347 3425 1441 3426 1439 3426 1366 3426 1442 3427 1342 3364 1315 3348 1347 3367 1321 3369 1323 3428 1326 3356 1443 3429 1324 3357 1325 3430 1444 3430 1445 3430 1352 3431 1440 3431 1446 3431 1833 4699 1834 4700 1835 4701 1836 4702 1834 4700 1833 4699 1837 4703 1838 4703 1839 4703 1840 4704 1841 4704 1842 4704 1843 4705 1844 4705 1837 4705 1840 4706 1845 4706 1841 4706 1846 4707 1847 4707 1845 4707 1843 4708 1848 4708 1844 4708 1846 4709 1849 4709 1847 4709 1850 4710 1851 4710 1852 4710 1850 4711 1853 4711 1851 4711 1854 4712 1855 4712 1856 4712 1857 4713 1858 4713 1853 4713 1857 4714 1859 4714 1858 4714 1860 4715 1861 4715 1862 4715 1859 4716 1863 4716 1858 4716 1860 4717 1864 4717 1861 4717 1865 4718 1866 4718 1867 4718 1865 4719 1868 4719 1866 4719 1869 4720 1868 4720 1865 4720 1870 4721 1871 4721 1872 4721 1873 4722 1874 4722 1870 4722 1873 4723 1875 4723 1874 4723 1873 4724 1876 4724 1875 4724 1877 4725 1876 4725 1873 4725 1878 4726 1879 4726 1880 4726 1881 4727 1882 4727 1883 4727 1881 4728 1884 4728 1882 4728 1885 4729 1886 4729 1884 4729 1836 4702 1887 4730 1834 4700 1885 4731 1888 4731 1886 4731 1887 4730 1889 4732 1834 4700 1889 4732 1890 4733 1834 4700 1891 4734 1892 4734 1893 4734 1890 4733 1894 4735 1834 4700 1895 4736 1896 4736 1897 4736 1891 4737 1898 4737 1892 4737 1891 4738 1899 4738 1898 4738 1900 4739 1834 4739 1894 4739 1900 4740 1901 4740 1834 4740 1902 4741 1903 4741 1904 4741 1905 4742 1906 4742 1907 4742 1905 4743 1908 4743 1906 4743 1905 4744 1909 4744 1908 4744 1902 4745 1910 4745 1903 4745 1911 4746 1912 4746 1913 4746 1911 4747 1914 4747 1912 4747 1915 4748 1916 4748 1917 4748 1915 4749 1918 4749 1916 4749 1919 4750 1920 4750 1921 4750 1919 4751 1922 4751 1920 4751 1923 4752 1924 4752 1918 4752 1923 4753 1925 4753 1924 4753 1926 4754 1880 4754 1879 4754 1897 4755 1927 4755 1895 4755 1928 4756 1929 4756 1930 4756 1929 4757 1931 4757 1932 4757 1933 4758 1934 4758 1935 4758 1933 4759 1936 4759 1934 4759 1933 4760 1937 4760 1936 4760 1938 4761 1939 4761 1940 4761 1941 4762 1942 4762 1943 4762 1941 4763 1944 4763 1942 4763 1938 4764 1945 4765 1939 4766 1946 4767 1945 4765 1938 4764 1941 4768 1947 4768 1944 4768 1946 4769 1948 4769 1945 4769 1949 4770 1950 4770 1951 4770 1952 4771 1953 4771 1954 4771 1949 4772 1955 4772 1950 4772 1952 4773 1956 4773 1953 4773 1957 4774 1958 4774 1956 4774 1957 4775 1959 4775 1958 4775 1960 4776 1961 4776 1962 4776 1963 4777 1964 4777 1965 4777 1966 4778 1962 4778 1961 4778 1963 4779 1967 4779 1964 4779 1968 4780 1969 4780 1970 4780 1971 4781 1972 4781 1970 4781</p>
        </triangles>
        <triangles material="scout_b8bab5" count="890">
          <input semantic="VERTEX" source="#vertices" offset="0" />
          <input semantic="NORMAL" source="#normals" offset="1" />
          <p>45 100 46 101 47 102 47 103 48 104 49 105 50 106 45 107 51 108 45 109 52 109 51 109 53 110 54 110 55 110 56 25 49 25 57 25 55 111 48 112 58 113 53 114 50 115 54 116 50 117 51 118 49 119 55 111 54 120 48 112 58 121 47 102 46 101 47 102 56 122 45 100 56 122 52 123 45 100 55 124 58 121 53 125 46 101 53 125 58 121 47 103 58 126 48 104 50 106 46 127 45 107 56 25 47 128 49 25 53 114 46 129 50 115 54 22 50 117 48 130 57 131 49 119 51 118 49 119 48 130 50 117 51 118 52 132 57 131 52 80 56 80 57 80 96 235 97 235 98 235 99 236 100 237 101 238 102 239 103 240 100 241 99 242 101 243 104 244 98 245 97 245 105 245 99 246 106 246 96 246 107 247 106 248 99 249 107 250 108 250 104 250 104 244 102 251 109 252 98 253 102 239 100 241 107 247 96 254 106 248 104 244 101 243 103 255 105 256 104 256 109 256 99 236 98 257 100 237 102 258 105 258 109 258 105 259 107 260 104 261 96 262 105 262 97 262 101 263 100 263 103 263 103 255 102 251 104 244 99 242 104 244 108 264 107 265 99 265 108 265 98 266 105 266 102 266 107 260 105 259 96 267 98 268 99 268 96 268 169 467 170 468 171 469 172 470 171 471 170 472 173 473 170 474 174 475 175 476 173 477 176 478 175 479 169 480 171 481 176 482 174 483 169 484 169 467 174 485 170 468 172 470 175 486 171 471 173 473 172 487 170 474 175 476 172 488 173 477 175 479 176 489 169 480 176 482 173 490 174 483 401 1042 402 1043 403 1044 404 1045 405 1045 401 1045 406 1046 407 1046 408 1046 409 1047 410 1047 406 1047 411 1048 412 1049 413 1050 414 1051 411 1052 413 1053 403 1054 415 1055 404 1056 416 1057 417 1057 418 1057 419 1058 408 1059 411 1060 413 1061 406 1061 419 1061 420 1062 421 1063 402 1064 404 1065 420 1066 422 1067 402 1068 405 1069 420 1070 413 1071 409 1072 414 1073 423 1074 424 1074 425 1074 426 18 407 1075 421 18 401 1042 405 1076 402 1043 404 1077 415 1077 405 1077 406 1078 410 1078 407 1078 411 1048 408 1079 412 1049 418 1080 425 1080 427 1080 428 1081 414 1082 408 1083 402 1084 428 1081 422 1085 408 1083 414 1082 412 1086 420 1070 405 1069 422 1085 405 1069 415 1087 422 1085 422 1085 415 1087 402 1084 408 1083 422 1085 428 1081 422 1088 408 1089 429 1090 408 1091 418 1092 429 1093 418 1094 407 1094 425 1094 407 1095 426 1096 425 1097 422 1088 429 1090 416 1098 426 1099 422 1100 416 1101 423 1102 425 1097 426 1096 426 1103 416 1104 423 1105 416 1104 418 1106 423 1105 427 1107 423 1108 418 1109 414 1051 428 1110 411 1052 403 1054 402 1111 415 1055 428 1112 416 1113 429 1114 402 1115 421 1116 416 1113 417 1117 416 1117 427 1117 416 1113 421 1116 427 1118 411 1119 428 1112 429 1114 411 1119 429 1114 425 1120 429 1121 417 1122 425 1123 424 1124 427 1118 421 1116 421 1116 411 1125 424 1124 411 1125 425 1126 424 1124 417 1122 427 1127 425 1123 428 1112 402 1115 416 1113 423 1108 427 1107 424 1128 420 1062 401 1129 421 1063 413 1130 412 1130 406 1130 404 1065 401 1131 420 1066 422 1100 426 1099 404 1132 407 1133 418 1133 408 1133 414 1082 409 25 406 1134 412 1086 414 1082 406 1134 419 1058 406 1135 408 1059 413 1071 410 1136 409 1072 413 18 419 1137 410 1138 418 1092 417 1139 429 1093 421 18 401 18 403 18 411 18 421 18 407 1075 403 18 404 18 421 18 426 18 421 18 404 18 407 1075 410 1138 419 1137 407 1075 419 1137 411 18 507 1377 508 1378 509 1379 507 1380 510 1381 511 1382 512 1383 513 1383 514 1383 515 1384 516 1384 507 1384 517 1385 508 1386 516 1387 515 1388 507 1388 517 1388 515 1389 517 1385 516 1387 508 1378 518 1390 509 1379 510 1381 518 1391 514 1392 519 1393 513 1393 512 1393 511 1394 510 1395 520 1396 510 1395 519 1397 520 1396 517 1385 520 1398 508 1386 507 1377 516 1399 508 1378 519 1400 514 1400 513 1400 517 1401 511 1394 520 1396 508 1402 512 1402 518 1402 510 1381 509 1403 518 1391 517 1404 507 1404 511 1404 510 1395 514 1405 519 1397 508 1386 520 1398 512 1406 507 1380 509 1403 510 1381 518 1407 512 1407 514 1407 520 1398 519 1408 512 1406 521 1409 522 1409 523 1409 524 1410 525 1411 526 1412 527 1413 528 1413 523 1413 524 1414 527 1415 529 1416 527 1417 523 1417 529 1417 526 1418 530 1418 531 1418 531 1419 530 1420 528 1421 526 1422 522 1422 521 1422 529 1423 523 1423 532 1423 526 1412 525 1411 522 1424 527 1425 531 1425 528 1425 526 1426 521 1427 532 1428 523 1429 528 1421 525 1430 528 1421 530 1420 522 1431 530 1432 532 1432 522 1432 532 1433 523 1433 522 1433 522 1431 525 1430 528 1421 521 1434 529 1416 532 1435 524 1436 523 1436 525 1436 524 1437 521 1437 523 1437 524 1438 526 1439 531 1440 521 1434 524 1414 529 1416 524 1438 531 1440 527 1441 526 1426 532 1428 530 1442 561 1549 562 1549 563 1549 561 1550 564 1551 562 1552 565 1553 566 1553 567 1553 565 1554 567 1555 561 1550 566 1556 565 1556 561 1556 568 1557 564 1558 567 1559 569 1560 570 1560 571 1560 564 1551 571 1561 562 1552 566 1562 561 1562 563 1562 566 1563 563 1563 567 1563 562 1564 571 1564 572 1564 570 1565 569 1565 573 1565 563 1566 562 1567 568 1568 561 1550 567 1555 564 1551 574 1569 570 1570 573 1571 568 1557 574 1569 564 1558 574 1572 562 1567 570 1573 567 1574 563 1574 568 1574 564 1575 573 1575 571 1575 564 1558 574 1569 573 1571 562 1567 572 1576 570 1573 568 1568 562 1567 574 1572 572 1577 571 1577 570 1577 571 1578 573 1578 569 1578 612 1686 613 1687 614 1688 612 1686 615 1689 613 1687 616 1690 614 1691 617 1692 616 1690 612 1693 614 1691 618 1694 616 1690 617 1692 618 1694 617 1692 619 1695 620 1696 618 1694 619 1695 620 1697 619 1698 621 1699 622 1700 620 1697 621 1699 623 1701 621 1702 624 1703 623 1701 622 1704 621 1702 625 1705 623 1706 624 1707 625 1705 624 1707 613 1708 615 1709 625 1705 613 1708 612 1710 616 1711 615 1712 621 1713 617 1714 613 1715 623 1716 625 1717 618 1718 621 1713 619 1719 617 1714 617 1714 614 1720 613 1715 613 1715 624 1721 621 1713 625 1717 615 1712 618 1718 615 1712 616 1711 618 1718 618 1718 620 1722 622 1723 622 1723 623 1716 618 1718 626 1724 627 1725 628 1726 628 1727 629 1727 630 1727 630 1728 629 1728 631 1728 632 1729 628 1730 633 1731 626 1732 629 1732 632 1732 626 1733 632 1734 634 1735 635 1736 630 1736 634 1736 631 1737 627 1725 626 1724 629 1738 626 1739 636 1740 626 1733 637 1741 631 1742 631 1743 629 1744 636 1745 631 1743 636 1745 627 1746 635 1747 637 1747 627 1747 634 1748 628 1749 637 1750 637 1751 628 1751 627 1751 637 1741 626 1733 634 1735 635 1752 631 1742 637 1741 634 1753 633 1753 638 1753 630 1754 636 1740 628 1755 638 1756 639 1756 635 1756 636 1745 635 1757 627 1746 635 1758 640 1758 638 1758 629 1759 628 1759 632 1759 634 1760 630 1760 633 1760 628 1749 634 1748 638 1761 626 1739 628 1755 636 1740 628 1762 640 1762 639 1762 631 1763 632 1729 630 1764 632 1729 633 1731 630 1764 640 1765 636 1766 630 1767 630 1767 639 1768 640 1765 628 1730 639 1769 633 1731 635 1770 639 1770 630 1770 634 1771 632 1772 631 1773 631 1773 635 1774 634 1771 638 1775 633 1775 639 1775 628 1776 638 1776 640 1776 636 1777 640 1777 635 1777 700 1975 701 1976 702 1977 700 1975 703 1978 701 1976 704 1979 702 1980 705 1981 704 1979 700 1982 702 1980 706 1983 704 1979 705 1981 706 1983 705 1981 707 1984 708 1985 706 1983 707 1984 708 1986 707 1987 709 1988 710 1989 708 1986 709 1988 711 1990 709 1991 712 1992 711 1990 710 1993 709 1991 713 1994 711 1995 712 1996 713 1994 712 1996 701 1997 703 1998 713 1994 701 1997 700 1999 704 2000 703 2001 712 2002 709 2003 705 2004 706 2005 708 2006 711 2007 702 2008 701 2009 705 2004 709 2003 707 2010 705 2004 701 2009 712 2002 705 2004 710 2011 711 2007 708 2006 713 2012 703 2001 711 2007 703 2001 704 2000 711 2007 704 2000 706 2005 711 2007 714 2013 715 2014 716 2015 717 2016 718 2016 719 2016 720 2017 721 2018 718 2019 722 2020 721 2018 720 2017 723 2021 721 2018 722 2020 714 2022 716 2023 724 2024 721 2025 723 2025 724 2025 721 2026 724 2026 715 2026 725 2027 721 2027 715 2027 723 2028 714 2022 724 2024 716 2015 715 2014 719 2029 721 2030 726 2031 718 2032 725 2033 715 2014 714 2013 719 2034 718 2034 727 2034 728 2035 716 2023 727 2036 717 2037 715 2037 729 2037 716 2038 723 2038 727 2038 721 2030 725 2039 726 2031 719 2040 725 2040 716 2040 726 2031 725 2039 719 2041 724 2042 720 2042 715 2042 720 2043 718 2044 715 2045 720 2046 724 2047 722 2048 728 2049 727 2050 717 2051 729 2052 728 2049 717 2051 723 2053 716 2053 725 2053 727 2054 730 2054 717 2054 719 2029 715 2014 717 2055 727 2056 723 2057 719 2058 723 2057 726 2059 719 2058 723 2060 725 2060 714 2060 728 2035 724 2024 716 2023 727 2061 718 2061 722 2061 727 2062 722 2062 730 2062 717 2063 730 2063 718 2063 728 2064 729 2065 730 2066 729 2065 718 2044 730 2066 718 2067 726 2068 723 2069 729 2065 715 2045 718 2044 718 2067 723 2069 722 2070 730 2066 722 2048 724 2047 730 2066 724 2047 728 2064 731 2071 732 2072 733 2073 734 2074 735 2074 736 2074 731 2075 737 2076 738 2077 737 2076 732 2078 739 2079 735 2080 732 2080 740 2080 734 2081 733 2081 740 2081 738 2077 737 2076 739 2079 734 2082 740 2083 738 2084 735 2085 740 2085 741 2085 735 2086 739 2087 732 2088 731 2089 736 2089 737 2089 734 2090 738 2090 735 2090 736 2091 741 2091 742 2091 736 2092 735 2092 741 2092 737 2093 736 2093 742 2093 731 2094 734 2094 736 2094 737 2076 742 2095 732 2078 738 2096 739 2087 735 2086 734 2097 731 2097 733 2097 742 2098 741 2099 733 2100 741 2099 740 2101 733 2100 733 2100 732 2102 742 2098 731 2071 738 2103 732 2072 740 2083 732 2104 738 2084 916 2298 917 2299 918 2300 916 2301 919 2302 920 2303 921 2304 922 2304 923 2304 923 2305 922 2306 924 2307 922 2306 920 2308 924 2307 916 2309 922 2309 921 2309 916 2310 918 2311 925 2312 920 2313 922 2313 917 2313 922 2314 916 2310 925 2312 926 2315 919 2316 917 2317 927 2318 918 2319 919 2320 919 2321 918 2321 917 2321 919 2302 916 2301 927 2322 926 2323 920 2303 919 2302 924 2324 920 2324 926 2324 928 2325 929 2326 930 2327 928 2328 921 2328 925 2328 923 2329 917 2329 921 2329 921 2330 917 2330 925 2330 920 2331 917 2299 916 2298 930 2332 923 2332 926 2332 924 2333 916 2333 921 2333 931 2334 925 2312 918 2311 922 2335 925 2335 917 2335 916 2336 924 2337 927 2338 924 2337 926 2339 927 2338 930 2340 931 2340 928 2340 931 2341 918 2341 928 2341 918 2319 927 2318 928 2342 917 2317 930 2343 926 2315 926 2344 928 2342 927 2318 923 2345 931 2346 917 2347 923 2348 924 2348 928 2348 924 2349 921 2349 928 2349 929 2350 931 2350 923 2350 925 2351 929 2326 928 2325 917 2347 931 2346 930 2352 926 2353 923 2353 928 2353 931 2354 929 2354 925 2354 930 2355 929 2355 923 2355 1447 25 1448 25 1449 25 1447 25 1449 25 1450 25 1451 18 1452 18 1453 18 1451 18 1453 18 1454 18 1454 22 1453 22 1447 22 1454 22 1447 22 1450 22 1452 48 1451 48 1449 48 1452 48 1449 48 1448 48 1451 23 1454 23 1450 23 1451 23 1450 23 1449 23 1453 80 1452 80 1448 80 1453 80 1448 80 1447 80 1455 3432 1456 3432 1457 3432 1455 3432 1457 3432 1458 3432 1457 25 1459 25 1460 25 1457 25 1460 25 1458 25 1461 18 1462 18 1456 18 1461 18 1456 18 1455 18 1461 22 1455 22 1458 22 1461 22 1458 22 1460 22 1460 3433 1459 3433 1462 3433 1460 3433 1462 3433 1461 3433 1459 48 1457 48 1456 48 1459 48 1456 48 1462 48 49 3434 1463 3434 1464 3434 49 3434 1464 3434 57 3434 57 3435 1456 3435 1462 3435 57 3435 1462 3435 49 3435 1464 80 1465 80 1456 80 1464 80 1456 80 57 80 1456 3436 1465 3436 1466 3436 1456 3436 1466 3436 1462 3436 1462 3437 1466 3437 1463 3437 1462 3437 1463 3437 49 3437 1465 3438 1464 3438 1463 3438 1465 3438 1463 3438 1466 3438 1467 3439 1468 3439 1469 3439 1467 3439 1469 3439 1470 3439 1468 3440 1467 3440 1455 3440 1468 3440 1455 3440 1471 3440 1455 3441 1467 3441 1470 3441 1455 3441 1470 3441 1461 3441 1461 3442 1472 3442 1471 3442 1461 3442 1471 3442 1455 3442 1472 3437 1461 3437 1470 3437 1472 3437 1470 3437 1469 3437 1468 3443 1471 3443 1472 3443 1468 3443 1472 3443 1469 3443 1473 3444 1474 3445 1475 3446 1476 3447 1477 3448 1475 3449 1470 3450 1476 3451 1478 3452 1479 3453 1480 3454 1470 3455 1470 25 1481 25 1467 25 1474 3456 1482 3457 1478 3458 1483 3459 1479 3460 1484 3461 1484 80 1481 80 1483 3432 1479 3462 1474 3463 1480 3464 1475 3449 1477 3448 1473 3465 1473 3444 1480 3466 1474 3445 1470 3450 1477 3467 1476 3451 1477 3468 1470 3455 1480 3454 1470 3455 1467 3469 1479 3453 1467 3469 1484 3470 1479 3453 1480 3454 1473 3471 1477 3468 1470 25 1478 128 1481 25 1475 22 1474 3456 1476 3472 1478 3458 1476 3472 1474 3456 1483 3473 1481 3474 1482 3457 1481 3474 1478 3458 1482 3457 1483 3459 1482 3475 1479 3460 1484 80 1467 3432 1481 80 1479 3462 1482 3476 1474 3463 1510 3569 1511 3570 1512 3571 1513 3572 1512 3573 1511 3574 1514 3575 1511 3576 1515 3577 1516 3578 1514 3579 1517 3580 1516 3581 1510 3582 1512 3583 1517 3584 1515 3585 1510 3586 1510 3569 1515 3587 1511 3570 1513 3572 1516 3588 1512 3573 1514 3575 1513 3589 1511 3576 1516 3578 1513 3590 1514 3579 1516 3581 1517 3591 1510 3582 1517 3584 1514 3592 1515 3585 1518 3593 1519 3594 1520 3595 1520 3596 1521 3596 1522 3596 1522 3597 1521 3597 1523 3597 1524 3598 1520 3599 1525 3600 1518 3601 1521 3601 1524 3601 1518 3602 1524 3603 1526 3604 1518 3602 1527 3605 1523 3606 1521 3607 1518 3608 1528 3609 1523 3610 1521 3611 1528 3612 1523 3610 1528 3612 1519 3613 1529 3614 1530 3614 1531 3614 1531 3615 1522 3615 1526 3615 1531 3616 1527 3616 1519 3616 1526 3617 1520 3618 1527 3619 1527 3620 1520 3620 1519 3620 1527 3605 1518 3602 1526 3604 1531 3621 1523 3606 1527 3605 1528 3612 1531 3622 1519 3613 1522 3623 1528 3609 1520 3624 1526 3625 1525 3625 1529 3625 1523 3626 1519 3594 1518 3593 1531 3627 1532 3627 1529 3627 1521 3628 1520 3628 1524 3628 1531 3629 1530 3629 1522 3629 1520 3630 1529 3630 1532 3630 1526 3631 1522 3631 1525 3631 1526 3632 1524 3632 1531 3632 1524 3633 1523 3633 1531 3633 1529 3634 1520 3618 1526 3617 1529 3635 1525 3635 1530 3635 1518 3608 1520 3624 1528 3609 1528 3636 1532 3636 1531 3636 1532 3637 1528 3638 1522 3639 1522 3640 1523 3641 1524 3598 1522 3640 1524 3598 1525 3600 1520 3642 1532 3642 1530 3642 1522 3639 1530 3643 1532 3637 1520 3644 1530 3644 1525 3644 1533 3645 1534 3645 1535 3645 1536 3646 1537 3647 1538 3648 1539 3649 1540 3649 1536 3649 1541 3650 1534 3650 1533 3650 1538 3651 1537 3652 1542 3653 1543 3654 1542 3655 1544 3656 1539 3657 1536 3657 1543 3657 1539 3658 1543 3654 1540 3659 1536 3660 1544 3661 1545 3662 1537 3647 1546 3663 1535 3664 1544 3661 1546 3665 1545 3662 1543 3654 1544 3656 1540 3659 1537 3652 1541 3666 1542 3653 1542 3655 1541 3667 1533 3668 1541 3669 1535 3669 1534 3669 1544 3670 1533 3670 1546 3670 1536 3646 1545 3671 1537 3647 1536 3672 1538 3672 1543 3672 1536 3660 1540 3673 1544 3661 1537 3647 1545 3671 1546 3663 1543 3674 1538 3651 1542 3653 1546 3675 1533 3675 1535 3675 1544 3656 1542 3655 1533 3668 1537 3652 1535 3676 1541 3666 1547 3677 1548 3678 1549 3679 1547 3677 1550 3680 1548 3678 1547 3681 1549 3682 1551 3683 1552 3684 1553 3684 1554 3684 1555 3685 1556 3685 1549 3685 1557 3686 1556 3687 1552 3688 1549 3689 1556 3689 1557 3689 1553 3690 1556 3691 1551 3692 1553 3690 1551 3692 1558 3693 1550 3694 1553 3695 1558 3696 1550 3694 1558 3696 1548 3697 1556 3698 1547 3681 1551 3683 1559 3699 1557 3700 1560 3701 1553 3702 1552 3688 1556 3687 1561 3703 1562 3703 1559 3703 1548 3704 1555 3704 1549 3704 1554 3705 1548 3706 1559 3707 1553 3708 1555 3708 1554 3708 1554 3709 1555 3709 1548 3709 1563 3710 1549 3682 1561 3711 1551 3712 1552 3712 1558 3712 1552 3713 1554 3713 1558 3713 1552 3714 1551 3715 1557 3716 1560 3717 1557 3717 1561 3717 1548 3718 1558 3718 1562 3718 1563 3719 1561 3719 1548 3719 1562 3720 1563 3720 1548 3720 1559 3721 1562 3721 1558 3721 1548 3706 1561 3722 1559 3707 1550 3723 1547 3724 1555 3725 1550 3723 1555 3725 1553 3726 1547 3724 1556 3727 1555 3725 1549 3728 1554 3729 1559 3730 1561 3731 1549 3728 1560 3732 1549 3728 1559 3730 1560 3732 1563 3710 1551 3683 1549 3682 1562 3733 1557 3716 1563 3734 1558 3735 1554 3736 1557 3737 1554 3736 1549 3738 1557 3737 1551 3715 1563 3734 1557 3716 1561 3739 1557 3739 1562 3739 1559 3699 1558 3740 1557 3700 1564 3741 1565 3742 1566 3743 1567 3744 1568 3745 1569 3746 1570 3747 1571 3747 1572 3747 1567 3748 1573 3749 1574 3750 1564 3751 1568 3752 1567 3753 1571 3754 1568 3754 1566 3754 1574 3755 1573 3756 1568 3757 1572 3758 1571 3759 1575 3760 1570 3761 1568 3761 1571 3761 1564 3762 1570 3763 1572 3764 1569 3746 1568 3745 1565 3765 1567 3766 1570 3763 1564 3762 1564 3751 1566 3767 1568 3752 1570 3768 1574 3769 1568 3770 1569 3771 1572 3771 1575 3771 1564 3741 1569 3772 1565 3742 1567 3748 1569 3773 1573 3749 1569 3774 1564 3774 1572 3774 1575 3760 1571 3759 1566 3775 1566 3776 1565 3777 1575 3778 1573 3779 1575 3778 1565 3777 1568 3757 1573 3756 1565 3780 1567 3781 1574 3769 1570 3768 1569 3782 1575 3782 1573 3782 1576 3783 1577 3784 1578 3785 1576 3783 1579 3786 1577 3784 1576 3787 1578 3788 1580 3789 1581 3790 1582 3790 1583 3790 1584 3791 1585 3791 1578 3791 1586 3792 1585 3793 1581 3794 1578 3795 1585 3795 1586 3795 1582 3796 1585 3797 1580 3798 1582 3796 1580 3798 1587 3799 1579 3800 1582 3801 1587 3802 1579 3800 1587 3802 1577 3803 1585 3804 1576 3787 1580 3789 1588 3805 1589 3805 1590 3805 1591 3806 1578 3788 1588 3807 1582 3808 1581 3794 1585 3793 1577 3809 1584 3809 1578 3809 1583 3810 1577 3811 1590 3812 1582 3813 1584 3813 1583 3813 1583 3814 1584 3814 1577 3814 1580 3815 1581 3815 1587 3815 1581 3816 1583 3816 1587 3816 1581 3817 1580 3818 1586 3819 1592 3820 1586 3820 1588 3820 1577 3821 1587 3821 1589 3821 1591 3822 1588 3822 1577 3822 1589 3823 1591 3823 1577 3823 1590 3824 1586 3825 1592 3826 1590 3827 1589 3827 1587 3827 1591 3806 1580 3789 1578 3788 1590 3824 1587 3828 1586 3825 1578 3829 1583 3830 1590 3831 1590 3812 1577 3811 1588 3832 1588 3833 1578 3829 1592 3834 1578 3829 1590 3831 1592 3834 1588 3835 1586 3835 1589 3835 1589 3836 1586 3819 1591 3837 1587 3838 1583 3839 1586 3840 1583 3839 1578 3841 1586 3840 1591 3837 1586 3819 1580 3818 1579 3842 1576 3843 1584 3844 1576 3843 1585 3845 1584 3844 1584 3844 1582 3846 1579 3842 1765 4501 1766 4502 1767 4503 1765 4501 1768 4504 1766 4502 1769 4505 1767 4506 1770 4507 1769 4505 1765 4508 1767 4506 1771 4509 1769 4505 1770 4507 1771 4509 1770 4507 1772 4510 1773 4511 1771 4509 1772 4510 1773 4512 1772 4513 1774 4514 1775 4515 1773 4512 1774 4514 1776 4516 1774 4517 1777 4518 1776 4516 1775 4519 1774 4517 1778 4520 1776 4521 1777 4522 1778 4520 1777 4522 1766 4523 1768 4524 1778 4520 1766 4523 1765 4525 1769 4526 1768 4527 1774 4528 1770 4529 1766 4530 1769 4526 1771 4531 1768 4527 1775 4532 1776 4533 1778 4534 1778 4534 1768 4527 1771 4531 1771 4531 1773 4535 1778 4534 1773 4535 1775 4532 1778 4534 1774 4528 1772 4536 1770 4529 1777 4537 1774 4528 1766 4530 1770 4529 1767 4538 1766 4530 1779 4539 1780 4540 1781 4541 1782 4542 1783 4542 1780 4542 1784 4543 1785 4544 1786 4545 1783 4546 1786 4547 1787 4548 1782 4549 1785 4544 1784 4543 1784 4550 1788 4551 1789 4552 1779 4553 1786 4554 1790 4555 1782 4556 1787 4556 1785 4556 1788 4551 1786 4557 1789 4552 1782 4558 1790 4558 1787 4558 1779 4559 1788 4551 1784 4550 1779 4539 1782 4560 1780 4540 1779 4561 1781 4561 1788 4561 1783 4562 1789 4563 1786 4564 1782 4565 1784 4565 1783 4565 1787 4566 1780 4566 1783 4566 1784 4567 1789 4563 1783 4562 1782 4568 1779 4568 1790 4568 1788 4569 1781 4570 1786 4571 1787 4572 1790 4572 1780 4572 1787 4548 1786 4547 1785 4573 1781 4574 1780 4574 1790 4574 1781 4570 1790 4575 1786 4571 1779 4553 1784 4576 1786 4554 1791 4577 1792 4578 1793 4579 1794 4580 1795 4580 1791 4580 1792 4578 1796 4581 1797 4582 1793 4583 1798 4584 1799 4585 1794 4586 1791 4586 1793 4586 1794 4587 1793 4587 1795 4587 1800 4588 1796 4589 1792 4590 1801 4591 1802 4591 1803 4591 1802 4592 1801 4592 1796 4592 1799 4593 1800 4594 1795 4595 1798 4584 1801 4596 1804 4597 1800 4594 1804 4598 1803 4599 1804 4598 1801 4600 1803 4599 1793 4601 1799 4601 1795 4601 1795 4602 1800 4588 1792 4590 1791 4603 1795 4602 1792 4590 1793 4579 1792 4578 1798 4604 1798 4584 1797 4605 1801 4596 1799 4585 1798 4584 1804 4597 1798 4604 1792 4578 1797 4582 1799 4593 1804 4598 1800 4594 1800 4588 1803 4606 1796 4589 1796 4607 1803 4607 1802 4607 1801 4608 1797 4608 1796 4608 1805 4609 1806 4610 1807 4611 1807 4612 1808 4612 1809 4612 1808 4613 1810 4614 1809 4615 1811 4616 1807 4617 1812 4618 1805 4619 1808 4619 1811 4619 1810 4620 1806 4610 1805 4609 1813 4621 1809 4622 1806 4623 1808 4624 1805 4625 1814 4626 1810 4627 1808 4628 1814 4629 1810 4627 1814 4629 1806 4630 1815 4631 1807 4632 1816 4633 1816 4634 1807 4634 1806 4634 1815 4635 1805 4635 1811 4635 1816 4636 1805 4637 1815 4638 1814 4629 1813 4639 1806 4630 1809 4640 1814 4626 1807 4641 1805 4637 1816 4636 1810 4642 1815 4643 1812 4643 1813 4643 1816 4644 1811 4644 1809 4644 1806 4645 1809 4646 1815 4647 1813 4648 1817 4648 1807 4648 1812 4649 1807 4649 1817 4649 1810 4614 1816 4650 1809 4615 1808 4651 1807 4651 1811 4651 1813 4621 1818 4652 1809 4622 1815 4647 1809 4646 1812 4653 1815 4654 1811 4654 1806 4654 1811 4655 1816 4655 1806 4655 1807 4632 1815 4631 1813 4656 1817 4657 1818 4658 1812 4659 1817 4657 1809 4640 1818 4658 1811 4616 1812 4618 1809 4660 1814 4629 1817 4661 1813 4639 1813 4662 1812 4662 1818 4662 1805 4625 1807 4641 1814 4626 1809 4640 1817 4657 1814 4626 1819 4663 1820 4664 1821 4665 1819 4663 1821 4665 1822 4666 1823 4667 1819 4663 1822 4666 1823 4668 1822 4669 1824 4670 1825 4671 1823 4668 1824 4670 1826 4672 1825 4673 1824 4674 1825 4675 1826 4676 1823 4677 1826 4672 1824 4674 1827 4678 1828 4679 1826 4672 1827 4678 1829 4680 1827 4681 1830 4682 1829 4680 1828 4683 1827 4681 1831 4684 1829 4685 1830 4686 1831 4684 1830 4686 1832 4687 1820 4664 1832 4687 1821 4665 1820 4664 1831 4684 1832 4687 1831 4688 1820 4689 1829 4690 1826 4676 1829 4690 1819 4691 1822 4692 1821 4693 1830 4694 1828 4695 1829 4690 1826 4676 1820 4689 1819 4691 1829 4690 1823 4677 1826 4676 1819 4691 1832 4696 1830 4694 1821 4693 1830 4694 1827 4697 1824 4698 1824 4698 1822 4692 1830 4694 2108 5182 2109 5182 2110 5182 2111 5183 2112 5184 2113 5185 2114 5186 2115 5186 2111 5186 2116 5187 2117 5187 2118 5187 2119 5188 2120 5188 2116 5188 2121 5189 2122 5190 2123 5191 2112 5192 2115 5193 2124 5194 2125 5195 2118 5196 2121 5197 2126 5198 2121 5199 2123 5200 2113 5201 2127 5202 2114 5203 2109 5204 2128 5204 2129 5204 2123 5205 2116 5205 2125 5205 2124 5206 2130 5207 2112 5208 2114 5209 2124 5210 2131 5211 2108 5212 2114 5212 2131 5212 2123 5213 2119 5214 2126 5215 2110 5216 2132 5216 2133 5216 2130 5217 2108 5218 2110 5219 2111 5183 2115 5220 2112 5184 2114 5221 2127 5221 2115 5221 2116 5222 2120 5222 2117 5222 2121 5189 2118 5223 2122 5190 2126 5224 2119 18 2116 5225 2122 5226 2126 5224 2116 5225 2126 5198 2134 5227 2121 5199 2113 5201 2112 5228 2127 5202 2133 5229 2121 5230 2134 5231 2133 5229 2134 5231 2135 5232 2133 5229 2135 5232 2128 5233 2136 5234 2133 5229 2128 5233 2130 5235 2121 5236 2132 5237 2121 5236 2133 5238 2132 5237 2134 5231 2112 5239 2109 5240 2135 5232 2134 5231 2109 5240 2130 5235 2132 5237 2136 5241 2112 5239 2130 5235 2136 5241 2109 5240 2112 5239 2136 5241 2128 5242 2109 5242 2136 5242 2110 5243 2136 5244 2132 5245 2124 5206 2111 5246 2130 5207 2123 5247 2122 5247 2116 5247 2114 5209 2111 5248 2124 5210 2108 5249 2130 5249 2114 5249 2117 5250 2130 5217 2133 5251 2108 5252 2118 5253 2135 5254 2130 5217 2110 5219 2133 5251 2109 5255 2108 5252 2135 5254 2129 5256 2135 5257 2118 5258 2118 5259 2117 5259 2129 5259 2129 5260 2117 5260 2133 5260 2129 5261 2133 5261 2136 5261 2129 5262 2136 5244 2110 5243 2109 5263 2129 5263 2110 5263 2134 5264 2126 5224 2118 5265 2112 18 2134 5264 2108 5266 2118 5265 2126 5224 2122 5226 2124 5194 2115 5193 2131 5267 2115 5193 2127 5268 2131 5267 2131 5267 2127 5268 2108 5266 2108 5266 2127 5268 2112 18 2118 5265 2108 5266 2134 5264 2125 5195 2116 5269 2118 5196 2123 5213 2120 5270 2119 5214 2123 25 2125 25 2120 25 2129 5256 2128 5271 2135 5257 2130 25 2111 25 2113 25 2121 5272 2130 5273 2117 5274 2113 25 2114 128 2130 25 2117 5274 2120 25 2125 25 2117 5274 2125 25 2121 5272 2150 5307 2151 5307 2152 5307 2153 5308 2154 5309 2155 5310 2156 5311 2157 5312 2153 5313 2158 5314 2150 5315 2152 5316 2159 5317 2160 5318 2153 5319 2159 5317 2150 5320 2160 5318 2154 5321 2150 5315 2158 5314 2160 5318 2150 5320 2154 5322 2161 5323 2157 5323 2162 5323 2150 5324 2159 5325 2162 5326 2150 5324 2162 5326 2163 5327 2150 5328 2163 5329 2161 5330 2151 5331 2150 5331 2161 5331 2159 5332 2161 5332 2162 5332 2157 5333 2161 5333 2164 5333 2157 5334 2159 5334 2153 5334 2164 5335 2151 5336 2157 5337 2155 5338 2163 5329 2165 5339 2164 5340 2152 5341 2153 5342 2162 5326 2158 5343 2163 5327 2158 5343 2152 5341 2163 5327 2158 5343 2162 5326 2154 5344 2156 5345 2153 5346 2155 5347 2165 5348 2156 5345 2155 5347 2159 5349 2157 5337 2151 5336 2155 5310 2154 5309 2164 5350 2156 5311 2162 5351 2157 5312 2153 5352 2152 5352 2154 5352 2155 5338 2161 5330 2163 5329 2161 5353 2159 5353 2151 5353 2152 5354 2151 5355 2160 5356 2152 5354 2160 5356 2154 5357 2165 5358 2163 5358 2164 5358 2162 5359 2156 5359 2154 5359 2156 5360 2165 5361 2154 5362 2154 5362 2165 5361 2164 5363 2152 5341 2164 5340 2163 5327 2155 5364 2164 5364 2161 5364 2160 5318 2151 5365 2164 5366 2153 5319 2160 5318 2164 5366</p>
        </triangles>
        <triangles material="scout_dbded4" count="570">
          <input semantic="VERTEX" source="#vertices" offset="0" />
          <input semantic="NORMAL" source="#normals" offset="1" />
          <p>0 0 1 1 2 2 3 3 4 4 5 5 6 6 7 7 8 8 9 9 10 10 11 11 12 12 13 13 14 14 15 15 16 16 17 17 18 18 19 18 20 18 21 19 22 20 23 21 12 22 20 22 24 22 25 23 4 23 26 24 24 25 27 25 12 25 28 26 29 27 30 28 5 29 25 30 31 31 31 32 32 33 21 19 33 34 34 35 35 36 36 37 2 37 1 37 37 38 13 38 8 38 38 39 30 40 29 41 14 42 39 43 15 15 40 44 17 17 16 16 23 45 35 46 34 47 41 48 19 48 27 48 26 49 42 50 40 44 43 51 11 52 10 53 0 0 43 54 1 1 3 3 36 55 4 4 36 56 3 56 2 56 5 29 4 57 25 30 6 6 38 58 7 7 9 9 26 49 10 10 39 59 44 60 20 61 20 61 44 60 24 23 44 60 37 23 24 23 7 23 38 23 22 23 22 23 38 23 35 62 29 63 33 64 35 62 38 23 29 63 35 62 40 65 16 66 41 67 41 67 39 59 19 68 41 67 16 66 39 59 39 59 20 61 19 68 37 23 7 23 24 23 32 23 25 23 24 23 32 23 24 23 7 23 22 23 32 23 7 23 8 69 7 69 37 69 18 70 12 12 14 14 12 12 8 71 13 13 14 14 15 72 18 70 15 72 19 73 18 70 26 49 9 9 42 50 21 19 32 33 22 20 44 74 14 74 13 74 12 22 18 75 20 22 10 23 26 24 4 23 40 65 41 67 26 24 41 67 24 23 25 23 1 23 43 23 36 23 4 23 36 23 10 23 41 67 25 23 26 24 43 23 10 23 36 23 17 76 42 77 27 78 9 79 11 80 5 81 0 82 2 83 3 84 3 84 5 81 11 80 3 84 11 80 0 82 27 78 19 73 15 72 27 78 15 72 17 76 42 77 9 79 27 78 27 78 9 79 31 85 12 12 27 78 31 85 8 71 12 12 21 86 9 79 5 81 31 85 6 87 8 71 23 88 28 89 30 90 34 91 23 88 34 91 6 87 30 90 6 87 34 91 21 86 23 88 8 71 12 12 31 85 21 86 24 25 41 25 27 25 28 26 33 92 29 27 31 32 25 93 32 33 33 34 28 94 34 35 37 95 44 95 13 95 38 39 6 96 30 40 14 42 44 97 39 43 15 15 39 43 16 16 40 44 42 50 17 17 23 45 22 98 35 46 43 51 0 99 11 52 177 491 178 491 179 491 180 492 181 492 182 492 183 493 184 493 185 493 186 494 187 494 188 494 189 495 190 496 191 497 192 498 193 498 194 498 195 499 196 499 197 499 198 500 199 500 200 500 201 501 202 501 203 501 204 502 205 503 206 504 207 505 198 505 208 505 209 500 210 500 211 500 212 506 204 507 213 508 214 509 215 510 216 511 217 512 218 512 219 512 220 513 221 514 200 515 222 516 223 516 224 516 225 517 226 518 227 519 228 520 194 521 229 522 224 523 223 523 230 523 231 524 232 525 233 526 230 527 233 528 234 529 235 530 236 531 237 532 238 533 239 534 240 535 241 536 211 537 242 538 243 539 244 540 216 541 245 542 246 542 247 542 248 543 249 543 250 543 251 544 252 544 209 544 232 545 223 545 233 545 234 546 223 547 222 548 253 549 254 549 255 549 256 550 257 550 258 550 259 551 260 551 261 551 262 552 263 552 264 552 265 553 266 554 267 555 268 556 262 556 264 556 269 557 191 558 225 559 270 560 257 561 271 562 272 563 273 564 274 565 220 566 275 566 198 566 181 567 276 568 195 569 277 570 278 571 279 572 280 573 281 573 282 573 266 554 283 574 267 555 284 575 280 575 285 575 280 576 282 576 285 576 255 577 286 578 287 579 286 580 285 581 287 582 201 583 288 584 254 585 288 586 201 587 255 588 202 589 253 590 289 591 290 592 291 592 292 592 293 593 294 594 228 595 238 596 295 596 296 596 297 597 298 598 299 599 300 600 243 600 301 600 235 530 302 601 303 602 304 603 305 604 306 605 307 606 304 603 306 605 308 607 309 608 310 609 309 610 311 611 310 612 294 613 193 614 192 615 292 616 291 617 312 618 313 619 314 620 315 621 316 622 248 623 270 624 317 625 318 626 319 627 279 628 320 628 318 628 299 629 185 630 321 631 283 632 312 632 322 632 323 633 294 634 293 635 308 636 324 637 325 638 307 639 325 639 324 639 326 640 298 640 297 640 327 641 219 641 259 641 227 642 226 643 269 644 251 645 242 646 211 647 261 648 217 648 327 648 321 649 185 649 326 649 208 650 200 650 221 650 328 651 206 651 212 651 329 652 330 652 331 652 332 653 333 653 207 653 242 646 251 645 334 654 309 655 306 655 305 655 335 656 318 657 317 658 185 659 184 659 298 659 336 660 337 661 179 662 338 663 339 663 204 663 319 664 279 665 335 666 334 667 340 667 341 667 221 514 220 513 332 668 341 669 340 670 241 671 318 672 320 672 277 672 213 673 204 673 328 673 182 674 195 675 342 676 342 677 197 678 343 679 206 680 339 680 338 680 200 681 199 681 220 681 211 682 210 682 251 682 344 683 330 683 329 683 194 684 345 684 294 684 223 685 346 685 231 685 190 686 189 686 226 686 191 687 347 687 226 687 348 688 217 688 260 688 298 689 349 690 183 691 219 692 348 693 260 694 273 695 350 696 351 697 352 698 353 699 354 700 229 701 194 701 323 701 343 702 197 703 180 704 355 705 216 511 215 510 196 706 181 706 197 706 288 707 282 708 254 709 282 708 284 710 354 711 284 712 352 698 354 700 356 713 286 714 254 709 254 709 282 708 354 711 354 711 356 713 254 709 228 595 294 594 192 715 217 716 348 716 218 716 183 717 349 717 184 717 195 718 276 718 196 718 198 719 275 719 199 719 357 720 326 721 297 722 358 723 357 720 261 724 359 725 358 723 327 726 357 720 297 722 261 724 358 723 261 724 327 726 284 727 360 728 317 729 360 728 341 730 241 731 321 732 281 733 280 734 360 728 241 731 242 735 299 736 321 732 280 734 280 734 284 727 299 736 360 728 242 735 317 729 299 736 284 727 249 737 297 722 299 736 249 737 350 696 225 738 361 739 256 740 273 695 351 697 351 697 350 696 361 739 361 739 359 725 351 697 256 740 351 697 259 741 284 727 317 729 319 742 327 726 259 741 351 697 284 727 319 742 249 737 327 726 351 697 359 725 319 743 335 744 362 745 249 746 319 743 362 745 297 722 249 737 363 747 259 741 261 724 297 722 249 737 257 748 364 749 256 740 259 741 297 722 257 748 365 750 364 749 257 748 256 740 297 722 365 750 257 748 297 722 366 751 365 750 297 722 249 737 364 749 363 747 363 747 366 751 297 722 204 502 339 752 205 503 326 753 185 753 298 753 319 664 277 754 279 665 270 755 271 755 367 755 207 756 333 756 198 756 332 757 220 757 333 757 241 536 209 758 211 537 209 759 252 759 210 759 212 506 338 760 204 507 214 761 302 761 215 761 208 762 198 762 200 762 225 517 368 763 226 518 357 720 281 733 326 721 281 733 321 732 326 721 212 764 206 764 338 764 323 633 194 765 294 634 342 677 195 766 197 678 269 767 189 767 191 767 180 704 197 703 181 768 231 524 346 769 232 525 230 527 231 770 233 528 301 771 244 771 300 771 238 533 296 772 239 534 214 773 216 774 369 775 301 776 216 776 244 776 355 777 202 589 216 541 202 589 289 591 243 539 202 589 243 539 216 541 289 591 295 778 301 779 295 778 239 780 301 779 237 781 303 782 214 773 303 782 302 783 214 773 289 591 301 779 243 539 369 775 237 781 214 773 301 779 369 775 216 774 178 784 247 785 246 786 246 786 370 787 371 788 370 787 372 789 373 790 372 789 224 791 373 790 224 791 230 792 373 790 178 784 246 786 371 788 222 793 224 791 372 789 222 793 372 789 367 794 222 793 367 794 334 795 335 744 367 794 271 796 367 794 335 744 334 795 342 797 343 798 178 784 257 748 249 737 271 799 249 800 248 800 271 800 271 796 248 801 316 802 271 796 316 802 362 745 271 796 362 745 335 744 234 803 222 793 334 795 335 744 317 729 334 795 317 729 242 735 334 795 234 803 334 795 341 730 341 730 360 728 234 803 360 728 373 790 234 803 234 803 373 790 230 792 342 797 178 784 371 788 178 784 343 798 207 804 343 798 180 805 207 804 178 784 207 804 213 806 336 807 178 784 213 806 374 808 375 809 376 810 376 810 336 807 374 808 374 808 336 807 377 811 378 812 374 808 377 811 377 811 330 813 378 812 377 811 336 807 379 814 379 814 336 807 344 815 344 815 336 807 328 816 328 816 336 807 213 806 207 804 180 805 332 817 180 805 182 818 332 817 332 817 182 818 221 819 373 790 371 788 370 787 380 820 208 821 221 819 380 820 221 819 182 818 371 788 380 820 182 818 371 788 182 818 342 797 379 822 331 822 377 822 203 823 202 823 355 823 229 824 375 809 381 825 284 826 282 827 363 828 363 828 282 827 366 829 281 830 357 831 282 827 250 832 284 826 363 828 357 831 365 833 282 827 282 827 365 833 366 829 258 834 248 623 364 835 364 835 365 833 258 834 248 623 250 832 364 835 363 828 364 835 250 832 245 836 370 836 246 836 225 559 191 558 368 837 191 497 190 496 347 838 241 671 340 670 209 839 319 627 318 626 277 840 314 620 382 841 383 842 259 843 219 843 260 843 261 844 260 844 217 844 365 833 357 831 258 834 256 845 258 834 357 831 357 831 358 846 256 845 256 845 358 846 359 847 274 848 256 845 359 847 274 848 359 847 361 849 274 848 361 849 384 850 274 848 384 850 187 851 337 852 274 848 187 851 337 852 187 851 375 853 187 851 186 854 305 604 305 604 329 855 378 856 305 604 378 856 381 857 375 853 187 851 381 857 329 855 331 858 378 856 381 857 187 851 305 604 265 553 290 859 266 554 253 860 203 861 243 862 270 560 258 863 257 561 273 564 256 864 274 565 251 865 210 865 252 865 220 866 199 866 275 866 331 867 330 867 377 867 223 868 232 868 346 868 362 869 250 869 249 869 306 605 309 870 308 871 385 872 386 873 306 605 308 871 325 874 387 875 385 872 306 605 308 871 307 606 386 873 325 874 386 873 387 875 325 874 387 875 385 872 308 871 353 699 352 698 285 876 285 877 282 878 353 879 282 878 288 880 255 881 282 878 255 881 353 879 255 881 356 882 353 879 255 577 254 883 286 578 286 580 284 884 285 581 228 520 192 885 194 521 255 886 287 887 356 888 287 887 285 889 352 890 352 890 356 888 287 887 201 587 203 891 255 588 203 891 253 892 255 588 310 609 312 893 308 607 312 893 291 894 308 607 254 585 253 895 202 896 201 583 254 585 202 896 290 897 265 897 291 897 299 599 298 598 183 898 240 899 239 899 295 899 334 900 251 900 340 900 303 782 237 781 296 901 296 901 295 778 289 591 237 781 236 902 296 901 236 902 369 775 301 779 301 779 239 780 236 902 239 780 296 901 236 902 289 591 303 782 296 901 238 903 235 530 303 602 235 530 237 532 302 601 311 611 291 904 322 905 322 905 310 612 311 611 305 906 307 907 388 908 352 909 284 910 286 714 286 714 356 713 352 909 294 613 345 911 193 614 307 606 306 605 386 873 324 912 311 913 387 914 311 913 309 915 305 906 305 906 388 908 385 916 307 907 324 912 388 908 311 913 305 906 385 916 387 914 388 908 324 912 311 913 385 916 387 914 313 917 382 918 314 919 304 920 307 920 380 920 337 921 376 921 274 921 383 842 389 922 390 923 305 924 186 925 293 926 186 925 188 927 323 928 380 820 307 929 212 930 208 821 380 820 207 804 293 926 186 925 323 928 207 804 380 820 212 930 188 927 384 931 269 932 384 931 361 739 227 933 225 738 227 933 361 739 384 931 227 933 269 932 188 927 269 932 274 934 269 932 225 738 274 934 350 696 272 935 274 934 350 696 274 934 225 738 188 927 274 934 376 810 188 927 376 810 323 928 212 930 213 806 207 804 376 810 375 809 229 824 229 824 323 928 376 810 328 816 212 930 307 929 328 816 307 929 330 813 307 929 305 924 228 936 328 816 330 813 344 815 305 924 293 926 228 936 330 813 307 929 228 936 378 812 330 813 228 936 229 824 381 825 228 936 381 825 378 812 228 936 245 937 247 938 373 939 367 940 370 941 245 937 247 938 177 942 371 943 367 940 245 937 373 939 337 852 375 853 374 944 179 945 337 852 374 944 179 945 374 944 331 858 374 944 378 856 331 858 179 945 331 858 379 946 179 945 379 946 344 947 179 945 344 947 304 603 344 947 329 855 304 603 329 855 305 604 304 603 380 948 371 943 177 942 380 948 177 942 179 945 304 603 380 948 179 945 371 943 373 939 247 938 367 940 373 939 360 949 284 826 250 832 362 950 360 949 284 826 270 624 367 940 360 949 270 624 284 826 362 950 270 624 362 950 316 622 270 624 248 623 258 834 270 624 315 951 264 952 290 953 315 951 290 953 382 841 279 954 278 954 320 954 265 955 262 956 315 957 262 956 268 958 315 957 268 958 389 959 315 957 382 918 313 917 265 960 315 957 382 961 265 955 265 960 313 917 383 962 283 963 322 964 267 965 322 964 291 966 391 967 267 965 322 964 391 967 265 955 267 965 262 956 262 956 267 965 263 968 313 917 315 957 383 962 315 957 389 959 383 962 391 967 263 968 267 965 265 960 383 962 392 969 291 970 265 970 392 970 268 958 391 967 291 966 291 966 392 971 389 959 268 958 291 966 389 959 289 972 253 860 303 602 299 629 183 973 185 630 308 636 311 974 324 637 215 975 302 601 369 976 243 862 203 861 215 975 203 861 355 977 215 975 302 601 237 532 369 976 236 531 235 530 238 903 236 531 238 903 240 978 236 531 240 978 244 979 236 531 244 979 369 976 253 860 243 862 300 980 303 602 253 860 238 903 253 860 300 980 295 981 300 980 244 979 240 978 295 981 300 980 240 978 295 981 238 903 253 860 369 976 244 979 215 975 244 979 243 862 215 975 226 23 368 23 191 23 269 644 226 643 189 982 291 983 311 983 308 983 179 984 178 984 336 984 382 841 290 953 383 842 292 616 312 618 391 985 312 618 283 986 266 987 266 987 290 953 264 952 264 952 263 988 266 987 312 618 266 987 391 985 392 989 383 842 290 953 392 989 290 953 292 990 266 987 263 988 391 985 389 991 392 989 292 990 390 992 389 992 292 992 292 616 391 985 268 993 390 923 292 616 268 993 390 923 268 993 314 620 383 842 390 923 314 620 268 993 264 994 314 620 264 994 315 621 314 620 322 995 312 995 310 995 340 996 251 996 209 996 335 656 279 997 318 657 230 998 223 998 231 998 336 660 376 999 337 661 234 546 233 1000 223 547 198 1001 333 1001 220 1001 182 674 181 1002 195 675 188 1003 187 1003 384 1003 328 1004 204 1004 206 1004 206 1005 205 1005 339 1005 277 570 320 1006 278 571 194 1007 193 1007 345 1007 226 1008 347 1008 190 1008 298 689 184 1009 349 690 273 695 272 935 350 696 181 567 196 1010 276 568 247 1011 178 1011 177 1011 354 1012 353 1012 356 1012 385 1013 388 1013 386 1013 219 692 218 1014 348 693 386 1015 388 1015 387 1015 327 1016 217 1016 219 1016 370 1017 367 1017 372 1017</p>
        </triangles>
      </mesh>
    </geometry>
  </library_geometries>
  <library_visual_scenes>
    <visual_scene id="scene">
      <node id="body">
        <instance_geometry url="#geometry">
          <bind_material>
            <technique_common>
              <instance_material symbol="scout_1a1f21" target="#scout_1a1f21" />
              <instance_material symbol="scout_b01424" target="#scout_b01424" />
              <instance_material symbol="scout_b8bab5" target="#scout_b8bab5" />
              <instance_material symbol="scout_dbded4" target="#scout_dbded4" />
            </technique_common>
          </bind_material>
        </instance_geometry>
      </node>
    </visual_scene>
  </library_visual_scenes>
  <scene>
    <instance_visual_scene url="#scene" />
  </scene>
</COLLADA>