<?xml version='1.0' encoding='utf-8'?>
<COLLADA xmlns="http://www.collada.org/2005/11/COLLADASchema" version="1.4.1">
  <asset>
    <created>2026-09-14T00:00:00Z</created>
    <modified>2026-09-14T00:00:00Z</modified>
    <unit name="metre" meter="1" />
    <up_axis>Z_UP</up_axis>
  </asset>
  <library_effects>
    <effect id="scout_11141b_effect">
      <profile_COMMON>
        <technique sid="common">
          <phong>
            <emission>
              <color>0 0 0 1</color>
            </emission>
            <ambient>
              <color>0.0325 0.04 0.0525 1</color>
            </ambient>
            <diffuse>
              <color>0.065 0.08 0.105 1</color>
            </diffuse>
            <specular>
              <color>0.035 0.035 0.035 1</color>
            </specular>
            <shininess>
              <float>24</float>
            </shininess>
          </phong>
        </technique>
      </profile_COMMON>
    </effect>
    <effect id="scout_1a1f21_effect">
      <profile_COMMON>
        <technique sid="common">
          <phong>
            <emission>
              <color>0 0 0 1</color>
            </emission>
            <ambient>
              <color>0.05 0.06 0.065 1</color>
            </ambient>
            <diffuse>
              <color>0.1 0.12 0.13 1</color>
            </diffuse>
            <specular>
              <color>0.035 0.035 0.035 1</color>
            </specular>
            <shininess>
              <float>24</float>
            </shininess>
          </phong>
        </technique>
      </profile_COMMON>
    </effect>
    <effect id="scout_b8bab5_effect">
      <profile_COMMON>
        <technique sid="common">
          <phong>
            <emission>
              <color>0 0 0 1</color>
            </emission>
            <ambient>
              <color>0.36 0.365 0.355 1</color>
            </ambient>
            <diffuse>
              <color>0.72 0.73 0.71 1</color>
            </diffuse>
            <specular>
              <color>0.035 0.035 0.035 1</color>
            </specular>
            <shininess>
              <float>24</float>
            </shininess>
          </phong>
        </technique>
      </profile_COMMON>
    </effect>
    <effect id="scout_dbded4_effect">
      <profile_COMMON>
        <technique sid="common">
          <phong>
            <emission>
              <color>0 0 0 1</color>
            </emission>
            <ambient>
              <color>0.43 0.435 0.415 1</color>
            </ambient>
            <diffuse>
              <color>0.86 0.87 0.83 1</color>
            </diffuse>
            <specular>
              <color>0.035 0.035 0.035 1</color>
            </specular>
            <shininess>
              <float>24</float>
            </shininess>
          </phong>
        </technique>
      </profile_COMMON>
    </effect>
  </library_effects>
  <library_materials>
    <material id="scout_11141b" name="scout_11141b">
      <instance_effect url="#scout_11141b_effect" />
    </material>
    <material id="scout_1a1f21" name="scout_1a1f21">
      <instance_effect url="#scout_1a1f21_effect" />
    </material>
    <material id="scout_b8bab5" name="scout_b8bab5">
      <instance_effect url="#scout_b8bab5_effect" />
    </material>
    <material id="scout_dbded4" name="scout_dbded4">
      <instance_effect url="#scout_dbded4_effect" />
    </material>
  </library_materials>
  <library_geometries>
    <geometry id="geometry" name="payload">
      <mesh>
        <source id="positions">
          <float_array id="positions_array" count="4077">0.131190568 0.120828137 0.00741667161 -0.0826427713 -0.123338535 0.00741666742 -0.0828414857 0.120706342 0.00753846299 -0.0828414857 -0.123216741 0.0604615435 0.131190568 -0.123338535 0.0605833381 0.13138929 -0.123216741 0.00753846392 -0.0826427639 0.120828137 0.0605833344 0.13138929 0.120706342 0.0604615398 0.188639015 -0.0369833298 0.0966685191 0.183050781 -0.0459252708 0.0966685191 0.182895839 -0.0370783024 0.0967634916 0.182895839 -0.0458303019 0.120237745 0.188639015 -0.0459252708 0.12033271 0.188793972 -0.0458302982 0.0967634842 0.183050781 -0.0369833335 0.12033271 0.188793972 -0.0370783024 0.120237745 0.207012594 0.0433281325 0.0964161158 0.183179274 -0.0457626097 0.0964161158 0.182980552 0.0432063416 0.0965379179 0.182980552 -0.0456408188 0.120462157 0.207012594 -0.0457626097 0.120583951 0.207211301 -0.0456408225 0.0965379179 0.183179274 0.0433281325 0.120583951 0.207211301 0.0432063453 0.120462157 0.0771110356 -0.0577077307 0.190500006 0.0762009248 -0.0611042939 0.188999996 0.0744368508 -0.0618408918 0.190500006 -0.040358115 0.051050324 0.18991974 0.0846936405 0.0505532101 0.200833902 0.0847174525 0.0503893718 0.195213854 -0.012818737 0.0399669446 0.199500009 -0.0147022922 0.03628565 0.199500009 -0.0403063595 0.0499782711 0.200073451 0.0720238462 -0.0598350912 0.188999996 -0.0281445049 -0.0607148632 0.188999996 -0.0303063616 -0.055912219 0.189750001 -0.0105626397 -0.0390084498 0.200522751 -0.0112260664 -0.0422722772 0.199500009 -0.012818736 -0.0424773432 0.20100002 0.0733469501 0.0540372692 0.18986842 0.0744356662 0.0592151433 0.188999996 0.0728589818 0.0585316606 0.190500006 0.0728589818 -0.0567183457 0.190500006 0.0847788006 0.0504236668 0.189187452 0.0775914788 0.0559371933 0.190125003 0.0812506303 -0.0648164451 0.189696431 0.0344116613 0.0389099158 0.200187519 0.0300538857 0.0385000817 0.20019795 0.0320029333 -0.0425250642 0.200386375 -0.0112821721 0.0400790758 0.201365173 -0.014999589 0.0372892804 0.20100002 0.0136788841 -0.00162036368 0.200709701 -0.0116714882 0.0356853344 0.20100002 -0.0284717027 -0.0610420629 0.190500006 -0.0325304456 -0.0603874847 0.188999996 -0.0395285115 -0.0541987903 0.195005953 0.0559748597 -0.00321452599 0.200205892 0.0433628745 -0.0231180396 0.199500009 0.0523566641 -0.00103949395 0.20100002 0.0847453922 -0.0535607226 0.18991974 -0.0403919145 -0.0529186763 0.189221144 0.0846936405 -0.0519873202 0.19944644 -0.0327419937 0.0580725372 0.190500006 -0.0312612541 0.0590395965 0.188999996 -0.0278889704 0.0575422719 0.190500006 -0.0276139379 0.0551118478 0.188999996 -0.0297984276 0.0535802469 0.190500006 -0.0325304456 0.0548625141 0.188999996 0.0759515911 -0.056187775 0.188999996 0.0846936405 -0.0529900566 0.200817838 -0.014999589 -0.0397996791 0.199500009 -0.0118785407 -0.020182509 0.20100002 0.0303147361 -0.0388890989 0.200605273 0.0346868671 -0.0397996791 0.20100002 -0.0103131337 0.0372892804 0.199500009 -0.0252862237 -0.000136866671 0.200090438 -0.0368633494 -0.0648164451 0.189807698 0.0649891123 0.0750004649 0.18969512 0.00804665312 0.00243697059 0.19995001 0.0323436409 0.0353692695 0.200250015 0.0565293953 0.000430552027 0.200282618 0.00863602012 -0.00507416436 0.200083345 -0.0378647633 0.0609789528 0.189923078 -0.0123055065 -0.0643690601 0.156748727 -0.0109920213 -0.0644562095 0.14257057 -0.0109857693 -0.0644859299 0.156282738 -0.0103947222 -0.035259001 0.142584085 -0.0110117523 -0.0352769457 0.142060235 -0.010857855 -0.0346852355 0.14258942 -0.0104003474 -0.0352373049 0.156408221 -0.0108717978 -0.0346765853 0.156407967 -0.0109893847 -0.0352760032 0.156932294 -0.0123055074 -0.0347413346 0.142251283 -0.0110965623 -0.0640266314 0.156900048 -0.0123055847 -0.0348064825 0.15681386 -0.0123055847 -0.0643039197 0.14218615 -0.0109894127 -0.0638343766 0.142067701 -0.0103945769 -0.0639575869 0.156314582 -0.0104168132 -0.0639644787 0.142606094 -0.0107388785 -0.0637859777 0.156824261 -0.0128896981 -0.0130270217 0.142416656 -0.0857230276 -0.0860833824 0.142416656 -0.0859217495 -0.0131488182 0.142538458 -0.0859217495 -0.0859615877 0.173461542 -0.0128896954 -0.0860833898 0.173583329 -0.0126909791 -0.0859615877 0.142538458 -0.0857230276 -0.013027017 0.173583329 -0.0126909763 -0.0131488172 0.173461542 0.0101905707 0.108828142 0.0369166657 -0.056642767 0.0216614679 0.0369166657 -0.0568414852 0.10870634 0.0370384604 -0.0568414852 0.0217832644 0.0589615405 0.0101905717 0.0216614697 0.0590833351 0.0103892889 0.0217832644 0.0370384604 -0.056642767 0.108828142 0.0590833351 0.0103892889 0.108706348 0.0589615405 0.106250763 0.0443563536 0.142416656 0.0278468151 -0.0458181575 0.142416656 0.0276480932 0.0442345589 0.142538458 0.0276480932 -0.0456963629 0.154461548 0.10625077 -0.0458181612 0.154583335 0.106449485 -0.0456963629 0.142538458 0.0278468132 0.0443563573 0.154583335 0.106449485 0.0442345589 0.154461548 0.0729204491 0.0928536803 0.148420125 0.061090786 0.0441808626 0.148420125 0.0608920716 0.0927318931 0.148541927 0.0608920716 0.0443026498 0.160457328 0.0729204565 0.0441808589 0.16057913 0.073119171 0.0443026535 0.148541927 0.0610907823 0.0928536803 0.16057913 0.073119171 0.0927318931 0.160457328 -0.0104168104 0.0614540726 0.156393901 -0.0110117299 0.0619845651 0.156278268 -0.0109787686 0.0614672676 0.156897604 -0.0107388776 0.0328140296 0.156824261 -0.0110965632 0.0325733759 0.156900048 -0.0103947213 0.0613409989 0.142584085 -0.0110117532 0.0613230579 0.142060235 -0.010857855 0.0619147681 0.14258942 -0.0109857647 0.0321140811 0.156282738 -0.0103945779 0.0326424167 0.156314582 -0.0123055847 0.0618586689 0.142251283 -0.0123055074 0.061793521 0.15681386 -0.011007634 0.0321370475 0.14258042 -0.0123055065 0.0322960801 0.14218615 -0.0109857833 0.0327620767 0.14206928 -0.0104168132 0.0326355249 0.142606094 -0.0123055847 0.0322309397 0.156748727 -0.0128896991 0.0835729837 0.142416656 -0.0857230276 0.0105166221 0.142416656 -0.0859217495 0.0834511891 0.142538458 -0.0859217495 0.0106384186 0.173461542 -0.0128896972 0.0105166193 0.173583329 -0.0126909791 0.0106384186 0.142538458 -0.0857230276 0.0835729837 0.173583329 -0.0126909753 0.0834511891 0.173461542 -0.0352094322 0.0219281353 0.0089166658 -0.08124277 -0.0244385339 0.00891666673 -0.0814414844 0.0218063407 0.00903846044 -0.0814414844 -0.0243167393 0.0334615372 -0.0352094322 -0.0244385339 0.0335833356 -0.0350107141 -0.0243167393 0.00903846044 -0.08124277 0.0219281353 0.0335833319 -0.0350107141 0.0218063407 0.0334615372 0.0578436404 -0.00125520001 0.200800002 0.0562080778 -0.0136785144 0.200800002 0.0514128581 -0.0252551995 0.200800002 0.0437847637 -0.0351963267 0.200800002 0.0338436402 -0.0428244211 0.200800002 0.0222669542 -0.0476196408 0.200800002 0.00984364003 -0.0492551997 0.200800002 -0.00257967412 -0.0476196408 0.200800002 -0.0141563602 -0.0428244211 0.200800002 -0.0240974855 -0.0351963267 0.200800002 -0.031725578 -0.0252551995 0.200800002 -0.0365208015 -0.0136785144 0.200800002 -0.0381563604 -0.00125520001 0.200800002 -0.0365208015 0.0111681139 0.200800002 -0.031725578 0.0227448009 0.200800002 -0.0240974855 0.0326859243 0.200800002 -0.0141563602 0.0403140187 0.200800002 -0.00257967412 0.0451092385 0.200800002 0.00984364003 0.0467448011 0.200800002 0.0222669542 0.0451092385 0.200800002 0.0338436402 0.0403140187 0.200800002 0.0437847637 0.0326859243 0.200800002 0.0514128581 0.0227448009 0.200800002 0.0562080778 0.0111681139 0.200800002 0.0581399314 0.0116857523 0.202999994 0.0598436408 -0.00125520001 0.202999994 0.0531449094 0.0237447992 0.202999994 0.0451989807 0.0341001377 0.202999994 0.0348436385 0.0420460701 0.202999994 0.0227845926 0.0470410921 0.202999994 0.00984364003 0.0487448014 0.202999994 -0.00309731229 0.0470410921 0.202999994 -0.0151563603 0.0420460701 0.202999994 -0.0255116988 0.0341001377 0.202999994 -0.0334576294 0.0237447992 0.202999994 -0.0384526514 0.0116857523 0.202999994 -0.0401563607 -0.00125520001 0.202999994 -0.0384526514 -0.0141961519 0.202999994 -0.0334576294 -0.0262551997 0.202999994 -0.0255116988 -0.03661054 0.202999994 -0.0151563603 -0.0445564687 0.202999994 -0.00309731229 -0.0495514907 0.202999994 0.00984364003 -0.0512552001 0.202999994 0.0227845926 -0.0495514907 0.202999994 0.0348436385 -0.0445564687 0.202999994 0.0451989807 -0.03661054 0.202999994 0.0531449094 -0.0262551997 0.202999994 0.0581399314 -0.0141961519 0.202999994 0.0581399314 0.0116857523 0.217999995 0.0598436408 -0.00125520001 0.217999995 0.0531449094 0.0237447992 0.217999995 0.0451989807 0.0341001377 0.217999995 0.0348436385 0.0420460701 0.217999995 0.0227845926 0.0470410921 0.217999995 0.00984364003 0.0487448014 0.217999995 -0.00309731229 0.0470410921 0.217999995 -0.0151563603 0.0420460701 0.217999995 -0.0255116988 0.0341001377 0.217999995 -0.0334576294 0.0237447992 0.217999995 -0.0384526514 0.0116857523 0.217999995 -0.0401563607 -0.00125520001 0.217999995 -0.0384526514 -0.0141961519 0.217999995 -0.0334576294 -0.0262551997 0.217999995 -0.0255116988 -0.03661054 0.217999995 -0.0151563603 -0.0445564687 0.217999995 -0.00309731229 -0.0495514907 0.217999995 0.00984364003 -0.0512552001 0.217999995 0.0227845926 -0.0495514907 0.217999995 0.0348436385 -0.0445564687 0.217999995 0.0451989807 -0.03661054 0.217999995 0.0531449094 -0.0262551997 0.217999995 0.0581399314 -0.0141961519 0.217999995 0.0576569699 0.0115563432 0.221000001 0.0593436398 -0.00125520001 0.221000001 0.0527118966 0.0234948006 0.221000001 0.0448454246 0.0337465852 0.221000001 0.0345936418 0.0416130573 0.221000001 0.0226551834 0.0465581268 0.221000001 0.00984364003 0.0482448004 0.221000001 -0.00296790269 0.0465581268 0.221000001 -0.0149063598 0.0416130573 0.221000001 -0.0251581464 0.0337465852 0.221000001 -0.0330246165 0.0234948006 0.221000001 -0.0379696898 0.0115563432 0.221000001 -0.0396563597 -0.00125520001 0.221000001 -0.0379696898 -0.0140667427 0.221000001 -0.0330246165 -0.0260051992 0.221000001 -0.0251581464 -0.0362569839 0.221000001 -0.0149063598 -0.0441234559 0.221000001 -0.00296790269 -0.0490685292 0.221000001 0.00984364003 -0.050755199 0.221000001 0.0226551834 -0.0490685292 0.221000001 0.0345936418 -0.0441234559 0.221000001 0.0448454246 -0.0362569839 0.221000001 0.0527118966 -0.0260051992 0.221000001 0.0576569699 -0.0140667427 0.221000001 0.0576569699 0.0115563432 0.284000009 0.0593436398 -0.00125520001 0.284000009 0.0527118966 0.0234948006 0.284000009 0.0448454246 0.0337465852 0.284000009 0.0345936418 0.0416130573 0.284000009 0.0226551834 0.0465581268 0.284000009 0.00984364003 0.0482448004 0.284000009 -0.00296790269 0.0465581268 0.284000009 -0.0149063598 0.0416130573 0.284000009 -0.0251581464 0.0337465852 0.284000009 -0.0330246165 0.0234948006 0.284000009 -0.0379696898 0.0115563432 0.284000009 -0.0396563597 -0.00125520001 0.284000009 -0.0379696898 -0.0140667427 0.284000009 -0.0330246165 -0.0260051992 0.284000009 -0.0251581464 -0.0362569839 0.284000009 -0.0149063598 -0.0441234559 0.284000009 -0.00296790269 -0.0490685292 0.284000009 0.00984364003 -0.050755199 0.284000009 0.0226551834 -0.0490685292 0.284000009 0.0345936418 -0.0441234559 0.284000009 0.0448454246 -0.0362569839 0.284000009 0.0527118966 -0.0260051992 0.284000009 0.0576569699 -0.0140667427 0.284000009 0.0576569699 0.0115563432 0.297800004 0.0593436398 -0.00125520001 0.297800004 0.0527118966 0.0234948006 0.297800004 0.0448454246 0.0337465852 0.297800004 0.0345936418 0.0416130573 0.297800004 0.0226551834 0.0465581268 0.297800004 0.00984364003 0.0482448004 0.297800004 -0.00296790269 0.0465581268 0.297800004 -0.0149063598 0.0416130573 0.297800004 -0.0251581464 0.0337465852 0.297800004 -0.0330246165 0.0234948006 0.297800004 -0.0379696898 0.0115563432 0.297800004 -0.0396563597 -0.00125520001 0.297800004 -0.0379696898 -0.0140667427 0.297800004 -0.0330246165 -0.0260051992 0.297800004 -0.0251581464 -0.0362569839 0.297800004 -0.0149063598 -0.0441234559 0.297800004 -0.00296790269 -0.0490685292 0.297800004 0.00984364003 -0.050755199 0.297800004 0.0226551834 -0.0490685292 0.297800004 0.0345936418 -0.0441234559 0.297800004 0.0448454246 -0.0362569839 0.297800004 0.0527118966 -0.0260051992 0.297800004 0.0576569699 -0.0140667427 0.297800004 0.0552421547 0.0109092947 0.300799996 0.0568436384 -0.00125520001 0.300799996 0.0505468324 0.0222447999 0.300799996 0.0430776589 0.0319788195 0.300799996 0.0333436392 0.039447993 0.300799996 0.0220081359 0.0441433154 0.300799996 0.00984364003 0.0457447991 0.300799996 -0.00232085516 0.0441433154 0.300799996 -0.0136563601 0.039447993 0.300799996 -0.0233903788 0.0319788195 0.300799996 -0.0308595542 0.0222447999 0.300799996 -0.0355548747 0.0109092947 0.300799996 -0.0371563584 -0.00125520001 0.300799996 -0.0355548747 -0.0134196952 0.300799996 -0.0308595542 -0.0247552004 0.300799996 -0.0233903788 -0.0344892181 0.300799996 -0.0136563601 -0.0419583954 0.300799996 -0.00232085516 -0.046653714 0.300799996 0.00984364003 -0.0482552014 0.300799996 0.0220081359 -0.046653714 0.300799996 0.0333436392 -0.0419583954 0.300799996 0.0430776589 -0.0344892181 0.300799996 0.0505468324 -0.0247552004 0.300799996 0.0552421547 -0.0134196952 0.300799996 -0.0284134243 -0.00330827152 0.197300002 -0.0284134243 0.000797870802 0.107300006 -0.0278332066 -0.00488688936 0.107300006 -0.018682858 0.00433950219 0.197300002 -0.0172498208 0.00313704181 0.107300006 -0.0212210156 0.00526331551 0.107300006 -0.023091713 0.00526331551 0.197300002 -0.025629865 0.00433950359 0.107300006 -0.025629865 -0.00684990408 0.197300002 -0.023091713 -0.007773716 0.107300006 -0.0278332066 0.00237648911 0.197300002 -0.0169788375 -0.00532449596 0.107300006 -0.0164795183 -0.0048868903 0.197300002 -0.0199332312 -0.00736320205 0.107299998 -0.0212210156 -0.007773716 0.197300002 -0.0155744562 -0.00104441226 0.107300006 -0.0158993006 0.000797870802 0.197300002 0.11469055 0.02682814 0.0424366705 0.0288572367 -0.0723385364 0.0424366668 0.0286585186 0.0267063454 0.0425584614 0.0286585186 -0.0722167417 0.0567815378 0.11469055 -0.0723385364 0.0569033325 0.114889272 -0.0722167417 0.0425584652 0.0288572367 0.02682814 0.0569033325 0.114889272 0.0267063435 0.0567815378 0.114890553 0.0290781241 0.0577366613 0.0289572235 -0.0745885372 0.0577366613 0.0287585054 0.0289563313 0.0578584559 0.0287585054 -0.0744667426 0.0827815309 0.114890553 -0.0745885372 0.0829033256 0.115089275 -0.0744667426 0.0578584559 0.0289572235 0.029078126 0.0829033256 0.115089275 0.0289563313 0.0827815309 0.030894177 -0.0692446604 0.0410199985 0.0317591801 -0.0672545135 0.0410199985 0.0336536281 -0.068265751 0.0410199985 0.0343193673 -0.0671806037 0.0420200042 0.0315339491 -0.0671799034 0.0380199999 0.0309893433 -0.0675593242 0.0420200042 0.0305492058 -0.0693845898 0.0380199999 0.0308440458 -0.0699439496 0.0420199893 0.0328367986 -0.0703599975 0.0380199999 0.0333497897 -0.0701009929 0.0420199968 0.0327886492 -0.0702558905 0.0410199985 0.0339896753 -0.0681383163 0.0380199999 0.0324467979 -0.0702489391 0.0599526055 0.032053113 -0.0672678873 0.0599717759 0.0308078136 -0.0689646676 0.0599519946 0.033751417 -0.068644613 0.0599805377 0.0332673565 -0.0674003288 0.0420199931 0.11331936 -0.0671806037 0.0420200042 0.111593179 -0.0668882504 0.0380199999 0.109989338 -0.0675593242 0.0420200042 0.109844036 -0.0699439496 0.0420199893 0.110932998 -0.0713139102 0.0380199999 0.112349786 -0.0701009929 0.0420199968 0.112779506 -0.0685466826 0.0410199985 0.111175179 -0.0703386366 0.0410199985 0.110145979 -0.0674689859 0.0410199985 0.109596461 -0.0683107078 0.0380199999 0.113000073 -0.0686760843 0.0380199999 0.111372672 -0.0703386366 0.0380199999 0.1112324 -0.0702173635 0.0599545874 0.110616893 -0.0673780739 0.0599896759 0.109931961 -0.0692706928 0.0599660166 0.112844832 -0.0685822889 0.0599592663 0.112267353 -0.0674003288 0.0420199931 0.1104552 0.0216015428 0.0420200303 0.11331936 0.0216702055 0.0380199999 0.112523906 0.021079734 0.0420200005 0.112463385 0.0221949685 0.0380199999 0.112463377 0.0242946297 0.0410199985 0.112301379 0.024587689 0.0380199999 0.112564363 0.0226195045 0.0599800386 0.113020085 0.0233785193 0.0420200042 0.110086985 0.0220211428 0.0380199999 0.111161977 0.0215377472 0.0410199985 0.112057716 0.0245656595 0.0599709786 0.110905722 0.0249740612 0.0420200452 0.109902203 0.0244632531 0.0380199999 0.110061839 0.0241619907 0.0410199985 0.108887546 0.0242289193 0.0420200042 0.109855518 0.0238134786 0.0599661656 0.110932626 0.0217704158 0.0599529669 0.0339647979 0.0230099875 0.0380199999 0.0332799666 0.0245590936 0.0410199985 0.032788638 0.0247454867 0.0380199999 0.0311949737 0.0218524113 0.0420200005 0.0319316536 0.0214115232 0.0380199999 0.0333497897 0.0218990128 0.0420199968 0.0307462886 0.0236279722 0.0600126088 0.0319057256 0.0249740612 0.0420200452 0.0309521891 0.0238743089 0.0410199985 0.0305295065 0.0232430212 0.0380199999 0.0324468017 0.0217476077 0.0599461868 0.0337032601 0.0230730735 0.0599625036 0.0328923166 0.0245922022 0.0599677116 0.0340372436 0.023428848 0.0420200042 0.0326148234 0.0258035101 0.0380199999 0.0321619846 0.0215377379 0.0410199985 0.0298875533 0.0242289193 0.0420200042 0.116990574 0.0291781258 0.0384366252 0.0267572477 -0.0745885372 0.0384366252 0.0265585277 0.0290563311 0.0385584198 0.0265585277 -0.0744667426 0.0856817365 0.116990574 -0.0745885372 0.0858035311 0.117189296 -0.0744667426 0.0385584198 0.0267572477 0.0291781276 0.0858035311 0.117189296 0.0290563311 0.0856817365 -0.134518534 -0.0194799267 0.10231673 -0.0875028148 -0.0201548953 0.101302996 -0.132338077 -0.0193883907 0.103372253 -0.118088089 -0.0368095338 0.143372372 -0.119402729 -0.0360407569 0.145608023 -0.120006919 -0.0405217558 0.143948004 -0.113364786 0.0340856053 0.157811403 -0.116505407 0.0324723683 0.153568357 -0.11731524 0.0151997106 0.145495728 -0.117945187 -0.0408914946 0.143764973 -0.118718117 -0.0401117615 0.147488981 -0.116624765 -0.0387551971 0.14739278 -0.143468797 -0.041158013 0.0736394525 -0.145518437 -0.0364044234 0.0738557056 -0.145415157 -0.0409308523 0.0741394833 -0.119984269 -0.00728412904 0.141525015 -0.143542141 0.0341156349 0.0757769644 -0.144228891 0.0368914045 0.0773987025 -0.142725572 0.0385200717 0.0756814331 -0.116792686 0.0374781899 0.14693144 -0.119967468 0.0381904766 0.14405641 -0.11841654 0.0369445607 0.142469943 -0.134495452 0.0170288235 0.10244406 -0.14542529 0.0294437427 0.068264015 -0.132316619 0.0168470349 0.103293791 -0.102313451 0.00874479953 0.101252995 -0.0882835388 -0.00178807159 0.101572223 -0.102224648 -0.0118886856 0.100841455 -0.146243811 -0.0534110516 0.0689389557 -0.142331168 -0.0387552008 0.0767650381 -0.143624142 -0.0364799313 0.0732126236 -0.141342059 0.0463319235 0.0814317912 -0.145926058 0.0371778123 0.0727357641 -0.144228891 -0.0394018032 0.0773987025 -0.0875028148 0.0176444948 0.101302996 -0.11345043 -0.044980742 0.159037992 -0.121128865 -0.0479400828 0.137727767 -0.147677943 0.0466634892 0.0649986863 -0.149091661 0.027119955 0.0640383661 -0.118487388 0.0336845703 0.145045191 -0.130665213 0.0311633758 0.112488739 -0.148178935 -0.0294564944 0.063847132 -0.117756166 0.0507802255 0.147208095 -0.134983748 -0.0364676453 0.0998757184 -0.0534692705 0.0824316368 0.140000015 -0.048821196 0.0828784183 0.137500018 -0.0521645918 0.0808089301 0.137500018 -0.045287244 -0.0828393772 0.140000015 -0.047049474 -0.0859671906 0.137500018 -0.0482239164 -0.0781156123 0.137500018 -0.0506466031 0.0808207318 0.140697688 -0.0913982838 0.086193189 0.0980000049 -0.0908081234 0.0871188417 0.0960000008 -0.0905498564 0.0899820551 0.0970000029 -0.0744502991 0.0957336947 0.0970929861 -0.0875330344 0.0896203816 0.0959476531 -0.0864206254 0.0959514529 0.0977350697 -0.0506083108 -0.0208611432 0.140000015 -0.051813297 -0.0203325879 0.137500018 -0.0456677303 -0.0168104935 0.137500018 0.0993885025 -0.0456862077 0.187000006 0.0995825008 -0.0447158441 0.188999996 0.0944269672 0.0464529172 0.188999996 -0.0523172915 -0.0834904164 0.137500018 -0.0475111939 -0.0830913037 0.137500018 -0.0682145283 -0.0879926085 0.142000005 -0.0856578425 -0.0880120695 0.142999992 -0.0672950521 -0.0888572335 0.143999994 -0.0492437743 0.0758386925 0.140000015 -0.0510404445 0.0752782598 0.137500018 -0.0448545627 0.079544805 0.138773605 -0.051813297 -0.0121778119 0.140000015 -0.0505951196 -0.0126826828 0.137500018 0.0331477746 -0.0556301996 0.140000015 -0.0137604903 -0.0556301996 0.142000005 -0.0223210081 -0.0799565464 0.142000005 0.128592312 0.0879584029 0.0980000049 0.10962683 0.0853757635 0.0960000008 0.127415434 0.088392958 0.0960000008 0.117864795 0.0942207873 0.100319944 0.120693646 0.0952543691 0.0965247378 -0.0285408814 0.0570450202 0.188181818 -0.0311366133 0.0545928031 0.187000006 -0.00613390654 0.0525186956 0.188999996 -0.0497894026 -0.0181601793 0.138596505 -0.0472450443 -0.0164721645 0.140000015 0.12125212 -0.0921101719 0.142756328 0.1166967 -0.0942386091 0.187310457 0.120693639 -0.0981416404 0.188194528 0.113358073 0.0951322764 0.134418219 0.114822812 0.0962091982 0.102621779 0.108693644 0.09372738 0.144248247 0.108693644 0.0936488584 0.186767191 0.108693644 0.0953366607 0.188445941 -0.0522914343 -0.0856809318 0.140000015 -0.0487268642 0.0776242763 0.137500018 -0.047245048 0.0793278441 0.140000015 0.12696892 -0.0938987583 0.0980000049 0.125673175 -0.0906546786 0.0980000049 0.122887947 -0.0924796909 0.0980000049 -0.0817858726 0.0952091962 0.103581809 -0.0864206254 0.0937729329 0.0982770324 -0.0793160349 0.0952091962 0.103216201 0.113358073 -0.0977965221 0.134418204 0.114564478 -0.0987195969 0.102621779 0.109681107 -0.0934610292 0.0980761871 -0.044917535 -0.0156446025 0.140000015 -0.0581313558 -0.0102551999 0.140000001 -0.0668472126 -0.00954131782 0.142000005 -0.0105569493 -0.0123319793 0.142000005 -0.0864206254 -0.0977487788 0.0964757875 -0.0737568662 -0.0943354592 0.0955739021 -0.0793160349 -0.0977195948 0.103216201 -0.0502453521 -0.0147358337 0.140411779 0.0483203977 0.0568120815 0.141100004 0.0964036658 0.0550500229 0.142000005 0.0947282612 0.0653122365 0.142000005 0.071025379 -0.00887524989 0.187553197 0.12696892 -0.0880404413 0.0960000008 0.125575617 -0.0881084353 0.0980000049 -0.0930649936 0.0910119042 0.0960000008 -0.0918145031 0.0851198956 0.0960000008 -0.0675729439 0.0676819086 0.188999996 -0.072158426 0.0747925341 0.187000006 -0.0692832619 0.0793099701 0.188999996 -0.0271987226 -0.0242478866 0.140000015 0.0331477709 -0.0188801996 0.142000005 0.00315088406 0.0431055389 0.188696966 0.000342379004 0.0394121446 0.187000006 0.0342027918 0.0364041105 0.187999994 -0.0322604105 -0.0587107167 0.188999996 -0.0284370668 -0.0581959896 0.187000006 -0.0293115508 -0.057412304 0.188999996 -0.0108913537 -0.023097707 0.140000015 0.03908474 -0.0288354568 0.140363649 0.0331477709 -0.0372552015 0.140975624 0.048341576 -0.0583332255 0.141090915 0.072875239 -0.0494913347 0.140000015 0.0840861723 -0.0600730143 0.140000015 0.074419558 -0.0507750399 0.142000005 0.0736899376 -0.0473317951 0.141000018 0.106223568 0.0867898986 0.143999994 0.103714101 0.0887741148 0.142000005 0.103542536 0.0909016058 0.143999994 -0.011029969 -0.0231694728 0.142000005 0.107682489 -0.0963789821 0.141656399 -0.0733208433 -0.0966333821 0.142006442 -0.0730852783 -0.0957891345 0.139961347 -0.012135827 0.0224273615 0.142000005 -0.0110299699 0.0386590734 0.140000015 -0.00876048952 0.0443207622 0.142000005 -0.0859234259 -0.0823338106 0.139195129 -0.0710719079 -0.0894892588 0.142000005 -0.0121358288 -0.0519377626 0.140000015 0.0416485965 -0.0445474871 0.142000005 0.0963525027 -0.0593234859 0.141125008 0.0949318856 -0.0571038313 0.142000005 -0.0698604211 0.0883625522 0.142000005 -0.0711309239 0.0857612863 0.138090909 -0.0730087236 0.087718159 0.13861765 0.0389850847 0.0341946073 0.142000005 0.103672877 -0.0938087851 0.188999996 0.102724664 -0.0919648185 0.187000006 0.102420308 -0.0813281238 0.188999996 0.0845787227 -0.0362842381 0.14033334 0.0716214329 -0.0430930294 0.140000015 -0.0483142063 -0.0802962035 0.140000015 0.106072627 -0.0923158079 0.142000005 0.102975801 -0.0916435122 0.137727275 0.100585178 -0.0813598707 0.141647071 0.10619729 -0.0898575634 0.142000005 0.105615295 -0.0878398269 0.137975007 0.107769035 0.0877129436 0.13886486 0.102989607 0.0831452757 0.138538465 0.104108743 0.0889366418 0.142000005 0.0957573578 0.0796064511 0.187344834 0.093777135 0.0676311478 0.187000006 0.0939386487 0.0682319626 0.188999996 -0.0772683024 0.0942203924 0.146319866 -0.0664871708 0.0887091979 0.142000005 -0.0738378614 0.0936450958 0.141990349 -0.0708926544 -0.0932799056 0.139352947 -0.0696253479 -0.088728562 0.13796775 -0.016404245 0.0702504963 0.142000005 -0.0179725997 0.071379751 0.140000015 -0.0179725997 0.0830386505 0.142000005 -0.0792893171 -0.0980529264 0.181750074 -0.0733341351 -0.0962333456 0.189008236 -0.0864503086 -0.0981440246 0.188481525 -0.0680856854 0.0909416378 0.140000015 -0.0707672015 0.0913501829 0.136999995 0.0763076767 0.0463698022 0.14106667 0.0742588267 0.0445844866 0.140000015 0.0739727765 0.0446611345 0.142000005 0.0442385711 0.0419985466 0.140000015 0.0737788156 0.0480929539 0.142000005 -0.000882702356 -0.0109441094 0.188999996 0.0072751129 -0.00428180303 0.187000006 0.00727511244 0.00177140243 0.188999996 -0.00787420757 -0.030610865 0.187000006 -0.00681822421 -0.0216283035 0.188040003 0.104590863 -0.0885032266 0.143999994 0.10190244 -0.0887500942 0.142916664 -0.0518964082 0.0725983158 0.142000005 -0.0583396517 0.0738218427 0.140588254 -0.0397862643 0.0697277933 0.142000005 -0.0114872903 0.0347361602 0.187000006 -0.00932279229 0.0346786045 0.188181818 0.0947549269 0.0566987731 0.140000015 -0.0510839857 -0.0820552036 0.140875012 -0.0486761369 -0.0838172659 0.140000015 -0.0320684239 0.0570000336 0.188999996 0.108694009 0.0958950296 0.140518263 0.108693682 0.0938479602 0.141058713 0.119871296 0.0936870724 0.141797826 -0.087834999 0.0882999897 0.0980000049 0.0740634054 -0.0571181364 0.187000006 0.0330520533 -0.0660210177 0.188681811 0.0737576932 -0.0605013147 0.187869564 -0.0501366109 -0.0180321988 0.140000015 -0.0474652573 -0.0159199648 0.142000005 -0.0168495253 -0.00256101019 0.140657157 0.125673175 0.0887741148 0.0980000049 0.123488218 0.08675953 0.0970000029 -0.0480057672 0.0107588498 0.140000015 -0.051813297 0.00966741145 0.137500018 -0.0448545627 0.0137448004 0.138773605 0.108693868 -0.0984247699 0.140325725 0.121545829 -0.0979401097 0.14175044 0.107564174 -0.0929841846 0.138506353 0.12384323 -0.0932003334 0.140185386 0.0139885982 -0.000895690464 0.187000006 0.0139885982 -0.00161470973 0.188999996 0.122887947 -0.0894595087 0.0960000008 0.11247541 -0.0953049064 0.0958593637 0.120693646 -0.0972990245 0.0981217623 -0.0476075262 0.0130281299 0.137500018 -0.0476072431 0.0147011783 0.140410274 -0.0503886603 0.0173268076 0.137500018 0.115827896 -0.0976669639 0.134783819 -0.0918145105 -0.0876303017 0.0980000049 -0.0935786366 -0.0911875144 0.0960000008 -0.0930649936 -0.0935223028 0.0980000049 -0.090304926 -0.0926280841 0.0966956541 -0.091180712 -0.0899138972 0.0980000049 -0.051813297 0.0178221893 0.140000015 -0.0889695063 -0.097882241 0.141661361 -0.0804502964 -0.0976873338 0.135378242 -0.0883980989 0.0952775702 0.141561717 -0.0883361548 0.0938173458 0.1397461 -0.0881747678 0.0092027206 0.140000015 -0.0816113055 -0.0974254757 0.181750074 -0.0744503066 -0.0961532816 0.186788544 -0.0853534266 0.0569623634 0.189683869 -0.0869495943 0.0929947719 0.143318295 -0.0510404445 -0.0777886584 0.140000015 -0.0559913777 -0.0771421716 0.141500011 -0.0864206254 -0.0961532816 0.0982114673 -0.0664871708 0.0882091969 0.143999994 -0.0856995508 0.0854599625 0.142000005 -0.00577695854 0.0189110674 0.188199997 -0.0154190073 0.0213538911 0.187000006 -0.0520784259 0.0120979464 0.140000015 -0.0509538166 0.0126001975 0.137500018 0.126186237 -0.0933828056 0.0960000008 0.0984017551 -0.0757862628 0.187000006 0.0765655339 -0.0588801987 0.187782615 -0.0511474684 0.0140800336 0.140000015 -0.0689958706 0.00991935376 0.142000005 -0.0486761369 0.0119827362 0.140000015 0.0331477746 0.053119801 0.142000005 -0.00633049011 -0.0590326935 0.188099995 -0.00325923017 -0.0471200235 0.188500002 0.1080079 -0.0960993692 0.189041987 0.11725463 -0.0552864634 0.187380955 0.121219523 0.0952542573 0.188078746 0.110793702 -0.00104995898 0.188999996 -0.0692791641 -0.0711593181 0.188199997 -0.0679109469 -0.0828084722 0.188999996 -0.0738875121 0.0896191522 0.0968634188 0.104444936 0.0910474584 0.138444453 0.108693644 -0.0959554762 0.186864451 0.108166248 0.0891825929 0.188176468 0.117659517 0.0927663818 0.187037423 0.102744199 0.0820224658 0.188999996 -0.0736352131 0.0935012251 0.189031422 -0.0692098811 0.09018296 0.188294113 -0.0707124993 0.0856689662 0.187866673 0.0759675056 -0.0477060191 0.142000005 -0.0739178285 0.0929341912 0.140006468 -0.0792893171 0.0948758647 0.181750074 -0.0805794746 0.0962091982 0.148621783 -0.072035253 0.0899053663 0.142999992 -0.0724445581 0.0872149542 0.143000007 -0.0744503066 0.0933593959 0.186920762 0.106278576 0.0899053663 0.142888889 0.106499329 0.08694911 0.142000005 -0.06950064 -0.0905141681 0.142999992 -0.0710804611 -0.0926310495 0.142000005 -0.0766758993 -0.0960198045 0.145276368 0.114693642 0.0951769352 0.182378218 0.11355938 0.0952091962 0.149216205 0.120693639 0.0956312418 0.142805487 0.116029225 0.095286116 0.14958182 -0.0727104023 -0.0899139047 0.143999994 -0.0728696138 -0.0901896656 0.142000005 -0.0864503086 -0.0973098427 0.143670663 -0.0805651173 -0.0987195969 0.148609728 -0.0309365932 0.0581318662 0.187000006 0.10805764 -0.0953749567 0.143975556 0.106499329 -0.0924796909 0.142000005 0.10419289 -0.0934880152 0.143999994 0.103782177 -0.0910894498 0.142000005 0.105758555 -0.0892400742 0.142000005 -0.0290954858 -0.0603070296 0.188999996 -0.0315172374 -0.0603070296 0.187000006 -0.0491368808 0.015698852 0.142000005 0.11355938 -0.0977195948 0.149216205 0.116029225 -0.097642675 0.14958182 -0.0105347568 0.0323384888 0.188999996 -0.0114899287 -0.0371890031 0.188090906 -0.00980931241 -0.0159053635 0.188999996 0.0492069721 -0.0197163243 0.188727275 0.0199220311 -0.0448761359 0.187000006 0.000334523997 -0.0413258709 0.188657135 -0.00145866105 -0.058757782 0.188999996 -0.00160697568 -0.059175428 0.187000006 -0.00127886457 0.0465296917 0.187000006 -0.00420030346 0.0579768568 0.187000006 0.0232450347 0.0456632301 0.187857151 0.0233930275 0.0566650257 0.188999996 0.0203586239 0.0578799769 0.18756251 0.115827896 0.0951565653 0.134783819 0.0302249249 -0.00233876868 0.140777797 0.0303310528 -0.00014315758 0.140000015 0.093419306 0.0844231546 0.141200006 -0.0926959068 0.0913883597 0.0980000049 -0.0511300638 -0.0823268592 0.140000015 -0.0167813487 -0.0758557171 0.140333354 0.0995825008 0.0422054455 0.187000006 -0.0150908828 -0.0201483388 0.187000006 -0.00745548587 -0.0192500222 0.187956527 0.00773343677 0.00185852044 0.187000006 -0.00570830703 0.0164596289 0.187999994 -0.00162383937 -0.0438625999 0.187000006 0.0257992633 -0.0382445119 0.187888891 0.0492689274 -0.012963607 0.187000006 0.048946809 -0.00125520013 0.187999994 0.0510310009 -0.00248773652 0.188083336 0.0510310009 -2.26636148e-05 0.187857151 0.0254980791 -0.0527375825 0.187620699 0.110904187 -7.11347166e-05 0.187000006 0.106135525 -0.00443502003 0.187588245 0.0623186417 0.00204479997 0.188999996 0.108204342 0.0930398032 0.0973309055 -0.0738766491 -0.0937081724 0.0976085365 0.0301673673 -0.000174270404 0.142000005 0.120693639 -0.0981667042 0.142734766 -0.00932279229 -0.0371890031 0.187909096 -0.0817858726 -0.0977965146 0.103581809 -0.0879709497 -0.0905141756 0.0970000029 -0.010973311 0.0206222758 0.141052648 0.0331477746 0.0167447999 0.140818194 0.0325686894 -0.00125520013 0.141000003 0.0511492901 0.0399257764 0.140827596 0.0463791974 0.0551090613 0.140903234 0.0460899211 0.0575283691 0.141272739 -0.0311961565 0.0283647366 0.140800014 -0.0503168367 -0.0197227895 0.141193554 -0.010973311 -0.0411326736 0.141384616 -0.0120347701 -0.0339621976 0.141040012 -0.0380627438 -0.0734784231 0.140979603 0.0973416567 -0.057171762 0.140761912 0.102567255 -0.00263103098 0.141217396 0.0910362601 -0.0244078953 0.141294122 0.102567255 0.00012063083 0.140782624 0.0891149193 0.029580988 0.141615391 -0.0474970378 0.0800296068 0.140900016 -0.0499815792 0.0777793229 0.140727282 -0.0137130823 0.0537850298 0.140615404 0.114368945 0.0526342839 0.142000005 0.124552585 0.0929585099 0.14032121 0.140634835 -0.0608659126 0.140000015 0.12515904 0.0585321113 0.140545473 0.126378447 -0.0609079748 0.141179502 -0.0739905462 -0.0904817805 0.188103452 -0.085787788 -0.060425099 0.190390125 -0.0694765449 -0.0889791697 0.187416673 -0.0119121689 0.0134657351 0.140000015 -0.0630043522 0.0262536258 0.140774205 0.0917484835 -0.087247014 0.141333342 0.0465022475 -0.0565793701 0.1408889 0.0962463543 0.0551049225 0.140000015 0.0973116383 0.0573163368 0.1408889 0.104411535 -0.00125520001 0.141000018 -0.011912168 0.031465739 0.140000015 0.0912765712 0.0213892683 0.140000015 0.0465017632 -0.0593502522 0.14114286 -0.0164042432 0.0841679052 0.140000015 0.0302786361 0.0565873086 0.140000015 -0.0816113055 0.0955033153 0.181750074 -0.0864503086 0.095633626 0.188481525 0.106569216 -0.0886489004 0.187000006 0.122862943 0.0898999944 0.0968695655 -0.0804502964 0.0952091962 0.135378242 0.140562996 -0.0612225235 0.142000005 0.10320425 0.0897729024 0.187769234 0.104624562 0.000573170953 0.188111112 -0.00782100763 0.0181120783 0.188099995 0.0745598078 0.0582836904 0.187999994 0.0732633322 0.0552348979 0.187923074 -0.00621962594 0.0457734838 0.187999994 0.0763759166 0.0555242784 0.188133329 0.0190075338 -0.0480397083 0.188999996 0.0491949245 0.010461634 0.187926829 -0.0864503086 -0.0742585212 0.188999996 -0.0676953197 -0.0826968327 0.187000006 0.0184647143 0.0463708676 0.187941179 0.12127699 0.0896144658 0.142885894 0.10092923 0.0878244862 0.142648652 -0.0697533116 -0.0931047201 0.187000006 -0.0693601593 0.0884592012 0.143000007 0.114693642 -0.0977518559 0.182378218 -0.102731816 -0.134654343 0.191410974 -0.11434561 -0.136866465 0.194587991 -0.103799939 -0.137579098 0.188476324 -0.119948409 0.0354709625 0.144108772 -0.125668839 0.0361361504 0.146011725 -0.124892473 0.0344925374 0.148249358 -0.119344763 -0.0368011445 0.145767286 -0.125045389 -0.0369521379 0.14766179 -0.125698507 -0.0393596441 0.146034777 -0.119700544 0.037753012 0.14478977 -0.125045389 0.0380478613 0.14766179 -0.151374459 -0.132755205 0.0795597956 -0.124488004 -0.132755205 0.141073838 -0.128459111 -0.132755205 0.142519206 -0.144504428 -0.039878998 0.0766416416 -0.151052132 -0.0390723459 0.0785736963 -0.150447652 -0.0371733941 0.0779324695 -0.144996271 0.0342907496 0.0752903298 -0.150151402 0.036849238 0.0788510069 -0.144611165 0.0375402756 0.0763484165 -0.116144046 -0.129121229 0.189506948 -0.165303513 -0.129121229 0.0544430614 -0.161694795 -0.13467814 0.0294115134 -0.145599931 -0.0395290367 0.0736318156 -0.161509261 0.13400057 0.0299212821 -0.173001453 -0.134654358 0.0334323607 -0.172663987 0.134356067 0.0343595818 -0.145590052 0.0371492915 0.0736589357 -0.151606664 0.0373341367 0.0770784765 -0.151320338 0.0361361504 0.0755347684 -0.11989072 -0.0399660841 0.144267246 -0.124618769 -0.0396983959 0.149245009 -0.147403359 -0.1377552 0.0781144276 -0.160722464 -0.137558296 0.0320829675 -0.124488004 -0.1377552 0.141073838 -0.1451689 -0.0369140916 0.0748160481 -0.103069305 0.134356067 0.190483749 -0.114224024 0.134000555 0.194922045 -0.151374459 -0.1377552 0.0795597956 -0.147403359 -0.132755205 0.0781144276 -0.128459111 -0.1377552 0.142519206 -0.125462949 0.0365273841 0.148936063 -0.11886692 0.0371492878 0.147080153 -0.171912163 -0.137613833 0.0364252068 -0.125972509 -0.0387552008 0.147999227 -0.150957435 -0.0405074619 0.0766364262 -0.151245803 -0.0378877036 0.0757856518 -0.150679931 0.0344810188 0.0772942826 -0.165301278 0.126610816 0.0544422492 -0.11614424 0.12661083 0.189507023 -0.118900679 -0.039750006 0.146987393 -0.119138062 0.0346493274 0.146335185 -0.061640393 0.0839171633 0.123924933 -0.0619924515 0.0838903189 0.0966479629 -0.0643472597 0.0816463828 0.124016583 -0.0665322691 0.0387596563 0.125498369 -0.0665053055 0.0587358288 0.0949741974 -0.066480048 0.0387540311 0.0949488878 0.107559882 0.0387637019 0.125552595 -0.0664972812 0.0587307476 0.125535369 0.107581511 0.0387590006 0.094957076 0.107598528 0.0587259009 0.125513956 -0.0250912756 0.0841241181 0.11234799 -0.00968606956 0.0737448037 0.109568909 -0.0245653056 0.0737448037 0.108650357 0.105505876 0.081332624 0.124030851 0.105773769 0.0588131696 0.0964990929 0.105446875 0.0816353038 0.0964958668 0.107544079 0.0587296821 0.0949210897 0.104833782 0.0144569455 0.096453853 -0.0637419224 0.0144569464 0.124046147 -0.0637307838 0.014468085 0.0964463726 -0.0248971172 0.0841993466 0.107798062 0.102693275 0.0839460194 0.0965794176 0.0660133064 0.0841993466 0.107805379 0.0660738945 0.0841241181 0.112517796 0.0258711465 0.0841993466 0.11234799 0.0412763506 0.0737448037 0.109109633 0.0263971202 0.0737448037 0.109109633 0.105855316 0.0386885367 0.123854935 0.104822643 0.0144680841 0.124053635 -0.0644031391 0.0813685283 0.0964445472 -0.0646811649 0.0588149615 0.124000296 0.0416930802 0.0842153877 0.112517796 0.0502519608 0.0841993466 0.11234799 0.0504461229 0.0843162313 0.107798062 0.103105813 0.0838862285 0.123869047 -0.000710457622 0.0842583179 0.11234799 0.0146947466 0.0737448037 0.109109633 -0.000184484961 0.0737448037 0.109109633 -0.0647637248 0.0386891477 0.0966448262 0.0656571686 0.0737448037 0.109568909 0.0507779345 0.0737448037 0.108650357 0.0150538478 0.0843162313 0.107811429 -0.000514014449 0.0842448026 0.107793108 0.04163545 0.0843003541 0.107811429 0.0260675903 0.0843162313 0.107793108 0.0151114771 0.0842305198 0.112517796 -0.0646647215 0.0386715233 0.124010272 -0.00926933903 0.0841448009 0.112517796 0.105840974 0.058804363 0.123862699 -0.0646817461 0.0588119738 0.0965314806 -0.00932993181 0.0843577087 0.107805379 0.105756171 0.0386705622 0.0964900553 0.111669302 0.0348055512 0.107198663 0.111095399 0.0627157465 0.103987254 0.108144455 0.0288655926 0.0987524912 0.107774958 0.0237448029 0.125377893 -0.066119723 0.0347447991 0.124761201 -0.0669319555 0.0237448029 0.125129029 0.109110318 0.0237105582 0.100293718 -0.0696915761 0.0372140892 0.0999144763 -0.071005024 0.0487447977 0.0992916673 -0.0833900496 0.0568907261 0.0984999985 0.11411348 0.0509368703 0.0984999985 0.113881215 0.0469800755 0.0992500037 -0.0674104393 0.0738147795 0.0997422785 -0.0669319555 0.0627448112 0.125129029 0.0456316881 0.0739101619 0.152239978 0.118994929 0.0264992192 0.0992500037 -0.0656985566 0.0627448112 0.124002315 -0.068571128 0.0344558433 0.098445788 -0.0692109764 0.0628692433 0.0999195278 0.112175763 0.0588440858 0.0997071564 -0.0688584223 0.0237342902 0.103879102 0.106648229 0.0237448029 0.124144502 0.117838003 0.0472123399 0.100000009 0.118587345 0.0718574077 0.0993225873 -0.0776141584 0.0258643832 0.099318184 -0.0776799098 0.0712884292 0.100000009 -0.0770121813 0.0505299382 0.0993437544 0.11815653 0.0482876599 0.0984999985 0.107774958 0.0627448112 0.125377893 -0.0686594769 0.0630121231 0.0984506607 -0.0896379054 -0.0152389789 0.0940000042 -0.0962979347 -0.015593702 0.0910000056 -0.0893066078 -0.0121269701 0.0910000056 -0.0786416903 -0.000945911568 0.0940000042 -0.0746038631 0.00174140185 0.0910000056 -0.0771280304 -0.00320473895 0.0910000056 -0.0932030305 -0.0088615045 0.0910000056 -0.0922120884 -0.00876652449 0.0940000042 -0.0949752256 -0.013048063 0.0910000056 -0.0733609796 0.0520233698 0.0910000056 -0.0739219859 0.0505933277 0.0940000042 -0.0763382316 0.0481454358 0.0910000056 -0.0873127282 -0.094690077 0.0940000042 -0.0891919658 -0.0947398245 0.0910000056 -0.0865994245 -0.0920700878 0.0910000056 0.110334322 -0.11626409 0.0170769226 0.0905796736 -0.124756746 0.0160000008 0.0832100511 -0.115977019 0.0160000008 0.12150342 0.0904220641 0.0910000056 0.125352725 0.0852704197 0.0940000042 0.12357574 0.0870869756 0.0910000056 -0.073014684 0.0474020764 0.0940000042 -0.0703459233 0.046855513 0.0940000042 0.0489872433 -0.00578682451 0.0940000042 0.0497739688 -0.00412816275 0.0910000056 0.0538607128 -0.00329733943 0.0910000056 0.0545137599 0.000620757695 0.0940000042 0.0515117422 0.00175202556 0.0910000056 0.0787808001 -0.116823129 0.0159999486 0.0823601559 -0.117463894 0.0179999992 0.175059333 0.114947349 0.0160000008 0.172881588 0.116841756 0.0179999992 0.168739289 0.114580244 0.0171249993 0.195672542 0.0013133263 0.0960000008 0.192286417 -0.00540015846 0.0960000008 0.219645947 0.0270191357 0.095157899 0.110557154 -0.115438327 0.0160000008 0.109916694 -0.114142388 0.0130000003 0.112786599 -0.11529471 0.0160000008 -0.0926018134 -0.0137342038 0.0940000042 0.110452227 0.113088705 0.016755512 0.110890016 0.11243514 0.0136976754 0.108934164 0.112869427 0.0160000008 -0.0869819969 0.0869823247 0.0910000056 -0.0898419693 0.0898916051 0.0940000042 -0.0877937376 0.0913377181 0.0910000056 -0.0936788246 -0.090390116 0.0910000056 0.108201981 0.114865348 0.0130000003 0.110891752 0.109812744 0.0130000003 0.116769738 0.000352317351 0.0960000008 0.115569122 -0.00421713525 0.0910000056 0.115981176 -0.0030963053 0.0960000008 -0.101395354 -0.027251849 0.0960000008 -0.10079103 -0.0272817872 0.0940000042 -0.0968246385 -0.0555212982 0.0960000008 0.111519933 -0.11486043 0.0179999992 0.112402879 0.112398595 0.0179999992 0.113195501 0.11422848 0.0160000008 -0.0891570523 -0.0868706852 0.0940000042 -0.0883187354 -0.0883123204 0.0910000056 0.125901014 0.0901741982 0.0910000056 0.123343721 0.0898478776 0.0940000042 -0.0898158997 0.0921251923 0.0940000042 -0.0924294442 0.0909057856 0.0910000056 -0.118684731 -0.100961685 0.0958725587 -0.147033975 -0.136076555 0.0187454801 -0.14705798 -0.138168231 0.0175483674 0.125075415 0.0874745324 0.094521746 0.209709883 0.0534644239 0.0940000042 0.117498726 0.050699871 0.0940000042 0.127302349 0.0908790529 0.0940000042 0.127583086 0.0869841501 0.0910000056 -0.0899963453 0.0869304091 0.0940000042 -0.091315724 0.0859197825 0.0910000056 0.0504764505 0.0467907488 0.0960000008 0.0475182496 0.0493066497 0.0910000056 0.0497652404 0.0509885624 0.0960000008 -0.0991207734 0.0535635911 0.0960000008 -0.0762575492 0.0489742234 0.0954999998 -0.0731138363 0.0501153432 0.0951111168 0.119483978 0.0978631824 0.0959409624 0.124358796 0.0898155048 0.0950526372 0.209709913 0.0534643382 0.0960000008 0.113769986 0.00261262897 0.0940000042 0.116150573 0.00143941178 0.0910000056 0.112790816 0.000354805554 0.0910000056 0.114623837 0.113690831 0.0130000003 0.125511363 -0.0906753093 0.0910000056 0.124167047 -0.0894197896 0.0940000042 0.125352725 -0.0877808183 0.0910000056 0.119654082 0.0468555093 0.0940000042 0.117992893 0.0469956025 0.0910000056 0.117807589 0.053015288 0.0910000056 -0.0989619792 0.114334002 0.0160000008 -0.0988493115 0.112285577 0.0179999992 -0.0946184173 0.110647835 0.0160000008 -0.073838152 0.0534128211 0.0940000042 -0.0789525062 0.0489995666 0.0910000056 0.111484386 -0.117634855 0.0160000101 0.113068826 -0.117082141 0.0129999425 0.109285459 -0.117798291 0.0130000003 -0.0753520057 -0.0893639922 0.0940000042 0.109331578 -0.0878446922 0.0952352956 0.0207509771 -0.0919807479 0.095238097 -0.106091596 -0.0646384656 0.0952000022 -0.0991207734 -0.0560739897 0.0940000042 0.112371653 0.0453779586 0.0940000042 0.112380445 0.0492250957 0.0910000056 0.11503534 0.0443559736 0.0910000056 0.116144024 0.0505200662 0.0910000056 0.113725416 0.0493243001 0.0940000042 -0.0932030305 0.011138496 0.0910000056 -0.0964983702 0.0100256624 0.0940000042 -0.0949752256 0.00695193838 0.0910000056 -0.0730969757 -0.000118877491 0.0960000008 -0.0710616782 -0.00167061016 0.0910000056 -0.0740119666 -0.00321616465 0.0960000008 0.052113831 -0.00225000805 0.0960000008 0.0492191091 -0.00246607652 0.0960000008 0.0821772888 -0.114877664 0.01688 0.080293566 -0.116126806 0.0179999992 0.112991728 -0.117106564 0.0179999992 0.114240952 -0.112697087 0.0160000008 0.113675609 -0.119553737 0.0130000003 0.114885166 -0.113694079 0.0130000003 0.0895377398 -0.135957539 0.0186812915 0.0689371824 -0.126844317 0.0435095131 0.0689371824 -0.125046566 0.0426331088 0.112658434 -0.119204275 0.0160000008 0.109810792 0.116932355 0.0160000008 0.11231149 0.116566963 0.0130000003 0.125349417 -0.0873235464 0.0940000042 0.127424106 -0.09306629 0.0910000056 0.0851398334 -0.114184655 0.0160000008 0.0842763782 -0.115341246 0.0130000003 0.0815787092 -0.112962209 0.0130000003 -0.0910185203 -0.0904171839 0.0910000056 -0.0927952826 -0.091190137 0.0940000042 -0.147205502 0.135604486 0.0175515339 -0.145612851 0.0958580598 0.0170499999 -0.147077858 0.13348864 0.0187373981 0.160170451 -0.0300377589 0.0960000008 0.1528285 -0.0312286187 0.0940000042 0.15286687 -0.0310049597 0.0960000008 0.0794372484 0.115587935 0.0160000008 0.0839674696 0.117312521 0.0130000003 0.0776633918 0.112942293 0.0130000003 -0.0728262365 0.00301646977 0.0940000042 -0.0707653686 0.049237702 0.0910000056 0.0810012147 0.115083173 0.0130000003 0.0831824541 0.114053898 0.0164500009 0.0836565569 0.110979855 0.0130001996 0.0796574429 0.111617804 0.0160000511 0.0826859474 0.112783827 0.0160000008 -0.0893066078 0.00787303038 0.0910000056 -0.0919559523 0.01088442 0.0945957452 0.121023878 -0.0887685716 0.0910000056 0.081538789 -0.117691003 0.0130000357 0.0824939907 -0.119551755 0.0160000008 0.113643378 0.0526975729 0.0940000042 0.0778193995 -0.117372759 0.0130000003 0.0836756155 -0.119553737 0.0130000003 0.122944169 -0.0919802934 0.0940000042 0.121904358 -0.092970103 0.0910000056 -0.0723413378 -0.00556308078 0.0940000042 0.0805571601 -0.115438327 0.0160000008 -0.0755649433 0.000171627995 0.0960000008 0.112527549 0.114856847 0.0179999992 0.111645505 0.115225144 0.0160000008 0.0522414148 0.0495186299 0.0960000008 0.116382912 0.0469953418 0.0940000042 -0.0844437853 -0.111149028 0.0734229311 -0.0905147493 -0.118027791 0.0570305884 -0.0905271396 -0.119818062 0.0579223558 -0.0909415781 0.013340422 0.0940000042 -0.0941402614 0.0140297441 0.0910000056 -0.125381798 -0.124756753 0.0179999992 0.0908723548 -0.125049427 0.0179999992 0.0200566258 -0.0207777526 0.0960000008 0.0223088525 -0.0201742705 0.0940000042 0.022877099 -0.0209960304 0.0960000008 0.113877296 -0.00112761813 0.0960000008 -0.0939105898 0.0109874271 0.0940000042 -0.0951390937 0.00775992638 0.0960000008 -0.0859753117 0.0895836204 0.0940000042 -0.10079103 -0.0502286144 0.0960000008 -0.107845955 -0.0492590666 0.0940000042 -0.108115643 -0.0488278642 0.0960000008 0.114896998 0.116042428 0.0160000008 0.124687225 0.0398426801 0.0960000008 0.0508154184 0.000698850898 0.0960000008 0.119883679 -0.0908426121 0.0940000042 0.0218689684 -0.022590097 0.0940000042 0.0199471004 -0.0216368102 0.0946250036 0.18548283 0.133540019 0.0185590256 0.184660673 0.0958580598 0.017028572 0.185409099 0.1355654 0.017318964 0.107764117 -0.117154479 0.0160000008 -0.0884268358 -0.0918475315 0.0945496187 0.0844211876 0.110706516 0.0160000008 -0.0936788321 0.0878797174 0.0940000042 0.126791343 -0.0941696987 0.0940000042 0.0471869633 0.0458093435 0.0940000042 0.0530598275 0.046515923 0.0910000056 0.0802883282 0.114003971 0.0160000008 0.0806929767 0.112827472 0.0179999992 0.0801055506 -0.112968124 0.0160000008 -0.0902562886 -0.0895521268 0.0940000042 0.0831569359 0.113422647 0.0130000003 0.113291219 0.11001157 0.0160000008 0.125069752 -0.0918012336 0.0940000042 0.12474516 -0.089843154 0.0960000008 0.123081513 -0.0900363475 0.0952903256 0.119775072 0.0969183743 0.0940497965 -0.0899757594 0.0870740935 0.0951428562 -0.0882686004 0.0883481428 0.0960000008 -0.0883345455 0.0888970047 0.0940000042 -0.0994067341 -0.075240165 0.0960000008 -0.100978605 -0.075025484 0.0940000042 -0.0753520131 -0.0851464123 0.0960000008 0.107820779 -0.0850289986 0.0940000042 0.0489779189 0.0529004075 0.0940000042 0.152231663 0.0276123546 0.0960000008 0.159209177 0.0288180392 0.0940000042 0.159660921 0.0283751395 0.0960000008 0.152303427 0.0274737347 0.0940000042 -0.0754731223 0.0867656544 0.0949565247 0.109501563 0.0849531367 0.0940000042 0.109501563 0.0845364705 0.0960000008 -0.107985958 -0.0284442976 0.0948235318 -0.100829408 -0.0500049517 0.0940000042 -0.0782794654 0.0458593182 0.0940000042 -0.0735065266 0.0443955138 0.0910000056 0.0899831578 0.13339141 0.0185334161 0.0905796736 0.122246347 0.0179999992 -0.0881735161 0.0849180892 0.0940000042 0.0867140442 -0.0747126639 0.0951666683 0.0518226698 0.0523203686 0.0910000056 -0.0902374536 0.0897910148 0.0960000008 -0.0906894058 0.089362137 0.0940000042 0.116130739 0.0469354764 0.0950434804 0.116769738 0.0503523163 0.0960000008 0.113868937 0.0495750494 0.0940000042 -0.125706047 -0.136891872 0.0181838907 -0.125674471 -0.125049442 0.0160000008 -0.0962979347 0.00440629851 0.0910000056 -0.118731678 -0.0998152569 0.0939509496 -0.118608475 -0.00695520034 0.0960000008 -0.141169637 -0.0967221409 0.0179999992 0.184660673 -0.0983684584 0.0168333333 -0.146029353 -0.0991367325 0.0165599994 0.12255656 0.0849180892 0.0910000056 0.119688071 0.0889210254 0.0940000042 0.0819023028 0.115225144 0.0179999992 -0.0926018134 0.00626579672 0.0940000042 0.0908723548 0.122539029 0.0160000008 -0.076060228 0.0476112776 0.0940000042 0.112921566 -0.00515220826 0.0940000042 0.12018387 -0.0012551999 0.0923500061 0.174578071 -0.117615283 0.0160000008 0.172881588 -0.113158241 0.0179999992 0.171476021 -0.112820804 0.0160000008 -0.125381798 0.122246355 0.0160000008 -0.125674471 0.122539036 0.0179999992 0.195029765 -0.00466508558 0.0940000042 -0.111001909 0.115450732 0.0571673252 -0.0905147493 0.117315143 0.057906989 -0.111064218 0.117210828 0.0581209846 0.0898910388 -0.137817234 0.0172534846 -0.111049317 -0.119745217 0.058071766 0.0579483919 0.1065915 0.0799042061 0.0424703546 0.109283984 0.0743811652 0.0380550288 0.10554681 0.0797651261 0.0689371899 0.123375118 0.0430420972 -0.118922621 0.0973594338 0.0939315856 -0.118954755 0.0985889211 0.0956471935 0.188914001 -5.28793607e-05 0.0948750004 0.194287404 0.00212914799 0.0940000042 0.168871716 -0.117918238 0.0167999994 0.173233137 -0.11937841 0.0179999992 0.0553830303 0.0483339354 0.0940000042 -0.0984850004 -0.0115523702 0.0940000042 -0.0941402614 -0.00597025594 0.0910000056 -0.0989061221 -0.115403116 0.0170526318 0.18560715 -0.138076216 0.0173959564 0.11999321 -0.0996157527 0.0940097347 0.119617283 -0.100270778 0.0960248858 0.185563967 -0.136031255 0.0185514279 0.0579483919 -0.107304148 0.0790278018 0.112141378 -0.108057193 0.079765141 0.0578969568 -0.109147131 0.079811424 0.169645697 0.111237042 0.0160000008 0.173233151 0.110621586 0.0179999992 -0.0931461602 0.111996345 0.0179999992 -0.0940810964 0.116594031 0.0169523805 0.0998962298 -0.132891178 0.0288236383 -0.103196815 -0.108081616 0.0797150433 0.0380550288 -0.108057208 0.0797651261 -0.0949240699 0.00389215653 0.0940000042 -0.0753520131 0.0826360136 0.0940000042 -0.0909415781 -0.00665957807 0.0940000042 -0.0886679888 0.00708821742 0.0940000042 0.0424368158 0.107478909 0.0735197812 -0.0940046757 -0.119236805 0.0169999991 -0.0941639394 -0.113549456 0.0169999991 0.126795828 -0.0454810038 0.0960000008 0.138042778 -0.0433437154 0.0944000036 0.12500155 -0.0425954089 0.0940000042 0.112141378 0.105477646 0.079731442 -0.0951785147 -0.0121977571 0.0945806503 0.122828081 0.0875146315 0.0943428576 -0.0735802352 0.0471493192 0.0960000008 0.131919891 0.0433404446 0.0946250036 0.139173344 0.0377996378 0.0951250046 0.219645947 -0.029529525 0.094769232 -0.101325497 0.0721496046 0.0960000008 -0.106091596 0.062128067 0.0946153849 -0.0997404233 0.0725007653 0.0940000042 0.0228414312 -0.093356587 0.0948000029 -0.0755756274 0.0828161761 0.0960000008 0.0896548107 0.135475934 0.0177049413 -0.111019827 -0.117938086 0.057214573 -0.116670296 -0.125945449 0.043071311 -0.125656649 0.134205818 0.0179550946 -0.100704491 0.0250378288 0.0953076929 -0.100815468 0.0476171561 0.0950476229 -0.118608475 0.0493198 0.0960000008 -0.107512467 0.0250378251 0.0946956575 -0.107985958 0.0465557016 0.0948571488 0.0843820125 0.116430335 0.0160000008 0.16039972 -0.0295937769 0.0940000042 -0.0766777769 -0.0872552022 0.0954193547 0.0205317456 -0.0943387672 0.0949411765 0.123872124 0.0372368582 0.0940000042 -0.0844437853 0.108638637 0.0734229162 0.0998962149 0.130311638 0.0287899412 0.0578969568 0.10483899 0.0789350197 0.0867140442 0.0722022727 0.094769232 0.0867140368 -0.0567977317 0.0946666673 -0.091664061 -0.0130755948 0.0948387161 -0.0932788104 -0.00881934911 0.0950000063 0.154116854 -0.132723153 0.0291683227 -0.091664061 0.00692440523 0.095250003 -0.0887065679 -0.0898129046 0.0953103453 -0.0909791812 -0.0913224816 0.0949565247 0.0917458534 -0.0657552034 0.0952000022 0.123658299 -0.0921987891 0.0949000046 0.209709898 -0.0559748001 0.0948000029 0.0867140442 0.054287333 0.0952799991 0.0917458534 0.0632448047 0.0950000063 -0.0990520194 0.0537117347 0.0940000042 0.047508657 0.00188207917 0.0926500037 0.113877296 0.0488723852 0.0960000008 -0.0905271396 0.115509905 0.0570459515 -0.103196815 0.105571225 0.0797150433 -0.116670288 0.123435043 0.0430713147 -0.119892932 0.127821073 0.0340743139 0.154116854 0.130246043 0.0291845482 0.0424538925 -0.110891916 0.0739503354 -0.119892932 -0.130331472 0.0340743139</float_array>
          <technique_common>
            <accessor source="#positions_array" count="1359" stride="3">
              <param name="X" type="float" />
              <param name="Y" type="float" />
              <param name="Z" type="float" />
            </accessor>
          </technique_common>
        </source>
        <source id="normals">
          <float_array id="normals_array" count="10821">-4.74150111e-05 4.15412178e-05 -1 4.74376648e-05 -4.15278992e-05 -1 -0.000569316326 0.000498606707 -0.999999702 -0.999996066 -0.000591319287 -0.0027252927 -0.999996066 0.000591353106 0.00272543426 -0.999992669 -0.000812410843 -0.00374426437 0.000394178118 -0.999998629 -0.00158535934 -0.000394178147 -0.999998689 0.00158527761 0.000570352364 -0.999997139 -0.00229390268 4.74290537e-05 4.15500544e-05 1 -4.74331828e-05 -4.15195063e-05 1 0.000569383206 0.000498618174 0.999999702 -0.000394178118 0.999998629 -0.00158532616 0.000394178089 0.999998629 0.00158546201 -0.000570352422 0.999997258 -0.00229390338 0.999996066 0.000591326272 -0.00272541447 0.999996066 -0.000591291289 0.0027254147 0.999992609 0.000812407583 -0.003744405 0.000569338968 -0.000498593377 -0.999999762 -0.999992669 0.000812444603 0.00374440569 -0.000570352364 -0.999997139 0.00229382096 -0.000569387339 -0.000498587615 0.999999762 0.000570352364 0.999997258 0.00229403935 0.999992669 -0.000812372658 0.00374440546 -0.0044593378 0.00278764102 -0.999986172 0.00446017738 -0.00278691296 -0.999986172 -0.016703954 0.0104403291 -0.999806046 -0.999948561 0.00950091239 0.00354268402 -0.999948561 -0.00950192101 -0.00354267447 -0.999826729 -0.0174401458 -0.00650250493 -0.0115275048 -0.999929786 0.00272237882 0.0115279071 -0.999929786 -0.00272230129 0.016598843 -0.999854624 -0.00391983474 0.0044593052 0.0027872012 0.999986112 -0.00446022302 -0.00278714485 0.999986112 0.0167039111 0.0104395868 0.999805987 0.0115272924 0.999929786 0.0027221099 -0.0115281073 0.999929786 -0.00272203563 -0.016599061 0.999854565 -0.00391945615 0.999948561 -0.00950105302 0.00354301836 0.999948561 0.00950144883 -0.00354301604 0.999826729 0.0174395349 -0.00650312845 0.0167047698 -0.0104395868 -0.999805987 -0.999826729 0.0174391419 0.00650251657 -0.0165984556 -0.999854565 0.00391991576 -0.0167048536 -0.0104395449 0.999806046 0.0165982284 0.999854565 0.003919526 0.999826729 -0.01743914 0.00650313124 -0.00336824614 0.00090119493 -0.99999392 0.0033683416 -0.000901197433 -0.99999392 -0.00507441582 0.00135768531 -0.999986291 -0.999983847 -0.00147700973 -0.00548614236 -0.999983847 0.00147738028 0.00548614794 -0.999963462 -0.00222192286 -0.00825267006 -2.03917989e-06 -1 2.17260072e-06 1.88002105e-06 -1 -1.69246266e-06 0.00509302597 -0.99997443 -0.00502231438 0.00336870272 0.000901142193 0.99999392 -0.00336953532 -0.0009011394 0.99999392 0.00507528987 0.0013576044 0.999986291 1.87410376e-06 1 1.71997465e-06 -2.04539288e-06 1 -2.14538454e-06 -0.00509318896 0.99997437 -0.00502312509 0.999983847 0.0014769038 -0.00548573164 0.999983907 -0.00147740089 0.00548573444 0.999963462 0.0022217955 -0.00825205166 0.00507451128 -0.00135768775 -0.999986291 -0.999963462 0.00222229329 0.00825267565 -0.00509318151 -0.99997437 0.00502279075 -0.00507612294 -0.00135760172 0.999986172 0.00509301946 0.99997443 0.00502270134 0.999963582 -0.00222229259 0.00825205445 -0.681150675 0.440709203 -0.584644437 -0.00486963149 0.994863391 0.101109192 0.00590874674 0.999736845 -0.0221658256 0.00651431084 0.999554992 -0.0291125663 0.00876250956 0.0675752684 -0.997675598 -0.012358617 -0.00684921257 -0.999900222 -0.0204146318 -0.0190985203 -0.999609113 -0.00629404932 -0.0760907605 -0.997081041 -0.00225692196 -0.0579391792 -0.99831754 0.0187629033 -0.0421102792 -0.998936772 -0.667080998 0.342849314 -0.661405623 0.694836676 -0.0255569275 0.718713403 0.629056573 0.193760961 -0.752824247 -0.591452658 -0.704210818 -0.3927733 -0.568727374 -0.697272062 -0.436303705 -0.419273734 -0.628492415 -0.655138791 0.0126314722 -0.167755902 -0.985747695 0.0717546493 -0.0657541156 -0.99525255 -0.0852179974 -0.0784420297 -0.993269742 0.00648174714 -0.354445517 -0.935054183 -0.0100604901 -0.140557915 -0.990021288 -0.000714913767 -0.0473982953 0.998875797 -0.0585964546 0.0337349214 0.997711599 0.0137129445 0.127530158 0.991739869 0.003669356 -0.0723424405 0.997373104 -0.0106003806 -0.00618200237 0.999924719 -0.00620413432 0.016744677 0.999840558 -0.041310288 -0.0292388871 0.9987185 -0.0353936218 0.0156767759 0.999250531 -0.0360037424 -0.000257305393 0.99935168 0.0156108858 -0.108313829 0.993994176 0.00495602097 -0.0320885107 0.999472678 0.310385227 0.819122612 -0.482388854 -0.389852583 -0.611599565 -0.68844831 -0.0359263346 0.0529202409 -0.997952282 -0.0104491543 0.00474417908 -0.999934137 -0.140947223 0.124145903 -0.982202411 -0.00098153518 0.121106558 0.992639005 0.0625368655 0.017927397 0.997881651 0.0676112399 0.025548989 0.997384608 -0.00532489503 -0.994781852 -0.101885565 0.00261546602 -0.999937594 -0.0108596748 0.0030681435 -0.999979317 -0.005659997 -0.0236158725 0.979578853 0.199668318 0.0050322907 0.988430858 -0.151588738 0.00597160589 0.986622155 -0.162914559 -0.0869740173 -0.795987248 -0.599032342 -0.892475545 -0.359102488 -0.273007154 -0.680100918 0.327765912 -0.655768275 0.575430155 0.377056271 -0.725746989 -0.175951302 -0.756195128 -0.630246043 0.0171128344 -0.954284489 0.298409432 0.00760627212 -0.998131216 0.0606314987 0.00726871751 -0.998603702 0.052324634 0.547157645 -0.0230745599 -0.836711407 0.385710716 0.800321877 -0.459034026 0.0357300974 -0.0430102758 -0.998435497 0.0146804005 -0.0280565359 -0.999498546 0.0639476329 -0.122317925 -0.990428746 0.569284856 -0.702714086 -0.426740706 -0.796276569 0.119834177 -0.592944741 -0.00117943692 0.161443174 -0.986881316 -0.000309561699 -0.113412924 -0.993547916 0.00667213416 0.0834432393 -0.99649018 -0.810244262 -0.0410916097 0.584650099 -0.00521292118 0.994455993 0.105024002 0.999991179 -5.68948089e-05 0.0042018122 0.999992549 0.00309429038 0.0023160479 0.999991 -5.73926991e-05 0.00423858222 0.999994993 0.00254981476 0.00186637056 0.999971926 0.00605395949 0.00443127565 0.0190449432 0.00053583103 -0.999818444 -0.0616306551 -0.123504892 -0.990428329 -0.0112754898 -0.0226923041 -0.99967885 -0.0152847134 -0.0689576864 -0.997502446 0.0847279876 0.0644986331 -0.994314432 0.0426002108 0.160977513 -0.986038268 0.0015765673 -0.13719824 0.990542352 0.0676262379 0.0214804113 0.997479379 0.00420033047 0.0157203935 0.999867558 -0.00592346489 -0.14805755 0.988960981 -0.0442652591 0.0724737644 0.996387601 -0.0614097863 -0.0429589339 0.997187734 -0.0208680239 0.804588079 0.59346658 -0.119261973 0.683505774 0.720136404 -0.0772712752 0.739320636 0.668905139 -0.255178899 0.454861671 0.853220165 -0.725105226 -0.467960835 0.505208015 0.00906260498 0.0551858731 0.998434961 0.141268879 0.115555346 0.983203948 0.778945923 0.626985788 0.0114968419 0.00537287677 0.0503949374 -0.998714924 0.111666352 0.11031457 -0.987603843 0.0621087365 0.0261002388 -0.99772805 0.000962688529 -0.00563346641 -0.999983728 -0.0129158469 0.00309231947 -0.999911785 -0.0315799378 0.0192089174 -0.999316692 -0.0413375571 -0.0162178911 -0.999013603 0.0108840037 0.0134676285 -0.999850035 -0.0531360209 -0.0226716716 0.998329878 -0.0808322132 -0.0148038343 0.996617794 -0.131808206 -0.138249278 0.98158735 -0.0106665241 -0.0227624644 0.999684036 -0.0415061489 -0.195269078 0.979871035 -0.0400589071 -0.0553548783 0.997662842 -0.0926622376 -0.277804345 0.956158221 0.0187207237 -0.94044435 0.339431822 0.111771554 -0.414188445 0.903302312 0.0855230838 -0.361655623 0.928380907 0.018326981 -0.116538443 0.993017077 0.0767706931 -0.101408817 0.991878271 0.0244943798 -0.146636665 0.988887131 -0.00606952747 0.143885478 0.989575684 -0.0216268748 -0.0159560945 0.999638796 -0.0915762633 0.0745534524 0.993003309 0.0470012426 -0.0222439673 0.998647213 0.12601079 -0.0375078395 0.991319537 -0.109982021 -0.0913578421 0.989726067 0.0674937367 -0.0112026697 0.997656763 -0.00527937012 0.0136065539 0.999893546 0.0724790841 0.971046805 0.227628782 -0.526953399 0.343949735 0.777186453 -0.00559430476 -0.994459867 -0.104967982 -0.0720881 0.0704279989 0.994908631 0.0116730332 0.0432035178 -0.998998046 -0.586004078 -0.810114503 0.0177128334 0.043693006 0.116161034 -0.99226892 0.0112864142 0.000487228623 -0.999936223 0.108370222 0.135696128 -0.984805763 0.148551092 0.0921445191 -0.984602451 0.0127386991 0.245750323 -0.969249427 0.00910314638 0.143940166 -0.98954457 0.0109770847 0.128471315 -0.991652489 -0.0252114143 0.975268841 0.219579011 -0.526463687 -0.488875955 0.695583463 0.225716457 0.742864013 0.630242169 0.41485849 -0.347124964 0.841068804 -0.0367917605 0.725518525 0.687218547 0.762845159 -0.231786042 0.603607893 -0.956664681 -0.279733121 0.0808830857 -0.217666164 -0.0399377607 0.975205898 0.449789852 0.68642807 0.571406782 0.447895914 -0.482328445 0.752826989 0.22022666 -0.155137956 0.963032901 0.802190423 -0.410449177 0.433614999 -0.170636848 0.746244311 0.643430293 -0.614291012 -0.574798465 0.540604591 -0.0875302851 -0.0550118461 -0.994641721 -0.112088844 0.096188888 -0.989031732 -0.0534284897 -0.125897139 -0.990603507 -0.0598573908 0.170370221 -0.983560383 -0.00976897683 0.15523766 -0.987828791 -0.0908336639 -0.995863438 -0.00229307124 -0.112629734 -0.993627608 -0.00432712538 -0.0889520571 -0.996033669 -0.00211761566 0.63148427 0.197629809 -0.749779999 0.486742973 0.360839546 -0.795535088 0.359056354 0.568553865 -0.740152061 0.853933871 0.142213732 0.500571787 0.361570299 0.572654784 0.735753775 0.315285861 0.255090773 0.914069712 0.151913762 0.636644542 -0.756046236 -0.00768619357 -0.00208170596 0.99996829 -0.0910352841 -0.000829529366 0.995847285 -0.123579234 -0.00218665693 0.992332399 0.317426175 -0.597095728 -0.736693561 0.152714163 -0.621821046 -0.768125594 0.509530723 -0.356883258 -0.782951295 -0.0915292576 -0.000238523382 -0.995802343 -0.143919349 0.00212205783 -0.989587128 -0.0894846916 -0.000330400857 -0.995988131 0.513918459 -0.772710919 0.372566283 0.632379591 -0.721837521 0.281152338 0.360112399 -0.714670658 0.599637389 0.633439779 -0.246902809 -0.73334378 -0.0861973837 0.996269345 0.00417279871 -0.0423778109 0.999101579 -0.000277350598 -0.0889755785 0.996023893 0.00445524277 0.157390997 0.632513463 0.758389533 1 -7.55039728e-05 -0.000168333485 0.964570582 -0.00106676295 0.263822824 0.99999845 -0.000770807499 -0.00162168848 0.765840828 0.643029988 0.000334415643 0.777711928 0.628620565 -0.000634360011 0.765404224 0.643549681 0.000369635294 0.650461495 -0.759536803 -0.00190025172 0.649865568 -0.760046721 -0.00194453204 0.145243526 -0.781121075 0.607251346 0.53282088 -0.00187696365 0.846225917 -0.113880612 -0.993484437 -0.00444395188 -0.99999994 2.63650895e-06 -5.29635417e-06 -1 -1.10074996e-06 2.25647e-06 -1 1.10073893e-06 -2.19263507e-06 -1 -2.63652055e-06 5.36018979e-06 -0.145207435 0.00218024966 -0.989398718 -0.0385678038 0.999255776 -0.000663859537 0.77813369 0.628098369 -0.00066918903 0.53788501 -0.619364738 0.571897686 1.35645257e-06 -1.41399585e-06 -1 -1.48072229e-06 1.41414387e-06 -1 -0.00167080667 0.00166546251 -0.999997258 -0.999994278 -0.00132540835 -0.00312081818 -0.999994278 0.00132544769 0.00312080584 -0.99997592 -0.00271398597 -0.0063903206 0.000818418979 -0.999997854 -0.00191242178 -0.000818519562 -0.999997795 0.00191252993 0.00167419866 -0.99999094 -0.00391207868 -1.59988213e-06 -1.41392172e-06 1 1.23588552e-06 1.41392184e-06 1 0.00166975753 0.00166525866 0.999997258 -0.000818444823 0.999997795 -0.00191278325 0.000818493834 0.999997795 0.00191255799 -0.00167422451 0.99999094 -0.003912644 0.999994278 0.00132537051 -0.00312086055 0.999994338 -0.00132536015 0.00312067522 0.99997592 0.00271388213 -0.00639031595 0.00167068234 -0.00166546227 -0.999997258 -0.99997592 0.00271402556 0.00639030896 -0.0016742989 -0.999991 0.00391218625 -0.00167012156 -0.00166525866 0.999997258 0.00167427328 0.999991 0.00391241815 0.99997592 -0.00271387189 0.00639013108 -0.000299203326 0.000229450277 -0.99999994 0.000299314532 -0.000229449841 -0.99999994 -0.00181944261 0.00139505952 -0.999997377 -0.999979854 -0.0015554087 -0.00616673194 -0.999979734 0.00155540253 0.00616673799 -0.999956906 -0.0022703635 -0.00900132209 0.00108967989 -0.99999404 -0.00328536378 -0.00108965207 -0.99999404 0.0032854341 0.00182696723 -0.999983132 -0.0055083232 0.000299305568 0.000229450583 0.99999994 -0.000299234904 -0.000229449535 0.99999994 0.0018196021 0.00139505975 0.999997377 -0.00108974671 0.99999404 -0.00328606507 0.00108963484 0.99999404 0.00328592025 -0.00182705082 0.999983132 -0.00550942589 0.999979854 0.00155532476 -0.00616674824 0.999979734 -0.00155532011 0.00616670121 0.999956906 0.00227023964 -0.00900132675 0.00181955367 -0.00139505905 -0.999997377 -0.999956906 0.00227035745 0.00900132768 -0.00182693952 -0.999983251 0.00550839351 -0.00181953143 -0.0013950587 0.999997377 0.00182693894 0.999983132 0.00550928107 0.999956965 -0.00227023521 0.00900128111 -0.000133992871 0.000116459451 -1 0.00013389939 -0.000116459451 -1 -0.00155176059 0.0013491374 -0.999997914 -0.999904454 -0.00181663025 -0.0137021374 -0.999904454 0.00181659334 0.0137018934 -0.999861836 -0.00218413887 -0.0164741166 0.00126429705 -0.999966025 -0.00814749487 -0.00126433861 -0.999966025 0.00814700034 0.00156504882 -0.999947846 -0.0100855352 0.000133958354 0.00011644508 1 -0.000133841168 -0.000116445415 1 0.00155123416 0.0013489722 0.999997914 -0.00126429752 0.999966025 -0.00814708322 0.00126433861 0.999966025 0.0081467554 -0.00156504847 0.999947906 -0.0100850407 0.999904454 0.00181657553 -0.0137021765 0.999904454 -0.0018167448 0.0137014706 0.999861836 0.00218409393 -0.0164741166 0.00155166711 -0.0013491374 -0.999997854 -0.999861956 0.00218410231 0.0164738744 -0.00156508898 -0.999947965 0.0100850314 -0.00155111693 -0.00134897244 0.999997914 0.00156508898 0.999947906 0.0100847082 0.999861956 -0.00218426343 0.0164734125 -0.00700537814 0.00170247804 -0.999973953 0.00700428803 -0.00170247687 -0.999974012 -0.0101512494 0.00246706093 -0.999945343 -0.999931097 -0.00280402158 -0.0113969101 -0.999931097 0.00280405325 0.0113965245 -0.999856174 -0.00405098032 -0.0164650436 -5.31852811e-06 -1 5.03568435e-06 5.35218624e-06 -1 -5.34510036e-06 0.0102250166 -0.999898255 -0.0099472953 0.00700643938 0.00170247699 0.999974012 -0.00700552389 -0.00170247874 0.999973953 0.0101528335 0.00246706163 0.999945343 5.32620606e-06 1 5.21991797e-06 -5.34627998e-06 1 -5.16440969e-06 -0.0102247093 0.999898255 -0.00994811859 0.999931097 0.00280428631 -0.011397358 0.999931097 -0.00280384533 0.0113967042 0.999856174 0.00405125739 -0.0164656304 0.0101501597 -0.00246705976 -0.999945343 -0.999856353 0.00405101245 0.0164646599 -0.0102249831 -0.999898255 0.0099469861 -0.0101519162 -0.00246706302 0.999945343 0.0102246823 0.999898255 0.00994816702 0.999856174 -0.00405081594 0.0164649747 0.621231556 0.744557738 0.244346276 0.496485919 0.790293038 0.359080136 0.311004788 0.737514794 0.59945637 0.532492459 -0.000859747932 0.846434295 0.296306223 0.00202717003 0.95509088 -0.00755335763 -0.00167223543 0.999970078 0.631518543 0.197650895 -0.749745607 0.486748874 0.360871345 -0.795517087 0.359050304 0.568554938 -0.740154207 0.513890207 -0.772785544 0.372450531 0.632377148 -0.721838474 0.281155407 0.360106468 -0.714671493 0.599639893 0.15190582 0.636647284 -0.75604558 -0.138724536 0.990323305 0.00390759762 -0.0448482633 0.998982072 -0.0048292526 -0.144284055 0.989526391 0.00442755874 0.96452868 -0.000616413483 0.263977319 0.911661625 0.00241627917 0.410934746 0.312681496 -0.607838094 -0.729906321 0.154502317 -0.628684103 -0.762158275 0.511330962 -0.363645464 -0.778654337 0.633108795 -0.254514337 -0.731023788 0.645690978 -0.763595402 -0.00225277455 0.644907653 -0.764257014 -0.00231059012 0.147880465 0.762915373 0.629357934 0.999999702 0.000333113596 0.000685786305 0.99999845 -0.000770807499 -0.0016216212 -0.0910894871 -0.995841146 -0.00174553797 -0.118717425 -0.992918849 -0.00429590233 -0.0887314603 -0.996054411 -0.00152810616 0.145238176 -0.781122506 0.607250631 -0.0901969969 -0.000301545544 -0.995923936 -0.143853351 0.00211966527 -0.989596725 -0.0881082788 -0.000395539333 -0.996110737 -0.0648067296 0.00026176864 0.997897804 -0.123597048 -0.0021860064 0.992330134 0.774371743 0.63272047 -0.00362492166 -0.0374337137 0.99928391 -0.00551587855 0.778113782 0.628111243 -0.00389830046 -0.120292991 -0.992728472 -0.0044415025 -0.14517577 0.00217950088 -0.989403486 -1 1.07109963e-06 2.19937283e-06 -1 -2.56890439e-06 -5.38383756e-06 -1 -1.07108826e-06 -2.2634415e-06 -1 2.56891599e-06 5.31976912e-06 1.40629368e-06 -1.41399573e-06 -1 -1.43095508e-06 1.41421788e-06 -1 -0.999994278 -0.00132540683 -0.00312081515 -0.999994278 0.00132544828 0.003120807 -0.99997592 -0.00271398365 -0.00639031548 0.000818446861 -0.999997795 -0.001912751 -0.000818484812 -0.999997795 0.00191255333 0.00167422276 -0.99999094 -0.00391259231 -1.34104823e-06 -1.41377359e-06 1 1.49486743e-06 1.41406986e-06 1 0.00167010736 0.0016652589 0.999997258 -0.000818445405 0.999997795 -0.00191262132 0.000818443194 0.999997795 0.00191273552 -0.00167419878 0.99999094 -0.00391248986 0.999994278 0.00132537633 -0.00312088942 0.999994278 -0.0013253924 0.00312070525 0.99997592 0.00271390798 -0.00639037555 0.00167078211 -0.00166546239 -0.999997258 -0.00167426048 -0.999991 0.00391239394 -0.00166995358 -0.00166525866 0.999997258 0.00167419622 0.999991 0.00391260348 0.99997592 -0.00271392451 0.00639019255 -4.9496407e-07 4.62687041e-07 -1 4.57060764e-07 -4.82527071e-07 -1 -0.00264130021 0.00262230192 -0.999993086 -0.99999398 -0.00162312179 -0.00306505454 -0.99999398 0.00162268174 0.00306505268 -0.999958277 -0.0042755045 -0.00807441305 0.00100386969 -0.999997735 -0.00187340379 -0.00100386958 -0.999997675 0.00187345804 0.00264739315 -0.999984324 -0.00494056288 4.99998123e-07 5.12879296e-07 1 -4.52174788e-07 -4.32334758e-07 1 0.00264146342 0.00262240157 0.999993145 -0.00100386888 0.999997675 -0.00187342858 0.00100386993 0.999997735 0.00187340041 -0.00264739315 0.999984264 -0.00494056335 0.99999398 0.00162302156 -0.00306511112 0.99999398 -0.0016230091 0.00306511088 0.999958217 0.00427559065 -0.008074563 0.00264126179 -0.00262232148 -0.999993086 -0.999958277 0.00427506445 0.00807441119 -0.00264739408 -0.999984324 0.00494061876 -0.00264141592 -0.00262232148 0.999993026 0.00264739362 0.999984324 0.00494053354 0.999958277 -0.00427557761 0.00807456207 6.50744028e-08 0 -1 0.739938259 0 -0.672674775 0.714726031 0.191510141 -0.672674239 0.714726031 0.191510126 -0.672674179 0.640805006 0.369969904 -0.672674716 0.640805006 0.369969845 -0.672674716 0.523215175 0.52321595 -0.672674537 0.523215234 0.52321583 -0.672674477 0.369970441 0.6408059 -0.672673583 0.369970381 0.6408059 -0.672673523 0.191510215 0.714726329 -0.672673881 0.191510201 0.714726329 -0.672673821 4.96448997e-08 0.739938378 -0.672674656 5.55282753e-08 0.739938378 -0.672674656 -0.191510007 0.714725614 -0.672674716 -0.191509977 0.714725673 -0.672674656 -0.369970232 0.640805542 -0.672674 -0.369970292 0.640805542 -0.672674 -0.523213267 0.523216665 -0.672675371 -0.640803456 0.369970888 -0.672675669 -0.640803397 0.369970769 -0.672675669 -0.714726329 0.19151032 -0.672673821 -0.714726329 0.19151035 -0.672673821 -0.739938617 0 -0.672674417 -0.71472621 -0.191510275 -0.672674 -0.71472621 -0.19151026 -0.672673941 -0.640805125 -0.369969845 -0.672674596 -0.5232144 -0.523216665 -0.672674537 -0.369969338 -0.640806615 -0.672673523 -0.369969398 -0.640806496 -0.672673464 -0.191510186 -0.714726388 -0.672673762 -0.191510201 -0.714726388 -0.672673821 0 -0.739938736 -0.672674239 0.191510215 -0.714726388 -0.672673881 0.19151023 -0.714726329 -0.672673881 0.369969249 -0.640806377 -0.672673762 0.369969279 -0.640806377 -0.672673762 0.523214102 -0.523216546 -0.672674835 0.523214221 -0.523216426 -0.672674835 0.640804887 -0.369969845 -0.672674775 0.640804946 -0.369969845 -0.672674716 0.714726031 -0.191510141 -0.672674239 0.71472609 -0.191510111 -0.672674239 1 0 0 0.965925872 0.258819133 0 0.962678969 0.257949203 0.0819231495 0.996638596 1.83650229e-07 0.081923157 0.866025388 0.49999997 0 0.863114655 0.49831903 0.0819229409 0.707106888 0.707106709 0 0.704730332 0.704729497 0.081923157 0.49999997 0.866025388 0 0.498319209 0.863114476 0.0819228813 0.258819163 0.965925872 0 0.257949024 0.962679029 0.0819227174 -9.56823065e-09 1 0 -4.8329003e-09 0.996638596 0.0819230676 -0.258819163 0.965925872 0 -0.257948995 0.962678969 0.0819230676 -0.5 0.866025388 0 -0.498319298 0.863114417 0.0819230825 -0.707106829 0.707106709 0 -0.704730392 0.704729557 0.0819229037 -0.866025388 0.499999881 0 -0.863114536 0.498319089 0.0819228366 -0.965925872 0.258819133 0 -0.962678969 0.257949233 0.0819231495 -1 0 0 -0.996638596 1.81233773e-07 0.0819231346 -0.965925872 -0.258819133 0 -0.962678969 -0.257949024 0.0819230378 -0.866025388 -0.499999881 0 -0.863114059 -0.498319805 0.081923455 -0.707106829 -0.707106709 0 -0.704729736 -0.704730272 0.0819235444 -0.5 -0.866025388 0 -0.498318702 -0.863114774 0.0819229558 -0.258819163 -0.965925872 0 -0.257948369 -0.962679207 0.0819231272 -9.56823065e-09 -1 0 2.41645037e-09 -0.996638596 0.0819234252 0.258819163 -0.965925872 0 0.257948339 -0.962679207 0.0819234923 0.49999997 -0.866025388 0 0.498318583 -0.863114774 0.0819234848 0.707106888 -0.707106709 0 0.704729736 -0.704730153 0.0819233507 0.866025388 -0.49999997 0 0.863114059 -0.498319805 0.081923455 0.965925872 -0.258819133 0 0.962678969 -0.257948995 0.0819230601 0.962588906 0.257925093 0.0830488428 0.996545434 1.740095e-07 0.0830488354 0.863033831 0.498272598 0.0830486119 0.70466435 0.704663754 0.0830488577 0.498272657 0.863033772 0.0830485672 0.257924855 0.962589085 0.0830484107 0 0.996545434 0.0830487534 -0.257924855 0.962589025 0.0830487683 -0.498272657 0.863033772 0.0830487534 -0.704664469 0.704663754 0.0830485746 -0.863033831 0.498272598 0.083048515 -0.962588906 0.257925123 0.0830488503 -0.996545434 1.78776901e-07 0.0830488354 -0.962589025 -0.257924944 0.0830487236 -0.863033354 -0.498273343 0.083049126 -0.704663813 -0.70466435 0.0830492303 -0.498272121 -0.863034129 0.0830486342 -0.257924169 -0.962589145 0.083048813 7.15107573e-09 -0.996545434 0.0830491185 0.257924139 -0.962589264 0.0830491707 0.498272151 -0.86303401 0.0830491781 0.704663754 -0.70466435 0.0830490515 0.863033295 -0.498273283 0.0830491334 0.962589025 -0.257924885 0.0830487385 0.965925872 0.258819014 0 1 -7.17617299e-09 0 0.866025388 0.5 0 0.707106829 0.70710665 0 0.500000119 0.866025388 0 0.258819073 0.965925753 0 0 1 0 -0.258819133 0.965925872 0 -0.499999911 0.866025388 0 -0.707106769 0.707106769 0 -0.866025388 0.5 0 -0.965925753 0.258819044 0 -1 -7.17617299e-09 0 -0.965925872 -0.258819103 0 -0.866025388 -0.5 0 -0.707106769 -0.707106769 0 -0.500000179 -0.866025329 0 -0.258819222 -0.965925872 0 0 -1 0 0.500000179 -0.866025269 0 0.707106829 -0.707106769 0 0.866025388 -0.5 0 0.965925872 -0.258819014 0 0.965925872 0.258818895 0 0.866025507 0.499999881 0 0.707106948 0.70710665 0 0.50000006 0.866025329 0 0.258819193 0.965925872 0 -0.258819222 0.965925753 0 -0.707106888 0.707106709 0 -0.866025507 0.499999851 0 -0.965925753 0.258819014 0 -0.965925753 -0.258819014 0 -0.866025507 -0.499999851 0 -0.707106888 -0.707106709 0 -0.500000298 -0.866025269 0 -0.258819371 -0.965925753 0 0.258819312 -0.965925753 0 0.500000358 -0.866025209 0 0.707106948 -0.70710665 0 0.866025507 -0.499999881 0 0.965925872 -0.258818895 0 0.768219292 0 0.640186667 0.742043376 0.198830098 0.640186131 0.742043376 0.198830068 0.640186131 0.768219352 0 0.640186727 0.665296614 0.384111106 0.640186787 0.665296555 0.384111077 0.640186787 0.543213904 0.543213487 0.640185773 0.543213904 0.543213427 0.640185714 0.384112328 0.665297747 0.64018482 0.384112298 0.665297747 0.640184879 0.198830232 0.742043793 0.640185535 0.198830217 0.742043734 0.640185595 5.89144179e-07 0.768219948 0.640186012 5.88437331e-07 0.768219948 0.640186012 -0.198829725 0.742044032 0.640185475 -0.198829725 0.742043972 0.640185475 -0.384112358 0.665298104 0.640184462 -0.384112388 0.665298045 0.640184402 -0.543214142 0.543213785 0.640185237 -0.543214142 0.543213785 0.640185297 -0.665296793 0.384111047 0.640186489 -0.665296853 0.384111017 0.640186489 -0.742043436 0.198830023 0.640186071 -0.768219411 5.03541964e-09 0.640186667 -0.768219411 4.52644144e-09 0.640186727 -0.742042422 -0.198830575 0.640187025 -0.742042363 -0.198830575 0.640187025 -0.665297151 -0.384110838 0.640186369 -0.665297151 -0.384110838 0.64018631 -0.543214023 -0.543213904 0.640185297 -0.543214023 -0.543213964 0.640185237 -0.384111553 -0.665298402 0.640184522 -0.384111524 -0.665298462 0.640184522 -0.198831812 -0.742044091 0.6401847 -0.198831826 -0.742044091 0.6401847 -5.84108648e-07 -0.768220544 0.640185297 -5.83910946e-07 -0.768220544 0.640185297 0.198830113 -0.742044449 0.640184939 0.198830128 -0.74204433 0.640184939 0.38411057 -0.665298581 0.640184879 0.38411054 -0.6652987 0.640184999 0.543213904 -0.543213785 0.640185475 0.665296853 -0.384110838 0.640186608 0.665296853 -0.384110898 0.640186608 0.742042243 -0.198830619 0.640187204 0.742042243 -0.198830634 0.640187204 -1.01809484e-07 0 1 -0.960532486 -0.278115451 0.00539415609 -0.960532427 0.278115392 -0.00539415563 -0.845961571 -0.533213615 -0.00567009347 0.527458668 0.84956938 0.00438747322 0.745070398 0.666971505 -0.00438747136 0.142035976 0.989851773 -0.00438747462 -0.168839157 0.98562932 0.00529489294 -0.527049899 0.849818945 -0.0051032668 -0.527049899 -0.849819064 0.0051032668 -0.20630531 -0.978477836 -0.00439273473 -0.84596169 0.533213615 0.00567009021 9.54611892e-07 7.79514721e-07 -1 -1.01940849e-07 0 -1 2.87685253e-07 0 -1 0.521277249 -0.853380263 0.00347658945 0.359526038 -0.933134615 -0.000868920004 0.567957819 -0.823057294 0.000850907876 -1.8500109e-06 0 1 1.9924309e-07 0 1 -4.44797109e-07 0 1 0.994106054 -0.108278528 0.00537411636 0.950152218 -0.311763793 -0.00375555246 0.999484599 0.0318448134 -0.00405591447 0.960306466 0.278898865 0.00519357901 0.16957736 -0.985508263 0.00411443599 8.92546359e-06 0 -1 1.2749349e-06 0 -1 -4.60517003e-06 0 -1 -4.68234475e-07 8.89990474e-07 -1 -8.35293395e-06 8.71431257e-06 -1 4.46273589e-06 0 -0.99999994 -4.5677366e-06 0 1 0 0 1 -3.94296558e-06 0 1 -0.000126685918 0.000109663459 -1 0.000126721716 -0.000109663437 -1 -0.00141746516 0.00122684566 -0.999998271 -0.999934673 -0.00162671751 -0.0113139469 -0.999934673 0.00162671308 0.0113139497 -0.999902308 -0.00198914576 -0.0138346674 0.00112912629 -0.999976933 -0.00670002215 -0.00112912699 -0.999976873 0.00669930223 0.00142762833 -0.999963164 -0.00847118068 0.000126714745 0.000109663401 1 -0.000126687184 -0.00010966343 1 0.00141746516 0.00122684543 0.999998271 -0.00112912362 0.999976933 -0.00669934973 0.00112914608 0.999976933 0.0066993325 -0.00142762787 0.999963105 -0.00847042352 0.999934673 0.00162669783 -0.0113141574 0.999934673 -0.00162668165 0.0113141844 0.999902308 0.00198911782 -0.0138349105 0.00141750078 -0.00122684555 -0.999998212 -0.999902308 0.00198914134 0.0138346702 -0.00142762845 -0.999963164 0.00847045798 -0.00141743768 -0.00122684555 0.999998212 0.00142765034 0.999963164 0.00847040676 0.999902368 -0.00198910176 0.0138349384 -0.000165025864 0.00013680011 -1 0.000165033198 -0.000136800256 -1 -0.00141569087 0.00117353094 -0.999998331 -0.999983728 -0.0013342211 -0.0055365623 -0.999983728 0.00133420574 0.00553656416 -0.999966741 -0.00190977624 -0.00792493392 0.000910211296 -0.999994695 -0.00310831354 -0.000910211646 -0.999994695 0.00310797687 0.00142088742 -0.999987185 -0.00485214544 0.000164998521 0.000136800227 1 -0.000165040241 -0.000136800183 1 0.00141558645 0.00117353094 0.999998331 -0.000910193485 0.999994695 -0.00310796429 0.000910215604 0.999994695 0.00310803298 -0.00142086588 0.999987185 -0.00485171378 0.999983728 0.00133419118 -0.00553666707 0.999983728 -0.00133424799 0.00553666707 0.999966741 0.00190974888 -0.00792508386 0.00141569809 -0.00117353105 -0.999998331 -0.999966741 0.00190976087 0.00792493578 -0.00142088789 -0.999987185 0.00485180877 -0.00141562824 -0.00117353105 0.999998331 0.00142088789 0.999987185 0.00485178269 0.999966741 -0.00190980581 0.00792508386 -1.07374927e-08 0 -1 1.56641602e-06 0 -1 1.07267786e-08 0 -1 0.0625525489 0.997098327 -0.0433831252 0.161045372 0.980574608 -0.111972131 -0.112651087 0.990519345 0.0786198676 0.911540151 -0.402783632 -0.082824409 0.912346005 -0.401211917 -0.0815702081 0.909703851 -0.406327426 -0.0856565386 -0.142264009 -0.989823699 0.00317089469 -0.281260014 -0.958780944 -0.0403965265 -0.0625230744 -0.997606635 0.02952669 -0.887202501 0.460389644 -0.030216001 -0.902918279 0.42543593 -0.0611788146 -0.898674726 0.435475171 -0.0523940325 0.423191696 0.904476166 -0.0532124527 0.435824722 0.897709668 -0.0646077767 0.392096132 0.919567466 -0.0256177317 -0.989921331 0.141064286 0.0125103323 -0.954448342 0.296821147 -0.0304228794 -0.997461975 0.0607756823 0.0370952822 0.929884493 -0.366535068 -0.031093562 0.913556159 -0.403401136 -0.0517953224 0.949057639 -0.31509009 -0.00278303027 -0.576857388 -0.815975249 0.0376798436 -0.406578422 -0.913008213 -0.033317063 -0.422186464 -0.905279398 -0.0471991748 -0.363565654 -0.931559384 0.00412975857 -0.00881503616 -0.00759435492 0.999932289 -0.00603935868 -0.00722759543 0.999955654 -0.00889476854 -0.0076048905 0.999931574 0.999226749 0.0304981321 -0.0248174351 -0.831304431 0.554710627 0.0350578167 -0.0696213022 0.997500479 -0.0120676653 -1.56642591e-06 0 -1 0.352462828 0.903109848 -0.245280534 -0.913763702 0.397149712 -0.0854857862 -0.616255283 -0.786441565 0.0417033732 0.914284587 -0.397388518 -0.0785237178 -0.390288591 -0.915329337 -0.0992325172 8.19799789e-06 -7.02465331e-05 1 -1.22455085e-05 -8.13544102e-06 1 2.18321547e-05 -0.000111669593 1 -0.805804968 0.590950608 0.0381561257 0.468770176 0.878211439 -0.0948632583 -1.52683315e-05 1.04845128e-06 1 -0.909730792 0.406338334 -0.0853180811 0.884493828 -0.458979696 -0.083716169 0.775118828 -0.630909204 0.0338263698 -0.468997896 -0.878616035 -0.0898604244 -0.0116127953 -0.00796398241 0.999900937 0.629181504 0.776385367 0.0368295833 -0.112177037 0.98635453 0.120503411 -0.404948413 0.914295435 -0.00897656754 -0.275797814 0.959890485 0.0504576005 -0.0788685009 -0.987381995 0.137319326 -0.0594909079 -0.949230552 0.308904827 -0.0619615503 -0.988651276 0.136855155 0 0 -0.99999994 0.575933039 -0.808442891 0.121331237 -0.703223467 -0.553387821 -0.446361661 -0.726127923 0.684173465 -0.0681546181 -0.731028497 0.679430246 -0.0630235076 -0.712187588 0.697132587 -0.0824320838 0.855076909 0.50733459 -0.107028313 0.862648308 0.490827978 -0.122171022 0.751330972 0.658069432 0.0494628102 -0.996536493 0.0713938177 0.0426363386 -0.964183748 -0.261053145 -0.0469142348 -0.99903965 -0.0433351435 0.00647651218 0.897535682 -0.440801769 -0.0111116068 0.859632909 -0.509212255 -0.041643139 0.948223412 -0.314813346 0.0420091115 -0.550180793 -0.834511161 0.0298684835 0.00468607759 -0.0113416072 0.99992466 -0.000245661766 -0.0124105252 0.999922872 0.00444888556 -0.0113930246 0.999925196 0.999079943 0.0304963365 -0.0301520266 -0.947697282 0.31800124 0.0272958167 0.437465101 0.8983863 0.0390673056 -0.0225909781 0.999739289 -0.00331274443 -0.0696242154 0.99754411 -0.00762986625 0.475514084 0.878676713 0.042586375 -0.588025153 -0.808160961 0.0331998244 8.19919842e-06 -7.02524776e-05 1 -1.22453339e-05 -8.13626139e-06 1 2.1834061e-05 -0.000111679008 1 0 0 -1 -0.378709257 -0.925436974 0.0120749781 -0.7441414 0.666223586 -0.0489861965 0.909401119 0.326159686 -0.258088559 -0.577566028 0.810730994 -0.095565021 0.753960967 0.593310654 -0.282002211 0.783822238 -0.614225686 -0.0913762748 0.711404085 -0.701656997 0.0397708863 -0.908185005 -0.404176593 -0.108817793 0.00789472274 -0.0106459884 0.999912202 -0.940030217 0.339821637 0.0294012371 -0.184569627 -0.971484542 -0.148834795 -0.149954736 -0.980859578 -0.124209769 -0.240202621 -0.952276468 -0.188340977 -0.978180468 0.17020905 -0.119129457 -0.961907029 0.223970056 -0.156755611 -0.996602356 -0.0674801022 0.0472242683 0.473664165 -0.880687058 -0.00570906047 0.5625664 -0.826528728 -0.0192184877 0.56937629 -0.821826637 -0.0202846788 5.1087676e-07 0 -1 6.97291057e-07 0 -1 -0.0717108324 0.980369687 0.183664739 0.602226973 0.798061967 -0.0204912443 0.601616561 0.797251284 0.0494766273 0.601638794 0.797280729 0.0487264358 0.996119618 0.0753744543 -0.0454367027 0.951895595 0.253141314 -0.17266804 0.964414001 0.218971938 -0.148178622 0.597092271 0.791253686 0.131903291 0.96472013 -0.208228156 0.161109239 0.98695904 0.160889983 0.00512886466 0.997082591 -0.00382696628 0.0762341768 0.0515377186 -0.993666768 -0.0998512432 0.0534319133 -0.993404388 -0.101453096 0.0529626608 -0.993470013 -0.101056293 5.64190827e-07 0 -1 -0.257945597 0.964390397 -0.0584403723 -0.136648834 0.986368299 -0.0916774124 -0.346175194 0.937593281 -0.0328836739 -0.00674338918 -0.00368094654 0.999970436 -0.0103792408 -0.0119315889 0.99987489 -0.00691197952 -0.00406349776 0.999967813 -0.98998642 0.132244021 -0.0493812412 -0.925981104 -0.37040174 -0.0732235536 -0.955781937 -0.255521208 -0.145566851 -0.858480096 -0.512222826 0.0252940003 -0.884173751 -0.466322631 0.0279305484 -0.107458353 -0.989762306 -0.0939331353 0.0548551194 -0.993203223 -0.102656409 0.461648434 -0.887054265 -0.00393716199 1.37845382e-05 -4.48585524e-06 1 1.30315573e-06 0 -1 -0.866460621 0.409019589 -0.286267668 -2.24891864e-05 -1.79457777e-06 0.99999994 0.941867888 0.328634858 -0.0698858202 0.967106998 0.251924366 0.0351867452 -0.0514598526 0.992171228 -0.113790341 -0.00346728321 0.00375253707 0.999986947 0.890765965 0.373423964 -0.259018421 -0.965681672 -0.0730672926 -0.249239072 -0.323020369 0.945448935 0.0422398001 -0.823640406 -0.558188081 0.100212157 0.0215940475 -0.998472333 0.0508589819 0.0214829724 -0.993312359 0.113441631 0.0215983577 -0.998673201 0.0467480458 -0.97400564 0.221767962 -0.0461734869 0.443365216 -0.896271884 0.0111351525 0.410062432 -0.911952972 -0.0138049591 0.551178098 -0.828760743 0.0967379734 0.0131722968 -0.00962876622 0.999866784 -0.0059890775 -0.00662782509 0.999960124 0.013490757 -0.00967861898 0.999862194 0.738453209 -0.673657656 0.0295329206 0.869932532 -0.493111581 -0.00763555337 0.911999822 -0.40982157 0.017398186 0.675184608 0.734825552 0.0644760728 0.807594597 0.586570442 0.061041601 0.582215965 0.803124905 0.126549423 0.701417029 -0.707225084 -0.0885820985 0.0216209628 -0.99973917 -0.00735470233 0.830353796 0.537718236 -0.146190584 0.840701163 0.516017675 -0.164156556 0.791069508 0.605620146 -0.0862160623 -0.617994606 0.786050797 0.0143773314 0.862599432 0.505397201 0.0222676843 -0.343332559 0.929897428 0.131960079 -0.849053562 -0.524346471 -0.0645660833 -0.827140033 -0.56133163 -0.0273163896 -0.871074438 -0.479218394 -0.107606187 3.91174171e-06 0 -1 1.5435613e-05 0 -1 8.8892175e-06 0 -1 -0.872780502 0.322954208 -0.365998209 0.280653536 -0.95402205 -0.105239615 0.026149381 -0.0116595449 0.999590039 -1.51309014e-05 -1.05874287e-05 1 0.898658872 0.434279799 -0.0617515706 0.613412619 -0.780221939 -0.122387394 0.725215018 -0.687836766 0.0307215117 -0.746650279 0.608088493 -0.269706666 2.3218206e-06 0 -1 0.866945386 0.448874921 -0.216603607 -0.79382664 -0.60773176 0.0223906729 0.881919265 0.470696777 0.0257493816 -0.740002453 -0.670906842 0.047753606 -0.408752441 0.911684453 0.041866567 -0.000116709161 0.000101493344 -1 0.000116719384 -0.000101493344 -1 -0.00134836673 0.0011725279 -0.99999845 -0.999997795 -0.000871896103 -0.0019154324 -0.999997795 0.000871881784 0.0019154324 -0.999989331 -0.00191234704 -0.00420117518 0.000523020106 -0.999999404 -0.000996433198 -0.000523020455 -0.999999404 0.000996328425 0.00135026698 -0.999995887 -0.00257238164 0.000116720948 0.000101493279 1 -0.000116705422 -0.00010149338 1 0.0013483665 0.00117252779 0.999998391 -0.000523013761 0.999999404 -0.000996369985 0.000523034949 0.999999404 0.000996334129 -0.00135026721 0.999995828 -0.0025722729 0.999997795 0.000871922064 -0.00191545056 0.999997795 -0.000871901517 0.00191545032 0.999989331 0.00191240059 -0.00420121476 0.00134837697 -0.0011725279 -0.99999845 -0.999989331 0.00191233261 0.00420117518 -0.00135026744 -0.999995828 0.0025722771 -0.00134835101 -0.0011725279 0.99999845 0.00135028828 0.999995887 0.00257223682 0.99998939 -0.00191237999 0.00420121429 -0.0118798399 -0.993780434 0.110721909 0.768793881 -0.310722142 0.558934331 -0.80245775 -0.00710478052 0.596666634 -0.810206175 -0.0729268268 0.581590533 -0.724724591 -0.263565868 0.636637449 -0.531369388 0.8002792 -0.277848542 0.274246454 0.0746328607 0.95875901 0.30596143 0.0888045877 0.947893083 0.255532444 0.0662999675 0.964524508 0.993612289 -0.0729795769 -0.0860726759 0.958983004 -0.155678034 0.236888021 0.951601923 -0.0147148082 -0.306981027 -0.806069791 0.136958107 -0.575755 -0.429261208 -0.865036666 0.259704292 0.0619678199 -0.931590378 -0.358189195 -0.0199265853 0.0292671863 -0.999372959 0.0378136002 0.0200897343 -0.999082863 -0.0212768093 -0.03434081 -0.999183714 -0.946878076 -0.0663001686 0.314684153 -0.959297597 -0.0519729666 0.277573138 -0.955639362 0.0258524809 0.293402642 -0.018059656 -0.787270367 -0.616343379 -0.131305084 -0.836476088 -0.532040179 -0.196161732 -0.856596112 -0.477245957 -0.938859701 -0.0562345386 0.339676678 -0.922086537 0.123136938 0.366870284 -0.92483741 0.0218109768 0.379736781 -0.136611953 0.886636496 -0.441828996 -0.00316360965 0.905761421 -0.423776448 -0.307254344 0.83684808 -0.453078449 -0.00724841934 0.97388351 0.226932496 0.159243956 0.972395778 -0.170551732 0.961787939 -0.0303581841 -0.272107273 0.930113971 -0.0447446592 -0.364535213 0.922622681 -0.0792610347 -0.377471894 0.960929811 0.0012677249 -0.276789159 0.900997162 0.0520257577 -0.430694163 0.82919234 -0.224273533 -0.511997521 0.792378604 -0.206125259 -0.574150324 0.105589665 0.0988646224 0.989482999 -0.95314014 0.0142703624 0.30219236 -0.938111663 -0.0102189016 0.346182227 -0.938862145 0.00683148252 0.344225347 -0.419270903 0.787068725 -0.452476352 0.323406935 0.0966274738 0.941313386 0.563013792 -0.786692619 -0.253239572 -0.489055783 -0.46012044 0.741021931 0.353046 -0.7395522 -0.57308048 0.0963272229 0.954632699 -0.281775683 0.778712809 -0.467210352 -0.418713152 -0.923675537 0.285633266 0.255415469 -0.967027664 0.0910811722 0.237826973 0.978247225 0.138546601 -0.154393345 0.792721391 0.367165506 0.486602843 0.996400297 0.0412937067 -0.0740357265 0.205935821 -0.381692708 -0.901055574 -0.0228376165 -0.0962335691 -0.995096684 -0.0384239703 -0.00698526064 -0.99923712 -0.0342106521 0.010784179 -0.999356389 -0.0248632301 0.0469866246 -0.998586059 0.94711566 0.0460095219 -0.317576826 0.920175135 0.184440374 -0.345339715 0.939234674 0.10065265 -0.328187913 0.943797827 0.0362819061 -0.328525841 0.977532506 -0.0424864776 -0.206458732 0.941533685 0.0769725293 -0.328008503 0.944719851 -0.0291083623 -0.326583982 0.907430112 0.0295408163 -0.419163465 0.915112078 0.0189938117 -0.402751952 0.935514033 0.0820825249 -0.34362185 0.94332999 -0.0281142853 -0.330663383 0.94048357 0.0122269494 -0.33961919 0.95420754 -0.0225731749 -0.298292607 0.941453099 -0.0761510655 -0.3284311 0.925606787 -0.0667079613 -0.372561455 0.926494777 -0.063362807 -0.370934725 0.901718557 0.0259646885 -0.431543052 -0.923687518 0.0905635357 0.372289658 -0.915279925 -0.037487261 0.401070058 -0.938135505 0.0161600802 0.345891088 -0.930071533 0.0176321752 0.366955251 -0.917598367 -0.0610530637 0.392792106 -0.946329653 -0.0774150267 0.313794613 -0.982634723 -0.00691826316 0.185421646 -0.938509703 -0.00644047605 0.345192939 -0.93848455 0.0154108023 0.344977081 -0.929228604 0.0314021446 0.368168682 -0.917785823 -0.0919020846 0.386294037 -0.941465259 0.0909042731 0.324622065 -0.923006117 -0.03592664 0.383104593 -0.959917009 0.0333198272 0.278296977 -0.932364404 -0.0306062438 0.360221893 0.0392410122 -0.755768001 -0.653662741 0.0456814691 -0.0816153288 0.995616436 0.047768306 0.00328591396 0.998853028 0.0846187323 0.0628671795 0.994428158 0.0512184836 0.000433886336 0.998687387 0.0773633718 -0.0181859694 0.99683708 0.0480460785 0.140781313 0.988874197 0.103845574 -0.0824974105 0.991166115 0.872536302 0.285652757 -0.396336943 -0.650996447 -0.748656869 -0.125366047 -0.405670494 0.655385315 -0.637104034 0.741637051 0.110934146 -0.661564887 0.510989845 -0.825539231 -0.239529565 0.964379609 -0.160440907 0.210310906 0.0355273038 0.110063732 -0.993289411 0.0354363136 0.0298503507 -0.998926044 -0.0463768728 0.278950453 -0.959184945 0.515760183 -0.806854367 -0.288058102 0.457940549 -0.79903549 -0.389656931 0.64486438 -0.763374627 0.0375382602 -0.990787864 -0.0560279898 0.123289146 0.0315332003 0.942046046 -0.333998442 -0.0133946128 0.976179779 -0.216549233 -0.0827284828 0.996211827 -0.0267971419 0.0212432109 0.921207964 0.388490081 0.584124923 -0.773347557 -0.246437848 0.577149689 -0.72405535 -0.377679855 0.440456659 -0.25447017 -0.860954583 -0.878695667 0.139922082 -0.45641613 0.0425930023 -0.014988509 0.998980045 -0.0272794701 0.0288922656 0.999210238 -0.0209148508 0.00141743803 0.999780297 0.15960744 -0.941004932 -0.298387527 0.597613752 0.540137827 0.592544317 -0.134742707 -0.513902545 0.847200394 -0.103043638 -0.341209948 0.934322119 -0.120257802 -0.433928221 0.892885387 -0.388654441 0.726668239 -0.566481173 -0.374584764 0.857614696 -0.352396518 -0.382356763 0.817048728 -0.431549162 0.682925224 0.722994685 0.104364581 0.133442372 0.990654945 -0.0282122754 0.574711263 0.816563964 0.0541314334 0.558317482 0.82788378 0.0537595786 -1 0.000159334217 -5.65965456e-06 -1 -2.02403908e-06 0 -1 -9.46722139e-07 -3.7786986e-08 -0.334109664 -0.710617483 -0.619187713 -0.855513573 -0.0153596196 0.517552614 0.566025853 0.61100626 0.553431153 0.00344303483 0.00989944953 0.999945045 -0.0190341473 0.0290485062 0.999396682 -0.0948548391 0.156690657 0.983082235 0.184550539 -0.977370381 0.103383876 0.0250968467 -0.95652777 0.290559351 -0.131704465 -0.884901583 0.446769506 0.198683754 0.978498459 -0.0553663559 0.729364514 0.68408066 0.00781374797 0.678657234 0.734211326 0.0189247057 -0.915403783 -0.186063513 -0.356954098 0.552589834 0.746655643 -0.370337456 0.562633991 0.671619594 -0.482047796 0.485150605 0.871701479 -0.069031775 0.0490320772 0.989029109 -0.139346093 0.120974652 -0.984347999 -0.128156379 0.346381217 -0.92477119 -0.157538041 0.310597926 -0.944987357 -0.102605127 -0.554610074 -0.765335083 -0.326603711 -0.570033431 -0.730823696 -0.375444621 -0.582651138 -0.695520997 -0.420438141 -0.00295440853 -0.136299625 0.99066323 0.00212297146 0.090700902 0.995875895 -0.00358088803 0.0919072181 0.995761156 0.739286542 0.574896336 -0.350641549 -0.314739704 0.928719878 -0.196005821 -0.31517604 0.926571727 -0.205253378 -0.314305216 0.930656433 -0.187325403 -0.936235905 -0.205549806 0.284976393 -0.944176733 -0.227796569 0.23798947 -0.933019757 -0.198021516 0.300435781 0.490651876 0.0721672177 -0.86836201 -0.0198432617 -0.145472944 0.98916322 -0.0191542245 -0.102488227 0.994549811 -0.0058337152 0.0226912051 0.999725521 -0.00452034688 -0.15554972 0.987817705 -0.0608720481 -0.378135175 0.923746943 -0.00606071716 -0.0841424167 0.996435285 0.355345249 -0.80704093 0.471608549 -0.000696052448 -0.0936585665 -0.995604157 -0.0195101518 -0.0216963105 -0.999574184 -0.0731452405 0.0115945945 -0.997253895 -0.0190879293 -0.0480140261 -0.9986642 -0.0259154867 -0.0272006895 -0.999294043 -0.0320715569 -0.0325481892 -0.998955488 0.787719786 -0.0119603192 -0.615917563 0.742357016 0.0298881922 -0.66933769 0.676589251 0.0835318863 -0.731607378 0.746470392 0.486733288 -0.453731835 0.123111777 -0.00537330424 -0.992378294 0.0339881554 -0.680434823 -0.73202002 0.000561402296 -0.924360275 -0.381520212 0.000624229549 -0.921923101 -0.387372583 0.856594503 -0.120187916 -0.501797378 0.818768203 -0.124830067 -0.560389161 0.813413084 -0.125403956 -0.568008006 0.16124928 -0.0516488403 -0.985561252 0.10160882 -0.507999063 -0.855343461 -0.0104020331 0.0894482955 -0.995937169 0.0101952795 -0.0187967997 -0.999771297 0.0595572926 0.398845971 -0.915081918 0.499697 0.637385786 -0.58655107 -0.0655170456 -0.308912545 0.948831141 0.0707332417 -0.0124641061 0.99741739 -0.0532715023 -0.251174837 0.966474771 0.93021363 0.0933560729 -0.354946941 0.0382438973 0.0296780933 -0.998827577 0.00210960885 0.0171221122 -0.999851167 -0.977550864 -0.140025049 -0.15743956 0.778049231 0.373425514 -0.505166054 -0.984623551 0.0499303192 0.167401969 -0.448163658 0.520860612 -0.72653538 -0.986273885 0.162196577 0.0309224017 0.525561273 0.798933148 0.292388588 0.5147053 0.825572789 0.23131825 0.528926313 0.788306236 0.314340949 -0.0981186032 0.314662486 0.944118798 0.809465826 0.0992737636 -0.578713894 0.152703106 -0.98827213 -0.000128649088 0.205350444 -0.975723565 0.0761231408 0.0786824152 -0.99600327 0.0422673039 0.21731782 0.27717346 -0.935920835 0.183969513 0.0502628498 -0.981646001 0.721589446 -0.177574262 -0.669160843 -0.420310974 0.769567668 -0.480733156 -0.358187258 0.919823587 -0.160083219 -0.319775671 0.943945825 -0.0819128752 0.0667739585 0.00377371744 -0.997760952 0.0519528463 -0.0590292737 0.996903419 0.439290643 -0.281830043 0.852992177 0.0445337035 -0.0179182328 0.998847187 -0.0586654469 0.121614799 -0.990842164 -0.0604596436 -0.0293919556 -0.997737765 0.037985947 0.0897154063 -0.995242774 0.140008166 0.831876636 -0.53700918 -0.22575365 -0.952391505 0.204903975 -0.477818698 0.0451716967 0.877296209 0.815830767 0.133190721 -0.562743425 -0.0981242582 0.331815392 -0.938227177 0.00234257313 0.447322428 -0.894369781 -0.0302017163 0.150839791 -0.988096714 0.114156261 0.660638511 -0.741973817 -0.0601474196 0.254811734 0.965118289 -0.0636921898 0.229164883 0.971301615 -0.0604008213 0.246811837 0.967179239 -0.163414985 0.29521963 -0.94135052 -0.538954556 0.766984761 0.348227531 -0.514424086 0.807862401 0.287621826 -0.493958086 0.835444868 0.240909398 -0.0146035356 0.250143647 0.968098581 0.00587543054 0.10303732 0.994660139 -0.000238131033 0.127150714 0.991883397 0.711638808 -0.541973948 -0.447028518 -0.384276032 0.842810631 -0.376831621 -0.0989858285 -0.354230672 0.929904521 0.510120571 -0.727077484 -0.459494531 0.498793274 -0.685689449 -0.530127525 0.493431121 -0.668211222 -0.556794047 -0.0695103407 -0.567855775 0.820187926 -0.0085460078 -0.0428319238 0.99904573 -0.0407945924 -0.204543218 0.978007138 0.0344705284 -0.679139674 -0.73319912 0.0665635243 -0.677434623 -0.732565105 -0.40661037 -0.898189306 -0.167104691 -0.425111085 -0.861230195 -0.27850163 -0.428785801 -0.850135744 -0.305633605 0.429106325 -0.498710215 -0.753097475 0.526099145 -0.469541281 -0.709049165 0.668135524 -0.410804451 -0.62035042 0.169874877 -0.346543521 -0.922523737 -0.295504123 0.450976521 0.842197955 -0.285747081 0.528247714 -0.799564242 -0.801417232 -0.518494666 0.298150599 -0.903950095 -0.421757579 -0.0706735849 -0.911398053 -0.405706704 -0.0689619258 -0.614877343 -0.781442761 -0.106175184 -0.589504838 -0.0225792527 0.807449222 -0.63727361 -0.290952533 0.713602781 -0.63983649 -0.328267962 0.694873631 0.0483761244 0.980467558 -0.190638885 -0.290578187 0.929429114 -0.22743316 0.0554179288 0.468313336 -0.881822824 0.374880701 -0.195760056 0.906169057 0.478723764 -0.249986172 0.841623783 0.203407332 -0.0090889344 0.979052067 -0.886304617 0.1357373 -0.442763448 -0.844342053 0.157046214 -0.512272418 -0.948416352 0.0929226354 -0.303103656 0.147197425 -0.988575816 0.0324141793 0.0448991321 -0.998450756 0.0328656286 0.0825263634 -0.996295214 0.0241911113 -0.999247789 0.00467381347 -0.0384964123 -0.999190092 0.00690455176 -0.0396430679 -0.999470055 -0.00200389256 -0.0324878767 0.222256005 0.822485924 -0.523563802 0.279872328 -0.753350735 -0.59509176 -0.56946981 0.433698803 -0.698290348 -0.184224844 0.0189367626 -0.982701659 -0.0799748302 0.0257348083 -0.99646461 -0.584207773 -0.597512305 0.549254417 0.544964373 -0.0867808238 -0.833956242 0.161908716 -0.957342207 -0.239335373 0.25273481 0.0639501587 -0.965419888 -0.181314364 -0.0072983806 -0.98339808 0.0419941097 -0.0400811397 -0.998313606 0.914541543 -0.109349273 0.38943091 0.910740256 -0.133424282 -0.390832365 0.00233540358 0.014720493 -0.999888897 -0.0099205086 -0.0298898593 -0.99950397 0.0337574184 -0.0451588854 -0.998409271 0.0871057212 0.102641836 0.990897238 -0.0618251786 0.276101351 0.959137976 -0.0428970419 0.223082408 0.973855257 -0.0666555315 0.289575219 0.954831541 -0.0308667012 0.147012174 -0.988652885 -0.0149050411 0.153515384 -0.988033772 0.0375214629 -0.0555864535 0.997748613 -0.0138940047 0.0151010836 0.999789417 0.0206222292 -0.00181802479 0.999785662 -0.644497573 -0.398546576 0.652520835 -0.780884743 -0.588343322 -0.209931448 -0.180300891 -0.0709924847 -0.981046259 -0.937496305 0.168348759 -0.304564208 0.122020043 -0.00657991692 0.992505789 0.0314760022 0.00439230679 0.999494851 0.0243354011 -0.0027668667 0.99970001 -0.0930564851 0.0405419953 -0.994835138 -0.0152459973 -0.330069393 -0.94383359 -0.0163578968 -0.349886656 -0.936649263 -0.00293384492 0.337573618 0.941294491 -5.75032791e-05 0.00662096869 0.999978065 -0.00107554835 0.127015516 0.991900086 0.200134397 -0.880061388 0.43062529 0.247980833 -0.843139887 -0.477095902 0.00953868032 -0.69393301 0.719976366 -0.0410735533 -0.171638876 -0.984303296 -0.038537465 -0.208516255 -0.977259278 -0.106540397 -0.0336156115 -0.993739903 0.110275738 0.549829066 0.827965677 0.243791625 0.661698997 0.709027469 0.397059351 0.76086241 0.513256431 0.0897316858 -0.0907440037 0.991823435 0.143545434 -0.0283713043 0.989236951 0.00961392093 -0.0869885534 0.996162951 -0.119124666 0.0771694556 -0.989875853 -0.0966772065 -0.0518879034 -0.993962407 -0.233036324 0.0574031137 -0.970772386 -0.137647718 0.069424957 -0.988045156 -0.666416347 0.0811865628 -0.741146445 -0.280893534 -0.959687531 -0.00993311405 -0.310336709 -0.950626671 -0.000115504998 -0.521977603 -0.852844417 -0.013997037 0.0744423792 -0.0449269935 -0.99621278 0.391011745 -0.0594926998 -0.918460965 0.156373903 -0.120055139 -0.980374336 0.0785296783 -0.996906936 -0.00309919287 -0.434286088 0.829068005 0.352195889 -0.444706142 0.725372732 0.525424421 -0.44472003 0.708881736 0.547458529 -0.989768505 -0.0321029536 -0.139024183 -0.621237814 0.780430734 -0.0706497282 -0.634523273 0.661989927 -0.398935407 -0.638180315 0.727259576 -0.252625048 0.00641372567 0.999969959 -0.0043489025 -0.15584369 0.987170517 -0.0347438306 -0.00385363097 0.999913514 -0.0125728101 -0.0948561728 0.994833469 -0.0361755192 -0.04769063 0.99872458 0.0165813733 -0.00832279306 0.999936044 -0.00766212679 0.122367457 -0.62714082 0.769233823 -0.522956192 0.849916816 -0.0644841492 -0.600121558 0.735666931 -0.314083338 -0.481923848 0.875587881 0.0330961049 0.137882009 0.868123174 0.476813138 0.0756482184 0.843375683 0.531972528 -0.0952219367 0.744584501 0.660701692 0.732893467 -0.433499962 -0.524351835 0.839395404 -0.543460667 0.00810872298 -0.106505685 -0.982393086 -0.153494224 0.172300562 -0.977733493 -0.11978972 0.19552806 -0.979471266 -0.0490386561 0.0145617137 -0.99447757 -0.10393402 0.598158062 -0.799809635 0.0501152538 -0.113981277 -0.835598528 -0.537385643 -0.0636143833 -0.795496881 -0.602609217 0.0123549709 -0.723404646 -0.690313816 0.319494635 0.645385683 0.693830311 0.322531611 0.641956627 0.695603967 0.322833627 0.641614377 0.695779741 0.954747736 -0.076226972 -0.287482351 -0.841584325 -0.423390478 -0.335374922 0.39537552 0.783885002 -0.478751004 0.118257225 -0.78586936 0.606979847 0.139274463 -0.814598262 0.563056231 0.20938383 -0.852278173 0.479354054 -0.144962743 0.826035917 0.544656217 -0.138598487 0.823539197 0.550066948 -0.110191882 0.811687469 0.57360363 0.763813913 -0.206607834 -0.611474872 0.780816019 -0.187038109 -0.596106529 0.792613387 -0.17284885 -0.584711134 0.102404937 -0.000380704121 0.994742692 0.404079974 -0.0708595961 0.911974907 0.123938657 -0.0359229147 0.991639376 -0.898159623 0.421893269 -0.123754755 -0.164047763 -0.114190876 -0.979820788 -0.117428064 0.000193759828 -0.993081391 0.195553869 0.363101393 -0.910997212 -0.0177200735 0.978992045 -0.203126729 -0.0800441429 -0.0191081632 -0.996608138 -0.510855496 -0.130378276 -0.849722385 -0.14316754 -0.058084581 -0.987992525 -0.040438626 0.241531819 0.969549894 -0.136098027 -0.0488830023 0.989488602 -0.454449952 -0.085986577 0.886612356 0.222359046 0.97473681 0.0210849829 0.166512847 0.984898269 0.0474218354 0.0270489864 -0.0863436833 -0.995898068 -0.0045863064 -0.00882731192 -0.999950469 0.104069367 -0.132575691 -0.985694289 -0.11748343 -0.241467297 -0.963271022 -0.26849854 -0.00454667537 -0.963269353 -0.274775445 -0.0589939728 -0.959696889 -0.158513024 0.515010476 -0.842400014 -0.923697591 -0.0689457729 -0.376867801 0.0133324023 -0.253151327 0.967334807 0.011291598 -0.259192318 0.965759695 0.0566516705 -0.12191169 0.990922868 0.861349285 0.299953192 -0.410006672 0.470233619 -0.138242066 0.871647656 0.521302819 0.801829398 0.29208383 0.521206498 0.830789626 0.195275426 0.512170613 0.746137619 0.42539379 -0.0938804746 0.00434832741 0.995573997 -0.753430247 -0.65554297 0.0510523655 5.73186981e-06 0 1 1.53660039e-06 0 1 -8.86014241e-05 0 1 -5.86157948e-05 0 1 0.893660665 -0.167771295 0.416201264 0.280215085 -0.690704346 0.666638672 -0.0708948001 -0.00548830861 -0.99746871 -0.00194557104 -0.016910689 -0.999855161 -0.361091048 0.000797072949 -0.932530224 0.0779958814 0.889169037 -0.450882643 -0.903819144 -0.125423133 0.409121066 -0.987743795 0.0457500853 -0.149228767 0.0668626949 -0.0247518178 -0.99745512 0.0313379169 -0.0453896113 -0.998477757 0.0713197961 0.0897915512 -0.993403733 0.0119868731 0.0251092222 -0.999612868 -0.00255236775 -0.0027340448 -0.999993026 0.0773994699 0.164820403 -0.98328203 -0.0231672898 -0.0359285362 -0.999085784 0.0178387947 0.0116589656 -0.999772906 0.260668039 0.378849149 -0.88798964 0.454224795 0.214238673 -0.86474365 0.0280373916 -0.0328513533 -0.999066889 -0.0103480313 -0.16056627 -0.986970842 -0.0462042317 -0.0599258654 -0.997132957 0.0227276869 0.0404681191 -0.998922348 0.0912640542 0.0872347429 -0.991998374 -0.756155789 0.0597929284 0.651654184 -0.0256893951 0.0154102184 -0.999551177 0.00304786232 0.0140696196 -0.999896407 0.0995562151 -0.153127745 -0.983178735 -0.0363513716 -0.0483208261 -0.998170137 -0.0368014127 0.0587621368 0.997593403 -0.033310052 0.0235067736 0.999168575 -0.00984758604 -0.00375788379 0.999944448 0.012516032 0.0566962175 -0.99831301 0.0142280729 0.000959216733 -0.999898255 -0.0243955385 0.0066620619 -0.999680221 -0.140025586 0.0164963137 -0.99001044 -0.00640270906 -0.00067510386 -0.999979317 0.0525730625 -0.323637813 -0.944719255 -0.042431213 0.0883441269 -0.995185852 -0.0132775344 -0.0172998328 0.999762177 0.0149956532 0.0510378517 0.998584151 0.0287363324 0.00577387027 0.99957037 0.00684239762 -0.410354465 0.911900401 0.0024542301 -0.494009465 0.869453073 0.0259288736 -0.00440327125 0.999654055 -0.116753966 0.0907472372 0.989006221 -0.0721757784 0.0543325171 0.995910943 0.013779073 -0.000900418905 0.999904633 -0.0781704336 -0.184638262 0.979692876 0.310064703 0.908456385 -0.280297846 0.304616451 0.892678082 -0.332166791 0.316139817 0.925997794 -0.206358299 -0.00478631072 0.586239338 -0.810123742 0.00301212445 0.175412923 -0.984490335 0.945877671 -0.322829694 -0.0331121571 0.982283533 0.187401026 5.06396682e-05 0.982894421 0.184169844 -0.000169906256 0.937888503 -0.34521845 -0.0344873145 0.485991001 0.868535161 -0.097259447 0.894578755 -0.445464641 -0.0359182395 0.896471441 -0.442450494 -0.0240118802 0.889705062 -0.452182919 -0.0628933087 -0.0044254926 0.997174501 0.0749896318 0.14417617 0.987103343 0.0695710853 -0.00845485087 0.996864915 0.0786696151 -0.413635671 -0.639737248 -0.647797585 0.999058425 0.0381908305 -0.0205855668 0.982384503 0.111007214 -0.150327116 0.996504724 -0.019383546 0.0812572092 0.214740261 -0.00130837515 -0.976670384 0.157011047 -0.000461644115 -0.98759675 0.995775402 -0.0918217301 5.06298129e-05 0.0882585943 -0.222529992 -0.970922709 0.212721542 -0.567468286 -0.79544276 0.0987853259 -0.0654247105 -0.992955744 0.311861783 0.440368533 0.841913223 -0.233270288 -0.70946604 0.665013433 -0.466496199 0.680657446 0.56487751 -1 0.000161345233 -5.73019133e-06 -0.618536949 0.718717396 0.317580521 -0.891541481 -0.203855172 0.40447107 -0.614538908 0.0263644792 -0.78844583 -0.541099846 0.00293619512 -0.840953171 -0.166829631 -0.0179868806 -0.985821605 0.00479320483 0.0131228026 0.999902427 0.00604532659 -0.00371639151 0.999974906 -0.632546365 -0.531782985 0.5631091 0.00502290204 0.0229706615 0.999723554 -0.0231196973 0.0328074917 0.999194264 -0.0497006141 -0.183299735 0.981799901 -0.100866675 -0.070191808 0.992420793 0.66910404 -0.729934633 0.139625385 -0.20964317 -0.815920234 0.538817286 -0.998051584 0.0150625333 0.0605487339 -0.946507752 0.0779010206 0.313136548 -0.986281753 0.0400554128 0.160137236 -0.362315178 0.907450199 -0.212748438 -0.459136188 0.886840582 -0.0520355962 0.328437835 0.943034351 0.0530545674 -0.877177596 0.186166644 0.442607492 -0.301383585 0.953502417 0.00101077103 -0.322836459 0.913862348 0.246235952 -0.243972391 0.969734967 -0.00957710389 -0.382490516 0.885836661 0.262667894 0.064675577 0.957450807 0.281256139 0.19977811 0.971841216 0.12495327 0.425000221 0.358167976 -0.831318557 0.352597594 0.935601413 -0.0180229321 0.922599077 0.362011731 -0.133260936 0.384239495 0.497677088 -0.777610183 0.25216648 0.2657637 -0.930473924 0.367652923 0.439817339 -0.819385111 0.00702078314 -0.847264946 0.531124175 -0.023975553 -0.761786282 0.647384584 -0.0613282621 -0.634063959 0.770844817 0.00341801927 -0.0821453109 0.996614575 0.26992175 -0.274656951 0.92287904 -0.000618317572 -0.0673655719 0.997728169 0.348351717 -0.0893720463 0.933093667 -5.40029978e-05 -0.011029575 0.999939144 -0.00366272707 -0.0275350828 0.99961412 0.0340203568 0.0636756197 0.997390568 -0.0217176452 -0.033396598 0.999206185 -0.00545578729 0.0132332193 0.99989754 -0.646732569 0.16592738 0.744449556 0.201402739 -0.35035345 0.914707303 0.961962938 0.153268635 -0.226132959 0.0315336548 0.030306071 0.999043167 0.0402138643 -0.00386781013 0.999183595 0.0447809398 -0.0465554632 0.997911453 -0.0507082492 -0.00286611193 0.998709381 0.00270812307 -0.155262202 0.98786962 0.0261249524 -0.171768859 0.984790802 0.0299218781 -0.0853887647 0.995898306 0.0199737232 0.0903348178 0.995711148 -0.0379623994 0.0157895293 0.999154449 -0.0333684087 0.0563730001 0.997852027 -0.0506336614 0.0391468033 0.997949779 0.140416846 -0.772171557 0.619704902 0.0308953151 0.0693102702 0.997116685 -0.0554914996 0.0437537767 0.997500062 0.0986556485 0.0175927524 0.994966149 -0.118233688 0.0523770489 0.991603494 0.0013211004 -0.078309387 0.996928215 -0.0103496136 0.0354941636 0.999316335 0.000725433812 -0.028986875 0.999579549 -0.0164164957 -0.0567446202 0.998253763 -0.0621846654 0.0169130228 0.997921348 -0.0178524703 -0.0130502926 0.999755442 -0.00538073387 -0.203587458 0.979041994 0.021738572 -0.0278985333 0.99937439 -0.0169266481 -0.341429114 0.939755201 -0.0715103149 0.735608101 0.67362231 -0.0261457991 -0.136881977 0.990242302 -0.0192885306 0.0874213129 0.995984614 0.047080487 -0.0796414688 0.995711148 -0.0165224206 -0.105662286 0.994264901 0.0572891757 -0.0302501265 0.997899234 -0.0368204117 0.112749346 0.992941022 -0.0686410218 0.037598785 -0.996932685 0.0463150032 0.0833150595 -0.995446444 -0.215355992 0.0938904658 -0.972011447 0.347512662 0.937670112 0.003117349 0.206531689 0.977101326 0.0511639006 0.356629878 0.934244812 0.00132104789 0.0104194582 -0.999870479 -0.0122647192 -0.511153817 -0.833516002 -0.209697038 0.305821359 -0.525673032 -0.793814361 0.0234657731 0.0786795318 0.996623755 0.0122370357 0.0326940753 0.999390483 -0.00889581535 0.0113936896 0.999895513 0.0959809721 0.0206870772 0.995168149 0.116964713 0.0923256055 0.988835275 -0.130540565 0.0629287437 0.989443779 0.00696617644 0.0051139947 0.999962568 0.45739156 0.0736298338 0.886211932 -0.0577717647 0.0606413968 0.996486306 -0.102900445 -0.0487848073 0.99349463 0.0216738321 0.128338352 0.991493583 -0.396357834 -0.63149488 0.666419327 -0.418942481 -0.463808 0.780621052 -0.382045984 -0.693767071 0.610514522 -0.0080198003 -0.00831881538 0.999933183 -0.00540293893 -0.0447750837 0.998982549 -0.152793989 0.00313072768 0.988253117 -0.00190744107 0.0213359799 0.999770582 -0.0598345436 0.0633465648 0.99619627 0.171624735 0.10831105 0.97919035 0.0838971362 0.092104204 0.99220866 0.00483610993 0.0225662645 0.999733686 -0.0149476547 0.0212699454 0.999661982 0.171671286 -0.642513394 -0.746796846 -6.87019747e-06 0 -1 -4.84066659e-05 0 -1 -2.90474891e-05 0 -1 0.358113855 0.231691852 -0.90447402 0.461746454 -0.577865958 -0.672949553 -0.946600676 -0.236436069 0.219192281 -0.0173228886 -0.172220781 0.984906137 -0.0860375166 -0.0467400849 0.995194972 0.0532459989 0.0689118803 -0.9962008 -0.0826375484 0.0122764567 -0.996504009 -0.117705889 -0.0124020083 -0.992971122 0.0160870906 0.018144941 -0.99970597 0.0863048211 0.150096908 -0.984897137 -0.0109381005 0.0867941678 -0.99616617 -0.383446753 0.146232054 -0.91191268 0.802007139 0.192985758 0.565279722 -0.463253051 0.777292311 -0.425691575 -0.474556804 0.166459352 -0.864342034 0.989714742 0.141800433 -0.0189010724 -0.00840555876 0.0440840423 -0.998992503 0.036742378 0.0245121047 -0.999024153 -0.0169741437 0.0179223865 -0.999695301 0.00928337499 0.0173735283 -0.999805927 0.0146462638 0.000118714801 -0.999892712 0.0133894198 0.0274534021 -0.999533415 -0.0281868838 0.0739914551 -0.996860504 -0.0157115962 0.0292357095 -0.999449074 -0.00871819723 0.0432698317 -0.999025345 -0.114304177 -0.761755705 -0.637701273 0.085013032 0.752635658 -0.652925968 0.0584569722 0.496538699 -0.866043925 -0.221142575 0.21540834 -0.951154709 -0.211003363 0.312053204 -0.926337123 -0.0220166743 0.0856338516 -0.996083379 -0.0157986674 0.00898960419 -0.999834776 0.00633805152 0.0443618931 -0.998995423 0.101544276 -0.0640710071 -0.992765665 0.623691618 0.122216821 -0.772056818 0.0427325256 0.0131130693 -0.99900049 -0.616981983 -0.452920616 -0.643580735 0.0249177832 -0.0570836551 -0.998058438 -0.0857069641 0.440018922 -0.89388907 -0.0246465728 0.0265705939 -0.999343038 0.036576286 -0.193410501 -0.980435908 -0.00267531257 0.0194006134 -0.999808252 0.0986213759 -0.0282326005 -0.994724512 0.272646785 0.625774682 -0.730800807 -0.0354404747 -0.0288295336 -0.998955905 -0.123541333 -0.171381608 -0.977428138 0.0222421177 0.0212237556 -0.999527335 0.0182838421 -0.0703897402 -0.997351944 0.0916145667 0.0949818119 -0.991254449 0.0516581908 -0.00085364905 -0.998664498 0.123547941 0.127013907 -0.984176517 -0.0489710867 0.0132299885 -0.99871254 0.0579829514 -0.057477437 -0.996661544 -0.00590752764 -0.0355678834 -0.999349773 0.0262688585 0.0990553796 -0.994735122 -0.0422890782 0.0780096427 -0.996055305 0.0389334597 -0.0486512333 -0.99805671 0.126579419 0.0681885853 -0.989609957 -0.854635537 0.489573628 0.17296195 0.0590076894 -0.0909836292 -0.994102597 0.05455897 0.0243373811 -0.998213887 -0.0606518649 0.00718244119 -0.998133123 -0.00773103442 -0.0790695027 -0.996839106 -0.0138821909 -0.0978026092 -0.995108962 0.746285498 0 -0.66562587 -0.0419220105 0.00294270739 -0.99911654 -0.0331520997 0.0630414411 -0.997460127 -0.316421986 -0.00797715876 -0.948584974 -0.0735046118 -0.0913324282 -0.993103862 -0.00362605555 0.0855992883 -0.996323049 0.00602211477 -0.108456597 -0.994082928 -0.293729842 0.00433710823 -0.955878615 0.000660512596 -0.0165966693 -0.999862015 0.0117472159 -0.194422558 -0.980847538 -0.0312678441 0.0193451345 -0.999323845 0.00442390889 0.0386081748 -0.99924469 -0.012908062 -0.0129537107 -0.999832749 0.0716698766 -0.0133595364 -0.997338891 0.0631162897 0.0400053002 -0.997204065 -0.064176254 0.0675063357 -0.995652676 0.0339224599 0.270145625 -0.962221682 -0.0173930991 0.0685508624 -0.997495949 -0.0853549689 0.0537988469 -0.994897068 -0.0205369443 0.0812047869 -0.996485829 -0.0748139843 -0.580798507 0.810602307 -0.177379042 -0.124966905 -0.976176202 0.0596889593 -0.0911183879 -0.994049668 -0.0303212367 0.00379787688 -0.999532938 0.0355862677 0.408008158 0.912284553 -0.744801939 -0.489360273 -0.453648061 -0.759028852 -0.507765949 -0.407491237 -0.799239755 -0.578833163 -0.161765277 0.169344574 0.96584785 0.196113274 0.0588237718 0.0178629179 -0.998108566 0.0597710758 0.0679861829 -0.995894194 0.051188305 0.000434354006 -0.998688936 -0.20012179 0.213860616 -0.956145823 0.0509048887 0.0116402581 -0.998635709 0.542616189 0.82810694 0.140735641 0.0203400198 0.999098539 0.0372603983 0.0255557597 0.998965383 0.0376170836 -0.0703226253 0.997045457 0.0309035555 -0.879488945 -0.364757568 -0.305697471 0.095292747 -0.161169678 0.982315481 0.0893663913 -0.0902478173 0.991901755 0.0638764948 -0.111976825 0.991655707 0.0430412106 -0.0615977123 0.997172594 -0.0275866725 -0.0434211381 0.998675823 -0.53592068 -0.843495429 0.0361145623 0.908802569 -0.111456417 -0.402063847 0.12678355 0.0205764491 -0.991716981 -0.0273488332 0.0329039395 -0.999084294 0.135486811 -0.00352621241 0.990772843 0.139103875 -0.0102789095 0.990224421 0.0777849331 0.00488080177 0.996958256 0.319088042 0.934469998 -0.15795137 0.360534638 -0.494608611 -0.790807903 0.17479521 -0.549315393 -0.817128658 5.13814371e-07 0 -1 1.79312508e-07 0 -1 5.19484843e-07 0 -1 0.00735389022 -0.873220384 -0.487269849 -0.0136515712 -0.1674245 0.985790372 -0.0754239261 0.841822028 0.534459531 0.0083024716 0.186837196 0.982355833 0.0882579982 0.996061802 -0.00845238753 0.171426997 0.9851771 -0.00623795157 -0.0126897525 0.999918342 -0.00148021767 -0.0475572534 0.998866379 -0.00203710445 0.2816208 -0.573254108 -0.769460618 -0.464250684 -0.477259666 -0.746119678 0.106570177 -0.0288825426 -0.993885636 -0.0251087006 0.240462407 -0.970333576 0.0128615769 0.277710319 -0.960578799 -0.109142989 0.405158013 -0.907708585 0.276397318 -0.384175926 -0.880916178 0.276997149 -0.386336505 -0.87978214 0.287171185 -0.42360422 -0.859122992 0.288041413 -0.426849723 -0.857223213 -0.548719347 0.83379662 -0.0607474968 0.0155925164 -0.258063644 -0.966002047 0.0161846429 -0.193343461 -0.980997622 0.0188622866 -0.487784505 -0.872760296 0.289234459 0.95541954 -0.0593028553 -0.173759058 0.00853123795 0.984751284 -0.199437559 -0.0756357759 0.976987183 -0.130331442 0.00765679125 0.991440892 0.227470204 0.973758459 0.00719773443 0.025357781 0.990538239 -0.134874433 -0.0886006728 0.895430982 -0.436295062 -0.267513096 0.932226121 -0.243703038 0.130735263 0.990653098 0.0389204025 0.0708047524 0.995659113 0.060411483 -0.0105969179 -0.269103795 0.963052869 -0.0783140659 -0.303782523 0.94951725 -0.236300901 -0.378413677 0.894966483 0.51963228 -0.566608787 0.639481664 -0.964441359 0.109700732 0.240455389 -0.0602533668 -0.00864521228 -0.9981457 0.510126829 0.834416926 0.208612114 -0.0998141468 -0.151234895 -0.983445525 0.809462786 -0.0992742926 0.578717947 0.00357934856 -0.256709486 0.966481984 0.685032487 0.725773036 -0.0631183982 -0.0857113302 0.995044649 -0.0503945984 -0.910425127 0.405315846 0.082735084 0.568178356 -0.607180536 0.555432439 -0.365060598 -0.801079512 0.474344164 -0.164714903 -0.724774122 0.669007957 -0.317006826 -0.788078368 0.527673364 0.258458763 0.924946785 0.278697878 0.110003911 0.317336172 -0.94191134 0.0420791134 0.0498233959 0.99787122 -0.129247621 -0.705754101 0.696567357 0.091396682 0.114897162 -0.989163935 0.053005565 0.103605017 -0.99320519 -0.115459315 0.192465261 -0.974487722 0.25031051 -0.860080898 0.44452852 -0.426866323 -0.902987182 -0.0489837453 0.0199606456 0.0480879731 -0.998643696 0.0655710548 -0.115243234 -0.991170764 0.0694597736 -0.275618702 -0.958754241 -0.35678497 0.745666206 -0.562748909 0.129477903 0.121009611 -0.984170794 0.010944427 -0.39952302 -0.916657746 -0.165515259 -0.131111726 -0.977452993 -0.00596183026 0.0210596416 -0.999760449 -0.00778868701 -0.0149831707 -0.999857426 0.105554357 0.320690066 -0.941284299 -0.0499389544 0.720967531 -0.691166997 0.374857515 0.261554241 -0.88942194 0.729628384 0.682750463 -0.0386541113 0.441644073 -0.339841396 -0.830336273 0.309933156 0.00556489872 -0.950742126 -0.999933243 0.00309555209 0.0111324862 -0.554747164 0.734472394 0.390904069 0.777423203 -0.317985594 0.542677104 0.483164966 0.120681621 0.867172122 0.881037414 -0.0497956425 0.470418334 0.179931149 0.54673171 -0.817746401 0.123134457 0.991455078 0.0430675261 0.0668470562 0.995921254 0.0605994724 0.0989528149 0.993946075 0.0477445573 0.0596269555 0.996061206 0.0656254441 0.167408824 -0.983840704 -0.0634958968 -0.139839441 -0.981514275 -0.130670249 0.0939284787 -0.985074461 -0.144242004 0.127376139 -0.991117954 0.0382182561 0.108758472 -0.993225515 0.0409242511 -0.068469353 -0.989307106 -0.128776118 0.100194238 -0.985997736 -0.133302346 -0.658637047 -0.750783324 0.0502150729 -0.684091985 -0.727288604 0.0554029085 -0.273797423 -0.949920297 -0.150620058 -0.0276798662 0.0844785571 -0.996040761 -0.0908175781 0.15400213 -0.983887911 -0.0240443535 -0.00829528738 -0.999676466 -0.235206008 -0.157063454 -0.959171116 -0.0594857968 -0.0860587582 -0.994512558 -0.121012285 0.713466346 0.690160751 0.0745652393 -0.0265569724 -0.996862471 -0.331221044 -0.937125862 -0.109944656 -0.552410722 -0.833511949 -0.0100170542 -0.497189343 -0.867622495 -0.00582709257 0.310597211 -0.950150907 -0.0272511356 0.155378968 0.987841308 0.00519425236 -0.110652387 0.989152253 -0.0966115668 0.219010323 0.973047912 0.0721960515 -0.305397362 0.935383856 -0.178296 -0.394340247 0.917246163 -0.056170132 0.00286403927 0.988372147 -0.152027115 -0.175492018 -0.97811693 -0.111757271 -0.72590661 -0.466490179 -0.505417049 -0.399501801 -0.907313824 -0.131072581 -0.353660315 -0.226666152 0.907494843 -0.511544764 -0.327855557 0.794249713 -0.632478654 -0.405362934 0.660039186 0.323155284 0.64803946 0.689648867 0.349535733 0.707148135 0.614626944 0.431812137 0.865934074 0.252381772 0.312910289 0.632916331 0.70816958 0.459190339 -0.263040841 0.848500907 0.518059134 0.845769227 0.127628893 0.13555634 -0.945236981 -0.296903133 -0.073088415 0.580687284 -0.810839236 -0.317174524 0.912145793 -0.259596139 -0.992404401 0.106692336 -0.061239399 -0.037947163 -0.0592332594 0.997522652 -0.0192910805 0.0137849664 0.999718845 0.0159279909 -0.999405563 -0.0305747855 0.0501804836 -0.996292353 -0.0698813051 -0.0216758195 -0.999632776 -0.0162607878 0.0556369536 -0.996520936 -0.0620522983 -0.605262041 -0.788826823 -0.106817991 -0.00919270981 -0.00726726558 0.999931335 -0.0282503702 -0.0282179844 0.999202549 -0.00267728302 0.0538246147 0.998546839 0.0152205564 -0.0015011793 0.999883056 -0.14255242 -0.104270682 0.984279633 0.0148359276 0.00305692339 0.999885201 -0.0815838203 -0.501524866 0.861287892 0.00887732487 0.00715228869 0.999935091 0.0501189642 0.0137045756 0.99864918 0.403592497 0.531635523 0.744632006 0.145421952 0.0250311214 0.989053011 -0.014625377 0.101922683 0.994684815 -0.525863707 -0.599240303 0.603637636 -0.232323647 -0.108178414 0.966603935 0.0994124562 0.0820289031 0.991659403 0.103698097 0.179403886 0.978294909 0.0558006205 -0.0149076991 0.998330653 0.0352751389 -0.013097628 0.999291778 -0.00943148602 0.031059755 0.999473095 -0.202076867 0.362985104 0.909618974 0.270122409 -0.747334838 0.607062161 -0.0576024614 0.00647548633 0.998318613 -0.0578873642 -0.00642948924 0.9983024 -0.0190898925 0.00891255122 0.999778032 -0.280240148 -0.00795651414 -0.959896982 0.0454638749 0.0555344597 0.997421145 0.00950762164 0.00152221543 0.999953628 0.14888458 0.0515354127 0.987510741 0.001822675 0.075335063 0.99715668 0.00163513329 0.0742032453 0.997241855 -0.0426695719 0.0108104972 0.999030709 -0.238485053 0.70291239 0.670103788 -0.17955859 -0.192083493 0.964812219 0.0566268824 0.421122313 0.905234396 -0.00996883493 0.0133166397 0.999861658 0.00793705601 0.00289989542 0.999964237 -0.0731709227 0.116066337 0.990542591 -0.0226866398 0.00804261025 0.999710321 0.435377121 -0.501492381 0.747631013 -0.0334196612 -0.0761506185 0.996536076 0.205209658 -0.593499124 -0.778233886 0.0211444218 0.0329623744 0.999232888 0.0296799224 0.121796787 0.992111266 0.145281225 0.304205269 0.941462934 0.674775124 0.146742851 0.723287642 -0.0870975107 -0.063045539 0.994202852 -0.150867194 0.0461977087 -0.987474024 -0.0217103548 -0.00952073652 0.999719024 0.304324657 0.915182948 -0.264247239 0.00574179087 0.211545333 0.977351308 -0.126174584 0.175081283 0.976435661 -0.0592009239 0.194087207 0.97919631 0.197188795 0.562529862 0.802917719 0.185112581 0.0513775684 0.98137337 -0.149257183 -0.49561891 0.855619252 0.31101805 0.0863223374 0.946475685 -0.249413162 0.137369022 0.958604634 0.448840082 0.892786205 0.0384106636 -0.00268127141 -0.0639247 0.99795115 -0.0551497974 0.0643802434 0.996400356 -0.00294228829 0.0309248623 0.999517381 -0.0354660824 0.02059328 0.99915868 0.0246988535 -0.0186073761 0.999521792 0.00567745697 0.00633812835 0.99996382 -0.977113605 0.154880971 0.145811662 -0.981699526 0.189737722 -0.0163003951 -0.922662795 0.229866967 0.30960381 -0.956410825 0.217241585 0.195152372 -0.397138357 0.917478383 0.0226867385 0.527278364 0.249206007 -0.812326252 0.252808422 0.217582256 -0.942733228 0.234413594 0.111287504 0.965745986 0.668162286 -0.253265232 -0.699582577 0.392219454 -0.24278751 -0.887253165 0.457024455 -0.202654511 -0.866059959 -0.0530786924 -0.196395382 -0.979087055 0.989782095 -0.0706007704 0.123882987 -0.0357630253 -0.256256282 0.965946972 -0.437507778 0.733024895 -0.52082777 -0.239305928 -0.661485136 -0.710753262 -0.996968329 0.0761706308 -0.0158819593 -0.999599576 -0.0208322518 0.0191520341 -0.388058364 0.677112758 -0.625243068 -0.0756851882 -0.184018344 0.980004549 0.430360198 -0.186367422 0.883208454 0.29852435 -0.755231678 -0.583530903 -0.205469534 0.179336026 -0.962091923 0.313569427 0.451450557 -0.83538413 0.0936901942 -0.115930736 -0.988828659 0.000400333869 -0.075643383 -0.997134864 0.0242369827 0.00882045273 -0.999667346 0.0180062409 -0.12800923 -0.991609573 -0.00980993547 -0.0314901136 -0.999455988 0.00271961419 -0.00866386015 -0.999958754 0.0123522691 -0.00387299689 -0.999916196 0.237546161 -0.0690574199 -0.968918324 0.00694207801 0.0255270675 -0.999650002 0.117235288 0.141691238 -0.982944191 0.040294461 0.0454135016 -0.998155296 -0.0527015999 -0.0436647199 -0.997655213 -0.166646034 0.0387012362 -0.98525697 0.0147103705 0.0298440624 -0.999446332 -5.52031558e-08 0 -1 0.0518349633 -0.680512011 -0.730901182 -0.061709471 0.626259506 -0.777168632 -0.0146715483 -0.104168423 -0.994451463 0.0108782621 -0.291559398 -0.956490934 -0.0288419183 0.0469696932 -0.998479843 -0.0212911703 -0.0110008921 -0.999712765 0.983324826 -0.181268081 -0.0146362539 -0.0456912108 -0.00134146831 -0.998954713 0.0575696789 0.250567824 -0.966385782 0.0134319719 0.00697470922 -0.99988544 -0.142006323 -0.854974329 -0.498851717 0.00343155512 0.0247409754 -0.99968797 0.00462465221 0.00993783586 -0.999939919 0.00801380537 -0.0438518152 -0.999005914 0.0373163931 -0.0561840869 -0.997722805 -0.0290823951 0.0437863693 -0.99861753 -0.0544652641 -0.101364322 -0.99335736 0.0356189348 -0.202522799 -0.978629589 -0.0406736918 0.216831893 0.975361288 0.0444998294 0.167373419 0.984888732 0.113640063 0.992569566 0.0434920713 0.0257843006 -0.00866920315 0.999629974 -0.0479287468 -0.00536545971 0.998836339 0.0234337151 -0.0214931723 0.999494314 -0.0110221179 0.021049263 0.999717653 0.00657557789 -0.0125571452 0.999899507 0.057956405 -0.0889071226 0.9943524 0.00421509799 -0.127926379 0.991774738 -0.0123820473 0.0579781793 0.998241007 0.0702265725 -0.0392593816 0.996758223 0.0590549819 -0.0336050168 0.99768889 0.0831536874 -0.0686764866 0.994167507 0.0120070055 -0.00897505321 0.999887645 0.0341623537 -0.0157870669 0.999291599 -0.29371044 0.381169528 0.876609325 -0.347605765 0.464752764 0.814355671 -0.0360000841 0.225451991 0.973588943 -0.027780911 0.160190433 0.98669517 0.812906504 -0.0955038741 0.574510217 0.520334065 -0.13170056 0.843746066 0.551585317 -0.129178464 0.824054956 -0.0173301287 2.19533049e-05 0.999849796 0.0117854513 0.0207770765 0.999714732 0.00884837471 0.00385241886 0.999953389 0.00387935666 -0.00231282692 0.999989808 0.042133186 0.0600038655 0.997308552 0.0231603272 0.0253420062 0.99941057 0.119726993 0.128348991 0.984475493 -0.0259144288 -0.197873831 0.979884923 0.0132040447 0.0561347641 0.998335838 0.176089823 0.585330009 0.791442454 0.0127506293 0.0709594861 0.997397661 -0.4387739 0.0611622147 0.896513581 0.0159159452 0.0830008909 0.99642241 -0.0588693209 -0.0133334175 0.998176694 0.157350153 0.00186507124 0.987541139 0.287593901 -0.0132203419 0.957661211 -0.347757787 0.0892828852 0.933323681 0.0284715723 -0.0810754821 0.996301293 0.0442761257 -0.0672666505 0.996752143 0.00694299769 -0.0248391666 0.999667287 0.195359781 -0.0110105639 0.980669856 -0.000513159961 0.00929465424 0.999956608 0.0400216915 -0.153041646 0.987408996 0.0735796839 -0.262284249 0.962181389 -0.00619935989 -0.0225813985 0.999725819 0.00495345797 0.0203615632 0.999780416 0.177651644 -0.105073817 0.978467822 0.095978491 0.165363029 0.981551468 -2.18123182e-06 0.000579034735 0.999999821 0.239754513 -0.297914207 0.923994005 -0.668675244 0.198356688 -0.716608703 -0.815373182 0.329082429 -0.476310045 4.65196572e-05 4.66574602e-06 1 0.0714101121 0.029846279 0.997000456 0.0685340166 0.0267072115 0.997291207 0.0417857058 0.0197651647 0.99893111 0.01091957 -0.0584665537 0.998229623 -0.00640205992 -0.029466318 0.999545217 0.172152668 0.792284846 0.585361481 -0.0142163532 0.0289356392 0.999480247 -0.152766153 0.797797322 0.583251119 0.611540556 0.1908115 0.767860115 0.684963346 0.242763147 0.686943471 0.736529112 0.281800568 0.614909232 -0.0997498408 -0.053206943 0.993588984 0.746844947 0.289952636 0.598456562 0.00978993159 -0.0311090294 0.999468029 0.00339779491 -0.0111481901 0.999932051 -0.130758643 -0.016425468 0.991278172 0.774556875 -0.513436973 -0.369383603 0.00186769792 0.217858285 -0.975978613 0.886223197 -0.460522026 -0.050279703 0.886202633 -0.460457385 -0.0512242503 0.00657821819 -0.411277235 0.911486506 0.0154090719 -0.595053196 0.80353862 -0.368015528 -0.88071382 -0.298174113 0.304905862 0.029890826 0.951913297 0.989453256 0.132239208 0.0591190383 0.781340301 -0.222503781 0.583094716 0.259801865 -0.134890914 0.956194282 0.153816372 -0.178337291 0.971872568 0.314590931 0.641594708 0.699563384 -0.00326191168 0.957783461 -0.28747198 0.0119936643 0.277901351 0.960534751 0.985860527 0.12356326 0.113186739 -0.0631630048 0.0614987388 -0.996106684 0.00206662389 -8.36908948e-05 -0.999997795 0.556529343 -0.527860284 -0.641590655 0.0354976542 0.00219473732 -0.999367356 0.0281758923 0.0105419857 -0.999547422 -0.0220164694 0.0385660157 -0.999013484 0.0607314892 0.0113582155 -0.998089552 -0.0100567527 -0.00146607892 -0.999948323 0.222748697 0.0643978789 -0.972746611 -0.0415147319 0.997824192 0.0512184575 0.00540059619 0.288310528 -0.957521737 0.158350632 -0.262209773 -0.951930225 0.000270392135 0.0241924189 -0.999707282 0.0350077897 -0.102611549 -0.994105279 0.030400971 -0.46297729 0.885848701 -0.147545084 -0.225166231 -0.963083923 -0.68129617 -0.436650425 0.587513447 -0.00937528815 0.705176234 -0.708970189 -0.00163273187 0.997790158 -0.0664251447 0.00109447609 -0.999328971 -0.0366106965 -0.456130773 -0.866933048 -0.200927556 0.554420531 0.631528437 0.542023718 0.063174665 0.505666733 0.860412776 -0.193949729 0.118926652 -0.973776162 -0.71318388 -0.682453334 -0.160081372 0.0177381877 0.155782163 0.987632155 -0.999528706 -0.0279558916 0.0126834158 0.0059448462 0.00371221756 -0.999975443 0.0291086994 0.0775945336 -0.996559978 0.036502827 0.0884162113 -0.995414555 -0.019294899 -0.41018191 -0.91179961 -0.223725036 -0.00121102575 -0.974651515 -0.0542801544 0.0341847129 -0.997940361 -0.0186187942 -0.0317423977 -0.999322653 0.0344740935 0.0927487165 0.995092511 0.0379113555 0.0607005134 0.997435808 0.045172371 0.0443642475 0.997993588 0.0295855086 0.11987593 0.992347836 -0.10376595 -0.856787741 -0.505121052 0.000880734704 -0.0789363608 0.99687928 -0.0302183386 -0.0285717752 0.999134839 2.54544119e-07 0 1 -0.154065922 -0.624278188 0.765859306 -0.249154657 0.0582603961 0.966709793 0.623752177 0.0139854141 0.781497002 -0.070869267 -0.172547176 0.982448518 0.353110075 0.184584767 0.91719234 0.105424598 0.316486061 -0.942720592 0.489676505 -0.0744962841 0.868715942 -0.190825716 -0.524587452 0.829694867 -0.330198914 -0.720634162 0.609635115 -0.334284037 -0.794936001 0.506291449 -0.333767474 -0.7774629 0.533057809 -0.227362439 0.563619614 0.794127822 -0.31262362 -0.578266323 0.75357455 0.0910300985 -0.981953919 -0.165770948 0.0556604713 -0.971397996 -0.230841681 0.0511850007 -0.996534526 -0.065566726 -0.838496625 -0.544671834 -0.0160016455 -0.101979382 -0.900318742 -0.423114985 -0.166749611 -0.985962331 -0.00854285154 0.18093887 -0.98348707 -0.00378712569 0.030317571 -0.441282362 0.89685595 0.532154381 0.845940053 0.0346003622 -0.150342271 0.88893503 0.432656497 -0.0487810634 0.0695159584 -0.996387482 -0.107123025 0.154079586 -0.98223424 -0.239994958 -0.359167933 -0.901887357 -0.246492118 -0.408610463 -0.878794134 -0.242030531 -0.374191642 -0.895210445 -0.286039472 0.709073722 -0.644512117 -0.253617585 -0.46914348 -0.84592104 -0.428782821 0.850137115 0.305634081 0.120855965 -0.572521806 0.810933173 0.047969386 -0.682094038 0.729689419 0.142691374 -0.536073565 0.832024217 0.0859920233 -0.0661903471 0.99409467 0.197340801 -0.436838567 0.877626657 -0.735343635 0.239131957 0.634102166 0.0660402775 -0.650422037 -0.756696701 -0.276164114 -0.180070251 0.944091141 0.241341397 -0.526316941 -0.815318942 0.204691604 -0.512503445 -0.833931446 -0.351671308 0.922460139 -0.15935643 -0.167973563 0.983714461 -0.0639602467 -0.396443784 -0.817381561 0.417994708 -0.605344415 0.795790911 0.0165841803 -0.0429412648 0.220076635 0.974537015 -0.117151298 0.147234261 0.982139349 -0.0424590334 0.223016381 0.973889589 0.995289087 0.096352458 -0.0107587464 0.549052119 -0.829269052 0.104185954 0.289301544 -0.957235277 -0.00228858669 0.117900327 -0.976777613 -0.178899392 0.111896686 -0.974947393 -0.192241549 -0.737054706 -0.675262928 -0.0277563203 -0.643686652 -0.765289068 0.000489029044 -0.752636313 -0.657617152 -0.0328393094 0.292979628 -0.956117034 -0.00176548003 -0.185083017 -0.837340176 0.514398456 -0.0664129108 -0.78643626 0.614090681 -0.165905595 -0.830501497 0.531735361 -0.226416469 -0.850167811 0.475342214 -0.633818567 -0.773474813 0.00328706438 -0.0763948411 -0.904591262 -0.419378728 -0.613777995 0.689858437 -0.383890539 -9.42866052e-08 0 -0.99999994 0.29649803 0.901750684 0.314538777 -0.539494276 -0.642123818 0.544631004 0.362330705 0.265528828 0.893426597 -0.0913181305 0.176190302 0.980111241 -0.172488853 0.0854841843 0.981295109 0.0669392422 0.0266864523 -0.997400105 -0.231472746 -0.906982422 -0.351857036 -0.274888486 -0.816723228 -0.507345438 -0.245770529 -0.882352352 -0.401311904 0.0438239202 0.0393071733 -0.998265684 0.321830601 0.186569139 -0.928233266 0.446536064 0.258862436 -0.856502116 0.0196940042 -0.0252384525 -0.999487519 0.626991868 0.0212085433 -0.778737068 0.107868351 -0.0256309286 0.993834734 0.17531392 -0.90362215 0.390809298 -0.168458715 -0.881655395 -0.440800756 -0.56718564 0.823573053 0.00526699424 -0.272972286 -0.218388587 0.936905861 0.987417102 0.0795410797 0.136676848 -0.00180021522 0.784885764 -0.619637847 0.326279134 0.637691855 0.697775722 -9.78994649e-06 0 0.99999994 -6.06965386e-06 0 1 0.0168622769 0.0179448891 0.999696791 -0.647997618 0.496564597 0.577514172 0.757521927 0.105121933 0.644290149 0.16573225 0.17630215 0.970283687 0.316619217 0.336807877 0.886742771 -0.759575903 -0.380699098 0.527363956 -0.758823633 0.649726152 -0.0451964922 -0.847773194 0.529346049 -0.0327621251 -0.827788293 0.559892714 -0.0358716212 -0.753979206 0.655300796 -0.0457851402 -0.155970812 0.830215991 0.535176992 -0.422394514 -0.408176512 0.809305131 -0.101550542 -0.994473159 -0.0266554616 -0.151755437 -0.988070309 0.0262174103 -0.0617801398 -0.99750185 0.0342555642 -0.110048316 -0.992814839 0.0469893403 -0.195652723 -0.979573071 0.0464387648 -0.155898377 -0.987768173 -0.00311103626 -0.175718293 -0.983712852 -0.0378454551 0.0825886205 0.038123861 0.995854199 -0.375951439 0.0300152898 0.926153064 -0.940059781 0.340980798 0.00444360077 0.377308935 0.926061511 0.00693955179 -0.157346532 0.987418652 0.0156983528 -0.0418070145 0.999072492 0.010308316 0.379043311 0.925361872 0.00562801212 0.280850679 0.959712267 -0.00867284741 -0.149006471 0.832998455 -0.532832623 -0.137707546 -0.979648054 0.146035135 0.751064062 -0.220667228 -0.622260988 0.972844183 -0.0726141706 0.21977596 0.995716035 0.0919943526 -0.00930284336 0.998005986 -0.0629571974 0.00451949891 0.995899618 0.0900039002 -0.00912545621 0.989487469 -0.144139051 0.0117719555 -0.0546429195 -0.0817720369 0.995152056 0.0889284238 0.532270193 0.841890812 0.829667747 -0.0921715349 0.550595939 -0.999845982 0.0175455771 0.00032662187 0.85444802 0.0112742111 -0.519414723 0.0395062342 -0.358200759 -0.932808399 -0.65242964 -0.65575552 0.379894882 -0.103960536 -0.0251597036 -0.994263113 -0.0569486842 0.120664023 -0.991058588 -0.0559784099 0.0637571439 -0.996394217 -0.84782356 0.501158953 0.173305839 0.825090468 -0.462384552 -0.324694067 0.213462964 -0.452289641 -0.865949035 -0.448025405 -0.38160935 -0.808484733 0.483546257 0.36359179 0.79623121 0.582032084 -0.807087719 0.0992376208 -0.983569086 -0.147716627 0.103786387 0.870497406 -0.238873094 0.430318445 -0.0708381161 -0.0640973523 -0.995426297 0.235904172 0.9461658 -0.221629113 -0.28539446 -0.786354363 -0.547902226 -0.352171779 -0.00278437394 0.935931265 -0.0756359398 -0.0169808827 -0.99699086 -0.122419626 -0.0610204004 -0.990600765 -0.00123508205 -0.000911869458 -0.999998808 0.306472212 -0.727660298 0.613665521 0.132550836 0.917470515 0.375070781 0.264707267 0.818719804 0.509536982 0.220532909 0.856954932 0.465825677 0.232976437 -0.490796596 0.839547873 0.269013345 -0.588325799 0.76256448 0.252434641 -0.543165207 0.800779879 0.287069589 -0.402828723 0.86909157 0.319167793 -0.676733971 0.663447917 0.31330508 -0.600484252 0.735702813 0 -1 6.59319355e-08 0 -1 1.57870443e-06 0 -1 1.64463825e-06 -0.389468908 -0.480696797 -0.78564918 -0.300801337 -0.217778459 -0.928488612 -0.334320694 -0.309715867 -0.890115678 -0.379309863 0.39812994 -0.835234523 -0.313576818 0.495497257 -0.810032129 -0.422665775 0.325500041 -0.845815182 -0.940906048 0.00214934256 0.338660985 -0.939467371 0.00251533953 0.342629135 -0.940851629 0.00377800851 0.338797748 0.939692616 3.0685122e-08 -0.342020273 0.939691901 1.7955233e-06 -0.34202221 0.939692199 8.91088177e-07 -0.342021227 -0.36863631 0.00362046924 -0.929566622 -0.336043626 0.00206579384 -0.941844225 -0.369592458 0.00366633758 -0.929186702 0.328316599 -0.715764165 0.616352022 0.0259321909 0.999239922 -0.0291045643 0.122669443 0.990429759 0.0632545725 0.0824213475 0.99629128 0.0247099213 0.0371993706 -0.999199867 -0.0146901421 0.00525690336 -0.999969363 -0.00579567859 0.0350852013 -0.99931699 -0.011595496 -0.342020422 0 -0.939692497 -0.342021257 0 -0.939692199 -0.342024863 0 -0.939690948 -0.240552247 -0.709217012 -0.662680805 -0.242463902 -0.726408243 -0.643072605 -0.239774153 -0.702483952 -0.670093 0.939692616 9.23451395e-08 -0.342020124 0.939691365 1.31103263e-06 -0.342023551 -0.0246837288 0.999634802 0.0110030379 0.0246825777 0.999634802 -0.0110026896 -0.027057955 0.999561071 0.0120613826 0.34202075 0 0.939692378 0.342020929 0 0.939692318 0.342021734 0 0.93969202 0.939692438 0 -0.34202081 0.939692795 0 -0.342019558 0.939692438 0 -0.342020869 -0.939692914 0 0.342019588 -0.939692438 0 0.34202078 -0.939692855 0 0.342019498 0.997035801 0.0233311318 -0.0733176544 0.947364092 0.301725179 -0.107066631 0.997235715 0.0165815782 -0.0724287182 0.957429826 -0.287207544 -0.0289825015 -0.302937299 0.287145108 -0.908722579 -0.289084196 0.248826265 -0.92440027 -0.283719242 0.234258816 -0.929852843 0.0347050875 -0.998109519 0.0507239923 0.000815721229 -0.964387834 -0.2644912 0.0132441344 -0.988269866 -0.152142242 -0.0547714569 -0.997989833 0.0318802185 -0.00175627554 -0.99999392 -0.00300778821 -0.0866761431 -0.99557668 0.0362545811 -0.159238383 -0.96737808 -0.197035134 0.649276257 0.747652948 -0.139482453 0.879692256 -0.405987084 0.247620612 0.463429242 -0.387445658 -0.796943605 0.994544387 0.100974292 -0.026183283 0.985456467 -0.120612614 -0.119700007 0.985918701 -0.117908321 -0.118583113 0.906708479 -0.361820996 -0.216714635 0.191378906 -0.950424969 0.245084539 0.366701812 0.00352781313 0.930331886 0.266822278 -0.00118148804 0.963745058 0.369591206 0.0036663739 0.929187238 0.896842897 0.264494717 -0.354563683 0.783045173 0.210063964 -0.58541739 0.896677554 0.264404297 -0.355048984 0.950700521 0.304290622 -0.0597989224 -0.256112486 0.570232928 -0.780538797 0.182833239 0.515685737 0.83704257 0.226345271 0.683790207 0.693684936 0.199712381 0.579771698 0.789923906 0.24242875 0.74913764 0.616458476 -0.9390679 -0.00143183407 0.343728751 -0.939026296 0.00077957235 0.343844473 -0.939448535 -0.0028871845 0.342677921 -0.939214945 0.00247525657 0.343320817 -0.940876067 -0.00373492576 0.338730425 -0.940807939 -0.0022851706 0.338932335 0.269086003 -0.302125782 0.914501429 -0.161561891 -0.607449472 -0.777755082 -0.315270007 -0.437168747 -0.842311323 -0.284707427 -0.478680253 -0.8305462 -0.258594126 -0.512296915 -0.81895119 -0.0194761828 0.997205377 -0.0721260384 0.939693034 1.31411946e-06 -0.342019022 0.939692736 7.27028294e-07 -0.342019767 0.939692557 1.1589907e-06 -0.342020243 0.939692616 1.39953215e-07 -0.342020124 0.0804488137 0.944269538 0.319191128 0.939691603 -9.89315794e-08 -0.342023075 0.939692616 1.86493708e-06 -0.342020273 0.939692318 1.58977969e-06 -0.34202081 0.939692378 2.97675774e-06 -0.34202081 0.939694822 5.21517336e-08 -0.342014074 0.939693391 5.41593046e-08 -0.342017978 0.939692855 1.69609552e-06 -0.342019707 0.939692318 1.35504081e-07 -0.342020929 0.939692795 1.00901821e-06 -0.342019737 0.939692616 -6.68963622e-08 -0.342020184 -0.335056961 0.00201899279 -0.942195773 -0.342016876 0 -0.939693809 -0.243115529 -0.732513845 -0.635860145 0.0270567741 0.999561071 -0.0120610204 0.342020005 0 0.939692736 0.939692855 0 -0.342019498 -0.939692438 0 0.342020869 -0.308283597 0.302224994 -0.902009606 -0.0437419266 -0.998664737 0.0274831653 -0.0192413852 -0.999797583 0.00588310556 -0.0959647968 0.984115481 0.149356753 -0.339264452 -0.402817428 -0.850081027 -0.0773641393 0.799316525 -0.595909297 0.209171668 -0.431814641 0.877372921 -0.406843543 -0.543340504 -0.734342813 0.417711645 0.321903735 0.849644065 0.264093429 -0.00130803825 0.964496195 0.217060417 -0.448397994 0.867077887 0.0426091179 -0.99078995 0.12852928 -0.64252913 0.766224205 0.00753889978 -0.71665436 0.697414219 -0.00448077312 -0.649363697 0.760450482 0.00647744816 -0.999999702 0.000641372462 -0.000463950186 -0.999999523 -0.000150623295 -0.000982360216 -0.999997735 -0.00126098108 -0.00170915644 9.14580669e-05 0.00166031753 0.999998629 -0.000279982662 -0.00157715287 0.999998689 -0.000311528653 -0.0018521077 0.999998271 0.999999523 0.000470509694 -0.000864445872 0.999999821 -0.00053410558 -0.00020807884 0.999997854 -0.00193504721 0.000707229949 0.038777519 0.311751246 -0.949372172 0.0285064708 0.297800243 -0.954202473 0.0579983816 0.337632775 -0.939489365 0.999890387 0.0146390209 -0.00224478776 0.999891341 0.0145702362 -0.0021884595 0.999895394 0.0143219186 -0.00198510545 -0.000279474771 0.00104330992 -0.999999404 2.1495207e-05 -0.00157889933 -0.999998808 4.7086789e-05 -0.00180186611 -0.999998391 5.24055577e-05 -0.99999994 0.000320181716 -5.2416628e-05 -0.99999994 -0.000320170482 -6.60668156e-05 -0.999999881 -0.000403558603 -0.00510426378 0.999916792 0.011854657 -0.0113263819 0.999886155 0.0099720154 -0.00578238908 0.999972761 -0.00459135883 0.00549054053 0.999983311 -0.00181428913 0.009179716 0.999930263 0.00742923841 0.00660261931 0.999949038 0.00763163017 0.00402899692 0.301296532 -0.953521967 0.0060937549 0.304063529 -0.952632308 0 0.295886487 -0.955223143 0.999192059 -0.0401529968 -0.00174189336 0.999177933 -0.0405151136 -0.00142120279 0.9990924 -0.0425944403 0.000420399971 -0.999910533 0.0133530134 0.000840434688 -0.99990648 0.0136303948 0.00106746855 -0.999891222 0.0146220094 0.00187910243 -0.000955652504 0.99953717 0.0304073542 0.00237810705 0.999805987 0.0195510201 -0.000488889287 0.99982959 -0.0184524171 0.728473186 0.685048461 0.00596925616 0.650016546 0.759888828 -0.00689440407 0.721963346 0.69191426 0.00484796753 0.00438309088 0.300229102 -0.953857064 0.00660496065 0.303192496 -0.95290643 0 0.294370532 -0.955691397 -0.999191523 -0.0401664674 0.00173932058 -0.999177396 -0.0405280329 0.00141906727 -0.999091864 -0.0426045917 -0.000420400087 0.039480526 0.310633212 -0.949709594 0.0296265762 0.297337055 -0.954312801 0.05804611 0.335477263 -0.940258324 -0.00172741362 0.121945113 0.992535353 -0.000685020874 0.123432212 0.992352784 -0.00107293075 0.122878857 0.992421091 -0.00104481983 0.122102812 0.992516935 -0.00041412306 0.122995563 0.992407143 -0.000646929489 0.122666031 0.992447793 0.998446345 0.0352101885 0.0431886762 -0.999285638 0.035527233 0.0128833633 4.38438583e-05 0.00758477813 0.999971211 0.000910776143 0.00151623413 0.999998391 0.000826539705 0.00210590428 0.999997377 -4.48229875e-05 0.00820543244 0.999966383 -0.99999845 0.0017517407 0.000262855669 0.00012301348 0.0019353535 0.999998093 0.999996662 0.0018711444 -0.0017795515 0.00996856205 0.272408843 -0.962129951 0.999886155 0.0148907062 -0.00245090155 -0.000305062858 0.00126624724 -0.999999106 6.60557489e-05 -0.99999994 0.000403569837 0.0253437627 0.999379873 -0.0244437996 -0.0230385922 0.999494374 -0.0219171643 0.0229732562 0.999369919 -0.0270532779 -0.020318063 0.999477029 -0.0251534972 -0.0254653711 0.999376655 0.0244490467 -0.0223378316 0.999347031 0.0283965841 0.0231880974 0.999468386 0.0229183938 0.0219504219 0.999467552 0.0241429266 -0.00506865233 0.999983013 0.00289141689 0.000537173473 0.99967432 0.025513364 0.00298161875 0.99989295 0.0143240858 0.000792689796 0.999895096 -0.0144656124 -0.000346150307 0.999857903 -0.0168526731 0.00592533639 0.998585463 -0.0528380536 0.00207523536 0.99967587 0.0253736619 0.00176758366 0.999959052 -0.00887238886 -0.0129578272 0.999838948 -0.0124152377 0.00499145407 0.999971628 0.00563520053 3.46269445e-07 0.999929547 -0.011866739 -0.722617626 0.691226006 -0.00550123956 0.00989193004 0.309143603 -0.950963855 0.642650545 0.766117275 -0.00803650916 0.999269068 -0.0380598307 -0.00359542063 0.0348632783 -0.00122280326 0.999391258 0.00312593323 0.00262354175 0.999991655 0.011267636 0.00144386885 0.999935389 -0.00424921745 -0.000422986137 0.99999088 -0.0763465241 -0.00857757311 0.997044444 -0.0210051592 -0.00254354649 0.999776065 -0.0308255721 -0.000582676497 -0.999524534 -0.00230895448 0.00291303662 -0.999993086 -0.00961996522 0.00211107777 -0.999951482 0.00505835656 0.00395953143 -0.999979436 0.0892160684 -0.00494052051 -0.996000051 0.0248475038 0.00197888515 -0.999689341 -0.999923706 0.0123503841 1.98076832e-05 -0.0267796721 -0.999325156 0.0251395795 -0.0191039257 -0.999638617 -0.0189127102 -0.0190418866 -0.9996351 -0.0191550776 0.0268417429 -0.999318004 -0.0253599361 0.022085499 -0.999510407 0.0221608877 0.022084184 -0.999510705 0.022150537 -0.0226130504 -0.999270678 0.0307695735 0.0234084837 -0.99928242 -0.0297770016 0.010748174 0.308707058 -0.951096475 -0.999268353 -0.0380761214 0.00359065225 0.0116209127 0.272845834 -0.961987615 0 0.124409229 0.992230952 0.998445392 0.0348463282 0.043502517 0 0.12358167 0.992334366 -0.0241351649 0.113725737 0.993219018 -0.0607679226 0.165601924 0.984318674 -0.0375025459 0.13269338 0.990447342 -0.00129287003 0.0812133774 0.996695936 -0.999250531 0.0363050811 0.0134270322 -0.0229878351 0.113777943 0.993240237 -0.0607407652 0.168040097 0.983907044 -0.0367752351 0.133636236 0.990347862 0.000135413793 0.0803658813 0.996765435 -0.00082368165 0.00211728038 -0.999997377 4.49358995e-05 0.00819507241 -0.999966323 -4.34490648e-05 0.00757664908 -0.999971271 -0.000907655514 0.00152969174 -0.999998391 0.998361051 0.03659999 0.0439967774 -0.99928385 0.035579998 0.0128787607 0.998402297 0.0367188044 0.0429501459 -0.999249279 0.035936784 0.0144722359 -0.944054604 0.24267064 0.223319933 -0.928388774 0.0235817451 0.370861351 -0.942033112 0.263282478 0.207980514 -0.00142360409 0.0335251763 0.999436855 0.965578258 -0.254912585 0.0517507978 -0.109750547 0.0411391295 0.993107438 -0.228890717 0.0264869109 0.973091662 -0.0306416005 0.0504284911 0.998257458 0.633210957 -0.179860145 -0.752790928 -0.184553206 0.899618745 0.395760328 0.0186596029 -0.123051025 -0.992224932 0.00574715016 -0.0788731724 -0.996868074 -0.0193069298 -0.289711922 -0.956919193 0.195109099 -0.887005806 -0.418513 0.799182713 -0.0131727029 0.600943685 0.93171978 0.00214500586 0.363171637 0.781405807 -0.0147610893 0.623848617 0.961623788 0.0569996126 0.268385619 0.935695589 0.0868536308 0.341950566 0.885751486 0.109951407 0.450949013 -0.990486205 0.0422410257 0.130968854 -0.993927419 0.00230748998 0.110013634 -0.995305002 -0.0349738225 0.0902493 0.054365851 0.880302608 -0.47128731 0.00446448755 0.0273408666 0.999616206 -0.218582943 -0.0149619104 0.975703597 -0.884158611 0.465318441 0.0417412929 0.194055095 0.0647299588 -0.978852749 0.0155984573 -0.000180409188 -0.999878228 0.104825601 -0.00291342288 -0.994486332 0.745382726 0.0816543847 0.6616171 -0.79607147 -0.398978949 -0.455067188 -0.029728245 0.964066982 -0.26399073 0.995319366 0.0262499824 -0.0930068195 0.979429662 0.178971127 -0.0932034701 0.905408144 0.41512984 -0.0889010057 0.977359474 0.0439121984 0.206978694 0.0517841764 0.848189592 0.527155459 -0.00054519414 -0.923854649 0.382743269 -0.00209237542 -0.998802662 0.0488754623 -0.000120738623 -0.996812522 0.0797797218 -0.93505609 -0.13999176 -0.325687647 -0.230373785 -0.019476423 -0.972907245 -0.0500382893 0.0552938767 -0.99721545 -0.332831591 -0.000868872681 -0.942985952 -0.160729185 -0.0401312895 -0.986182332 -0.108107284 -0.0269925818 -0.993772686 -0.661676824 0.17059277 -0.730124533 -0.62643379 0.120512702 -0.770102322 -0.661769509 0.170535937 -0.730053902 -0.982533634 0.163077533 0.0896291733 0.267224848 -0.0184058305 0.963458419 0.00872794632 -0.0288223904 0.999546409 0.0347944982 -0.0235126223 0.999117851 -0.291959494 0.160250902 0.942910016 -0.403422594 0.235146835 0.884282887 -0.166600138 0.0646008402 0.983906031 -0.843398035 0.130293295 -0.521251738 -0.378308207 0.00690471148 0.925653934 0.988208652 -0.100442253 -0.115564145 -0.0554227978 0.125043049 -0.990602136 -0.055681061 0.125282928 -0.990557313 0.936092913 0.00283636362 0.351741403 0.122518674 -0.0365395434 -0.991793334 0.433926374 -0.126375273 -0.892041028 0.350481361 -0.102316953 -0.930964053 0.0529937074 -0.0164647046 -0.998459101 0.121171124 0.984241843 -0.128785193 0.0305772591 -0.0223452821 0.999282598 -0.185864732 0.560617387 0.806946278 -0.169868886 0.719542265 0.673352361 -0.181129888 0.619655609 0.763687611 -0.619656742 0.111394085 -0.776927888 0.0225745887 0.034457881 -0.999151111 -0.58461827 0.0665293708 -0.808576226 0.773722172 0.00796630885 -0.633474946 0.993100047 -0.0730863735 -0.0917093828 -0.985708117 0.0777808726 0.149430737 -0.000661314174 -0.999999583 0.000639832986 -7.04717934e-07 -0.99999994 0.000494469074 -3.99196637e-07 -0.99999994 0.000491954212 -0.972124219 -0.212050006 -0.100046754 -0.000652629824 -0.999999583 0.00059537834 -0.00141213683 -0.999998152 0.00128977594 -0.0547477417 -0.828646123 -0.557089031 0.624704003 0.00661981944 0.780833602 0.744218349 0.01739089 0.667709887 0.735527515 0.0165585242 0.677292466 0.240097016 -0.552237153 0.798365533 0.594009578 0.0040504518 0.80444783 0.56315738 -0.254228145 0.786270916 0.173906311 -0.984291196 -0.0304519087 -0.00081113237 -0.999997139 -0.0022566875 0.17033799 -0.984930933 -0.0299347285 -0.982647359 -0.105739519 -0.152391702 -1.07610931e-05 -0.999999046 0.00135614397 -0.153056279 0.818265378 0.554089904 -0.116449535 -0.177715793 0.977167666 0.333450377 -0.672469676 -0.660753727 -0.698360622 0.356394827 -0.620705366 0.884013236 -0.374209821 -0.280156523 0.861361444 -0.502174854 -0.0766611621 0.837209284 -0.546803892 0.00927894935 0.785320103 -0.602925122 -0.140547693 0.790806115 -0.592517197 -0.153457299 0.793760061 -0.58663559 -0.16063492 0.657171845 -0.638172686 -0.401074618 -0.137607872 0.433048487 -0.890804708 0.0196060631 0.0393083058 -0.999034762 0.011735891 0.00985127036 -0.999882579 0.837318957 0.426342666 -0.342241049 0.838921785 0.441536009 -0.318207711 0.83542788 0.519108117 -0.180518448 -1.95580583e-06 0 1 -1.92183876e-07 0 1 0.178931326 -0.880142152 -0.439696938 0.725961864 0.337719947 -0.599103153 -0.157292396 0.823366523 0.545276701 0.172734171 -0.614286423 0.769944906 0.0558594204 -0.21330072 0.975388408 0.0312372372 -0.249690205 0.967821777 0.0246312693 -0.0488527156 0.998502254 -0.0117043704 0.0313429423 0.999440074 0.0471678711 -0.0121085234 0.99881357 0.0587369725 -0.911795855 -0.406421453 -0.151257873 0.930870116 0.332568645 -0.034699589 0.976297557 -0.213633299 -0.782869637 -0.145906135 -0.604835987 -0.622068942 -0.737454593 0.263041884 -0.587384343 -0.803788722 0.0943575799 -0.635233581 -0.655266941 0.40878281 -0.878570676 -0.467710912 -0.0967473015 -0.98317045 0.158033907 0.0916576236 -0.983766198 0.148928806 0.100121439 -0.974389732 0.222807497 0.0303552672 -0.946609139 -0.15305011 -0.283736855 0.495540023 -0.729050577 0.47214964 -0.0224381704 0.858987927 0.511503816 -0.084888652 0.804854214 0.587370098 -0.139015034 0.757444143 0.637928903 0.911524475 0.312271535 0.267599672 0.909334123 0.259789854 0.324993283 0.908009171 0.415443003 0.0540963858 -0.0555972122 -0.986397803 -0.154687971 -0.0882592052 0.947238326 -0.308139294 -0.981955767 0.148471519 0.117127948 -0.973423481 -0.103849046 0.204112962 -0.96468091 -0.122417964 0.233247906 0.0639790148 0.114538267 -0.991356492 0.0150844324 -0.00502676703 -0.999873579 -0.0218385104 -0.0650984496 -0.997639835 0.783906817 0.413344651 -0.463288546 0.82441175 -0.535918713 -0.182033807 0.882115483 0.149452716 -0.446694672 -0.00139564509 -0.0778319091 0.996965528 -0.0115547888 0.0812600553 0.99662596 0.000278541207 -0.148063749 0.98897773 0.0190747473 -0.0579618402 0.99813652 -0.00770101929 -0.182532415 0.983169734 0.00903592166 -0.00349086756 0.999953151 -0.261575103 0.810271919 -0.524440467 -0.355519295 0.875885069 -0.326238245 -0.923942626 -0.167305574 -0.344004124 -0.921438515 -0.217748433 -0.321771145 -0.91910696 -0.0503724925 -0.390774965 0.875048339 0.0269354116 -0.483285546 0.0544520169 0.966084182 -0.252421141 0.519016325 0.611577868 0.597155452 -0.428322166 0.792051375 -0.434965074 -0.185351536 0.979201674 0.0825159997 0.0116334567 -0.04537002 -0.9989025 0.000993797672 0.101831071 -0.994801164 0.00387595897 -0.0328959748 -0.99945128 0.611928105 -0.574264169 -0.543842554 -0.747368932 -0.407504171 -0.524766743 0.333395451 -0.936957896 -0.104677096 0.330787182 -0.937615037 -0.107041486 0.323242128 -0.939442575 -0.11385183 0.695809782 -0.294540435 0.655053198 -0.865156412 0.255581349 -0.431488961 -0.770388603 0.58025682 0.26420331 -0.119466081 0.946541607 -0.299644649 -0.153299019 0.946546137 -0.283813119 -0.0704799667 0.944216192 -0.321695894 0.512522995 -0.853905737 -0.0903611407 -0.77203846 0.42961812 0.468385547 0.934833169 -0.204187408 0.290507317 0.923698604 -0.214927509 0.317154467 0.943694115 -0.194801196 0.267383307 -0.787365854 -0.270147115 -0.554144025 0.706558764 0.52855581 0.470535457 0.755994797 0.319129705 -0.571513891 0.90934056 0.0368040316 -0.414421618 0.888398111 0.092802301 -0.449595988 -0.351273149 0.848344028 -0.396130472 0.947760582 0.314470828 0.0534609519 0.950703502 0.242482275 0.193300501 0.929670095 0.36433813 -0.0545084104 0.596399903 0.676278651 -0.432382137 0.476149201 -0.0841861814 0.875325441 -0.00945130736 0.0359968171 0.999307156 0.289217114 -0.0426229015 0.956314147 0.319618523 0.854509592 0.409459859 0.247012064 0.94024545 0.234357715 0.227650911 0.955018699 0.190037772 -0.964272916 0.0774469525 0.253337175 -0.998557627 -0.0404592492 0.0352969207 -0.970647752 0.0703486651 0.229987055 -0.196690604 0.969739079 0.144633636 -0.144834131 0.98784107 -0.0565075614 -0.130518615 0.985577583 -0.107711449 -0.531167448 0.766210198 -0.361639321 0.563753903 0.585260093 -0.582796752 -0.526288509 -0.490384817 -0.694653332 -0.625088453 -0.745870531 0.230090365 -0.374677032 -0.926314712 -0.0394746251 -0.48846814 -0.871209919 0.0489102602 -0.484338582 -0.873693585 0.0455583818 -0.297478914 0.77261287 -0.560870528 -0.63338244 -0.755765676 0.166267768 -0.220035598 0.96431762 -0.147227794 0.565395296 0.769410253 0.297213584 -0.467314929 0.669148088 -0.577804148 -0.419825613 -0.907590806 -0.00504051289 -0.496071011 -0.854863226 0.152060702 -0.345781296 -0.928468525 -0.135578722 0.865136087 -0.501482368 -0.00741242152 0.85314405 -0.519913435 -0.0428396985 0.828229666 -0.550372481 -0.105478488 0.160612091 -0.635110199 -0.755538762 -0.191707015 -0.944091141 -0.268216819 0.791256547 0.362713307 -0.492292702 -0.538963795 -0.838195801 0.0833427086 0.617484689 -0.691857934 -0.374226272 -0.453139067 -0.763336837 0.460414827 0.52672261 0.846871912 -0.0732897148 0.459266931 0.887075722 0.0465893187 0.362134486 0.911623478 0.194425508 -0.945995629 0.14976652 0.287510484 0.735593677 0.481457978 -0.476550281 0.877296627 0.404278934 -0.258667946 0.645351171 0.50666678 -0.571673453 0.00132493908 -0.989712059 0.143067002 -0.0013248371 -0.989713609 -0.143056378 -0.0013391535 -0.989489019 -0.144602269 -0.0719417185 -0.929588974 -0.361508965 0.385959685 -0.880138636 -0.276389271 0.344060957 -0.889626503 -0.300311118 0.44189769 -0.86366713 -0.242498383 0.136408284 -0.274547935 -0.951848805 0.212144166 -0.571822822 -0.792473018 0.212538853 -0.571880341 -0.792325675 0.883222997 0.16461648 -0.439111054 0.120269448 0.99114728 0.0562340952 0.173095301 0.975213528 -0.13782832 0.18465291 0.965564072 -0.183274373 0.679379463 0.546199322 -0.490010142 0.0455015004 0.0506059006 0.997681677 -0.00252569444 0.00607173517 0.999978364 3.05664884e-07 0 1 0.808395445 0.588572621 0.00888704602 0.842655241 0.520148039 0.139205426 0.717502952 0.668551981 -0.19551906 -0.870558977 -0.182433665 -0.456995726 0.14956145 0.735080838 -0.661277175 0.0228626244 0.216583073 -0.975996435 -0.0181151591 0.2572864 -0.966165423 0.481634766 -0.617836773 0.621534944 0.995883703 -0.0181219503 -0.0888104513 0.233554915 -0.732316434 -0.639659882 -0.868439734 0.14994818 -0.472575992 -0.831700385 -0.380528808 -0.404316962 -0.711750031 -0.486746699 -0.506447971 -0.728652537 -0.474045724 -0.494313687 -0.272598386 -0.957004547 -0.099158451 -0.238427997 -0.955289245 -0.174855664 -0.311179429 -0.950323462 -0.00726752169 -0.827103794 -0.184751764 -0.530816555 -0.0163329281 -0.937285006 -0.348181009 0.975513935 -0.0318280533 -0.217622742 0.966879606 -0.0474789515 -0.2507779 0.984573781 -0.0116578126 -0.174580991 -0.30393523 -0.603531122 -0.737138867 0.870529413 -0.326508582 -0.368199438 0.866324663 -0.333749413 -0.371608555 0.913644731 -0.241568819 -0.326952308 -0.713199615 0.607891023 -0.349019736 0.613301277 -0.786650658 0.0710083544 0.57343322 -0.814388931 0.0891348273 0.581984222 -0.80871129 0.0853253603 -0.92170167 0.382715315 -0.063207075 -0.983624458 -0.0647208467 -0.168208838 -0.971695721 0.210211381 -0.107790142 0.964686394 -0.137582392 -0.224613354 0.63655889 -0.612592995 -0.468532503 -0.201911002 -0.7160151 0.668247223 -0.186121583 -0.746013522 0.639392376 -0.155728757 -0.797942996 0.582267642 0.412885278 0.838582575 -0.355394304 0.435132444 0.900354981 -0.00455134362 0.413402021 0.839809716 -0.351878434 0.936107814 0.351713181 0 -0.652075708 0.725363016 0.220557988 0.734021842 0.422727376 -0.53151983 -0.00971690379 -0.406101763 -0.913776219 -0.0495938696 -0.42345497 -0.904558659 -0.113195293 -0.44947958 -0.886089623 0.554550707 0.449104816 0.700555682 -0.0132540213 0.7201823 0.693658233 0.0125437258 0.725260913 0.688359916 -0.0237207152 0.71797353 0.695666134 0.175293311 -0.984349072 0.0181457065 0.114382088 -0.975310683 -0.188906938 0.0992396027 -0.966560066 -0.236459449 0.999382079 0.00898178853 0.0339811668 0.999759376 0.010790078 -0.0190968923 0.999338925 0.00893859472 0.0352388285 -0.0106468806 -0.97892499 -0.203942388 -0.899456441 0.180171087 0.398141265 0.991069317 0.00138998043 0.133340538 -0.999810815 0.00168841972 0.0193742327 -0.540183604 -0.638966501 -0.547652721 0.0026880696 -0.058040034 0.998310626 0.0340624116 -0.0408025123 0.998586476 -0.169200465 -0.254280269 0.952214658 0.206549704 -0.842439771 -0.49762702 -0.00233148201 0.994089365 0.10854017 -0.469368368 0.670387924 -0.574694157 -0.522236824 0.820861936 0.231202036 -0.187805399 -0.950814843 0.246333465 -0.922056139 0.254157841 -0.291918278 0.295501381 -0.953579903 -0.0580019429 0.342274517 -0.929841042 -0.135069132 0.389956564 -0.894682407 -0.217892766 -0.761698067 0.492827803 -0.420638651 -0.814196408 -0.427114725 0.393264681 0.92601651 -0.356622785 0.123748295 0.928444564 -0.346782833 0.133162841 0.892471671 -0.450139463 0.0294745583 0.989648402 -0.028572781 -0.140640423 -0.881397128 0.197618008 -0.429052711 -0.980893791 0.155369714 0.11708039 -0.998211205 5.12494944e-06 0.0597867779 0.774337411 -0.43835187 -0.456343234 0.777057707 0.626208425 -0.0635958612 0.800288796 0.59071666 -0.102915712 0.681681156 0.728495479 0.067860581 -0.000482093456 0.512920439 -0.858436048 0.000782145187 0.0190445092 -0.999818325 -0.0127366567 0.12858972 -0.991616011 0.369186133 -0.89820087 -0.23861441 -0.809031487 -0.1548035 -0.567013204 -0.0482180975 -0.815655828 0.576524496 -0.0567668341 -0.818535686 0.571644068 -0.0731846765 -0.823830009 0.562092602 -0.151257887 0.930870175 0.332568467 -0.98944968 -0.104497895 0.100347206 -0.989656925 -0.04967127 -0.134580567 -0.987453401 -0.045615796 -0.15117915 -0.376663506 -0.92628926 -0.0106220944 -0.381328702 -0.924428582 -0.0045063002 -0.371221334 -0.928375423 -0.0177168697 -0.188866645 0.963627636 0.189079687 -0.104854584 0.940032899 0.324566811 -0.0778311938 0.927553117 0.365496457 0.603140891 0.0334630795 0.796932399 0.495875448 -0.851122737 0.172329575 -0.751432955 -0.486182123 0.446066827 -0.00132483849 0.989714444 0.143050373 0.00132490392 0.989713669 -0.14305608 0.00133922021 0.989489079 -0.144601867 0.00526460959 -0.0388705432 0.999230444 0.0112224687 -0.00939946529 0.999892831 -0.232445195 0.948058128 -0.217152089 -0.612943769 0.309153646 -0.72713393 0.016143322 0.0336161368 -0.999304354 -0.0142882839 0.048126664 -0.998739064 0.0524559319 0.181939036 -0.981909633 0.011272423 -0.473314375 0.880821466 0.00690516364 -0.43339467 0.901177824 0.0115738967 -0.476042241 0.879346192 -0.990531325 0.0691988915 0.118571535 -0.848291934 0.242225781 -0.470879495 -0.809444249 0.253044754 -0.529875875 0.00821545534 0.444728315 0.895627797 0.00986419339 0.429506391 0.903009951 0.00809854269 0.445802063 0.895094991 -0.0255885627 0.847428739 0.530292034 -0.0125488946 0.887414098 0.460802317 -0.012238631 0.887811422 0.460044682 -0.0249534268 0.913199902 0.406747103 0.166414246 -0.983910322 0.0650142729 -0.98472482 -0.148140132 0.0914962664 -0.981088579 -0.165560633 0.100274749 -0.316821098 0.817305744 -0.481285453 -0.888620853 -0.402837694 -0.219259366 -0.888084233 -0.405223906 -0.217025265 -0.890871525 -0.392260611 -0.229084298 -0.110872284 -0.941912353 -0.317030609 0.25117889 -0.822909534 -0.509636164 -0.993081927 0.0325570926 -0.112819992 0.0308017042 0.687926233 0.725126624 0.050929822 0.720490932 0.69159162 0.0567954555 0.7296682 0.681438684 0.732866049 0.156204015 -0.66219908 -0.687880337 0.154232398 -0.709248185 -0.133946583 -0.0835387781 0.987461209 0.011059206 0.0297390316 0.99949646 0.0230567716 0.00531173311 0.999720037 0.733555317 0.59414953 0.329974413 0.0256168786 0.679270983 0.73344028 -0.999359906 0.0257062949 -0.0248768181 0.999706626 0.0237616505 -0.00469325064 0.00708030444 -0.391446322 -0.920173645 -0.350097269 0.510819435 0.785172284 -0.797092378 -0.0246076901 0.603355885 0.800593615 0.215412349 0.559148848 0.00998956989 -0.903252244 0.428993553 0.0317018591 -0.903065681 0.428330928 -0.0128836669 -0.902911365 0.429633677 0.421581417 -0.844262004 -0.330893993 0.418385416 -0.843753517 -0.336204737 0.428433806 -0.845249474 -0.319371104 -0.00927875377 0.996004462 -0.0888202339 -0.0122532845 0.979316056 0.201965004 -0.0122704338 0.978906751 0.203939021 0.934090018 0.33967647 -0.109980606 3.45180382e-07 0 -1 3.1284726e-06 0 -1 3.11775466e-06 0 -1 0.948591113 -0.00800547935 0.316403061 -0.686467886 0.0538566522 -0.725162923 -0.562988997 0.826277137 -0.0175928902 0.890354812 -0.454374969 0.028487172 -0.826906681 0.254631162 -0.501386344 3.23728545e-06 0 1 2.93047378e-06 0 1 0.00634049438 -0.0303199105 0.999520123 0.0842246413 -0.0585190617 0.994726956 0.0498344675 0.154588684 0.986721218 -0.13842757 0.44214806 0.886195779 -0.0866317004 0.538781881 -0.837979138 0.0415419936 0.0333265923 -0.998580813 0.00470925029 0.0269484669 -0.999625742 0.0156868659 -0.0375725068 -0.999170721 0.000777969661 -0.0529659241 -0.998596013 0.0131502459 0.00312110153 -0.999908686 -0.00753644854 0.188895077 -0.981968284 0.0175953116 -0.762718916 -0.646490812 0.0032975385 0.100571901 -0.994924307 -0.000694814895 -0.0230138432 -0.999734938 -0.00104629458 0.0586619824 -0.998277366 -0.0196535401 -0.0997471884 -0.994818687 0.0214121155 -0.0790316835 -0.996642053 0.0157842673 -0.0597912632 -0.998086095 0.0128945857 0.0094799269 -0.99987191 -0.0251164306 -0.0767022744 -0.996737599 0.00150128745 -0.0220227353 -0.999756336 0.0400846787 -0.181311876 -0.982608438 5.64343645e-06 0 -1 1.44059948e-06 0 -1 3.38782661e-06 0 -1 0.823967934 0.361630023 -0.436234564 -0.918862522 0.315758318 0.236618713 5.26015356e-07 0 1 -0.709626079 0.186862722 -0.679347575 2.76343997e-07 0 1 -2.2933682e-06 -2.99193417e-08 1 2.76849437e-06 9.46669275e-07 1 -0.536339521 0.815942705 -0.215817854 0.17230159 0.98475939 0.023685284 0.00773178833 0.572875738 0.819605708 -0.464363605 -0.863192499 0.198154211 0.947964013 -0.163679168 -0.273081183 -0.918686628 -0.261190832 -0.296300828 0.00167320971 -0.0303296577 0.999538541 -0.0391527936 -0.093006067 0.994895518 -0.236231104 0.91864109 0.316691428 -3.08373188e-07 0 -1 -5.36576238e-07 0 1 6.40709288e-07 0 1 1.01339708e-06 0 1 -3.25149017e-07 0 1 -1.94811741e-06 0 1 1.46028469e-06 0 1 -0.529720485 -0.802841187 0.273572803 -0.0270419121 -0.864163637 -0.502483726 -0.0452370122 -0.908092082 -0.416320115 -0.0290086288 -0.867895722 -0.495898664 0.873116493 0.205938414 0.441878736 0.474107236 0.862315655 -0.17785944 0.0224163178 -0.0414695404 -0.998888314 0.0892743766 -0.0275266878 -0.995626628 -0.012867149 0.0150453215 -0.99980402 0.0887929946 0.00141421217 -0.996049106 -0.124122463 0.0508850217 0.990961313 -5.81195991e-06 0 1 -0.087724179 0.0359625444 0.995495439 -0.902596891 -0.342135102 -0.26127097 0.539175212 -0.835747957 0.103996687 -0.886414766 -0.412360162 -0.210304543 -0.551576197 -0.582555234 -0.596986592 0.834734738 -0.0435200334 0.548929751 -0.41000697 -0.851252735 0.327510387 -0.506786883 0.787127376 0.351564318 -0.463768661 -0.719627619 0.516773343 -0.927680433 0.168917194 0.332980543 -1.04525554e-06 0 1 1.81114967e-06 0 1 -9.68283189e-07 0 1 0.872910082 0.0089244172 0.487799376 0.00361316674 0.0014245729 0.99999243 -0.00169313909 -0.000218413901 0.99999851 2.18449895e-06 0 1 3.13000305e-06 0 1 6.81556321e-06 0 1 -0.00995059405 0.0182085931 0.999784708 -0.0426083393 -0.0348500609 0.998483837 0.0278531872 -0.0779235512 0.99657017 -0.0900687352 0.0256124996 0.995606184 -0.0266636126 0.0174515024 0.999492168 -0.0350187123 0.042757377 0.998471498 -0.00833287742 0.0246197041 0.99966222 -0.0367863849 0.0386151411 0.99857676 0.0222740211 -0.0244276784 0.999453485 0.202050135 -0.40894112 0.889911771 -0.0713896155 -0.0364023037 0.996783972 0.0263247918 -0.0121259736 0.999579906 0.0107838586 -0.0201181769 0.999739468 0.271648079 -0.141027331 0.952007711 0.443797857 -0.326373905 0.834579885 0.744221509 -0.42511794 0.5151788 0.793326497 0.513394117 0.327199668 0.446642786 0.444992155 0.776203811 -0.962096989 0.0724992305 -0.262894034 -1.55459986e-07 0 1 -2.2565051e-07 0 1 -7.4720748e-07 0 1 -4.93646951e-07 0 1 -1.48515437e-06 0 0.99999994 -0.418927908 -0.63868916 0.645426691 -0.463991523 -0.707392633 0.533204913 -0.327285469 -0.498972178 0.802440584 0.729228973 0.683005512 -0.041576758 -0.700314343 -0.0159003939 0.713657439 0.623811603 -0.538036525 0.566900074 -0.710856676 0.598749757 0.369027793 3.38231007e-06 0 -1 7.37395158e-06 0 -1 3.11447548e-06 0 -1 0.005969299 0.109750338 -0.993941188 -0.0141688511 0.083227694 -0.996429801 -0.0319757499 -0.0199514478 -0.999289453 0.0274964068 0.105267167 -0.994063735 -0.00290380162 -0.000798520749 -0.99999553 0.0393604673 -0.0391479619 -0.998457968 -0.00261249836 -0.0162838399 -0.999863982 0.144150525 0.136597916 -0.980082512 -0.0319741145 -0.171188042 -0.984719455 0.0154233947 -0.143754289 -0.989493191 0.01922171 -0.0249472819 -0.99950403 0.00808024127 -0.0130786775 -0.999881804 -0.0162982158 0.0239967071 -0.999579191 0.0184899438 0.0332751423 -0.999275148 0.0507908948 0.0146073466 -0.998602509 0.0125380065 -0.0223162565 -0.999672353 0.993836045 0.00348546868 0.110804684 0.545514286 0.824326575 0.151326984 -1.42098168e-06 0 1 -0.00945324637 0.0212802999 0.999728918 -0.0941465273 0.21199058 0.972726345 -0.11682906 0.26306507 0.957678258 -3.87075806e-06 0 1 -0.253621161 -0.683865309 0.684108615 -0.891601205 -0.207455516 0.402503908 -0.598257184 -0.562069893 -0.571109235 -0.692550659 -0.718970597 -0.0587786548 -0.522635162 0.759418607 0.387473792 0.955661118 0.145215824 0.256172508 -0.623867929 -0.371534854 -0.687568605 0.915116131 -0.222553611 0.336202919 0.952592492 -0.142938316 -0.268581778 -0.631540477 0.393116772 -0.668293238 0.648060262 0.67161721 -0.359093606 -4.82793257e-06 -8.64159847e-06 1 -3.92055381e-06 -4.94111373e-06 1 3.92006285e-08 -0.438200504 -0.898877323 -0.346305609 0.580540776 0.736915886 -0.411107302 0.689170361 0.596686602 0.989441276 -0.000954675779 0.144931257 -0.0208013896 0.00405450864 0.99977541 -0.174355611 0.00736618368 0.984655261 -0.0135851493 0.000413656904 0.999907553 0.00546063017 -0.113110796 0.993567348 0.0599255785 -0.0124965739 0.998124599 0.0356594622 -0.00379856955 0.999356747 0.043834392 0.012434572 0.998961389 0.0499015525 0.0157579724 0.998629808 0.0559107922 -0.19036822 0.980119407 0.941751659 0.198350042 0.271589965 0.325281411 0.0895372033 -0.941368699 0.17664665 -0.0861004442 -0.980501175 0.079740949 -0.192579135 -0.978036106 -0.257953376 0.248241857 -0.933721602 0.435301185 0.231732115 -0.869950116 -0.160270482 0.94076401 0.298791528 0.732306957 -0.254555583 0.631607533 -5.96734026e-07 0 1 -0.603531837 -0.783516228 0.147822618 0.14710921 0.989025056 0.0137204183 -0.2072476 0.959797382 0.189307481 -0.841280878 -0.0466500595 0.538581789 0.120459035 0.0258459542 0.992381811 0.00581216067 0.0129544036 0.999899149 -0.00494054472 -0.0917459875 0.995770156 -0.020008076 -0.103885189 0.994387984 0.00216721743 0.0901688859 0.995924115 -0.0019805429 0.0703409016 0.997521043 0.990833282 0.00678460859 -0.13492009 0.201467797 -0.969669342 -0.138390437 0.432049543 -0.845712662 -0.313214153 0.511540711 -0.730617762 -0.45224297 0.233289763 0.965407789 0.116463378 -0.961334825 -0.196630791 -0.192799181 -0.50539279 -0.573084593 -0.645098567 -0.561082721 -0.763531387 0.319696903 1.2251342e-05 1.04959163e-05 1 -0.09494479 -0.0793095529 0.992318273 -0.142515525 -0.119046599 0.982607365 0.0998163521 0.136253983 0.985632539 -0.0345406123 0.202745512 0.978622139 0.192146704 0.0880905911 0.977404594 0.347108185 0.00237579434 0.937822044 -0.270409405 -0.225879639 0.935872436 -4.67206547e-07 0 1 -2.20545999e-07 0 1 -8.01348233e-06 -1.44447586e-06 1 -1.30167009e-05 -2.40785357e-06 1 -2.53980961e-05 -4.69818724e-06 1 0.91516453 0.0226165839 -0.402445614 0.758971453 0.0110851387 -0.651029527 0.541685045 0.0163742881 -0.840422094 0.288239241 -0.0473438948 -0.956387281 3.38832724e-05 -7.0306678e-06 -1 0.000198430731 -4.11737237e-05 -1 0.000140778182 -2.9211009e-05 -1 5.76988941e-06 -9.09550272e-06 -1 2.0928017e-05 -3.29903778e-05 -1 2.17743218e-05 -3.43244719e-05 -1 0.8958143 -0.42783466 0.120309196 0.531541765 0.841963589 0.0925235897 -0.693502545 0.631011188 0.347676724 0.799949825 -0.573597312 -0.176257372 -0.984404862 0.101188913 0.143902332 0.177106008 -0.872902751 0.454614311 -0.942805648 0.0478185192 -0.329895377 -0.00462469831 -0.430599362 0.902531326 -0.639332116 -0.68552798 0.348289996 0.800564885 -0.307829767 0.51413691 -0.0008603881 -0.984816313 -0.173597097 0.0982555076 0.597441375 -0.795870483 0.261863351 0.6467641 -0.716326654 0.000950190821 0.558777094 -0.829317331 0.646562219 0.570269942 0.506704628 0.79025352 0.443059832 0.423317045 0.544296384 0.636065602 0.546957135 -0.00472196657 -0.962457836 0.271390438 -0.851657331 0.256523132 -0.457029253 -0.430543721 0.663782418 0.611575902 0.627668977 0.716207981 -0.305086225 -0.781556308 -0.293627203 -0.550411522 -0.773706615 -0.506983101 -0.379929066 9.4340503e-06 -2.10497892e-05 -1 -1.05954887e-05 -2.59051958e-05 -1 1.9877647e-05 -8.28395696e-06 -1 1.03957718e-05 1.14532886e-05 -1 -1.81680764e-06 1.79091494e-05 -1 0.00133925537 -0.98948735 0.144612864 0.395489544 -0.792768538 0.463795304 0.390480936 -0.794413626 0.46522212 0.556283116 -0.723944187 0.407987684 0.290065527 -0.89852047 -0.329428285 -0.66070646 -0.22350654 -0.716597378 0.102913283 -0.819587052 0.563636303 0.00606981525 -0.904074311 0.427332193 0.00511201657 -0.899841547 0.436186939 0.00402404135 -0.905984104 0.423292518 0.00585259032 -0.902947843 0.429710209 0.10354469 -0.190457195 -0.976219475 -0.564747155 -0.770625234 0.29529193 -0.536907375 -0.841043234 -0.0661578029 0.105083138 0.988523483 0.108530454 -0.166906998 -0.708394289 0.685798466 -0.000642975967 0.0143203186 0.999897182 -0.00223135529 -0.00823500473 0.999963641 -0.00215298706 0.0479516871 0.998847365 -0.0473073684 0.028972948 0.998460114 0.00133099721 0.0106779644 0.999942064 -0.0233496428 -0.00304235658 0.999722719 0.246885896 -0.830548346 0.499236256 1.04769615e-05 0 1 -0.0609593354 -0.0619269311 0.99621743 -0.0381813459 -0.0358452164 0.998627663 0.418131262 0.838008523 0.350582302 0.307213157 0.733587742 0.606192291 0.304994524 0.78672415 0.536696732 4.7812199e-07 0 1 1.71952962e-07 0 1 -4.25141238e-08 0 1 2.18394985e-06 0 1 7.14746136e-07 0 1 4.55395684e-06 0 1 -5.5773679e-08 0 1 -0.080996938 0.104406796 0.991230905 -0.113360159 0.0356309712 0.992914915 0.856308341 0.456044346 0.242403686 0.442411333 0.878501713 0.180296808 -0.698261321 0.410560578 0.586405218 0.00836178567 -0.128017634 0.99173665 -0.0206573494 -0.00473880954 0.99977535 -0.0128701106 -0.174088493 0.984645903 0.042273134 -0.291819453 0.95553875 0.0685842559 -0.0203869734 0.997437 0.026118625 -0.0178262405 0.999499917 0.109000288 -0.221192509 0.969119608 0.0419946052 -0.144790754 0.98857069 0.74061805 -0.143973082 0.656320572 -0.0410908647 0.0130717047 -0.99906987 -0.102855153 0.00876280293 -0.994657755 -0.0302834343 0.0324550457 -0.999014318 0.0139838792 0.17349948 -0.984734595 -0.132404149 0.527647793 -0.839080989 -0.694190145 -0.0392335989 -0.718721688 -0.00261641899 -0.0214078985 -0.999767363 0.0411630794 0.157870218 -0.986601532 0.011091684 0.0202164799 -0.999734104 -0.0193616021 -0.00255163992 -0.999809206 0.00054182281 -0.0380432196 -0.999275982 0.152012974 0.21468766 -0.96478039 -0.0204793513 0.0668117553 -0.997555435 -0.162643567 -0.468286246 -0.868478537 0.0112948101 0.11366491 -0.993455052 0.0221293196 0.0204711743 -0.999545515 0.00911688432 0.00454634521 -0.999948144 -0.000561177556 0.134512052 -0.990911841 -0.0722959936 0.192650288 -0.978600681 0.00647958135 -0.00693141809 -0.999954998 0.0137596112 -0.0101848142 -0.999853432 -0.564020991 0.477792352 -0.673494458 -0.57133019 0.370243341 -0.732462704 -0.567702413 0.439061433 -0.696375668 0.373791873 0.66805774 -0.643411756 0.00598780112 -0.098051697 -0.995163321 0.00635413127 -0.102814101 -0.994680345 -0.179530069 -0.938477814 -0.295005798 0.298745841 -0.0307089426 -0.953838527 -0.00591128739 0.0180545822 -0.999819517 -0.00594231673 0.119065024 -0.992868662 -0.000315048703 0.00698717311 -0.999975502 -0.0170536246 0.378377199 -0.925494373 0.00176215509 -0.0510989241 -0.998692036 -0.0252524372 0.0607655533 -0.997832537 -0.0145738069 -0.0066837105 -0.999871433 -0.00602310011 -0.0309249684 -0.999503553 0.0810527354 -0.061976485 -0.994781077 0.489395469 -0.262705624 -0.831551433 -0.103444792 -0.0856819451 -0.990937829 -0.189658388 -0.393269449 -0.899649262 -0.00557275768 -0.0282511581 -0.99958533 0.00583641697 -0.0101094302 -0.999931872 0.000317481201 -0.0950094536 -0.995476246 0.000202876137 -0.092823945 -0.995682478 0.147972479 0.513636053 -0.84515214 0.150934547 0.538867652 -0.828758359 0.111978665 0.243341535 -0.963455021 0.0267347042 -0.076222308 -0.996732354 0.0172676109 0.0333757438 -0.999293685 0.0322071239 0.0451748036 -0.998459756 -0.0164346918 0.158390567 -0.987239718 -0.0279107112 -0.00549413543 -0.999595344 0.109636784 0.227338403 -0.967624485 0.960146844 -0.255648404 0.11296922 0.0571470484 0.831950605 0.551898837 -7.09414962e-06 0 -1 -5.38463667e-07 0 -1 3.09601774e-07 0 -1 3.45180524e-07 0 -1 -0.036310114 0.00945803151 -0.999295771 -0.0145814745 0.00720145227 -0.999867737 -0.164986596 -0.0627197474 -0.984299541 0.209850445 0.865966737 -0.453943342 -0.00213421462 -0.309203416 -0.950993478 -0.00167839054 -0.306214064 -0.951961279 -0.00187662698 -0.307514489 -0.951541543 -0.00303159235 -0.315079987 -0.949060261 -0.0127248522 -0.0534144118 -0.998491406 0.055115696 -0.049009718 -0.997276425 -0.000254308979 -0.137926936 -0.990442395 -0.0761010945 0.0222035404 -0.996852875 0.0509888865 -0.000928931055 -0.998698831 0.715189517 0.678752601 0.166729748 0.764903188 0.643428922 -0.0303700566 0.773606718 0.627201855 -0.090279296 -0.0627389327 -0.0202409904 -0.997824669 2.62134954e-08 0 -1 -0.0138546554 -0.0502271801 -0.998641729 -0.0561298355 -0.13130869 -0.98975116 0.117988646 0.00237067929 -0.99301219 0.0572016872 -0.0120126186 -0.99829036 0.00315235462 -0.0287222397 -0.99958241 -0.00812786631 0.0122371018 -0.999892116 0.00564101571 0.0195182748 -0.999793589 -0.00244010473 0.105047844 -0.994464099 -0.0531362332 -0.0207269825 -0.998372138 0.00656757504 -0.0163237154 -0.999845207 -0.173230082 -0.25379765 -0.951618671 -0.0447324365 0.048385907 -0.997826576 -0.00703228638 -0.0244217627 -0.999677002 0.0200589597 -0.00583834294 -0.999781728 -0.0641769543 -0.0133048035 -0.997849822 0.758317351 -0.623258591 0.191059321 0.721209288 -0.551192284 -0.419576198 0.118733518 -0.0294752792 -0.992488563 -0.754503727 -0.606601954 -0.250515908 1.31462139e-06 0 1 1.56358044e-06 0 1 0.839852989 -0.291939616 0.457622528 -0.109563239 0.0415667668 -0.993110299 -0.0970319659 -0.0376479961 -0.994568944 0.0541417934 0.0201819055 -0.998329222 -0.307596326 -0.0275060683 -0.951119184 -0.0149189625 -0.0274145994 -0.999512851 -0.0363396369 -0.0591450296 -0.99758774 -0.4489384 0.778998733 -0.437738985 0.376509398 0.785119712 0.491759866 0.521430254 0.848650336 0.0888986662 0.0413719714 -0.0347321257 -0.998539925 0.102294534 -0.177500814 -0.978789687 -0.0131428512 -0.0549253859 -0.998403966 -0.197735459 -0.173958182 -0.964696467 -0.0947935954 -0.00274837855 -0.995493174 0.076723963 -0.00144581019 -0.997051299 -0.0175868068 -0.0277275238 -0.999460757 0.0939196423 2.98161776e-05 -0.995579779 -0.0075692595 0.0396426357 -0.999185264 -0.141842738 0.0970894918 -0.985116363 -0.288400739 0.244132623 -0.9258641 -0.0187458917 -0.0264121909 -0.99947536 -0.458719075 0.850594223 0.257034004 -4.00592899e-06 0 -1 -0.48652795 0.371721447 -0.790641308 0.845633209 -0.416873097 0.333348691 -0.193969563 0.0795207769 0.97777921 0.765339494 0.180519298 0.617793024 -0.157415614 -0.246590361 0.956249714 -0.491716683 -0.74966222 0.442968696 0.689200997 0.684503913 0.237605453 0.90265274 -0.425298005 0.0658747181 -0.553948462 0.548186421 -0.62660414 0.429536551 -0.879312813 -0.205687702 0.435056388 0.900403142 3.26345908e-05 -0.914092004 0.197226584 0.35431245 -0.899025798 -0.23075147 0.372164488 0.0106815509 -0.271688938 0.962325752 0.757649422 -0.5297212 0.381264687 0.00546570448 0.997238994 0.074057743 -0.049926158 0.712067366 0.700333834 -0.993236959 -0.0086636655 -0.115781508 -0.977532506 -0.0196986832 0.209861949 -0.993964314 -0.00889510009 -0.109342247 -0.976171672 -0.0198960826 0.21608609 0.190545037 -0.978833854 0.0746792927 0.999733329 0.0108338306 -0.0203916226 -0.649691284 0.756920218 -0.0705187619 -0.192097038 0.94490844 -0.265041113 0.428065777 -0.630696774 0.647287607 -0.954484344 0.241068855 0.175628603 0.0458793901 0.0215680692 0.998714149 -0.011827481 -0.008864481 0.999890745 0.115093455 0.0862517357 0.989602983 0.0103049409 -0.0236288346 0.999667704 0.0363685489 0.00379073271 0.999331236 0.0197098777 -0.0287763998 0.999391556 0.00105424435 -0.0410899371 0.999154925 0.0213003885 0.0336510055 0.999206603 0.010257571 -0.0101799946 0.999895632 0.00359535869 -0.00309716002 0.999988735 -0.0624879971 -0.104933187 0.992514133 0.00121497968 0.00728765549 0.999972761 -0.0248789247 -0.000973952236 0.999689996 -0.022824198 0.00887255091 0.999700129 -0.184689179 0.0205990952 0.982581019 -0.0111938538 -0.0518751703 0.998590827 0.00793388486 0.0300046075 0.999518275 0.0299164802 -0.00127114099 0.999551594 -0.00951499585 -0.0837003812 0.996445537 0.0887683779 -0.237731025 0.967266321 -0.134477496 -0.830078542 0.541188955 0.00901930872 0.069339186 0.997552335 0.0198175479 0.0076907631 0.999773979 0.0169287194 0.0285185352 0.999449968 -0.0367130414 0.0118220327 0.999255896 -0.0182154346 0.0414579734 0.998974204 -0.0196350571 0.0392744578 0.999035478 -0.133136794 -0.559043348 0.818379521 -0.257191479 0.768862963 -0.585407794 0.064168267 -0.341739297 0.937601626 0.00497238664 0.0360154845 0.999338806 0.00244474411 0.00574028771 0.999980509 0.0708500519 -0.0536361523 0.996043861 -0.0296142995 0.13599202 0.990267217 -0.0590724796 -0.0980596691 0.993425786 -0.167959154 -0.385376513 0.907344818 -0.00808442757 -0.0127541022 0.999885976 0.0195139032 -0.4231731 0.905838668 -0.0492180102 0.644712329 0.762839258 0.00109028653 0.0319359526 0.999489307 0.207634255 -0.490902662 0.846110284 0.0196355004 -0.0127394488 0.999726057 -0.0715697482 0.172727883 0.982365966 0.158554643 0.0579780675 0.985646486 0.0104220528 -0.0243149698 0.999650002 -0.0983694419 -0.00692221196 0.99512589 -0.101151168 -0.00747941388 0.994842947 -0.197559923 0.355802685 -0.913441122 -0.0186163299 -0.0636689663 0.99779743 0.109500445 0.251247317 0.961709201 -0.0804094449 0.954531789 -0.287060052 0.952470303 0.171229511 -0.251953989 0.513318658 0.821297526 0.248946652 0.434488714 -0.849188268 -0.30016461 -0.977435887 -0.208333135 -0.0348780379 0.340861261 -0.935004234 -0.0978803635 0.767621636 0.636669457 0.0735459626 0.94026041 -0.27787444 0.196713209 -0.242279589 0.958037674 0.15318127 -0.991941333 -0.00101436162 0.126693889 -1.47382771e-05 2.10087319e-06 -1 -7.53162522e-06 1.0359654e-05 -1 4.12223062e-06 1.38040268e-05 -1 9.17882971e-06 1.48131312e-06 -1 8.26770156e-06 -7.55886094e-06 -1 0.840045333 0.510482311 -0.183661923 0.893327832 0.0504880436 0.446560562 -0.3756423 0.111012526 -0.920091808 0.277746767 -0.901701629 0.331347018 -0.987041295 -0.108478777 0.118244961 -0.609205484 0.514787555 -0.603210092 -0.630150318 -0.382933289 -0.675479531 0.444357336 0.686791956 -0.575207233 -0.899097502 -0.238022447 -0.367381155 -0.966036975 0.105550088 0.23586379 -0.386298627 -0.922371507 0.00204401021 -0.277054459 -0.664871216 0.693676531 -0.809802532 -0.0457676724 -0.584914684 0.041285418 0.814076543 -0.579288244 0.498124301 0.394830495 -0.771998048 -0.00133915467 0.989489853 0.144596174 0.0274347588 -0.0308544096 0.999147296 0.00438191975 -0.036077261 0.999339402 0.371127009 0.716229379 0.590999246 1.60816944e-05 -0.0345266387 0.999403775 -0.00146950688 0.0405906402 0.999174774 0.0913190171 0.00516115036 0.995808303 -0.548852563 -0.47030732 0.691065729 0.0108048553 0.778437018 0.627629817 0.0104939938 0.775894701 0.630775213 -0.0352498442 -0.811126947 0.583806932 0.0214791466 0.107012875 -0.994025588 0.00659475941 -0.43052882 0.902552724 -0.579421163 -0.790642023 -0.197879642 -0.945996463 -0.134243548 0.295075089 -0.985807538 0.0667625666 0.154033259 0.951791048 0.171492592 -0.254330546 0.00998153444 0.428417265 0.903525889 -0.00813435763 0.871416211 0.490476876 -0.00172620069 0.911691308 0.410872042 0.041674763 0.926082969 0.375011325 0.00245783268 0.906207144 0.422826827 0.0208319928 0.920275211 0.390716702 0.0541049168 0.934833705 0.350939691 -0.00365184713 0.907625318 0.419765264 -0.000690573128 0.906211078 0.422825009 0.0101499576 0.903577328 0.428304791 -0.00454791589 0.910362005 0.413787693 0.00676486315 0.90444994 0.426526189 0.00931161083 0.903065562 0.429401696 0.00294042798 0.902017355 0.43168959 0.0022664601 0.905502081 0.424335718 0.031497322 0.903623283 0.42716831 -0.0848128349 0.93995738 -0.330585837 0.00715348823 0.483774483 -0.875163555 -0.0263994858 -0.927814007 -0.372107744 -0.0144722145 -0.888271689 -0.459090263 -0.0129301734 -0.910663903 -0.412945598 0.0167052951 -0.945999324 -0.3237378 -0.000714532973 -0.89341712 -0.449227571 -0.00814469345 -0.923168957 -0.38430807 -0.00212374469 -0.885642946 -0.464361995 0.0989265516 -0.852393985 -0.513456941 -0.0346231274 -0.92117703 -0.387600392 0.0412331484 -0.90462023 -0.42421931 0.0174073745 -0.927435279 -0.373578399 0.0611507259 -0.896135032 -0.439548254 0.0310051031 -0.886420369 -0.461841553 0.0276317038 -0.884682119 -0.465375185 0.0407162905 -0.884052813 -0.465610057 0.0357581638 -0.947022736 -0.319169551 0.128186122 0.963493347 0.235050753 -0.962906182 0.167296365 0.211715639 0.540279925 0.757818341 0.36579898 -0.835701764 -0.0913148299 0.541538775 0.696059525 -0.444153011 -0.564118087 0.815563202 -0.41135475 -0.406993955 -0.00323274382 -0.0456267521 0.998953342 0.00275083072 0.099762015 0.995007515 -0.00538701471 -0.00823390484 0.999951601 0.0543182269 0.619927168 0.782776952 0.0343525298 0.785448015 0.617973685 -0.147237808 -0.0631812215 0.98708111 0.0112161255 0.0443335511 0.998953819 0.0268706232 0.014428677 0.999534667 -0.0238190591 -0.350766808 0.936159849 -0.0376118422 -0.524249732 0.850733519 -0.00125733949 -0.0184659008 0.999828696 0.416102409 0.751414359 -0.512089133 0.596385121 -0.385303527 0.704177618 -0.000336640456 -0.075874269 0.997117341 0.01999522 -0.017274322 0.999650836 0.0158925168 0.000250443321 0.999873698 -0.773550928 0.624557674 0.107455775 0.0185401533 0.0357044637 0.99919039 -0.00537482463 0.0441327617 0.999011278 0.00770458905 0.0388400182 0.999215722 -0.0118191577 0.0507970303 0.998639047 0.152654648 0.236158475 0.959648728 -0.0111594107 0.0741627142 0.99718374 0.157793045 0.17706953 0.97146678 0.0361792743 0.035779167 0.998704553 0.0920885727 0.00520450529 0.995737255 0.021673562 0.0142021431 0.999664187 -0.174885035 0.513338804 -0.840177655 0.0331197307 -0.0972141027 -0.994712234 0.417521238 -0.622931302 -0.661538124 -0.0919079706 0.568222404 -0.817726254 -0.00301309675 -0.908429921 0.418026268 0.0433347598 -0.925988734 0.37505585 0.0166774299 -0.897393405 0.440915942 0.00241085258 -0.920323968 0.39114958 0.00586083019 -0.917883515 0.396806628 -0.0302235428 -0.899246931 0.436395854 -0.000260701607 -0.872733653 0.488196462 -0.0402281396 -0.851043522 0.523551941 -0.00439685257 -0.910304666 0.413915634 -0.0336869359 0.0608319156 -0.997579396 0.028981816 0.161915481 -0.986379027 0.0171397328 -0.917224109 0.398002654 0.0446054749 -0.929053783 0.367245704 0.00197783625 -0.904805541 0.42582047 0.0604824014 0.894759476 -0.442433447 0.0249493532 0.920783877 -0.389274389 0.0438068099 0.90109998 -0.431392759 0.0272696558 0.884526849 -0.465691596 0.0957547575 0.853809416 -0.511703432 0.0485531986 0.941080809 -0.334678233 0.0244082417 0.906553328 -0.421384871 0.0270974617 0.944789708 -0.326554835 -0.00302696275 0.888853252 -0.458182007 -0.0413996466 0.927190959 -0.372294277 -0.03006934 0.897743285 -0.43949157 -0.000260527566 0.92213732 -0.386862427 -0.0147272553 0.872908711 -0.487661183 0.031553451 0.885740638 -0.46310693 -0.0449260101 0.908225417 -0.416062921 -0.0338755138 0.921270609 -0.387444019 0.0421343073 0.883293509 -0.466923118 -0.0276659466 0.869594216 -0.492991388 -0.0242185015 0.86583215 -0.49974817 -0.00925631076 0.995832443 -0.0907312259 -1.81066082e-06 0 1 -3.59496227e-07 0 1 -1.44335775e-06 0 1 -4.83540418e-07 0 1</float_array>
          <technique_common>
            <accessor source="#normals_array" count="3607" stride="3">
              <param name="X" type="float" />
              <param name="Y" type="float" />
              <param name="Z" type="float" />
            </accessor>
          </technique_common>
        </source>
        <vertices id="vertices">
          <input semantic="POSITION" source="#positions" />
        </vertices>
        <triangles material="scout_11141b" count="98">
          <input semantic="VERTEX" source="#vertices" offset="0" />
          <input semantic="NORMAL" source="#normals" offset="1" />
          <p>23 63 21 64 16 65 23 63 20 71 21 64 238 549 237 548 261 572 238 549 261 572 262 573 237 548 239 550 263 574 237 548 263 574 261 572 239 550 240 551 264 575 239 550 264 575 263 574 240 551 241 552 265 576 240 551 265 576 264 575 241 552 242 553 266 577 241 552 266 577 265 576 242 553 243 554 267 578 242 553 267 578 266 577 243 554 244 555 268 579 243 554 268 579 267 578 244 555 245 556 269 580 244 555 269 580 268 579 245 556 246 557 270 581 245 556 270 581 269 580 246 557 247 558 271 582 246 557 271 582 270 581 247 558 248 559 272 583 247 558 272 583 271 582 248 559 249 560 273 584 248 559 273 584 272 583 249 560 250 561 274 585 249 560 274 585 273 584 250 561 251 562 275 586 250 561 275 586 274 585 251 562 252 563 276 587 251 562 276 587 275 586 252 563 253 564 277 588 252 563 277 588 276 587 253 564 254 565 278 589 253 564 278 589 277 588 254 565 255 566 279 590 254 565 279 590 278 589 255 566 256 567 280 538 255 566 280 538 279 590 256 567 257 568 281 591 256 567 281 591 280 538 257 568 258 569 282 592 257 568 282 592 281 591 258 569 259 570 283 593 258 569 283 593 282 592 259 570 260 571 284 594 259 570 284 594 283 593 260 571 238 549 262 573 260 571 262 573 284 594 262 573 261 572 285 595 262 573 285 595 286 500 261 572 263 574 287 596 261 572 287 596 285 595 263 574 264 575 288 597 263 574 288 597 287 596 264 575 265 576 289 598 264 575 289 598 288 597 265 576 266 577 290 599 265 576 290 599 289 598 266 577 267 578 291 578 266 577 291 578 290 599 267 578 268 579 292 600 267 578 292 600 291 578 268 579 269 580 293 516 268 579 293 516 292 600 269 580 270 581 294 601 269 580 294 601 293 516 270 581 271 582 295 602 270 581 295 602 294 601 271 582 272 583 296 603 271 582 296 603 295 602 272 583 273 584 297 524 272 583 297 524 296 603 273 584 274 585 298 604 273 584 298 604 297 524 274 585 275 586 299 605 274 585 299 605 298 604 275 586 276 587 300 606 275 586 300 606 299 605 276 587 277 588 301 607 276 587 301 607 300 606 277 588 278 589 302 608 277 588 302 608 301 607 278 589 279 590 303 590 278 589 303 590 302 608 279 590 280 538 304 609 279 590 304 609 303 590 280 538 281 591 305 610 280 538 305 610 304 609 281 591 282 592 306 611 281 591 306 611 305 610 282 592 283 593 307 612 282 592 307 612 306 611 283 593 284 594 308 613 283 593 308 613 307 612 284 594 262 573 286 500 284 594 286 500 308 613</p>
        </triangles>
        <triangles material="scout_1a1f21" count="376">
          <input semantic="VERTEX" source="#vertices" offset="0" />
          <input semantic="NORMAL" source="#normals" offset="1" />
          <p>0 0 1 1 2 2 3 3 2 4 1 5 4 6 1 7 5 8 6 9 4 10 7 11 6 12 0 13 2 14 7 15 5 16 0 17 0 0 5 18 1 1 3 3 6 19 2 4 4 6 3 20 1 7 6 9 3 21 4 10 6 12 7 22 0 13 7 15 4 23 5 16 100 270 101 271 102 272 103 273 102 274 101 275 104 276 101 277 105 278 106 279 104 280 107 281 106 282 100 283 102 284 107 285 105 286 100 287 100 270 105 288 101 271 103 273 106 289 102 274 104 276 103 290 101 277 106 279 103 291 104 280 106 282 107 292 100 283 107 285 104 293 105 286 108 294 109 295 110 296 111 297 110 298 109 299 112 300 109 301 113 302 114 303 112 304 115 305 114 306 108 307 110 308 115 309 113 310 108 311 108 294 113 312 109 295 111 297 114 313 110 298 112 300 111 314 109 301 114 303 111 315 112 304 114 306 115 316 108 307 115 309 112 317 113 310 116 318 117 319 118 320 119 321 118 322 117 323 120 324 117 325 121 326 122 327 120 328 123 329 122 330 116 331 118 332 123 333 121 334 116 335 116 318 121 336 117 319 119 321 122 337 118 322 120 324 119 338 117 325 122 327 119 339 120 328 122 330 123 340 116 331 123 333 120 341 121 334 124 342 125 343 126 344 127 345 126 346 125 347 128 348 125 349 129 350 130 351 128 352 131 353 130 354 124 355 126 356 131 357 129 358 124 359 124 342 129 360 125 343 127 345 130 361 126 346 128 348 127 362 125 349 130 351 127 363 128 352 130 354 131 364 124 355 131 357 128 365 129 358 149 411 150 412 151 272 152 413 151 414 150 415 153 416 150 417 154 418 155 419 153 420 156 421 155 422 149 423 151 424 156 425 154 426 149 427 149 411 154 428 150 412 152 413 155 289 151 414 153 416 152 429 150 417 155 419 152 430 153 420 155 422 156 431 149 423 156 425 153 432 154 426 157 433 158 434 159 435 160 436 159 437 158 438 161 439 158 440 162 441 163 442 161 443 164 444 163 445 157 446 159 447 164 448 162 449 157 450 157 433 162 451 158 434 160 436 163 452 159 437 161 439 160 453 158 440 163 442 160 454 161 443 163 445 164 455 157 446 164 448 161 456 162 449 350 695 351 696 352 697 353 698 352 699 351 700 354 701 351 702 355 703 356 704 354 705 357 706 356 707 350 708 352 709 357 710 355 711 350 712 350 695 355 713 351 696 353 698 356 714 352 699 354 701 353 715 351 702 356 704 353 716 354 705 356 707 357 717 350 708 357 710 354 718 355 711 358 719 359 720 360 721 361 722 360 723 359 724 362 725 359 726 363 727 364 728 362 729 365 730 364 731 358 732 360 733 365 734 363 735 358 736 358 719 363 737 359 720 361 722 364 738 360 723 362 725 361 739 359 726 364 728 361 740 362 729 364 731 365 741 358 732 365 734 362 742 363 735 865 2249 866 2249 867 2249 868 2250 869 2251 870 2252 871 2253 872 2254 873 2255 874 2256 875 2257 869 2258 876 2259 877 2260 878 2261 879 2262 880 2263 881 2264 882 2265 883 2266 884 2267 885 2268 886 2269 866 2270 887 2271 888 2272 879 2273 889 2274 890 2275 891 2276 892 2277 893 2277 894 2277 895 2278 873 2279 896 2280 897 2281 898 2282 899 2283 899 2284 878 2285 877 2286 898 2287 890 2288 887 2289 888 2272 889 2290 900 2291 901 2292 891 2293 902 2294 903 2295 904 2296 876 2297 905 2298 876 2299 878 2300 897 2301 877 2302 904 2303 906 2304 870 2305 869 2306 906 2304 869 2306 875 2307 907 2308 870 2309 906 2310 884 2311 883 2312 893 2313 866 2314 908 2315 905 2316 907 2317 875 2317 874 2317 896 2318 873 2318 909 2318 909 2319 873 2319 872 2319 909 2320 872 2320 896 2320 910 2321 911 2322 880 2323 911 2322 881 2324 880 2323 900 2325 881 2325 911 2325 902 2326 865 2327 901 2328 893 2329 883 2330 912 2331 893 2329 912 2331 894 2332 882 2265 912 2333 883 2266 892 2334 894 2335 882 2336 882 2336 894 2335 912 2337 891 2338 890 2339 913 2340 913 2340 890 2339 886 2269 908 2341 886 2269 890 2339 902 2342 891 2338 913 2340 914 2343 902 2342 913 2340 868 2344 874 2256 869 2258 907 2345 906 2345 875 2345 876 2259 904 590 877 2260 871 2346 896 2347 872 2348 915 2349 895 2278 896 2280 874 2350 884 2351 889 2290 884 2351 892 2352 889 2290 889 2290 901 2353 874 2350 916 2354 868 2250 870 2252 908 2341 866 2270 886 2269 902 2342 914 2343 885 2268 866 2270 902 2342 885 2268 900 2291 889 2290 892 2352 882 2355 900 2291 892 2352 879 2273 900 2291 882 2355 879 2273 882 2355 868 2356 882 2355 884 2351 868 2356 884 2351 874 2350 868 2356 879 2273 868 2356 871 2357 879 2273 871 2357 895 2358 868 2356 916 2359 871 2357 907 2360 874 2350 901 2353 901 2353 865 2361 907 2360 907 2360 865 2361 915 2362 867 2363 895 2358 865 2361 895 2358 915 2362 865 2361 916 2359 907 2360 915 2362 915 2362 871 2357 916 2359 895 2358 867 2363 898 2364 898 2364 887 2271 879 2273 879 2273 895 2358 898 2364 889 2274 887 2365 890 2275 897 2281 908 2315 898 2282 899 2284 905 2366 878 2285 898 2287 908 2367 890 2288 913 2340 886 2269 885 2268 885 2268 914 2343 913 2340 888 2272 887 2271 889 2290 901 2292 889 2368 891 2293 903 2295 897 2369 904 2296 905 2298 903 2370 876 2299 897 2301 899 2371 877 2302 907 2308 916 2372 870 2309 899 2283 898 2282 867 2373 908 2315 897 2281 903 2374 905 2316 899 2283 867 2373 908 2315 903 2374 905 2316 905 2316 867 2373 866 2314 879 2375 888 2375 910 2375 871 2346 915 2376 896 2347 879 2377 910 2377 880 2377 888 2378 900 2378 911 2378 900 2379 879 2262 881 2264 888 2380 911 2380 910 2380 902 2326 866 2381 865 2327 895 2382 871 2253 873 2255 892 2383 884 2311 893 2313 917 2384 918 2385 919 2386 920 2387 921 2388 922 2389 923 2390 924 2391 920 2392 925 2393 926 2394 923 2395 927 2396 928 2397 929 2398 930 2399 931 2400 932 2401 922 2402 933 2403 925 2404 934 2405 935 2406 936 2407 927 2408 937 2409 918 2410 938 2411 939 2412 940 2413 941 2414 942 2415 943 2416 934 2417 944 2418 945 2419 946 2420 947 2421 919 2422 948 2423 949 2424 950 2425 930 2426 932 2427 951 2428 952 2429 953 2430 954 2431 935 2432 955 2433 936 2434 949 2435 956 2436 957 2437 958 2438 959 2439 953 2440 960 2441 961 2442 942 2443 937 2444 927 2444 929 2444 962 2445 958 2445 953 2445 944 2446 963 2447 935 2448 935 2448 945 2449 944 2446 920 2387 924 2450 921 2388 923 2390 926 2451 924 2391 925 2393 933 2452 926 2394 927 2396 964 2453 928 2397 930 2399 965 2454 931 2400 922 2402 921 2455 933 2403 934 2405 945 2456 935 2406 933 2457 921 2458 931 2459 931 2459 921 2458 966 2460 921 2458 924 2461 966 2460 966 2460 924 2461 947 2462 924 2461 926 2463 965 2464 926 2463 933 2457 931 2459 926 2463 931 2459 965 2464 924 2461 965 2464 947 2462 918 2410 917 2465 927 2408 962 2466 941 2467 961 2468 958 2469 962 2466 961 2468 967 2470 952 2471 959 2472 952 2471 967 2470 964 2473 964 2473 927 2408 917 2465 938 2411 918 2410 958 2469 918 2410 937 2409 967 2470 918 2410 967 2470 959 2472 964 2473 917 2465 952 2471 917 2465 951 2474 962 2466 952 2471 917 2465 962 2466 918 2410 959 2472 958 2469 941 2467 962 2466 951 2474 938 2411 958 2469 961 2468 938 2411 961 2468 960 2475 948 2423 941 2467 951 2474 949 2424 948 2423 951 2474 938 2411 960 2475 950 2425 938 2411 950 2425 939 2412 940 2413 949 2424 951 2474 951 2474 938 2411 940 2413 919 2386 918 2385 946 2476 941 2414 948 2477 942 2415 951 2428 932 2427 938 2478 934 2417 968 2479 944 2418 919 2480 947 2481 917 2482 947 2481 965 2483 917 2482 965 2483 930 2484 951 2485 951 2485 917 2482 965 2483 932 2486 931 2487 938 2488 931 2487 966 2489 938 2488 966 2489 946 2490 918 2491 918 2491 938 2488 966 2489 946 2420 966 2492 947 2421 960 2475 948 2423 950 2425 920 2493 922 2494 955 2495 922 2494 925 2496 955 2495 925 2496 923 2497 944 2498 923 2497 920 2493 963 2499 925 2496 944 2498 968 2500 955 2495 925 2496 968 2500 920 2493 955 2495 963 2499 923 2497 963 2499 944 2498 952 2429 962 2501 953 2430 935 2432 963 2502 955 2433 949 2435 940 2503 956 2436 959 2439 954 2504 953 2440 950 2505 949 2505 957 2505 961 2442 943 2506 942 2443 929 2507 928 2508 967 2509 937 2510 929 2507 967 2509 940 2511 939 2511 956 2511 957 2512 956 2513 939 2514 950 2515 957 2512 939 2514 934 2516 936 2517 955 2518 955 2518 968 2519 934 2516 961 2520 941 2520 943 2520 948 2521 960 2521 942 2521 959 2522 952 2522 954 2522 964 2523 967 2523 928 2523 969 2524 970 2525 971 2526 972 2527 973 2527 974 2527 975 2528 969 2528 972 2528 976 2529 977 2530 978 2531 971 2532 979 2532 980 2532 981 2533 982 2533 983 2533 971 2534 984 2535 975 2536 985 2537 981 2537 983 2537 986 2538 987 2539 976 2540 988 2541 969 2542 980 2543 974 2544 976 2545 989 2546 973 2547 990 2547 989 2547 988 2548 991 2548 992 2548 978 2549 993 2549 994 2549 969 2524 971 2526 990 2550 976 2551 978 2552 995 2553 980 2543 979 2554 988 2541 988 2555 996 2555 991 2555 970 2556 985 2556 983 2556 973 2557 986 2558 976 2559 969 2542 988 2541 970 2560 972 2561 969 2561 973 2561 983 2562 982 2563 997 2564 989 2565 977 2565 986 2565 977 2566 998 2567 986 2568 996 2569 984 2535 980 2570 980 2570 984 2535 971 2534 971 2571 970 2572 979 2573 981 2574 987 2574 982 2574 995 2575 977 2576 994 2577 994 2577 993 2578 995 2575 993 2578 989 2579 976 2580 976 2580 995 2575 993 2578 987 2581 981 2581 977 2581 976 2529 987 2582 977 2530 985 2583 998 2583 981 2583 981 2584 978 2552 994 2585 986 2538 998 2586 987 2539 977 2587 989 2588 993 2589 978 2552 981 2584 998 2567 978 2590 977 2587 993 2589 978 2552 998 2567 995 2553 998 2567 977 2566 995 2553 983 2591 997 2591 988 2591 981 2592 994 2577 977 2576 969 2593 991 2594 980 2595 979 2573 970 2572 992 2596 996 2597 979 2597 992 2597 983 2598 992 2596 970 2572 992 2599 984 2599 996 2599 986 2558 973 2557 989 2600 974 2544 973 2601 976 2545 972 2602 974 2603 989 2604 990 2605 971 2605 975 2605 990 2606 975 2607 972 2602 972 2602 989 2604 990 2606 973 2608 969 2608 990 2608 991 2609 969 2610 984 2611 975 2612 984 2612 969 2612 984 2611 992 2613 991 2609 992 2614 983 2614 988 2614 998 2615 985 2616 987 2617 982 2563 987 2617 985 2616 997 2564 982 2563 985 2616 970 2618 988 2618 997 2618 997 2564 985 2616 970 2619 991 2594 996 2620 980 2595 988 2621 979 2621 996 2621</p>
        </triangles>
        <triangles material="scout_b8bab5" count="2650">
          <input semantic="VERTEX" source="#vertices" offset="0" />
          <input semantic="NORMAL" source="#normals" offset="1" />
          <p>24 72 25 72 26 72 27 73 28 74 29 75 30 76 31 77 32 78 33 79 34 80 35 81 36 82 37 82 38 82 39 83 40 83 41 83 26 84 33 84 42 84 43 85 44 86 40 87 33 79 25 88 45 89 29 90 46 91 47 92 48 93 36 94 38 95 46 96 28 97 49 98 50 99 49 98 32 100 51 101 47 102 52 103 53 104 54 104 55 104 41 105 40 87 44 86 56 106 57 107 58 108 42 109 24 110 59 111 32 112 43 113 29 114 60 115 61 116 59 117 62 118 63 118 64 118 35 119 34 119 53 119 64 120 65 120 66 120 66 121 67 121 62 121 42 122 68 122 24 122 55 123 59 124 69 125 38 126 70 126 71 126 52 127 31 127 50 127 72 128 57 129 73 130 50 131 30 131 49 131 49 132 74 132 52 132 43 133 65 134 39 135 24 136 68 136 25 136 27 73 32 137 28 74 28 138 61 139 29 140 28 138 69 141 61 139 69 141 59 142 61 139 75 143 32 78 31 77 32 78 47 92 30 76 76 144 60 145 54 146 54 146 60 145 35 81 60 145 59 147 68 148 59 147 45 89 68 148 45 89 25 88 68 148 45 89 76 144 34 80 34 80 76 144 54 146 60 145 68 148 35 81 68 148 33 79 35 81 39 149 41 150 64 151 39 149 64 151 66 152 66 152 62 153 27 154 27 155 29 156 39 157 39 157 29 156 44 158 29 159 77 159 44 159 77 160 41 150 44 161 39 149 66 152 27 154 77 162 29 162 43 162 77 163 43 164 40 165 34 80 33 79 45 89 78 166 47 92 79 167 29 90 61 168 80 169 80 169 57 170 46 91 29 90 80 169 46 91 71 171 75 172 55 173 55 173 69 174 48 175 73 176 48 175 69 174 38 177 71 171 55 173 38 177 55 173 48 175 59 124 55 123 35 178 55 179 76 180 53 181 76 180 45 182 26 183 24 110 26 183 45 182 76 180 26 183 53 181 53 181 26 183 42 109 42 109 35 184 53 181 49 98 47 102 46 96 36 94 48 93 72 185 36 94 72 185 51 101 36 94 51 101 81 186 69 174 28 97 56 187 69 174 56 187 73 176 56 187 58 188 73 176 72 185 73 176 58 188 72 185 58 188 51 101 36 94 81 186 71 171 81 186 78 189 71 171 78 189 51 101 52 103 78 189 52 103 71 171 71 171 52 103 75 172 52 103 50 99 75 172 32 100 75 172 50 99 80 190 56 187 28 97 28 97 46 96 79 191 28 97 79 191 80 190 80 190 79 191 58 188 79 191 47 102 51 101 58 188 79 191 51 101 47 102 49 98 52 103 53 192 34 192 54 192 59 111 35 184 42 109 45 182 59 111 24 110 73 193 57 193 48 193 32 112 27 194 43 113 77 160 82 195 62 153 82 195 27 154 62 153 64 151 77 160 62 153 64 151 41 150 77 160 80 169 61 168 56 106 61 168 57 107 56 106 57 129 75 143 81 196 79 167 46 91 57 170 78 166 79 167 57 170 78 197 57 197 51 197 81 196 51 198 57 129 81 196 75 143 78 166 78 166 75 143 74 199 74 199 30 76 47 92 47 92 78 166 74 199 75 143 31 77 74 199 55 200 75 143 70 201 57 129 37 202 36 203 75 143 57 129 36 203 70 201 75 143 36 203 48 204 57 107 61 168 48 204 61 168 37 202 37 202 57 129 72 128 37 202 72 128 48 204 37 202 61 168 55 200 55 200 70 201 37 202 60 115 55 205 61 116 32 78 29 90 47 92 64 206 63 206 65 206 26 207 25 207 33 207 55 208 54 208 35 208 66 209 65 209 67 209 62 210 67 210 63 210 76 211 55 211 60 211 71 171 70 212 36 94 38 213 37 213 70 213 28 97 32 100 49 98 42 214 33 214 68 214 58 188 57 215 80 190 50 216 31 216 30 216 52 217 74 217 31 217 49 218 30 218 74 218 43 133 27 219 65 134 27 219 82 220 67 221 82 220 77 163 63 222 67 221 65 134 27 219 77 163 40 165 65 134 63 222 67 221 82 220 77 163 65 134 63 222 40 165 39 135 65 134 39 135 44 223 43 133 83 224 84 225 85 226 86 227 87 228 88 229 89 230 90 231 91 232 87 228 92 233 88 229 93 234 94 235 83 236 84 237 95 238 96 239 95 240 87 241 96 242 85 243 97 244 93 245 98 246 84 237 96 239 90 247 92 248 94 249 90 231 94 250 91 232 86 251 97 252 98 253 86 227 96 239 87 228 89 254 88 255 90 256 98 257 85 243 84 258 93 245 83 259 85 243 99 260 91 232 93 234 97 252 89 230 99 260 83 224 95 261 84 225 92 262 95 263 94 264 83 265 94 264 95 263 93 234 91 232 94 235 95 240 92 266 87 241 99 260 89 230 91 232 90 247 88 267 92 248 86 251 89 230 97 252 86 227 98 246 96 239 89 254 86 268 88 255 98 257 97 244 85 243 93 245 97 244 99 269 132 366 133 367 134 368 135 369 134 370 136 371 137 372 138 373 139 374 140 375 141 376 136 377 138 373 142 378 139 374 133 379 142 380 143 381 141 382 132 383 135 369 144 384 145 385 146 386 146 386 147 387 144 384 147 388 140 375 144 389 133 367 143 390 134 368 137 391 141 382 147 392 148 393 144 394 140 395 136 377 148 396 140 375 145 397 138 398 146 399 136 371 143 400 148 401 137 372 146 386 138 373 132 366 139 402 133 367 133 379 139 403 142 380 136 377 141 376 135 269 135 369 132 383 134 370 147 388 141 376 140 375 137 391 132 383 141 382 132 366 137 404 139 402 148 393 145 405 144 394 145 397 142 406 138 398 136 371 134 370 143 400 137 372 147 387 146 386 142 407 145 408 148 409 148 409 143 410 142 407 165 457 166 457 167 457 167 457 168 457 169 457 169 457 170 457 171 457 171 457 172 457 173 457 173 457 174 457 175 457 175 457 176 457 177 457 177 457 178 457 179 457 179 457 180 457 181 457 181 457 182 457 183 457 183 457 184 457 185 457 185 457 186 457 187 457 187 457 188 457 165 457 165 457 167 457 169 457 169 457 171 457 173 457 173 457 175 457 177 457 177 457 179 457 181 457 181 457 183 457 185 457 185 457 187 457 165 457 165 457 169 457 173 457 173 457 177 457 181 457 181 457 185 457 165 457 173 457 181 457 165 457 165 458 188 459 189 460 165 458 189 460 190 458 188 459 187 461 191 462 188 459 191 462 189 460 187 461 186 463 192 464 187 461 192 464 191 462 186 463 185 465 193 466 186 463 193 466 192 464 185 465 184 467 194 468 185 465 194 468 193 466 184 467 183 469 195 470 184 467 195 470 194 468 183 469 182 471 196 472 183 469 196 472 195 470 182 471 181 473 197 474 182 471 197 474 196 472 181 473 180 475 198 475 181 473 198 475 197 474 180 475 179 476 199 477 180 475 199 477 198 475 179 476 178 478 200 479 179 476 200 479 199 477 178 478 177 480 201 480 178 478 201 480 200 479 177 480 176 481 202 482 177 480 202 482 201 480 176 481 175 483 203 483 176 481 203 483 202 482 175 483 174 484 204 484 175 483 204 484 203 483 174 484 173 485 205 486 174 484 205 486 204 484 173 485 172 487 206 488 173 485 206 488 205 486 172 487 171 489 207 489 172 487 207 489 206 488 171 489 170 490 208 491 171 489 208 491 207 489 170 490 169 492 209 493 170 490 209 493 208 491 169 492 168 494 210 495 169 492 210 495 209 493 168 494 167 496 211 497 168 494 211 497 210 495 167 496 166 498 212 499 167 496 212 499 211 497 166 498 165 458 190 458 166 498 190 458 212 499 190 500 189 501 213 502 190 500 213 502 214 503 189 501 191 504 215 505 189 501 215 505 213 502 191 504 192 506 216 507 191 504 216 507 215 505 192 506 193 508 217 509 192 506 217 509 216 507 193 508 194 510 218 511 193 508 218 511 217 509 194 510 195 512 219 513 194 510 219 513 218 511 195 512 196 514 220 515 195 512 220 515 219 513 196 514 197 516 221 517 196 514 221 517 220 515 197 516 198 518 222 519 197 516 222 519 221 517 198 518 199 520 223 521 198 518 223 521 222 519 199 520 200 522 224 523 199 520 224 523 223 521 200 522 201 524 225 525 200 522 225 525 224 523 201 524 202 526 226 527 201 524 226 527 225 525 202 526 203 528 227 529 202 526 227 529 226 527 203 528 204 530 228 531 203 528 228 531 227 529 204 530 205 532 229 533 204 530 229 533 228 531 205 532 206 534 230 535 205 532 230 535 229 533 206 534 207 536 231 537 206 534 231 537 230 535 207 536 208 538 232 539 207 536 232 539 231 537 208 538 209 540 233 541 208 538 233 541 232 539 209 540 210 542 234 543 209 540 234 543 233 541 210 542 211 544 235 545 210 542 235 545 234 543 211 544 212 546 236 547 211 544 236 547 235 545 212 546 190 500 214 503 212 546 214 503 236 547 214 503 213 502 237 548 214 503 237 548 238 549 213 502 215 505 239 550 213 502 239 550 237 548 215 505 216 507 240 551 215 505 240 551 239 550 216 507 217 509 241 552 216 507 241 552 240 551 217 509 218 511 242 553 217 509 242 553 241 552 218 511 219 513 243 554 218 511 243 554 242 553 219 513 220 515 244 555 219 513 244 555 243 554 220 515 221 517 245 556 220 515 245 556 244 555 221 517 222 519 246 557 221 517 246 557 245 556 222 519 223 521 247 558 222 519 247 558 246 557 223 521 224 523 248 559 223 521 248 559 247 558 224 523 225 525 249 560 224 523 249 560 248 559 225 525 226 527 250 561 225 525 250 561 249 560 226 527 227 529 251 562 226 527 251 562 250 561 227 529 228 531 252 563 227 529 252 563 251 562 228 531 229 533 253 564 228 531 253 564 252 563 229 533 230 535 254 565 229 533 254 565 253 564 230 535 231 537 255 566 230 535 255 566 254 565 231 537 232 539 256 567 231 537 256 567 255 566 232 539 233 541 257 568 232 539 257 568 256 567 233 541 234 543 258 569 233 541 258 569 257 568 234 543 235 545 259 570 234 543 259 570 258 569 235 545 236 547 260 571 235 545 260 571 259 570 236 547 214 503 238 549 236 547 238 549 260 571 286 614 285 615 309 616 286 614 309 616 310 617 285 615 287 618 311 619 285 615 311 619 309 616 287 618 288 620 312 621 287 618 312 621 311 619 288 620 289 622 313 623 288 620 313 623 312 621 289 622 290 624 314 625 289 622 314 625 313 623 290 624 291 626 315 627 290 624 315 627 314 625 291 626 292 628 316 629 291 626 316 629 315 627 292 628 293 630 317 631 292 628 317 631 316 629 293 630 294 632 318 633 293 630 318 633 317 631 294 632 295 634 319 635 294 632 319 635 318 633 295 634 296 636 320 636 295 634 320 636 319 635 296 636 297 637 321 638 296 636 321 638 320 636 297 637 298 639 322 640 297 637 322 640 321 638 298 639 299 641 323 642 298 639 323 642 322 640 299 641 300 643 324 644 299 641 324 644 323 642 300 643 301 645 325 646 300 643 325 646 324 644 301 645 302 647 326 648 301 645 326 648 325 646 302 647 303 649 327 650 302 647 327 650 326 648 303 649 304 651 328 652 303 649 328 652 327 650 304 651 305 653 329 654 304 651 329 654 328 652 305 653 306 655 330 655 305 653 330 655 329 654 306 655 307 656 331 657 306 655 331 657 330 655 307 656 308 658 332 659 307 656 332 659 331 657 308 658 286 614 310 617 308 658 310 617 332 659 332 660 310 660 309 660 309 660 311 660 312 660 312 660 313 660 314 660 314 660 315 660 316 660 316 660 317 660 318 660 318 660 319 660 320 660 320 660 321 660 322 660 322 660 323 660 324 660 324 660 325 660 326 660 326 660 327 660 328 660 328 660 329 660 330 660 330 660 331 660 332 660 332 660 309 660 312 660 312 660 314 660 316 660 316 660 318 660 320 660 320 660 322 660 324 660 324 660 326 660 328 660 328 660 330 660 332 660 332 660 312 660 316 660 316 660 320 660 324 660 324 660 328 660 332 660 316 660 324 660 332 660 333 661 334 662 335 663 336 664 337 665 338 666 339 667 338 666 340 668 341 669 335 663 342 670 343 671 340 668 334 662 344 672 334 673 338 674 345 675 346 676 344 677 347 678 336 679 343 680 345 681 344 682 348 683 349 684 348 683 337 665 341 669 333 661 335 663 333 661 343 671 334 662 347 685 341 669 342 670 349 684 345 681 348 683 342 670 346 676 347 685 339 667 336 664 338 666 336 664 349 684 337 665 348 686 344 672 337 687 335 688 334 673 342 689 338 674 337 687 344 672 344 672 346 690 342 689 334 673 340 691 338 674 344 672 342 689 334 673 345 675 347 685 346 676 333 692 341 693 347 678 345 694 349 693 336 679 336 679 339 693 343 680 343 680 333 692 347 678 347 678 345 694 336 679 343 671 339 667 340 668 366 743 367 744 368 745 369 746 370 747 371 748 370 749 366 750 372 751 373 752 374 753 375 754 374 755 376 756 377 757 372 758 376 759 374 760 371 761 372 762 373 763 375 764 377 765 369 766 378 767 373 752 375 754 377 768 367 769 370 770 379 771 380 772 378 773 381 774 375 774 382 774 380 775 371 761 373 763 379 776 382 776 371 776 376 777 366 743 368 745 369 746 377 778 370 747 377 757 376 756 368 779 378 767 380 780 373 752 370 749 367 781 366 750 373 752 372 782 374 753 382 783 369 784 371 785 380 775 379 786 371 761 372 758 366 787 376 759 369 784 382 783 375 788 371 761 370 789 372 762 375 764 374 790 377 765 381 791 378 791 375 791 377 768 368 792 367 769 381 793 379 771 378 773 379 794 381 794 382 794 383 795 384 796 385 797 386 798 387 799 388 800 389 801 390 801 391 801 384 802 391 802 392 802 393 803 391 803 384 803 394 804 389 805 393 806 392 807 390 808 394 809 385 810 392 811 386 812 388 813 393 814 383 815 395 816 386 798 388 800 396 817 397 818 395 819 398 820 388 820 399 820 397 821 385 810 386 812 396 822 399 823 385 824 396 822 398 825 399 823 395 816 397 826 386 798 399 827 383 828 385 829 394 830 393 801 387 830 387 830 392 830 394 830 393 831 389 831 391 831 394 804 390 832 389 805 392 807 391 833 390 808 383 828 399 827 388 788 385 797 384 796 392 834 383 835 393 835 384 835 388 813 387 836 393 814 398 837 395 837 388 837 386 812 392 811 387 838 398 839 396 817 395 819 397 821 396 840 385 810 400 841 401 842 402 843 403 844 404 845 405 846 406 847 400 848 407 849 401 850 403 851 405 830 408 852 409 852 403 852 410 853 407 854 411 855 412 856 413 857 408 858 407 854 405 859 411 855 402 860 401 861 407 862 405 863 404 864 412 865 409 866 413 866 404 866 411 867 412 868 414 869 415 870 416 871 406 872 415 873 411 873 400 873 414 874 408 875 400 876 416 877 415 877 400 877 400 841 408 878 401 842 412 865 404 864 413 879 406 847 416 880 400 848 407 881 400 881 402 881 401 850 408 882 403 851 403 844 409 883 404 845 414 884 400 884 411 884 407 862 401 861 405 885 410 886 406 886 407 886 411 867 405 887 412 868 410 888 415 870 406 872 408 858 413 857 409 889 414 874 412 890 408 875 415 891 410 891 411 891 417 892 418 892 419 892 420 893 421 894 422 895 423 896 424 896 420 896 419 897 425 898 426 899 427 900 428 901 429 902 428 903 422 904 430 905 430 906 431 907 424 908 422 904 417 909 430 905 427 910 420 893 422 895 426 911 432 912 421 913 421 914 432 914 417 914 429 915 430 906 424 908 424 916 431 916 433 916 433 917 421 918 420 919 431 920 417 921 419 922 417 923 432 923 418 923 419 897 418 924 425 898 423 925 427 900 429 902 433 926 420 926 424 926 430 906 417 927 431 907 422 904 421 928 417 909 431 920 419 922 426 830 428 903 427 929 422 904 433 930 431 930 426 930 432 931 425 931 418 931 426 911 425 932 432 912 433 917 426 933 421 918 429 915 428 934 430 906 427 935 423 935 420 935 423 936 429 936 424 936 434 937 435 938 436 939 437 940 436 941 435 942 438 943 435 944 439 945 440 946 438 947 441 948 440 949 434 950 436 951 441 952 439 953 434 954 434 937 439 955 435 938 437 940 440 956 436 941 438 943 437 957 435 944 440 946 437 958 438 947 440 949 441 959 434 950 441 952 438 960 439 953 442 961 443 961 444 961 445 962 446 962 447 962 448 963 449 964 450 965 451 966 452 966 453 966 454 967 455 968 456 969 450 970 449 971 457 972 458 973 459 973 460 973 461 974 462 974 463 974 464 975 465 975 466 975 467 976 468 977 469 978 470 979 456 980 455 981 471 982 455 983 472 984 459 985 473 986 474 987 454 988 456 989 475 990 466 991 476 991 464 991 451 992 447 992 452 992 477 993 478 994 451 995 477 993 451 995 453 996 479 997 465 998 480 999 451 1000 445 1000 447 1000 481 1001 462 1002 482 1003 471 1004 454 988 475 990 454 967 472 1005 455 968 460 1006 459 1006 474 1006 465 1007 460 1007 474 1007 461 1008 449 1008 462 1008 442 1009 444 1009 483 1009 464 1010 480 999 465 998 461 1011 481 1001 449 1012 463 1013 462 1014 481 1015 453 1016 452 1016 446 1016 443 1017 442 1018 469 978 442 1018 464 1019 467 976 464 1019 476 1020 467 976 469 978 442 1018 467 976 466 1021 465 1022 458 1023 466 1021 458 1023 473 1024 458 1023 460 1025 473 1024 460 1025 465 998 479 997 479 997 473 1024 460 1025 466 1021 473 1024 482 1026 444 1027 466 1021 457 972 466 1021 482 1026 450 970 483 1028 444 1027 472 1029 466 1021 450 970 457 972 482 1026 484 1030 463 1013 463 1013 484 1030 461 1031 484 1030 448 1032 461 1031 471 1033 472 1029 485 1034 472 1029 444 1027 485 1034 454 1035 471 1033 470 1036 482 1026 463 1013 450 970 463 1013 481 1015 450 970 481 1015 461 1031 448 1032 448 1032 450 970 481 1015 444 1027 457 972 478 994 457 972 477 993 453 996 457 972 453 996 445 1037 470 1036 483 1028 472 1029 470 1036 472 1029 454 1035 485 1034 470 1036 471 1033 451 995 478 994 445 1037 445 1037 478 994 457 972 478 994 485 1034 444 1027 484 1038 482 1003 462 1002 484 1038 462 1002 449 964 448 963 484 1038 449 964 477 1039 457 1040 446 1041 477 1039 446 1041 452 1042 478 1043 477 1039 447 1044 447 1044 477 1039 452 1042 442 1045 446 1041 457 1040 464 1046 442 1045 457 1040 480 1047 464 1046 458 1048 464 1046 457 1040 482 1003 479 1049 480 1047 474 987 473 986 479 1049 474 987 480 1047 458 1048 474 987 481 1001 457 1040 449 1012 457 1040 481 1001 482 1003 482 1003 473 986 459 985 482 1003 459 985 458 1048 482 1003 458 1048 464 1046 470 979 475 1050 456 980 483 1051 470 979 455 981 447 1044 446 1041 478 1043 446 1041 442 1045 478 1043 442 1045 483 1051 455 981 485 1052 478 1043 442 1045 442 1045 455 981 485 1052 485 1052 455 981 475 1050 470 979 485 1052 475 1050 471 982 475 1053 455 983 476 1054 466 1055 467 1056 466 1055 444 1057 468 1058 444 1057 443 1059 469 1060 444 1057 469 1060 468 1058 467 1056 466 1055 468 1058 465 1022 474 1061 458 1023 445 1062 453 1062 446 1062 486 1063 487 1063 488 1063 489 1064 490 1064 491 1064 487 1065 492 1065 488 1065 493 1066 494 1066 495 1066 496 1067 497 1068 498 1069 499 1070 500 1071 501 1072 502 1073 503 1073 504 1073 505 1074 489 1075 506 1076 507 1077 508 1077 509 1077 510 1078 511 1079 512 1080 513 1081 514 1081 500 1081 515 1082 516 1083 517 1084 518 1085 519 1085 520 1085 521 1086 520 1086 522 1086 523 1087 524 1088 525 1089 526 1090 527 1091 501 1092 528 1093 529 1093 530 1093 531 1094 521 1095 532 1096 533 1097 534 1098 535 1099 536 1100 505 1100 490 1100 537 1101 538 1101 487 1101 488 1102 510 1102 537 1102 539 1103 540 1104 541 1105 542 1106 543 1107 544 1108 545 1109 546 1110 547 1111 486 1112 488 1112 511 1112 548 1113 501 1114 514 1115 549 1116 550 1116 551 1116 552 1117 553 1118 554 1119 501 1120 555 1121 514 1122 556 1123 557 1124 558 1125 503 1126 502 1126 559 1126 560 1127 547 1128 561 1129 493 1130 562 1131 563 1132 564 1133 565 1133 566 1133 567 1134 568 1135 551 1136 569 1137 570 1138 571 1139 572 1140 573 1140 574 1140 575 1141 576 1142 577 1143 578 1144 579 1145 580 1146 581 1147 579 1148 582 1149 583 1150 584 1150 585 1150 586 1151 567 1151 551 1151 587 1152 588 1153 589 1154 590 1155 591 1156 592 1157 588 1158 593 1158 594 1158 595 1159 596 1159 516 1159 597 1160 580 1161 598 1162 599 1163 600 1163 601 1163 591 1164 602 1165 592 1166 603 1167 604 1167 605 1167 606 1168 607 1169 576 1142 506 1170 608 1170 491 1170 609 1171 610 1171 611 1171 612 1172 613 1172 609 1172 614 1173 615 1173 616 1173 617 1174 618 1174 619 1174 620 1175 621 1176 622 1177 589 1178 623 1178 624 1178 625 1179 626 1179 627 1179 628 1180 629 1181 630 1182 631 1183 600 1184 632 1185 633 1186 634 1187 635 1188 635 1189 636 1189 637 1189 638 1190 639 1191 640 1192 638 1193 641 1194 642 1195 643 1196 528 1196 644 1196 645 1197 646 1197 647 1197 525 1198 648 1198 649 1198 557 1199 650 1199 558 1199 651 1200 517 1201 652 1202 525 1203 524 1203 653 1203 654 1204 655 1205 656 1206 596 1207 515 1207 517 1207 657 1208 494 1209 493 1210 658 1211 659 1212 660 1213 491 1214 608 1214 505 1214 661 1215 662 1215 663 1215 518 1216 664 1216 665 1216 666 1217 667 1218 668 1219 669 1220 670 1221 587 1222 587 1152 671 1223 672 1224 640 1225 673 1226 674 1227 541 1228 675 1229 561 1230 676 1231 539 1231 677 1231 540 1104 676 1232 541 1105 675 1233 676 1233 547 1233 678 1234 679 1234 680 1234 669 1235 587 1236 547 1237 561 1238 675 1239 540 1240 545 1109 587 1241 681 1242 682 1243 553 1243 683 1243 684 1244 685 1245 686 1246 687 1247 680 1248 667 1249 588 1250 688 1251 689 1252 690 1253 691 1254 692 1255 628 1256 693 1256 694 1256 620 1257 695 1257 696 1257 697 1258 491 1258 505 1258 652 1202 698 1259 608 1260 699 1261 683 1261 552 1261 500 1262 514 1262 526 1262 700 1263 701 1263 621 1263 570 1264 702 1265 703 1266 680 1267 704 1267 705 1267 539 1268 706 1268 560 1268 707 1269 660 1270 708 1271 709 1272 710 1272 711 1272 636 1273 590 1274 602 1275 636 1276 592 1276 712 1276 576 1277 586 1277 568 1277 713 1278 714 1279 574 1280 611 1281 610 1281 612 1281 622 1282 632 1282 599 1282 605 1283 529 1283 715 1283 594 1284 624 1284 623 1284 716 1285 717 1286 718 1287 719 1288 707 1289 605 1290 707 1291 720 1292 605 1293 563 1294 721 1294 493 1294 616 1295 722 1295 656 1295 723 1296 603 1296 629 1296 724 1297 725 1298 726 1299 715 1300 604 1301 603 1302 727 1303 695 1304 728 1305 729 1306 695 1307 727 1308 730 1309 580 1309 581 1309 731 1310 632 1310 601 1310 620 1311 732 1312 733 1313 622 1314 734 1315 735 1316 732 1312 620 1311 736 1317 674 1318 639 1319 638 1320 737 1321 738 1321 583 1321 739 1322 740 1323 741 1324 742 1325 743 1326 535 1327 744 1328 745 1329 717 1330 746 1331 739 1331 509 1331 655 1332 585 1333 533 1334 705 1335 666 1336 678 1337 509 1338 588 1338 507 1338 741 1339 747 1339 746 1339 748 1340 588 1341 749 1342 693 1343 749 1342 741 1344 653 1345 750 1346 523 1347 751 1348 752 1349 753 1350 753 1351 754 1351 643 1351 643 1352 755 1352 751 1352 756 1353 757 1353 572 1353 679 1354 758 1355 709 1356 528 1357 759 1358 760 1359 761 1360 648 1361 525 1362 762 1363 641 1364 763 1365 649 1366 703 1366 761 1366 764 1367 765 1368 766 1369 767 1370 768 1370 713 1370 769 1371 525 1372 770 1373 771 1374 772 1375 773 1376 774 1377 531 1094 654 1378 775 1379 663 1380 776 1381 777 1382 615 1383 558 1384 497 1385 778 1385 543 1385 574 1386 573 1386 756 1386 555 1387 550 1388 661 1389 488 1390 492 1390 510 1390 668 1391 679 1391 666 1391 668 1392 687 1393 679 1394 704 1395 679 1395 687 1395 547 1396 546 1396 681 1396 697 1397 536 693 779 1398 536 693 489 693 779 1398 489 1399 697 1397 608 1400 516 1401 780 1401 595 1401 489 1402 536 1402 490 1402 781 1403 502 1404 504 1405 505 1074 779 1406 489 1075 499 1407 513 1407 500 1407 704 1408 687 1247 667 1249 641 1194 782 1409 642 1195 642 1195 782 1409 783 1410 703 1411 784 1412 639 1413 782 1409 703 1411 639 1413 785 1414 784 1412 703 1411 782 1409 639 1413 783 1410 783 1410 639 1413 641 1415 639 1413 673 1416 641 1415 766 1369 786 1417 641 1418 641 1415 673 1416 787 1419 787 1419 766 1420 641 1415 788 1421 764 1367 673 1416 764 1367 787 1419 673 1416 788 1421 673 1416 789 1422 788 1421 789 1422 790 1423 788 1424 790 1424 791 1424 788 1421 791 1425 559 1426 788 1421 559 1426 658 1427 764 1367 788 1421 658 1427 765 1368 764 1367 658 1427 559 1426 502 1404 708 1271 792 1428 658 1427 660 1270 768 1429 659 1430 792 1431 660 1270 768 1432 792 1428 658 1427 559 1426 708 1271 716 1433 708 1271 502 1404 793 1434 716 1433 794 1435 794 1435 716 1433 502 1404 515 1436 780 1437 516 1438 638 1439 789 1440 674 1441 789 1440 791 1442 674 1441 795 1443 640 1444 791 1442 640 1444 674 1441 791 1442 791 1445 790 1446 795 1447 518 1448 796 1448 519 1448 731 1449 622 1450 631 1451 622 1452 655 1453 631 1183 588 1454 553 1455 797 1456 797 1456 589 1457 588 1454 521 1458 518 1458 520 1458 670 1459 677 1460 672 1461 544 1462 622 1463 496 1464 487 1465 538 1465 492 1465 798 1466 775 1467 776 1468 716 1433 530 1469 529 1470 530 1471 799 1471 528 1471 663 1472 662 1473 555 1474 588 1475 623 1475 593 1475 666 1476 704 1476 667 1476 756 1477 573 1477 757 1477 535 1099 655 1478 533 1097 718 1479 793 1479 794 1479 751 1480 755 1480 752 1480 763 1481 641 1482 800 1483 547 1484 541 1105 561 1485 540 1240 675 1239 706 1486 677 1487 539 1103 541 1105 541 1105 547 1484 677 1487 539 1103 561 693 540 1104 663 1488 710 1489 692 1490 548 1491 499 1070 501 1072 543 1107 721 1492 544 1108 498 1493 497 1494 543 1495 690 1253 498 1493 543 1495 543 1495 691 1254 690 1253 587 1241 545 1109 547 1111 681 1242 672 1496 677 1497 547 1498 681 1498 677 1498 684 1499 682 1499 683 1499 589 1500 554 1501 689 1502 797 1503 699 1504 554 1501 801 1505 554 1501 699 1504 593 1506 589 1506 689 1506 689 1507 801 1505 699 1504 689 1508 699 1508 593 1508 686 1509 685 1510 683 1511 686 1512 683 1513 802 1514 602 1515 803 1516 804 1517 798 1518 805 1519 602 1520 804 1521 590 1522 798 1523 602 1524 804 1524 798 1524 803 1516 602 1515 590 1525 798 1523 590 1522 663 1488 775 1467 798 1466 568 1526 592 1166 602 1165 712 1527 602 1165 806 1528 807 1529 806 1528 635 1530 637 1531 806 1528 637 1531 807 1529 557 1124 807 1529 637 1531 637 1531 633 1532 557 1124 807 1529 808 1533 712 1527 807 1529 712 1527 602 1165 592 1534 647 1535 809 1536 590 1537 592 1534 809 1536 590 1538 758 1355 679 1354 798 1523 663 1488 568 1135 590 1522 679 1539 663 1488 679 1539 710 1489 663 1488 596 1540 602 1520 805 1519 596 1540 805 1519 568 1541 805 1519 775 1542 568 1541 810 1543 811 1544 812 1545 810 1543 812 1545 586 1546 812 1545 577 1547 586 1546 810 1543 551 1548 662 1549 550 1550 810 1543 662 1549 586 1546 577 1547 568 1541 663 1488 551 1136 568 1135 551 1551 550 1388 555 1387 586 1546 551 1548 810 1543 662 1552 551 1552 555 1552 568 1541 577 1547 596 1540 698 1553 517 1084 813 1554 698 1555 623 1556 651 1557 663 1488 549 1558 551 1136 549 1559 593 1560 550 1561 733 1562 727 1563 622 1564 554 1119 801 1565 552 1117 501 1120 527 1566 555 1121 541 1228 676 1567 675 1229 730 1568 581 1569 598 1570 814 1571 597 1572 670 1221 670 1221 815 1573 816 1574 598 1575 814 1571 816 1574 814 1571 670 1221 816 1574 730 1568 598 1570 606 1576 815 1573 817 1577 816 1574 730 1568 606 1576 576 1578 582 1579 730 1580 576 1581 817 1577 818 1582 816 1574 558 1125 625 1583 808 1533 558 1125 808 1533 556 1123 816 1584 606 1576 598 1570 627 1585 819 1586 647 1535 819 1586 820 1587 647 1535 647 1535 592 1534 821 1588 647 1535 821 1588 625 1583 625 1583 627 1585 647 1535 625 1583 821 1588 712 1527 625 1583 712 1527 808 1533 818 1582 822 1589 557 1124 806 1590 818 1582 633 1532 818 1582 557 1124 633 1532 806 1591 633 1591 635 1591 556 1123 807 1529 557 1124 667 1592 680 1593 705 1594 680 1595 668 1595 678 1595 668 1219 667 1218 678 1596 678 830 667 1592 705 1594 493 1130 778 1597 562 1131 567 1134 576 1598 568 1135 647 1535 646 1599 809 1536 823 1600 824 1601 825 1602 824 1601 826 1603 825 1602 827 1604 828 1605 829 1606 561 1607 539 1607 560 1607 763 1608 782 1608 828 1608 572 1609 782 1609 573 1609 514 1610 555 1610 526 1610 830 1611 679 1612 809 1613 709 1614 692 1615 831 1616 679 1612 709 1614 809 1613 831 1616 809 1613 709 1614 589 1617 651 1200 652 1202 589 1617 652 1202 780 1618 671 1619 589 1617 780 1618 610 1620 671 1620 780 1620 610 1621 780 1621 832 1621 613 1622 610 1623 832 1624 608 1260 813 1625 780 1618 652 1202 608 1260 780 1618 813 1625 567 1626 595 1627 813 1625 595 1627 780 1618 780 1437 515 1436 580 1161 613 1628 672 1628 671 1628 582 1149 579 1148 607 1629 607 1169 579 1145 576 1142 607 1169 606 1168 580 1630 607 1631 580 1631 582 1631 576 1142 579 1145 833 1632 613 1622 832 1624 611 1633 804 1634 806 1635 776 1381 806 1635 576 1636 805 1637 776 1381 806 1635 805 1637 663 1380 830 1611 776 1381 830 1611 804 1634 776 1381 672 1638 613 1622 611 1633 672 1639 611 1640 580 1161 833 1632 579 1145 578 1144 576 1142 833 1632 515 1641 576 1142 515 1641 577 1143 775 1379 805 1637 576 1636 663 1380 775 1379 576 1636 576 1636 567 1626 663 1380 812 1642 811 1643 567 1626 812 1642 567 1626 575 1141 577 1143 812 1642 575 1141 663 1472 555 1474 549 1644 555 1474 661 1645 549 1644 663 1380 567 1626 810 1646 650 1647 834 1648 807 1649 650 1647 807 1649 556 1650 650 1647 556 1650 615 1651 835 1652 650 1647 615 1651 537 1653 510 1653 538 1653 804 1634 636 1654 806 1635 815 1655 836 1656 672 1639 837 1657 636 1654 804 1634 837 1657 804 1634 803 1658 837 1659 803 1659 830 1659 837 1660 830 1611 809 1613 663 1380 692 1615 711 1661 692 1615 709 1614 711 1661 815 1655 672 1639 838 1662 815 1655 838 1662 817 1663 834 1664 817 1663 838 1662 634 1665 834 1664 818 1666 834 1664 838 1662 818 1666 634 1665 818 1666 806 1635 634 1665 806 1635 636 1654 821 1667 636 1668 591 1669 821 1667 591 1669 809 1613 591 1669 837 1660 809 1613 663 1380 711 1661 830 1611 820 1670 626 1671 646 1672 646 1672 626 1671 809 1613 711 1661 679 1612 830 1611 492 1673 820 1670 631 1183 631 1183 820 1670 646 1672 600 1184 631 1183 646 1672 692 1615 691 1674 600 1184 646 1672 831 1616 692 1615 691 1674 731 1675 600 1184 646 1672 692 1615 600 1184 802 1676 553 1677 552 1678 552 1678 683 1511 685 1510 683 1513 553 1679 802 1514 685 1510 802 1676 552 1678 597 1160 814 1680 672 1639 814 1680 580 1630 606 1168 597 1160 672 1639 580 1161 567 1626 811 1643 595 1627 811 1643 577 1143 595 1627 515 1641 595 1627 577 1143 515 1641 833 1632 839 1681 839 1682 578 1144 580 1146 515 1683 839 1683 580 1683 587 1684 644 1685 754 1686 644 1687 528 1687 755 1687 799 1688 752 1689 528 1690 644 1691 755 1691 754 1691 528 1690 752 1689 755 1692 583 1693 738 1693 584 1693 586 1694 575 1695 567 1696 609 1697 613 1697 671 1697 589 1154 671 1223 587 1152 493 1698 721 1699 657 1700 543 1701 778 1702 657 1700 778 1703 495 1703 657 1703 657 1700 721 1699 543 1701 590 1155 837 1704 591 1156 822 1705 826 1603 672 1706 672 1707 825 1708 822 1709 731 1449 631 1451 632 1710 680 1711 679 1711 704 1711 611 1640 517 1712 580 1161 517 1712 780 1437 580 1161 491 830 490 1713 506 1714 490 1713 505 1715 506 1714 777 1716 627 1716 840 1716 595 1717 515 1717 596 1717 626 1718 625 1718 615 1718 625 1583 558 1125 615 1719 629 1720 588 1721 694 1722 694 1722 588 1721 741 1723 661 1724 663 1724 810 1724 549 1725 661 1725 810 1725 593 1560 549 1559 810 1726 593 1560 810 1726 698 1727 624 1728 593 1560 698 1727 624 1728 698 1727 813 1729 589 1730 624 1731 651 1732 624 1731 813 1733 651 1732 813 1734 608 1734 651 1734 591 1669 636 1668 602 1735 821 1667 841 1736 712 1737 609 1738 671 1738 610 1738 656 1739 722 1740 614 1741 727 1563 733 1562 732 1742 733 1743 622 1744 696 1745 727 1563 732 1742 842 1746 843 1747 727 1563 842 1746 733 1743 696 1745 843 1747 842 1746 733 1743 843 1747 605 1748 844 1749 529 1750 509 1751 741 1751 588 1751 599 1752 632 1752 600 1752 816 1753 818 1666 838 1662 620 1175 700 1754 621 1176 589 1755 593 1755 623 1755 627 1756 626 1756 840 1756 600 1757 731 1757 601 1757 581 1758 580 1758 579 1758 628 1180 749 1342 588 1341 630 1182 749 1342 693 1343 628 1180 588 1341 629 1181 630 1182 693 1343 628 1180 635 1188 634 1187 636 1759 557 1760 835 1760 834 1760 643 1761 754 1761 755 1761 518 1762 521 1763 845 1764 664 1765 518 1765 845 1765 796 1766 518 1766 665 1766 796 1767 665 1767 845 1767 796 1768 845 1764 521 1763 752 1689 799 1688 587 1769 754 1770 752 1689 587 1769 711 1661 710 1771 679 1612 709 1356 758 1355 710 1772 798 1773 776 1773 805 1773 807 1649 834 1648 636 1774 615 1651 556 1650 808 1775 626 1671 615 1651 841 1736 615 1651 808 1775 841 1736 809 1613 626 1671 821 1667 808 1775 807 1649 841 1736 841 1736 821 1667 626 1671 841 1736 807 1649 636 1774 636 1774 834 1648 633 1776 834 1777 634 1187 633 1186 817 1663 834 1664 825 1602 834 1664 835 1652 825 1602 835 1652 615 1651 825 1602 836 1656 817 1663 825 1602 816 1753 838 1662 672 1639 672 1639 836 1656 825 1602 606 1168 816 1753 672 1639 814 1680 606 1168 672 1639 824 1601 672 1706 826 1603 825 1602 615 1651 823 1600 615 1651 614 1778 823 1600 777 1382 840 1779 722 1780 615 1383 777 1382 722 1780 840 1781 626 1671 819 1782 626 1671 820 1670 819 1782 840 1781 819 1782 631 1183 819 1782 492 1673 631 1183 655 1783 823 1600 614 1778 722 1784 840 1784 655 1784 840 1781 631 1183 655 1453 655 1783 614 1778 722 1785 557 1786 834 1786 650 1786 512 1080 537 1787 487 1788 537 830 511 830 488 830 512 1080 511 1079 537 1787 654 1789 796 1789 655 1789 657 1208 497 1790 494 1209 572 1791 757 1791 782 1791 493 1792 495 1792 778 1792 653 1793 524 1793 750 1793 661 1794 550 1794 662 1794 608 1400 697 1397 779 1398 622 1463 544 1462 846 1795 496 1464 498 1796 544 1462 542 1797 544 1462 498 1796 690 1798 622 1463 846 1795 846 1795 542 1797 498 1796 846 1795 498 1796 690 1798 531 1799 774 1800 655 1801 796 1802 521 1803 531 1799 655 1801 796 1802 531 1799 543 1107 542 1106 846 1804 691 1805 543 1107 846 1804 544 1806 721 1807 731 1808 846 1804 544 1806 731 1808 691 1805 846 1804 731 1808 519 1809 796 1810 522 1811 522 1811 520 1812 845 1813 520 1814 519 1814 665 1814 522 1811 845 1813 519 1809 845 1813 665 1815 519 1809 664 1816 845 1816 520 1816 532 1817 521 1818 774 1800 522 1819 656 1819 521 1819 656 1820 823 1820 521 1820 654 1378 531 1094 532 1096 532 1821 774 1377 656 1822 796 1823 654 1824 532 1821 532 1821 656 1822 522 1825 796 1823 532 1821 522 1825 823 1826 655 1801 774 1800 521 1818 823 1826 774 1800 753 1827 644 1685 587 1684 640 1225 784 1828 673 1226 492 1829 486 1830 510 1831 538 1832 486 1833 492 1834 512 1835 486 1833 538 1832 510 1836 512 1836 538 1836 687 1393 668 1392 680 1837 676 1838 706 1838 539 1838 540 1839 706 1839 676 1839 547 1128 560 1127 675 1840 560 830 706 830 675 830 678 1841 666 1841 679 1841 609 1842 832 1843 587 1222 587 1222 670 1221 609 1842 670 1844 669 1845 681 1846 669 1845 545 1847 681 1846 676 1848 669 1235 547 1237 587 1241 672 1496 681 1242 611 1849 578 1850 839 1851 611 1849 839 1851 517 1852 839 1851 833 1853 517 1852 833 1853 596 1854 517 1852 596 1540 811 1544 516 1083 622 1855 690 1855 601 1855 690 1856 710 1489 646 1857 601 1858 690 1858 646 1858 646 1857 710 1489 831 1859 710 1489 758 1860 831 1859 831 1859 758 1860 809 1536 758 1860 590 1537 809 1536 599 1861 601 1861 645 1861 601 1862 646 1862 645 1862 599 1863 645 1864 492 1865 492 1865 645 1864 820 1587 645 1864 647 1535 820 1587 622 1866 599 1863 492 1865 655 1205 622 1866 777 1867 656 1206 655 1205 616 1868 622 1866 627 1585 777 1867 616 1868 655 1205 777 1867 622 1866 492 1865 627 1585 492 1865 819 1586 627 1585 614 1869 616 1869 777 1869 656 1739 614 1741 822 1709 656 1739 822 1709 825 1708 847 1870 656 1871 826 1872 826 1603 656 1873 825 1602 670 1221 847 1870 826 1872 612 1874 609 1842 670 1221 822 1709 614 1741 558 1875 614 1741 777 1876 558 1875 588 1877 587 1222 780 1878 587 1222 832 1843 780 1878 832 1843 609 1842 611 1879 588 1880 780 1880 623 1880 558 1875 835 1881 822 1709 835 1882 557 1124 822 1589 550 1550 688 1883 698 1884 594 1885 688 1883 588 1886 698 1884 810 1543 550 1550 698 1884 688 1883 594 1885 623 1887 698 1887 594 1887 517 1888 651 1557 623 1556 780 1437 517 1712 623 1889 611 1890 612 1874 670 1221 578 1850 611 1849 581 1569 833 1853 578 1850 596 1854 516 1083 811 1544 813 1554 813 1554 517 1084 516 1083 810 1543 813 1554 811 1544 576 1891 596 1854 581 1569 582 1892 576 1891 581 1569 581 1569 596 1854 578 1850 577 1547 811 1544 596 1540 598 1570 581 1569 611 1849 597 1893 598 1893 611 1893 822 1589 818 1582 836 1894 818 1582 817 1577 836 1894 822 1895 836 1656 815 1655 826 1872 822 1896 815 1573 815 1573 670 1221 826 1872 670 1221 597 1572 611 1890 682 1897 797 1897 553 1897 797 1898 802 1899 699 1900 684 1901 699 1901 685 1901 682 1902 684 1244 686 1246 797 1903 682 1903 802 1903 686 1246 802 1904 682 1902 802 1899 685 1905 699 1900 513 1906 548 1113 514 1115 717 1286 535 1907 724 1908 535 1907 727 1303 848 1909 535 1907 848 1909 724 1908 717 1286 724 1908 726 1910 849 1911 718 1287 504 1912 504 1912 717 1286 726 1910 718 1287 717 1286 504 1912 689 1252 554 1119 588 1250 554 1119 553 1118 588 1250 688 1251 552 1117 801 1565 688 1251 801 1565 689 1252 536 1913 697 1913 505 1913 688 1914 550 1915 593 1916 692 1490 710 1489 690 1856 694 1722 741 1723 628 1917 693 1918 828 1605 694 1919 608 1920 698 1555 651 1557 732 1921 736 1922 695 1923 842 1924 732 1924 695 1924 620 1925 842 1925 695 1925 652 1926 517 1084 698 1553 664 1927 520 1927 665 1927 699 1928 684 1928 683 1928 552 1929 688 1914 593 1916 552 1929 593 1916 699 1930 501 1092 500 1931 526 1090 700 1932 696 1932 701 1932 590 1525 830 1933 803 1516 649 1934 648 1934 570 1934 703 1266 649 1935 570 1264 570 1264 784 1412 785 1414 850 1936 785 1414 703 1411 570 1264 785 1414 702 1265 850 1937 703 1266 702 1265 851 1938 852 1939 773 1940 852 1939 771 1941 773 1940 851 1938 773 1940 618 1942 773 1940 770 1373 618 1942 770 1943 853 1944 648 1945 770 1943 648 1945 523 1946 523 1946 648 1945 524 1947 703 1948 695 1307 524 1947 648 1945 703 1948 524 1947 695 1307 729 1306 565 1949 729 1306 617 1950 565 1949 565 1949 750 1951 524 1947 695 1307 565 1949 524 1947 523 1347 750 1346 618 1952 770 1953 523 1953 618 1953 617 1950 736 1922 848 1954 736 1922 534 1955 848 1954 534 1955 725 1298 724 1297 534 1955 724 1297 848 1954 848 1954 618 1956 617 1950 618 1942 854 1957 851 1938 616 1958 615 1958 722 1958 786 1959 713 1960 573 1961 573 1961 713 1960 707 1289 707 1962 713 1962 768 1962 604 1963 716 1433 844 1964 716 1433 707 1269 708 1271 768 1432 660 1270 707 1269 765 1965 659 1966 768 1967 765 1965 768 1967 714 1968 765 1368 658 1427 792 1428 736 1922 617 1950 728 1969 617 1950 729 1306 728 1969 728 1969 695 1923 736 1922 636 1273 837 1970 590 1274 636 1971 821 1588 592 1534 576 1972 575 1695 586 1694 638 1439 764 1973 789 1440 764 1973 766 1974 855 1975 766 1974 714 1279 855 1975 855 1975 714 1279 767 1976 659 1977 855 1975 767 1976 638 1190 763 1978 783 1979 790 1446 789 1440 764 1973 795 1447 790 1446 764 1973 640 1192 795 1447 856 1980 571 1139 856 1980 504 1981 856 1980 795 1447 504 1981 795 1447 764 1973 559 1982 702 1983 569 1984 761 1985 649 1986 761 1987 569 1988 853 1989 649 1986 569 1988 525 1990 649 1991 853 1992 764 1973 855 1975 792 1431 792 1431 659 1430 764 1973 659 1430 503 1993 559 1982 764 1973 659 1430 559 1982 695 1994 761 1985 525 1995 843 1996 695 1994 566 1997 566 1997 695 1994 564 1998 729 1999 843 1996 566 1997 566 2000 726 2001 728 1305 726 2001 727 1303 728 1305 523 2002 564 2002 653 2002 653 2003 564 1998 695 1994 525 1995 653 2003 695 1994 566 2000 728 1305 729 2004 569 1137 571 1139 504 1981 772 1375 771 1374 504 1981 772 1375 504 1981 852 2005 854 2006 852 2005 504 1981 559 1982 504 1981 795 1447 849 1911 504 1912 503 2007 794 2008 849 1911 503 2007 718 1287 794 2009 503 1993 828 2010 857 2011 572 2012 828 2010 572 2012 763 1365 572 2012 574 1280 763 1365 761 1985 695 1994 763 1978 702 1983 761 1985 850 2013 761 1985 763 1978 850 2013 850 2013 763 1978 785 2014 785 2014 763 1978 640 1192 574 1280 756 2015 713 1278 756 2015 719 2016 713 1278 785 2014 569 1984 702 1983 640 1192 856 1980 569 1984 785 2014 640 1192 569 1984 640 1192 763 1978 638 1190 720 2017 630 2018 827 2019 630 2018 629 2020 827 2019 605 1293 720 1292 629 2021 720 2017 827 2019 829 2022 829 1606 629 2023 720 2024 629 2021 603 2025 605 1293 715 2026 530 2027 605 2028 530 2027 716 1285 605 2028 716 1285 718 1287 605 2028 718 1287 503 1993 605 2028 503 1993 659 1430 708 2029 503 1993 708 2029 605 2028 708 2029 660 1213 605 2028 762 1363 763 1365 574 1280 719 2030 605 2030 767 2030 605 2028 660 1213 659 1212 767 2031 605 2031 659 2031 762 1363 574 1280 714 1279 800 2032 762 1363 714 1279 767 2033 713 2033 719 2033 783 2034 763 2035 642 2036 763 2037 800 2032 766 1974 642 2036 763 2035 766 2038 787 2039 764 1973 638 1439 766 2040 787 2039 638 1439 766 2040 638 1439 642 2041 714 1279 766 1974 800 2032 612 2042 610 2042 613 2042 804 1634 830 1611 590 2043 672 1461 824 2044 847 2045 672 1461 847 2045 670 1459 726 2001 566 2000 565 2046 726 2001 565 2046 617 2047 594 2048 593 2048 624 2048 823 2049 656 2049 824 2049 656 2050 847 2050 824 2050 622 2051 601 2051 632 2051 504 1981 559 1982 781 2052 605 1748 604 2053 844 1749 486 1833 512 1835 487 2054 564 2055 619 2055 618 2055 565 2056 564 2056 618 2056 720 2057 858 2057 719 2057 854 1957 618 1942 559 1426 618 1956 848 1954 725 2058 771 1941 852 1939 571 2059 852 1939 854 1957 559 1426 618 2060 725 2060 717 2060 618 1942 717 2061 781 1403 717 2061 716 1433 793 1434 773 1940 859 2062 770 1373 770 1373 859 2062 769 1371 859 2062 570 2063 769 1371 859 2062 771 1941 571 2059 570 2063 859 2062 571 2059 717 2061 793 1434 849 2064 717 2061 849 2064 781 1403 853 1944 769 1371 570 2063 570 2063 648 1945 853 1944 849 2064 794 1435 502 1404 849 2064 502 1404 781 1403 618 1942 781 1403 559 1426 571 2059 852 1939 559 1426 856 2065 571 2059 559 1426 559 1426 791 1425 856 2065 791 1425 789 1422 856 2065 789 1422 673 1416 856 2065 673 1416 784 1412 569 2066 784 1412 570 1264 569 2066 569 2066 856 2065 673 1416 707 2067 858 2067 720 2067 738 2068 737 2069 860 2070 737 2069 744 2071 860 2070 860 2072 861 2072 738 2072 861 2073 584 2073 738 2073 510 1831 486 1830 511 2074 535 2075 534 2075 727 2075 534 2076 736 2076 727 2076 694 2077 723 2077 629 2077 723 2078 715 2078 603 2078 697 2079 489 2079 491 2079 719 2016 756 2015 572 2012 572 2012 857 2011 719 2016 857 2011 630 2018 719 2016 630 2018 720 2017 719 2016 715 1300 529 2080 604 1301 629 2023 829 1606 862 2081 712 2082 841 2082 636 2082 726 2001 725 2083 848 1909 843 2084 696 2084 695 2084 862 2081 829 1606 707 1269 829 1606 828 1605 719 1288 782 1409 641 1194 762 2085 782 1409 762 2085 573 1961 694 1919 828 1605 827 1604 716 1433 529 1470 844 1964 694 1919 827 1604 862 2081 723 2086 694 1919 862 2081 723 2086 862 2081 604 1963 862 2081 707 1269 604 1963 604 1963 529 2087 723 2086 762 2085 800 1483 786 1959 716 1433 604 1963 707 1269 641 1482 786 1959 800 1483 786 2088 765 1965 714 1968 858 2089 707 1269 829 1606 786 1959 573 1961 762 2085 719 1288 858 2089 829 1606 828 1605 782 2090 719 1288 782 2090 757 2091 719 1288 573 1961 707 1289 757 2091 707 1289 719 1288 757 2091 525 2092 569 1137 859 2093 569 1137 504 1981 771 1374 569 1137 771 1374 859 2093 525 2092 859 2093 773 2094 525 2092 773 2094 564 2095 773 2096 772 2096 564 2096 772 1375 852 2005 851 2097 772 1375 851 2097 619 2098 564 2099 772 1375 619 2098 523 1087 525 1089 564 2100 619 2098 851 2097 854 2006 619 2098 854 2006 504 1981 504 1912 726 1910 617 2101 617 2102 619 2102 504 2102 848 1909 727 1303 726 2001 843 1996 729 1999 727 2103 629 2020 862 2104 827 2019 696 2105 700 2105 735 2105 734 2106 620 2106 735 2106 735 2107 620 2107 696 2107 700 2108 620 2109 734 2110 863 2111 735 2111 700 2111 700 2108 734 2110 863 2112 670 1844 681 1846 546 2113 677 2114 670 1844 546 2113 545 1847 669 1845 676 2115 546 2116 545 2116 676 2116 677 2114 546 2113 676 2117 622 2118 727 2119 736 1317 736 1317 620 1311 622 2118 637 1531 636 2120 633 1532 842 1746 620 2121 733 1743 554 1501 589 1500 797 1503 621 2122 701 2122 735 2122 701 2123 696 2124 622 1314 622 2125 621 2126 734 2127 735 2128 863 2128 621 2128 621 2126 863 2129 734 2127 735 1316 701 2123 622 1314 674 1318 673 2130 639 1319 585 2131 584 2132 737 2133 583 2134 860 2134 533 2134 533 2135 585 2131 737 2133 737 2136 583 2136 533 2136 861 2137 860 2137 583 2137 861 2138 583 2138 585 2138 861 2139 655 2140 737 2069 861 2141 737 2141 584 2141 655 2140 744 2071 737 2069 743 1326 745 1329 744 1328 743 1326 744 1328 655 2142 535 1327 717 1330 742 1325 743 1326 655 2142 535 1327 745 1329 742 1325 717 1330 751 2143 753 2143 587 2143 741 1324 509 2144 739 1322 509 2145 508 2146 746 2147 744 2148 717 2148 860 2148 725 2149 860 2149 717 2149 743 2150 742 2151 534 2152 860 2153 742 2154 745 2155 743 2150 534 2152 533 2156 860 2157 745 2158 743 2159 860 2157 743 2159 533 2160 742 2154 860 2153 725 2161 725 2162 534 2152 742 2151 655 1332 861 2163 585 1333 565 1949 618 2164 750 1951 705 1335 704 2165 666 1336 506 2166 489 2166 608 2166 741 2167 740 2167 747 2167 746 2147 508 2146 741 2168 508 2146 748 2169 741 2168 496 1067 721 2170 497 1068 562 2171 497 2172 495 2173 494 2174 562 2175 495 2176 563 2177 562 2175 494 2174 721 2170 563 2177 497 1068 494 2174 497 1068 563 2177 602 2178 596 2178 576 2178 602 1165 576 2179 806 1528 598 2180 580 2180 814 2180 718 2181 849 2181 793 2181 741 1723 749 2182 628 1917 558 1875 650 2183 835 1881 749 1342 630 1182 748 1340 828 2184 693 2184 741 2184 748 2185 828 2185 741 2185 753 1350 752 1349 754 2186 499 2187 548 2188 527 2189 499 2190 527 2190 526 2190 513 2191 499 2191 526 2191 527 2189 513 2192 555 2193 527 2189 548 2188 513 2192 555 2194 513 2194 526 2194 760 2195 864 2196 529 2197 760 2195 529 2197 528 2198 528 1357 751 2199 759 1358 730 1580 582 1579 580 2200 567 1626 813 1625 810 1646 799 2201 864 2202 760 2203 530 2204 715 2205 864 2202 799 2201 760 2203 759 2206 587 2207 799 2201 759 2206 759 2206 864 2202 715 2205 759 2206 715 2205 587 2207 528 2208 643 2208 751 2208 643 2209 644 2209 753 2209 587 2210 715 2210 751 2210 751 2211 715 2212 723 2213 864 2202 799 2201 530 2204 759 2214 751 2211 723 2213 864 2215 759 2214 723 2213 723 2216 529 2216 864 2216 746 2217 747 2217 739 2217 761 1360 703 2218 648 1361 640 2219 639 2219 784 2219 766 1369 765 1368 786 1417 496 2220 622 2221 721 2222 721 2222 622 2221 731 2223 638 1190 783 1979 641 2224 569 1988 769 2225 853 1989 770 2226 525 1990 853 1992 748 2227 630 2227 828 2227 630 2228 857 2228 828 2228 658 1427 708 1271 659 2229 769 2230 569 2230 525 2230 508 2231 507 2232 747 2233 507 2234 588 2234 739 2234 588 2235 740 2235 739 2235 739 2236 747 2236 507 2236 855 2237 765 1368 792 1428 765 2238 855 2238 659 2238 505 2239 608 2239 779 2239 768 2240 767 2240 714 2240 786 2241 714 2241 713 2241 654 1378 656 1822 774 1377 703 1948 763 2242 695 1307 497 2243 562 2243 778 2243 657 2244 495 2173 497 2172 763 2245 703 2245 782 2245 508 2231 747 2233 588 2246 748 2247 508 2231 588 2246 740 2248 588 2246 747 2233 999 2622 1000 2622 1001 2622 1002 2623 1003 2623 1004 2623 1005 2624 1006 2625 1007 2626 1008 2627 1009 2628 1010 2629 1011 2630 1012 2630 1013 2630 1014 2631 1015 2632 1016 2633 1017 2634 1018 2635 1019 2636 1020 2637 1021 2638 1009 693 1022 2639 1023 2639 1024 2639 1025 2640 1024 2640 1026 2640 1027 2641 1028 2641 1016 2641 1029 2642 1030 2643 1031 2644 1032 2645 1033 2646 1034 2647 1035 2648 1036 2648 1037 2648 1007 2649 1038 2649 1001 2649 1039 2650 1040 2650 1041 2650 1042 2651 1043 2651 1044 2651 1011 2652 1045 2653 1012 2654 1041 2655 1046 2655 1047 2655 1048 2656 1049 2657 1050 2658 1051 2659 1052 2659 1053 2659 1037 2660 1054 2660 1014 2660 1039 2661 1055 2662 1056 2663 1057 2664 1013 2665 1058 2666 1059 2667 1060 2667 1017 2667 1061 2668 1044 2668 1062 2668 1063 2669 1064 2670 1065 2671 1066 2672 1067 2673 1068 2674 1069 2675 1070 2675 1059 2675 1044 2676 1071 2676 1072 2676 1073 2677 1074 2677 1075 2677 1076 2678 1077 2679 1078 2680 1079 2681 1080 2682 1081 2683 1082 2684 1083 2684 1084 2684 1056 2685 1085 2685 1040 2685 1086 2686 1087 2687 1088 2688 1089 2689 1090 2689 1091 2689 1069 2690 1059 2690 1017 2690 1092 2691 1093 2691 1094 2691 1095 2692 1008 2692 1096 2692 1097 2693 1098 2693 1099 2693 1100 2694 1101 2695 1102 2696 1103 2697 1104 2697 1053 2697 1105 2698 1106 2698 1107 2698 1108 2699 1109 2700 1106 2701 1110 2702 1111 2702 1112 2702 1113 2703 1114 2703 1115 2703 1019 2704 1066 2704 1059 2704 1116 2705 1023 2706 1117 2707 1118 2708 1119 2708 1027 2708 1097 2709 1120 2709 1037 2709 1121 2710 1122 2711 1123 2712 1124 2713 1125 2713 1126 2713 1098 2714 1097 2714 1127 2714 1097 2715 1099 2716 1035 2717 1128 2718 1129 2718 1046 2718 1130 2719 1131 2720 1088 2721 1132 2722 1133 2722 1134 2722 1069 2723 1060 2724 1066 2725 1135 2726 1136 2727 1013 2728 1137 2729 1138 2730 1139 2731 1140 2732 1141 2733 1142 2734 1143 2735 1144 2735 1145 2735 1146 2736 1114 2736 1003 2736 1147 2737 1020 2737 1008 2737 1001 2738 1006 2738 1005 2738 1143 2739 1148 2740 1149 2741 1150 2742 1151 2742 1152 2742 1153 2743 1154 2743 1110 2743 1130 2744 1088 2744 1155 2744 1156 2745 1027 2745 1157 2745 1158 2746 1091 2746 1106 2746 1157 2747 1159 2748 1160 2749 1088 2750 1161 2751 1162 2752 1163 2753 1004 2753 1114 2753 1164 2754 1133 2754 1016 2754 1115 2755 1004 2755 1165 2755 1056 2756 1166 2756 1167 2756 1089 2757 1107 2757 1090 2757 1075 2758 1074 2758 1168 2758 1106 2759 1169 2760 1090 2761 1170 2762 1171 2762 1172 2762 1173 2763 1153 2764 1174 2765 1175 2766 1015 2767 1176 2768 1177 2769 1178 2769 1179 2769 1180 2770 1083 2771 1048 2772 1181 2773 1182 2774 1111 2775 1183 2776 1042 2776 1044 2776 1184 2777 1185 2778 1186 2779 1187 2780 1085 2780 1129 2780 1188 2781 1113 2782 1189 2783 1095 2784 1147 2785 1008 2786 1190 2787 1155 2787 1162 2787 1179 2788 1191 2789 1192 2790 1027 2791 1156 2791 1164 2791 1193 2792 1194 2792 1195 2792 1041 2793 1129 2793 1056 2793 1196 2794 1036 2794 1099 2794 1013 2795 1197 2796 1058 2797 1198 2798 1145 2799 1150 2800 1199 2801 1062 2801 1072 2801 1200 2802 1162 2802 1131 2802 1198 2803 1150 2804 1144 2805 1201 2806 1074 2806 1202 2806 1203 2807 1204 2808 1151 2809 1205 2810 1134 2810 1159 2810 1058 2811 1206 2812 1135 2813 1149 2814 1207 2815 1152 2816 1132 2817 1160 2817 1133 2817 1208 2818 1047 2818 1085 2818 1209 2819 1210 2820 1211 2821 1079 2822 1081 2823 1212 2824 1067 2825 1081 2825 1034 2825 1213 2826 1214 2826 1215 2826 1216 2827 1217 2827 1103 2827 1218 2828 1219 2829 1101 2830 1195 2831 1212 2831 1193 2831 1220 2832 1076 2833 1075 2834 1221 2835 1222 2836 1223 2837 1221 2838 1141 2839 1224 2840 1225 2841 1226 2841 1227 2841 1016 2842 1156 2842 1157 2842 1228 2843 1186 2843 1185 2843 1184 2844 1052 2844 1229 2844 1230 2845 1096 2845 1231 2845 1232 2846 1233 2847 1039 2848 1234 2849 1072 2849 1042 2849 1217 2850 1216 2850 1235 2850 1220 2851 1236 2851 1074 2851 1162 2852 1209 2852 1086 2852 1215 2853 1237 2853 1238 2853 1239 2854 1240 2854 1068 2854 1068 2855 1240 2856 1241 2857 1168 2858 1202 2858 1073 2858 1090 2859 1068 2859 1108 2859 1117 2860 1026 2861 1189 2862 1242 2863 1243 2863 1175 2863 1111 2864 1174 2864 1244 2864 1245 2865 1063 2669 1246 2866 1021 2867 1231 2867 1147 2867 1050 2868 1084 2869 1180 2870 1247 2871 1248 2872 1249 2873 1018 2874 1250 2874 1070 2874 1251 2875 1017 2875 1250 2875 1149 2876 1252 2877 1203 2878 1112 2879 1253 2879 1153 2879 1232 2880 1254 2881 1233 2882 1127 2883 1099 2884 1122 2885 1010 2886 1255 2887 1147 2888 1151 2889 1150 2889 1143 2889 1256 2890 1049 2890 1257 2890 1258 2891 1259 2891 1260 2891 1233 2892 1261 2893 1262 2894 1031 2644 1055 2895 1194 2896 1072 2897 1071 2897 1042 2897 1032 2898 1263 2898 1033 2898 1195 2899 1029 2900 1031 2901 1264 2902 1265 2903 1266 2904 1176 2905 1267 2906 1124 2907 1171 2908 1268 2909 1172 2910 1269 2911 1270 2912 1271 2913 1270 2912 1269 2911 1272 2914 1228 2915 1052 2915 1051 2915 1137 2729 1273 2916 1274 2917 1057 2918 1058 2918 1045 2918 1189 2919 1024 2920 1116 2921 1165 2922 1003 2922 1113 2922 1275 2923 1276 2923 1032 2923 1037 2924 1098 2924 1127 2924 1277 2925 1278 2926 1258 2927 1279 2928 1202 2928 1236 2928 1280 2929 1281 2929 1000 2929 1247 2930 1175 2931 1282 2932 1283 2933 1284 2933 1285 2933 1120 2934 1278 2926 1277 2925 1064 2670 1249 2935 1065 2671 1283 2936 1248 2936 1286 2936 1287 2937 1288 2937 1289 2937 1290 2938 1291 2938 1029 2938 1094 2939 1292 2939 1293 2939 1289 2940 1294 2940 1287 2940 1063 2941 1295 2942 1296 2943 1297 2944 1244 2945 1153 2946 1298 2947 1227 2948 1226 2949 1299 2765 1001 2765 1281 2765 1173 2763 1300 2950 1153 2764 1007 2951 1001 801 1000 830 1007 2951 1281 2952 1005 2953 1000 830 1281 2952 1007 2951 1281 2952 1001 830 1005 2953 1164 2954 1156 2954 1134 2954 1001 2955 1038 2955 1006 2955 1002 2956 1146 2956 1003 2956 1165 2957 1004 2957 1003 2957 1270 2958 1301 2958 1271 2958 1111 2959 1297 2960 1253 2961 1297 2960 1300 2962 1253 2961 1253 2961 1300 2962 1154 2963 1300 2962 1173 2964 1154 2963 1016 2965 1248 2966 1037 2967 1248 2966 1283 2968 1258 2969 1260 2970 1248 2966 1258 2969 1027 2971 1016 2633 1015 2632 1016 2972 1037 2972 1014 2972 1302 2973 1303 2974 1118 2975 1302 2973 1118 2975 1027 2971 1302 2973 1027 2971 1015 2632 1277 2976 1267 2977 1097 2978 1260 2970 1277 2976 1037 2967 1277 2976 1097 2978 1037 2967 1249 2873 1303 2974 1282 2979 1065 2980 1249 2873 1243 2981 1243 2981 1242 2982 1065 2980 1249 2873 1282 2979 1243 2981 1282 2979 1302 2973 1243 2981 1260 2970 1037 2967 1248 2966 1243 2981 1302 2973 1015 2632 1088 2983 1131 2984 1086 2985 1131 2984 1162 830 1086 2985 1017 2634 1060 2986 1018 2635 1027 2987 1205 2987 1159 2987 1021 2638 1095 2988 1009 693 1153 2989 1253 2989 1154 2989 1121 2990 1196 2991 1035 2992 1151 2993 1204 2993 1149 2993 1128 2994 1187 2994 1129 2994 1304 2995 1305 2995 1306 2995 1234 2996 1199 2996 1072 2996 1035 2717 1099 2716 1036 2997 1008 2998 1020 2998 1009 2998 1214 2999 1079 2681 1237 3000 1251 3001 1069 3001 1017 3001 1045 830 1058 830 1135 830 1072 3002 1062 3002 1044 3002 1234 693 1183 3003 1071 3004 1215 3005 1183 3003 1043 3006 1183 3003 1061 3007 1043 3006 1061 3007 1199 3008 1043 3006 1183 3003 1215 3005 1071 3004 1071 3004 1043 3006 1199 3008 1042 3009 1215 3009 1043 3009 1307 3010 1193 3011 1212 3012 1057 2664 1011 3013 1013 2665 1063 2669 1245 2865 1064 2670 1007 3014 1308 3014 1038 3014 1012 830 1045 830 1013 830 1045 830 1135 830 1013 830 1212 3015 1067 2673 1080 3016 1080 3016 1067 2673 1066 2672 1068 2674 1241 3017 1309 3018 1068 2674 1309 3018 1066 2672 1057 3019 1136 3020 1206 3021 1086 2686 1209 3022 1087 2687 1135 2813 1206 2812 1136 3023 1189 2919 1026 3024 1024 2920 1058 2797 1197 2796 1206 3025 1044 3026 1043 3026 1071 3026 1200 3027 1190 3027 1162 3027 1190 3028 1130 3028 1155 3028 1018 3029 1251 3029 1250 3029 1179 3030 1178 3030 1191 3030 1190 3031 1200 3032 1161 3033 1078 3034 1310 3034 1113 3034 1113 2782 1073 3035 1075 3036 1078 2680 1113 2782 1075 3036 1075 3036 1076 2678 1078 2680 1087 3037 1190 3031 1161 3033 1130 3038 1190 3031 1087 3037 1200 3032 1130 3038 1087 3037 1200 3032 1087 3037 1209 3039 1200 3032 1209 3039 1161 3033 1227 3040 1240 3041 1081 2683 1081 2683 1240 3041 1311 3042 1311 3042 1240 3041 1188 2781 1240 3041 1239 3043 1188 2781 1080 2682 1066 3044 1081 2683 1081 2683 1311 3042 1312 3045 1081 2683 1312 3045 1223 3046 1312 3045 1221 3047 1223 3046 1034 2647 1081 2683 1032 2645 1079 2681 1227 3048 1080 2682 1227 3048 1309 3049 1080 2682 1275 3050 1032 2645 1223 3046 1313 3051 1034 2647 1033 2646 1140 3052 1313 3051 1033 2646 1223 3046 1140 3052 1275 3050 1140 3052 1033 2646 1275 3050 1223 3046 1032 2645 1081 2683 1314 3053 1315 3054 1316 3055 1143 3056 1150 3056 1148 3056 1033 3057 1263 3057 1275 3057 1020 3058 1310 3058 1078 3058 1128 3059 1041 3060 1056 3061 1187 3062 1128 3059 1056 3061 1208 3063 1187 3062 1056 3061 1041 3064 1208 3065 1039 3066 1208 3067 1040 3067 1039 3067 1040 3068 1208 3068 1056 3068 1025 3069 1022 3069 1024 3069 1136 3070 1057 3070 1045 3070 1250 3071 1017 3072 1019 3073 1284 3074 1317 3075 1101 2695 1317 3075 1102 2696 1101 2695 1070 830 1250 3071 1019 3073 1070 830 1019 3073 1059 830 1138 3076 1092 3077 1094 3078 1194 3079 1138 3076 1151 3080 1290 3081 1194 3079 1056 3082 1194 3079 1151 3080 1039 3083 1138 3076 1094 3078 1203 3084 1056 3082 1031 2901 1290 3081 1194 3079 1039 3083 1056 3082 1293 3085 1092 3077 1261 3086 1293 3085 1261 3086 1254 3087 1293 3085 1254 3087 1203 3084 1254 3087 1149 3088 1203 3084 1094 3078 1293 3085 1203 3084 1151 3080 1138 3076 1203 3084 1151 3080 1167 3089 1039 3083 1318 3090 1298 3090 1225 3090 1061 3091 1183 3091 1044 3091 1280 693 999 3092 1038 693 1006 3093 1280 3094 1308 3095 1299 3096 1280 3094 1006 3093 999 3092 1299 3096 1006 3093 1280 3097 1038 3097 1308 3097 1038 693 999 3092 1006 3093 1019 3098 1018 3098 1066 3098 1059 3099 1066 3099 1060 3099 1113 3100 1003 3100 1114 3100 1196 3101 1121 3101 1036 3101 1299 3102 999 3102 1001 3102 1319 3103 1232 3103 1272 3103 1121 2710 1127 3104 1122 2711 1268 3105 1320 3105 1295 3105 1124 2907 1267 2906 1125 3106 1112 3107 1111 3107 1253 3107 1196 2991 1127 3108 1097 3109 1196 2991 1097 3109 1035 2992 1121 2990 1035 2992 1037 693 1121 2990 1037 693 1127 693 1321 3110 1126 3110 1125 3110 1111 3111 1173 2964 1174 3112 1262 3113 1261 3113 1322 3113 1165 3114 1113 693 1310 3115 1165 3114 1310 3115 1077 2679 1323 3116 1077 2679 1324 3117 1324 3117 1077 2679 1076 2678 1325 3118 1246 3119 1326 3120 1246 3119 1182 3121 1326 3120 1076 2678 1325 3118 1324 3117 1182 3121 1323 3116 1326 3120 1327 3122 1324 3117 1325 3118 1325 3118 1326 3120 1327 3122 1130 2719 1200 3123 1131 2720 1040 3124 1046 3125 1129 3126 1047 3127 1040 3127 1085 3127 1047 3128 1046 3125 1040 3124 1143 3129 1328 3129 1144 3129 1018 3130 1069 2723 1066 2725 1069 2723 1251 3131 1060 2724 1149 2741 1148 2740 1207 3132 1013 2728 1136 2727 1197 3133 1140 2732 1329 3134 1141 2733 1151 3135 1143 3135 1145 3135 1211 3136 1330 3137 1102 3138 1317 3139 1285 3140 1102 3138 1330 3137 1331 3141 1102 3138 1285 3140 1211 3136 1102 3138 1328 3142 1198 2803 1144 2805 1110 3143 1154 3143 1111 3143 1162 830 1155 830 1088 830 1300 3144 1297 2944 1153 2946 1168 3145 1074 3145 1236 3145 1205 3146 1132 3146 1134 3146 1152 2816 1207 2815 1150 3147 1164 3148 1134 3148 1133 3148 1147 830 1231 830 1010 830 1231 830 1096 830 1010 830 1096 830 1008 830 1010 830 1157 2747 1027 3149 1159 2748 1151 3150 1198 3151 1152 3152 1328 3153 1143 3154 1149 3155 1198 3156 1328 3153 1149 3155 1149 3157 1152 3152 1198 3151 1157 693 1132 3158 1016 3159 1132 3158 1205 3160 1016 3159 1205 3160 1164 3161 1016 3159 1205 3160 1027 3162 1164 3161 1188 3163 1304 3164 1332 3165 1304 3164 1306 3166 1332 3165 1144 3167 1150 3168 1207 3169 1148 3170 1144 3167 1207 3169 1145 3171 1144 3167 1148 3170 1150 3172 1145 3171 1148 3170 1088 2750 1087 3173 1161 2751 1082 3174 1257 3174 1083 3174 1199 3175 1061 3175 1062 3175 1010 2629 1009 2628 1255 3176 1048 2656 1083 3177 1049 2657 1089 3178 1105 3178 1107 3178 1056 3179 1055 3179 1166 3179 1333 3180 1301 3180 1270 3180 1037 3181 1036 3181 1098 3181 1334 3182 1269 3182 1335 3182 1314 3183 1316 3183 1336 3183 1108 830 1106 830 1091 830 1091 830 1090 830 1108 830 1107 830 1106 830 1090 830 1100 3184 1330 3185 1101 3186 1068 3187 1089 3188 1091 3189 1337 3190 1053 3190 1104 3190 1090 3191 1169 3191 1068 3191 1280 3192 1299 3192 1281 3192 1106 2759 1109 3193 1169 2760 1016 3194 1028 3194 1118 3194 1037 3195 1120 3195 1054 3195 1122 3196 1099 3197 1098 3198 1123 3199 1122 3196 1098 3198 1123 3199 1098 3198 1036 3200 1175 2766 1243 3201 1015 2767 1177 3202 1192 3203 1178 3204 1180 2770 1084 3205 1083 2771 1006 3206 1338 3206 1339 3206 1021 3207 1230 3207 1231 3207 1283 3208 1285 3209 1340 3210 1285 3209 1288 3211 1340 3210 1181 2773 1154 3212 1182 2774 1163 3213 1002 3213 1004 3213 1011 2652 1136 3214 1045 2653 1184 2777 1229 3215 1185 2778 1304 3216 1179 3216 1192 3216 1053 3217 1304 3218 1192 3219 1338 3220 1053 3221 1115 3222 1053 3223 1192 3203 1177 3202 1053 3221 1177 3224 1115 3222 1339 3225 1338 3220 1115 3222 1182 3121 1339 3225 1165 3226 1341 3227 1182 3228 1165 3229 1177 3224 1179 3230 1113 2782 1179 3230 1304 3231 1116 3232 1117 3233 1179 3230 1116 3232 1304 3231 1048 3234 1050 3235 1050 3235 1180 3236 1116 3232 1077 2679 1323 3116 1154 3237 1115 3222 1165 3226 1339 3225 1077 2679 1154 3237 1341 3238 1304 3231 1050 3235 1116 3232 1165 3114 1077 2679 1341 3238 1179 3230 1117 3233 1189 2783 1115 3222 1177 3224 1113 2782 1179 3230 1189 2783 1113 2782 1095 2784 1021 3239 1147 2785 1073 3240 1202 3240 1074 3240 1323 3116 1182 3121 1154 3237 1230 3241 1095 3241 1096 3241 1218 3242 1216 3243 1342 3244 1330 3245 1218 3242 1342 3244 1216 3243 1103 3246 1063 3247 1063 3247 1197 3248 1343 3249 1063 3247 1343 3249 1216 3243 1343 3249 1342 3244 1216 3243 1041 3250 1040 3250 1129 3250 1217 3251 1100 3252 1342 3253 1342 3253 1343 3254 1217 3251 1197 3255 1342 3253 1100 3252 1029 3256 1291 3256 1030 3256 1305 3257 1211 3258 1219 3259 1344 3260 1337 3261 1305 3257 1211 3258 1345 3262 1219 3259 1305 3257 1219 3259 1344 3260 1235 3263 1344 3260 1219 3259 1219 2829 1345 3264 1101 2830 1101 2695 1345 3265 1284 3074 1245 3266 1197 3255 1100 3252 1100 2694 1102 2696 1245 3267 1102 2696 1331 3268 1245 3267 1209 3269 1346 3270 1284 3271 1209 3272 1284 3273 1345 3274 1284 3074 1245 3267 1331 3268 1330 3185 1100 3184 1217 3275 1330 3276 1217 3277 1235 3263 1219 3259 1330 3276 1235 3263 1284 3074 1331 3268 1317 3075 1198 2798 1151 3278 1145 2799 1049 3279 1083 3279 1257 3279 1201 3280 1020 3281 1220 3282 1020 3281 1078 3283 1220 3282 1336 3284 1316 3285 1298 3286 1316 3287 1238 3288 1213 3289 1316 3285 1213 3290 1298 3286 1213 3290 1215 3291 1298 3286 1215 3292 1238 3288 1273 3293 1273 3294 1212 3015 1225 3295 1215 3296 1273 3297 1225 3298 1225 3295 1212 3015 1226 3299 1279 3300 1220 3301 1347 3302 1241 3017 1279 3300 1347 3302 1309 3018 1241 3017 1348 3303 1241 3017 1347 3302 1348 3303 1226 3299 1309 3018 1336 3284 1336 3284 1309 3018 1348 3303 1215 3296 1225 3298 1298 3304 1226 3299 1336 3284 1298 3286 1187 3305 1208 3305 1085 3305 1147 2888 1255 2887 1020 3306 1153 3307 1110 3308 1174 3309 1112 3310 1174 3309 1110 3308 1244 830 1174 3309 1112 3310 1112 3310 1153 830 1244 830 1002 3311 1154 3212 1146 3312 1181 2773 1349 3313 1020 3281 1154 3212 1181 2773 1020 3281 1146 3312 1154 3212 1020 3281 1020 3314 1349 3314 1077 3314 1349 3315 1220 3316 1078 3317 1349 3315 1078 3317 1077 3318 1163 3319 1146 3312 1350 3320 1146 3312 1201 3280 1350 3320 1146 3312 1020 3281 1201 3280 1163 3319 1350 3320 1022 3321 1201 3280 1279 3300 1350 3320 1279 3300 1241 3017 1082 3322 1279 3300 1025 3323 1350 3320 1025 3323 1279 3300 1082 3322 1241 3324 1239 3325 1332 3326 1256 3327 1022 3328 1025 3323 1082 3322 1256 3327 1025 3323 1082 3322 1241 3017 1332 3165 1068 2674 1067 2673 1311 3329 1239 3330 1068 2674 1311 3329 1257 3331 1082 3322 1332 3165 1067 2673 1034 3332 1276 3333 1311 3329 1067 2673 1222 3334 1034 3332 1263 3335 1276 3333 1332 3336 1239 3330 1311 3329 1276 3333 1275 3337 1222 3334 1067 2673 1276 3333 1222 3334 1263 3335 1329 3338 1275 3337 1329 3338 1222 3334 1275 3337 1311 3329 1222 3334 1312 3339 1312 3339 1222 3334 1224 3340 1305 3257 1312 3339 1224 3340 1305 3257 1224 3340 1141 3341 1141 3341 1329 3338 1305 3257 1313 3342 1346 3270 1329 3338 1346 3270 1209 3269 1211 3258 1305 3257 1346 3270 1211 3258 1305 3257 1337 3261 1306 3166 1337 3261 1104 3343 1191 2789 1346 3270 1305 3257 1329 3338 1104 3343 1192 2790 1191 2789 1191 2789 1306 3166 1337 3261 1007 2626 1006 2625 1308 3344 1167 3345 1166 3345 1039 3345 1197 3255 1245 3266 1343 3254 1245 3266 1103 3346 1217 3251 1217 3251 1343 3254 1245 3266 1056 3347 1129 3347 1085 3347 1095 2988 1230 3348 1255 3349 1230 3348 1021 2638 1255 3349 1021 2638 1020 2637 1255 3349 1009 693 1095 2988 1255 3349 1069 2723 1018 3130 1070 3350 1349 3313 1181 2773 1323 3351 1181 2773 1111 3352 1326 3353 1324 3354 1349 3313 1323 3351 1323 3351 1181 2773 1326 3353 1339 3355 1326 3353 1111 3352 1339 3355 1111 3352 1002 3356 1006 3357 1339 3357 1002 3357 1111 3358 1341 3227 1002 3359 1338 3360 1006 3361 1002 3362 1341 3363 1154 3212 1002 3311 1313 3342 1329 3338 1263 3335 1034 3332 1313 3342 1263 3335 1185 3364 1245 3266 1228 3365 1245 3266 1273 3293 1326 3353 1238 3288 1316 3287 1273 3293 1316 3287 1315 3366 1273 3293 1228 3365 1245 3266 1326 3353 1273 3293 1315 3366 1327 3367 1052 3368 1228 3369 1308 3370 1315 3366 1349 3313 1324 3354 1245 3266 1185 3364 1103 3346 1185 3364 1229 3371 1103 3346 1103 3346 1229 3371 1104 3343 1192 2790 1104 3343 1338 3360 1052 3368 1104 3343 1229 3371 1104 3343 1052 3368 1338 3360 1315 3366 1324 3354 1327 3367 1192 2790 1338 3360 1163 3319 1178 3372 1192 3372 1022 3372 1306 3166 1191 2789 1022 3328 1191 2789 1178 3373 1022 3328 1257 3331 1332 3165 1306 3166 1256 3327 1257 3331 1306 3166 1256 3327 1306 3166 1022 3328 1273 3293 1327 3367 1326 3353 1228 3365 1326 3353 1339 3355 1308 3370 1228 3369 1339 3374 1052 3368 1308 3370 1338 3360 1338 3360 1002 3362 1163 3319 1163 3319 1022 3321 1192 2790 1132 3375 1157 3375 1160 3375 1197 3376 1057 3019 1206 3021 1011 3013 1057 2664 1197 3377 1197 3378 1136 3378 1011 3378 1208 3065 1041 3064 1047 3379 1241 3324 1351 3380 1239 3325 1183 3381 1234 3381 1042 3381 1209 3272 1345 3274 1210 3382 1284 3383 1346 3383 1285 3383 1081 2823 1067 3384 1212 2824 1041 3385 1128 3385 1046 3385 1297 3386 1111 3386 1244 3386 1218 3242 1330 3245 1219 3387 1195 3388 1079 3388 1212 3388 1220 3389 1349 3389 1076 3389 1075 2834 1347 3390 1220 2832 1140 3391 1223 3392 1329 3393 1223 3392 1222 3394 1329 3393 1221 2835 1224 3395 1222 2836 1221 2838 1142 3396 1141 2839 1016 3397 1133 3397 1156 3397 1116 2705 1024 3398 1023 2706 1154 2963 1173 2964 1111 3111 1188 3399 1332 3399 1311 3399 1201 3400 1220 3400 1074 3400 1184 3401 1053 3402 1052 3403 1262 3404 1322 3405 1139 3406 1138 3407 1093 3408 1262 3404 1093 3408 1293 3409 1262 3404 1139 3406 1138 3407 1262 3404 1293 3409 1252 3410 1233 2847 1233 2847 1262 3404 1293 3409 1252 3410 1039 2848 1233 2847 1039 2848 1166 3411 1232 2846 1216 3243 1218 3242 1235 3412 1218 3242 1101 3413 1235 3412 1235 3412 1101 3413 1344 3414 1344 3414 1101 3413 1304 3218 1186 3415 1063 3247 1103 3246 1184 3401 1186 3415 1103 3246 1184 3401 1103 3246 1053 3402 1063 3247 1186 3415 1228 3416 1182 3121 1246 3119 1308 3417 1246 3119 1063 3247 1228 3416 1308 3417 1339 3225 1182 3121 1246 3119 1228 3416 1051 3418 1246 3119 1051 3418 1308 3417 1053 3221 1338 3220 1051 3418 1338 3220 1308 3417 1051 3418 1304 3218 1053 3217 1337 3419 1048 3234 1304 3231 1188 2781 1304 3218 1337 3419 1344 3414 1101 3413 1210 3420 1304 3218 1210 2820 1101 3421 1211 2821 1188 2781 1189 2783 1048 3234 1189 2783 1116 3232 1180 3236 1189 2783 1180 3236 1048 3234 1073 3035 1113 2782 1188 2781 1073 3035 1188 2781 1347 3422 1168 3423 1073 3035 1347 3422 1347 3422 1075 3424 1168 3423 1347 3422 1188 2781 1239 3043 1348 3425 1347 3426 1351 3427 1351 3428 1347 3428 1239 3428 1197 3429 1063 3429 1330 3429 1342 3244 1197 3430 1330 3245 1285 3140 1317 3139 1331 3141 1063 3431 1285 3140 1331 3141 1274 3432 1325 3433 1314 3053 1079 2681 1274 3432 1237 3000 1325 3118 1076 2678 1315 3434 1237 3000 1274 3432 1213 3435 1325 3433 1315 3054 1314 3053 1274 3432 1314 3053 1213 3435 1214 3436 1213 3435 1318 3437 1213 3435 1314 3053 1318 3437 1079 2681 1214 2999 1225 3438 1066 3044 1309 3439 1227 3040 1081 2683 1066 3044 1227 3040 1331 3141 1330 3137 1063 3431 1330 3137 1211 3136 1101 3440 1210 3420 1345 3441 1346 3442 1225 3438 1227 3048 1079 2681 1285 3140 1346 3443 1345 3444 1346 3442 1313 3051 1140 3052 1140 3052 1142 3445 1346 3442 1346 3442 1142 3445 1304 3218 1345 3444 1211 3136 1285 3140 1142 3446 1221 3047 1312 3045 1142 3446 1312 3045 1305 3447 1305 3448 1304 3448 1142 3448 1346 3442 1304 3218 1210 3420 1336 3449 1348 3425 1227 3040 1348 3425 1351 3427 1240 3041 1348 3425 1240 3041 1227 3040 1314 3053 1336 3449 1318 3437 1336 3449 1227 3040 1318 3437 1225 3450 1214 3450 1318 3450 1162 3451 1161 3451 1209 3451 1111 3358 1182 3228 1341 3227 1238 3452 1237 3452 1213 3452 1020 3453 1077 3453 1310 3453 1241 2857 1240 2856 1351 3454 1168 3455 1236 3455 1202 3455 1108 2699 1068 3456 1109 2700 1076 3457 1349 3457 1315 3457 1117 2860 1023 3458 1026 2861 1115 3459 1114 3459 1004 3459 1274 2917 1273 2916 1325 3460 1273 2916 1245 2865 1325 3460 1246 2866 1325 3460 1245 2865 1133 3461 1160 3462 1156 3463 1160 3462 1159 3464 1156 3463 1159 3464 1134 3465 1156 3463 1050 2868 1049 3466 1084 2869 1146 3467 1163 3467 1114 3467 1350 3468 1026 3468 1023 3468 1279 3469 1201 3469 1202 3469 1232 2880 1319 3470 1254 2881 1042 3471 1071 3471 1215 3471 1084 3472 1049 3472 1256 3472 1027 3473 1119 3473 1028 3473 1350 3474 1023 3474 1022 3474 1256 3475 1082 3475 1084 3475 1127 2883 1196 3476 1099 2884 999 3477 1280 3477 1000 3477 1258 3478 1278 3478 1259 3478 1094 3479 1093 3479 1292 3479 1290 3081 1031 2901 1291 3480 1233 2892 1254 3481 1261 2893 1030 2643 1194 3482 1193 3483 1158 3484 1068 3187 1091 3189 1204 3485 1252 3410 1292 3486 1252 3410 1293 3409 1292 3486 1204 3485 1292 3486 1138 3407 1292 3486 1093 3408 1138 3407 1138 3407 1194 2896 1204 3485 1194 3482 1030 2643 1291 3487 1204 3485 1194 2896 1055 2895 1194 3488 1291 3488 1031 3488 1149 3489 1204 3490 1055 2662 1039 3491 1252 2877 1149 2876 1055 2662 1039 2661 1149 3489 1193 3483 1232 2846 1166 3411 1193 3483 1166 3411 1030 2643 1030 2643 1166 3411 1031 2644 1166 3411 1055 2895 1031 2644 1254 3087 1319 3492 1167 3089 1319 3492 1195 2899 1167 3089 1195 2899 1194 3079 1029 2900 1194 3079 1290 3081 1029 2900 1149 3088 1254 3087 1167 3089 1167 3089 1151 3080 1149 3088 1031 2901 1056 3082 1167 3089 1167 3089 1195 2899 1031 2901 1264 2902 1352 3493 1265 2903 1215 3494 1214 3494 1237 3494 1251 3131 1018 693 1060 2724 1226 3299 1212 3015 1309 3018 1212 3015 1080 3016 1309 3018 1265 3495 1352 3495 1333 3495 1176 2905 1015 3496 1267 2906 1353 3497 1264 3497 1266 3497 1171 2908 1320 3498 1268 2909 1333 3499 1270 2912 1265 3500 1270 2912 1272 2914 1265 3500 1272 2914 1354 3501 1265 3500 1354 3501 1355 3502 1137 3503 1355 3502 1322 3504 1137 3503 1319 3505 1269 2911 1334 3506 1137 3503 1274 3507 1266 3508 1354 3501 1137 3503 1266 3508 1319 3505 1334 3506 1356 3509 1195 3510 1319 3505 1356 3509 1266 3508 1265 3500 1354 3501 1079 3511 1195 3510 1356 3509 1079 3511 1356 3509 1307 3512 1353 3513 1266 3508 1274 3507 1274 3507 1079 3511 1271 2913 1079 3511 1307 3512 1269 2911 1079 3511 1269 2911 1271 2913 1271 2913 1353 3513 1274 3507 1269 2911 1319 3505 1272 2914 1123 3514 1036 3514 1121 3514 1307 3515 1335 3515 1269 3515 1137 2729 1139 2731 1273 2916 1335 3516 1271 3517 1301 3518 1334 3519 1335 3516 1272 3520 1335 3516 1301 3518 1272 3520 1301 3518 1333 3521 1352 3522 1301 3518 1352 3522 1272 3520 1272 3520 1352 3522 1354 3523 1193 3011 1307 3010 1356 3524 1139 3525 1322 3526 1355 3527 1335 3516 1307 3010 1212 3012 1273 3528 1139 3525 1264 3529 1354 3523 1139 3525 1355 3527 1139 3525 1354 3523 1264 3529 1335 3516 1212 3012 1271 3517 1212 3012 1273 3528 1271 3517 1353 3530 1271 3517 1273 3528 1193 3011 1356 3524 1232 3531 1356 3524 1334 3519 1232 3531 1353 3530 1273 3528 1264 3529 1264 3529 1354 3523 1352 3522 1272 3520 1232 3531 1334 3519 1350 3532 1025 3532 1026 3532 1105 3533 1158 3533 1106 3533 1220 3534 1279 3534 1236 3534 1032 3535 1276 3535 1263 3535 1260 3536 1259 3536 1277 3536 1203 2807 1252 3537 1204 2808 1303 3538 1302 3539 1119 3540 1303 3538 1119 3540 1247 2930 1119 3541 1118 3541 1247 3541 1118 3542 1120 3542 1014 3542 1249 3543 1064 3544 1175 2931 1064 3544 1242 3545 1175 2931 1247 2930 1249 3543 1175 2931 1118 3546 1014 3547 1247 3548 1282 2932 1303 3538 1247 2930 1097 3549 1014 3549 1120 3549 1283 3550 1286 3550 1284 3550 1054 3551 1277 3552 1248 3553 1277 3554 1259 3554 1248 3554 1278 3555 1120 3556 1286 3557 1286 3557 1120 3556 1124 3558 1120 3556 1118 3559 1176 3560 1118 3559 1028 3561 1176 3560 1028 3561 1119 3540 1176 3560 1119 3540 1302 3539 1176 3560 1302 3539 1282 2932 1175 2931 1302 3539 1175 2931 1176 3560 1176 3560 1124 3558 1120 3556 1286 3557 1248 3562 1278 3555 1248 3553 1247 3548 1054 3551 1247 3548 1014 3547 1054 3551 1278 3555 1248 3562 1259 3563 1277 3552 1054 3551 1120 3564 1283 2968 1267 2977 1277 2976 1277 2976 1258 2969 1283 2968 1015 2632 1014 2631 1097 3565 1267 2977 1015 3566 1097 2978 1199 3008 1234 693 1071 3004 1092 3567 1293 3567 1093 3567 1248 2966 1016 2965 1118 3568 1303 2974 1249 2873 1118 2975 1249 2873 1248 2872 1118 2975 1172 3569 1321 3570 1125 3571 1283 3208 1340 3210 1267 3572 1340 3210 1294 3573 1267 3572 1172 3569 1125 3571 1357 3574 1125 3571 1267 3572 1294 3573 1357 3574 1170 3575 1172 3569 1125 3571 1294 3573 1289 3576 1125 3571 1289 3576 1357 3574 1357 3574 1289 3576 1296 2943 1063 2941 1268 3577 1295 2942 1289 3576 1288 3211 1285 3209 1289 3576 1285 3209 1296 2943 1285 3209 1063 2941 1296 2943 1138 3076 1137 3578 1261 3086 1137 3578 1322 3579 1261 3086 1092 3077 1138 3076 1261 3086 1268 3577 1063 2941 1065 3580 1065 3580 1242 3581 1358 3582 1358 3582 1321 3570 1065 3580 1268 3577 1065 3580 1321 3570 1321 3570 1172 3569 1268 3577 1358 3583 1242 3584 1064 3585 1064 3585 1320 3586 1321 3587 1321 3587 1358 3583 1064 3585 1124 3588 1126 3589 1294 3590 1126 3589 1321 3587 1171 3591 1321 3587 1320 3586 1171 3591 1287 3592 1294 3590 1126 3589 1287 3592 1126 3589 1357 3593 1126 3589 1171 3591 1357 3593 1170 3594 1357 3593 1171 3591 1287 3592 1357 3593 1296 3595 1064 3585 1245 3596 1320 3586 1286 3597 1124 3588 1340 3598 1124 3588 1294 3590 1340 3598 1295 3599 1320 3586 1245 3596 1295 3599 1245 3596 1296 3595 1245 3596 1284 3600 1296 3595 1286 3597 1340 3598 1284 3600 1340 3598 1288 3601 1284 3600 1287 3592 1296 3595 1284 3600 1288 3601 1287 3592 1284 3600 1298 2947 1318 3602 1227 2948 1105 3603 1089 3604 1169 3605 1109 3606 1105 3603 1169 3605 1158 693 1105 3603 1109 3606 1068 693 1158 693 1109 3606 1169 3605 1089 3604 1068 693</p>
        </triangles>
        <triangles material="scout_dbded4" count="22">
          <input semantic="VERTEX" source="#vertices" offset="0" />
          <input semantic="NORMAL" source="#normals" offset="1" />
          <p>8 24 9 25 10 26 11 27 10 28 9 29 12 30 9 31 13 32 14 33 12 34 15 35 14 36 8 37 10 38 15 39 13 40 8 41 8 24 13 42 9 25 11 27 14 43 10 28 12 30 11 44 9 31 14 33 11 45 12 34 14 36 15 46 8 37 15 39 12 47 13 40 16 48 17 49 18 50 19 51 18 52 17 53 20 54 17 55 21 56 22 57 20 58 23 59 22 60 16 61 18 62 16 48 21 66 17 49 19 51 22 67 18 52 20 54 19 68 17 55 22 57 19 69 20 58 22 60 23 70 16 61</p>
        </triangles>
      </mesh>
    </geometry>
  </library_geometries>
  <library_visual_scenes>
    <visual_scene id="scene">
      <node id="payload">
        <instance_geometry url="#geometry">
          <bind_material>
            <technique_common>
              <instance_material symbol="scout_11141b" target="#scout_11141b" />
              <instance_material symbol="scout_1a1f21" target="#scout_1a1f21" />
              <instance_material symbol="scout_b8bab5" target="#scout_b8bab5" />
              <instance_material symbol="scout_dbded4" target="#scout_dbded4" />
            </technique_common>
          </bind_material>
        </instance_geometry>
      </node>
    </visual_scene>
  </library_visual_scenes>
  <scene>
    <instance_visual_scene url="#scene" />
  </scene>
</COLLADA>