<?xml version="1.0" encoding="UTF-8"?>
<COLLADA xmlns="http://www.collada.org/2005/11/COLLADASchema" version="1.4.1">
    <asset>
        <contributor>
            <author>VCGLab</author>
            <authoring_tool>VCGLib | MeshLab</authoring_tool>
        </contributor>
        <created>周六 7月 25 13:10:15 2026 GMT</created>
        <modified>周六 7月 25 13:10:15 2026 GMT</modified>
        <up_axis>Y_UP</up_axis>
    </asset>
    <library_geometries>
        <geometry id="shape0-lib" name="shape0">
            <mesh>
                <source id="shape0-lib-positions" name="position">
                    <float_array id="shape0-lib-positions-array" count="59616">-0.00668598 0.0539992 -0.089204 -0.0865079 0.0532959 0.00397474 0.0897092 0.0539594 -0.166368 0.0888481 0.0538566 0.0927954 0.0861285 0.0529992 -0.118852 0.0150846 0.0539992 -0.168202 2.8221e-06 0.0534992 -0.15098 -0.0878839 0.0529992 -0.1674 0.0835 0.0489996 -0.132528 0.083 0.0530005 -0.101068 0.084 0.0529992 -0.140858 0.084 0.0529991 0.124499 -0.0975631 0.0699334 -0.193916 -0.10076 0.0643002 -0.184225 -0.131953 0.0720829 -0.192973 -0.131693 0.0642952 -0.183315 0.000709504 0.0150174 0.201382 0.00797907 0.0182666 0.185359 0.00906309 0.0230879 0.197592 -0.00796256 0.0232139 0.195814 -0.166146 0.0295926 0.16333 -0.172055 0.0235939 0.172296 -0.170321 -0.0502213 -0.0490979 -0.170281 -0.0502281 -0.0490979 -0.173692 -0.0466017 -0.0530198 -0.183299 -0.00131877 -0.0666227 -0.161957 -0.0478305 -0.030308 -0.161408 -0.0503008 -0.0276531 -0.180874 -0.0224745 0.030105 -0.172555 0.0349343 0.169116 -0.169039 0.0361931 0.17154 -0.189206 -0.0100986 -0.0196097 -0.173418 0.0299492 0.16316 -0.173048 0.0334638 0.163161 -0.183791 0.011837 0.00631856 -0.17201 0.031948 0.164968 -0.169417 -0.0503008 -0.0490979 -0.158142 -0.0500704 -0.0489496 -0.173101 -0.0229715 -0.0389258 -0.166176 0.0341803 0.171477 -0.170748 0.0311361 0.164753 -0.168301 -0.0442247 -0.0523448 -0.187893 0.00328504 -0.102743 -0.172701 -0.0455784 -0.0490979 -0.189426 -0.00631149 -0.0691274 -0.175107 0.00302185 0.0192083 -0.167557 -0.047316 -0.0494491 -0.169753 -0.0499803 -0.0490979 -0.170131 -0.0478819 -0.0490979 -0.170477 -0.0477582 -0.0490979 -0.171366 -0.0471929 -0.0490979 -0.172123 -0.0464502 -0.0490979 -0.172182 0.0263206 0.147221 -0.173212 -0.0455101 -0.0460495 -0.19917 -0.00956932 -0.0218536 -0.180936 -0.0174655 0.00650765 -0.16911 0.0278621 0.166632 0.0288924 0.04126 0.123948 0.0295403 0.0411932 0.121677 -0.0114069 0.0448615 0.10367 0.025818 0.031069 0.129827 0.0145196 0.0405336 0.125931 -0.00412477 0.0228228 0.115541 -0.0291118 0.0425264 0.123217 -0.0127364 0.0531229 0.118496 0.0306539 0.041219 0.122095 -0.0303259 0.0407907 0.121909 0.0286974 0.0391184 0.122875 0.0853704 0.0529992 0.126524 -0.170955 0.033456 0.164802 0.170969 0.0316925 0.165895 0.168583 0.0368429 0.238109 0.167689 0.0363762 0.239056 0.0657801 0.0519992 0.256597 -0.161651 -0.0518008 -0.0290389 -0.143666 -0.0508008 -0.0479301 0.143741 -0.0518008 -0.110878 0.14712 -0.0518008 -0.0270703 0.114808 0.0519992 -0.10687 0.112198 0.0529992 0.0478489 0.085 0.0529992 0.123057 0.0850343 0.0519992 0.117242 -0.114975 0.0519992 -0.110471 -0.113982 0.0519992 0.108685 -0.0656617 0.0519992 0.0686266 -0.117616 0.0519992 -0.106279 -0.0794223 0.0528744 0.0871746 0.0850296 0.0519992 -0.142375 -0.117054 0.0519992 -0.107081 -0.156919 0.0518667 -0.419456 0.157448 0.0511324 -0.412315 -0.00635019 0.0529992 0.0862403 0.0632695 0.0529992 0.263159 0.157265 0.0529842 0.250062 0.117824 0.0529992 0.108118 0.0797884 0.0527973 -0.168208 -0.1179 0.0529992 0.1089 -0.157303 0.0528989 0.239542 0.156684 0.0519814 0.250089 0.17292 0.03065 0.16303 0.140751 -0.0508008 -0.00532062 0.14075 -0.0518008 -0.107917 0.214092 -0.029126 0.107442 0.145839 -0.0508008 -0.0219433 0.144566 -0.0508009 -0.0746451 0.140758 -0.0518008 -0.0076889 0.153907 -0.0518008 -0.0663099 0.144596 -0.0513008 -0.0980509 0.161088 -0.0508008 -0.0190754 0.163786 -0.0517791 -0.0248848 0.163621 -0.0508017 -0.0311577 0.157668 0.0526057 -0.421381 -0.168475 0.0369975 0.239482 -0.193894 0.000692844 -0.0860089 -0.171211 0.0330904 0.161883 -0.172602 0.0311042 0.164086 -0.1684 0.0353613 0.229989 -0.158387 -0.0506614 -0.133132 -0.216729 -0.0337312 0.137177 -0.176336 -0.0517232 -0.0338823 -0.14397 -0.0518008 -0.0255676 -0.14832 -0.0512467 -0.0231659 -0.161037 -0.0508012 -0.0517131 -0.141282 -0.0518195 -0.137314 -0.140917 -0.0508009 0.00165646 -0.144355 -0.0518008 -0.0922074 -0.148145 -0.0513524 -0.0968439 -0.140797 -0.0517938 0.00153866 -0.15671 0.0519828 0.246677 0.00954586 0.0382296 0.217551 -0.00779547 0.038593 0.214416 0.00189507 0.0246787 0.196797 -0.00111584 0.0249557 0.223089 -0.113558 0.0567992 -0.108866 -0.114483 0.0566894 0.113261 -0.11254 0.0567992 0.110216 -0.108054 0.0603629 -0.174376 -0.103086 0.0588264 0.175 -0.0951249 0.0530441 -0.174839 -0.0980691 0.0608824 0.175 -0.131504 0.059807 0.175 -0.134557 0.0533284 -0.160718 -0.13501 0.0688599 -0.175 -0.134996 0.0530002 0.173379 -0.134976 0.0689987 0.175 -0.0950366 0.0689655 -0.175001 -0.104935 0.0643668 0.175 -0.124431 0.0636754 0.175 -0.124276 0.0674024 -0.170795 -0.0972763 0.0637219 0.102193 -0.110992 0.0568097 0.175 -0.116048 0.0567992 0.108347 0.00104216 0.0353254 0.167208 -0.00753833 0.0455487 0.164196 -0.00730624 0.0322473 0.170288 0.00624608 0.0362956 0.169696 0.00959637 0.0421081 0.163295 -0.00813081 0.0446344 0.161837 -0.00887818 0.0466825 0.163685 -0.00959881 0.0424873 0.163076 0.00326561 0.0460889 0.161007 0.00960059 0.0304044 0.170053 0 0.0306981 0.17277 -0.00879923 0.0306316 0.171365 -0.000384698 0.0294577 0.170601 -0.00518311 0.0456434 0.170652 0.00762338 0.0316024 0.17066 0.0070397 0.0450779 0.163601 0.00957939 0.0474443 0.163415 -0.00958168 0.0312572 0.172915 -0.00775527 0.042537 0.166223 0.003707 0.0421751 0.176235 -0.00186878 0.0409452 0.163264 -0.0818175 -0.0535 -0.0951788 0.0779825 -0.056 -0.0690699 -0.0854331 -0.0513141 -0.066512 0.0741934 -0.051 -0.0883171 0.0825327 -0.051 -0.0662005 0.0772515 -0.051 -0.063715 -0.0569179 -0.051 -0.106172 -0.078396 -0.051 -0.0863294 0.0282048 -0.0535 -0.161 -0.0240732 -0.051 -0.168012 -0.0515754 -0.051 -0.212206 -0.0578437 -0.056 -0.0890835 0.0818582 -0.056 -0.0755007 -0.0283641 -0.0534907 -0.0897828 -0.0803612 -0.0512463 -0.0659574 0.0515723 -0.056 -0.212229 0.0707563 -0.056 -0.0661461 0.0776561 -0.056 -0.0949469 0.0778801 -0.056 -0.0758694 0.0799914 -0.056 -0.102196 -0.0598147 -0.056 -0.106074 -0.0822125 -0.0510153 -0.103141 -0.074755 -0.0561095 -0.156728 -0.036288 -0.056 -0.176055 -0.0702075 -0.056 -0.0670892 -0.0779123 -0.056 -0.0690107 -0.0553391 -0.0159221 -0.286288 -0.0728894 -0.0509228 -0.231678 -1.29945e-07 -0.0439709 -0.23827 -2.2985e-07 -0.0214536 -0.287271 0.0475287 -0.0153302 -0.297877 -0.0512413 -0.0493285 -0.238991 0.0614817 -0.0556231 -0.230249 0.0569282 -0.0200771 -0.282762 0.115514 -0.0140122 -0.272998 0.0750209 -0.0498268 -0.221172 0.0946248 -0.0172345 -0.257976 0.0903255 -0.00880393 -0.272512 0.101297 -0.00134505 -0.285187 0.0427265 -0.0142882 -0.290456 -0.0490611 -0.0161119 -0.296696 -0.14308 -0.0140988 -0.272249 -0.0901364 -0.00880367 -0.272561 -0.116273 -0.0103949 -0.266456 -0.109336 -0.0165883 -0.268701 -0.0909835 -0.0128909 -0.27546 -0.0793756 -0.0050511 -0.289137 -0.143702 0.00818758 -0.140711 -0.12495 -0.0241244 -0.160159 -0.141498 -0.0449944 -0.17687 -0.131551 -0.0177244 -0.170118 0.128718 -0.046711 -0.191863 0.135673 -0.0502708 -0.184426 0.137669 -0.0657358 -0.200091 0.133307 -0.0669935 -0.198764 0.129979 -0.0492657 -0.185487 0.139043 -0.0468018 -0.18946 0.13504 -0.0519032 -0.183947 0.133328 -0.0441539 -0.191619 0.13281 -0.0624326 -0.203576 0.117996 -0.0624671 -0.177233 0.128793 -0.0821031 -0.180987 0.103858 -0.0499142 -0.155972 0.107387 -0.0674415 -0.156155 0.127096 -0.0871278 -0.228969 0.189274 -0.0955922 -0.243994 0.148121 -0.0832204 -0.223407 0.130596 -0.0833304 -0.226311 0.127096 -0.0940844 -0.244511 0.149869 -0.0851974 -0.205951 0.180004 -0.0947116 -0.218399 0.171248 -0.0977164 -0.20743 0.20061 -0.106439 -0.225607 0.136358 -0.0592816 -0.142247 0.150768 -0.0630196 -0.18545 0.102505 -0.0686753 -0.158245 0.103334 -0.0480426 -0.144647 0.128098 -0.0830476 -0.182586 0.148486 -0.100463 -0.212193 0.141619 -0.0825146 -0.211398 0.105039 -0.0576286 -0.162171 0.140599 -0.0205788 -0.150013 0.125001 -0.041598 -0.180945 0.1361 -0.0491458 -0.185609 0.129767 -0.0147703 -0.166623 -0.130774 0.0709195 0.193225 -0.13134 0.0625398 0.191392 -0.0961946 0.0710398 0.192294 -0.124466 0.0558009 0.176261 -0.134513 -0.0352221 -0.182235 -0.129753 -0.0399008 -0.177177 -0.135026 -0.0413115 -0.175602 -0.135813 -0.0778265 -0.222537 0.127059 -0.0793273 -0.216131 0.136322 -0.0753462 -0.21321 0.133876 -0.080671 -0.223582 0.131095 -0.0958498 -0.227225 0.136096 -0.0878729 -0.224435 0.131097 -0.0935044 -0.221915 0.134512 -0.0795331 -0.210663 0.140019 -0.0745416 -0.214039 0.137446 -0.0860056 -0.218419 0.137639 -0.0800913 -0.225894 0.131306 -0.0718427 -0.216883 0.131097 -0.0806648 -0.227643 0.133324 -0.0855659 -0.218417 0.131096 -0.0886882 -0.230585 0.130779 -0.0845378 -0.22204 0.13332 -0.0910797 -0.236676 0.135967 -0.0895532 -0.218178 0.136101 -0.0915623 -0.23281 0.1707 0.0312048 0.164382 0.183206 -0.00106401 -0.064746 0.184282 -0.00651057 -0.045757 0.171292 0.0180937 0.103841 0.191237 -0.0020344 -0.0729282 0.194578 -0.00290055 -0.0513519 0.185442 -0.013755 -0.0701965 0.170281 -0.0502281 -0.0490979 0.172701 -0.0455784 -0.0490979 0.170321 -0.0502213 -0.0490979 0.179869 -0.0137664 -0.0637999 0.176321 -0.0306942 -0.0579807 0.1753 -0.0502838 -0.0342856 0.162364 -0.0502824 -0.0240731 0.161742 -0.0485481 -0.0256507 0.159022 -0.0483581 -0.025173 0.17535 -0.00820803 -0.0346253 0.178153 -0.00962234 -0.0293889 0.164665 -0.0495591 -0.0482735 0.166736 0.0335248 0.173375 0.16965 0.0353209 0.163703 0.174525 -0.0469877 -0.0353797 0.182193 -0.0179222 0.0296295 0.172198 0.0347682 0.160344 0.171535 0.0291207 0.162576 0.187609 -0.0114388 -0.0221064 0.189676 0.00403225 -0.108296 0.179728 0.0144066 0.0266488 0.172067 0.0318911 0.161288 0.173096 0.0335468 0.165466 0.171071 -0.0477074 -0.0518819 0.166574 0.03072 0.162882 0.131623 -0.0434105 -0.177232 0.129828 -0.0847761 -0.21926 0.132424 -0.0373322 -0.183726 0.138265 -0.0556458 -0.195582 0.13034 0.00675312 -0.1414 0.127306 0.0070871 -0.133648 0.136096 0.0156578 -0.122503 0.136096 0.0234138 -0.123731 0.136257 0.00711642 -0.141768 0.138865 0.0112734 -0.139084 0.133479 0.000594268 -0.134907 0.136674 0.00905772 -0.126691 0.136094 0.00928725 -0.124476 0.131059 0.0129621 -0.123766 0.133575 0.014415 -0.133473 0.132819 0.00955723 -0.128199 0.136096 0.0170722 -0.127858 0.136094 0.0179762 -0.116271 0.136094 0.0271759 -0.125392 0.131209 0.0214325 -0.127985 0.131097 0.024085 -0.123206 -0.128075 -0.047286 -0.189148 -0.133309 -0.053251 -0.184845 -0.137165 -0.0658647 -0.199955 -0.13864 -0.049329 -0.185926 -0.135888 -0.0599093 -0.206238 -0.128429 -0.063376 -0.20258 -0.130125 -0.0451049 -0.189877 -0.138891 -0.0454861 -0.190812 -0.131118 -0.0498649 -0.184855 -0.128965 -0.0827419 -0.182069 -0.105754 -0.0627876 -0.16069 -0.127096 -0.0871278 -0.228969 -0.136893 -0.0943396 -0.241477 -0.127096 -0.0942654 -0.244782 -0.158967 -0.0788214 -0.218697 -0.145218 -0.0977611 -0.208396 -0.13237 -0.0616227 -0.1463 -0.0848803 -0.0508274 -0.127618 -0.108766 -0.0311539 -0.13164 -0.192776 -0.0937176 -0.200658 -0.18012 -0.0999846 -0.211272 -0.17184 -0.110315 -0.234989 -0.106238 -0.0670813 -0.155545 -0.159268 -0.10031 -0.211823 -0.107627 -0.0673818 -0.156054 -0.13796 -0.0798251 -0.206794 -0.127413 -0.0697002 -0.189483 -0.10955 -0.053754 -0.162475 -0.112192 -0.0581994 -0.170005 -0.16641 -0.0652308 -0.182692 -0.150066 -0.0771945 -0.210843 -0.135316 -0.0786491 -0.204909 -0.135838 -0.0785593 -0.20499 -0.135319 -0.0786487 -0.204909 -0.135322 -0.0786483 -0.20491 -0.136183 -0.0784903 -0.205053 -0.125108 -0.0458334 -0.190108 -0.124999 -0.046049 -0.189862 -0.124904 -0.0462664 -0.189614 -0.124813 -0.0465096 -0.189336 -0.135325 -0.0786478 -0.20491 -0.124737 -0.0467588 -0.189053 -0.124677 -0.0470106 -0.188766 -0.124634 -0.0472646 -0.188477 -0.124606 -0.0475198 -0.188187 -0.124596 -0.04775 -0.187925 -0.136524 -0.0784104 -0.205129 -0.142192 -0.0656745 -0.201102 -0.135328 -0.0786474 -0.20491 -0.142287 -0.0654319 -0.201325 -0.142379 -0.0651574 -0.201578 -0.136871 -0.0783172 -0.205217 -0.135331 -0.078647 -0.204911 -0.142547 -0.0630087 -0.203563 -0.142505 -0.0627562 -0.203797 -0.137226 -0.0782102 -0.20532 -0.142449 -0.062506 -0.204028 -0.142372 -0.0622311 -0.204281 -0.135334 -0.0786465 -0.204911 -0.137552 -0.0781013 -0.205426 -0.126596 -0.0508111 -0.182907 -0.126365 -0.050615 -0.183134 -0.12978 -0.052418 -0.180994 -0.129439 -0.0523119 -0.181126 -0.13013 -0.0525143 -0.180872 -0.135337 -0.0786461 -0.204912 -0.139643 -0.0580391 -0.206724 -0.139923 -0.058239 -0.206549 -0.139352 -0.0578469 -0.20689 -0.137892 -0.0779753 -0.205549 -0.139049 -0.0576629 -0.207047 -0.138737 -0.0574877 -0.207195 -0.138447 -0.057338 -0.20732 -0.13815 -0.057196 -0.207437 -0.137847 -0.0570622 -0.207545 -0.137538 -0.0569367 -0.207644 -0.137194 -0.0568092 -0.207742 -0.13534 -0.0786456 -0.204912 -0.136841 -0.0566914 -0.207831 -0.135342 -0.0786452 -0.204912 -0.138226 -0.077839 -0.205683 -0.135345 -0.0786447 -0.204913 -0.138553 -0.0776927 -0.205828 -0.138839 -0.0775529 -0.205966 -0.135348 -0.0786443 -0.204913 -0.142455 -0.0648793 -0.201835 -0.142514 -0.0645984 -0.202094 -0.142558 -0.0643154 -0.202355 -0.139116 -0.077406 -0.206112 -0.135351 -0.0786438 -0.204914 -0.142585 -0.0640311 -0.202618 -0.142596 -0.0637748 -0.202855 -0.142593 -0.0635186 -0.203092 -0.142577 -0.063263 -0.203328 -0.139385 -0.0772523 -0.206266 -0.135354 -0.0786434 -0.204914 -0.140189 -0.0584462 -0.206367 -0.139669 -0.0770757 -0.206442 -0.135357 -0.0786429 -0.204914 -0.136481 -0.0565837 -0.207908 -0.136114 -0.0564863 -0.207974 -0.139944 -0.0768893 -0.206629 -0.13536 -0.0786425 -0.204915 -0.140209 -0.0766938 -0.206825 -0.135363 -0.078642 -0.204915 -0.140464 -0.0764896 -0.207031 -0.135366 -0.0786416 -0.204915 -0.135369 -0.0786412 -0.204916 -0.124644 -0.048438 -0.187143 -0.124687 -0.0486647 -0.186885 -0.124742 -0.0488891 -0.18663 -0.124819 -0.0491355 -0.186349 -0.125784 -0.050762 -0.18449 -0.125962 -0.0509583 -0.184264 -0.140707 -0.0762773 -0.207245 -0.135372 -0.0786407 -0.204916 -0.126152 -0.0511493 -0.184044 -0.126352 -0.0513348 -0.18383 -0.130852 -0.0526763 -0.18066 -0.130488 -0.0526005 -0.180761 -0.131222 -0.0527414 -0.180571 -0.131596 -0.0527958 -0.180493 -0.131936 -0.0528352 -0.180433 -0.132278 -0.0528656 -0.180383 -0.140938 -0.0760577 -0.207467 -0.135375 -0.0786403 -0.204917 -0.132622 -0.0528869 -0.180342 -0.132966 -0.052899 -0.180311 -0.133349 -0.0529017 -0.180288 -0.133733 -0.0528931 -0.180277 -0.134118 -0.0528732 -0.180278 -0.141135 -0.0758535 -0.207673 -0.135378 -0.0786398 -0.204917 -0.14132 -0.0756448 -0.207884 -0.135381 -0.0786394 -0.204918 -0.141493 -0.0754318 -0.2081 -0.135384 -0.0786389 -0.204918 -0.135387 -0.0786384 -0.204918 -0.141655 -0.0752148 -0.20832 -0.124912 -0.04938 -0.186071 -0.125022 -0.0496226 -0.185794 -0.125147 -0.0498627 -0.18552 -0.125289 -0.0500996 -0.185249 -0.125445 -0.0503325 -0.184983 -0.125617 -0.0505609 -0.184721 -0.141804 -0.0749942 -0.208544 -0.13539 -0.078638 -0.204919 -0.142279 -0.0619581 -0.204532 -0.134502 -0.052842 -0.18029 -0.142169 -0.0616868 -0.204782 -0.140839 -0.0597561 -0.206538 -0.140628 -0.059551 -0.206722 -0.135393 -0.0786375 -0.204919 -0.140385 -0.0593325 -0.206916 -0.141941 -0.0747701 -0.208771 -0.140129 -0.0591202 -0.207104 -0.135396 -0.0786371 -0.20492 -0.135365 -0.0563235 -0.208073 -0.135742 -0.0563995 -0.208029 -0.134985 -0.0562586 -0.208105 -0.13464 -0.0562098 -0.208123 -0.134294 -0.0561701 -0.208132 -0.133948 -0.0561396 -0.208131 -0.133563 -0.0561165 -0.208119 -0.133216 -0.0561053 -0.208098 -0.132869 -0.0561034 -0.208067 -0.132525 -0.0561105 -0.208027 -0.132183 -0.0561268 -0.207977 -0.142044 -0.061418 -0.205029 -0.141902 -0.0611524 -0.205272 -0.141746 -0.0608906 -0.205511 -0.141574 -0.0606334 -0.205746 -0.141407 -0.0604064 -0.205952 -0.141228 -0.0601842 -0.206153 -0.141039 -0.0599673 -0.206349 -0.142515 -0.073245 -0.210323 -0.135413 -0.0786343 -0.204922 -0.142463 -0.0734842 -0.210079 -0.131845 -0.0561521 -0.207918 -0.131473 -0.0561907 -0.207842 -0.135416 -0.0786339 -0.204922 -0.135419 -0.0786334 -0.204923 -0.142557 -0.0729781 -0.210594 -0.126583 -0.0515312 -0.183602 -0.135422 -0.0786329 -0.204923 -0.126828 -0.0517216 -0.183381 -0.142583 -0.0727093 -0.210868 -0.129117 -0.0529301 -0.181948 -0.129421 -0.0530358 -0.181818 -0.129763 -0.0531424 -0.181685 -0.130113 -0.0532391 -0.181563 -0.135425 -0.0786325 -0.204924 -0.142592 -0.0724393 -0.211143 -0.135568 -0.0526949 -0.180389 -0.135228 -0.0527517 -0.180347 -0.135904 -0.0526293 -0.18044 -0.136237 -0.0525549 -0.1805 -0.136564 -0.052472 -0.180569 -0.136886 -0.0523807 -0.180648 -0.137241 -0.0522683 -0.180746 -0.13759 -0.0521452 -0.180856 -0.137933 -0.0520119 -0.180976 -0.138235 -0.0518833 -0.181094 -0.13853 -0.051747 -0.181219 -0.135428 -0.078632 -0.204924 -0.142585 -0.0721687 -0.211419 -0.135431 -0.0786316 -0.204924 -0.135434 -0.0786311 -0.204925 -0.142562 -0.0718983 -0.211694 -0.127087 -0.0519054 -0.183167 -0.127359 -0.0520822 -0.18296 -0.127643 -0.0522514 -0.182761 -0.127938 -0.0524124 -0.18257 -0.128244 -0.0525648 -0.182389 -0.128528 -0.0526943 -0.182233 -0.128819 -0.0528162 -0.182086 -0.134885 -0.0527995 -0.180315 -0.13711 -0.057504 -0.208457 -0.136755 -0.0573886 -0.208543 -0.136394 -0.0572833 -0.208617 -0.138817 -0.0516031 -0.181353 -0.139859 -0.0589147 -0.207284 -0.139576 -0.0587166 -0.207456 -0.130737 -0.0563012 -0.207652 -0.131103 -0.0562404 -0.207753 -0.130374 -0.056373 -0.20754 -0.130016 -0.0564555 -0.207417 -0.129668 -0.0565477 -0.207283 -0.129326 -0.0566503 -0.207139 -0.12899 -0.0567632 -0.206984 -0.128663 -0.0568859 -0.206818 -0.128345 -0.0570182 -0.206642 -0.128066 -0.0571451 -0.206475 -0.127796 -0.0572792 -0.206301 -0.13837 -0.0580238 -0.208044 -0.138072 -0.057884 -0.208158 -0.137767 -0.0577523 -0.208264 -0.137457 -0.0576292 -0.208361 -0.139282 -0.0585263 -0.207621 -0.138977 -0.0583445 -0.207776 -0.138662 -0.0581715 -0.207921 -0.127535 -0.05742 -0.20612 -0.127284 -0.0575673 -0.205932 -0.13047 -0.0533258 -0.181451 -0.130834 -0.0534021 -0.18135 -0.141889 -0.0699696 -0.213656 -0.135466 -0.0786259 -0.204929 -0.135463 -0.0786264 -0.204929 -0.141731 -0.0697223 -0.213907 -0.133715 -0.0536231 -0.180962 -0.1341 -0.0536037 -0.180962 -0.134484 -0.053573 -0.180974 -0.139626 -0.0511296 -0.181799 -0.139366 -0.0512941 -0.181643 -0.139877 -0.0509589 -0.181961 -0.135469 -0.0786254 -0.20493 -0.140117 -0.0507824 -0.182129 -0.141559 -0.0694792 -0.214153 -0.140375 -0.0505768 -0.182326 -0.140622 -0.0503631 -0.182532 -0.140857 -0.0501418 -0.182745 -0.141079 -0.0499135 -0.182966 -0.141266 -0.0497026 -0.18317 -0.141443 -0.049487 -0.18338 -0.141607 -0.0492673 -0.183594 -0.135472 -0.078625 -0.20493 -0.141371 -0.0692412 -0.214394 -0.135475 -0.0786245 -0.204931 -0.135478 -0.078624 -0.204931 -0.14119 -0.0690318 -0.214606 -0.131203 -0.0534678 -0.18126 -0.131578 -0.0535227 -0.181182 -0.131918 -0.0535626 -0.181121 -0.13226 -0.0535935 -0.18107 -0.132603 -0.0536153 -0.181029 -0.132948 -0.0536279 -0.180998 -0.133331 -0.0536311 -0.180974 -0.135481 -0.0786236 -0.204931 -0.136025 -0.0571885 -0.208681 -0.135652 -0.0571043 -0.208733 -0.140998 -0.0688274 -0.214813 -0.135274 -0.057031 -0.208774 -0.139096 -0.051452 -0.181494 -0.14176 -0.0490438 -0.183812 -0.141899 -0.0488171 -0.184033 -0.13247 -0.0568367 -0.208712 -0.132129 -0.0568543 -0.208661 -0.131791 -0.056881 -0.2086 -0.13142 -0.0569212 -0.208522 -0.125731 -0.0588524 -0.204334 -0.125906 -0.0586615 -0.204568 -0.125568 -0.0590476 -0.204096 -0.125417 -0.0592468 -0.203853 -0.125278 -0.0594495 -0.203607 -0.125152 -0.0596552 -0.203357 -0.126812 -0.0578798 -0.205537 -0.127043 -0.0577207 -0.205738 -0.126569 -0.058063 -0.205308 -0.126335 -0.0582555 -0.205069 -0.126114 -0.0584552 -0.204822 -0.134931 -0.0569745 -0.2088 -0.134586 -0.0569271 -0.208818 -0.13424 -0.0568888 -0.208825 -0.133894 -0.0568598 -0.208823 -0.133509 -0.0568384 -0.208809 -0.133161 -0.0568286 -0.208786 -0.132815 -0.0568281 -0.208754 -0.125039 -0.0598634 -0.203105 -0.124939 -0.0600737 -0.202851 -0.134868 -0.0535311 -0.180998 -0.13521 -0.0534838 -0.18103 -0.135551 -0.0534275 -0.181071 -0.138221 -0.0526195 -0.181772 -0.138516 -0.0524836 -0.181898 -0.138804 -0.05234 -0.182031 -0.139083 -0.0521893 -0.182172 -0.14214 -0.048356 -0.184484 -0.142026 -0.0485877 -0.184257 -0.142252 -0.0480956 -0.184739 -0.142348 -0.0478309 -0.184998 -0.142428 -0.0475625 -0.185262 -0.142493 -0.047291 -0.185528 -0.142542 -0.0470173 -0.185797 -0.142574 -0.0467421 -0.186068 -0.142589 -0.0464937 -0.186312 -0.142591 -0.0462452 -0.186556 -0.142579 -0.0459972 -0.1868 -0.135887 -0.0533623 -0.181122 -0.13622 -0.0532884 -0.181182 -0.136548 -0.0532059 -0.18125 -0.13687 -0.0531151 -0.181328 -0.137225 -0.0530031 -0.181426 -0.137575 -0.0528806 -0.181535 -0.137919 -0.0527477 -0.181655 -0.13105 -0.0569724 -0.208432 -0.130684 -0.0570348 -0.20833 -0.128052 -0.0578753 -0.20716 -0.127782 -0.0580097 -0.206985 -0.127521 -0.0581508 -0.206804 -0.12727 -0.0582984 -0.206615 -0.142555 -0.0457502 -0.187043 -0.142516 -0.0455048 -0.187284 -0.130323 -0.057108 -0.208216 -0.129966 -0.057192 -0.208091 -0.137809 -0.0668203 -0.21682 -0.135525 -0.0786163 -0.204938 -0.138114 -0.0669412 -0.216701 -0.129618 -0.0572857 -0.207956 -0.129277 -0.0573898 -0.20781 -0.128942 -0.057504 -0.207653 -0.128616 -0.0576282 -0.207486 -0.12833 -0.057748 -0.207327 -0.124705 -0.0607656 -0.202018 -0.124771 -0.0605225 -0.20231 -0.124654 -0.061011 -0.201723 -0.12462 -0.0612581 -0.201426 -0.124604 -0.0614813 -0.201158 -0.1246 -0.0617047 -0.200889 -0.12461 -0.0619278 -0.200622 -0.124634 -0.06215 -0.200355 -0.135528 -0.0786159 -0.204938 -0.12467 -0.0623709 -0.20009 -0.12472 -0.0625898 -0.199826 -0.124783 -0.0628064 -0.199566 -0.124852 -0.0602857 -0.202595 -0.124858 -0.0630201 -0.199308 -0.124958 -0.0632565 -0.199024 -0.139354 -0.0520317 -0.18232 -0.139615 -0.0518675 -0.182475 -0.141437 -0.0502273 -0.184054 -0.141602 -0.0500077 -0.184268 -0.141755 -0.0497843 -0.184485 -0.141896 -0.0495577 -0.184707 -0.142385 -0.0449697 -0.18781 -0.142459 -0.045237 -0.187547 -0.142295 -0.0447036 -0.188071 -0.142188 -0.0444395 -0.18833 -0.142065 -0.044178 -0.188586 -0.141927 -0.0439199 -0.188839 -0.141774 -0.0436658 -0.189087 -0.141623 -0.0434411 -0.189306 -0.14146 -0.0432207 -0.189521 -0.141286 -0.0430052 -0.189731 -0.141082 -0.0427749 -0.189955 -0.127029 -0.0584522 -0.206421 -0.126799 -0.0586116 -0.20622 -0.125269 -0.0601836 -0.204287 -0.125143 -0.0603895 -0.204038 -0.12503 -0.0605979 -0.203785 -0.12493 -0.0608084 -0.203531 -0.139866 -0.0516972 -0.182637 -0.140107 -0.051521 -0.182805 -0.140366 -0.0513157 -0.183002 -0.140613 -0.0511023 -0.183207 -0.140849 -0.0508813 -0.18342 -0.141071 -0.0506534 -0.183641 -0.14126 -0.0504427 -0.183845 -0.126556 -0.0587951 -0.205991 -0.126323 -0.058988 -0.205751 -0.126103 -0.059188 -0.205504 -0.125895 -0.0593946 -0.20525 -0.125721 -0.0595857 -0.205016 -0.125558 -0.0597812 -0.204777 -0.125407 -0.0599807 -0.204534 -0.140863 -0.0425499 -0.190173 -0.14063 -0.0423307 -0.190385 -0.125353 -0.0639498 -0.198185 -0.125205 -0.063722 -0.198461 -0.125515 -0.0641734 -0.197913 -0.125675 -0.0643705 -0.197672 -0.125845 -0.0645632 -0.197437 -0.126027 -0.064751 -0.197206 -0.12622 -0.0649334 -0.196982 -0.126424 -0.0651101 -0.196763 -0.126637 -0.0652806 -0.196551 -0.126884 -0.0654615 -0.196325 -0.127144 -0.0656358 -0.196106 -0.125074 -0.0634906 -0.198741 -0.127418 -0.065803 -0.195894 -0.142596 -0.0469865 -0.187229 -0.142585 -0.0467384 -0.187474 -0.142561 -0.0464913 -0.187716 -0.142523 -0.0462458 -0.187958 -0.142023 -0.0493284 -0.184931 -0.142138 -0.0490968 -0.185157 -0.140125 -0.041912 -0.190787 -0.140384 -0.0421179 -0.19059 -0.139854 -0.0417136 -0.190977 -0.1396 -0.041542 -0.191141 -0.139337 -0.0413772 -0.191297 -0.139065 -0.0412197 -0.191446 -0.138786 -0.0410697 -0.191586 -0.1385 -0.0409275 -0.191719 -0.138175 -0.0407789 -0.191856 -0.13784 -0.0406396 -0.191984 -0.137496 -0.04051 -0.192101 -0.124844 -0.0610204 -0.203275 -0.124764 -0.0612574 -0.20299 -0.124698 -0.0615007 -0.202697 -0.142544 -0.0477588 -0.18647 -0.142577 -0.0474835 -0.186741 -0.142593 -0.0472351 -0.186985 -0.14225 -0.0488366 -0.185412 -0.142347 -0.048572 -0.185672 -0.142429 -0.0483037 -0.185935 -0.142494 -0.0480324 -0.186201 -0.124718 -0.0633256 -0.200505 -0.124781 -0.0635422 -0.200245 -0.124857 -0.0637559 -0.199988 -0.124957 -0.0639922 -0.199703 -0.137145 -0.0403904 -0.192208 -0.136823 -0.0402916 -0.192295 -0.124648 -0.0617463 -0.202402 -0.124615 -0.0619936 -0.202105 -0.124599 -0.0622169 -0.201837 -0.124596 -0.0624404 -0.201569 -0.124606 -0.0626635 -0.201301 -0.12463 -0.0628858 -0.201034 -0.124667 -0.0631067 -0.200769 -0.128309 -0.0662572 -0.195308 -0.128001 -0.0661142 -0.195495 -0.128627 -0.0663912 -0.195131 -0.128921 -0.0665038 -0.19498 -0.129221 -0.0666084 -0.194837 -0.129528 -0.0667048 -0.194704 -0.12984 -0.0667926 -0.194579 -0.130189 -0.0668793 -0.194452 -0.130546 -0.0669559 -0.194336 -0.13091 -0.0670221 -0.194231 -0.13128 -0.0670778 -0.194137 -0.127703 -0.0659626 -0.19569 -0.131655 -0.0671227 -0.194054 -0.142467 -0.0459778 -0.188221 -0.142394 -0.0457104 -0.188484 -0.141301 -0.0437439 -0.190407 -0.141117 -0.0435333 -0.190612 -0.1409 -0.0433074 -0.190831 -0.14067 -0.0430872 -0.191044 -0.142304 -0.0454442 -0.188745 -0.142199 -0.0451799 -0.189004 -0.142077 -0.0449182 -0.189261 -0.14194 -0.0446598 -0.189514 -0.141787 -0.0444054 -0.189762 -0.141637 -0.0441804 -0.189982 -0.141475 -0.0439598 -0.190197 -0.133627 -0.0397979 -0.192652 -0.134014 -0.0398142 -0.192654 -0.133279 -0.0397929 -0.19264 -0.132932 -0.0397971 -0.192618 -0.132586 -0.0398104 -0.192587 -0.135833 -0.0400475 -0.1925 -0.136167 -0.04012 -0.192441 -0.135497 -0.0399842 -0.19255 -0.135159 -0.03993 -0.19259 -0.134782 -0.0398805 -0.192623 -0.134399 -0.0398418 -0.192644 -0.125073 -0.0642263 -0.19942 -0.125206 -0.0644576 -0.19914 -0.132242 -0.0398329 -0.192546 -0.125354 -0.0646853 -0.198864 -0.126888 -0.066196 -0.197006 -0.127149 -0.0663702 -0.196787 -0.127423 -0.0665372 -0.196575 -0.127709 -0.0666967 -0.196371 -0.132723 -0.0671896 -0.193884 -0.132378 -0.0671776 -0.193928 -0.133069 -0.0671924 -0.193849 -0.133416 -0.067186 -0.193824 -0.133762 -0.0671704 -0.193808 -0.134143 -0.0671424 -0.193803 -0.134525 -0.067103 -0.193809 -0.134907 -0.0670523 -0.193827 -0.135287 -0.0669902 -0.193858 -0.135664 -0.066917 -0.193899 -0.136497 -0.0402014 -0.192373 -0.136001 -0.0668417 -0.193947 -0.125517 -0.0649089 -0.198592 -0.125676 -0.0651059 -0.198352 -0.125848 -0.0652985 -0.198116 -0.12603 -0.0654861 -0.197886 -0.126223 -0.0656684 -0.197662 -0.126427 -0.065845 -0.197443 -0.126641 -0.0660153 -0.197232 -0.140425 -0.0428733 -0.19125 -0.132034 -0.0671566 -0.193982 -0.140168 -0.0426663 -0.191449 -0.136334 -0.0667575 -0.194004 -0.137893 -0.0413835 -0.192656 -0.137551 -0.0412524 -0.192775 -0.137201 -0.0411312 -0.192884 -0.13688 -0.0410309 -0.192972 -0.139898 -0.0424668 -0.19164 -0.139646 -0.042294 -0.191804 -0.139384 -0.042128 -0.191962 -0.139114 -0.0419692 -0.192112 -0.138836 -0.0418179 -0.192254 -0.138552 -0.0416744 -0.192388 -0.138227 -0.0415244 -0.192527 -0.131232 -0.0399539 -0.192367 -0.131564 -0.0399047 -0.192436 -0.130868 -0.0400187 -0.19228 -0.130504 -0.0400951 -0.19218 -0.130144 -0.0401824 -0.192069 -0.12979 -0.0402802 -0.191946 -0.129443 -0.0403885 -0.191813 -0.129137 -0.0404945 -0.191684 -0.128838 -0.0406084 -0.191546 -0.128547 -0.0407298 -0.191401 -0.128263 -0.0408586 -0.191248 -0.128007 -0.066848 -0.196176 -0.128315 -0.0669908 -0.195989 -0.131901 -0.0398644 -0.192495 -0.127989 -0.0409944 -0.191088 -0.127724 -0.0411368 -0.19092 -0.130918 -0.0677537 -0.194915 -0.131288 -0.0678092 -0.19482 -0.131663 -0.0678538 -0.194738 -0.137304 -0.0664538 -0.194229 -0.136986 -0.0665634 -0.194145 -0.137615 -0.0663362 -0.194322 -0.137954 -0.0661959 -0.194435 -0.138286 -0.0660454 -0.194559 -0.13861 -0.0658848 -0.194693 -0.138925 -0.0657145 -0.194837 -0.139231 -0.065535 -0.194991 -0.139498 -0.0653659 -0.195138 -0.139756 -0.06519 -0.195292 -0.140004 -0.0650077 -0.195453 -0.128633 -0.0671245 -0.195812 -0.128928 -0.0672368 -0.195662 -0.129229 -0.0673412 -0.19552 -0.129535 -0.0674373 -0.195386 -0.129848 -0.067525 -0.195261 -0.130197 -0.0676114 -0.195135 -0.130554 -0.0676877 -0.195019 -0.136662 -0.0666647 -0.19407 -0.140242 -0.0648193 -0.19562 -0.14047 -0.0646253 -0.195793 -0.136554 -0.0409392 -0.193051 -0.136224 -0.0408563 -0.193121 -0.135891 -0.0407823 -0.193182 -0.132991 -0.0405187 -0.193314 -0.132644 -0.0405305 -0.193284 -0.1323 -0.0405514 -0.193245 -0.131958 -0.0405813 -0.193196 -0.127168 -0.0414771 -0.190524 -0.127441 -0.0413025 -0.190727 -0.126906 -0.0416604 -0.190312 -0.126655 -0.0418519 -0.190091 -0.126416 -0.0420511 -0.189861 -0.12619 -0.0422575 -0.189625 -0.125997 -0.0424489 -0.189406 -0.125816 -0.0426451 -0.189181 -0.125647 -0.0428458 -0.188953 -0.12549 -0.0430505 -0.18872 -0.125345 -0.0432586 -0.188483 -0.135556 -0.0407173 -0.193233 -0.135218 -0.0406616 -0.193275 -0.134841 -0.0406104 -0.19331 -0.134458 -0.0405699 -0.193333 -0.134073 -0.0405406 -0.193345 -0.133686 -0.0405226 -0.193345 -0.133338 -0.040516 -0.193334 -0.125201 -0.0434902 -0.18822 -0.125072 -0.0437272 -0.187952 -0.132042 -0.0678875 -0.194667 -0.132386 -0.0679082 -0.194613 -0.132732 -0.0679199 -0.194569 -0.135673 -0.0676455 -0.194587 -0.13601 -0.0675699 -0.194634 -0.136343 -0.0674855 -0.194692 -0.136671 -0.0673924 -0.194758 -0.140914 -0.0641988 -0.196177 -0.140687 -0.064426 -0.195972 -0.141131 -0.0639624 -0.196392 -0.141335 -0.0637193 -0.196613 -0.141525 -0.0634701 -0.196841 -0.141683 -0.0632413 -0.197051 -0.14183 -0.0630085 -0.197265 -0.141964 -0.0627724 -0.197482 -0.142085 -0.0625333 -0.197703 -0.142193 -0.0622919 -0.197926 -0.142289 -0.0620486 -0.198152 -0.133078 -0.0679225 -0.194534 -0.133425 -0.0679158 -0.194509 -0.133771 -0.0679 -0.194494 -0.134153 -0.0678718 -0.194489 -0.134534 -0.0678322 -0.194495 -0.134916 -0.0677812 -0.194514 -0.135296 -0.0677189 -0.194544 -0.142371 -0.0618039 -0.198379 -0.142446 -0.0615308 -0.198633 -0.131621 -0.0406202 -0.193138 -0.131287 -0.0406679 -0.193071 -0.130922 -0.0407311 -0.192985 -0.128593 -0.0414321 -0.192117 -0.128309 -0.0415597 -0.191966 -0.128033 -0.0416943 -0.191806 -0.127766 -0.0418357 -0.19164 -0.130557 -0.0408059 -0.192887 -0.130197 -0.0408915 -0.192777 -0.129842 -0.0409878 -0.192657 -0.129494 -0.0410945 -0.192525 -0.129187 -0.0411992 -0.192397 -0.128886 -0.0413118 -0.192261 -0.124775 -0.0444643 -0.187118 -0.124859 -0.0442149 -0.1874 -0.124708 -0.0447165 -0.186833 -0.124656 -0.0449709 -0.186546 -0.124624 -0.045201 -0.186286 -0.124605 -0.0454316 -0.186026 -0.1246 -0.0456624 -0.185765 -0.124608 -0.0458926 -0.185505 -0.124632 -0.0461448 -0.185221 -0.124672 -0.046397 -0.184936 -0.136995 -0.0672909 -0.194833 -0.137313 -0.0671811 -0.194918 -0.139764 -0.0659157 -0.195982 -0.140012 -0.0657332 -0.196143 -0.14025 -0.0655446 -0.19631 -0.124958 -0.043969 -0.187678 -0.140478 -0.0653504 -0.196484 -0.124729 -0.0466487 -0.184652 -0.124803 -0.0468992 -0.184369 -0.137624 -0.0670633 -0.19501 -0.137963 -0.0669229 -0.195123 -0.138295 -0.0667721 -0.195248 -0.138619 -0.0666113 -0.195382 -0.138934 -0.0664408 -0.195527 -0.13924 -0.0662611 -0.195681 -0.139507 -0.0660918 -0.195828 -0.142579 -0.0606867 -0.199418 -0.142551 -0.0609698 -0.199155 -0.142591 -0.0604315 -0.199656 -0.142589 -0.0601762 -0.199894 -0.142574 -0.0599216 -0.200131 -0.142545 -0.059668 -0.200367 -0.142503 -0.0594162 -0.200602 -0.142448 -0.0591666 -0.200834 -0.14238 -0.0589196 -0.201064 -0.14229 -0.0586489 -0.201315 -0.142183 -0.0583783 -0.201566 -0.127509 -0.0419834 -0.191467 -0.127233 -0.0421558 -0.191267 -0.126968 -0.0423369 -0.191057 -0.125512 -0.0437394 -0.18945 -0.125366 -0.043947 -0.189214 -0.125231 -0.0441577 -0.188975 -0.125098 -0.0443935 -0.188708 -0.142507 -0.0612513 -0.198893 -0.14206 -0.0581102 -0.201814 -0.126714 -0.0425264 -0.190838 -0.126472 -0.0427238 -0.190611 -0.126242 -0.0429284 -0.190376 -0.126026 -0.0431398 -0.190134 -0.125843 -0.0433353 -0.18991 -0.125672 -0.0435354 -0.189682 -0.125107 -0.0476125 -0.183563 -0.124999 -0.0473938 -0.18381 -0.125228 -0.0478279 -0.183319 -0.125362 -0.0480398 -0.183078 -0.125507 -0.0482475 -0.182842 -0.125664 -0.0484507 -0.182611 -0.125852 -0.0486715 -0.18236 -0.126055 -0.0488871 -0.182114 -0.126272 -0.0490969 -0.181874 -0.140694 -0.0651509 -0.196663 -0.126503 -0.0493004 -0.181641 -0.140922 -0.0649236 -0.196868 -0.126722 -0.0494776 -0.181438 -0.1422 -0.0630154 -0.198619 -0.142295 -0.0627719 -0.198844 -0.142377 -0.0625271 -0.199072 -0.142452 -0.0622539 -0.199326 -0.141139 -0.064687 -0.197083 -0.124893 -0.0471478 -0.184088 -0.141342 -0.0644437 -0.197305 -0.141532 -0.0641943 -0.197532 -0.126951 -0.0496488 -0.18124 -0.14169 -0.0639653 -0.197743 -0.141837 -0.0637324 -0.197957 -0.14197 -0.0634961 -0.198174 -0.142092 -0.0632569 -0.198395 -0.141597 -0.057327 -0.202536 -0.141767 -0.0575838 -0.2023 -0.141432 -0.0571002 -0.202744 -0.141256 -0.0568782 -0.202947 -0.141068 -0.0566613 -0.203144 -0.14087 -0.0564502 -0.203336 -0.140661 -0.056245 -0.203521 -0.140421 -0.0560269 -0.203717 -0.140167 -0.0558148 -0.203907 -0.139899 -0.0556095 -0.204089 -0.139619 -0.0554114 -0.204264 -0.141921 -0.0578451 -0.202059 -0.139327 -0.055221 -0.20443 -0.12498 -0.0446342 -0.188435 -0.124877 -0.0448792 -0.188158 -0.12479 -0.0451278 -0.187876 -0.124656 -0.0470597 -0.185696 -0.124709 -0.0473117 -0.185412 -0.124779 -0.0475626 -0.185128 -0.124864 -0.0478118 -0.184847 -0.127692 -0.0501225 -0.180691 -0.127436 -0.0499716 -0.180866 -0.127956 -0.0502661 -0.180523 -0.128258 -0.0504166 -0.180346 -0.128573 -0.0505602 -0.180176 -0.128899 -0.0506946 -0.180016 -0.129233 -0.0508194 -0.179866 -0.12954 -0.0509234 -0.17974 -0.129853 -0.051019 -0.179622 -0.130171 -0.0511061 -0.179514 -0.130494 -0.0511846 -0.179414 -0.124719 -0.0453795 -0.187592 -0.124663 -0.0456334 -0.187305 -0.124627 -0.0458633 -0.187046 -0.124605 -0.0460939 -0.186786 -0.124595 -0.0463247 -0.186525 -0.1246 -0.0465552 -0.186265 -0.12462 -0.0468073 -0.185981 -0.142512 -0.0619743 -0.199585 -0.142557 -0.0616926 -0.199848 -0.142585 -0.0614095 -0.200111 -0.127189 -0.0498136 -0.18105 -0.13082 -0.0512541 -0.179325 -0.131149 -0.0513147 -0.179244 -0.142293 -0.0593711 -0.202009 -0.142186 -0.0591006 -0.202259 -0.142062 -0.0588325 -0.202508 -0.141923 -0.0585674 -0.202753 -0.138419 -0.0547176 -0.204861 -0.13871 -0.0548657 -0.204736 -0.138122 -0.0545773 -0.204978 -0.137818 -0.0544452 -0.205086 -0.137508 -0.0543214 -0.205185 -0.137194 -0.0542063 -0.205276 -0.136843 -0.05409 -0.205365 -0.136484 -0.0539836 -0.205443 -0.136118 -0.0538875 -0.20551 -0.135746 -0.0538018 -0.205566 -0.13537 -0.053727 -0.20561 -0.142596 -0.0611541 -0.200349 -0.142593 -0.0608988 -0.200587 -0.142578 -0.060644 -0.200825 -0.142549 -0.0603904 -0.201061 -0.142507 -0.0601385 -0.201295 -0.142452 -0.0598889 -0.201528 -0.142384 -0.0596419 -0.201757 -0.139023 -0.055039 -0.204588 -0.134989 -0.053663 -0.205643 -0.124966 -0.0480586 -0.184568 -0.125071 -0.0482781 -0.184319 -0.126439 -0.0499769 -0.182386 -0.126655 -0.0501558 -0.182181 -0.126881 -0.0503288 -0.181982 -0.127117 -0.0504955 -0.181789 -0.13223 -0.0514493 -0.17905 -0.131851 -0.0514129 -0.179107 -0.132613 -0.0514747 -0.179005 -0.132999 -0.0514889 -0.178972 -0.133347 -0.0514921 -0.178952 -0.133695 -0.051486 -0.178942 -0.134043 -0.0514708 -0.178942 -0.134389 -0.0514465 -0.178951 -0.134733 -0.0514131 -0.17897 -0.135075 -0.0513707 -0.178998 -0.135412 -0.0513194 -0.179036 -0.125188 -0.0484945 -0.184074 -0.125318 -0.0487075 -0.183833 -0.125461 -0.0489165 -0.183596 -0.125614 -0.0491211 -0.183363 -0.125799 -0.0493431 -0.183111 -0.125998 -0.0495602 -0.182863 -0.126212 -0.0497716 -0.182621 -0.141769 -0.0583061 -0.202993 -0.141599 -0.0580493 -0.20323 -0.139924 -0.0563504 -0.204766 -0.139644 -0.0561517 -0.204942 -0.139353 -0.0559607 -0.205109 -0.139051 -0.0557779 -0.205267 -0.131481 -0.0513662 -0.179174 -0.135784 -0.051252 -0.17909 -0.136153 -0.0511733 -0.179155 -0.133912 -0.0535437 -0.205673 -0.134259 -0.0535724 -0.205674 -0.133564 -0.0535242 -0.205662 -0.133218 -0.053514 -0.205642 -0.132838 -0.0535136 -0.205609 -0.132458 -0.0535245 -0.205563 -0.132079 -0.0535466 -0.205506 -0.131701 -0.0535799 -0.205437 -0.131326 -0.0536244 -0.205355 -0.130955 -0.0536798 -0.205263 -0.130625 -0.0537391 -0.205169 -0.141434 -0.0578226 -0.203438 -0.141257 -0.0576006 -0.20364 -0.141069 -0.0573837 -0.203838 -0.140871 -0.0571726 -0.20403 -0.140662 -0.0569675 -0.204215 -0.140444 -0.0567689 -0.204394 -0.14019 -0.0565563 -0.204584 -0.127615 -0.0508086 -0.181426 -0.127877 -0.0509543 -0.181256 -0.130079 -0.0518113 -0.180229 -0.1304 -0.0518922 -0.180127 -0.130726 -0.0519644 -0.180034 -0.131054 -0.0520275 -0.179951 -0.134606 -0.0536103 -0.205665 -0.130299 -0.0538069 -0.205067 -0.127362 -0.0506555 -0.181604 -0.128176 -0.0511073 -0.181076 -0.128489 -0.0512531 -0.180904 -0.128812 -0.05139 -0.180741 -0.129144 -0.0515173 -0.180588 -0.12945 -0.0516236 -0.180459 -0.129762 -0.0517217 -0.18034 -0.13688 -0.0509827 -0.17932 -0.136519 -0.0510835 -0.179231 -0.137237 -0.0508711 -0.179419 -0.137587 -0.0507491 -0.17953 -0.137897 -0.0506305 -0.179639 -0.138199 -0.050504 -0.179756 -0.138495 -0.0503697 -0.179882 -0.138783 -0.050228 -0.180015 -0.139062 -0.0500792 -0.180156 -0.139358 -0.0499077 -0.180319 -0.139645 -0.0497265 -0.180493 -0.138738 -0.0556039 -0.205416 -0.138448 -0.0554551 -0.205542 -0.135779 -0.0545328 -0.206254 -0.135403 -0.054457 -0.206299 -0.135023 -0.0543922 -0.206333 -0.134639 -0.0543384 -0.206355 -0.129355 -0.0540607 -0.204707 -0.129663 -0.053968 -0.204835 -0.129022 -0.0541725 -0.204555 -0.128696 -0.0542945 -0.204392 -0.128378 -0.0544262 -0.204219 -0.12807 -0.0545675 -0.204036 -0.12777 -0.0547179 -0.203843 -0.12751 -0.0548607 -0.203662 -0.127259 -0.0550102 -0.203474 -0.127018 -0.055166 -0.203278 -0.126787 -0.0553278 -0.203077 -0.139923 -0.0495361 -0.180676 -0.14019 -0.049337 -0.180868 -0.138151 -0.0553141 -0.205659 -0.137848 -0.0551812 -0.205768 -0.137539 -0.0550567 -0.205869 -0.137225 -0.0549408 -0.20596 -0.136874 -0.0548236 -0.20605 -0.136516 -0.0547164 -0.206129 -0.13615 -0.0546193 -0.206197 -0.129978 -0.0538833 -0.204955 -0.126566 -0.0554953 -0.20287 -0.126334 -0.0556875 -0.202634 -0.131385 -0.0520816 -0.179878 -0.131755 -0.0521311 -0.179808 -0.132133 -0.0521704 -0.179748 -0.13498 -0.0521127 -0.179674 -0.135318 -0.0520639 -0.17971 -0.13569 -0.0519993 -0.17976 -0.13606 -0.0519235 -0.179822 -0.132516 -0.0521986 -0.1797 -0.132901 -0.0522156 -0.179664 -0.133249 -0.0522213 -0.179641 -0.133597 -0.0522178 -0.179629 -0.133945 -0.0522052 -0.179625 -0.134292 -0.0521834 -0.179632 -0.134637 -0.0521526 -0.179648 -0.140921 -0.0486921 -0.181495 -0.14069 -0.0489145 -0.181278 -0.141118 -0.0484863 -0.181696 -0.141303 -0.0482757 -0.181902 -0.141477 -0.0480606 -0.182113 -0.141639 -0.0478415 -0.182328 -0.141802 -0.047596 -0.182569 -0.141951 -0.0473447 -0.182817 -0.142086 -0.0470885 -0.183069 -0.142205 -0.0468278 -0.183327 -0.134293 -0.0542997 -0.206365 -0.133945 -0.0542701 -0.206365 -0.130987 -0.0543985 -0.205964 -0.130656 -0.0544568 -0.205871 -0.13033 -0.0545238 -0.20577 -0.130009 -0.0545994 -0.205659 -0.142309 -0.0465635 -0.183588 -0.142397 -0.046296 -0.183852 -0.140446 -0.0491296 -0.181069 -0.133598 -0.0542498 -0.206356 -0.133251 -0.0542387 -0.206337 -0.132872 -0.0542373 -0.206305 -0.132492 -0.0542471 -0.20626 -0.132113 -0.0542682 -0.206204 -0.131735 -0.0543005 -0.206136 -0.131359 -0.054344 -0.206056 -0.125713 -0.0563075 -0.201877 -0.125907 -0.0560945 -0.202136 -0.125552 -0.056504 -0.201639 -0.125402 -0.0567046 -0.201397 -0.125264 -0.0569088 -0.201151 -0.125139 -0.0571161 -0.200902 -0.125027 -0.057326 -0.20065 -0.124928 -0.0575381 -0.200396 -0.124843 -0.0577519 -0.20014 -0.124763 -0.0579909 -0.199854 -0.124698 -0.0582355 -0.199563 -0.136427 -0.0518365 -0.179896 -0.13679 -0.0517385 -0.179981 -0.137148 -0.0516296 -0.180078 -0.139284 -0.050682 -0.180961 -0.139574 -0.0505033 -0.181132 -0.139854 -0.0503152 -0.181313 -0.140124 -0.0501183 -0.181502 -0.126114 -0.0558876 -0.202388 -0.12465 -0.0584824 -0.199268 -0.1375 -0.0515102 -0.180186 -0.137811 -0.051394 -0.180292 -0.138116 -0.0512696 -0.180407 -0.138414 -0.0511375 -0.18053 -0.138704 -0.0509979 -0.180661 -0.138985 -0.0508511 -0.1808 -0.142553 -0.0455644 -0.184577 -0.142514 -0.0458093 -0.184334 -0.142578 -0.0453192 -0.18482 -0.142591 -0.0450472 -0.185089 -0.142587 -0.0447743 -0.185359 -0.142567 -0.0445011 -0.18563 -0.14253 -0.0442283 -0.1859 -0.142477 -0.0439566 -0.186169 -0.142415 -0.0437137 -0.18641 -0.142341 -0.0434728 -0.186648 -0.142253 -0.0432344 -0.186884 -0.129693 -0.0546832 -0.20554 -0.129384 -0.0547751 -0.205412 -0.129082 -0.0548749 -0.205276 -0.127065 -0.0558573 -0.204012 -0.126831 -0.056018 -0.203812 -0.126608 -0.0561843 -0.203606 -0.126396 -0.056356 -0.203394 -0.142462 -0.0460533 -0.184093 -0.142153 -0.042999 -0.187116 -0.128755 -0.054995 -0.205116 -0.142041 -0.0427672 -0.187345 -0.128435 -0.055125 -0.204945 -0.128125 -0.0552645 -0.204763 -0.127824 -0.0554133 -0.204572 -0.127561 -0.0555546 -0.204392 -0.127308 -0.0557027 -0.204205 -0.1246 -0.0591792 -0.198438 -0.124602 -0.0589549 -0.198705 -0.124612 -0.0594031 -0.198171 -0.124637 -0.059626 -0.197906 -0.124675 -0.0598474 -0.197642 -0.124727 -0.0600668 -0.19738 -0.124791 -0.0602837 -0.197121 -0.124877 -0.0605224 -0.196836 -0.12498 -0.0607594 -0.196552 -0.125099 -0.0609941 -0.196271 -0.125234 -0.0612258 -0.195993 -0.140383 -0.049913 -0.181701 -0.14063 -0.0496998 -0.181908 -0.140865 -0.0494793 -0.182123 -0.142179 -0.0476254 -0.183944 -0.142287 -0.0473619 -0.184205 -0.142379 -0.0470952 -0.184468 -0.142448 -0.046853 -0.184708 -0.124617 -0.0587307 -0.198972 -0.125385 -0.0614539 -0.195719 -0.125551 -0.0616776 -0.195449 -0.141065 -0.049275 -0.182322 -0.141254 -0.0490657 -0.182527 -0.141431 -0.0488519 -0.182737 -0.141596 -0.0486339 -0.182951 -0.141764 -0.0483898 -0.183191 -0.141917 -0.04814 -0.183437 -0.142055 -0.047885 -0.183688 -0.141574 -0.0420162 -0.188085 -0.141745 -0.0422631 -0.187843 -0.141388 -0.0417743 -0.188323 -0.141209 -0.0415613 -0.188532 -0.141018 -0.0413533 -0.188736 -0.12478 -0.0586455 -0.20063 -0.124711 -0.0588894 -0.200339 -0.140816 -0.0411508 -0.188934 -0.124658 -0.0591357 -0.200045 -0.140604 -0.0409541 -0.189126 -0.12462 -0.0593838 -0.199749 -0.140383 -0.0407638 -0.189311 -0.140152 -0.0405801 -0.189489 -0.139912 -0.0404034 -0.18966 -0.126174 -0.0565525 -0.203153 -0.139636 -0.0402157 -0.189841 -0.125963 -0.0567574 -0.202903 -0.125766 -0.0569687 -0.202646 -0.124856 -0.0584306 -0.200887 -0.141901 -0.0425142 -0.187595 -0.125582 -0.0571858 -0.202383 -0.12543 -0.0573856 -0.202141 -0.125289 -0.0575891 -0.201896 -0.139344 -0.0400337 -0.190016 -0.125161 -0.0577959 -0.201648 -0.139042 -0.0398599 -0.190182 -0.125047 -0.0580053 -0.201396 -0.124945 -0.0582171 -0.201142 -0.126071 -0.0622549 -0.194749 -0.125886 -0.0620673 -0.194977 -0.126286 -0.0624546 -0.194505 -0.126516 -0.0626485 -0.194267 -0.126759 -0.0628359 -0.194036 -0.127015 -0.0630164 -0.193812 -0.127284 -0.0631894 -0.193596 -0.127536 -0.0633382 -0.193409 -0.127796 -0.0634803 -0.193228 -0.128065 -0.0636152 -0.193056 -0.142504 -0.0466092 -0.184949 -0.142547 -0.0463645 -0.185191 -0.142577 -0.0461193 -0.185434 -0.142378 -0.0442972 -0.187239 -0.142295 -0.0440576 -0.187476 -0.1422 -0.0438209 -0.18771 -0.142093 -0.0435875 -0.18794 -0.125713 -0.0618748 -0.19521 -0.128373 -0.0637563 -0.192874 -0.128692 -0.0638892 -0.1927 -0.142593 -0.0458741 -0.185677 -0.142595 -0.0456014 -0.185947 -0.142581 -0.0453281 -0.186218 -0.14255 -0.045055 -0.186489 -0.142503 -0.0447827 -0.186758 -0.142447 -0.044539 -0.187 -0.138407 -0.0395389 -0.190486 -0.138729 -0.0396948 -0.190339 -0.138109 -0.0394068 -0.19061 -0.137804 -0.0392827 -0.190725 -0.124601 -0.0596079 -0.199482 -0.137495 -0.039167 -0.190831 -0.124595 -0.0598323 -0.199215 -0.13718 -0.0390599 -0.190929 -0.124602 -0.0600565 -0.198948 -0.13686 -0.0389615 -0.191017 -0.136538 -0.0388721 -0.191096 -0.136175 -0.0387834 -0.191173 -0.135807 -0.0387052 -0.191238 -0.135433 -0.0386375 -0.191293 -0.125188 -0.0618847 -0.196764 -0.125334 -0.062114 -0.196488 -0.125495 -0.0623391 -0.196217 -0.124623 -0.0602798 -0.198682 -0.124657 -0.0605019 -0.198417 -0.124704 -0.0607221 -0.198155 -0.135054 -0.0385807 -0.191336 -0.124764 -0.06094 -0.197895 -0.134672 -0.0385349 -0.191367 -0.124845 -0.0611789 -0.197609 -0.124944 -0.0614165 -0.197325 -0.125058 -0.061652 -0.197043 -0.131993 -0.0646362 -0.191602 -0.131616 -0.0646004 -0.191673 -0.132375 -0.064661 -0.191543 -0.132759 -0.0646746 -0.191495 -0.129633 -0.0642101 -0.192268 -0.129324 -0.0641154 -0.192398 -0.129947 -0.0642963 -0.192147 -0.130266 -0.0643739 -0.192035 -0.130589 -0.0644428 -0.191932 -0.130915 -0.0645028 -0.191839 -0.131244 -0.0645537 -0.191756 -0.141973 -0.0433579 -0.188167 -0.141826 -0.0431076 -0.188414 -0.141662 -0.0428586 -0.188659 -0.133145 -0.064677 -0.191459 -0.133493 -0.0646695 -0.191437 -0.140018 -0.0412011 -0.190279 -0.139773 -0.0410286 -0.190446 -0.139492 -0.0408456 -0.190622 -0.139195 -0.0406677 -0.190792 -0.129021 -0.0640126 -0.192536 -0.141483 -0.0426141 -0.1889 -0.14129 -0.0423749 -0.189134 -0.141104 -0.0421647 -0.189341 -0.140906 -0.0419598 -0.189541 -0.140699 -0.0417605 -0.189736 -0.140481 -0.0415674 -0.189924 -0.140254 -0.0413808 -0.190105 -0.125653 -0.0625377 -0.195977 -0.125823 -0.0627319 -0.195742 -0.126004 -0.0629213 -0.195512 -0.13359 -0.0384664 -0.191391 -0.133939 -0.0384787 -0.191393 -0.127969 -0.0642993 -0.193801 -0.128243 -0.0644294 -0.193633 -0.133242 -0.0384632 -0.191379 -0.128556 -0.0645649 -0.193457 -0.132896 -0.0384692 -0.191357 -0.132551 -0.0384844 -0.191326 -0.128881 -0.0646924 -0.193289 -0.132209 -0.0385087 -0.191285 -0.131834 -0.0385462 -0.191228 -0.131461 -0.038595 -0.19116 -0.131091 -0.0386549 -0.19108 -0.130723 -0.0387259 -0.190988 -0.13036 -0.0388079 -0.190885 -0.126215 -0.0631228 -0.195266 -0.12644 -0.0633186 -0.195026 -0.12668 -0.0635081 -0.194793 -0.126932 -0.0636909 -0.194566 -0.127197 -0.0638663 -0.194348 -0.127446 -0.0640175 -0.194158 -0.127703 -0.0641619 -0.193976 -0.134534 -0.0645921 -0.191429 -0.134188 -0.064627 -0.191422 -0.13491 -0.0645432 -0.191448 -0.135286 -0.0644829 -0.191478 -0.13566 -0.0644113 -0.191521 -0.136032 -0.0643284 -0.191575 -0.134286 -0.0385003 -0.191386 -0.136401 -0.0642345 -0.191641 -0.136764 -0.0641296 -0.191719 -0.137123 -0.064014 -0.191808 -0.13744 -0.0639012 -0.191897 -0.130002 -0.0389005 -0.19077 -0.129686 -0.0389928 -0.190657 -0.133841 -0.0646528 -0.191425 -0.137751 -0.0637801 -0.191995 -0.138088 -0.0636364 -0.192113 -0.138887 -0.0404982 -0.190954 -0.138569 -0.0403377 -0.191106 -0.138275 -0.0402013 -0.191234 -0.135656 -0.0393993 -0.191953 -0.13528 -0.039336 -0.192003 -0.134899 -0.0392837 -0.192041 -0.134516 -0.0392424 -0.192067 -0.137974 -0.0400728 -0.191354 -0.137667 -0.0399524 -0.191465 -0.137354 -0.0398405 -0.191568 -0.137037 -0.0397374 -0.191661 -0.136716 -0.039643 -0.191746 -0.136392 -0.0395577 -0.19182 -0.136027 -0.0394733 -0.191892 -0.128774 -0.0393181 -0.190268 -0.129071 -0.0392018 -0.190406 -0.128457 -0.0394545 -0.190107 -0.128149 -0.0396008 -0.189937 -0.127849 -0.0397567 -0.189755 -0.127558 -0.0399217 -0.189564 -0.127279 -0.0400955 -0.189364 -0.12701 -0.0402776 -0.189155 -0.126778 -0.0404481 -0.18896 -0.126557 -0.0406246 -0.188759 -0.129181 -0.0647989 -0.193146 -0.129488 -0.0648974 -0.193012 -0.1298 -0.0649875 -0.192887 -0.132596 -0.0654003 -0.192199 -0.132981 -0.0654074 -0.192159 -0.133329 -0.0654042 -0.192132 -0.129375 -0.0390933 -0.190536 -0.126346 -0.0408067 -0.188552 -0.130117 -0.0650692 -0.192771 -0.126146 -0.0409939 -0.188339 -0.130438 -0.0651422 -0.192664 -0.130763 -0.0652063 -0.192567 -0.131091 -0.0652614 -0.192479 -0.131458 -0.0653121 -0.192392 -0.131833 -0.0653525 -0.192317 -0.132213 -0.065382 -0.192252 -0.13902 -0.0631643 -0.192516 -0.138739 -0.0633193 -0.192382 -0.139293 -0.0630022 -0.192657 -0.139556 -0.0628333 -0.192805 -0.139811 -0.0626579 -0.192961 -0.140055 -0.0624764 -0.193123 -0.140289 -0.0622891 -0.193291 -0.14054 -0.0620716 -0.193488 -0.140778 -0.0618463 -0.193693 -0.141005 -0.0616139 -0.193905 -0.141197 -0.061399 -0.194102 -0.138418 -0.0634827 -0.192243 -0.130906 -0.0394121 -0.191727 -0.13054 -0.0394886 -0.191629 -0.141377 -0.0611794 -0.194304 -0.130179 -0.0395758 -0.19152 -0.141547 -0.0609553 -0.194511 -0.129825 -0.0396737 -0.1914 -0.13413 -0.0392123 -0.192082 -0.133781 -0.039195 -0.192085 -0.133433 -0.0391868 -0.192078 -0.131647 -0.0392922 -0.191887 -0.131275 -0.0393466 -0.191813 -0.133086 -0.0391878 -0.192061 -0.132739 -0.0391979 -0.192035 -0.132396 -0.0392172 -0.192 -0.132021 -0.0392491 -0.191949 -0.133678 -0.0653918 -0.192115 -0.134025 -0.0653702 -0.192108 -0.134372 -0.0653396 -0.19211 -0.13726 -0.064697 -0.19253 -0.137574 -0.0645806 -0.192623 -0.137883 -0.0644561 -0.192725 -0.138217 -0.0643085 -0.192848 -0.125581 -0.0416289 -0.187621 -0.125762 -0.0414042 -0.187874 -0.125413 -0.0418592 -0.187361 -0.125261 -0.0420944 -0.187096 -0.125136 -0.0423099 -0.186854 -0.125024 -0.0425285 -0.186608 -0.124925 -0.0427496 -0.18636 -0.124839 -0.0429728 -0.186109 -0.124766 -0.0431976 -0.185857 -0.124707 -0.0434234 -0.185604 -0.124656 -0.0436752 -0.185322 -0.136192 -0.0784874 -0.205056 -0.13744 -0.0781395 -0.205388 -0.136203 -0.0784848 -0.205058 -0.136215 -0.0784822 -0.205061 -0.134716 -0.0652998 -0.192122 -0.135093 -0.0652454 -0.192147 -0.135468 -0.0651796 -0.192183 -0.135842 -0.0651025 -0.192232 -0.136212 -0.0650143 -0.192292 -0.136578 -0.0649151 -0.192363 -0.13694 -0.064805 -0.192446 -0.125958 -0.0411858 -0.188121 -0.124622 -0.043931 -0.185035 -0.124603 -0.0441881 -0.184748 -0.136227 -0.0784796 -0.205063 -0.14198 -0.0602618 -0.195154 -0.141848 -0.0604961 -0.194936 -0.142099 -0.0600252 -0.195374 -0.142215 -0.0597597 -0.195622 -0.142317 -0.0594896 -0.195874 -0.142403 -0.0592156 -0.19613 -0.142473 -0.0589385 -0.19639 -0.142527 -0.0586589 -0.196652 -0.142565 -0.0583776 -0.196916 -0.142585 -0.0581236 -0.197155 -0.136238 -0.078477 -0.205066 -0.137122 -0.0782422 -0.205289 -0.129511 -0.0397706 -0.191282 -0.141704 -0.0607274 -0.194721 -0.129204 -0.0398756 -0.191156 -0.128904 -0.0399885 -0.191022 -0.142592 -0.0578694 -0.197393 -0.142584 -0.0575903 -0.197655 -0.12665 -0.0412699 -0.189539 -0.126434 -0.0414496 -0.189334 -0.126229 -0.0416346 -0.189124 -0.126036 -0.0418245 -0.188908 -0.13625 -0.0784744 -0.205068 -0.128611 -0.040109 -0.190879 -0.128298 -0.0402505 -0.190713 -0.127994 -0.0404017 -0.190537 -0.127699 -0.0405622 -0.190351 -0.127413 -0.0407318 -0.190155 -0.127139 -0.0409098 -0.189951 -0.126876 -0.0410959 -0.189737 -0.137041 -0.0782666 -0.205265 -0.136261 -0.0784718 -0.205071 -0.125078 -0.0462769 -0.182407 -0.124963 -0.0460364 -0.182677 -0.125211 -0.0465177 -0.182137 -0.125359 -0.046755 -0.18187 -0.125522 -0.0469882 -0.181607 -0.137001 -0.0782785 -0.205254 -0.136273 -0.0784691 -0.205073 -0.124639 -0.0449088 -0.183941 -0.124614 -0.0446776 -0.1842 -0.124678 -0.0451387 -0.183683 -0.12473 -0.0453669 -0.183428 -0.124795 -0.0455929 -0.183175 -0.124873 -0.0458162 -0.182924 -0.138544 -0.064151 -0.192981 -0.138831 -0.0640011 -0.193109 -0.139109 -0.0638439 -0.193245 -0.140868 -0.062489 -0.194458 -0.14109 -0.0622539 -0.194673 -0.141277 -0.062037 -0.194872 -0.141453 -0.0618153 -0.195076 -0.125681 -0.0471939 -0.181376 -0.125853 -0.0473951 -0.181148 -0.136961 -0.0782904 -0.205242 -0.139379 -0.0636796 -0.193389 -0.13964 -0.0635086 -0.19354 -0.139891 -0.0633312 -0.193697 -0.140132 -0.0631479 -0.193861 -0.140388 -0.0629375 -0.194051 -0.140634 -0.062717 -0.19425 -0.142461 -0.0567539 -0.19844 -0.142518 -0.0570319 -0.198179 -0.124601 -0.0444458 -0.184459 -0.142395 -0.0565053 -0.198673 -0.142317 -0.0562586 -0.198904 -0.142225 -0.0560145 -0.199132 -0.142121 -0.0557733 -0.199358 -0.142005 -0.0555356 -0.199579 -0.141861 -0.0552761 -0.199821 -0.141701 -0.0550176 -0.200061 -0.141543 -0.054789 -0.200273 -0.141374 -0.0545648 -0.20048 -0.136296 -0.0784638 -0.205078 -0.13692 -0.0783021 -0.205231 -0.125835 -0.0420404 -0.188664 -0.125648 -0.0422627 -0.188413 -0.125474 -0.0424909 -0.188155 -0.142559 -0.0573109 -0.197918 -0.141194 -0.0543454 -0.200682 -0.141003 -0.0541314 -0.200878 -0.124721 -0.0440729 -0.186378 -0.124665 -0.0443245 -0.186096 -0.124626 -0.0445799 -0.18581 -0.124603 -0.0448368 -0.185522 -0.136319 -0.0784585 -0.205083 -0.13688 -0.0783137 -0.20522 -0.125316 -0.0427243 -0.187892 -0.125172 -0.0429623 -0.187624 -0.125056 -0.04318 -0.18738 -0.124953 -0.0434003 -0.187132 -0.124862 -0.0436229 -0.186882 -0.124785 -0.0438473 -0.186631 -0.136342 -0.0784531 -0.205088 -0.136839 -0.0783252 -0.205209 -0.141617 -0.0615895 -0.195285 -0.141769 -0.06136 -0.195498 -0.141908 -0.0611273 -0.195714 -0.126432 -0.0479676 -0.1805 -0.126229 -0.0477824 -0.18071 -0.126646 -0.0481465 -0.180297 -0.126869 -0.0483189 -0.180101 -0.127128 -0.0485025 -0.179891 -0.142582 -0.0589728 -0.197729 -0.142595 -0.0587186 -0.197967 -0.1274 -0.0486795 -0.179688 -0.127684 -0.0488491 -0.179493 -0.142595 -0.0584644 -0.198206 -0.127981 -0.0490107 -0.179306 -0.142579 -0.058185 -0.198468 -0.128288 -0.0491639 -0.179128 -0.128605 -0.0493082 -0.17896 -0.136365 -0.0784477 -0.205093 -0.142035 -0.0608919 -0.195933 -0.142159 -0.060629 -0.196178 -0.142269 -0.0603612 -0.196428 -0.142363 -0.0600892 -0.196682 -0.142442 -0.0598136 -0.19694 -0.136799 -0.0783365 -0.205198 -0.142505 -0.0595352 -0.197201 -0.142551 -0.0592547 -0.197464 -0.126035 -0.0475915 -0.180927 -0.128899 -0.04943 -0.178816 -0.129199 -0.049544 -0.178681 -0.136388 -0.0784422 -0.205098 -0.140369 -0.0535257 -0.20143 -0.14059 -0.0537211 -0.201253 -0.140112 -0.0533164 -0.201619 -0.139842 -0.0531138 -0.2018 -0.13956 -0.0529186 -0.201974 -0.139265 -0.0527312 -0.202139 -0.13896 -0.0525521 -0.202296 -0.138645 -0.0523818 -0.202443 -0.138352 -0.0522365 -0.202567 -0.138054 -0.052099 -0.202683 -0.136753 -0.0783489 -0.205187 -0.124596 -0.0450945 -0.185234 -0.124604 -0.0453265 -0.184974 -0.124625 -0.045558 -0.184715 -0.125309 -0.0474121 -0.182636 -0.125467 -0.0476466 -0.182372 -0.140802 -0.0539231 -0.201069 -0.125641 -0.0478765 -0.182113 -0.12581 -0.0480788 -0.181884 -0.137748 -0.0519697 -0.20279 -0.137437 -0.0518488 -0.202889 -0.136708 -0.0783611 -0.205175 -0.136434 -0.0784311 -0.205109 -0.124659 -0.0457884 -0.184457 -0.124707 -0.0460174 -0.1842 -0.124767 -0.0462442 -0.183946 -0.124841 -0.0464685 -0.183695 -0.124927 -0.0466898 -0.183447 -0.125038 -0.0469318 -0.183175 -0.125165 -0.0471736 -0.182904 -0.142546 -0.0579056 -0.198731 -0.142497 -0.0576269 -0.198992 -0.142432 -0.0573496 -0.199252 -0.130134 -0.049836 -0.17833 -0.129818 -0.0497472 -0.178438 -0.130487 -0.0499233 -0.178222 -0.141606 -0.0555964 -0.200887 -0.141441 -0.0553704 -0.201096 -0.130847 -0.0500005 -0.178124 -0.141264 -0.0551492 -0.2013 -0.131214 -0.0500673 -0.178038 -0.141077 -0.0549331 -0.201499 -0.131587 -0.0501235 -0.177962 -0.131964 -0.0501688 -0.177898 -0.132346 -0.0502032 -0.177846 -0.13273 -0.0502264 -0.177805 -0.133077 -0.0502376 -0.177779 -0.133425 -0.0502397 -0.177762 -0.136617 -0.0783851 -0.205152 -0.129506 -0.0496497 -0.178555 -0.133773 -0.0502327 -0.177756 -0.13412 -0.0502164 -0.177758 -0.14236 -0.0571019 -0.199484 -0.142275 -0.0568564 -0.199714 -0.142177 -0.0566138 -0.199941 -0.142066 -0.0563743 -0.200164 -0.141929 -0.0561127 -0.200408 -0.141775 -0.0558523 -0.20065 -0.136371 -0.0515103 -0.20315 -0.136734 -0.051613 -0.203074 -0.136003 -0.0514182 -0.203215 -0.13563 -0.0513368 -0.203268 -0.135291 -0.051273 -0.203307 -0.134949 -0.0512181 -0.203335 -0.134605 -0.0511725 -0.203355 -0.134222 -0.0511325 -0.203365 -0.133837 -0.0511035 -0.203363 -0.13345 -0.0510859 -0.20335 -0.133103 -0.0510798 -0.203327 -0.12599 -0.0482763 -0.181661 -0.126181 -0.0484686 -0.181444 -0.126383 -0.0486551 -0.181232 -0.128539 -0.0500087 -0.179678 -0.128831 -0.0501323 -0.179533 -0.137089 -0.0517259 -0.202986 -0.12913 -0.050248 -0.179396 -0.129435 -0.0503557 -0.179268 -0.132756 -0.0510828 -0.203295 -0.132412 -0.0510949 -0.203253 -0.126595 -0.0488355 -0.181027 -0.126816 -0.0490094 -0.180829 -0.127072 -0.0491948 -0.180618 -0.127342 -0.0493733 -0.180413 -0.127624 -0.0495444 -0.180216 -0.127918 -0.0497077 -0.180028 -0.128223 -0.0498626 -0.179848 -0.138165 -0.0528724 -0.203334 -0.137862 -0.0527401 -0.203444 -0.137553 -0.052616 -0.203546 -0.137208 -0.0524898 -0.203647 -0.134879 -0.0501478 -0.177799 -0.134499 -0.0501878 -0.177773 -0.135257 -0.0500965 -0.177837 -0.135633 -0.0500339 -0.177887 -0.140879 -0.0547227 -0.201692 -0.136007 -0.0499602 -0.177949 -0.140671 -0.0545183 -0.201878 -0.136377 -0.0498755 -0.178023 -0.140453 -0.0543203 -0.202058 -0.136705 -0.0497901 -0.178098 -0.137029 -0.0496961 -0.178183 -0.137347 -0.0495937 -0.178277 -0.137659 -0.0494832 -0.178379 -0.137964 -0.0493648 -0.17849 -0.140226 -0.0541292 -0.202231 -0.139962 -0.0539238 -0.202415 -0.139684 -0.0537254 -0.202593 -0.139395 -0.0535346 -0.202762 -0.139094 -0.0533519 -0.202922 -0.138783 -0.0531778 -0.203073 -0.138462 -0.0530128 -0.203215 -0.138295 -0.0492239 -0.178623 -0.138618 -0.049073 -0.178766 -0.131397 -0.0511855 -0.203071 -0.131731 -0.0511464 -0.203141 -0.13103 -0.0512392 -0.202983 -0.130664 -0.0513043 -0.202882 -0.130303 -0.0513803 -0.20277 -0.129946 -0.0514671 -0.202646 -0.129596 -0.0515643 -0.202512 -0.129287 -0.0516605 -0.202381 -0.128984 -0.0517647 -0.202242 -0.128689 -0.0518766 -0.202095 -0.13207 -0.0511161 -0.203202 -0.128402 -0.051996 -0.201941 -0.128123 -0.0521226 -0.201779 -0.127826 -0.05227 -0.201592 -0.129746 -0.050455 -0.179148 -0.130062 -0.0505457 -0.179038 -0.130382 -0.0506277 -0.178937 -0.132964 -0.050964 -0.178472 -0.133312 -0.0509691 -0.178452 -0.133659 -0.050965 -0.178441 -0.134007 -0.0509518 -0.178441 -0.140699 -0.0379267 -0.186093 -0.140839 -0.038057 -0.185962 -0.136854 -0.0523735 -0.203738 -0.13074 -0.0507079 -0.178837 -0.136494 -0.0522673 -0.203818 -0.131105 -0.0507778 -0.178747 -0.136128 -0.0521716 -0.203886 -0.131476 -0.0508371 -0.178668 -0.131853 -0.0508857 -0.178601 -0.132233 -0.0509233 -0.178545 -0.132617 -0.0509498 -0.178501 -0.133541 -0.0518127 -0.204046 -0.133193 -0.0518042 -0.204026 -0.132846 -0.0518048 -0.203996 -0.132501 -0.0518146 -0.203957 -0.139505 -0.0485822 -0.179238 -0.139239 -0.0487426 -0.179083 -0.139762 -0.0484149 -0.179401 -0.14001 -0.0482411 -0.17957 -0.140248 -0.0480613 -0.179746 -0.140475 -0.0478757 -0.179927 -0.140692 -0.0476848 -0.180115 -0.140919 -0.0474669 -0.180329 -0.141136 -0.0472398 -0.180553 -0.14134 -0.047006 -0.180784 -0.14153 -0.0467664 -0.181021 -0.135756 -0.0520866 -0.203944 -0.13538 -0.0520125 -0.20399 -0.135038 -0.0519553 -0.204021 -0.134695 -0.0519072 -0.204043 -0.134313 -0.0518645 -0.204056 -0.133927 -0.051833 -0.204057 -0.138933 -0.0489124 -0.17892 -0.141688 -0.0465462 -0.181239 -0.141834 -0.0463222 -0.181462 -0.127261 -0.0525927 -0.201188 -0.127539 -0.0524268 -0.201394 -0.126995 -0.0527672 -0.200972 -0.126739 -0.0529499 -0.200747 -0.126495 -0.0531402 -0.200514 -0.126265 -0.0533376 -0.200274 -0.126069 -0.0535208 -0.200052 -0.125884 -0.053709 -0.199825 -0.125693 -0.0539226 -0.199568 -0.125516 -0.054142 -0.199305 -0.125354 -0.0543666 -0.199036 -0.140973 -0.0381897 -0.185829 -0.125221 -0.0545725 -0.19879 -0.125101 -0.0547817 -0.198541 -0.134386 -0.0509266 -0.178452 -0.134766 -0.05089 -0.178475 -0.135145 -0.050842 -0.178509 -0.137557 -0.0502499 -0.179029 -0.137864 -0.0501341 -0.179137 -0.138198 -0.0499962 -0.179267 -0.138524 -0.0498483 -0.179407 -0.141166 -0.0383932 -0.185624 -0.135522 -0.0507828 -0.178556 -0.135896 -0.0507124 -0.178614 -0.136267 -0.050631 -0.178684 -0.136597 -0.0505485 -0.178757 -0.136922 -0.0504573 -0.178839 -0.137243 -0.0503577 -0.17893 -0.132158 -0.0518335 -0.203908 -0.131818 -0.0518614 -0.20385 -0.131482 -0.0518982 -0.203783 -0.128795 -0.0525585 -0.202843 -0.128505 -0.0526752 -0.202691 -0.128222 -0.0527992 -0.202531 -0.127949 -0.0529303 -0.202364 -0.142196 -0.0456323 -0.182148 -0.142088 -0.0458647 -0.181916 -0.142291 -0.045398 -0.182381 -0.142372 -0.0451623 -0.182616 -0.142448 -0.0448952 -0.182882 -0.142509 -0.0446252 -0.183151 -0.142553 -0.0443532 -0.183423 -0.14258 -0.0440799 -0.183696 -0.142591 -0.0438333 -0.183942 -0.142589 -0.0435868 -0.184188 -0.131151 -0.0519437 -0.203706 -0.130784 -0.0520053 -0.203609 -0.130421 -0.0520777 -0.203501 -0.130062 -0.052161 -0.203381 -0.12971 -0.0522548 -0.20325 -0.129398 -0.052348 -0.203122 -0.129093 -0.0524493 -0.202987 -0.141967 -0.0460948 -0.181688 -0.142573 -0.043341 -0.184433 -0.142544 -0.0430964 -0.184678 -0.124817 -0.0554236 -0.197778 -0.124898 -0.0552078 -0.198034 -0.124742 -0.055665 -0.197492 -0.124682 -0.0559115 -0.1972 -0.124638 -0.05616 -0.196906 -0.124611 -0.0564098 -0.196611 -0.1246 -0.056635 -0.196345 -0.124603 -0.0568602 -0.196078 -0.124619 -0.0570848 -0.195813 -0.124648 -0.0573081 -0.195549 -0.124993 -0.0549936 -0.198289 -0.124691 -0.0575299 -0.195287 -0.124747 -0.0577495 -0.195027 -0.138841 -0.0496906 -0.179558 -0.13915 -0.0495234 -0.179718 -0.139419 -0.0493653 -0.179871 -0.141284 -0.0478047 -0.1814 -0.141478 -0.0475667 -0.181635 -0.14164 -0.0473478 -0.181852 -0.14179 -0.0471249 -0.182073 -0.13968 -0.0492003 -0.180031 -0.139931 -0.0490287 -0.180198 -0.140172 -0.0488508 -0.180371 -0.140403 -0.0486671 -0.180551 -0.140623 -0.0484779 -0.180737 -0.140855 -0.0482618 -0.180949 -0.141076 -0.0480366 -0.181171 -0.127658 -0.0530832 -0.202171 -0.127376 -0.0532453 -0.201969 -0.127104 -0.0534162 -0.201756 -0.125587 -0.0547718 -0.200109 -0.125418 -0.0549943 -0.199843 -0.125279 -0.0551986 -0.199599 -0.125153 -0.0554064 -0.199351 -0.142378 -0.0423747 -0.185398 -0.142446 -0.0426127 -0.18516 -0.142287 -0.0421122 -0.185659 -0.142179 -0.0418514 -0.185919 -0.142056 -0.0415931 -0.186176 -0.141916 -0.0413378 -0.18643 -0.141761 -0.0410863 -0.18668 -0.141591 -0.0408394 -0.186926 -0.141426 -0.0406216 -0.187142 -0.141249 -0.0404085 -0.187353 -0.141061 -0.0402006 -0.187558 -0.126844 -0.0535954 -0.201535 -0.126595 -0.0537825 -0.201306 -0.126359 -0.053977 -0.201069 -0.126157 -0.0541578 -0.20085 -0.125967 -0.0543437 -0.200625 -0.12577 -0.0545547 -0.20037 -0.125026 -0.0584665 -0.194176 -0.124917 -0.0582292 -0.194458 -0.125152 -0.0587012 -0.193897 -0.125293 -0.0589327 -0.193622 -0.142501 -0.0428534 -0.18492 -0.12545 -0.0591602 -0.19335 -0.125622 -0.0593831 -0.193083 -0.125789 -0.0595792 -0.192848 -0.125967 -0.0597705 -0.192618 -0.140862 -0.0399983 -0.187758 -0.126176 -0.0599748 -0.192371 -0.140653 -0.0398021 -0.187951 -0.1264 -0.0601734 -0.19213 -0.126637 -0.0603657 -0.191896 -0.124824 -0.05799 -0.194742 -0.126887 -0.0605511 -0.191669 -0.127123 -0.0607116 -0.191471 -0.141928 -0.0468986 -0.182298 -0.142053 -0.0466693 -0.182526 -0.142166 -0.0464376 -0.182757 -0.142596 -0.0443988 -0.18479 -0.142584 -0.0441526 -0.185036 -0.14256 -0.0439074 -0.185281 -0.142522 -0.0436638 -0.185524 -0.140156 -0.0393908 -0.188355 -0.140412 -0.0395933 -0.188157 -0.139888 -0.0391951 -0.188546 -0.139607 -0.0390067 -0.18873 -0.139314 -0.0388262 -0.188905 -0.13901 -0.0386542 -0.189072 -0.138696 -0.0384909 -0.189229 -0.138406 -0.038352 -0.189362 -0.138108 -0.038221 -0.189486 -0.125039 -0.0556171 -0.1991 -0.137804 -0.038098 -0.189602 -0.124938 -0.0558302 -0.198847 -0.137495 -0.0379836 -0.189709 -0.12485 -0.0560454 -0.198592 -0.124625 -0.0579005 -0.196397 -0.124659 -0.0581234 -0.196133 -0.124707 -0.0583444 -0.195872 -0.124768 -0.0585632 -0.195613 -0.142265 -0.0462038 -0.182989 -0.142351 -0.0459685 -0.183224 -0.142431 -0.0457058 -0.183486 -0.142496 -0.0454366 -0.183754 -0.142545 -0.0451651 -0.184025 -0.142578 -0.044892 -0.184298 -0.142593 -0.0446454 -0.184544 -0.124775 -0.056262 -0.198335 -0.124708 -0.0565039 -0.198048 -0.124655 -0.0567514 -0.197755 -0.124619 -0.0570006 -0.197461 -0.1246 -0.0572258 -0.197194 -0.124595 -0.0574512 -0.196928 -0.124603 -0.0576762 -0.196662 -0.137148 -0.0378677 -0.189817 -0.127622 -0.061013 -0.191097 -0.127368 -0.0608657 -0.19128 -0.136794 -0.0377616 -0.189914 -0.127885 -0.0611533 -0.190921 -0.128186 -0.0613005 -0.190734 -0.1285 -0.0614401 -0.190556 -0.128824 -0.0615705 -0.190387 -0.129123 -0.0616796 -0.190243 -0.129428 -0.0617807 -0.190108 -0.129738 -0.0618734 -0.189982 -0.130054 -0.0619577 -0.189865 -0.130374 -0.0620333 -0.189758 -0.130698 -0.0621 -0.189659 -0.131024 -0.0621578 -0.189571 -0.142471 -0.0434222 -0.185765 -0.142408 -0.0431831 -0.186004 -0.142322 -0.0429209 -0.186265 -0.141317 -0.0412082 -0.187968 -0.141133 -0.0409984 -0.188175 -0.140938 -0.040794 -0.188377 -0.140733 -0.0405955 -0.188573 -0.142219 -0.0426595 -0.186526 -0.142101 -0.0424002 -0.186784 -0.141967 -0.0421438 -0.187039 -0.141817 -0.041891 -0.18729 -0.141651 -0.0416425 -0.187537 -0.14149 -0.0414231 -0.187755 -0.135691 -0.0375056 -0.190139 -0.136064 -0.0375803 -0.190075 -0.135313 -0.0374418 -0.190191 -0.134971 -0.037394 -0.190228 -0.134627 -0.0373552 -0.190255 -0.134281 -0.0373256 -0.190273 -0.133936 -0.0373053 -0.190281 -0.133553 -0.0372935 -0.190279 -0.13317 -0.037293 -0.190264 -0.132786 -0.0373039 -0.190238 -0.124851 -0.0588033 -0.195328 -0.12495 -0.059042 -0.195045 -0.125065 -0.0592785 -0.194764 -0.126456 -0.0609524 -0.192756 -0.126697 -0.061143 -0.192523 -0.12695 -0.0613266 -0.192298 -0.136432 -0.0376657 -0.19 -0.132403 -0.037326 -0.1902 -0.132022 -0.0373593 -0.19015 -0.125196 -0.0595121 -0.194486 -0.125343 -0.0597423 -0.194212 -0.125505 -0.0599683 -0.193942 -0.125664 -0.0601675 -0.193703 -0.125834 -0.0603624 -0.193469 -0.126016 -0.0605523 -0.19324 -0.126229 -0.0607553 -0.192995 -0.132146 -0.0622877 -0.18934 -0.131767 -0.0622552 -0.189406 -0.132529 -0.0623091 -0.189287 -0.132914 -0.0623193 -0.189245 -0.133262 -0.0623189 -0.189217 -0.13361 -0.0623092 -0.189199 -0.133958 -0.0622905 -0.189191 -0.134304 -0.0622625 -0.189192 -0.134682 -0.0622214 -0.189205 -0.13506 -0.0621688 -0.18923 -0.135436 -0.0621048 -0.189267 -0.140495 -0.0403847 -0.18878 -0.140244 -0.04018 -0.188981 -0.13998 -0.039982 -0.189175 -0.131393 -0.0622118 -0.189483 -0.13581 -0.0620296 -0.189315 -0.137918 -0.0388652 -0.190252 -0.137611 -0.0387476 -0.190362 -0.136181 -0.0619433 -0.189375 -0.137267 -0.0386284 -0.190473 -0.136914 -0.0385189 -0.190574 -0.139703 -0.0397911 -0.189361 -0.139414 -0.039608 -0.18954 -0.139114 -0.0394331 -0.189709 -0.138803 -0.0392669 -0.189869 -0.138515 -0.0391251 -0.190005 -0.13822 -0.0389911 -0.190132 -0.127189 -0.0614854 -0.192103 -0.127437 -0.0616377 -0.191914 -0.127694 -0.0617831 -0.191732 -0.13101 -0.0375047 -0.189956 -0.131344 -0.0374474 -0.19003 -0.130681 -0.0375707 -0.189873 -0.130357 -0.0376452 -0.189782 -0.130004 -0.0377378 -0.189669 -0.129654 -0.0378416 -0.189545 -0.130142 -0.0627095 -0.19052 -0.130463 -0.0627827 -0.190415 -0.129311 -0.0379557 -0.18941 -0.130788 -0.0628469 -0.190319 -0.128975 -0.03808 -0.189264 -0.131151 -0.0629078 -0.190224 -0.12868 -0.0382001 -0.189124 -0.128392 -0.0383279 -0.188976 -0.128113 -0.0384631 -0.18882 -0.127959 -0.0619213 -0.191558 -0.128262 -0.0620661 -0.191374 -0.128579 -0.0622034 -0.191198 -0.128905 -0.0623315 -0.191032 -0.129205 -0.0624384 -0.190891 -0.129512 -0.0625372 -0.190758 -0.129825 -0.0626277 -0.190634 -0.131681 -0.0373989 -0.190095 -0.127842 -0.0386052 -0.188656 -0.12758 -0.0387541 -0.188486 -0.137194 -0.0616441 -0.189604 -0.136874 -0.0617493 -0.189521 -0.137509 -0.0615306 -0.189696 -0.137853 -0.0613947 -0.189808 -0.138189 -0.0612487 -0.189931 -0.138484 -0.0611089 -0.190051 -0.138772 -0.0609614 -0.190179 -0.139052 -0.0608066 -0.190314 -0.139324 -0.0606449 -0.190457 -0.139586 -0.0604764 -0.190607 -0.124868 -0.0436348 -0.180857 -0.12479 -0.0434096 -0.181104 -0.124962 -0.0438642 -0.180606 -0.136555 -0.0384195 -0.190664 -0.136189 -0.0383306 -0.190742 -0.125078 -0.0441037 -0.180344 -0.135817 -0.0382522 -0.19081 -0.125216 -0.0443557 -0.180068 -0.132952 -0.0380206 -0.190942 -0.132568 -0.0380378 -0.190909 -0.132186 -0.0380663 -0.190864 -0.136548 -0.0618461 -0.189447 -0.131844 -0.0381015 -0.190814 -0.125356 -0.0445859 -0.179815 -0.139838 -0.0603016 -0.190764 -0.140081 -0.0601209 -0.190927 -0.125505 -0.044813 -0.179566 -0.142354 -0.0743069 -0.209282 -0.135399 -0.0786366 -0.20492 -0.135401 -0.0786362 -0.20492 -0.135404 -0.0786357 -0.204921 -0.135407 -0.0786353 -0.204921 -0.13541 -0.0786348 -0.204922 -0.142076 -0.0745209 -0.209025 -0.142196 -0.074267 -0.209283 -0.142301 -0.0740092 -0.209545 -0.14239 -0.0737481 -0.20981 -0.135437 -0.0786306 -0.204925 -0.13544 -0.0786301 -0.204926 -0.135443 -0.0786297 -0.204926 -0.13546 -0.0786269 -0.204929 -0.142527 -0.0716557 -0.211941 -0.142478 -0.0714145 -0.212187 -0.135441 -0.0381848 -0.190866 -0.142417 -0.0711751 -0.21243 -0.135099 -0.0381336 -0.190907 -0.142343 -0.070938 -0.212672 -0.134756 -0.0380914 -0.190938 -0.142256 -0.0707038 -0.21291 -0.134411 -0.0380584 -0.190959 -0.142156 -0.0704729 -0.213144 -0.142031 -0.0702207 -0.213401 -0.134065 -0.0380346 -0.190971 -0.13372 -0.0380201 -0.190973 -0.142567 -0.0709539 -0.212753 -0.135446 -0.0786292 -0.204927 -0.135449 -0.0786287 -0.204927 -0.133336 -0.0380147 -0.190964 -0.135451 -0.0786283 -0.204927 -0.135454 -0.0786278 -0.204928 -0.135457 -0.0786273 -0.204928 -0.140796 -0.0686286 -0.215014 -0.140583 -0.0684357 -0.215209 -0.14036 -0.0682491 -0.215397 -0.140128 -0.0680693 -0.215577 -0.135194 -0.0628773 -0.189927 -0.13557 -0.0628093 -0.189968 -0.139887 -0.0678965 -0.215751 -0.135943 -0.0627302 -0.190021 -0.139638 -0.067731 -0.215917 -0.139348 -0.0675532 -0.216094 -0.139047 -0.0673835 -0.216264 -0.138734 -0.0672223 -0.216424 -0.138412 -0.0670701 -0.216574 -0.131522 -0.0629582 -0.19014 -0.14013 -0.0678579 -0.216002 -0.131898 -0.0629977 -0.190067 -0.135484 -0.0786231 -0.204932 -0.132279 -0.0630263 -0.190006 -0.135487 -0.0786226 -0.204932 -0.126831 -0.0392561 -0.187916 -0.127087 -0.0390704 -0.188126 -0.13549 -0.0786221 -0.204933 -0.135493 -0.0786216 -0.204933 -0.126583 -0.039452 -0.187695 -0.135496 -0.0786211 -0.204934 -0.126348 -0.0396556 -0.187465 -0.126126 -0.0398661 -0.187228 -0.125937 -0.0400611 -0.187009 -0.12576 -0.0402608 -0.186786 -0.125595 -0.0404648 -0.186557 -0.125441 -0.0406726 -0.186325 -0.125301 -0.0408837 -0.186089 -0.135513 -0.0786183 -0.204936 -0.135516 -0.0786178 -0.204937 -0.125173 -0.0410977 -0.18585 -0.135519 -0.0786173 -0.204937 -0.135522 -0.0786168 -0.204938 -0.135499 -0.0786207 -0.204934 -0.135502 -0.0786202 -0.204934 -0.135504 -0.0786197 -0.204935 -0.135507 -0.0786192 -0.204935 -0.13551 -0.0786188 -0.204936 -0.136539 -0.0664212 -0.217205 -0.136863 -0.0665079 -0.217123 -0.136212 -0.0663435 -0.217279 -0.135882 -0.066275 -0.217342 -0.135514 -0.0662096 -0.217401 -0.135137 -0.0661541 -0.21745 -0.134755 -0.0661096 -0.217487 -0.13437 -0.0660762 -0.217512 -0.133984 -0.066054 -0.217526 -0.134438 -0.0629791 -0.189881 -0.134816 -0.0629338 -0.189898 -0.132662 -0.0630438 -0.189956 -0.133048 -0.0630501 -0.189918 -0.133396 -0.0630461 -0.189894 -0.133745 -0.0630329 -0.18988 -0.134092 -0.0630105 -0.189876 -0.137183 -0.0666034 -0.217031 -0.133636 -0.0660437 -0.217528 -0.127328 -0.0389092 -0.188309 -0.133287 -0.0660426 -0.21752 -0.125058 -0.0413141 -0.185609 -0.135531 -0.0786154 -0.204939 -0.124946 -0.0415567 -0.185339 -0.135534 -0.0786149 -0.204939 -0.135537 -0.0786144 -0.20494 -0.13554 -0.0786139 -0.20494 -0.137499 -0.0667076 -0.21693 -0.135584 -0.0786065 -0.204947 -0.135543 -0.0786134 -0.204941 -0.135546 -0.0786129 -0.204941 -0.135549 -0.0786124 -0.204941 -0.135551 -0.0786119 -0.204942 -0.135554 -0.0786114 -0.204942 -0.140823 -0.0594701 -0.191522 -0.140586 -0.0596957 -0.191315 -0.141046 -0.0592374 -0.191737 -0.141236 -0.0590225 -0.191936 -0.141414 -0.0588028 -0.19214 -0.135566 -0.0786095 -0.204944 -0.135569 -0.078609 -0.204945 -0.141581 -0.0585788 -0.192348 -0.135572 -0.0786085 -0.204945 -0.141735 -0.0583511 -0.192561 -0.135575 -0.078608 -0.204945 -0.141877 -0.0581201 -0.192777 -0.135578 -0.0786075 -0.204946 -0.142006 -0.0578863 -0.192996 -0.135581 -0.078607 -0.204946 -0.142134 -0.0576248 -0.193242 -0.142246 -0.0573584 -0.193493 -0.135557 -0.0786109 -0.204943 -0.13556 -0.0786105 -0.204943 -0.135563 -0.07861 -0.204944 -0.131912 -0.0661295 -0.217393 -0.132252 -0.0660942 -0.217439 -0.131576 -0.0661737 -0.217337 -0.131208 -0.0662329 -0.217265 -0.130841 -0.0663037 -0.21718 -0.130477 -0.0663856 -0.217084 -0.130118 -0.0664782 -0.216976 -0.129765 -0.0665815 -0.216857 -0.129418 -0.0666951 -0.216728 -0.129112 -0.0668059 -0.216602 -0.131505 -0.0381457 -0.190754 -0.131169 -0.0381988 -0.190684 -0.130838 -0.0382606 -0.190606 -0.13294 -0.0660507 -0.217502 -0.132595 -0.0660679 -0.217475 -0.140338 -0.0599136 -0.191116 -0.12853 -0.0389875 -0.18974 -0.128246 -0.0391191 -0.189588 -0.128814 -0.0669245 -0.216468 -0.127971 -0.0392579 -0.189428 -0.142343 -0.0570878 -0.193748 -0.128523 -0.0670507 -0.216326 -0.127705 -0.0394035 -0.189261 -0.142425 -0.0568137 -0.194006 -0.135645 -0.0785958 -0.204956 -0.135648 -0.0785953 -0.204957 -0.135587 -0.078606 -0.204947 -0.130512 -0.0383311 -0.190518 -0.135589 -0.0786055 -0.204948 -0.13019 -0.0384099 -0.190422 -0.135593 -0.078605 -0.204948 -0.129841 -0.0385071 -0.190305 -0.135595 -0.0786045 -0.204949 -0.129494 -0.0386157 -0.190175 -0.135598 -0.078604 -0.204949 -0.129154 -0.0387346 -0.190035 -0.135601 -0.0786035 -0.204949 -0.128822 -0.0388634 -0.189884 -0.135633 -0.0785979 -0.204955 -0.135636 -0.0785974 -0.204955 -0.135639 -0.0785969 -0.204955 -0.135642 -0.0785964 -0.204956 -0.135604 -0.078603 -0.20495 -0.135607 -0.0786025 -0.20495 -0.13561 -0.078602 -0.204951 -0.135613 -0.0786014 -0.204951 -0.135616 -0.0786009 -0.204952 -0.136312 -0.06264 -0.190085 -0.135619 -0.0786004 -0.204952 -0.136678 -0.062539 -0.19016 -0.137001 -0.0624389 -0.190238 -0.135625 -0.0785994 -0.204953 -0.135628 -0.0785989 -0.204954 -0.135631 -0.0785984 -0.204954 -0.135622 -0.0785999 -0.204953 -0.139459 -0.0612907 -0.191218 -0.139716 -0.0611191 -0.191371 -0.139964 -0.0609413 -0.191531 -0.124767 -0.0420553 -0.184784 -0.124849 -0.0418042 -0.185063 -0.140227 -0.060737 -0.191716 -0.124702 -0.0423095 -0.184501 -0.124652 -0.0425659 -0.184216 -0.124619 -0.0428239 -0.183929 -0.124603 -0.0430569 -0.183671 -0.1246 -0.0432899 -0.183412 -0.124611 -0.0435226 -0.183153 -0.124635 -0.0437543 -0.182896 -0.124672 -0.0439845 -0.18264 -0.124723 -0.0442128 -0.182386 -0.127702 -0.0674717 -0.215855 -0.127967 -0.0673247 -0.216019 -0.12742 -0.0676425 -0.215665 -0.127148 -0.0678222 -0.215465 -0.126887 -0.0680106 -0.215257 -0.126637 -0.0682072 -0.215039 -0.126399 -0.0684115 -0.214814 -0.126173 -0.0686229 -0.214581 -0.125982 -0.0688187 -0.214365 -0.125802 -0.0690195 -0.214144 -0.125634 -0.0692245 -0.213919 -0.124794 -0.0444627 -0.182109 -0.12824 -0.0671842 -0.216176 -0.124881 -0.0447116 -0.181832 -0.13732 -0.0623304 -0.190325 -0.137667 -0.0622002 -0.190431 -0.138007 -0.0620597 -0.190548 -0.125477 -0.0694335 -0.21369 -0.13834 -0.0619092 -0.190676 -0.125334 -0.0696459 -0.213457 -0.138632 -0.0617655 -0.1908 -0.138916 -0.0616143 -0.190932 -0.139192 -0.0614559 -0.191071 -0.142468 -0.0544684 -0.196224 -0.142519 -0.0547166 -0.195989 -0.142405 -0.0542227 -0.196456 -0.135651 -0.0785948 -0.204957 -0.142319 -0.0539523 -0.196711 -0.142217 -0.0536833 -0.196965 -0.14257 -0.0560053 -0.19477 -0.14254 -0.0562577 -0.194532 -0.142588 -0.0557524 -0.195009 -0.142591 -0.0554715 -0.195275 -0.14258 -0.0552186 -0.195515 -0.142556 -0.0549668 -0.195753 -0.135654 -0.0785943 -0.204958 -0.135657 -0.0785938 -0.204958 -0.13566 -0.0785933 -0.204959 -0.135663 -0.0785927 -0.204959 -0.135666 -0.0785922 -0.20496 -0.135669 -0.0785917 -0.20496 -0.142098 -0.0534164 -0.197216 -0.135713 -0.0785839 -0.204967 -0.135715 -0.0785833 -0.204968 -0.135718 -0.0785828 -0.204968 -0.127448 -0.0395556 -0.189088 -0.127201 -0.0397139 -0.188908 -0.126965 -0.039878 -0.188722 -0.135672 -0.0785912 -0.204961 -0.135675 -0.0785907 -0.204961 -0.135677 -0.0785901 -0.204961 -0.13568 -0.0785896 -0.204962 -0.135683 -0.0785891 -0.204962 -0.135686 -0.0785886 -0.204963 -0.135689 -0.0785881 -0.204963 -0.135692 -0.0785875 -0.204964 -0.135695 -0.078587 -0.204964 -0.125364 -0.0415052 -0.186894 -0.125229 -0.0417179 -0.186656 -0.135698 -0.0785865 -0.204965 -0.125108 -0.0419332 -0.186416 -0.125 -0.0421506 -0.186174 -0.135701 -0.078586 -0.204965 -0.135704 -0.0785854 -0.204966 -0.135707 -0.0785849 -0.204966 -0.13571 -0.0785844 -0.204967 -0.142491 -0.0565368 -0.194268 -0.124969 -0.0703233 -0.212714 -0.125085 -0.0700789 -0.212982 -0.124869 -0.0705722 -0.212442 -0.124784 -0.0708248 -0.212166 -0.124715 -0.0710807 -0.211886 -0.124661 -0.071339 -0.211603 -0.124624 -0.071599 -0.211319 -0.124605 -0.0718339 -0.211062 -0.124599 -0.072069 -0.210805 -0.124607 -0.0723039 -0.210548 -0.126711 -0.0400697 -0.188505 -0.126469 -0.0402693 -0.188279 -0.12624 -0.0404762 -0.188047 -0.126024 -0.0406898 -0.187807 -0.125841 -0.0408874 -0.187585 -0.125669 -0.0410894 -0.187358 -0.12551 -0.0412955 -0.187128 -0.125203 -0.0698612 -0.213221 -0.140481 -0.0605225 -0.191912 -0.124628 -0.0725379 -0.210293 -0.140722 -0.0603002 -0.192116 -0.140952 -0.0600706 -0.192327 -0.124662 -0.0727705 -0.210038 -0.142095 -0.0584448 -0.193843 -0.142212 -0.05818 -0.194092 -0.142315 -0.0579108 -0.194346 -0.142402 -0.0576378 -0.194603 -0.125241 -0.0454451 -0.181015 -0.125105 -0.0452035 -0.181284 -0.125392 -0.0456829 -0.18075 -0.125541 -0.0458931 -0.180515 -0.125702 -0.0460991 -0.180285 -0.125875 -0.0463005 -0.180059 -0.126059 -0.0464969 -0.17984 -0.126272 -0.0467058 -0.179605 -0.126501 -0.0469092 -0.179376 -0.126743 -0.0471064 -0.179154 -0.135721 -0.0785822 -0.204969 -0.141168 -0.0598342 -0.192546 -0.141351 -0.0596163 -0.192748 -0.141522 -0.0593938 -0.192955 -0.141681 -0.0591674 -0.193166 -0.141828 -0.0589375 -0.193381 -0.141962 -0.0587045 -0.193599 -0.12486 -0.0735042 -0.209236 -0.124776 -0.0732532 -0.20951 -0.12496 -0.0737537 -0.208963 -0.124985 -0.0449588 -0.181557 -0.125076 -0.074001 -0.208692 -0.125208 -0.0742455 -0.208424 -0.126998 -0.0472969 -0.178939 -0.127266 -0.0474802 -0.178732 -0.125356 -0.0744863 -0.20816 -0.141649 -0.0526359 -0.197948 -0.141814 -0.052892 -0.197708 -0.141488 -0.0524097 -0.198159 -0.125519 -0.0747229 -0.2079 -0.125679 -0.0749316 -0.207671 -0.141316 -0.052188 -0.198366 -0.141132 -0.0519714 -0.198567 -0.12585 -0.0751358 -0.207447 -0.140937 -0.0517602 -0.198762 -0.140732 -0.051555 -0.198952 -0.126032 -0.075335 -0.207227 -0.140517 -0.0513561 -0.199134 -0.140292 -0.0511639 -0.19931 -0.140032 -0.0509577 -0.199498 -0.139758 -0.0507584 -0.199678 -0.135724 -0.0785817 -0.204969 -0.135727 -0.0785812 -0.20497 -0.13573 -0.0785807 -0.20497 -0.135733 -0.0785801 -0.204971 -0.135736 -0.0785796 -0.204971 -0.135739 -0.0785791 -0.204972 -0.135742 -0.0785785 -0.204972 -0.135786 -0.0785704 -0.204979 -0.135791 -0.0785693 -0.20498 -0.124709 -0.0730013 -0.209786 -0.141964 -0.0531524 -0.197464 -0.126225 -0.0755288 -0.207014 -0.139472 -0.0505665 -0.19985 -0.126428 -0.0757168 -0.206807 -0.139175 -0.0503827 -0.200014 -0.124895 -0.0423959 -0.185901 -0.124805 -0.0426452 -0.185623 -0.124731 -0.0428979 -0.185342 -0.135745 -0.078578 -0.204973 -0.135748 -0.0785775 -0.204973 -0.135751 -0.0785769 -0.204974 -0.135756 -0.0785758 -0.204975 -0.135762 -0.0785747 -0.204976 -0.135768 -0.0785737 -0.204976 -0.135774 -0.0785726 -0.204977 -0.124692 -0.0448279 -0.183197 -0.124756 -0.0450783 -0.182919 -0.13578 -0.0785715 -0.204978 -0.124836 -0.0453278 -0.182642 -0.124672 -0.0431532 -0.185058 -0.12463 -0.0434105 -0.184772 -0.124604 -0.0436691 -0.184485 -0.124595 -0.0439022 -0.184226 -0.1246 -0.0441352 -0.183967 -0.124617 -0.0443675 -0.183709 -0.124648 -0.0445986 -0.183452 -0.142474 -0.0573618 -0.194864 -0.142529 -0.0570833 -0.195127 -0.142568 -0.0568032 -0.195392 -0.135797 -0.0785682 -0.204981 -0.135803 -0.0785671 -0.204982 -0.142347 -0.0547467 -0.197336 -0.142249 -0.0544774 -0.19759 -0.142135 -0.0542101 -0.197842 -0.142005 -0.0539454 -0.198091 -0.128079 -0.0479507 -0.178196 -0.127808 -0.0478067 -0.17836 -0.128357 -0.0480872 -0.178039 -0.128643 -0.0482161 -0.17789 -0.128935 -0.048337 -0.17775 -0.129267 -0.0484617 -0.177605 -0.129607 -0.0485768 -0.177469 -0.129956 -0.048682 -0.177344 -0.127175 -0.076296 -0.206166 -0.126913 -0.0761094 -0.206373 -0.130312 -0.0487771 -0.17723 -0.127451 -0.0764755 -0.205967 -0.130674 -0.0488617 -0.177127 -0.127738 -0.0766473 -0.205776 -0.131004 -0.0489287 -0.177043 -0.128037 -0.0768109 -0.205593 -0.128347 -0.0769659 -0.20542 -0.128633 -0.0770976 -0.205272 -0.128928 -0.0772216 -0.205132 -0.129228 -0.0773376 -0.205001 -0.129535 -0.0774453 -0.204878 -0.135809 -0.078566 -0.204983 -0.135815 -0.0785649 -0.204984 -0.13582 -0.0785638 -0.204985 -0.135826 -0.0785627 -0.204986 -0.135861 -0.078556 -0.204993 -0.135867 -0.0785549 -0.204994 -0.135873 -0.0785537 -0.204995 -0.135879 -0.0785526 -0.204996 -0.142589 -0.0565504 -0.195631 -0.142596 -0.0562693 -0.195897 -0.142589 -0.0560161 -0.196136 -0.142569 -0.0557638 -0.196375 -0.142535 -0.0555128 -0.196613 -0.142488 -0.0552638 -0.196848 -0.142428 -0.0550173 -0.197081 -0.127547 -0.0476558 -0.178532 -0.126664 -0.0759161 -0.206587 -0.131338 -0.0489868 -0.176969 -0.138253 -0.049899 -0.200436 -0.138547 -0.0500408 -0.200314 -0.131675 -0.049036 -0.176905 -0.137952 -0.0497652 -0.20055 -0.137644 -0.0496397 -0.200655 -0.1373 -0.0495116 -0.20076 -0.136948 -0.0493933 -0.200855 -0.136589 -0.0492853 -0.200939 -0.136223 -0.0491877 -0.201012 -0.129847 -0.0775446 -0.204765 -0.135853 -0.0491008 -0.201074 -0.135516 -0.049032 -0.201119 -0.130164 -0.0776354 -0.20466 -0.138866 -0.0502072 -0.200169 -0.135176 -0.0489722 -0.201155 -0.134834 -0.0489216 -0.201182 -0.126631 -0.0477484 -0.179937 -0.126881 -0.047942 -0.179719 -0.127144 -0.0481286 -0.179508 -0.127419 -0.0483077 -0.179305 -0.135832 -0.0785616 -0.204987 -0.135838 -0.0785605 -0.204988 -0.124933 -0.0455759 -0.182366 -0.135844 -0.0785594 -0.204989 -0.125046 -0.0458218 -0.182092 -0.13585 -0.0785582 -0.204991 -0.125174 -0.046065 -0.181821 -0.135855 -0.0785571 -0.204992 -0.125983 -0.0471494 -0.18061 -0.126173 -0.0473424 -0.180394 -0.126395 -0.0475484 -0.180162 -0.125319 -0.0463046 -0.181554 -0.125479 -0.04654 -0.181291 -0.125635 -0.0467478 -0.181059 -0.125803 -0.0469511 -0.180832 -0.141859 -0.053684 -0.198336 -0.141697 -0.0534268 -0.198577 -0.140104 -0.051735 -0.200141 -0.139833 -0.0515339 -0.200323 -0.139551 -0.0513401 -0.200497 -0.139256 -0.0511541 -0.200663 -0.131163 -0.0778593 -0.204397 -0.130798 -0.0777881 -0.204481 -0.131534 -0.0779199 -0.204323 -0.13191 -0.0779698 -0.20426 -0.13229 -0.0780088 -0.204209 -0.132674 -0.0780367 -0.20417 -0.13306 -0.0780533 -0.204142 -0.133408 -0.0780586 -0.204128 -0.132732 -0.0491307 -0.176766 -0.132354 -0.049107 -0.176805 -0.133757 -0.0780547 -0.204123 -0.133117 -0.0491434 -0.176739 -0.134104 -0.0780416 -0.204128 -0.133503 -0.0491448 -0.176724 -0.134482 -0.0780167 -0.204144 -0.133889 -0.049135 -0.17672 -0.134237 -0.0491164 -0.176727 -0.134583 -0.0490887 -0.176744 -0.134927 -0.049052 -0.17677 -0.135269 -0.0490062 -0.176806 -0.135607 -0.0489516 -0.176852 -0.135941 -0.0488882 -0.176906 -0.135884 -0.0785515 -0.204997 -0.13589 -0.0785503 -0.204998 -0.135896 -0.0785492 -0.204999 -0.14154 -0.0531993 -0.19879 -0.14137 -0.0529762 -0.198997 -0.141189 -0.052758 -0.1992 -0.140997 -0.0525451 -0.199398 -0.140795 -0.052338 -0.199589 -0.140583 -0.0521372 -0.199774 -0.140361 -0.051943 -0.199951 -0.130485 -0.0777174 -0.204564 -0.132013 -0.0490761 -0.17685 -0.13486 -0.0779804 -0.204173 -0.133681 -0.048818 -0.201201 -0.134068 -0.0488414 -0.201206 -0.135238 -0.0779327 -0.204213 -0.13627 -0.0488162 -0.17697 -0.133333 -0.0488067 -0.201186 -0.136629 -0.0487264 -0.177051 -0.132986 -0.0488045 -0.201161 -0.13264 -0.0488115 -0.201127 -0.132297 -0.0488277 -0.201083 -0.131956 -0.0488528 -0.201029 -0.13162 -0.048887 -0.200967 -0.131251 -0.0489352 -0.200886 -0.130883 -0.0489948 -0.200793 -0.130518 -0.0490654 -0.200689 -0.135902 -0.078548 -0.205 -0.135908 -0.0785469 -0.205001 -0.135914 -0.0785457 -0.205002 -0.135919 -0.0785446 -0.205003 -0.135925 -0.0785434 -0.205004 -0.13596 -0.0785365 -0.205011 -0.135966 -0.0785353 -0.205012 -0.135972 -0.0785341 -0.205013 -0.135977 -0.0785329 -0.205014 -0.135983 -0.0785317 -0.205015 -0.135989 -0.0785306 -0.205016 -0.134454 -0.048876 -0.2012 -0.130159 -0.0491468 -0.200573 -0.129805 -0.0492389 -0.200446 -0.127705 -0.0484787 -0.17911 -0.127973 -0.0486254 -0.178943 -0.130547 -0.0495626 -0.177846 -0.130876 -0.049633 -0.177759 -0.135931 -0.0785423 -0.205005 -0.131208 -0.0496945 -0.177682 -0.135937 -0.0785411 -0.205006 -0.135943 -0.07854 -0.205007 -0.131544 -0.0497472 -0.177613 -0.135948 -0.0785388 -0.205008 -0.135954 -0.0785376 -0.205009 -0.128248 -0.0487648 -0.178783 -0.128531 -0.0488966 -0.178631 -0.128821 -0.0490207 -0.178487 -0.129149 -0.0491485 -0.178339 -0.129487 -0.049267 -0.1782 -0.129833 -0.0493757 -0.178071 -0.130187 -0.0494744 -0.177953 -0.13895 -0.0509764 -0.200821 -0.138634 -0.0508076 -0.200968 -0.138342 -0.0506635 -0.201093 -0.138916 -0.0767855 -0.205316 -0.138604 -0.0769414 -0.205162 -0.139154 -0.0477158 -0.178015 -0.138878 -0.047865 -0.177869 -0.135617 -0.0497751 -0.201799 -0.135278 -0.0497126 -0.201838 -0.139421 -0.0475599 -0.178167 -0.134937 -0.0496592 -0.201867 -0.139678 -0.0473977 -0.178326 -0.134594 -0.049615 -0.201887 -0.139952 -0.0472104 -0.17851 -0.140217 -0.0470132 -0.178705 -0.136357 -0.0777222 -0.204405 -0.135987 -0.0778035 -0.204329 -0.136723 -0.07763 -0.204492 -0.137047 -0.0775379 -0.20458 -0.137366 -0.0774373 -0.204677 -0.137679 -0.0773285 -0.204783 -0.137692 -0.0483888 -0.177366 -0.137344 -0.0485118 -0.17725 -0.137985 -0.0772117 -0.204896 -0.138 -0.0482695 -0.17748 -0.138284 -0.0770871 -0.205019 -0.1383 -0.0481422 -0.177602 -0.138593 -0.0480073 -0.177732 -0.138042 -0.0505274 -0.201209 -0.137736 -0.0503994 -0.201317 -0.137394 -0.0502686 -0.201425 -0.137044 -0.0501476 -0.201523 -0.136686 -0.0500368 -0.20161 -0.136322 -0.0499364 -0.201686 -0.135953 -0.0498466 -0.201751 -0.140471 -0.0468076 -0.178908 -0.13922 -0.0766198 -0.20548 -0.139514 -0.0764447 -0.205654 -0.129151 -0.0494421 -0.200175 -0.129457 -0.0493413 -0.200308 -0.128852 -0.0495507 -0.200033 -0.12856 -0.049667 -0.199884 -0.128276 -0.0497906 -0.199726 -0.127974 -0.0499348 -0.199545 -0.127682 -0.0500885 -0.199353 -0.13699 -0.0486244 -0.177145 -0.127399 -0.0502513 -0.199152 -0.127126 -0.0504229 -0.198941 -0.126864 -0.0506027 -0.198722 -0.126615 -0.0507903 -0.198494 -0.135614 -0.0778737 -0.204265 -0.135995 -0.0785294 -0.205017 -0.136001 -0.0785282 -0.205018 -0.136006 -0.078527 -0.205019 -0.136012 -0.0785258 -0.20502 -0.136018 -0.0785246 -0.205022 -0.136134 -0.0785 -0.205044 -0.136146 -0.0784975 -0.205047 -0.126401 -0.0509654 -0.198282 -0.126198 -0.0511459 -0.198065 -0.131882 -0.0497908 -0.177555 -0.132222 -0.0498252 -0.177506 -0.132601 -0.0498528 -0.177463 -0.136024 -0.0785234 -0.205023 -0.135479 -0.0497025 -0.177518 -0.135815 -0.0496424 -0.177569 -0.13603 -0.0785222 -0.205024 -0.136146 -0.0495737 -0.177629 -0.136035 -0.078521 -0.205025 -0.136508 -0.0494873 -0.177707 -0.136041 -0.0785198 -0.205026 -0.136047 -0.0785186 -0.205027 -0.136053 -0.0785174 -0.205028 -0.136058 -0.0785162 -0.205029 -0.136088 -0.07851 -0.205035 -0.136099 -0.0785076 -0.205037 -0.136111 -0.0785051 -0.20504 -0.136122 -0.0785026 -0.205042 -0.132985 -0.0498694 -0.177432 -0.13337 -0.0498747 -0.177412 -0.133757 -0.0498687 -0.177405 -0.134105 -0.0498536 -0.177408 -0.134452 -0.0498294 -0.177421 -0.134797 -0.0497961 -0.177444 -0.13514 -0.0497538 -0.177476 -0.136064 -0.0785149 -0.20503 -0.136076 -0.0785125 -0.205033 -0.134209 -0.0495763 -0.201898 -0.133823 -0.0495488 -0.201897 -0.133474 -0.0495337 -0.201885 -0.131055 -0.0496889 -0.201531 -0.130689 -0.0497543 -0.201432 -0.130327 -0.0498307 -0.201321 -0.12997 -0.0499178 -0.2012 -0.14116 -0.0461458 -0.179566 -0.140943 -0.0463734 -0.179339 -0.141343 -0.0459358 -0.179775 -0.140335 -0.0758669 -0.206232 -0.140073 -0.0760678 -0.206031 -0.141514 -0.0457213 -0.179989 -0.14056 -0.0756797 -0.206419 -0.141674 -0.0455028 -0.180208 -0.140776 -0.0754867 -0.206613 -0.141821 -0.0452808 -0.18043 -0.14098 -0.0752883 -0.206812 -0.141955 -0.0450557 -0.180655 -0.141172 -0.0750851 -0.207016 -0.142088 -0.0448048 -0.180907 -0.141354 -0.0748775 -0.207226 -0.142206 -0.0445489 -0.181163 -0.141539 -0.0746436 -0.207461 -0.142309 -0.0442885 -0.181425 -0.141711 -0.0744034 -0.207703 -0.142396 -0.0440242 -0.18169 -0.141869 -0.0741573 -0.207952 -0.142013 -0.073906 -0.208205 -0.133127 -0.0495278 -0.201864 -0.13278 -0.0495311 -0.201834 -0.132436 -0.0495436 -0.201794 -0.132094 -0.0495651 -0.201744 -0.131755 -0.0495956 -0.201685 -0.131421 -0.049635 -0.201617 -0.140714 -0.0465942 -0.17912 -0.142468 -0.0437568 -0.181959 -0.142523 -0.043487 -0.18223 -0.139799 -0.0762606 -0.205838 -0.142141 -0.07365 -0.208464 -0.12562 -0.0517607 -0.197331 -0.125806 -0.0515431 -0.19759 -0.125466 -0.0519611 -0.197093 -0.125323 -0.0521654 -0.19685 -0.125193 -0.0523731 -0.196605 -0.125075 -0.0525836 -0.196356 -0.12497 -0.0527967 -0.196104 -0.124879 -0.0530116 -0.195851 -0.124801 -0.0532281 -0.195597 -0.124728 -0.0534736 -0.195308 -0.124671 -0.0537216 -0.195017 -0.13687 -0.0493891 -0.177797 -0.126006 -0.0513314 -0.197843 -0.137226 -0.04928 -0.177898 -0.137577 -0.0491605 -0.17801 -0.124631 -0.0539715 -0.194724 -0.124607 -0.0542225 -0.194429 -0.136157 -0.078495 -0.205049 -0.136169 -0.0784925 -0.205051 -0.13618 -0.0784899 -0.205054 -0.139863 -0.0480032 -0.179132 -0.140132 -0.0478089 -0.179324 -0.14039 -0.0476061 -0.179524 -0.140636 -0.0473952 -0.179733 -0.138672 -0.0776354 -0.205881 -0.138982 -0.0774773 -0.206038 -0.139135 -0.0773945 -0.20612 -0.139284 -0.0773094 -0.206204 -0.139432 -0.0772219 -0.206291 -0.139577 -0.0771322 -0.20638 -0.137596 -0.0780851 -0.20544 -0.137674 -0.0780572 -0.205468 -0.137751 -0.0780287 -0.205495 -0.137828 -0.0779997 -0.205524 -0.137904 -0.0779703 -0.205552 -0.138056 -0.0779099 -0.205611 -0.138353 -0.0777835 -0.205735 -0.142417 -0.0729143 -0.209207 -0.142342 -0.0731532 -0.208966 -0.142479 -0.0726737 -0.20945 -0.129619 -0.0500154 -0.201067 -0.142527 -0.072432 -0.209695 -0.12931 -0.0501119 -0.200938 -0.142563 -0.0721897 -0.20994 -0.129006 -0.0502165 -0.2008 -0.142585 -0.0719473 -0.210185 -0.142593 -0.0716793 -0.210456 -0.142586 -0.0714102 -0.210727 -0.137887 -0.0490441 -0.178121 -0.142561 -0.0711405 -0.211 -0.13819 -0.0489198 -0.17824 -0.142521 -0.070871 -0.211272 -0.138486 -0.0487877 -0.178367 -0.142464 -0.0706023 -0.211543 -0.138774 -0.0486481 -0.178502 -0.139053 -0.0485015 -0.178644 -0.139324 -0.048348 -0.178794 -0.139585 -0.0481881 -0.178951 -0.126752 -0.0514071 -0.199316 -0.126508 -0.0515978 -0.199085 -0.126299 -0.0517756 -0.19887 -0.126101 -0.0519585 -0.198651 -0.142592 -0.0427247 -0.182997 -0.142584 -0.0429702 -0.18275 -0.142586 -0.0424796 -0.183244 -0.142568 -0.0422354 -0.18349 -0.142531 -0.0419683 -0.183758 -0.142479 -0.0417014 -0.184027 -0.14241 -0.0414352 -0.184294 -0.142324 -0.0411705 -0.18456 -0.142222 -0.040908 -0.184824 -0.142105 -0.0406484 -0.185085 -0.12871 -0.0503289 -0.200655 -0.128422 -0.0504487 -0.200502 -0.128143 -0.0505758 -0.200341 -0.127845 -0.0507242 -0.200155 -0.127556 -0.0508819 -0.199959 -0.127277 -0.0510486 -0.199753 -0.127009 -0.0512238 -0.199539 -0.124605 -0.0546748 -0.193898 -0.1246 -0.0544488 -0.194164 -0.142562 -0.0432154 -0.182504 -0.124625 -0.0549001 -0.193634 -0.124657 -0.0551241 -0.193371 -0.124703 -0.0553464 -0.19311 -0.141986 -0.0404178 -0.185316 -0.124768 -0.0555888 -0.192826 -0.141854 -0.0401906 -0.185544 -0.12485 -0.0558304 -0.192542 -0.142254 -0.07339 -0.208726 -0.124948 -0.0560704 -0.192259 -0.125063 -0.0563083 -0.191979 -0.14239 -0.0703352 -0.211813 -0.125193 -0.0565433 -0.191702 -0.125339 -0.0567748 -0.191428 -0.14087 -0.0471767 -0.17995 -0.141092 -0.0469514 -0.180174 -0.1255 -0.057002 -0.191159 -0.125658 -0.0572024 -0.190921 -0.14227 -0.045129 -0.181998 -0.142364 -0.0448662 -0.182262 -0.142443 -0.0446001 -0.182529 -0.142505 -0.0443311 -0.182799 -0.139859 -0.0769461 -0.206566 -0.140131 -0.0767514 -0.20676 -0.140391 -0.0765488 -0.206963 -0.141279 -0.0467431 -0.180382 -0.141903 -0.074829 -0.208694 -0.142043 -0.0745766 -0.208949 -0.141455 -0.0465302 -0.180594 -0.142168 -0.0743197 -0.209209 -0.141619 -0.0463131 -0.180811 -0.141771 -0.0460922 -0.181032 -0.14191 -0.0458682 -0.181256 -0.142036 -0.0456415 -0.181484 -0.142161 -0.0453876 -0.181738 -0.142112 -0.0696272 -0.212526 -0.142218 -0.0698605 -0.212291 -0.141995 -0.0693973 -0.212757 -0.141865 -0.0691712 -0.212984 -0.141723 -0.0689494 -0.213207 -0.141552 -0.0687085 -0.213448 -0.141365 -0.0684718 -0.213685 -0.141164 -0.0682399 -0.213917 -0.140949 -0.0680136 -0.214143 -0.140719 -0.0677933 -0.214362 -0.140477 -0.0675798 -0.214574 -0.14137 -0.039512 -0.186223 -0.141555 -0.0397483 -0.185987 -0.14117 -0.0392805 -0.186455 -0.140956 -0.0390544 -0.18668 -0.140728 -0.0388345 -0.186899 -0.140486 -0.0386211 -0.187111 -0.140258 -0.0384353 -0.187295 -0.14002 -0.0382557 -0.187473 -0.139773 -0.0380828 -0.187644 -0.139517 -0.0379168 -0.187807 -0.139252 -0.0377582 -0.187963 -0.125721 -0.0523607 -0.19817 -0.125541 -0.0525808 -0.197908 -0.124756 -0.0540813 -0.196137 -0.124692 -0.0543282 -0.195846 -0.124644 -0.0545773 -0.195554 -0.124612 -0.0548279 -0.19526 -0.140614 -0.0763601 -0.207153 -0.140826 -0.0761658 -0.207348 -0.125915 -0.0521463 -0.198426 -0.141028 -0.0759662 -0.207548 -0.141218 -0.075762 -0.207754 -0.141396 -0.0755533 -0.207964 -0.141579 -0.075318 -0.208201 -0.141748 -0.0750764 -0.208445 -0.142311 -0.0700967 -0.212053 -0.140248 -0.0673938 -0.214758 -0.141711 -0.0399673 -0.185768 -0.138981 -0.0376071 -0.188111 -0.138667 -0.037447 -0.188267 -0.126242 -0.0578127 -0.190192 -0.126027 -0.0576083 -0.190437 -0.12647 -0.058011 -0.189954 -0.126711 -0.0582026 -0.189723 -0.126939 -0.0583689 -0.189521 -0.127177 -0.0585289 -0.189326 -0.127424 -0.0586823 -0.189138 -0.12768 -0.0588287 -0.188957 -0.127943 -0.0589679 -0.188784 -0.128249 -0.0591156 -0.188599 -0.125392 -0.0527831 -0.197668 -0.125255 -0.0529892 -0.197424 -0.125131 -0.0531983 -0.197177 -0.125019 -0.0534102 -0.196927 -0.124921 -0.0536242 -0.196674 -0.124836 -0.05384 -0.19642 -0.142552 -0.0440602 -0.183072 -0.14258 -0.0438152 -0.183318 -0.125828 -0.0573983 -0.190688 -0.142594 -0.0435697 -0.183565 -0.128565 -0.0592545 -0.188423 -0.128858 -0.0593716 -0.188273 -0.142163 -0.0414885 -0.185658 -0.142037 -0.0412307 -0.185917 -0.14191 -0.0410021 -0.186146 -0.141771 -0.0407772 -0.186372 -0.142277 -0.0740589 -0.209472 -0.142362 -0.0738216 -0.209712 -0.142434 -0.0735822 -0.209954 -0.142511 -0.071538 -0.212019 -0.14245 -0.0712695 -0.21229 -0.142373 -0.0710028 -0.212559 -0.142595 -0.0433243 -0.183812 -0.142583 -0.0430796 -0.184058 -0.142554 -0.0428125 -0.184327 -0.142509 -0.0425454 -0.184596 -0.142447 -0.0422787 -0.184864 -0.142368 -0.0420132 -0.185131 -0.139505 -0.066875 -0.21527 -0.139761 -0.067041 -0.215107 -0.142274 -0.0417496 -0.185396 -0.13924 -0.0667164 -0.215425 -0.138968 -0.0665654 -0.215572 -0.138658 -0.0664069 -0.215726 -0.138335 -0.0662564 -0.215871 -0.138004 -0.0661151 -0.216007 -0.137663 -0.0659832 -0.216132 -0.137315 -0.0658613 -0.216247 -0.136995 -0.0657602 -0.216341 -0.136671 -0.0656677 -0.216426 -0.124597 -0.0550541 -0.194995 -0.137671 -0.0370218 -0.188676 -0.138012 -0.0371539 -0.18855 -0.124596 -0.0552804 -0.194729 -0.137358 -0.0369116 -0.188781 -0.124608 -0.0555063 -0.194464 -0.13704 -0.0368099 -0.188876 -0.136717 -0.0367168 -0.188963 -0.136391 -0.0366325 -0.18904 -0.136061 -0.0365572 -0.189108 -0.135729 -0.0364911 -0.189167 -0.135357 -0.0364284 -0.18922 -0.134978 -0.036376 -0.189262 -0.134595 -0.0363346 -0.189293 -0.142493 -0.0733413 -0.210197 -0.125248 -0.0573689 -0.192274 -0.125401 -0.0575987 -0.192002 -0.142538 -0.0730995 -0.210442 -0.125551 -0.0578017 -0.191761 -0.14257 -0.0728571 -0.210687 -0.142589 -0.0726148 -0.210932 -0.142594 -0.0723465 -0.211203 -0.142583 -0.0720771 -0.211475 -0.142555 -0.0718074 -0.211747 -0.140009 -0.0672141 -0.214936 -0.136342 -0.0655838 -0.216502 -0.13601 -0.0655088 -0.216568 -0.124634 -0.0557312 -0.194201 -0.124672 -0.0559545 -0.193938 -0.124724 -0.056176 -0.193678 -0.124796 -0.0564181 -0.193394 -0.124885 -0.0566592 -0.19311 -0.12499 -0.0568984 -0.192829 -0.125111 -0.0571352 -0.19255 -0.129774 -0.0596747 -0.187875 -0.129463 -0.0595819 -0.187999 -0.13009 -0.0597589 -0.18776 -0.130411 -0.0598343 -0.187654 -0.138344 -0.0372957 -0.188413 -0.130734 -0.0599009 -0.187558 -0.131097 -0.0599644 -0.187462 -0.131467 -0.0600174 -0.187378 -0.13421 -0.0363044 -0.189312 -0.131842 -0.0600597 -0.187304 -0.132222 -0.060091 -0.187242 -0.133862 -0.0362868 -0.189319 -0.132605 -0.0601113 -0.187192 -0.13299 -0.0601204 -0.187153 -0.133338 -0.0601188 -0.187128 -0.133687 -0.0601082 -0.187113 -0.14162 -0.0405565 -0.186593 -0.141458 -0.0403405 -0.186809 -0.141264 -0.0401067 -0.187042 -0.129157 -0.0594808 -0.188132 -0.139619 -0.0387031 -0.188436 -0.139358 -0.0385416 -0.188595 -0.139089 -0.0383876 -0.188745 -0.138781 -0.0382256 -0.188903 -0.14229 -0.0707649 -0.212799 -0.142194 -0.0705294 -0.213036 -0.142086 -0.0702969 -0.21327 -0.140668 -0.0684714 -0.215098 -0.140448 -0.0682802 -0.215287 -0.140218 -0.068095 -0.215471 -0.141056 -0.0398781 -0.187271 -0.140834 -0.0396553 -0.187493 -0.140598 -0.0394389 -0.187708 -0.135338 -0.0653859 -0.216672 -0.135675 -0.0654428 -0.216625 -0.14035 -0.0392294 -0.187916 -0.134999 -0.0653382 -0.21671 -0.140115 -0.0390473 -0.188096 -0.134622 -0.065296 -0.21674 -0.139871 -0.0388718 -0.188269 -0.13424 -0.0652645 -0.216759 -0.133855 -0.0652442 -0.216766 -0.133469 -0.0652351 -0.216761 -0.133082 -0.0652373 -0.216744 -0.132735 -0.0652489 -0.216719 -0.125713 -0.0580006 -0.191525 -0.13239 -0.0652696 -0.216683 -0.125887 -0.0581948 -0.191293 -0.132046 -0.0652993 -0.216639 -0.126091 -0.0584032 -0.191044 -0.128066 -0.0597595 -0.189392 -0.128377 -0.0599037 -0.189211 -0.128697 -0.0600388 -0.189039 -0.128993 -0.0601523 -0.188893 -0.141965 -0.0700678 -0.213501 -0.141832 -0.0698428 -0.213727 -0.141688 -0.0696221 -0.213948 -0.141513 -0.0693819 -0.214189 -0.141324 -0.0691461 -0.214425 -0.141119 -0.0689154 -0.214655 -0.132819 -0.0362893 -0.189282 -0.133166 -0.0362793 -0.189304 -0.1409 -0.0686902 -0.21488 -0.132475 -0.0363084 -0.18925 -0.132133 -0.0363366 -0.189209 -0.131795 -0.0363737 -0.189159 -0.131424 -0.0364254 -0.189092 -0.131055 -0.0364883 -0.189013 -0.130689 -0.0365624 -0.188922 -0.130327 -0.0366474 -0.18882 -0.12997 -0.0367431 -0.188706 -0.12631 -0.0586058 -0.190802 -0.126542 -0.0588021 -0.190565 -0.126788 -0.0589915 -0.190336 -0.12702 -0.0591556 -0.190137 -0.127261 -0.0593134 -0.189944 -0.127511 -0.0594644 -0.189759 -0.12777 -0.0596083 -0.189581 -0.131705 -0.065338 -0.216585 -0.131369 -0.0653855 -0.216521 -0.13476 -0.0600166 -0.187129 -0.134381 -0.0600593 -0.187113 -0.135138 -0.0599626 -0.187158 -0.135515 -0.0598972 -0.187198 -0.135889 -0.0598207 -0.18725 -0.136259 -0.0597332 -0.187313 -0.136588 -0.0596451 -0.18738 -0.136913 -0.0595485 -0.187456 -0.137232 -0.0594434 -0.187541 -0.13758 -0.0593171 -0.187646 -0.133513 -0.0362785 -0.189317 -0.129619 -0.0368494 -0.188581 -0.12931 -0.0369537 -0.18846 -0.134034 -0.0600884 -0.187108 -0.137923 -0.05918 -0.187762 -0.138224 -0.0590479 -0.187875 -0.139978 -0.0679162 -0.215648 -0.139729 -0.0677441 -0.215817 -0.139471 -0.067579 -0.215979 -0.136954 -0.0664729 -0.217041 -0.136629 -0.0663815 -0.217125 -0.1363 -0.0662987 -0.2172 -0.138461 -0.0380711 -0.189053 -0.138132 -0.0379258 -0.189194 -0.137794 -0.0377902 -0.189324 -0.130709 -0.0655067 -0.216366 -0.131036 -0.0654418 -0.216448 -0.130351 -0.0655885 -0.216265 -0.129996 -0.0656819 -0.216151 -0.129646 -0.0657858 -0.216026 -0.135155 -0.0371216 -0.189936 -0.134773 -0.0370751 -0.189972 -0.129303 -0.0659 -0.215891 -0.134389 -0.0370397 -0.189996 -0.128967 -0.0660244 -0.215744 -0.134003 -0.0370155 -0.190009 -0.128672 -0.0661446 -0.215603 -0.128384 -0.0662724 -0.215454 -0.128104 -0.0664075 -0.215298 -0.127833 -0.0665495 -0.215134 -0.129295 -0.0602578 -0.188755 -0.129604 -0.0603552 -0.188626 -0.129918 -0.060444 -0.188506 -0.132764 -0.0608461 -0.18786 -0.13315 -0.0608505 -0.187826 -0.133499 -0.0608447 -0.187806 -0.137483 -0.0376768 -0.189432 -0.137167 -0.0375716 -0.189531 -0.136846 -0.0374751 -0.189621 -0.136521 -0.0373873 -0.189702 -0.136192 -0.0373085 -0.189774 -0.135861 -0.0372388 -0.189836 -0.139205 -0.0674214 -0.216134 -0.135527 -0.0371782 -0.189889 -0.138932 -0.0672714 -0.21628 -0.138621 -0.0671141 -0.216432 -0.138298 -0.0669647 -0.216576 -0.137965 -0.0668244 -0.21671 -0.137624 -0.0666937 -0.216835 -0.137274 -0.0665729 -0.216948 -0.128423 -0.0373138 -0.188046 -0.128711 -0.0371862 -0.188192 -0.128143 -0.0374485 -0.187892 -0.127873 -0.0375901 -0.187732 -0.127585 -0.0377545 -0.187546 -0.127306 -0.0379282 -0.18735 -0.127038 -0.0381107 -0.187145 -0.126781 -0.0383016 -0.186931 -0.126535 -0.0385004 -0.186709 -0.126302 -0.0387065 -0.186479 -0.126082 -0.0389195 -0.186242 -0.130236 -0.0605243 -0.188396 -0.130558 -0.0605957 -0.188294 -0.130883 -0.0606582 -0.188203 -0.127571 -0.0666983 -0.214963 -0.131249 -0.0607174 -0.188111 -0.127319 -0.0668533 -0.214785 -0.131621 -0.060766 -0.188031 -0.131998 -0.0608037 -0.187962 -0.13238 -0.0608305 -0.187905 -0.139085 -0.0586062 -0.188263 -0.138807 -0.0587608 -0.188126 -0.139355 -0.0584448 -0.188408 -0.139616 -0.0582768 -0.18856 -0.139867 -0.0581027 -0.188718 -0.140133 -0.0579024 -0.188901 -0.140391 -0.0576919 -0.189094 -0.140637 -0.0574734 -0.189296 -0.140871 -0.0572473 -0.189506 -0.141092 -0.0570143 -0.189723 -0.141279 -0.0567992 -0.189924 -0.129007 -0.0370661 -0.18833 -0.125896 -0.0391165 -0.186023 -0.138519 -0.0589081 -0.187997 -0.141455 -0.0565794 -0.19013 -0.141618 -0.0563555 -0.190341 -0.133654 -0.0370035 -0.19001 -0.133306 -0.0370006 -0.190002 -0.132959 -0.0370069 -0.189984 -0.132345 -0.065998 -0.217367 -0.132002 -0.0660289 -0.217321 -0.131662 -0.0660688 -0.217266 -0.131325 -0.0661174 -0.217201 -0.130136 -0.0374197 -0.189452 -0.129782 -0.037521 -0.189332 -0.135967 -0.0662249 -0.217265 -0.129435 -0.0376327 -0.189202 -0.135632 -0.0661601 -0.217321 -0.135294 -0.0661044 -0.217367 -0.133811 -0.0659677 -0.217455 -0.133424 -0.0659599 -0.217449 -0.132613 -0.0370223 -0.189956 -0.133038 -0.0659634 -0.21743 -0.13227 -0.0370469 -0.189918 -0.132691 -0.0659762 -0.217404 -0.131931 -0.0370804 -0.189872 -0.131595 -0.0371228 -0.189816 -0.131227 -0.0371802 -0.189743 -0.130859 -0.037249 -0.189657 -0.134956 -0.0660579 -0.217403 -0.130495 -0.0373289 -0.18956 -0.134579 -0.0660169 -0.217432 -0.134196 -0.0659868 -0.217449 -0.133847 -0.0608299 -0.187795 -0.134194 -0.0608058 -0.187795 -0.134574 -0.0607687 -0.187805 -0.137411 -0.0601104 -0.188278 -0.137757 -0.0599782 -0.188389 -0.138096 -0.0598359 -0.18851 -0.1266 -0.067375 -0.214191 -0.126847 -0.0671808 -0.214411 -0.138394 -0.0596994 -0.188628 -0.126364 -0.0675768 -0.213961 -0.126141 -0.0677859 -0.213725 -0.125931 -0.0680016 -0.213481 -0.125755 -0.0682008 -0.213256 -0.12559 -0.0684045 -0.213027 -0.125436 -0.0686122 -0.212793 -0.125296 -0.0688232 -0.212555 -0.125168 -0.0690373 -0.212315 -0.125053 -0.0692538 -0.212071 -0.125396 -0.039753 -0.185317 -0.125559 -0.0395236 -0.185571 -0.125246 -0.0399882 -0.185056 -0.125112 -0.0402285 -0.18479 -0.124992 -0.0404735 -0.184519 -0.124888 -0.0407225 -0.184244 -0.124799 -0.0409747 -0.183966 -0.134953 -0.0607203 -0.187828 -0.124726 -0.0412295 -0.183685 -0.135331 -0.0606605 -0.187862 -0.124675 -0.0414605 -0.18343 -0.135706 -0.0605895 -0.187908 -0.124637 -0.0416925 -0.183174 -0.136078 -0.0605074 -0.187966 -0.124612 -0.041925 -0.182918 -0.13641 -0.0604242 -0.188028 -0.136737 -0.0603322 -0.188099 -0.137059 -0.0602318 -0.188179 -0.127078 -0.0670142 -0.214601 -0.124951 -0.0694724 -0.211826 -0.124862 -0.0696926 -0.211579 -0.142046 -0.0556397 -0.191017 -0.141908 -0.0558972 -0.190773 -0.14217 -0.0553771 -0.191265 -0.142278 -0.05511 -0.191519 -0.14237 -0.054839 -0.191776 -0.142447 -0.0545648 -0.192037 -0.142507 -0.0542882 -0.192301 -0.142548 -0.0540378 -0.192539 -0.142576 -0.0537865 -0.192779 -0.14259 -0.053535 -0.193018 -0.125722 -0.039318 -0.185799 -0.124601 -0.0421575 -0.182662 -0.124604 -0.0424146 -0.182378 -0.130994 -0.0661748 -0.217127 -0.130667 -0.0662407 -0.217044 -0.14177 -0.056128 -0.190555 -0.128069 -0.0671503 -0.215966 -0.127799 -0.0672932 -0.215801 -0.14259 -0.0532563 -0.193284 -0.127538 -0.0674428 -0.21563 -0.142573 -0.0529775 -0.19355 -0.127288 -0.0675986 -0.215451 -0.129129 -0.0377418 -0.189075 -0.12883 -0.0378588 -0.18894 -0.128538 -0.0379834 -0.188798 -0.128255 -0.0381153 -0.188647 -0.126385 -0.0393517 -0.187257 -0.12616 -0.0395622 -0.187022 -0.12597 -0.0397572 -0.186805 -0.12579 -0.0399569 -0.186583 -0.130311 -0.0663238 -0.216942 -0.129956 -0.0664183 -0.216827 -0.129607 -0.0665234 -0.2167 -0.129264 -0.0666389 -0.216563 -0.128929 -0.0667643 -0.216415 -0.128634 -0.0668855 -0.216274 -0.128348 -0.0670143 -0.216124 -0.124599 -0.0711914 -0.209898 -0.124602 -0.0709593 -0.210158 -0.124608 -0.0714231 -0.209638 -0.124631 -0.071654 -0.209379 -0.124668 -0.0718836 -0.209121 -0.124717 -0.0721112 -0.208866 -0.124779 -0.0723366 -0.208613 -0.127981 -0.0382541 -0.188489 -0.127689 -0.038415 -0.188307 -0.124658 -0.0704454 -0.210735 -0.124711 -0.0701907 -0.21102 -0.127407 -0.0385852 -0.188116 -0.124622 -0.0707018 -0.210447 -0.127135 -0.0387645 -0.187914 -0.126873 -0.0389523 -0.187703 -0.126623 -0.0391482 -0.187484 -0.124854 -0.072559 -0.208362 -0.124953 -0.0728024 -0.208088 -0.124711 -0.0431861 -0.181527 -0.124659 -0.0429296 -0.18181 -0.12478 -0.0434411 -0.181246 -0.138685 -0.0595552 -0.188755 -0.124855 -0.0436687 -0.180995 -0.138967 -0.0594037 -0.188889 -0.124944 -0.043894 -0.180746 -0.139242 -0.0592452 -0.18903 -0.125045 -0.0441164 -0.180501 -0.125158 -0.0443356 -0.180259 -0.125284 -0.0445509 -0.180021 -0.125438 -0.0447853 -0.179761 -0.125608 -0.0450171 -0.179505 -0.141203 -0.0576215 -0.190523 -0.141383 -0.0574036 -0.190727 -0.141552 -0.0571814 -0.190936 -0.141709 -0.0569552 -0.191149 -0.124779 -0.0699385 -0.211303 -0.139507 -0.05908 -0.189179 -0.139762 -0.0589085 -0.189334 -0.140007 -0.0587311 -0.189496 -0.14027 -0.0585247 -0.189685 -0.140522 -0.05831 -0.189883 -0.140762 -0.0580876 -0.190089 -0.124623 -0.0426721 -0.182094 -0.140989 -0.0578578 -0.190303 -0.125793 -0.0452441 -0.179253 -0.125992 -0.0454658 -0.179007 -0.14244 -0.052202 -0.194289 -0.142496 -0.0524498 -0.194053 -0.14237 -0.0519563 -0.194523 -0.142287 -0.0517131 -0.194754 -0.142192 -0.0514731 -0.194982 -0.142071 -0.0512104 -0.195231 -0.141934 -0.0509482 -0.195479 -0.141781 -0.0506898 -0.195724 -0.141613 -0.0504358 -0.195963 -0.141449 -0.0502115 -0.196174 -0.141273 -0.049992 -0.196381 -0.14254 -0.0526992 -0.193815 -0.141087 -0.0497775 -0.196581 -0.14089 -0.0495687 -0.196776 -0.127047 -0.0677603 -0.215266 -0.126793 -0.0679465 -0.215054 -0.126548 -0.0681423 -0.214832 -0.125623 -0.0401608 -0.186357 -0.125467 -0.0403687 -0.186127 -0.125311 -0.0406013 -0.185869 -0.125139 -0.0698135 -0.212946 -0.125026 -0.0700305 -0.212702 -0.124928 -0.0702496 -0.212457 -0.124842 -0.07047 -0.212209 -0.124651 -0.042296 -0.183997 -0.124619 -0.0425283 -0.183741 -0.1246 -0.0427609 -0.183484 -0.124596 -0.0430176 -0.183202 -0.126315 -0.0683458 -0.214601 -0.126095 -0.0685563 -0.214363 -0.125888 -0.0687734 -0.214117 -0.125714 -0.0689737 -0.213891 -0.125552 -0.0691784 -0.213661 -0.125401 -0.0693869 -0.213426 -0.125264 -0.0695987 -0.213188 -0.125169 -0.0408394 -0.185605 -0.125042 -0.0410823 -0.185337 -0.125346 -0.0735234 -0.207275 -0.125199 -0.0732863 -0.207543 -0.124931 -0.0413295 -0.185064 -0.125508 -0.0737562 -0.207011 -0.124835 -0.0415803 -0.184787 -0.125666 -0.0739616 -0.206778 -0.124754 -0.0418341 -0.184507 -0.125837 -0.0741626 -0.20655 -0.124696 -0.0420644 -0.184253 -0.126018 -0.0743586 -0.206327 -0.126211 -0.0745493 -0.20611 -0.126414 -0.0747342 -0.205899 -0.126627 -0.0749129 -0.205694 -0.141854 -0.0567257 -0.191365 -0.126849 -0.0750849 -0.205496 -0.141997 -0.0564703 -0.191607 -0.127107 -0.0752685 -0.205285 -0.142591 -0.0543454 -0.193627 -0.142596 -0.0540668 -0.193893 -0.142584 -0.0537879 -0.194159 -0.142556 -0.0535093 -0.194424 -0.126599 -0.0460325 -0.178377 -0.126386 -0.0458492 -0.178581 -0.126821 -0.0462097 -0.178179 -0.127053 -0.0463803 -0.177988 -0.127294 -0.0465441 -0.177805 -0.127543 -0.0467007 -0.177629 -0.12783 -0.046866 -0.177443 -0.128131 -0.0470256 -0.177262 -0.128444 -0.0471765 -0.177091 -0.128766 -0.0473182 -0.17693 -0.129063 -0.0474377 -0.176793 -0.142127 -0.0562096 -0.191854 -0.142241 -0.0559441 -0.192106 -0.142339 -0.0556745 -0.192362 -0.125068 -0.0730458 -0.207814 -0.142423 -0.0554015 -0.192621 -0.14249 -0.0551257 -0.192884 -0.127379 -0.0754451 -0.20508 -0.142541 -0.054848 -0.193148 -0.127662 -0.0756142 -0.204883 -0.142573 -0.0545969 -0.193387 -0.126184 -0.0456602 -0.178791 -0.129367 -0.0475492 -0.176665 -0.129677 -0.0476524 -0.176545 -0.140214 -0.0489597 -0.197341 -0.140465 -0.0491694 -0.197147 -0.139949 -0.0487566 -0.197527 -0.139671 -0.0485605 -0.197706 -0.139381 -0.0483721 -0.197877 -0.13908 -0.0481918 -0.198039 -0.138768 -0.0480202 -0.198192 -0.138447 -0.0478577 -0.198335 -0.13815 -0.0477197 -0.198455 -0.137847 -0.0475897 -0.198567 -0.124761 -0.0707198 -0.211929 -0.124697 -0.0709727 -0.211646 -0.12473 -0.0728929 -0.209491 -0.124795 -0.0731176 -0.209239 -0.124873 -0.0733393 -0.208989 -0.124975 -0.0735818 -0.208716 -0.140682 -0.0493658 -0.196965 -0.137506 -0.0474564 -0.19868 -0.137157 -0.047333 -0.198782 -0.124648 -0.0712278 -0.21136 -0.124615 -0.0714846 -0.211072 -0.124599 -0.0717423 -0.210783 -0.124599 -0.0719743 -0.210522 -0.124612 -0.072206 -0.210263 -0.124638 -0.0724366 -0.210004 -0.124677 -0.0726658 -0.209746 -0.128264 -0.075928 -0.204515 -0.127958 -0.0757754 -0.204695 -0.128581 -0.0760718 -0.204345 -0.128874 -0.0761932 -0.2042 -0.129174 -0.0763067 -0.204063 -0.12948 -0.076412 -0.203935 -0.129791 -0.0765089 -0.203816 -0.130108 -0.0765972 -0.203706 -0.130428 -0.0766767 -0.203605 -0.130752 -0.0767473 -0.203514 -0.124607 -0.0432751 -0.182918 -0.131116 -0.0768152 -0.203423 -0.124635 -0.0435328 -0.182634 -0.12468 -0.0437899 -0.18235 -0.125504 -0.0456114 -0.180339 -0.125681 -0.0458414 -0.180084 -0.125872 -0.0460663 -0.179834 -0.126077 -0.0462856 -0.179591 -0.14153 -0.0510392 -0.196768 -0.141359 -0.0508174 -0.196977 -0.141178 -0.0506004 -0.19718 -0.140985 -0.0503889 -0.197378 -0.142517 -0.0532594 -0.194662 -0.142465 -0.0530109 -0.194899 -0.142399 -0.0527644 -0.195134 -0.12474 -0.0440459 -0.182068 -0.124809 -0.0442745 -0.181816 -0.124891 -0.0445012 -0.181565 -0.131486 -0.0768726 -0.203344 -0.124985 -0.0447252 -0.181318 -0.131861 -0.0769192 -0.203276 -0.125092 -0.0449462 -0.181074 -0.125211 -0.0451637 -0.180834 -0.125343 -0.0453771 -0.180598 -0.130634 -0.0479102 -0.176241 -0.130311 -0.0478331 -0.176333 -0.13096 -0.0479783 -0.176159 -0.131325 -0.0480435 -0.176078 -0.131698 -0.0480985 -0.176009 -0.132076 -0.0481426 -0.17595 -0.132458 -0.0481758 -0.175903 -0.132843 -0.0481977 -0.175868 -0.133229 -0.0482085 -0.175845 -0.133577 -0.0482085 -0.175835 -0.141688 -0.0512654 -0.196555 -0.142321 -0.0525202 -0.195366 -0.14223 -0.0522791 -0.195595 -0.142126 -0.0520413 -0.195821 -0.141997 -0.0517815 -0.196067 -0.14185 -0.0515214 -0.196313 -0.129992 -0.0477471 -0.176434 -0.133925 -0.0481993 -0.175834 -0.134272 -0.0481809 -0.175843 -0.136109 -0.0470333 -0.199017 -0.136439 -0.0471168 -0.198955 -0.135774 -0.0469586 -0.199071 -0.135437 -0.046893 -0.199115 -0.135097 -0.0468364 -0.19915 -0.134718 -0.0467843 -0.199177 -0.134334 -0.0467429 -0.199193 -0.133948 -0.0467128 -0.199197 -0.133599 -0.0466954 -0.19919 -0.133252 -0.0466871 -0.199173 -0.132905 -0.0466881 -0.199147 -0.136801 -0.0472197 -0.198874 -0.125094 -0.0738246 -0.208443 -0.132559 -0.0466982 -0.199112 -0.125228 -0.0740645 -0.208172 -0.132217 -0.0467174 -0.199066 -0.125379 -0.0743007 -0.207905 -0.126274 -0.0464775 -0.179378 -0.126481 -0.046664 -0.17917 -0.126903 -0.0758521 -0.206137 -0.127164 -0.0760341 -0.205927 -0.126698 -0.0468445 -0.178969 -0.127438 -0.0762091 -0.205724 -0.12861 -0.0479811 -0.17769 -0.128904 -0.0481047 -0.177548 -0.129205 -0.0482204 -0.177416 -0.129512 -0.048328 -0.177291 -0.125544 -0.0745326 -0.207642 -0.125705 -0.074737 -0.207411 -0.125879 -0.0749368 -0.207184 -0.126063 -0.0751317 -0.206962 -0.126258 -0.075321 -0.206746 -0.126463 -0.0755044 -0.206536 -0.126679 -0.0756816 -0.206333 -0.13301 -0.0769927 -0.20314 -0.132625 -0.0769794 -0.203173 -0.133358 -0.0769949 -0.20312 -0.133707 -0.076988 -0.20311 -0.126926 -0.0470187 -0.178774 -0.134054 -0.0769719 -0.203109 -0.127162 -0.0471862 -0.178587 -0.134401 -0.0769466 -0.203118 -0.127407 -0.0473467 -0.178407 -0.134745 -0.0769122 -0.203137 -0.127689 -0.0475164 -0.178216 -0.135086 -0.0768687 -0.203165 -0.127985 -0.0476799 -0.178031 -0.135459 -0.0768103 -0.203207 -0.128293 -0.047835 -0.177856 -0.13583 -0.0767405 -0.203261 -0.140782 -0.0501832 -0.19757 -0.136199 -0.0766594 -0.203327 -0.14057 -0.0499837 -0.197755 -0.140347 -0.0497908 -0.197933 -0.138023 -0.0483869 -0.199196 -0.137717 -0.0482605 -0.199304 -0.137373 -0.0481309 -0.199413 -0.137021 -0.0480113 -0.199511 -0.135333 -0.0480664 -0.175931 -0.134959 -0.048117 -0.175889 -0.135705 -0.0480044 -0.175985 -0.136075 -0.0479311 -0.176051 -0.136443 -0.0478467 -0.176129 -0.136806 -0.0477513 -0.176218 -0.137164 -0.0476451 -0.176318 -0.137516 -0.0475284 -0.176429 -0.137826 -0.0474147 -0.176539 -0.138131 -0.047293 -0.176657 -0.138428 -0.0471635 -0.176783 -0.132241 -0.0769549 -0.203219 -0.140089 -0.0495842 -0.198123 -0.139818 -0.0493844 -0.198306 -0.136565 -0.0765672 -0.203404 -0.139534 -0.049192 -0.198481 -0.136926 -0.0764639 -0.203493 -0.139239 -0.0490075 -0.198648 -0.138932 -0.0488313 -0.198806 -0.138616 -0.0486641 -0.198954 -0.138323 -0.0485215 -0.199079 -0.129114 -0.0473491 -0.198162 -0.129419 -0.0472464 -0.198295 -0.128815 -0.0474597 -0.19802 -0.128524 -0.0475779 -0.19787 -0.134617 -0.0481535 -0.175861 -0.138717 -0.0470265 -0.176917 -0.139025 -0.0468675 -0.177074 -0.131173 -0.0468346 -0.198866 -0.131543 -0.0467828 -0.198948 -0.130806 -0.0468976 -0.198772 -0.130442 -0.0469716 -0.198666 -0.130084 -0.0470564 -0.198548 -0.129731 -0.0471518 -0.19842 -0.127725 -0.0763765 -0.205529 -0.128023 -0.0765359 -0.205343 -0.128331 -0.0766867 -0.205165 -0.128242 -0.0477033 -0.197713 -0.127968 -0.0478358 -0.197549 -0.13083 -0.0774897 -0.204181 -0.131195 -0.0775554 -0.204093 -0.131566 -0.0776105 -0.204015 -0.131943 -0.0776548 -0.20395 -0.131878 -0.0467456 -0.199012 -0.129824 -0.0484272 -0.177176 -0.130141 -0.0485178 -0.17707 -0.130462 -0.0485997 -0.176973 -0.12865 -0.0768285 -0.204997 -0.128945 -0.076948 -0.204854 -0.129246 -0.0770596 -0.204719 -0.129554 -0.0771629 -0.204593 -0.129866 -0.0772578 -0.204476 -0.133395 -0.0489386 -0.176524 -0.133744 -0.0489341 -0.176518 -0.130184 -0.077344 -0.204368 -0.134091 -0.0489206 -0.176522 -0.130505 -0.0774214 -0.20427 -0.134438 -0.0488979 -0.176535 -0.130787 -0.0486725 -0.176886 -0.131151 -0.0487429 -0.1768 -0.137632 -0.0762254 -0.203704 -0.137282 -0.0763499 -0.203593 -0.131521 -0.0488029 -0.176725 -0.13794 -0.0761047 -0.203813 -0.131897 -0.0488522 -0.176661 -0.138242 -0.075976 -0.20393 -0.132278 -0.0488905 -0.176609 -0.138537 -0.0758396 -0.204056 -0.132661 -0.0489178 -0.176568 -0.133047 -0.0489338 -0.176539 -0.138823 -0.0756958 -0.204189 -0.139101 -0.075545 -0.20433 -0.139396 -0.0753712 -0.204493 -0.139681 -0.0751878 -0.204666 -0.139958 -0.0749951 -0.204849 -0.140223 -0.0747936 -0.205041 -0.136663 -0.047902 -0.199598 -0.136298 -0.0478032 -0.199675 -0.135966 -0.0477235 -0.199734 -0.133142 -0.0474099 -0.199858 -0.132796 -0.0474137 -0.199829 -0.132451 -0.0474267 -0.19979 -0.13211 -0.0474488 -0.199742 -0.139895 -0.0463335 -0.177603 -0.139614 -0.0465206 -0.177417 -0.140164 -0.0461379 -0.177798 -0.140421 -0.0459343 -0.178001 -0.140643 -0.0457446 -0.178191 -0.127124 -0.0483253 -0.19695 -0.127395 -0.048153 -0.197159 -0.140854 -0.0455494 -0.178387 -0.126863 -0.0485061 -0.196732 -0.141053 -0.0453488 -0.178588 -0.126613 -0.0486949 -0.196505 -0.141242 -0.0451436 -0.178795 -0.126376 -0.0488913 -0.19627 -0.141419 -0.0449339 -0.179006 -0.126152 -0.0490946 -0.196028 -0.1416 -0.0446966 -0.179245 -0.125962 -0.0492831 -0.195804 -0.125783 -0.0494763 -0.195576 -0.125616 -0.0496737 -0.195343 -0.125461 -0.049875 -0.195105 -0.140478 -0.0745838 -0.205241 -0.13563 -0.0476527 -0.199783 -0.139324 -0.0466987 -0.177241 -0.135292 -0.0475909 -0.199823 -0.134951 -0.0475383 -0.199854 -0.141768 -0.0444533 -0.17949 -0.134572 -0.0474905 -0.199877 -0.141922 -0.0442047 -0.179741 -0.134186 -0.0474535 -0.199888 -0.133838 -0.0474297 -0.199888 -0.13349 -0.0474152 -0.199878 -0.127677 -0.0479897 -0.197359 -0.125319 -0.0500796 -0.194865 -0.125178 -0.0503081 -0.194597 -0.132324 -0.077688 -0.203895 -0.132708 -0.0777101 -0.203853 -0.133094 -0.077721 -0.203822 -0.134781 -0.0488661 -0.176558 -0.135911 -0.0774507 -0.203962 -0.136279 -0.0773672 -0.20403 -0.135122 -0.0488253 -0.176591 -0.136644 -0.0772725 -0.20411 -0.135496 -0.0487697 -0.176638 -0.137942 -0.0480992 -0.177267 -0.138243 -0.0479746 -0.177388 -0.138537 -0.0478423 -0.177517 -0.13885 -0.0476889 -0.177667 -0.141145 -0.0739332 -0.205867 -0.14095 -0.0741413 -0.205666 -0.141329 -0.0737202 -0.206072 -0.141502 -0.0735027 -0.206282 -0.141662 -0.0732813 -0.206497 -0.14181 -0.0730563 -0.206715 -0.141957 -0.0728059 -0.206958 -0.14209 -0.0725499 -0.207207 -0.142208 -0.0722889 -0.207461 -0.142311 -0.0720235 -0.20772 -0.142399 -0.0717545 -0.207982 -0.135867 -0.0487028 -0.176697 -0.136236 -0.0486246 -0.176768 -0.136602 -0.0485354 -0.176851 -0.136963 -0.0484353 -0.176945 -0.137319 -0.0483245 -0.17705 -0.137633 -0.048216 -0.177154 -0.133442 -0.077721 -0.203804 -0.13379 -0.0777119 -0.203796 -0.134137 -0.0776935 -0.203798 -0.134483 -0.077666 -0.203809 -0.134827 -0.0776295 -0.20383 -0.135167 -0.0775839 -0.20386 -0.13554 -0.077523 -0.203905 -0.131772 -0.0474798 -0.199685 -0.131401 -0.0475247 -0.19961 -0.12869 -0.0482324 -0.19865 -0.128402 -0.0483537 -0.198497 -0.128123 -0.0484822 -0.198336 -0.14072 -0.0743662 -0.20545 -0.127853 -0.0486176 -0.198169 -0.14247 -0.0714824 -0.208247 -0.124843 -0.0510228 -0.193761 -0.12494 -0.0507804 -0.194044 -0.124762 -0.0512686 -0.193474 -0.14227 -0.0434863 -0.180468 -0.142171 -0.0437203 -0.180231 -0.124698 -0.0515171 -0.193184 -0.124649 -0.0517676 -0.192893 -0.142355 -0.0432501 -0.180707 -0.124619 -0.0519941 -0.192629 -0.142428 -0.0430121 -0.180948 -0.124603 -0.0522211 -0.192365 -0.1246 -0.052448 -0.192101 -0.142487 -0.0427729 -0.18119 -0.12461 -0.0526744 -0.191837 -0.142533 -0.0425331 -0.181433 -0.124634 -0.0528996 -0.191575 -0.142568 -0.0422642 -0.181706 -0.142587 -0.0419939 -0.18198 -0.14259 -0.0417227 -0.182255 -0.142577 -0.0414515 -0.18253 -0.14255 -0.041208 -0.182777 -0.131032 -0.0475808 -0.199523 -0.130666 -0.047648 -0.199425 -0.130304 -0.0477262 -0.199314 -0.129947 -0.047815 -0.199193 -0.129597 -0.0479143 -0.19906 -0.129288 -0.0480124 -0.198932 -0.128985 -0.0481185 -0.198795 -0.125051 -0.0505419 -0.194323 -0.14206 -0.0439516 -0.179997 -0.124676 -0.0531456 -0.191289 -0.124734 -0.0533914 -0.191002 -0.142511 -0.0409655 -0.183022 -0.142458 -0.0407246 -0.183267 -0.137004 -0.0771669 -0.204201 -0.137359 -0.0770506 -0.204304 -0.137707 -0.0769239 -0.204417 -0.140017 -0.0756783 -0.205578 -0.140281 -0.075475 -0.205772 -0.140532 -0.0752634 -0.205974 -0.142584 -0.0707106 -0.209 -0.142561 -0.0709596 -0.208757 -0.142593 -0.0704614 -0.209244 -0.142589 -0.0702126 -0.209486 -0.142572 -0.0699647 -0.209728 -0.142537 -0.0696942 -0.209991 -0.142486 -0.0694236 -0.210255 -0.142418 -0.0691535 -0.210518 -0.142334 -0.0688844 -0.21078 -0.142234 -0.0686172 -0.211039 -0.142118 -0.0683525 -0.211296 -0.141518 -0.0455394 -0.179815 -0.141693 -0.0452988 -0.180057 -0.141853 -0.0450527 -0.180306 -0.141999 -0.0448016 -0.18056 -0.139155 -0.0475257 -0.177828 -0.139451 -0.0473529 -0.177999 -0.139737 -0.0471709 -0.17818 -0.138014 -0.0768012 -0.204528 -0.138314 -0.0766706 -0.204647 -0.138607 -0.0765324 -0.204775 -0.138891 -0.0763869 -0.20491 -0.139167 -0.0762344 -0.205052 -0.13946 -0.0760585 -0.205218 -0.139744 -0.075873 -0.205393 -0.127566 -0.0487752 -0.197975 -0.127288 -0.048942 -0.197772 -0.140746 -0.0463818 -0.178968 -0.140952 -0.046184 -0.179166 -0.141147 -0.0459812 -0.17937 -0.14133 -0.0457738 -0.179579 -0.140013 -0.0469801 -0.17837 -0.140277 -0.046781 -0.178568 -0.14053 -0.0465742 -0.178775 -0.125563 -0.0504607 -0.19596 -0.125412 -0.0506631 -0.195722 -0.125274 -0.0508687 -0.19548 -0.125137 -0.0510988 -0.19521 -0.142525 -0.0712079 -0.208515 -0.125006 -0.0541211 -0.190151 -0.124899 -0.0538798 -0.190433 -0.141986 -0.068091 -0.211549 -0.12513 -0.0543596 -0.189872 -0.125268 -0.0545945 -0.189597 -0.125406 -0.0548023 -0.189353 -0.125556 -0.0550062 -0.189113 -0.125717 -0.0552058 -0.188878 -0.12589 -0.0554004 -0.188649 -0.126074 -0.0555898 -0.188424 -0.142223 -0.0400168 -0.183984 -0.142314 -0.0402498 -0.183748 -0.126289 -0.0557918 -0.188184 -0.142119 -0.0397873 -0.184216 -0.141987 -0.0395325 -0.184474 -0.14184 -0.0392813 -0.184728 -0.141678 -0.0390342 -0.184977 -0.141519 -0.0388159 -0.185198 -0.141348 -0.0386021 -0.185413 -0.12702 -0.0491175 -0.197559 -0.126763 -0.0493015 -0.197337 -0.126518 -0.0494933 -0.197107 -0.126286 -0.0496924 -0.19687 -0.126088 -0.0498774 -0.19665 -0.125901 -0.0500674 -0.196424 -0.125726 -0.050262 -0.196194 -0.142393 -0.0404859 -0.183508 -0.124809 -0.0536364 -0.190717 -0.126519 -0.0559883 -0.18795 -0.126762 -0.0561786 -0.187723 -0.142129 -0.0445462 -0.180818 -0.142233 -0.0443132 -0.181053 -0.142589 -0.042283 -0.183111 -0.142568 -0.0420391 -0.183358 -0.142534 -0.041796 -0.183604 -0.142487 -0.0415543 -0.183849 -0.140772 -0.0750442 -0.206184 -0.140999 -0.0748178 -0.206402 -0.141192 -0.0746085 -0.206604 -0.142333 -0.0726907 -0.208466 -0.142417 -0.0724209 -0.208729 -0.142485 -0.0721482 -0.208995 -0.133632 -0.0725776 -0.210316 -0.142325 -0.0440778 -0.181292 -0.142403 -0.0438405 -0.181532 -0.142468 -0.0436018 -0.181774 -0.141554 -0.0674066 -0.21221 -0.14171 -0.0676307 -0.211994 -0.142519 -0.0433621 -0.182017 -0.141386 -0.0671873 -0.212421 -0.142561 -0.0430953 -0.182287 -0.141207 -0.066973 -0.212626 -0.142586 -0.0428254 -0.182561 -0.140998 -0.0667439 -0.212845 -0.142596 -0.0425543 -0.182835 -0.140775 -0.06652 -0.213059 -0.140537 -0.066302 -0.213266 -0.140286 -0.0660903 -0.213466 -0.140022 -0.0658855 -0.213659 -0.139745 -0.0656882 -0.213844 -0.139457 -0.0654989 -0.21402 -0.141373 -0.0743943 -0.206811 -0.141542 -0.0741758 -0.207022 -0.1417 -0.0739535 -0.207238 -0.141844 -0.0737278 -0.207457 -0.141989 -0.0734761 -0.207701 -0.142119 -0.073219 -0.207951 -0.142234 -0.0729569 -0.208206 -0.125014 -0.051334 -0.194935 -0.124907 -0.0515736 -0.194655 -0.124612 -0.0534707 -0.192445 -0.12464 -0.0536955 -0.192183 -0.124686 -0.0539416 -0.191897 -0.124749 -0.0541872 -0.19161 -0.127288 -0.0565386 -0.187289 -0.127019 -0.0563622 -0.187502 -0.127569 -0.0567072 -0.187084 -0.127862 -0.0568677 -0.186887 -0.128135 -0.0570046 -0.186718 -0.128415 -0.0571341 -0.186557 -0.128703 -0.057256 -0.186404 -0.128997 -0.0573699 -0.18626 -0.129297 -0.0574755 -0.186124 -0.129635 -0.0575824 -0.185985 -0.129982 -0.0576796 -0.185856 -0.141854 -0.067859 -0.211773 -0.139189 -0.0653358 -0.214171 -0.138912 -0.06518 -0.214315 -0.124815 -0.0518171 -0.19437 -0.124738 -0.0520638 -0.194083 -0.124678 -0.0523129 -0.193792 -0.124634 -0.0525639 -0.1935 -0.124609 -0.0527906 -0.193236 -0.124596 -0.0530177 -0.192972 -0.124598 -0.0532445 -0.192708 -0.142427 -0.0413145 -0.184092 -0.142354 -0.0410772 -0.184333 -0.142268 -0.0408427 -0.18457 -0.130337 -0.0577669 -0.185737 -0.130698 -0.0578439 -0.185629 -0.141043 -0.0389816 -0.18645 -0.140843 -0.0387819 -0.186651 -0.140633 -0.0385883 -0.186846 -0.140414 -0.0384011 -0.187033 -0.14217 -0.0406116 -0.184804 -0.142046 -0.0403593 -0.18506 -0.141906 -0.0401064 -0.185315 -0.141749 -0.0398575 -0.185567 -0.141577 -0.0396132 -0.185814 -0.141411 -0.0393977 -0.186031 -0.141232 -0.0391871 -0.186243 -0.142537 -0.0718734 -0.209263 -0.142569 -0.0716249 -0.209505 -0.142588 -0.0713758 -0.209748 -0.14221 -0.0692839 -0.211785 -0.14209 -0.0690199 -0.212041 -0.141955 -0.0687592 -0.212294 -0.138337 -0.0648913 -0.214577 -0.138628 -0.0650317 -0.21445 -0.13804 -0.0647591 -0.214695 -0.137706 -0.0646231 -0.214815 -0.137362 -0.0644964 -0.214925 -0.13701 -0.0643795 -0.215025 -0.136651 -0.0642726 -0.215114 -0.136286 -0.0641761 -0.215192 -0.135915 -0.0640902 -0.215258 -0.135539 -0.0640151 -0.215313 -0.135198 -0.0639569 -0.215353 -0.142595 -0.0711266 -0.209991 -0.142587 -0.070878 -0.210234 -0.142566 -0.0706304 -0.210475 -0.142528 -0.0703599 -0.210739 -0.140159 -0.0382011 -0.187234 -0.142473 -0.0700893 -0.211002 -0.139892 -0.0380082 -0.187426 -0.124828 -0.0544319 -0.191325 -0.142402 -0.0698193 -0.211265 -0.124923 -0.0546748 -0.191041 -0.142314 -0.0695506 -0.211526 -0.137464 -0.0368011 -0.188616 -0.137148 -0.0366977 -0.188716 -0.136828 -0.0366032 -0.188806 -0.126129 -0.0563751 -0.189043 -0.126348 -0.0565757 -0.188805 -0.136471 -0.0365093 -0.188894 -0.126582 -0.0567705 -0.188573 -0.126829 -0.056959 -0.188347 -0.131439 -0.057966 -0.185446 -0.131066 -0.0579103 -0.185532 -0.131779 -0.0580068 -0.185379 -0.132121 -0.0580386 -0.185321 -0.132465 -0.0580613 -0.185273 -0.134855 -0.0639078 -0.215383 -0.13281 -0.0580749 -0.185234 -0.133155 -0.0580793 -0.185205 -0.1335 -0.0580745 -0.185186 -0.134511 -0.0638679 -0.215403 -0.133881 -0.0580585 -0.185177 -0.134264 -0.0580311 -0.185179 -0.134647 -0.0579924 -0.185193 -0.139611 -0.0378224 -0.187612 -0.139319 -0.0376443 -0.187789 -0.139015 -0.0374746 -0.187957 -0.138701 -0.0373135 -0.188116 -0.138378 -0.0371617 -0.188265 -0.138079 -0.0370333 -0.188391 -0.137774 -0.036913 -0.188508 -0.125035 -0.0549154 -0.19076 -0.125162 -0.055153 -0.190482 -0.125305 -0.0553868 -0.190208 -0.125447 -0.0555935 -0.189966 -0.1256 -0.0557962 -0.189728 -0.125766 -0.0559943 -0.189494 -0.125942 -0.0561875 -0.189266 -0.136108 -0.0364257 -0.188972 -0.135737 -0.0363525 -0.189039 -0.135028 -0.0579423 -0.185219 -0.132823 -0.036157 -0.189164 -0.132445 -0.0361798 -0.189129 -0.132068 -0.0362138 -0.189083 -0.131691 -0.0362591 -0.189025 -0.135361 -0.03629 -0.189094 -0.14182 -0.0685281 -0.212517 -0.134981 -0.0362384 -0.189138 -0.141673 -0.0683009 -0.212736 -0.134598 -0.0361979 -0.18917 -0.141514 -0.0680779 -0.212951 -0.134213 -0.0361686 -0.18919 -0.133865 -0.0361519 -0.189198 -0.133517 -0.0361444 -0.189196 -0.133169 -0.0361461 -0.189185 -0.139682 -0.0663707 -0.214573 -0.139392 -0.0661833 -0.214748 -0.139121 -0.066022 -0.214897 -0.133821 -0.0638156 -0.215414 -0.134165 -0.0638371 -0.215414 -0.133439 -0.0638025 -0.215404 -0.133056 -0.0638006 -0.215382 -0.132673 -0.06381 -0.215347 -0.13229 -0.0638306 -0.215301 -0.13191 -0.0638624 -0.215242 -0.13157 -0.0639005 -0.21518 -0.131233 -0.0639475 -0.215108 -0.1309 -0.0640033 -0.215027 -0.130572 -0.0640678 -0.214936 -0.131317 -0.0363157 -0.188954 -0.130946 -0.0363833 -0.188873 -0.128366 -0.0372223 -0.187909 -0.128057 -0.0373758 -0.187736 -0.127758 -0.0375384 -0.187554 -0.127497 -0.0376922 -0.187383 -0.141344 -0.0678597 -0.213161 -0.141162 -0.0676468 -0.213365 -0.13058 -0.0364618 -0.188779 -0.14095 -0.0674189 -0.213583 -0.130254 -0.0365417 -0.188685 -0.140723 -0.0671962 -0.213795 -0.129934 -0.0366301 -0.188583 -0.140482 -0.0669796 -0.214001 -0.129619 -0.0367269 -0.188471 -0.127089 -0.0571407 -0.188128 -0.140228 -0.0667694 -0.214199 -0.129311 -0.0368317 -0.188351 -0.127362 -0.057315 -0.187917 -0.139961 -0.0665663 -0.21439 -0.129009 -0.0369443 -0.188223 -0.128684 -0.0370784 -0.188071 -0.129694 -0.0583296 -0.186647 -0.130042 -0.0584252 -0.186519 -0.130249 -0.0641407 -0.214837 -0.130398 -0.0585106 -0.186402 -0.129931 -0.0642219 -0.214729 -0.136082 -0.0577427 -0.185355 -0.135747 -0.0578163 -0.185301 -0.136414 -0.0576604 -0.185418 -0.136741 -0.0575695 -0.18549 -0.137063 -0.0574702 -0.185571 -0.137378 -0.0573627 -0.18566 -0.137726 -0.0572322 -0.185771 -0.138032 -0.0571062 -0.18588 -0.138332 -0.0569724 -0.185997 -0.138624 -0.0568309 -0.186123 -0.138908 -0.0566822 -0.186256 -0.127647 -0.0574815 -0.187714 -0.127246 -0.0378527 -0.187204 -0.127913 -0.0576241 -0.187539 -0.127005 -0.0380194 -0.187019 -0.128187 -0.0577597 -0.187372 -0.126774 -0.0381921 -0.186827 -0.128468 -0.0578877 -0.187212 -0.128757 -0.0580081 -0.187061 -0.129053 -0.0581204 -0.186918 -0.129354 -0.0582244 -0.186785 -0.125258 -0.0398606 -0.184989 -0.125134 -0.0400786 -0.18475 -0.125022 -0.0402993 -0.184508 -0.124923 -0.0405224 -0.184263 -0.126553 -0.0383704 -0.18663 -0.126344 -0.0385538 -0.186427 -0.126124 -0.0387643 -0.186195 -0.125917 -0.0389817 -0.185955 -0.125723 -0.0392054 -0.185709 -0.125544 -0.0394349 -0.185457 -0.125395 -0.0396459 -0.185225 -0.135408 -0.057881 -0.185257 -0.139183 -0.0565265 -0.186396 -0.139448 -0.0563643 -0.186543 -0.138843 -0.065868 -0.215038 -0.138557 -0.0657217 -0.215171 -0.138264 -0.0655834 -0.215296 -0.135492 -0.0647321 -0.216008 -0.13515 -0.0646752 -0.216047 -0.134807 -0.0646274 -0.216075 -0.124838 -0.0407472 -0.184017 -0.134463 -0.0645887 -0.216094 -0.124766 -0.0409735 -0.183769 -0.1247 -0.0412316 -0.183487 -0.124674 -0.042951 -0.181606 -0.124725 -0.0431814 -0.181354 -0.12465 -0.0414913 -0.183203 -0.124616 -0.0417522 -0.182917 -0.1246 -0.0419878 -0.182659 -0.124597 -0.0422238 -0.182401 -0.124608 -0.0424599 -0.182143 -0.124635 -0.0427189 -0.18186 -0.137966 -0.0654533 -0.215412 -0.137629 -0.0653193 -0.21553 -0.137284 -0.0651948 -0.215638 -0.13693 -0.0650802 -0.215735 -0.13657 -0.0649756 -0.215822 -0.136203 -0.0648814 -0.215897 -0.135831 -0.0647979 -0.215961 -0.128908 -0.064554 -0.214302 -0.129242 -0.0644331 -0.214455 -0.128615 -0.064671 -0.214156 -0.128329 -0.0647956 -0.214002 -0.128051 -0.0649275 -0.21384 -0.127782 -0.0650663 -0.21367 -0.127523 -0.0652118 -0.213494 -0.127273 -0.0653635 -0.213311 -0.127033 -0.0655212 -0.213121 -0.12678 -0.065703 -0.212904 -0.126535 -0.0658949 -0.212676 -0.134331 -0.0587547 -0.185866 -0.134714 -0.058714 -0.185882 -0.135095 -0.058662 -0.18591 -0.130762 -0.0585858 -0.186296 -0.131131 -0.0586504 -0.186201 -0.131505 -0.0587042 -0.186117 -0.140269 -0.0557747 -0.187087 -0.140006 -0.0559801 -0.186896 -0.140521 -0.055561 -0.187286 -0.14076 -0.05534 -0.187492 -0.140987 -0.0551117 -0.187707 -0.1412 -0.0548766 -0.187928 -0.141381 -0.0546597 -0.188133 -0.141549 -0.0544383 -0.188343 -0.141706 -0.0542129 -0.188557 -0.129583 -0.0643224 -0.214597 -0.141851 -0.0539839 -0.188775 -0.126302 -0.0660942 -0.212439 -0.126082 -0.0663004 -0.212196 -0.132187 -0.0587733 -0.185996 -0.132531 -0.0587943 -0.18595 -0.132876 -0.0588061 -0.185913 -0.133222 -0.0588087 -0.185886 -0.133566 -0.0588021 -0.185869 -0.133949 -0.0587841 -0.185862 -0.131845 -0.0587433 -0.186052 -0.139732 -0.0561767 -0.186715 -0.141983 -0.0537519 -0.188996 -0.142102 -0.0535173 -0.18922 -0.134117 -0.0645593 -0.216103 -0.133773 -0.064539 -0.216103 -0.130854 -0.0647375 -0.215704 -0.130526 -0.0648032 -0.215612 -0.130204 -0.0648772 -0.215511 -0.129887 -0.0649596 -0.215402 -0.133391 -0.0645273 -0.216091 -0.133007 -0.0645269 -0.216067 -0.132624 -0.0645377 -0.216031 -0.132242 -0.0645597 -0.215983 -0.131862 -0.0645929 -0.215924 -0.131523 -0.0646323 -0.21586 -0.131186 -0.0646805 -0.215786 -0.125558 -0.0668864 -0.211507 -0.125721 -0.0666868 -0.211741 -0.125408 -0.0670897 -0.211269 -0.135474 -0.0585987 -0.185951 -0.12527 -0.0672961 -0.211027 -0.135813 -0.0585323 -0.185997 -0.125145 -0.0675053 -0.210783 -0.136148 -0.0584571 -0.186052 -0.125033 -0.0677167 -0.210536 -0.124924 -0.0679549 -0.210259 -0.12483 -0.0681971 -0.209977 -0.124752 -0.0684429 -0.209691 -0.124689 -0.0686914 -0.209402 -0.124642 -0.0689421 -0.20911 -0.138681 -0.0575323 -0.186833 -0.138963 -0.0573822 -0.186968 -0.139237 -0.0572252 -0.18711 -0.139501 -0.0570616 -0.187258 -0.142559 -0.0519458 -0.190726 -0.142519 -0.0522236 -0.190459 -0.142584 -0.0516668 -0.190994 -0.142592 -0.0514154 -0.191235 -0.142586 -0.0511642 -0.191477 -0.142568 -0.0509138 -0.191717 -0.142535 -0.0506648 -0.191957 -0.142389 -0.0527726 -0.189932 -0.1423 -0.0530424 -0.189674 -0.142462 -0.0524995 -0.190194 -0.125896 -0.0664913 -0.211971 -0.124612 -0.0691942 -0.208818 -0.136479 -0.058373 -0.186117 -0.136805 -0.0582805 -0.18619 -0.137126 -0.0581796 -0.186273 -0.13744 -0.0580705 -0.186364 -0.137787 -0.0579382 -0.186477 -0.138092 -0.0578106 -0.186587 -0.13839 -0.0576752 -0.186706 -0.14249 -0.0504175 -0.192194 -0.142432 -0.0501727 -0.192429 -0.142208 -0.0532807 -0.189446 -0.12954 -0.0650614 -0.21527 -0.129199 -0.0651735 -0.215126 -0.128866 -0.0652956 -0.214972 -0.126748 -0.0664522 -0.213565 -0.126504 -0.066645 -0.213336 -0.126273 -0.0668453 -0.213099 -0.126055 -0.0670522 -0.212854 -0.128574 -0.0654137 -0.214824 -0.128289 -0.0655393 -0.214669 -0.128013 -0.0656722 -0.214506 -0.127745 -0.065812 -0.214335 -0.127486 -0.0659584 -0.214158 -0.127238 -0.066111 -0.213974 -0.127 -0.0662695 -0.213784 -0.139783 -0.0568727 -0.187431 -0.140054 -0.0566746 -0.187614 -0.141738 -0.0548984 -0.189284 -0.14188 -0.0546688 -0.189503 -0.14201 -0.0544362 -0.189725 -0.142127 -0.0542011 -0.189949 -0.124613 -0.0698758 -0.208025 -0.1246 -0.069649 -0.208289 -0.12464 -0.0701015 -0.207763 -0.124685 -0.0703472 -0.207477 -0.124747 -0.0705924 -0.207191 -0.124825 -0.0708367 -0.206906 -0.142144 -0.049371 -0.193197 -0.142256 -0.0496365 -0.192943 -0.124919 -0.0710794 -0.206623 -0.142015 -0.049108 -0.193448 -0.125029 -0.0713197 -0.206342 -0.141871 -0.0488484 -0.193696 -0.141712 -0.0485928 -0.19394 -0.125155 -0.0715569 -0.206064 -0.141556 -0.0483667 -0.194154 -0.125297 -0.0717905 -0.20579 -0.141388 -0.0481451 -0.194365 -0.125438 -0.071997 -0.205547 -0.141208 -0.0479282 -0.19457 -0.141018 -0.0477167 -0.19477 -0.140817 -0.047511 -0.194963 -0.140316 -0.0564679 -0.187806 -0.140565 -0.0562529 -0.188006 -0.124599 -0.0694216 -0.208553 -0.140803 -0.0560306 -0.188214 -0.141027 -0.055801 -0.18843 -0.141238 -0.0555647 -0.188653 -0.12559 -0.0721995 -0.205309 -0.125754 -0.0723975 -0.205075 -0.141417 -0.0553469 -0.188859 -0.141584 -0.0551246 -0.189069 -0.142352 -0.049904 -0.192686 -0.140584 -0.0472917 -0.195169 -0.140337 -0.0470785 -0.195368 -0.12587 -0.0672438 -0.212629 -0.125697 -0.0674399 -0.212398 -0.125536 -0.0676401 -0.212163 -0.124681 -0.0694484 -0.210055 -0.124637 -0.0696992 -0.209763 -0.124609 -0.0699514 -0.20947 -0.14223 -0.0539641 -0.190176 -0.142329 -0.0536989 -0.190429 -0.142567 -0.0515951 -0.192449 -0.142533 -0.0513462 -0.192688 -0.142485 -0.0510993 -0.192925 -0.142425 -0.0508549 -0.19316 -0.126158 -0.0728173 -0.204577 -0.125949 -0.07261 -0.204823 -0.126381 -0.0730187 -0.204336 -0.126618 -0.0732137 -0.204103 -0.139803 -0.0466725 -0.195745 -0.140076 -0.0468719 -0.19556 -0.126867 -0.0734016 -0.203876 -0.139518 -0.0464807 -0.195921 -0.127102 -0.0735644 -0.203679 -0.139222 -0.0462971 -0.196089 -0.138946 -0.0461393 -0.196232 -0.127347 -0.0737206 -0.203489 -0.138662 -0.045989 -0.196367 -0.127601 -0.0738701 -0.203306 -0.138371 -0.0458463 -0.196494 -0.127863 -0.0740123 -0.20313 -0.138074 -0.0457117 -0.196613 -0.128133 -0.0741471 -0.202963 -0.13774 -0.0455733 -0.196734 -0.128444 -0.0742891 -0.202785 -0.137397 -0.0454444 -0.196844 -0.137046 -0.0453252 -0.196944 -0.125387 -0.0678439 -0.211925 -0.125251 -0.0680508 -0.211683 -0.125128 -0.0682603 -0.211438 -0.125018 -0.068472 -0.211191 -0.124911 -0.0687107 -0.210913 -0.124818 -0.0689534 -0.210631 -0.124742 -0.0691995 -0.210344 -0.142414 -0.0534281 -0.190689 -0.142483 -0.0531541 -0.190952 -0.142536 -0.0528775 -0.191217 -0.142572 -0.0525993 -0.191484 -0.142591 -0.0523481 -0.191726 -0.142596 -0.0520965 -0.191968 -0.142588 -0.0518454 -0.192209 -0.136687 -0.0452163 -0.197033 -0.128765 -0.0744221 -0.202616 -0.129096 -0.0745457 -0.202457 -0.125315 -0.0725458 -0.206445 -0.125457 -0.0727518 -0.206203 -0.125611 -0.0729537 -0.205965 -0.125777 -0.073151 -0.205732 -0.124598 -0.0701789 -0.209206 -0.1246 -0.0704062 -0.208942 -0.124615 -0.0706329 -0.208678 -0.142342 -0.0505863 -0.193417 -0.142243 -0.050319 -0.193673 -0.125043 -0.0720759 -0.206996 -0.125171 -0.0723127 -0.206719 -0.140987 -0.0484046 -0.195495 -0.140784 -0.0481999 -0.195687 -0.140548 -0.0479815 -0.195892 -0.140299 -0.0477693 -0.19609 -0.124644 -0.0708585 -0.208416 -0.124691 -0.0711042 -0.20813 -0.124755 -0.0713494 -0.207844 -0.124834 -0.0715935 -0.20756 -0.124931 -0.0718359 -0.207277 -0.135616 -0.0449601 -0.197228 -0.135953 -0.0450299 -0.197178 -0.135276 -0.0448994 -0.197269 -0.134934 -0.0448478 -0.197301 -0.134592 -0.0448053 -0.197322 -0.134248 -0.0447721 -0.197334 -0.133865 -0.0447459 -0.197336 -0.13348 -0.0447309 -0.197326 -0.133094 -0.0447272 -0.197305 -0.132709 -0.0447348 -0.197271 -0.132364 -0.0447512 -0.19723 -0.130027 -0.0748295 -0.20208 -0.129711 -0.0747433 -0.202196 -0.130348 -0.0749072 -0.201972 -0.130672 -0.074976 -0.201873 -0.131 -0.0750359 -0.201784 -0.131331 -0.0750867 -0.201705 -0.1317 -0.0751325 -0.201628 -0.132078 -0.0751679 -0.201561 -0.13246 -0.0751923 -0.201506 -0.132845 -0.0752054 -0.201463 -0.133231 -0.0752073 -0.201432 -0.142128 -0.0500538 -0.193927 -0.141997 -0.0497913 -0.194178 -0.141851 -0.0495323 -0.194425 -0.141689 -0.0492773 -0.194668 -0.14153 -0.049052 -0.194882 -0.14136 -0.0488311 -0.195092 -0.141179 -0.0486152 -0.195296 -0.136323 -0.0451177 -0.197111 -0.132021 -0.0447768 -0.19718 -0.131681 -0.0448114 -0.197121 -0.1294 -0.0746486 -0.202322 -0.13358 -0.0751992 -0.201414 -0.125973 -0.0733629 -0.205481 -0.126184 -0.0735695 -0.205235 -0.12817 -0.0748923 -0.203628 -0.128482 -0.0750332 -0.203451 -0.128805 -0.0751651 -0.203284 -0.129136 -0.0752876 -0.203126 -0.126409 -0.0737702 -0.204995 -0.126647 -0.0739644 -0.204763 -0.126898 -0.0741515 -0.204537 -0.127135 -0.0743134 -0.204341 -0.127381 -0.0744687 -0.204151 -0.127636 -0.0746172 -0.203969 -0.127899 -0.0747585 -0.203795 -0.136773 -0.0746751 -0.201715 -0.13641 -0.0747786 -0.201636 -0.137131 -0.0745607 -0.201806 -0.137484 -0.0744357 -0.201907 -0.140037 -0.0475638 -0.196281 -0.137795 -0.0743144 -0.202008 -0.139761 -0.0473655 -0.196464 -0.137343 -0.0461483 -0.197552 -0.136991 -0.0460308 -0.19765 -0.136631 -0.0459234 -0.197738 -0.131012 -0.0449071 -0.196974 -0.131345 -0.0448549 -0.197052 -0.13462 -0.07512 -0.201417 -0.134274 -0.0751555 -0.201406 -0.130685 -0.044968 -0.196887 -0.134962 -0.0750754 -0.201438 -0.130327 -0.0450456 -0.19678 -0.135301 -0.0750219 -0.201468 -0.129971 -0.0451347 -0.19666 -0.135672 -0.0749521 -0.201512 -0.129621 -0.0452343 -0.196529 -0.136043 -0.074871 -0.201568 -0.129278 -0.0453442 -0.196388 -0.128975 -0.0454517 -0.196251 -0.12868 -0.0455669 -0.196106 -0.128393 -0.0456897 -0.195954 -0.128113 -0.0458197 -0.195794 -0.1381 -0.0741849 -0.202117 -0.138398 -0.0740477 -0.202235 -0.139474 -0.047175 -0.196639 -0.139176 -0.0469928 -0.196806 -0.138899 -0.0468362 -0.196948 -0.138614 -0.0466872 -0.197081 -0.138322 -0.0465459 -0.197207 -0.138023 -0.0464127 -0.197324 -0.137688 -0.0462757 -0.197443 -0.133928 -0.075182 -0.201405 -0.127843 -0.0459566 -0.195626 -0.127582 -0.0461001 -0.195452 -0.129442 -0.0753894 -0.202993 -0.129753 -0.075483 -0.202868 -0.13007 -0.0755681 -0.202752 -0.132891 -0.0759338 -0.202147 -0.133239 -0.0759347 -0.202119 -0.133588 -0.0759264 -0.202101 -0.136266 -0.0458266 -0.197814 -0.135895 -0.0457404 -0.197879 -0.135557 -0.0456722 -0.197928 -0.13261 -0.0454618 -0.197952 -0.132266 -0.0454809 -0.197909 -0.131923 -0.0455091 -0.197856 -0.138997 -0.0737357 -0.202507 -0.138688 -0.0739029 -0.20236 -0.139297 -0.0735587 -0.202663 -0.139588 -0.0733721 -0.20283 -0.139869 -0.0731765 -0.203005 -0.140139 -0.0729722 -0.20319 -0.140398 -0.0727598 -0.203384 -0.140644 -0.0725398 -0.203585 -0.140855 -0.0723357 -0.203772 -0.141055 -0.0721264 -0.203965 -0.141243 -0.0719123 -0.204163 -0.135217 -0.0456131 -0.197967 -0.134875 -0.045563 -0.197997 -0.134532 -0.0455222 -0.198017 -0.13415 -0.0454876 -0.198028 -0.133766 -0.0454643 -0.198027 -0.133381 -0.0454522 -0.198014 -0.130391 -0.0756445 -0.202646 -0.132995 -0.0454514 -0.197989 -0.130716 -0.0757122 -0.202548 -0.131045 -0.0757709 -0.202461 -0.131376 -0.0758205 -0.202382 -0.131745 -0.0758649 -0.202307 -0.132124 -0.075899 -0.202242 -0.132506 -0.075922 -0.202188 -0.126807 -0.0466065 -0.194845 -0.127065 -0.0464232 -0.195064 -0.126561 -0.0467978 -0.194618 -0.126327 -0.0469967 -0.194383 -0.126105 -0.0472024 -0.19414 -0.125918 -0.0473931 -0.193916 -0.125742 -0.0475884 -0.193687 -0.125578 -0.0477879 -0.193454 -0.125426 -0.0479912 -0.193216 -0.125287 -0.0481977 -0.192976 -0.125161 -0.048407 -0.192732 -0.141438 -0.07167 -0.204388 -0.127332 -0.0462499 -0.195272 -0.125047 -0.0486187 -0.192486 -0.124936 -0.048857 -0.19221 -0.131584 -0.0455462 -0.197794 -0.133936 -0.075909 -0.202093 -0.131249 -0.0455922 -0.197722 -0.134282 -0.0758823 -0.202094 -0.130917 -0.0456469 -0.197642 -0.134628 -0.0758466 -0.202106 -0.128311 -0.0464489 -0.196601 -0.128035 -0.046581 -0.196439 -0.137491 -0.0751605 -0.202597 -0.137802 -0.075039 -0.202698 -0.127767 -0.0467198 -0.19627 -0.138107 -0.0749094 -0.202808 -0.127509 -0.0468651 -0.196094 -0.138405 -0.0747719 -0.202926 -0.141938 -0.0709082 -0.205098 -0.141786 -0.0711674 -0.204856 -0.142062 -0.0706711 -0.20532 -0.142173 -0.0704309 -0.205545 -0.142272 -0.0701883 -0.205773 -0.142357 -0.0699435 -0.206003 -0.142429 -0.0696973 -0.206235 -0.142488 -0.0694499 -0.206467 -0.142538 -0.0691745 -0.206727 -0.142572 -0.0688939 -0.206991 -0.14259 -0.0686122 -0.207256 -0.130591 -0.0457102 -0.197552 -0.130236 -0.0457904 -0.197442 -0.129881 -0.0458822 -0.19732 -0.129532 -0.0459845 -0.197186 -0.129191 -0.046097 -0.197042 -0.12889 -0.0462067 -0.196903 -0.128597 -0.0463241 -0.196756 -0.124696 -0.0495947 -0.191356 -0.124761 -0.0493457 -0.191644 -0.124648 -0.049846 -0.191066 -0.13497 -0.0758018 -0.202126 -0.124616 -0.0500987 -0.190774 -0.135309 -0.075748 -0.202157 -0.124602 -0.0503268 -0.19051 -0.13568 -0.075678 -0.202201 -0.124601 -0.050555 -0.190247 -0.13605 -0.0755967 -0.202257 -0.124613 -0.0507828 -0.189984 -0.136417 -0.075504 -0.202325 -0.124638 -0.0510095 -0.189722 -0.13678 -0.0754003 -0.202405 -0.124682 -0.051256 -0.189437 -0.137139 -0.0752857 -0.202496 -0.124741 -0.0515023 -0.189152 -0.141619 -0.0714215 -0.204619 -0.142592 -0.0683582 -0.207495 -0.142581 -0.0681046 -0.207734 -0.12484 -0.0490995 -0.191929 -0.124817 -0.0517478 -0.188868 -0.12491 -0.0519917 -0.188586 -0.138695 -0.074627 -0.203051 -0.139003 -0.0744596 -0.203198 -0.14106 -0.0728492 -0.204658 -0.141248 -0.072635 -0.204856 -0.141442 -0.0723926 -0.205081 -0.141623 -0.072144 -0.205312 -0.127261 -0.0470166 -0.195911 -0.126997 -0.0471916 -0.195702 -0.126742 -0.047377 -0.195481 -0.125247 -0.0489793 -0.1936 -0.125124 -0.0491894 -0.193356 -0.125015 -0.0494017 -0.193109 -0.124907 -0.0496411 -0.192831 -0.139303 -0.0742824 -0.203355 -0.139594 -0.0740957 -0.203521 -0.139875 -0.0738999 -0.203697 -0.140145 -0.0736955 -0.203882 -0.140403 -0.073483 -0.204076 -0.140649 -0.0732628 -0.204277 -0.14086 -0.0730586 -0.204465 -0.142468 -0.0673503 -0.208443 -0.142519 -0.0676001 -0.208209 -0.142404 -0.067103 -0.208676 -0.142328 -0.0668584 -0.208905 -0.125143 -0.0524723 -0.188029 -0.125019 -0.0522334 -0.188306 -0.142228 -0.0665906 -0.209156 -0.125283 -0.0527076 -0.187755 -0.142111 -0.0663226 -0.209406 -0.125423 -0.0529158 -0.187513 -0.141978 -0.0660574 -0.209653 -0.125574 -0.0531201 -0.187275 -0.141829 -0.0657956 -0.209897 -0.125737 -0.0533199 -0.187042 -0.141666 -0.065538 -0.210136 -0.125912 -0.0535149 -0.186813 -0.141506 -0.0653103 -0.210347 -0.126117 -0.0537237 -0.186568 -0.141334 -0.0650871 -0.210553 -0.126336 -0.0539271 -0.186329 -0.12657 -0.0541244 -0.186096 -0.126817 -0.0543151 -0.18587 -0.126499 -0.0475703 -0.195251 -0.126267 -0.0477709 -0.195014 -0.12605 -0.0479784 -0.19477 -0.125865 -0.0481704 -0.194544 -0.125692 -0.0483669 -0.194314 -0.125532 -0.0485676 -0.19408 -0.125383 -0.0487719 -0.193841 -0.142557 -0.0678516 -0.207972 -0.141151 -0.0648688 -0.210754 -0.127076 -0.0544987 -0.185651 -0.12732 -0.0546574 -0.185461 -0.14179 -0.0718898 -0.205549 -0.141942 -0.0716304 -0.205792 -0.142574 -0.0696157 -0.207685 -0.142592 -0.0693339 -0.20795 -0.142594 -0.0690799 -0.208189 -0.142582 -0.0688262 -0.208428 -0.142065 -0.0713933 -0.206014 -0.142176 -0.0711531 -0.206239 -0.142274 -0.0709103 -0.206467 -0.14236 -0.0706655 -0.206697 -0.124815 -0.0498846 -0.192549 -0.142432 -0.0704192 -0.206928 -0.124739 -0.0501316 -0.192263 -0.14249 -0.0701718 -0.207161 -0.14254 -0.0698963 -0.20742 -0.12469 -0.052043 -0.190055 -0.124754 -0.0522892 -0.189771 -0.140539 -0.0642482 -0.21132 -0.140753 -0.0644489 -0.211137 -0.124834 -0.0525344 -0.189487 -0.140291 -0.064034 -0.211513 -0.124931 -0.0527779 -0.189205 -0.14003 -0.0638262 -0.2117 -0.139756 -0.0636254 -0.211878 -0.13947 -0.0634319 -0.212049 -0.139172 -0.0632465 -0.212212 -0.138863 -0.0630695 -0.212365 -0.127836 -0.0549546 -0.185103 -0.127574 -0.0548095 -0.185278 -0.138544 -0.0629015 -0.212509 -0.128106 -0.0550925 -0.184935 -0.13825 -0.0627584 -0.212629 -0.128384 -0.0552229 -0.184775 -0.137948 -0.0626232 -0.212742 -0.128701 -0.0553585 -0.184607 -0.129028 -0.0554852 -0.184449 -0.129364 -0.0556024 -0.1843 -0.129708 -0.0557098 -0.184162 -0.13006 -0.0558071 -0.184035 -0.130382 -0.0558857 -0.18393 -0.130708 -0.0559557 -0.183833 -0.124679 -0.0503813 -0.191975 -0.124635 -0.050633 -0.191684 -0.124607 -0.050886 -0.191392 -0.124596 -0.0511143 -0.191128 -0.124598 -0.0513425 -0.190865 -0.124614 -0.05157 -0.190602 -0.124643 -0.0517964 -0.19034 -0.131038 -0.0560169 -0.183747 -0.131371 -0.0560691 -0.183669 -0.140957 -0.0646559 -0.210948 -0.137641 -0.0624963 -0.212845 -0.137298 -0.062367 -0.212949 -0.142557 -0.0685733 -0.208666 -0.142519 -0.0683217 -0.208903 -0.142468 -0.0680719 -0.209137 -0.141503 -0.0660324 -0.21104 -0.141331 -0.0658093 -0.211246 -0.141148 -0.0655911 -0.211447 -0.140954 -0.0653783 -0.211642 -0.125043 -0.0530191 -0.188926 -0.125172 -0.0532572 -0.188649 -0.126625 -0.0548996 -0.186727 -0.126875 -0.0550887 -0.186502 -0.127138 -0.0552706 -0.186286 -0.136588 -0.0621377 -0.213123 -0.136947 -0.0622473 -0.213041 -0.136223 -0.0620384 -0.213194 -0.135852 -0.0619497 -0.213254 -0.135476 -0.0618718 -0.213302 -0.135135 -0.061811 -0.213335 -0.134792 -0.0617593 -0.213359 -0.134447 -0.0617168 -0.213373 -0.134102 -0.0616834 -0.213378 -0.133719 -0.0616571 -0.213371 -0.125316 -0.0534916 -0.188377 -0.133334 -0.0616421 -0.213353 -0.125458 -0.0536988 -0.188136 -0.125613 -0.053902 -0.187899 -0.125779 -0.0541006 -0.187667 -0.125956 -0.0542942 -0.18744 -0.126165 -0.0545018 -0.187196 -0.126388 -0.0547038 -0.186958 -0.142404 -0.0678246 -0.209369 -0.132419 -0.0561737 -0.183491 -0.132044 -0.0561464 -0.183544 -0.142327 -0.0675801 -0.209599 -0.132804 -0.0561903 -0.183448 -0.142227 -0.0673123 -0.209849 -0.13319 -0.0561957 -0.183418 -0.14211 -0.0670444 -0.2101 -0.133538 -0.0561909 -0.183401 -0.141977 -0.0667792 -0.210347 -0.133886 -0.0561769 -0.183393 -0.141828 -0.0665176 -0.210591 -0.134233 -0.0561538 -0.183396 -0.141664 -0.06626 -0.21083 -0.134578 -0.0561215 -0.183407 -0.134921 -0.0560803 -0.183429 -0.13526 -0.0560301 -0.18346 -0.135633 -0.0559641 -0.183505 -0.132949 -0.0616383 -0.213322 -0.132565 -0.0616457 -0.21328 -0.131707 -0.0561123 -0.183602 -0.136003 -0.0558867 -0.183563 -0.13637 -0.0557982 -0.183631 -0.14075 -0.0651714 -0.21183 -0.140536 -0.0649708 -0.212013 -0.138245 -0.0634823 -0.213321 -0.137943 -0.0633473 -0.213433 -0.137636 -0.0632205 -0.213537 -0.137293 -0.0630914 -0.21364 -0.127385 -0.0554276 -0.186098 -0.12764 -0.0555779 -0.185916 -0.127905 -0.0557211 -0.185743 -0.13043 -0.0566264 -0.1846 -0.130757 -0.0566951 -0.184505 -0.131088 -0.0567549 -0.184419 -0.131421 -0.0568058 -0.184344 -0.128177 -0.0558571 -0.185577 -0.128457 -0.0559854 -0.185419 -0.140288 -0.0647568 -0.212206 -0.128776 -0.0561187 -0.185254 -0.140026 -0.0645491 -0.212392 -0.129105 -0.0562432 -0.185098 -0.139752 -0.0643484 -0.212571 -0.129443 -0.0563581 -0.184952 -0.139465 -0.0641552 -0.212742 -0.129789 -0.0564632 -0.184816 -0.139167 -0.0639699 -0.212904 -0.130107 -0.056549 -0.184703 -0.138858 -0.0637931 -0.213057 -0.138539 -0.0636253 -0.2132 -0.137093 -0.0555882 -0.183804 -0.136734 -0.0556986 -0.183712 -0.137446 -0.0554672 -0.183907 -0.137792 -0.0553358 -0.184021 -0.138097 -0.055209 -0.184133 -0.138395 -0.0550745 -0.184253 -0.138685 -0.0549324 -0.184381 -0.138967 -0.0547831 -0.184516 -0.139241 -0.054627 -0.184659 -0.139504 -0.0544643 -0.184809 -0.139786 -0.0542762 -0.184983 -0.13154 -0.0617215 -0.213106 -0.131879 -0.0616872 -0.213174 -0.131205 -0.0617645 -0.21303 -0.130875 -0.0618163 -0.212944 -0.13055 -0.0618767 -0.212849 -0.130195 -0.0619535 -0.212734 -0.12984 -0.0620418 -0.212605 -0.129493 -0.0621405 -0.212466 -0.129152 -0.0622493 -0.212316 -0.128853 -0.0623556 -0.212172 -0.12856 -0.0624696 -0.21202 -0.140057 -0.054079 -0.185167 -0.140318 -0.0538731 -0.18536 -0.132221 -0.0616619 -0.213232 -0.128276 -0.0625909 -0.21186 -0.133713 -0.0623832 -0.214061 -0.133328 -0.0623683 -0.214042 -0.132943 -0.0623646 -0.214012 -0.132559 -0.0623722 -0.213969 -0.136941 -0.0629719 -0.213732 -0.136582 -0.0628624 -0.213814 -0.136217 -0.0627633 -0.213885 -0.135846 -0.0626747 -0.213944 -0.13547 -0.062597 -0.213993 -0.135129 -0.0625364 -0.214026 -0.134786 -0.0624849 -0.214049 -0.134441 -0.0624425 -0.214063 -0.134096 -0.0624093 -0.214068 -0.131757 -0.0568476 -0.184277 -0.132094 -0.0568803 -0.184221 -0.132476 -0.0569065 -0.184169 -0.135317 -0.0567504 -0.184151 -0.135689 -0.0566827 -0.184198 -0.136059 -0.0566038 -0.184257 -0.136426 -0.0565136 -0.184328 -0.127477 -0.0629962 -0.211337 -0.127734 -0.0628546 -0.211518 -0.127231 -0.0631439 -0.211149 -0.126969 -0.0633148 -0.210934 -0.140805 -0.0534371 -0.185771 -0.140568 -0.0536589 -0.185562 -0.14103 -0.0532082 -0.185989 -0.126715 -0.0634959 -0.210707 -0.14122 -0.0529966 -0.18619 -0.126473 -0.0636848 -0.210472 -0.1414 -0.0527802 -0.186396 -0.126243 -0.063881 -0.210229 -0.141567 -0.0525595 -0.186607 -0.126027 -0.0640839 -0.209979 -0.141723 -0.0523349 -0.186822 -0.125844 -0.0642717 -0.209748 -0.141866 -0.0521071 -0.187041 -0.125673 -0.0644639 -0.209513 -0.142008 -0.0518528 -0.187285 -0.125514 -0.0646602 -0.209273 -0.142135 -0.0515933 -0.187535 -0.142248 -0.0513292 -0.18779 -0.132861 -0.0569214 -0.184128 -0.133248 -0.0569251 -0.184099 -0.133596 -0.0569187 -0.184084 -0.133944 -0.0569032 -0.184078 -0.134291 -0.0568786 -0.184082 -0.134636 -0.0568448 -0.184095 -0.134979 -0.0568021 -0.184118 -0.128 -0.0627194 -0.211693 -0.125367 -0.0648599 -0.20903 -0.142345 -0.051061 -0.188049 -0.125233 -0.0650628 -0.208784 -0.132215 -0.0623886 -0.213921 -0.131873 -0.062414 -0.213863 -0.131534 -0.0624484 -0.213795 -0.128847 -0.0630839 -0.212859 -0.128555 -0.063198 -0.212707 -0.128271 -0.0633195 -0.212547 -0.127995 -0.0634481 -0.21238 -0.124889 -0.0657338 -0.207971 -0.124992 -0.065499 -0.208255 -0.1248 -0.0659725 -0.207683 -0.124727 -0.0662144 -0.207391 -0.12467 -0.0664588 -0.207097 -0.12463 -0.0667051 -0.2068 -0.124606 -0.0669525 -0.206502 -0.136789 -0.0564123 -0.18441 -0.124598 -0.0671755 -0.206233 -0.137147 -0.0563003 -0.184504 -0.124604 -0.0673982 -0.205965 -0.124622 -0.0676202 -0.205698 -0.13952 -0.0551845 -0.185503 -0.139802 -0.0549959 -0.185678 -0.140073 -0.0547983 -0.185862 -0.140333 -0.0545919 -0.186055 -0.125112 -0.0652682 -0.208534 -0.142541 -0.0502395 -0.188843 -0.142492 -0.0505155 -0.188576 -0.142571 -0.04999 -0.189084 -0.142588 -0.0497403 -0.189326 -0.142592 -0.0494906 -0.189568 -0.14258 -0.049217 -0.189833 -0.142552 -0.0489429 -0.190098 -0.142507 -0.0486688 -0.190363 -0.142446 -0.0483956 -0.190628 -0.142369 -0.0481239 -0.19089 -0.142275 -0.0478544 -0.191151 -0.131199 -0.0624917 -0.213718 -0.130869 -0.0625436 -0.213632 -0.130544 -0.0626041 -0.213537 -0.130189 -0.062681 -0.213422 -0.129835 -0.0627695 -0.213293 -0.129487 -0.0628684 -0.213154 -0.129146 -0.0629774 -0.213004 -0.124655 -0.0678409 -0.205431 -0.1247 -0.0680598 -0.205167 -0.137499 -0.0561776 -0.184609 -0.13781 -0.0560585 -0.184712 -0.138115 -0.0559313 -0.184824 -0.138413 -0.0557963 -0.184945 -0.138703 -0.0556537 -0.185073 -0.138984 -0.0555041 -0.185209 -0.139257 -0.0553475 -0.185353 -0.142426 -0.0507896 -0.188311 -0.142178 -0.0476144 -0.191382 -0.127729 -0.0635835 -0.212205 -0.127472 -0.0637253 -0.212023 -0.125669 -0.0651941 -0.210199 -0.12551 -0.0653905 -0.209959 -0.125363 -0.0655903 -0.209715 -0.12523 -0.0657933 -0.209469 -0.124847 -0.0685362 -0.204591 -0.124765 -0.0682984 -0.204879 -0.124945 -0.0687724 -0.204305 -0.125059 -0.0690064 -0.204021 -0.125189 -0.0692375 -0.203739 -0.125335 -0.0694651 -0.203462 -0.125497 -0.0696884 -0.203188 -0.125654 -0.0698852 -0.202947 -0.125824 -0.0700776 -0.20271 -0.140582 -0.0543774 -0.186258 -0.126004 -0.070265 -0.202478 -0.140819 -0.0541552 -0.186468 -0.126196 -0.0704471 -0.202252 -0.142145 -0.0523093 -0.188234 -0.142256 -0.0520449 -0.188488 -0.142353 -0.0517766 -0.188747 -0.14181 -0.0469136 -0.192057 -0.141944 -0.0471435 -0.191836 -0.141663 -0.0466881 -0.192273 -0.141485 -0.046442 -0.192509 -0.141293 -0.0462007 -0.19274 -0.141087 -0.0459648 -0.192965 -0.140866 -0.0457349 -0.193183 -0.140657 -0.0455337 -0.193374 -0.140436 -0.0453384 -0.193559 -0.140206 -0.0451492 -0.193737 -0.139967 -0.0449667 -0.193908 -0.127225 -0.0638731 -0.211836 -0.126964 -0.0640441 -0.21162 -0.12671 -0.0642254 -0.211394 -0.126468 -0.0644145 -0.211158 -0.126239 -0.0646108 -0.210915 -0.126023 -0.0648138 -0.210665 -0.12584 -0.0650017 -0.210434 -0.141043 -0.0539259 -0.186685 -0.141233 -0.053714 -0.186887 -0.141412 -0.0534974 -0.187093 -0.141579 -0.0532764 -0.187305 -0.141734 -0.0530517 -0.18752 -0.141876 -0.0528236 -0.187739 -0.142018 -0.0525691 -0.187983 -0.126418 -0.07064 -0.202011 -0.126655 -0.070827 -0.201776 -0.142067 -0.0473773 -0.191611 -0.139719 -0.0447912 -0.194072 -0.139462 -0.0446229 -0.194228 -0.125109 -0.0659988 -0.20922 -0.12499 -0.0662296 -0.20894 -0.124603 -0.0681291 -0.20665 -0.124622 -0.0683511 -0.206382 -0.124654 -0.0685719 -0.206116 -0.1247 -0.0687907 -0.205852 -0.127168 -0.0711812 -0.201327 -0.126905 -0.0710075 -0.201548 -0.127444 -0.0713474 -0.201113 -0.127731 -0.0715056 -0.200908 -0.12803 -0.0716553 -0.200712 -0.128307 -0.0717825 -0.200543 -0.128592 -0.0719021 -0.200382 -0.128884 -0.0720139 -0.20023 -0.14237 -0.0488387 -0.19159 -0.142276 -0.0485693 -0.19185 -0.129183 -0.0721175 -0.200086 -0.12952 -0.0722224 -0.199937 -0.142177 -0.0483293 -0.192082 -0.129865 -0.0723175 -0.199798 -0.142434 -0.0515049 -0.18901 -0.142498 -0.0512307 -0.189275 -0.142547 -0.0509546 -0.189542 -0.13886 -0.0442733 -0.19455 -0.139168 -0.0444449 -0.194393 -0.138542 -0.0441106 -0.194698 -0.138214 -0.0439572 -0.194836 -0.137912 -0.0438274 -0.194951 -0.137604 -0.0437057 -0.195058 -0.13729 -0.0435925 -0.195156 -0.136971 -0.0434879 -0.195246 -0.136649 -0.0433921 -0.195325 -0.136322 -0.0433053 -0.195396 -0.135994 -0.0432276 -0.195457 -0.124886 -0.0664645 -0.208656 -0.124798 -0.0667032 -0.208368 -0.124725 -0.0669451 -0.208076 -0.124669 -0.0671896 -0.207781 -0.124628 -0.0674359 -0.207485 -0.124604 -0.0676833 -0.207187 -0.124597 -0.0679063 -0.206918 -0.142448 -0.0491104 -0.191327 -0.142577 -0.0507051 -0.189784 -0.142593 -0.0504553 -0.190025 -0.142596 -0.0502057 -0.190267 -0.142583 -0.0499319 -0.190532 -0.142555 -0.0496577 -0.190798 -0.142509 -0.0493836 -0.191063 -0.130218 -0.0724026 -0.19967 -0.135626 -0.043152 -0.195513 -0.135249 -0.0430864 -0.195559 -0.124765 -0.0690294 -0.205564 -0.124847 -0.0692671 -0.205276 -0.124946 -0.0695033 -0.20499 -0.126006 -0.0709953 -0.203164 -0.126198 -0.0711773 -0.202938 -0.12642 -0.07137 -0.202697 -0.126657 -0.0715569 -0.202462 -0.131278 -0.0725898 -0.199359 -0.130945 -0.0725414 -0.199445 -0.131615 -0.0726293 -0.199282 -0.131955 -0.0726598 -0.199215 -0.132296 -0.0726811 -0.199158 -0.132638 -0.0726933 -0.199109 -0.133019 -0.0726962 -0.199068 -0.142066 -0.0480923 -0.19231 -0.133403 -0.0726877 -0.199037 -0.141943 -0.0478587 -0.192535 -0.133788 -0.0726679 -0.199019 -0.141808 -0.0476289 -0.192756 -0.134174 -0.0726367 -0.199012 -0.134559 -0.0725942 -0.199018 -0.1402 -0.0458658 -0.194435 -0.13996 -0.0456835 -0.194606 -0.139712 -0.0455082 -0.19477 -0.139455 -0.0453402 -0.194926 -0.131318 -0.0430609 -0.195344 -0.131689 -0.0430113 -0.195419 -0.134485 -0.042988 -0.195615 -0.134869 -0.0430316 -0.195593 -0.134099 -0.0429556 -0.195626 -0.133751 -0.0429361 -0.195625 -0.133403 -0.0429258 -0.195615 -0.133055 -0.0429247 -0.195595 -0.13271 -0.0429327 -0.195565 -0.132366 -0.0429499 -0.195526 -0.132026 -0.0429761 -0.195477 -0.12506 -0.0697373 -0.204706 -0.12519 -0.0699683 -0.204425 -0.125336 -0.0701958 -0.204147 -0.125498 -0.070419 -0.203874 -0.125656 -0.0706158 -0.203632 -0.125825 -0.070808 -0.203395 -0.130579 -0.0724773 -0.199552 -0.134903 -0.0725463 -0.199033 -0.14166 -0.0474036 -0.192972 -0.141483 -0.0471576 -0.193208 -0.14129 -0.0469164 -0.193439 -0.141082 -0.0466806 -0.193663 -0.140861 -0.0464509 -0.193882 -0.140651 -0.0462499 -0.194073 -0.14043 -0.0460547 -0.194257 -0.13095 -0.0431217 -0.195256 -0.130585 -0.0431935 -0.195157 -0.126907 -0.0717373 -0.202234 -0.12717 -0.0719108 -0.202013 -0.129523 -0.0729514 -0.200624 -0.129869 -0.0730465 -0.200485 -0.130222 -0.0731315 -0.200357 -0.130583 -0.0732062 -0.200239 -0.135922 -0.0723487 -0.199135 -0.135586 -0.0724234 -0.199091 -0.136254 -0.0722653 -0.199187 -0.13658 -0.0721733 -0.199249 -0.136937 -0.0720614 -0.199328 -0.137291 -0.0719379 -0.199419 -0.13916 -0.0451624 -0.19509 -0.137639 -0.0718037 -0.199521 -0.138852 -0.0449911 -0.195247 -0.13798 -0.0716591 -0.199633 -0.138314 -0.0715046 -0.199757 -0.138607 -0.0713573 -0.199876 -0.138892 -0.0712025 -0.200004 -0.136312 -0.0440254 -0.19609 -0.135982 -0.0439481 -0.19615 -0.135615 -0.0438729 -0.196206 -0.135238 -0.0438076 -0.196252 -0.129869 -0.0433696 -0.194924 -0.130224 -0.0432762 -0.195046 -0.12952 -0.0434734 -0.194791 -0.129213 -0.0435754 -0.194662 -0.128912 -0.0436854 -0.194525 -0.128618 -0.0438031 -0.19438 -0.128333 -0.0439282 -0.194227 -0.12803 -0.0440735 -0.194051 -0.127736 -0.0442284 -0.193864 -0.127451 -0.0443927 -0.193668 -0.127177 -0.0445659 -0.193462 -0.127446 -0.0720769 -0.2018 -0.127734 -0.072235 -0.201595 -0.128033 -0.0723846 -0.201399 -0.12831 -0.0725117 -0.20123 -0.128595 -0.0726312 -0.201069 -0.128888 -0.072743 -0.200917 -0.129186 -0.0728466 -0.200773 -0.135246 -0.0724893 -0.199057 -0.139169 -0.0710405 -0.200139 -0.138533 -0.0448287 -0.195394 -0.138205 -0.0446756 -0.195532 -0.137902 -0.044546 -0.195647 -0.137594 -0.0444247 -0.195754 -0.13728 -0.0443117 -0.195852 -0.136961 -0.0442074 -0.19594 -0.136638 -0.0441119 -0.19602 -0.126913 -0.0447475 -0.193247 -0.130949 -0.0732702 -0.200133 -0.131283 -0.0733186 -0.200047 -0.13418 -0.0733652 -0.1997 -0.134565 -0.0733226 -0.199706 -0.13491 -0.0732747 -0.199721 -0.134857 -0.0437532 -0.196286 -0.139944 -0.0705152 -0.200587 -0.139695 -0.0706965 -0.200431 -0.134473 -0.04371 -0.196308 -0.140182 -0.0703281 -0.20075 -0.140434 -0.070114 -0.200937 -0.140678 -0.0698889 -0.201135 -0.140909 -0.0696563 -0.201341 -0.141128 -0.0694168 -0.201554 -0.141313 -0.0691958 -0.201752 -0.141486 -0.0689702 -0.201954 -0.131677 -0.043736 -0.196109 -0.131306 -0.0437859 -0.196033 -0.141648 -0.0687405 -0.202161 -0.130938 -0.0438471 -0.195945 -0.141797 -0.0685072 -0.202372 -0.130572 -0.0439193 -0.195845 -0.126217 -0.0453174 -0.192578 -0.126421 -0.0451342 -0.192792 -0.126023 -0.0455059 -0.192358 -0.125841 -0.045699 -0.192133 -0.125671 -0.0458965 -0.191904 -0.125497 -0.0461187 -0.191647 -0.125338 -0.0463466 -0.191383 -0.125194 -0.0465798 -0.191114 -0.125064 -0.0468176 -0.19084 -0.12495 -0.0470594 -0.190562 -0.124851 -0.0473045 -0.19028 -0.13162 -0.0733581 -0.19997 -0.131959 -0.0733885 -0.199903 -0.132301 -0.0734099 -0.199845 -0.132643 -0.0734221 -0.199797 -0.133024 -0.0734248 -0.199755 -0.133409 -0.0734163 -0.199725 -0.133794 -0.0733965 -0.199707 -0.139437 -0.0708717 -0.200282 -0.134087 -0.0436779 -0.196318 -0.133739 -0.0436588 -0.196317 -0.141934 -0.0682708 -0.202586 -0.13339 -0.0436488 -0.196306 -0.142057 -0.0680317 -0.202803 -0.133043 -0.043648 -0.196286 -0.132697 -0.0436564 -0.196256 -0.132354 -0.0436739 -0.196216 -0.132013 -0.0437005 -0.196167 -0.126661 -0.0449371 -0.193024 -0.124776 -0.0475273 -0.190024 -0.139176 -0.0717684 -0.200828 -0.139444 -0.0715996 -0.200971 -0.135252 -0.0732177 -0.199745 -0.135592 -0.0731517 -0.199779 -0.135928 -0.0730769 -0.199823 -0.138614 -0.0720852 -0.200565 -0.138899 -0.0719304 -0.200693 -0.130212 -0.0440023 -0.195734 -0.142276 -0.0675204 -0.203269 -0.142168 -0.0677904 -0.203022 -0.129857 -0.044096 -0.195612 -0.142368 -0.0672451 -0.20352 -0.142445 -0.0669663 -0.203775 -0.142506 -0.0666846 -0.204033 -0.142551 -0.0664008 -0.204293 -0.142579 -0.0661156 -0.204555 -0.142591 -0.0658584 -0.204791 -0.142589 -0.0656013 -0.205027 -0.142574 -0.0653448 -0.205262 -0.127441 -0.0451215 -0.194353 -0.127166 -0.0452949 -0.194147 -0.142546 -0.0650895 -0.205496 -0.126903 -0.0454768 -0.193932 -0.13626 -0.0729935 -0.199875 -0.136587 -0.0729015 -0.199937 -0.136943 -0.0727896 -0.200016 -0.124631 -0.0482036 -0.189249 -0.124666 -0.0479774 -0.189508 -0.137297 -0.072666 -0.200107 -0.124607 -0.0484551 -0.18896 -0.137646 -0.0725317 -0.200209 -0.1246 -0.048708 -0.188671 -0.137987 -0.0723871 -0.200322 -0.124609 -0.0489614 -0.18838 -0.138321 -0.0722325 -0.200445 -0.124635 -0.0492147 -0.18809 -0.124672 -0.049442 -0.187829 -0.124723 -0.049668 -0.18757 -0.124786 -0.0498923 -0.187313 -0.124863 -0.0501144 -0.187058 -0.124952 -0.0503338 -0.186806 -0.142504 -0.0648359 -0.205729 -0.14245 -0.0645846 -0.205959 -0.129508 -0.0442001 -0.195478 -0.129201 -0.0443025 -0.195349 -0.1289 -0.0444128 -0.195212 -0.128607 -0.0445307 -0.195066 -0.128322 -0.044656 -0.194913 -0.128019 -0.0448017 -0.194736 -0.127725 -0.0449569 -0.19455 -0.124714 -0.0477518 -0.189767 -0.125054 -0.05055 -0.186557 -0.125168 -0.0507626 -0.186313 -0.139702 -0.0714244 -0.20112 -0.13995 -0.071243 -0.201276 -0.141653 -0.0694681 -0.20285 -0.141802 -0.0692346 -0.203061 -0.141939 -0.068998 -0.203275 -0.142062 -0.0687587 -0.203493 -0.142282 -0.0640345 -0.206462 -0.142374 -0.064309 -0.206211 -0.126651 -0.0456667 -0.193708 -0.142173 -0.0637618 -0.206711 -0.126411 -0.045864 -0.193476 -0.142049 -0.0634915 -0.206957 -0.126207 -0.0460474 -0.193262 -0.141908 -0.0632244 -0.207199 -0.141753 -0.0629612 -0.207438 -0.1416 -0.0627282 -0.207649 -0.141435 -0.0624994 -0.207855 -0.141259 -0.0622754 -0.208056 -0.141071 -0.0620566 -0.208251 -0.140873 -0.0618436 -0.208441 -0.124943 -0.0477908 -0.191244 -0.124854 -0.0480114 -0.190991 -0.124778 -0.0482341 -0.190735 -0.124715 -0.0484585 -0.190478 -0.140188 -0.0710559 -0.201438 -0.14044 -0.0708418 -0.201626 -0.140684 -0.0706167 -0.201824 -0.140915 -0.0703841 -0.20203 -0.141133 -0.0701445 -0.202243 -0.141318 -0.0699235 -0.202441 -0.141491 -0.0696979 -0.202643 -0.140399 -0.0613945 -0.208838 -0.140643 -0.0616161 -0.208643 -0.126014 -0.046236 -0.193042 -0.125832 -0.0464294 -0.192817 -0.125662 -0.046627 -0.192588 -0.125489 -0.0468494 -0.19233 -0.12533 -0.0470775 -0.192066 -0.125186 -0.0473109 -0.191797 -0.125057 -0.0475489 -0.191523 -0.125643 -0.0514543 -0.185514 -0.125469 -0.051228 -0.185776 -0.125831 -0.0516755 -0.185258 -0.126012 -0.0518696 -0.185032 -0.126205 -0.0520586 -0.184812 -0.126408 -0.052242 -0.184598 -0.126621 -0.0524194 -0.184391 -0.126844 -0.0525905 -0.18419 -0.127076 -0.0527548 -0.183996 -0.127316 -0.0529121 -0.18381 -0.127597 -0.0530808 -0.183609 -0.125311 -0.0509972 -0.186042 -0.12789 -0.0532417 -0.183417 -0.128194 -0.0533942 -0.183233 -0.142173 -0.0685173 -0.203712 -0.142271 -0.0682742 -0.203934 -0.142365 -0.0679992 -0.204185 -0.142581 -0.0660987 -0.205927 -0.142554 -0.0658432 -0.206161 -0.142514 -0.0655894 -0.206394 -0.14246 -0.0653377 -0.206625 -0.124665 -0.048684 -0.190219 -0.139871 -0.0609715 -0.209207 -0.140142 -0.0611795 -0.209026 -0.139589 -0.0607711 -0.209379 -0.124629 -0.0489103 -0.189959 -0.139295 -0.0605789 -0.209543 -0.124604 -0.0491618 -0.189671 -0.139022 -0.0604133 -0.209682 -0.13874 -0.0602551 -0.209814 -0.138451 -0.0601046 -0.209938 -0.138156 -0.059962 -0.210054 -0.137854 -0.0598279 -0.21016 -0.137514 -0.0596894 -0.210268 -0.137166 -0.0595606 -0.210365 -0.124861 -0.0508468 -0.187739 -0.12495 -0.0510662 -0.187487 -0.125052 -0.0512824 -0.187239 -0.125167 -0.0514949 -0.186994 -0.124596 -0.0494147 -0.189381 -0.124604 -0.0496682 -0.189091 -0.124628 -0.0499216 -0.1888 -0.124669 -0.0501743 -0.188511 -0.12472 -0.0504003 -0.188252 -0.124784 -0.0506247 -0.187994 -0.142443 -0.0677205 -0.20444 -0.142505 -0.067439 -0.204698 -0.142552 -0.0671552 -0.204958 -0.142582 -0.06687 -0.205219 -0.142595 -0.0666127 -0.205455 -0.142595 -0.0663554 -0.205692 -0.13681 -0.0594417 -0.210452 -0.129098 -0.0537732 -0.18277 -0.128799 -0.0536595 -0.18291 -0.129402 -0.0538789 -0.182638 -0.129712 -0.0539762 -0.182515 -0.130027 -0.054065 -0.1824 -0.130347 -0.0541451 -0.182296 -0.13067 -0.0542163 -0.182201 -0.131032 -0.0542849 -0.182106 -0.131401 -0.054343 -0.182022 -0.131775 -0.0543904 -0.18195 -0.132154 -0.054427 -0.181889 -0.128508 -0.053538 -0.183059 -0.132537 -0.0544524 -0.181839 -0.142386 -0.0650621 -0.206877 -0.142295 -0.0647875 -0.207128 -0.142189 -0.0645146 -0.207377 -0.141075 -0.0627823 -0.208943 -0.140877 -0.0625692 -0.209133 -0.140647 -0.0623417 -0.209334 -0.140402 -0.0621201 -0.209529 -0.135705 -0.059148 -0.210646 -0.136078 -0.0592352 -0.210592 -0.135366 -0.0590789 -0.210684 -0.135024 -0.059019 -0.210712 -0.134681 -0.0589682 -0.210731 -0.134337 -0.0589266 -0.21074 -0.133992 -0.0588943 -0.210739 -0.13361 -0.0588692 -0.210728 -0.133226 -0.0588554 -0.210704 -0.132841 -0.0588528 -0.210668 -0.132458 -0.0588614 -0.21062 -0.125308 -0.0517264 -0.186727 -0.125466 -0.0519572 -0.186461 -0.12564 -0.0521836 -0.186199 -0.127287 -0.0536245 -0.184515 -0.127563 -0.0537917 -0.184316 -0.127855 -0.0539535 -0.184123 -0.128158 -0.054107 -0.183938 -0.142066 -0.0642441 -0.207623 -0.141927 -0.0639767 -0.207866 -0.141773 -0.063713 -0.208105 -0.125809 -0.0523829 -0.185968 -0.141603 -0.0634539 -0.20834 -0.125989 -0.0525777 -0.185742 -0.141439 -0.0632252 -0.208546 -0.12618 -0.0527673 -0.185521 -0.141262 -0.0630011 -0.208747 -0.126382 -0.0529514 -0.185307 -0.126594 -0.0531295 -0.185098 -0.126816 -0.0533013 -0.184897 -0.136447 -0.0593332 -0.210528 -0.127047 -0.0534664 -0.184702 -0.132076 -0.0588814 -0.21056 -0.133618 -0.054464 -0.181764 -0.13327 -0.0544699 -0.181778 -0.133966 -0.0544489 -0.181759 -0.134313 -0.0544246 -0.181765 -0.134657 -0.0543913 -0.18178 -0.135033 -0.054344 -0.181807 -0.135408 -0.0542853 -0.181847 -0.135782 -0.0542153 -0.181899 -0.136153 -0.0541341 -0.181962 -0.13652 -0.0540419 -0.182037 -0.136882 -0.0539388 -0.182123 -0.132922 -0.0544667 -0.181801 -0.13724 -0.053825 -0.182221 -0.140145 -0.0619051 -0.209717 -0.139875 -0.0616971 -0.209898 -0.137517 -0.0604146 -0.21096 -0.137169 -0.0602858 -0.211057 -0.136813 -0.0601669 -0.211144 -0.13645 -0.0600582 -0.21122 -0.131062 -0.0589906 -0.210341 -0.131397 -0.0589453 -0.210423 -0.130732 -0.0590446 -0.210249 -0.130407 -0.0591072 -0.210149 -0.130088 -0.0591782 -0.210039 -0.129735 -0.059268 -0.209906 -0.129423 -0.0593577 -0.209777 -0.129118 -0.0594554 -0.209639 -0.128819 -0.059561 -0.209493 -0.128528 -0.0596742 -0.209339 -0.128246 -0.0597948 -0.209177 -0.13177 -0.0551193 -0.182635 -0.132149 -0.0551559 -0.182574 -0.132532 -0.0551815 -0.182525 -0.139592 -0.0614967 -0.210071 -0.139298 -0.0613045 -0.210234 -0.128471 -0.0542517 -0.183763 -0.139025 -0.0611388 -0.210374 -0.128794 -0.0543873 -0.183597 -0.138743 -0.0609806 -0.210506 -0.129092 -0.0545011 -0.183456 -0.138455 -0.06083 -0.21063 -0.138159 -0.0606874 -0.210745 -0.137857 -0.0605531 -0.210852 -0.131735 -0.0589088 -0.210497 -0.127972 -0.0599223 -0.209008 -0.127707 -0.0600564 -0.208832 -0.138167 -0.0534671 -0.182538 -0.137865 -0.0535944 -0.182424 -0.138462 -0.0533322 -0.182661 -0.138779 -0.0531745 -0.182805 -0.139087 -0.0530069 -0.18296 -0.139386 -0.0528299 -0.183124 -0.139676 -0.0526438 -0.183298 -0.139954 -0.0524492 -0.183481 -0.140195 -0.0522671 -0.183654 -0.140426 -0.0520788 -0.183832 -0.140647 -0.0518847 -0.184017 -0.129707 -0.0547043 -0.183201 -0.130022 -0.0547933 -0.183087 -0.130342 -0.0548735 -0.182982 -0.130665 -0.0549448 -0.182887 -0.131027 -0.0550135 -0.182792 -0.131396 -0.0550717 -0.182708 -0.129397 -0.0546069 -0.183324 -0.137555 -0.0537138 -0.182318 -0.140857 -0.0516853 -0.184207 -0.141055 -0.0514809 -0.184403 -0.136082 -0.0599601 -0.211285 -0.135708 -0.0598729 -0.211338 -0.132844 -0.059577 -0.211361 -0.132461 -0.0595856 -0.211313 -0.132079 -0.0596055 -0.211254 -0.127153 -0.0603785 -0.208416 -0.127425 -0.060213 -0.208629 -0.126891 -0.0605527 -0.208194 -0.126665 -0.0607165 -0.207987 -0.126426 -0.0609055 -0.207749 -0.126199 -0.0611018 -0.207504 -0.125986 -0.0613047 -0.207251 -0.125806 -0.0614925 -0.207018 -0.125637 -0.0616848 -0.206781 -0.125481 -0.0618811 -0.206539 -0.125337 -0.062081 -0.206294 -0.132917 -0.0551959 -0.182487 -0.133265 -0.0551993 -0.182463 -0.133614 -0.0551934 -0.182449 -0.135369 -0.0598038 -0.211376 -0.135027 -0.0597437 -0.211405 -0.134684 -0.0596928 -0.211423 -0.13434 -0.0596512 -0.211433 -0.133995 -0.0596188 -0.211432 -0.133613 -0.0595937 -0.21142 -0.133229 -0.0595797 -0.211397 -0.136516 -0.0547724 -0.182721 -0.136879 -0.0546694 -0.182807 -0.137236 -0.0545558 -0.182905 -0.142062 -0.0500497 -0.185785 -0.141938 -0.0502828 -0.185559 -0.142173 -0.0498138 -0.186014 -0.125205 -0.0622838 -0.206046 -0.142272 -0.0495755 -0.186246 -0.125087 -0.0624893 -0.205795 -0.142357 -0.0493354 -0.186479 -0.142428 -0.049094 -0.186715 -0.142493 -0.0488246 -0.186977 -0.141456 -0.0510087 -0.184857 -0.141263 -0.0512481 -0.184627 -0.141637 -0.0507633 -0.185094 -0.141802 -0.0505126 -0.185337 -0.133961 -0.0551784 -0.182444 -0.134308 -0.0551543 -0.18245 -0.134653 -0.055121 -0.182465 -0.135029 -0.0550739 -0.182492 -0.135404 -0.0550154 -0.182532 -0.135778 -0.0549456 -0.182583 -0.136149 -0.0548645 -0.182646 -0.142541 -0.0485506 -0.187244 -0.142574 -0.0482748 -0.187513 -0.131737 -0.0596329 -0.21119 -0.131399 -0.0596692 -0.211117 -0.131064 -0.0597145 -0.211034 -0.128502 -0.0604089 -0.210018 -0.128219 -0.06053 -0.209855 -0.127946 -0.0606582 -0.209686 -0.127683 -0.060793 -0.209509 -0.12488 -0.0629295 -0.205259 -0.124982 -0.0626969 -0.205542 -0.124793 -0.0631677 -0.204969 -0.124722 -0.0634091 -0.204677 -0.124667 -0.0636529 -0.204381 -0.124628 -0.0638986 -0.204084 -0.124607 -0.0641207 -0.203815 -0.1246 -0.0643431 -0.203546 -0.124605 -0.0645653 -0.203277 -0.124624 -0.0647867 -0.203009 -0.124657 -0.0650069 -0.202742 -0.130734 -0.0597684 -0.210943 -0.137552 -0.0544447 -0.183002 -0.130409 -0.0598309 -0.210842 -0.137861 -0.0543254 -0.183108 -0.130089 -0.0599019 -0.210733 -0.138164 -0.0541983 -0.183222 -0.129742 -0.0599902 -0.210602 -0.129395 -0.0600901 -0.210458 -0.12909 -0.0601886 -0.210319 -0.128792 -0.0602949 -0.210172 -0.140425 -0.0528109 -0.184515 -0.140646 -0.0526169 -0.184699 -0.140856 -0.0524176 -0.18489 -0.141055 -0.0522132 -0.185086 -0.124702 -0.0652254 -0.202478 -0.124761 -0.0654415 -0.202216 -0.138459 -0.0540635 -0.183344 -0.138776 -0.0539059 -0.183488 -0.139085 -0.0537384 -0.183643 -0.139384 -0.0535615 -0.183807 -0.139674 -0.0533756 -0.183981 -0.139953 -0.0531811 -0.184164 -0.140194 -0.0529991 -0.184336 -0.142577 -0.0474994 -0.18827 -0.14259 -0.0477486 -0.188027 -0.14255 -0.0472511 -0.188512 -0.142511 -0.0470042 -0.188753 -0.142458 -0.0467592 -0.188992 -0.142393 -0.0465167 -0.189228 -0.142314 -0.046277 -0.189461 -0.142212 -0.0460146 -0.189717 -0.142093 -0.0457522 -0.189972 -0.141959 -0.0454927 -0.190224 -0.141808 -0.0452368 -0.190472 -0.142589 -0.047998 -0.187783 -0.141643 -0.0449852 -0.190715 -0.141481 -0.0447631 -0.19093 -0.127401 -0.0609502 -0.209305 -0.12713 -0.0611163 -0.209092 -0.125448 -0.062645 -0.207184 -0.125306 -0.0628456 -0.206938 -0.125178 -0.063049 -0.206689 -0.125061 -0.063255 -0.206437 -0.12505 -0.0661484 -0.201357 -0.124937 -0.0659146 -0.201641 -0.125179 -0.0663794 -0.201075 -0.125323 -0.066607 -0.200797 -0.125483 -0.0668305 -0.200523 -0.12564 -0.0670276 -0.200281 -0.125808 -0.0672203 -0.200043 -0.125988 -0.0674081 -0.199811 -0.126178 -0.0675907 -0.199584 -0.126379 -0.0677676 -0.199363 -0.141263 -0.0519805 -0.185309 -0.141457 -0.0517411 -0.18554 -0.142431 -0.0498264 -0.187397 -0.14249 -0.049584 -0.187633 -0.142541 -0.0493102 -0.1879 -0.142575 -0.0490345 -0.188169 -0.126869 -0.061291 -0.208869 -0.126619 -0.0614739 -0.208638 -0.126382 -0.0616643 -0.208399 -0.126158 -0.0618618 -0.208152 -0.125947 -0.0620659 -0.207898 -0.125769 -0.0622547 -0.207665 -0.125602 -0.0624479 -0.207426 -0.124841 -0.0656788 -0.201928 -0.141637 -0.0514958 -0.185776 -0.126612 -0.067955 -0.199128 -0.141803 -0.051245 -0.186019 -0.126859 -0.0681362 -0.198899 -0.14194 -0.0510153 -0.186241 -0.142064 -0.0507822 -0.186467 -0.142175 -0.0505463 -0.186696 -0.142274 -0.050308 -0.186928 -0.142359 -0.0500679 -0.187162 -0.140928 -0.0441259 -0.191544 -0.141123 -0.0443329 -0.191345 -0.140723 -0.0439248 -0.191736 -0.140507 -0.04373 -0.191922 -0.140282 -0.0435419 -0.192101 -0.140021 -0.0433402 -0.192293 -0.139747 -0.0431455 -0.192477 -0.139461 -0.0429583 -0.192653 -0.139163 -0.042779 -0.19282 -0.138854 -0.0426083 -0.192979 -0.141308 -0.0445455 -0.19114 -0.138535 -0.0424465 -0.193128 -0.13824 -0.042309 -0.193253 -0.124625 -0.0655553 -0.203648 -0.12466 -0.0657753 -0.203382 -0.124708 -0.0659934 -0.203118 -0.124776 -0.0662314 -0.202829 -0.124959 -0.0634631 -0.206184 -0.12486 -0.0636961 -0.2059 -0.127393 -0.0684783 -0.198463 -0.12712 -0.0683108 -0.198678 -0.127678 -0.068638 -0.198257 -0.127975 -0.0687895 -0.198059 -0.128282 -0.0689324 -0.19787 -0.128567 -0.0690532 -0.197709 -0.128859 -0.0691663 -0.197555 -0.129158 -0.0692714 -0.19741 -0.129463 -0.0693683 -0.197274 -0.129804 -0.0694649 -0.197135 -0.130153 -0.0695517 -0.197006 -0.142593 -0.0487577 -0.188439 -0.142595 -0.0485081 -0.188682 -0.142584 -0.0482588 -0.188926 -0.124603 -0.0653339 -0.203916 -0.124776 -0.0639349 -0.20561 -0.124707 -0.0641768 -0.205317 -0.141994 -0.0462746 -0.190858 -0.141847 -0.0460178 -0.191107 -0.124655 -0.0644211 -0.205021 -0.141685 -0.0457652 -0.191352 -0.124619 -0.0646671 -0.204723 -0.141526 -0.0455419 -0.191568 -0.1246 -0.0648893 -0.204454 -0.124595 -0.0651118 -0.204185 -0.13051 -0.0696285 -0.196888 -0.130874 -0.0696948 -0.19678 -0.142559 -0.0480103 -0.189168 -0.142522 -0.0477631 -0.189409 -0.142471 -0.0475178 -0.189648 -0.142407 -0.0472748 -0.189885 -0.14233 -0.0470346 -0.190119 -0.142241 -0.0467978 -0.19035 -0.142125 -0.0465348 -0.190605 -0.137318 -0.0419452 -0.193579 -0.137631 -0.0420581 -0.193479 -0.137001 -0.0418412 -0.193669 -0.136646 -0.0417368 -0.193758 -0.136284 -0.0416425 -0.193836 -0.135915 -0.0415587 -0.193903 -0.135541 -0.0414855 -0.193959 -0.135162 -0.0414231 -0.194003 -0.13478 -0.0413718 -0.194036 -0.134434 -0.0413352 -0.194055 -0.134087 -0.0413077 -0.194065 -0.137938 -0.0421794 -0.193371 -0.133739 -0.0412895 -0.194065 -0.133392 -0.0412804 -0.194055 -0.12486 -0.0664684 -0.202542 -0.124961 -0.0667038 -0.202256 -0.126231 -0.0683708 -0.200208 -0.126435 -0.068546 -0.199989 -0.126672 -0.0687319 -0.199756 -0.126922 -0.0689115 -0.199529 -0.134525 -0.0697718 -0.196339 -0.134142 -0.0698122 -0.196333 -0.134907 -0.06972 -0.196356 -0.131619 -0.0697956 -0.196598 -0.131244 -0.0697506 -0.196684 -0.131998 -0.0698296 -0.196525 -0.132341 -0.0698506 -0.196469 -0.132686 -0.0698626 -0.196422 -0.133032 -0.0698654 -0.196385 -0.133378 -0.069859 -0.196358 -0.133759 -0.0698413 -0.19634 -0.125078 -0.0669369 -0.201972 -0.125211 -0.0671671 -0.201691 -0.125359 -0.0673938 -0.201414 -0.125523 -0.0676161 -0.201141 -0.125683 -0.067812 -0.2009 -0.125855 -0.0680034 -0.200664 -0.141355 -0.0453231 -0.191779 -0.126037 -0.0681898 -0.200433 -0.141173 -0.0451092 -0.191985 -0.140981 -0.0449007 -0.192185 -0.135287 -0.069657 -0.196385 -0.138926 -0.0433694 -0.193635 -0.138609 -0.0432056 -0.193786 -0.138316 -0.0430661 -0.193914 -0.138016 -0.0429345 -0.194033 -0.140778 -0.044698 -0.19238 -0.140565 -0.0445016 -0.192568 -0.140342 -0.0443118 -0.192749 -0.140084 -0.0441086 -0.192942 -0.139812 -0.0439122 -0.193127 -0.139529 -0.0437233 -0.193305 -0.139233 -0.0435422 -0.193474 -0.132631 -0.0412934 -0.193999 -0.133012 -0.0412813 -0.194033 -0.132251 -0.0413168 -0.193953 -0.131872 -0.0413514 -0.193895 -0.131496 -0.0413973 -0.193826 -0.131122 -0.0414542 -0.193744 -0.13079 -0.0415147 -0.193661 -0.130463 -0.0415839 -0.193569 -0.13014 -0.0416617 -0.193468 -0.129823 -0.0417478 -0.193358 -0.129513 -0.041842 -0.193239 -0.127186 -0.0690843 -0.199308 -0.127463 -0.0692498 -0.199096 -0.129174 -0.0419563 -0.193098 -0.129892 -0.0702184 -0.197787 -0.130243 -0.0703027 -0.197661 -0.128844 -0.0420807 -0.192945 -0.130602 -0.0703768 -0.197545 -0.136296 -0.0694315 -0.196521 -0.135963 -0.0695155 -0.196466 -0.136624 -0.0693389 -0.196585 -0.136947 -0.0692379 -0.196658 -0.137264 -0.0691287 -0.19674 -0.137612 -0.068997 -0.196842 -0.137953 -0.0688548 -0.196954 -0.138286 -0.0687025 -0.197078 -0.138612 -0.0685404 -0.197211 -0.138897 -0.0683866 -0.19734 -0.139173 -0.0682254 -0.197476 -0.127751 -0.0694075 -0.198892 -0.12805 -0.0695568 -0.198696 -0.12836 -0.0696974 -0.19851 -0.128647 -0.0698161 -0.198351 -0.128942 -0.0699269 -0.1982 -0.129242 -0.0700298 -0.198057 -0.129548 -0.0701243 -0.197924 -0.135627 -0.0695907 -0.196421 -0.139441 -0.0680573 -0.19762 -0.1397 -0.0678827 -0.197771 -0.13771 -0.0428111 -0.194144 -0.137399 -0.0426961 -0.194246 -0.137082 -0.0425898 -0.194339 -0.134485 -0.0420631 -0.194745 -0.134137 -0.0420343 -0.194756 -0.13379 -0.0420147 -0.194757 -0.133443 -0.0420043 -0.194749 -0.136729 -0.0424831 -0.19443 -0.136368 -0.0423865 -0.194511 -0.136001 -0.0423002 -0.19458 -0.135628 -0.0422245 -0.194639 -0.13525 -0.0421596 -0.194686 -0.134869 -0.0421058 -0.194721 -0.127933 -0.0424961 -0.192446 -0.128207 -0.0423589 -0.192609 -0.127667 -0.0426403 -0.192274 -0.127411 -0.0427913 -0.192096 -0.127164 -0.0429486 -0.191911 -0.126927 -0.043112 -0.19172 -0.126702 -0.043281 -0.191522 -0.126463 -0.043475 -0.191297 -0.126235 -0.0436784 -0.191061 -0.12602 -0.0438887 -0.190818 -0.125818 -0.0441052 -0.190569 -0.130968 -0.0704405 -0.19744 -0.131339 -0.0704935 -0.197347 -0.131715 -0.0705357 -0.197265 -0.134585 -0.0704948 -0.197027 -0.134967 -0.0704413 -0.197046 -0.135347 -0.0703765 -0.197076 -0.128521 -0.0422151 -0.192782 -0.140188 -0.067515 -0.198092 -0.139949 -0.0677018 -0.197928 -0.125649 -0.0443051 -0.190339 -0.14044 -0.067301 -0.198281 -0.125492 -0.044509 -0.190105 -0.140684 -0.067077 -0.19848 -0.140915 -0.0668455 -0.198687 -0.141133 -0.066607 -0.198902 -0.141317 -0.0663869 -0.1991 -0.14149 -0.0661622 -0.199303 -0.141652 -0.0659333 -0.199511 -0.1418 -0.0657008 -0.199723 -0.141937 -0.0654651 -0.199939 -0.132057 -0.0705642 -0.197201 -0.1324 -0.0705837 -0.197146 -0.132746 -0.0705941 -0.197101 -0.133092 -0.0705953 -0.197066 -0.133438 -0.0705874 -0.197041 -0.13382 -0.0705679 -0.197024 -0.134202 -0.070537 -0.197019 -0.129218 -0.0426636 -0.193809 -0.128886 -0.0427868 -0.193658 -0.14206 -0.0652267 -0.200157 -0.142171 -0.0649861 -0.200377 -0.133062 -0.0420037 -0.194728 -0.132682 -0.0420143 -0.194696 -0.132301 -0.0420362 -0.194651 -0.129869 -0.0424577 -0.194066 -0.129557 -0.0425507 -0.193949 -0.131922 -0.0420693 -0.194595 -0.131545 -0.0421137 -0.194527 -0.131171 -0.0421691 -0.194447 -0.130838 -0.0422283 -0.194366 -0.13051 -0.0422963 -0.194275 -0.130186 -0.0423728 -0.194175 -0.125095 -0.0451411 -0.189381 -0.125214 -0.0449275 -0.189625 -0.124988 -0.0453569 -0.189135 -0.124894 -0.0455745 -0.188886 -0.124806 -0.0458178 -0.188609 -0.124733 -0.0460673 -0.188325 -0.124675 -0.0463195 -0.188038 -0.124633 -0.0465735 -0.187749 -0.124608 -0.0468288 -0.187459 -0.1246 -0.047059 -0.187197 -0.135686 -0.0703087 -0.197114 -0.136022 -0.070232 -0.197161 -0.136354 -0.0701465 -0.197218 -0.138947 -0.0690897 -0.198049 -0.139222 -0.0689273 -0.198187 -0.139489 -0.068758 -0.198332 -0.139746 -0.0685822 -0.198484 -0.142362 -0.0644699 -0.200852 -0.142268 -0.0647439 -0.2006 -0.14244 -0.0641924 -0.201108 -0.142502 -0.063912 -0.201367 -0.142548 -0.0636293 -0.201628 -0.142578 -0.0633453 -0.20189 -0.14259 -0.063089 -0.202127 -0.14259 -0.0628328 -0.202364 -0.142576 -0.0625772 -0.2026 -0.125347 -0.0447167 -0.189867 -0.142549 -0.0623228 -0.202836 -0.142508 -0.06207 -0.203069 -0.124605 -0.047289 -0.186935 -0.124623 -0.0475182 -0.186675 -0.136682 -0.0700524 -0.197283 -0.137004 -0.06995 -0.197358 -0.137355 -0.0698265 -0.197451 -0.137701 -0.0696921 -0.197556 -0.13804 -0.0695473 -0.197671 -0.138372 -0.0693925 -0.197797 -0.138663 -0.0692448 -0.197919 -0.142454 -0.0618195 -0.203301 -0.142388 -0.0615716 -0.203529 -0.128562 -0.0429198 -0.193496 -0.128246 -0.0430624 -0.193325 -0.127971 -0.0431985 -0.193162 -0.126045 -0.044584 -0.191542 -0.125841 -0.0447999 -0.191293 -0.12567 -0.0449991 -0.191064 -0.125511 -0.0452025 -0.19083 -0.127704 -0.0433418 -0.192991 -0.127446 -0.0434918 -0.192814 -0.127198 -0.0436482 -0.19263 -0.12696 -0.0438107 -0.19244 -0.126732 -0.043979 -0.192243 -0.126492 -0.0441721 -0.192019 -0.126262 -0.0443746 -0.191784 -0.124756 -0.0481966 -0.185903 -0.124699 -0.0479726 -0.186158 -0.124835 -0.0484424 -0.185623 -0.124931 -0.0486866 -0.185345 -0.125042 -0.0489289 -0.185069 -0.12517 -0.0491685 -0.184795 -0.125314 -0.0494048 -0.184525 -0.125472 -0.0496372 -0.184259 -0.125628 -0.0498422 -0.184024 -0.125795 -0.0500431 -0.183793 -0.125974 -0.0502391 -0.183568 -0.139994 -0.0684002 -0.198642 -0.140231 -0.0682124 -0.198807 -0.141828 -0.0663906 -0.200447 -0.141962 -0.0661544 -0.200662 -0.142084 -0.0659155 -0.200881 -0.126164 -0.0504299 -0.183348 -0.142072 -0.0607571 -0.204278 -0.142193 -0.0610266 -0.204031 -0.141934 -0.0604906 -0.204523 -0.141781 -0.0602279 -0.204763 -0.141613 -0.0599695 -0.204998 -0.141449 -0.0597414 -0.205206 -0.141274 -0.0595179 -0.205408 -0.141087 -0.0592995 -0.205606 -0.14089 -0.0590868 -0.205797 -0.140683 -0.05888 -0.205982 -0.124654 -0.0477463 -0.186415 -0.140481 -0.0679974 -0.198997 -0.140723 -0.0677721 -0.199198 -0.140952 -0.0675394 -0.199406 -0.141168 -0.0672999 -0.199621 -0.141351 -0.0670789 -0.199821 -0.141522 -0.0668534 -0.200025 -0.141681 -0.0666238 -0.200234 -0.142299 -0.0612983 -0.203781 -0.140443 -0.0586601 -0.206178 -0.125364 -0.0454097 -0.190593 -0.125229 -0.0456202 -0.190352 -0.124598 -0.0479802 -0.187663 -0.124614 -0.0482096 -0.187403 -0.126842 -0.0510012 -0.182686 -0.127101 -0.0511847 -0.182472 -0.127374 -0.0513611 -0.182265 -0.127658 -0.0515299 -0.182067 -0.127954 -0.0516905 -0.181876 -0.12826 -0.0518426 -0.181695 -0.128544 -0.0519717 -0.181541 -0.128836 -0.0520931 -0.181394 -0.129134 -0.0522066 -0.181256 -0.125861 -0.0445702 -0.179546 -0.125969 -0.0443078 -0.17936 -0.125907 -0.0445064 -0.179512 -0.12594 -0.0444421 -0.179471 -0.125961 -0.0443797 -0.179424 -0.125967 -0.0443433 -0.179393 -0.125582 -0.0447852 -0.179585 -0.125656 -0.0447474 -0.179593 -0.12573 -0.0446973 -0.179589 -0.1258 -0.0446374 -0.179573 -0.13522 -0.0786745 -0.205609 -0.135243 -0.0785196 -0.205302 -0.135223 -0.078597 -0.205518 -0.13523 -0.0785454 -0.205416 -0.13526 -0.0785197 -0.205182 -0.135297 -0.0785885 -0.204986 -0.135279 -0.0785462 -0.205071 -0.135412 -0.0793497 -0.204897 -0.135332 -0.0787121 -0.204852 -0.135361 -0.0788524 -0.20478 -0.135348 -0.0787809 -0.204809 -0.135405 -0.07919 -0.204792 -0.135398 -0.0791145 -0.204769 -0.13541 -0.0792676 -0.204832 -0.135411 -0.0793096 -0.204862 -0.135375 -0.0789384 -0.204762 -0.135324 -0.0786799 -0.204879 -0.135388 -0.0790322 -0.204758 -0.138337 -0.0679327 -0.216943 -0.137527 -0.0671473 -0.217772 -0.137878 -0.0672599 -0.217653 -0.138222 -0.0673826 -0.217523 -0.138559 -0.0675156 -0.217383 -0.138889 -0.067659 -0.217232 -0.139181 -0.0677973 -0.217086 -0.139463 -0.0679422 -0.216933 -0.136545 -0.0672816 -0.21763 -0.135556 -0.0667283 -0.218214 -0.135893 -0.0667757 -0.218164 -0.136225 -0.066832 -0.218104 -0.136521 -0.0668901 -0.218043 -0.136883 -0.066972 -0.217956 -0.137243 -0.0670652 -0.217858 -0.139865 -0.068842 -0.215983 -0.139704 -0.0680753 -0.216792 -0.139967 -0.0682322 -0.216627 -0.140221 -0.0683951 -0.216455 -0.140437 -0.0685442 -0.216298 -0.140674 -0.0687204 -0.216112 -0.140926 -0.0689235 -0.215897 -0.141166 -0.0691345 -0.215675 -0.134587 -0.0669244 -0.218007 -0.134265 -0.0666312 -0.218316 -0.134573 -0.0666423 -0.218304 -0.134878 -0.0666607 -0.218285 -0.135255 -0.0666937 -0.21825 -0.133892 -0.066628 -0.218319 -0.141048 -0.0699712 -0.214792 -0.141395 -0.0693534 -0.215444 -0.14159 -0.0695574 -0.215229 -0.141793 -0.0697886 -0.214985 -0.141942 -0.0699736 -0.214789 -0.142082 -0.070161 -0.214592 -0.142232 -0.0703813 -0.214359 -0.133232 -0.0668497 -0.218085 -0.132885 -0.0666775 -0.218267 -0.133228 -0.0666505 -0.218296 -0.133584 -0.0666338 -0.218313 -0.132572 -0.066712 -0.218231 -0.141825 -0.0712596 -0.213433 -0.142352 -0.0705746 -0.214155 -0.142479 -0.0708013 -0.213916 -0.142593 -0.0710298 -0.213675 -0.142681 -0.0712322 -0.213462 -0.14278 -0.0714912 -0.213188 -0.142863 -0.0717548 -0.21291 -0.132029 -0.0668719 -0.218062 -0.13203 -0.0668032 -0.218134 -0.132161 -0.066776 -0.218163 -0.132294 -0.0667526 -0.218188 -0.131926 -0.0668309 -0.218105 -0.131918 -0.0668697 -0.218064 -0.131882 -0.0668485 -0.218087 -0.131894 -0.0668666 -0.218068 -0.131876 -0.0668589 -0.218076 -0.131876 -0.0668579 -0.218077 -0.131875 -0.0668569 -0.218078 -0.131876 -0.0668599 -0.218075 -0.131877 -0.0668607 -0.218074 -0.131876 -0.0668546 -0.21808 -0.13188 -0.0668623 -0.218072 -0.131877 -0.0668526 -0.218082 -0.131882 -0.0668635 -0.218071 -0.131879 -0.0668507 -0.218084 -0.142144 -0.0726337 -0.211983 -0.142917 -0.0719628 -0.212691 -0.142972 -0.0722308 -0.212408 -0.14301 -0.0724998 -0.212124 -0.143032 -0.07277 -0.211839 -0.143037 -0.0729057 -0.211696 -0.143038 -0.0730415 -0.211552 -0.143028 -0.0732875 -0.211293 -0.141991 -0.0740194 -0.210521 -0.143006 -0.0735307 -0.211036 -0.14297 -0.0737734 -0.21078 -0.142921 -0.0740146 -0.210526 -0.142859 -0.0742532 -0.210274 -0.142775 -0.0745145 -0.209998 -0.142727 -0.0746453 -0.20986 -0.142675 -0.0747753 -0.209723 -0.142585 -0.0749781 -0.209509 -0.141367 -0.075346 -0.209121 -0.142457 -0.0752314 -0.209242 -0.142387 -0.0753565 -0.20911 -0.142313 -0.0754804 -0.208979 -0.142191 -0.0756728 -0.208776 -0.142036 -0.0758934 -0.208543 -0.14187 -0.0761097 -0.208315 -0.141692 -0.076322 -0.208091 -0.140309 -0.076534 -0.207868 -0.141587 -0.0764383 -0.207969 -0.14148 -0.0765533 -0.207847 -0.141368 -0.0766672 -0.207727 -0.141253 -0.0767792 -0.207609 -0.141038 -0.0769763 -0.207401 -0.140814 -0.0771667 -0.2072 -0.14058 -0.0773506 -0.207006 -0.140446 -0.07745 -0.206901 -0.140309 -0.0775475 -0.206798 -0.138884 -0.0775188 -0.206828 -0.140055 -0.0777181 -0.206618 -0.139793 -0.0778806 -0.206447 -0.139558 -0.0780165 -0.206303 -0.139316 -0.0781475 -0.206165 -0.139157 -0.0782285 -0.20608 -0.138996 -0.078307 -0.205997 -0.138741 -0.0784251 -0.205872 -0.138407 -0.078567 -0.205722 -0.137156 -0.0782458 -0.206061 -0.138065 -0.0786996 -0.205582 -0.137889 -0.0787626 -0.205516 -0.137712 -0.078823 -0.205452 -0.13735 -0.0789372 -0.205332 -0.137014 -0.0790322 -0.205232 -0.136685 -0.0791155 -0.205144 -0.13636 -0.0791875 -0.205068 -0.136062 -0.0792448 -0.205007 -0.135737 -0.0792993 -0.20495 -0.140696 -0.0379273 -0.186092 -0.140693 -0.0379275 -0.186092 -0.140688 -0.0379269 -0.186093 -0.140676 -0.0379236 -0.186096 -0.140637 -0.0379061 -0.186115 -0.125111 -0.0413097 -0.182524 -0.125144 -0.0410502 -0.182798 -0.125189 -0.0408163 -0.183044 -0.125246 -0.0405857 -0.183288 -0.125316 -0.0403582 -0.183528 -0.140532 -0.037844 -0.18618 -0.140382 -0.037746 -0.186284 -0.1292 -0.0366624 -0.187427 -0.128071 -0.0372298 -0.186828 -0.128334 -0.0370802 -0.186986 -0.140231 -0.0376475 -0.186388 -0.128605 -0.0369377 -0.187137 -0.128758 -0.036862 -0.187217 -0.128914 -0.0367885 -0.187294 -0.140067 -0.0375418 -0.186499 -0.125399 -0.0401335 -0.183765 -0.125506 -0.0398875 -0.184024 -0.1399 -0.0374379 -0.186609 -0.125629 -0.0396445 -0.184281 -0.125767 -0.039405 -0.184533 -0.139743 -0.0373438 -0.186708 -0.127047 -0.0379506 -0.186068 -0.127291 -0.0377554 -0.186274 -0.127548 -0.0375675 -0.186472 -0.127817 -0.0373867 -0.186663 -0.125921 -0.0391693 -0.184782 -0.126004 -0.039053 -0.184905 -0.12609 -0.0389379 -0.185026 -0.126255 -0.038734 -0.185241 -0.139426 -0.0371634 -0.186898 -0.139584 -0.0372518 -0.186805 -0.126431 -0.0385347 -0.185452 -0.139264 -0.0370774 -0.186989 -0.126618 -0.0383404 -0.185657 -0.126816 -0.0381517 -0.185856 -0.139103 -0.0369947 -0.187076 -0.138939 -0.0369144 -0.187161 -0.138775 -0.0368373 -0.187243 -0.138609 -0.0367625 -0.187321 -0.137584 -0.0363714 -0.187734 -0.137758 -0.03643 -0.187672 -0.137931 -0.036491 -0.187608 -0.138103 -0.036555 -0.18754 -0.138273 -0.0366214 -0.18747 -0.138442 -0.0366908 -0.187397 -0.137409 -0.0363158 -0.187793 -0.137232 -0.0362626 -0.187849 -0.137055 -0.0362124 -0.187902 -0.136225 -0.0360167 -0.188108 -0.136552 -0.0360864 -0.188035 -0.136876 -0.0361649 -0.187952 -0.135893 -0.0359558 -0.188173 -0.135557 -0.0359036 -0.188228 -0.134842 -0.0358231 -0.188313 -0.135183 -0.0358564 -0.188277 -0.134497 -0.0357988 -0.188338 -0.134305 -0.0357892 -0.188348 -0.125776 -0.0440058 -0.179679 -0.125632 -0.0437579 -0.179941 -0.133352 -0.0357839 -0.188354 -0.133542 -0.0357793 -0.188359 -0.133732 -0.0357776 -0.188361 -0.134113 -0.0357825 -0.188356 -0.132975 -0.0358014 -0.188335 -0.125509 -0.04352 -0.180192 -0.125409 -0.043299 -0.180425 -0.12532 -0.0430675 -0.180669 -0.131565 -0.0359702 -0.188157 -0.131898 -0.0359153 -0.188215 -0.13223 -0.0358699 -0.188263 -0.132415 -0.0358486 -0.188286 -0.132601 -0.0358301 -0.188305 -0.132788 -0.0358143 -0.188322 -0.125244 -0.0428251 -0.180925 -0.125183 -0.0425771 -0.181186 -0.125136 -0.042323 -0.181454 -0.125108 -0.0420884 -0.181702 -0.130374 -0.0362478 -0.187864 -0.13055 -0.0361984 -0.187917 -0.130873 -0.0361155 -0.188004 -0.131053 -0.0360736 -0.188048 -0.131235 -0.0360343 -0.18809 -0.125098 -0.0419592 -0.181838 -0.125093 -0.0418299 -0.181975 -0.125094 -0.0415699 -0.182249 -0.129362 -0.0365957 -0.187497 -0.129525 -0.0365316 -0.187565 -0.129859 -0.0364107 -0.187693 -0.1302 -0.0362997 -0.18781 -0.131194 -0.0787439 -0.222382 -0.128313 -0.0748496 -0.209642 -0.133596 -0.0833605 -0.216655 -0.135094 -0.0795206 -0.221502 -0.138233 -0.0729397 -0.211658 -0.136475 -0.082283 -0.220095 -0.136089 -0.0887631 -0.228847 -0.131096 -0.0885617 -0.227802 -0.131096 -0.0832198 -0.224661 -0.136088 -0.0853211 -0.222339 -0.139765 -0.076206 -0.211878 -0.1336 -0.0857589 -0.232753 -0.130637 -0.0716328 -0.213038 -0.131096 -0.0883767 -0.223182 -0.131261 -0.0895194 -0.218497 -0.127624 -0.0806283 -0.218118 -0.136096 -0.0937091 -0.228256 0.0574992 0.0424987 0.249627 0.127259 0.0424992 0.219639 0.145697 0.0428261 0.200256 0.0755436 0.0408429 0.209443 0.152187 0.0444915 0.233373 0.0521705 0.0444992 0.22406 0.0683806 0.0398727 0.209763 0.112683 0.029934 0.203619 0.134685 0.0294992 0.200488 0.0469104 0.0356371 0.212695 0.0496954 0.0359993 0.230347 0.135811 0.0358949 0.208153 0.0494082 0.0420201 0.212344 0.142124 0.0380647 0.199336 0.0482372 0.0379992 0.220824 0.0801792 0.0379992 0.226257 0.0443005 0.0314992 0.217574 0.139224 0.0315001 0.217968 0.142534 0.00570047 0.205587 -0.0764166 0.00944674 0.236388 -0.0897135 0.00809508 0.234247 -0.131241 0.0189585 0.203005 -0.0813098 -0.00565589 0.207229 -0.0823412 -0.00335601 0.220778 -0.0966403 -0.00549802 0.213185 -0.152449 0.0252407 0.196853 -0.152449 -0.0132103 0.167687 -0.125574 0.0499368 0.20063 -0.165662 0.0363161 0.228589 -0.156525 0.0519963 0.196618 -0.0784884 -0.00289057 0.20013 -0.0719426 0.00879408 0.2132 -0.133357 0.0519661 0.194275 -0.133628 0.0500099 0.193466 -0.128944 0.0519992 0.19517 -0.059527 0.0497354 0.200873 0.0774868 0.051512 0.201356 -0.0511072 0.0507514 0.209754 0.0757139 0.0519981 0.20764 0.0432439 0.0519989 0.154412 0.0419406 0.0148201 0.253958 -0.0589201 0.0519973 0.24573 -0.0755757 0.0519912 0.207348 -0.0274744 0.0518428 0.120261 0.022 0.0473186 0.12045 -0.020414 0.0300032 0.134396 1.70634e-08 0.0178359 0.237158 0.0382207 0.019715 0.22075 0.0233419 0.0258805 0.17717 0.00948164 0.00685325 0.248717 0.0226764 0.0324767 0.131516 0.0103824 0.0477431 0.160551 0.00363701 0.0260609 0.170241 0.00346703 0.041755 0.161182 -0.00407911 0.03274 0.167917 0.00549697 0.0366375 0.165458 -0.0162801 0.0340282 0.128901 -0.0349746 0.014532 0.236151 -0.0151194 0.0121881 0.242288 0.015 0.00669906 0.228629 0.0022798 0.00719888 0.23192 0.0159896 0.0121933 0.239306 0.0170226 0.00565881 0.229394 0.0240615 0.0316462 0.196421 -0.00616233 0.0375218 0.165842 0.0057003 0.0309569 0.165405 -0.0106226 0.0331573 0.166146 -0.00663547 0.0404786 0.159835 -0.0765074 -0.00121454 0.207497 -0.0722166 0.0496852 0.208141 -0.0412299 0.0229832 0.220397 -0.00842247 0.047549 0.157847 -0.0274932 0.0413932 0.123871 -0.159404 0.0316292 0.19391 -0.152449 -0.0132103 0.167687 -0.152449 -0.0132103 0.161685 -0.15232 0.012532 0.17332 -0.152448 0.00702901 0.175831 -0.037422 0.0231754 0.216914 -0.153985 -0.013007 0.168233 -0.0462518 0.0348099 0.212789 -0.052888 0.030335 0.252267 -0.125641 0.0299983 0.201631 -0.134644 0.0294996 0.200669 -0.0547694 0.0351255 0.25239 -0.0796224 0.0294992 0.225039 -0.150719 0.0359571 0.217962 -0.135452 0.0315344 0.210107 -0.0790075 0.0378119 0.225591 -0.048234 0.0379992 0.220811 -0.0555084 0.0380002 0.249538 -0.078332 0.0419051 0.208313 -0.0505432 0.0428578 0.212185 -0.132786 0.0434804 0.202469 -0.114423 0.0426602 0.237247 -0.164147 0.0356066 0.199189 -0.122944 0.0499137 0.20201 -0.103841 0.044626 0.298167 -0.0521747 0.0444992 0.224077 -0.0446272 0.0315229 0.213437 -0.0903486 0.0241419 0.206568 -0.149703 0.0252486 0.198249 -0.155605 0.0499965 0.197419 -0.0518115 0.0499982 0.212007 -0.0292441 0.0428649 0.126485 -0.030526 0.0404309 0.124427 -0.0290505 0.0449827 0.127604 -0.0313696 0.044711 0.128884 -0.156109 0.0340252 0.228649 -0.15288 -0.00512633 0.167161 -0.153949 0.00293236 0.172334 -0.151949 0.00917349 0.173963 -0.145738 0.026566 0.221774 -0.145434 0.0500054 0.240736 -0.0176906 0.0459773 0.212117 -0.00975862 0.0501464 0.158648 -0.0452234 0.0452104 0.142959 -0.039147 0.045104 0.137859 -0.126935 0.0499902 0.195066 -0.0427841 0.0473519 0.139171 -0.0362707 0.0452587 0.14731 -0.137182 0.0112449 0.225679 0.0786458 0.026407 0.207555 0.152252 0.0484293 0.196894 0.152449 -0.0117103 0.168825 0.103264 0.00341757 0.226204 0.152449 -0.0132103 0.167687 0.0826052 -0.00352551 0.220423 0.117397 0.00108827 0.212956 0.0747076 0.0065381 0.209288 0.0784691 -0.00231312 0.206663 0.0911104 0.0147557 0.233558 0.0508221 0.0502396 0.209718 0.00676549 0.0425849 0.162558 0.0310922 0.0451741 0.12938 0.0292994 0.0403873 0.124452 0.152446 0.00375367 0.172882 0.152449 -0.0132103 0.161685 0.151574 0.012179 0.173927 0.0783185 -0.0301893 0.177385 0.0298547 0.0418009 0.123636 0.029069 0.0451248 0.13052 0.156299 0.0505752 0.19761 0.166881 0.0270776 0.193711 0.153949 -0.0132103 0.167525 0.153949 0.0120606 0.172528 0.153949 0.00890718 0.174653 0.153949 0.010265 0.175684 0.153949 -0.00259933 0.169376 0.152449 -0.0132103 0.167687 0.152194 0.0370529 0.238629 0.158042 0.0424561 0.244533 0.164268 0.031998 0.182726 0.0539849 0.0510247 0.227816 0.0521945 0.0295053 0.251768 0.151536 0.0315066 0.231233 0.0106165 0.0506616 0.161062 0.0419599 0.0452274 0.13749 0.0361628 0.0454099 0.146676 0.0429216 0.0475857 0.139195 0.152449 -0.0117103 0.161685 0.0779986 -0.0162354 0.199198 0.135316 -0.0806908 0.206844 0.135838 -0.080601 0.206925 0.135319 -0.0806903 0.206844 0.135322 -0.0806899 0.206845 0.136183 -0.080532 0.206988 0.125108 -0.047875 0.192043 0.124999 -0.0480906 0.191797 0.124904 -0.048308 0.191549 0.124813 -0.0485512 0.191271 0.135325 -0.0806895 0.206845 0.124737 -0.0488004 0.190988 0.124677 -0.0490523 0.190701 0.124634 -0.0493062 0.190412 0.124606 -0.0495614 0.190122 0.124596 -0.0497916 0.18986 0.136524 -0.0804521 0.207064 0.142192 -0.0677161 0.203037 0.135328 -0.080689 0.206845 0.142287 -0.0674735 0.20326 0.142379 -0.067199 0.203513 0.136871 -0.0803589 0.207152 0.135331 -0.0806886 0.206846 0.142547 -0.0650504 0.205498 0.142505 -0.0647978 0.205731 0.137226 -0.0802519 0.207255 0.142449 -0.0645476 0.205962 0.142372 -0.0642727 0.206216 0.135334 -0.0806881 0.206846 0.137552 -0.0801429 0.207361 0.126596 -0.0528528 0.184842 0.126365 -0.0526566 0.185069 0.12978 -0.0544596 0.182929 0.129439 -0.0543535 0.183061 0.13013 -0.0545559 0.182807 0.135337 -0.0806877 0.206847 0.139643 -0.0600807 0.208659 0.139923 -0.0602807 0.208484 0.139352 -0.0598885 0.208825 0.137892 -0.080017 0.207484 0.139049 -0.0597045 0.208982 0.138737 -0.0595293 0.20913 0.138447 -0.0593796 0.209255 0.13815 -0.0592376 0.209372 0.137847 -0.0591038 0.20948 0.137538 -0.0589784 0.209579 0.137194 -0.0588508 0.209678 0.13534 -0.0806872 0.206847 0.136841 -0.058733 0.209765 0.135342 -0.0806868 0.206847 0.138226 -0.0798806 0.207618 0.135345 -0.0806864 0.206848 0.138553 -0.0797343 0.207763 0.138839 -0.0795945 0.207901 0.135348 -0.0806859 0.206848 0.142455 -0.0669209 0.20377 0.142514 -0.06664 0.204029 0.142558 -0.066357 0.20429 0.139116 -0.0794476 0.208047 0.135351 -0.0806855 0.206849 0.142585 -0.0660727 0.204553 0.142596 -0.0658164 0.20479 0.142593 -0.0655602 0.205027 0.142577 -0.0653047 0.205263 0.139385 -0.0792939 0.2082 0.135354 -0.080685 0.206849 0.140189 -0.0604878 0.208302 0.139669 -0.0791173 0.208377 0.135357 -0.0806846 0.206849 0.136481 -0.0586253 0.209843 0.136114 -0.0585279 0.209909 0.139944 -0.078931 0.208564 0.13536 -0.0806841 0.20685 0.140209 -0.0787354 0.20876 0.135363 -0.0806837 0.20685 0.140464 -0.0785312 0.208966 0.135366 -0.0806832 0.20685 0.135369 -0.0806828 0.206851 0.124644 -0.0504796 0.189078 0.124687 -0.0507063 0.18882 0.124742 -0.0509308 0.188565 0.124819 -0.0511771 0.188284 0.125784 -0.0528036 0.186425 0.125962 -0.0529999 0.186199 0.140707 -0.0783189 0.20918 0.135372 -0.0806823 0.206851 0.126152 -0.053191 0.185979 0.126352 -0.0533764 0.185765 0.130852 -0.0547179 0.182595 0.130488 -0.0546421 0.182696 0.131222 -0.0547831 0.182506 0.131596 -0.0548374 0.182428 0.131936 -0.0548768 0.182368 0.132278 -0.0549072 0.182318 0.140938 -0.0780993 0.209402 0.135375 -0.0806819 0.206852 0.132622 -0.0549285 0.182277 0.132966 -0.0549406 0.182246 0.133349 -0.0549433 0.182223 0.133733 -0.0549348 0.182212 0.134118 -0.0549149 0.182213 0.141135 -0.0778952 0.209608 0.135378 -0.0806814 0.206852 0.14132 -0.0776865 0.209819 0.135381 -0.080681 0.206852 0.141493 -0.0774734 0.210035 0.135384 -0.0806805 0.206853 0.135387 -0.08068 0.206853 0.141655 -0.0772564 0.210255 0.124912 -0.0514216 0.188006 0.125022 -0.0516643 0.187729 0.125147 -0.0519043 0.187455 0.125289 -0.0521412 0.187184 0.125445 -0.0523742 0.186918 0.125617 -0.0526025 0.186656 0.141804 -0.0770358 0.210479 0.13539 -0.0806796 0.206854 0.142279 -0.0639997 0.206467 0.134502 -0.0548836 0.182225 0.142169 -0.0637285 0.206717 0.140839 -0.0617977 0.208474 0.140628 -0.0615926 0.208657 0.135393 -0.0806791 0.206854 0.140385 -0.0613741 0.208851 0.141941 -0.0768118 0.210706 0.140129 -0.0611618 0.209039 0.135396 -0.0806787 0.206855 0.135365 -0.0583651 0.210008 0.135742 -0.0584411 0.209964 0.134985 -0.0583002 0.210039 0.13464 -0.0582514 0.210058 0.134294 -0.0582117 0.210067 0.133948 -0.0581812 0.210066 0.133563 -0.0581582 0.210054 0.133216 -0.058147 0.210033 0.132869 -0.058145 0.210002 0.132525 -0.0581522 0.209962 0.132183 -0.0581684 0.209912 0.142044 -0.0634596 0.206964 0.141902 -0.063194 0.207207 0.141746 -0.0629322 0.207446 0.141574 -0.062675 0.207681 0.141407 -0.062448 0.207887 0.141228 -0.0622258 0.208088 0.141039 -0.0620089 0.208284 0.142515 -0.0752866 0.212258 0.135413 -0.0806759 0.206857 0.142463 -0.0755258 0.212014 0.131845 -0.0581937 0.209853 0.131473 -0.0582323 0.209776 0.135416 -0.0806755 0.206857 0.135419 -0.080675 0.206858 0.142557 -0.0750197 0.212529 0.126583 -0.0535728 0.185537 0.135422 -0.0806746 0.206858 0.126828 -0.0537632 0.185316 0.142583 -0.0747509 0.212803 0.129117 -0.0549717 0.183883 0.129421 -0.0550774 0.183753 0.129763 -0.055184 0.18362 0.130113 -0.0552808 0.183498 0.135425 -0.0806741 0.206859 0.142592 -0.0744809 0.213078 0.135568 -0.0547365 0.182324 0.135228 -0.0547933 0.182282 0.135904 -0.0546709 0.182375 0.136237 -0.0545965 0.182435 0.136564 -0.0545136 0.182504 0.136886 -0.0544223 0.182583 0.137241 -0.0543099 0.182681 0.13759 -0.0541868 0.182791 0.137933 -0.0540535 0.182911 0.138235 -0.053925 0.183029 0.13853 -0.0537886 0.183154 0.135428 -0.0806736 0.206859 0.142585 -0.0742103 0.213354 0.135431 -0.0806732 0.206859 0.135434 -0.0806727 0.20686 0.142562 -0.0739399 0.213629 0.127087 -0.0539471 0.185102 0.127359 -0.0541238 0.184895 0.127643 -0.054293 0.184696 0.127938 -0.054454 0.184505 0.128244 -0.0546065 0.184324 0.128528 -0.054736 0.184168 0.128819 -0.0548578 0.184021 0.134885 -0.0548411 0.18225 0.13711 -0.0595456 0.210392 0.136755 -0.0594302 0.210478 0.136394 -0.059325 0.210552 0.138817 -0.0536447 0.183288 0.139859 -0.0609563 0.209219 0.139576 -0.0607582 0.209391 0.130737 -0.0583429 0.209587 0.131103 -0.058282 0.209688 0.130374 -0.0584146 0.209475 0.130016 -0.0584971 0.209352 0.129668 -0.0585893 0.209218 0.129326 -0.0586919 0.209074 0.12899 -0.0588048 0.208918 0.128663 -0.0589276 0.208753 0.128345 -0.0590599 0.208577 0.128066 -0.0591868 0.20841 0.127796 -0.0593208 0.208236 0.13837 -0.0600654 0.209979 0.138072 -0.0599256 0.210093 0.137767 -0.059794 0.210199 0.137457 -0.0596708 0.210296 0.139282 -0.0605679 0.209555 0.138977 -0.0603861 0.20971 0.138662 -0.0602131 0.209856 0.127535 -0.0594616 0.208055 0.127284 -0.0596089 0.207867 0.13047 -0.0553675 0.183386 0.130834 -0.0554438 0.183285 0.141889 -0.0720113 0.215591 0.135466 -0.0806675 0.206864 0.135463 -0.080668 0.206864 0.141731 -0.0717639 0.215842 0.133715 -0.0556647 0.182897 0.1341 -0.0556453 0.182897 0.134484 -0.0556147 0.182909 0.139626 -0.0531712 0.183734 0.139366 -0.0533357 0.183578 0.139877 -0.0530006 0.183896 0.135469 -0.0806671 0.206865 0.140117 -0.0528241 0.184064 0.141559 -0.0715208 0.216088 0.140375 -0.0526184 0.184261 0.140622 -0.0524047 0.184467 0.140857 -0.0521834 0.18468 0.141079 -0.0519551 0.184901 0.141266 -0.0517442 0.185105 0.141443 -0.0515287 0.185315 0.141607 -0.0513089 0.185529 0.135472 -0.0806666 0.206865 0.141371 -0.0712828 0.21633 0.135475 -0.0806661 0.206866 0.135478 -0.0806656 0.206866 0.14119 -0.0710734 0.216541 0.131203 -0.0555095 0.183195 0.131578 -0.0555643 0.183117 0.131918 -0.0556042 0.183056 0.13226 -0.0556351 0.183005 0.132603 -0.0556569 0.182964 0.132948 -0.0556695 0.182932 0.133331 -0.0556727 0.182909 0.135481 -0.0806652 0.206867 0.136025 -0.0592301 0.210616 0.135652 -0.0591459 0.210668 0.140998 -0.070869 0.216748 0.135274 -0.0590726 0.210709 0.139096 -0.0534936 0.183429 0.14176 -0.0510854 0.185747 0.141899 -0.0508587 0.185968 0.13247 -0.0588783 0.210647 0.132129 -0.058896 0.210596 0.131791 -0.0589227 0.210535 0.13142 -0.0589628 0.210457 0.125731 -0.060894 0.206269 0.125906 -0.0607032 0.206503 0.125568 -0.0610893 0.206031 0.125417 -0.0612884 0.205788 0.125278 -0.0614911 0.205542 0.125152 -0.0616968 0.205292 0.126812 -0.0599215 0.207472 0.127043 -0.0597623 0.207673 0.126569 -0.0601046 0.207243 0.126335 -0.0602972 0.207004 0.126114 -0.0604969 0.206757 0.134931 -0.0590161 0.210735 0.134586 -0.0589687 0.210753 0.13424 -0.0589305 0.21076 0.133894 -0.0589014 0.210758 0.133509 -0.05888 0.210744 0.133161 -0.0588702 0.210721 0.132815 -0.0588697 0.210689 0.125039 -0.0619051 0.20504 0.124939 -0.0621154 0.204786 0.134868 -0.0555727 0.182933 0.13521 -0.0555254 0.182965 0.135551 -0.0554691 0.183006 0.138221 -0.0546611 0.183707 0.138516 -0.0545252 0.183833 0.138804 -0.0543817 0.183966 0.139083 -0.0542309 0.184107 0.14214 -0.0503976 0.186419 0.142026 -0.0506293 0.186192 0.142252 -0.0501372 0.186674 0.142348 -0.0498725 0.186933 0.142428 -0.0496041 0.187197 0.142493 -0.0493327 0.187463 0.142542 -0.049059 0.187732 0.142574 -0.0487837 0.188003 0.142589 -0.0485353 0.188247 0.142591 -0.0482868 0.188491 0.142579 -0.0480388 0.188735 0.135887 -0.0554039 0.183057 0.13622 -0.05533 0.183116 0.136548 -0.0552475 0.183185 0.13687 -0.0551567 0.183263 0.137225 -0.0550447 0.183361 0.137575 -0.0549222 0.18347 0.137919 -0.0547893 0.18359 0.13105 -0.059014 0.210367 0.130684 -0.0590764 0.210265 0.128052 -0.0599169 0.209095 0.127782 -0.0600513 0.20892 0.127521 -0.0601925 0.208739 0.12727 -0.0603401 0.20855 0.142555 -0.0477918 0.188978 0.142516 -0.0475464 0.189219 0.130323 -0.0591496 0.210151 0.129966 -0.0592336 0.210026 0.137809 -0.0688619 0.218755 0.135525 -0.080658 0.206873 0.138114 -0.0689828 0.218636 0.129618 -0.0593273 0.209891 0.129277 -0.0594314 0.209745 0.128942 -0.0595457 0.209588 0.128616 -0.0596698 0.209421 0.12833 -0.0597896 0.209262 0.124705 -0.0628072 0.203953 0.124771 -0.0625641 0.204245 0.124654 -0.0630526 0.203658 0.12462 -0.0632998 0.203361 0.124604 -0.0635229 0.203093 0.1246 -0.0637464 0.202825 0.12461 -0.0639694 0.202557 0.124634 -0.0641916 0.20229 0.135528 -0.0806575 0.206873 0.12467 -0.0644125 0.202025 0.12472 -0.0646314 0.201761 0.124783 -0.064848 0.201501 0.124852 -0.0623273 0.20453 0.124858 -0.0650618 0.201244 0.124958 -0.0652981 0.200959 0.139354 -0.0540733 0.184255 0.139615 -0.0539092 0.18441 0.141437 -0.0522689 0.185989 0.141602 -0.0520493 0.186203 0.141755 -0.051826 0.186421 0.141896 -0.0515994 0.186642 0.142385 -0.0470113 0.189745 0.142459 -0.0472786 0.189482 0.142295 -0.0467453 0.190006 0.142188 -0.0464812 0.190265 0.142065 -0.0462197 0.190521 0.141927 -0.0459615 0.190774 0.141774 -0.0457074 0.191022 0.141623 -0.0454827 0.191242 0.14146 -0.0452624 0.191456 0.141286 -0.0450468 0.191666 0.141082 -0.0448165 0.19189 0.127029 -0.0604938 0.208356 0.126799 -0.0606532 0.208155 0.125269 -0.0622252 0.206222 0.125143 -0.0624311 0.205972 0.12503 -0.0626395 0.20572 0.12493 -0.06285 0.205466 0.139866 -0.0537388 0.184572 0.140107 -0.0535626 0.18474 0.140366 -0.0533574 0.184937 0.140613 -0.0531439 0.185142 0.140849 -0.052923 0.185355 0.141071 -0.052695 0.185576 0.14126 -0.0524843 0.18578 0.126556 -0.0608367 0.207926 0.126323 -0.0610296 0.207686 0.126103 -0.0612296 0.207439 0.125895 -0.0614362 0.207185 0.125721 -0.0616273 0.206951 0.125558 -0.0618228 0.206712 0.125407 -0.0620223 0.206469 0.140863 -0.0445915 0.192108 0.14063 -0.0443723 0.192319 0.125353 -0.0659914 0.20012 0.125205 -0.0657636 0.200396 0.125515 -0.066215 0.199848 0.125675 -0.0664121 0.199607 0.125845 -0.0666048 0.199372 0.126027 -0.0667926 0.199141 0.12622 -0.066975 0.198917 0.126424 -0.0671517 0.198698 0.126637 -0.0673222 0.198486 0.126884 -0.0675031 0.19826 0.127144 -0.0676774 0.198041 0.125074 -0.0655323 0.200676 0.127418 -0.0678446 0.197829 0.142596 -0.0490282 0.189165 0.142585 -0.0487801 0.189408 0.142561 -0.048533 0.189651 0.142523 -0.0482874 0.189893 0.142023 -0.05137 0.186866 0.142138 -0.0511384 0.187092 0.140125 -0.0439536 0.192722 0.140384 -0.0441595 0.192525 0.139854 -0.0437552 0.192912 0.1396 -0.0435836 0.193076 0.139337 -0.0434188 0.193232 0.139065 -0.0432613 0.193381 0.138786 -0.0431113 0.193521 0.1385 -0.0429691 0.193654 0.138175 -0.0428205 0.193791 0.13784 -0.0426812 0.193919 0.137496 -0.0425516 0.194036 0.124844 -0.0630621 0.20521 0.124764 -0.063299 0.204925 0.124698 -0.0635423 0.204632 0.142544 -0.0498004 0.188405 0.142577 -0.0495251 0.188676 0.142593 -0.0492767 0.18892 0.14225 -0.0508782 0.187347 0.142347 -0.0506136 0.187607 0.142429 -0.0503454 0.18787 0.142494 -0.050074 0.188137 0.124718 -0.0653672 0.20244 0.124781 -0.0655838 0.20218 0.124857 -0.0657976 0.201923 0.124957 -0.0660338 0.201638 0.137145 -0.042432 0.194143 0.136823 -0.0423332 0.19423 0.124648 -0.0637879 0.204337 0.124615 -0.0640352 0.20404 0.124599 -0.0642585 0.203772 0.124596 -0.064482 0.203504 0.124606 -0.0647051 0.203236 0.12463 -0.0649274 0.202969 0.124667 -0.0651483 0.202704 0.128309 -0.0682989 0.197243 0.128001 -0.0681558 0.197429 0.128627 -0.0684329 0.197066 0.128921 -0.0685454 0.196915 0.129221 -0.06865 0.196772 0.129528 -0.0687464 0.196638 0.12984 -0.0688343 0.196514 0.130189 -0.0689209 0.196387 0.130546 -0.0689975 0.196271 0.13091 -0.0690638 0.196166 0.13128 -0.0691194 0.196072 0.127703 -0.0680043 0.197625 0.131655 -0.0691643 0.195989 0.142467 -0.0480194 0.190156 0.142394 -0.047752 0.190419 0.141301 -0.0457855 0.192342 0.141117 -0.0455749 0.192547 0.1409 -0.045349 0.192766 0.14067 -0.0451288 0.192979 0.142304 -0.0474859 0.19068 0.142199 -0.0472216 0.190939 0.142077 -0.0469599 0.191196 0.14194 -0.0467014 0.191448 0.141787 -0.046447 0.191697 0.141637 -0.046222 0.191917 0.141475 -0.0460014 0.192132 0.133627 -0.0418395 0.194587 0.134014 -0.0418558 0.194589 0.133279 -0.0418345 0.194575 0.132932 -0.0418387 0.194553 0.132586 -0.041852 0.194522 0.135833 -0.0420892 0.194435 0.136167 -0.0421616 0.194376 0.135497 -0.0420258 0.194485 0.135159 -0.0419716 0.194525 0.134782 -0.0419221 0.194558 0.134399 -0.0418834 0.194579 0.125073 -0.066268 0.201355 0.125206 -0.0664992 0.201075 0.132242 -0.0418745 0.194481 0.125354 -0.066727 0.200799 0.126888 -0.0682376 0.198941 0.127149 -0.0684118 0.198722 0.127423 -0.0685788 0.19851 0.127709 -0.0687383 0.198306 0.132723 -0.0692312 0.195819 0.132378 -0.0692193 0.195863 0.133069 -0.069234 0.195784 0.133416 -0.0692276 0.195759 0.133762 -0.069212 0.195743 0.134143 -0.069184 0.195738 0.134525 -0.0691446 0.195744 0.134907 -0.0690939 0.195763 0.135287 -0.0690319 0.195793 0.135664 -0.0689586 0.195834 0.136497 -0.042243 0.194308 0.136001 -0.0688833 0.195882 0.125517 -0.0669505 0.200527 0.125676 -0.0671475 0.200287 0.125848 -0.0673401 0.200051 0.12603 -0.0675277 0.199821 0.126223 -0.06771 0.199596 0.126427 -0.0678866 0.199378 0.126641 -0.0680569 0.199167 0.140425 -0.044915 0.193185 0.132034 -0.0691983 0.195918 0.140168 -0.044708 0.193384 0.136334 -0.0687991 0.195939 0.137893 -0.0434252 0.194591 0.137551 -0.043294 0.19471 0.137201 -0.0431728 0.194819 0.13688 -0.0430725 0.194907 0.139898 -0.0445084 0.193575 0.139646 -0.0443356 0.193739 0.139384 -0.0441696 0.193897 0.139114 -0.0440108 0.194047 0.138836 -0.0438595 0.194189 0.138552 -0.043716 0.194323 0.138227 -0.043566 0.194462 0.131232 -0.0419955 0.194302 0.131564 -0.0419464 0.194371 0.130868 -0.0420603 0.194214 0.130504 -0.0421367 0.194115 0.130144 -0.042224 0.194003 0.12979 -0.0423219 0.193881 0.129443 -0.0424301 0.193748 0.129137 -0.0425361 0.193619 0.128838 -0.04265 0.193481 0.128547 -0.0427715 0.193336 0.128263 -0.0429002 0.193183 0.128007 -0.0688896 0.198111 0.128315 -0.0690324 0.197924 0.131901 -0.041906 0.19443 0.127989 -0.043036 0.193023 0.127724 -0.0431784 0.192855 0.130918 -0.0697954 0.196849 0.131288 -0.0698508 0.196755 0.131663 -0.0698954 0.196673 0.137304 -0.0684954 0.196164 0.136986 -0.068605 0.19608 0.137615 -0.0683778 0.196257 0.137954 -0.0682376 0.19637 0.138286 -0.068087 0.196494 0.13861 -0.0679264 0.196628 0.138925 -0.0677561 0.196772 0.139231 -0.0675766 0.196926 0.139498 -0.0674075 0.197073 0.139756 -0.0672316 0.197227 0.140004 -0.0670493 0.197388 0.128633 -0.0691661 0.197747 0.128928 -0.0692784 0.197597 0.129229 -0.0693828 0.197454 0.129535 -0.069479 0.197321 0.129848 -0.0695666 0.197196 0.130197 -0.069653 0.19707 0.130554 -0.0697294 0.196955 0.136662 -0.0687063 0.196005 0.140242 -0.0668609 0.197555 0.14047 -0.0666669 0.197728 0.136554 -0.0429808 0.194986 0.136224 -0.0428979 0.195056 0.135891 -0.0428239 0.195117 0.132991 -0.0425603 0.195249 0.132644 -0.0425721 0.195219 0.1323 -0.042593 0.19518 0.131958 -0.0426229 0.195131 0.127168 -0.0435187 0.192459 0.127441 -0.0433441 0.192662 0.126906 -0.043702 0.192246 0.126655 -0.0438935 0.192025 0.126416 -0.0440927 0.191796 0.12619 -0.0442991 0.19156 0.125997 -0.0444905 0.191341 0.125816 -0.0446868 0.191116 0.125647 -0.0448874 0.190888 0.12549 -0.0450921 0.190655 0.125345 -0.0453002 0.190418 0.135556 -0.042759 0.195168 0.135218 -0.0427032 0.19521 0.134841 -0.042652 0.195245 0.134458 -0.0426115 0.195268 0.134073 -0.0425822 0.19528 0.133686 -0.0425642 0.19528 0.133338 -0.0425577 0.195269 0.125201 -0.0455319 0.190155 0.125072 -0.0457688 0.189887 0.132042 -0.0699291 0.196602 0.132386 -0.0699499 0.196548 0.132732 -0.0699615 0.196504 0.135673 -0.0696871 0.196521 0.13601 -0.0696115 0.196569 0.136343 -0.0695271 0.196626 0.136671 -0.0694341 0.196693 0.140914 -0.0662404 0.198112 0.140687 -0.0664676 0.197907 0.141131 -0.066004 0.198327 0.141335 -0.0657609 0.198548 0.141525 -0.0655117 0.198776 0.141683 -0.0652829 0.198986 0.14183 -0.0650501 0.1992 0.141964 -0.064814 0.199417 0.142085 -0.0645749 0.199638 0.142193 -0.0643335 0.199861 0.142289 -0.0640902 0.200087 0.133078 -0.0699641 0.196469 0.133425 -0.0699575 0.196444 0.133771 -0.0699416 0.196429 0.134153 -0.0699134 0.196424 0.134534 -0.0698738 0.19643 0.134916 -0.0698228 0.196449 0.135296 -0.0697605 0.196479 0.142371 -0.0638455 0.200314 0.142446 -0.0635724 0.200568 0.131621 -0.0426618 0.195073 0.131287 -0.0427095 0.195006 0.130922 -0.0427727 0.19492 0.128593 -0.0434737 0.194052 0.128309 -0.0436013 0.1939 0.128033 -0.0437359 0.193741 0.127766 -0.0438773 0.193575 0.130557 -0.0428475 0.194822 0.130197 -0.0429331 0.194713 0.129842 -0.0430294 0.194592 0.129494 -0.0431362 0.19446 0.129187 -0.0432408 0.194332 0.128886 -0.0433534 0.194196 0.124775 -0.0465059 0.189053 0.124859 -0.0462565 0.189335 0.124708 -0.0467581 0.188768 0.124656 -0.0470125 0.188481 0.124624 -0.0472426 0.188221 0.124605 -0.0474733 0.187961 0.1246 -0.047704 0.1877 0.124608 -0.0479342 0.18744 0.124632 -0.0481864 0.187156 0.124672 -0.0484386 0.186871 0.136995 -0.0693325 0.196768 0.137313 -0.0692228 0.196853 0.139764 -0.0679573 0.197917 0.140012 -0.0677748 0.198078 0.14025 -0.0675863 0.198245 0.124958 -0.0460106 0.189613 0.140478 -0.067392 0.198419 0.124729 -0.0486903 0.186587 0.124803 -0.0489408 0.186304 0.137624 -0.0691049 0.196945 0.137963 -0.0689645 0.197058 0.138295 -0.0688137 0.197183 0.138619 -0.0686529 0.197317 0.138934 -0.0684824 0.197462 0.13924 -0.0683027 0.197616 0.139507 -0.0681334 0.197763 0.142579 -0.0627284 0.201353 0.142551 -0.0630114 0.20109 0.142591 -0.0624731 0.201591 0.142589 -0.0622178 0.201829 0.142574 -0.0619632 0.202066 0.142545 -0.0617096 0.202302 0.142503 -0.0614578 0.202537 0.142448 -0.0612082 0.202769 0.14238 -0.0609612 0.202999 0.14229 -0.0606905 0.20325 0.142183 -0.06042 0.203501 0.127509 -0.044025 0.193402 0.127233 -0.0441974 0.193202 0.126968 -0.0443785 0.192992 0.125512 -0.045781 0.191385 0.125366 -0.0459886 0.191149 0.125231 -0.0461993 0.19091 0.125098 -0.0464351 0.190643 0.142507 -0.063293 0.200828 0.14206 -0.0601518 0.203749 0.126714 -0.044568 0.192773 0.126472 -0.0447654 0.192546 0.126242 -0.04497 0.192311 0.126026 -0.0451814 0.192069 0.125843 -0.045377 0.191845 0.125672 -0.045577 0.191617 0.125107 -0.0496541 0.185498 0.124999 -0.0494354 0.185745 0.125228 -0.0498696 0.185254 0.125362 -0.0500814 0.185013 0.125507 -0.0502892 0.184777 0.125664 -0.0504924 0.184547 0.125852 -0.0507131 0.184295 0.126055 -0.0509287 0.184049 0.126272 -0.0511386 0.183809 0.140694 -0.0671925 0.198598 0.126503 -0.051342 0.183576 0.140922 -0.0669652 0.198803 0.126722 -0.0515192 0.183372 0.1422 -0.065057 0.200554 0.142295 -0.0648135 0.200779 0.142377 -0.0645687 0.201007 0.142452 -0.0642955 0.201261 0.141139 -0.0667286 0.199018 0.124893 -0.0491894 0.186023 0.141342 -0.0664853 0.19924 0.141532 -0.066236 0.199467 0.126951 -0.0516904 0.183175 0.14169 -0.0660069 0.199677 0.141837 -0.065774 0.199892 0.14197 -0.0655377 0.200109 0.142092 -0.0652985 0.20033 0.141597 -0.0593686 0.204471 0.141767 -0.0596254 0.204235 0.141432 -0.0591418 0.204679 0.141256 -0.0589198 0.204882 0.141068 -0.058703 0.205079 0.14087 -0.0584918 0.205271 0.140661 -0.0582866 0.205456 0.140421 -0.0580685 0.205653 0.140167 -0.0578565 0.205842 0.139899 -0.0576511 0.206024 0.139619 -0.057453 0.206199 0.141921 -0.0598867 0.203994 0.139327 -0.0572627 0.206365 0.12498 -0.0466758 0.19037 0.124877 -0.0469208 0.190093 0.12479 -0.0471695 0.189811 0.124656 -0.0491013 0.187631 0.124709 -0.0493533 0.187347 0.124779 -0.0496042 0.187063 0.124864 -0.0498534 0.186782 0.127692 -0.0521642 0.182626 0.127436 -0.0520132 0.182801 0.127956 -0.0523077 0.182458 0.128258 -0.0524582 0.182281 0.128573 -0.0526018 0.182111 0.128899 -0.0527362 0.181951 0.129233 -0.0528611 0.181801 0.12954 -0.052965 0.181674 0.129853 -0.0530606 0.181557 0.130171 -0.0531477 0.181449 0.130494 -0.0532262 0.181349 0.124719 -0.0474211 0.189527 0.124663 -0.047675 0.189241 0.124627 -0.0479049 0.188981 0.124605 -0.0481355 0.188721 0.124595 -0.0483663 0.18846 0.1246 -0.0485968 0.1882 0.12462 -0.0488489 0.187916 0.142512 -0.064016 0.201521 0.142557 -0.0637342 0.201783 0.142585 -0.0634511 0.202046 0.127189 -0.0518552 0.182985 0.13082 -0.0532958 0.18126 0.131149 -0.0533563 0.181179 0.142293 -0.0614127 0.203944 0.142186 -0.0611422 0.204195 0.142062 -0.0608741 0.204443 0.141923 -0.060609 0.204688 0.138419 -0.0567592 0.206796 0.13871 -0.0569073 0.206671 0.138122 -0.0566189 0.206913 0.137818 -0.0564868 0.207021 0.137508 -0.056363 0.20712 0.137194 -0.056248 0.207211 0.136843 -0.0561316 0.2073 0.136484 -0.0560252 0.207378 0.136118 -0.0559291 0.207445 0.135746 -0.0558435 0.207501 0.13537 -0.0557686 0.207545 0.142596 -0.0631957 0.202284 0.142593 -0.0629404 0.202522 0.142578 -0.0626857 0.20276 0.142549 -0.0624321 0.202996 0.142507 -0.0621802 0.20323 0.142452 -0.0619305 0.203463 0.142384 -0.0616835 0.203692 0.139023 -0.0570806 0.206523 0.134989 -0.0557047 0.207578 0.124966 -0.0501002 0.186503 0.125071 -0.0503197 0.186254 0.126439 -0.0520185 0.184321 0.126655 -0.0521974 0.184116 0.126881 -0.0523704 0.183917 0.127117 -0.0525371 0.183724 0.13223 -0.053491 0.180985 0.131851 -0.0534545 0.181042 0.132613 -0.0535164 0.18094 0.132999 -0.0535306 0.180907 0.133347 -0.0535337 0.180887 0.133695 -0.0535276 0.180877 0.134043 -0.0535124 0.180877 0.134389 -0.0534881 0.180886 0.134733 -0.0534547 0.180905 0.135075 -0.0534123 0.180933 0.135412 -0.053361 0.180971 0.125188 -0.0505362 0.186009 0.125318 -0.0507491 0.185768 0.125461 -0.0509581 0.185531 0.125614 -0.0511627 0.185298 0.125799 -0.0513848 0.185045 0.125998 -0.0516018 0.184798 0.126212 -0.0518133 0.184556 0.141769 -0.0603477 0.204929 0.141599 -0.0600909 0.205165 0.139924 -0.0583921 0.206702 0.139644 -0.0581933 0.206877 0.139353 -0.0580023 0.207044 0.139051 -0.0578195 0.207202 0.131481 -0.0534078 0.181109 0.135784 -0.0532936 0.181025 0.136153 -0.0532149 0.18109 0.133912 -0.0555853 0.207608 0.134259 -0.055614 0.207609 0.133564 -0.0555659 0.207597 0.133218 -0.0555557 0.207577 0.132838 -0.0555553 0.207544 0.132458 -0.0555661 0.207498 0.132079 -0.0555882 0.207441 0.131701 -0.0556215 0.207372 0.131326 -0.055666 0.20729 0.130955 -0.0557215 0.207198 0.130625 -0.0557807 0.207104 0.141434 -0.0598642 0.205372 0.141257 -0.0596422 0.205575 0.141069 -0.0594254 0.205773 0.140871 -0.0592142 0.205965 0.140662 -0.0590091 0.20615 0.140444 -0.0588105 0.206328 0.14019 -0.0585979 0.206519 0.127615 -0.0528502 0.183361 0.127877 -0.0529959 0.183191 0.130079 -0.0538529 0.182164 0.1304 -0.0539338 0.182062 0.130726 -0.054006 0.181969 0.131054 -0.0540692 0.181886 0.134606 -0.0556519 0.2076 0.130299 -0.0558486 0.207002 0.127362 -0.0526971 0.183539 0.128176 -0.0531489 0.183011 0.128489 -0.0532948 0.182839 0.128812 -0.0534316 0.182676 0.129144 -0.053559 0.182523 0.12945 -0.0536652 0.182395 0.129762 -0.0537633 0.182275 0.13688 -0.0530243 0.181255 0.136519 -0.0531251 0.181166 0.137237 -0.0529127 0.181354 0.137587 -0.0527907 0.181465 0.137897 -0.0526721 0.181574 0.138199 -0.0525456 0.181691 0.138495 -0.0524113 0.181817 0.138783 -0.0522696 0.18195 0.139062 -0.0521209 0.182091 0.139358 -0.0519493 0.182254 0.139645 -0.0517681 0.182428 0.138738 -0.0576455 0.207351 0.138448 -0.0574967 0.207477 0.135779 -0.0565744 0.208189 0.135403 -0.0564986 0.208234 0.135023 -0.0564338 0.208268 0.134639 -0.05638 0.208291 0.129355 -0.0561023 0.206642 0.129663 -0.0560096 0.20677 0.129022 -0.0562141 0.20649 0.128696 -0.0563361 0.206327 0.128378 -0.0564679 0.206154 0.12807 -0.0566091 0.205971 0.12777 -0.0567595 0.205778 0.12751 -0.0569023 0.205597 0.127259 -0.0570518 0.205409 0.127018 -0.0572076 0.205214 0.126787 -0.0573694 0.205012 0.139923 -0.0515777 0.182611 0.14019 -0.0513786 0.182803 0.138151 -0.0573558 0.207594 0.137848 -0.0572229 0.207703 0.137539 -0.0570983 0.207804 0.137225 -0.0569824 0.207895 0.136874 -0.0568652 0.207985 0.136516 -0.056758 0.208064 0.13615 -0.056661 0.208132 0.129978 -0.0559249 0.20689 0.126566 -0.0575369 0.204805 0.126334 -0.0577291 0.204569 0.131385 -0.0541233 0.181813 0.131755 -0.0541727 0.181743 0.132133 -0.054212 0.181683 0.13498 -0.0541543 0.181609 0.135318 -0.0541055 0.181645 0.13569 -0.054041 0.181695 0.13606 -0.0539652 0.181757 0.132516 -0.0542402 0.181635 0.132901 -0.0542572 0.181599 0.133249 -0.0542629 0.181576 0.133597 -0.0542595 0.181564 0.133945 -0.0542468 0.181561 0.134292 -0.0542251 0.181567 0.134637 -0.0541942 0.181583 0.140921 -0.0507337 0.18343 0.14069 -0.0509561 0.183213 0.141118 -0.0505279 0.183631 0.141303 -0.0503173 0.183837 0.141477 -0.0501022 0.184048 0.141639 -0.0498832 0.184263 0.141802 -0.0496376 0.184504 0.141951 -0.0493863 0.184752 0.142086 -0.0491301 0.185004 0.142205 -0.0488694 0.185262 0.134293 -0.0563413 0.2083 0.133945 -0.0563117 0.208301 0.130987 -0.0564401 0.207899 0.130656 -0.0564984 0.207806 0.13033 -0.0565654 0.207705 0.130009 -0.056641 0.207594 0.142309 -0.0486051 0.185523 0.142397 -0.0483377 0.185787 0.140446 -0.0511712 0.183004 0.133598 -0.0562914 0.208291 0.133251 -0.0562803 0.208272 0.132872 -0.0562789 0.208239 0.132492 -0.0562887 0.208195 0.132113 -0.0563098 0.208139 0.131735 -0.0563421 0.208071 0.131359 -0.0563856 0.20799 0.125713 -0.0583491 0.203812 0.125907 -0.0581361 0.204071 0.125552 -0.0585456 0.203574 0.125402 -0.0587462 0.203332 0.125264 -0.0589504 0.203086 0.125139 -0.0591577 0.202837 0.125027 -0.0593676 0.202585 0.124928 -0.0595797 0.202331 0.124843 -0.0597935 0.202075 0.124763 -0.0600325 0.201789 0.124698 -0.0602771 0.201497 0.136427 -0.0538781 0.181831 0.13679 -0.0537801 0.181916 0.137148 -0.0536712 0.182013 0.139284 -0.0527236 0.182896 0.139574 -0.0525449 0.183067 0.139854 -0.0523569 0.183248 0.140124 -0.05216 0.183437 0.126114 -0.0579292 0.204323 0.12465 -0.060524 0.201203 0.1375 -0.0535518 0.182121 0.137811 -0.0534356 0.182227 0.138116 -0.0533112 0.182342 0.138414 -0.0531791 0.182465 0.138704 -0.0530395 0.182596 0.138985 -0.0528927 0.182735 0.142553 -0.047606 0.186512 0.142514 -0.0478509 0.186269 0.142578 -0.0473608 0.186754 0.142591 -0.0470888 0.187024 0.142587 -0.0468159 0.187294 0.142567 -0.0465427 0.187565 0.14253 -0.0462699 0.187835 0.142477 -0.0459982 0.188104 0.142415 -0.0457553 0.188345 0.142341 -0.0455144 0.188583 0.142253 -0.045276 0.188819 0.129693 -0.0567248 0.207475 0.129384 -0.0568168 0.207347 0.129082 -0.0569166 0.207211 0.127065 -0.0578989 0.205947 0.126831 -0.0580596 0.205747 0.126608 -0.0582259 0.205541 0.126396 -0.0583976 0.205329 0.142462 -0.048095 0.186027 0.142153 -0.0450406 0.189051 0.128755 -0.0570366 0.207051 0.142041 -0.0448088 0.18928 0.128435 -0.0571666 0.20688 0.128125 -0.0573062 0.206698 0.127824 -0.0574549 0.206507 0.127561 -0.0575962 0.206327 0.127308 -0.0577444 0.20614 0.1246 -0.0612209 0.200373 0.124602 -0.0609966 0.20064 0.124612 -0.0614447 0.200106 0.124637 -0.0616676 0.199841 0.124675 -0.061889 0.199577 0.124727 -0.0621084 0.199315 0.124791 -0.0623253 0.199056 0.124877 -0.062564 0.198771 0.12498 -0.062801 0.198487 0.125099 -0.0630357 0.198206 0.125234 -0.0632674 0.197928 0.140383 -0.0519546 0.183636 0.14063 -0.0517415 0.183843 0.140865 -0.0515209 0.184058 0.142179 -0.049667 0.185879 0.142287 -0.0494035 0.186139 0.142379 -0.0491368 0.186403 0.142448 -0.0488946 0.186643 0.124617 -0.0607723 0.200907 0.125385 -0.0634955 0.197654 0.125551 -0.0637193 0.197384 0.141065 -0.0513166 0.184257 0.141254 -0.0511073 0.184462 0.141431 -0.0508935 0.184672 0.141596 -0.0506755 0.184886 0.141764 -0.0504314 0.185126 0.141917 -0.0501816 0.185372 0.142055 -0.0499266 0.185623 0.141574 -0.0440578 0.190021 0.141745 -0.0443047 0.189777 0.141388 -0.0438159 0.190258 0.141209 -0.0436029 0.190467 0.141018 -0.0433949 0.190671 0.12478 -0.0606871 0.202565 0.124711 -0.060931 0.202274 0.140816 -0.0431924 0.190869 0.124658 -0.0611773 0.20198 0.140604 -0.0429957 0.191061 0.12462 -0.0614254 0.201684 0.140383 -0.0428054 0.191246 0.140152 -0.0426217 0.191424 0.139912 -0.042445 0.191595 0.126174 -0.0585941 0.205088 0.139636 -0.0422573 0.191776 0.125963 -0.058799 0.204838 0.125766 -0.0590104 0.204581 0.124856 -0.0604722 0.202822 0.141901 -0.0445558 0.18953 0.125582 -0.0592275 0.204318 0.12543 -0.0594273 0.204076 0.125289 -0.0596308 0.203831 0.139344 -0.0420753 0.191951 0.125161 -0.0598375 0.203582 0.139042 -0.0419015 0.192117 0.125047 -0.0600469 0.203331 0.124945 -0.0602587 0.203077 0.126071 -0.0642965 0.196684 0.125886 -0.064109 0.196912 0.126286 -0.0644962 0.19644 0.126516 -0.0646901 0.196202 0.126759 -0.0648775 0.195971 0.127015 -0.065058 0.195747 0.127284 -0.065231 0.195531 0.127536 -0.0653799 0.195343 0.127796 -0.0655219 0.195164 0.128065 -0.0656568 0.194991 0.142504 -0.0486508 0.186884 0.142547 -0.0484061 0.187126 0.142577 -0.0481609 0.187369 0.142378 -0.0463388 0.189174 0.142295 -0.0460992 0.189411 0.1422 -0.0458625 0.189645 0.142093 -0.0456291 0.189875 0.125713 -0.0639164 0.197145 0.128373 -0.0657979 0.194809 0.128692 -0.0659308 0.194635 0.142593 -0.0479157 0.187612 0.142595 -0.047643 0.187882 0.142581 -0.0473697 0.188153 0.14255 -0.0470966 0.188424 0.142503 -0.0468243 0.188693 0.142447 -0.0465806 0.188935 0.138407 -0.0415805 0.192421 0.138729 -0.0417364 0.192274 0.138109 -0.0414484 0.192545 0.137804 -0.0413243 0.19266 0.124601 -0.0616495 0.201417 0.137495 -0.0412086 0.192767 0.124595 -0.061874 0.20115 0.13718 -0.0411015 0.192864 0.124602 -0.0620981 0.200883 0.13686 -0.0410031 0.192952 0.136538 -0.0409137 0.193031 0.136175 -0.0408251 0.193108 0.135807 -0.0407468 0.193173 0.135433 -0.0406791 0.193228 0.125188 -0.0639263 0.198699 0.125334 -0.0641556 0.198423 0.125495 -0.0643808 0.198152 0.124623 -0.0623215 0.200617 0.124657 -0.0625435 0.200352 0.124704 -0.0627637 0.20009 0.135054 -0.0406223 0.193271 0.124764 -0.0629816 0.19983 0.134672 -0.0405765 0.193302 0.124845 -0.0632206 0.199544 0.124944 -0.0634581 0.19926 0.125058 -0.0636936 0.198978 0.131993 -0.0666778 0.193537 0.131616 -0.066642 0.193608 0.132375 -0.0667026 0.193478 0.132759 -0.0667162 0.19343 0.129633 -0.0662517 0.194203 0.129324 -0.0661571 0.194333 0.129947 -0.0663379 0.194082 0.130266 -0.0664156 0.19397 0.130589 -0.0664844 0.193867 0.130915 -0.0665444 0.193774 0.131244 -0.0665953 0.193691 0.141973 -0.0453995 0.190102 0.141826 -0.0451493 0.190349 0.141662 -0.0449002 0.190594 0.133145 -0.0667186 0.193394 0.133493 -0.0667111 0.193372 0.140018 -0.0432427 0.192214 0.139773 -0.0430702 0.192381 0.139492 -0.0428872 0.192557 0.139195 -0.0427093 0.192727 0.129021 -0.0660542 0.194471 0.141483 -0.0446558 0.190835 0.14129 -0.0444166 0.191069 0.141104 -0.0442063 0.191276 0.140906 -0.0440014 0.191476 0.140699 -0.0438021 0.191671 0.140481 -0.043609 0.191859 0.140254 -0.0434224 0.19204 0.125653 -0.0645793 0.197912 0.125823 -0.0647735 0.197677 0.126004 -0.0649629 0.197447 0.13359 -0.040508 0.193326 0.133939 -0.0405203 0.193328 0.127969 -0.066341 0.195735 0.128243 -0.066471 0.195568 0.133242 -0.0405048 0.193314 0.128556 -0.0666066 0.195392 0.132896 -0.0405108 0.193292 0.132551 -0.040526 0.193261 0.128881 -0.066734 0.195224 0.132209 -0.0405504 0.19322 0.131834 -0.0405878 0.193163 0.131461 -0.0406366 0.193095 0.131091 -0.0406965 0.193015 0.130723 -0.0407676 0.192923 0.13036 -0.0408495 0.19282 0.126215 -0.0651644 0.197201 0.12644 -0.0653602 0.196961 0.12668 -0.0655497 0.196728 0.126932 -0.0657325 0.196501 0.127197 -0.0659079 0.196283 0.127446 -0.0660591 0.196093 0.127703 -0.0662035 0.195911 0.134534 -0.0666337 0.193364 0.134188 -0.0666686 0.193357 0.13491 -0.0665848 0.193383 0.135286 -0.0665246 0.193413 0.13566 -0.0664529 0.193456 0.136032 -0.06637 0.19351 0.134286 -0.0405419 0.193321 0.136401 -0.0662761 0.193576 0.136764 -0.0661712 0.193654 0.137123 -0.0660557 0.193743 0.13744 -0.0659428 0.193832 0.130002 -0.0409421 0.192705 0.129686 -0.0410344 0.192592 0.133841 -0.0666945 0.193359 0.137751 -0.0658217 0.19393 0.138088 -0.065678 0.194048 0.138887 -0.0425398 0.192889 0.138569 -0.0423793 0.193041 0.138275 -0.0422429 0.193169 0.135656 -0.0414409 0.193888 0.13528 -0.0413776 0.193938 0.134899 -0.0413253 0.193976 0.134516 -0.041284 0.194002 0.137974 -0.0421144 0.193289 0.137667 -0.041994 0.1934 0.137354 -0.0418822 0.193503 0.137037 -0.041779 0.193596 0.136716 -0.0416846 0.19368 0.136392 -0.0415993 0.193755 0.136027 -0.0415149 0.193827 0.128774 -0.0413597 0.192203 0.129071 -0.0412435 0.192341 0.128457 -0.0414962 0.192042 0.128149 -0.0416424 0.191871 0.127849 -0.0417983 0.19169 0.127558 -0.0419633 0.191499 0.127279 -0.0421371 0.191299 0.12701 -0.0423192 0.19109 0.126778 -0.0424897 0.190895 0.126557 -0.0426663 0.190694 0.129181 -0.0668405 0.195082 0.129488 -0.066939 0.194947 0.1298 -0.0670292 0.194822 0.132596 -0.0674419 0.194135 0.132981 -0.067449 0.194094 0.133329 -0.0674458 0.194067 0.129375 -0.0411349 0.192471 0.126346 -0.0428483 0.190487 0.130117 -0.0671108 0.194706 0.126146 -0.0430355 0.190274 0.130438 -0.0671838 0.194599 0.130763 -0.0672479 0.194502 0.131091 -0.067303 0.194414 0.131458 -0.0673537 0.194327 0.131833 -0.0673941 0.194252 0.132213 -0.0674236 0.194187 0.13902 -0.065206 0.194451 0.138739 -0.0653609 0.194317 0.139293 -0.0650439 0.194592 0.139556 -0.0648749 0.194741 0.139811 -0.0646995 0.194896 0.140055 -0.064518 0.195058 0.140289 -0.0643307 0.195226 0.14054 -0.0641132 0.195423 0.140778 -0.0638879 0.195628 0.141005 -0.0636555 0.19584 0.141197 -0.0634407 0.196037 0.138418 -0.0655243 0.194178 0.130906 -0.0414537 0.193662 0.13054 -0.0415302 0.193564 0.141377 -0.063221 0.196239 0.130179 -0.0416175 0.193455 0.141547 -0.0629969 0.196445 0.129825 -0.0417153 0.193335 0.13413 -0.041254 0.194017 0.133781 -0.0412366 0.19402 0.133433 -0.0412284 0.194013 0.131647 -0.0413338 0.193822 0.131275 -0.0413882 0.193748 0.133086 -0.0412294 0.193997 0.132739 -0.0412395 0.19397 0.132396 -0.0412588 0.193935 0.132021 -0.0412907 0.193884 0.133678 -0.0674334 0.19405 0.134025 -0.0674119 0.194043 0.134372 -0.0673812 0.194045 0.13726 -0.0667386 0.194465 0.137574 -0.0666222 0.194558 0.137883 -0.0664977 0.19466 0.138217 -0.0663501 0.194783 0.125581 -0.0436705 0.189556 0.125762 -0.0434459 0.189809 0.125413 -0.0439008 0.189296 0.125261 -0.0441361 0.189031 0.125136 -0.0443516 0.188789 0.125024 -0.0445701 0.188543 0.124925 -0.0447912 0.188295 0.124839 -0.0450144 0.188044 0.124766 -0.0452392 0.187792 0.124707 -0.0454651 0.187539 0.124656 -0.0457168 0.187257 0.136192 -0.080529 0.206991 0.13744 -0.0801811 0.207323 0.136203 -0.0805264 0.206993 0.136215 -0.0805238 0.206996 0.134716 -0.0673414 0.194057 0.135093 -0.067287 0.194082 0.135468 -0.0672212 0.194118 0.135842 -0.0671442 0.194167 0.136212 -0.0670559 0.194227 0.136578 -0.0669567 0.194298 0.13694 -0.0668466 0.194381 0.125958 -0.0432274 0.190056 0.124622 -0.0459726 0.186971 0.124603 -0.0462298 0.186683 0.136227 -0.0805212 0.206998 0.14198 -0.0623035 0.197089 0.141848 -0.0625377 0.196871 0.142099 -0.0620668 0.197309 0.142215 -0.0618013 0.197557 0.142317 -0.0615312 0.197809 0.142403 -0.0612573 0.198066 0.142473 -0.0609801 0.198325 0.142527 -0.0607006 0.198587 0.142565 -0.0604192 0.198851 0.142585 -0.0601652 0.19909 0.136238 -0.0805186 0.207001 0.137122 -0.0802838 0.207224 0.129511 -0.0418122 0.193217 0.141704 -0.062769 0.196656 0.129204 -0.0419173 0.193091 0.128904 -0.0420301 0.192957 0.142592 -0.059911 0.199328 0.142584 -0.059632 0.19959 0.12665 -0.0433115 0.191474 0.126434 -0.0434912 0.191269 0.126229 -0.0436762 0.191059 0.126036 -0.0438661 0.190843 0.13625 -0.080516 0.207003 0.128611 -0.0421507 0.192814 0.128298 -0.0422921 0.192648 0.127994 -0.0424433 0.192472 0.127699 -0.0426039 0.192286 0.127413 -0.0427734 0.19209 0.127139 -0.0429514 0.191886 0.126876 -0.0431376 0.191672 0.137041 -0.0803082 0.2072 0.136261 -0.0805134 0.207006 0.125078 -0.0483185 0.184342 0.124963 -0.048078 0.184612 0.125211 -0.0485593 0.184072 0.125359 -0.0487967 0.183805 0.125522 -0.0490298 0.183542 0.137001 -0.0803202 0.207189 0.136273 -0.0805108 0.207008 0.124639 -0.0469504 0.185876 0.124614 -0.0467192 0.186135 0.124678 -0.0471803 0.185618 0.12473 -0.0474085 0.185363 0.124795 -0.0476345 0.185109 0.124873 -0.0478578 0.184859 0.138544 -0.0661926 0.194916 0.138831 -0.0660428 0.195044 0.139109 -0.0658855 0.19518 0.140868 -0.0645306 0.196393 0.14109 -0.0642955 0.196608 0.141277 -0.0640786 0.196807 0.141453 -0.063857 0.197011 0.125681 -0.0492355 0.183311 0.125853 -0.0494367 0.183084 0.136961 -0.080332 0.207177 0.139379 -0.0657212 0.195324 0.13964 -0.0655502 0.195475 0.139891 -0.0653728 0.195632 0.140132 -0.0651895 0.195796 0.140388 -0.0649792 0.195986 0.140634 -0.0647586 0.196185 0.142461 -0.0587956 0.200375 0.142518 -0.0590735 0.200114 0.124601 -0.0464875 0.186394 0.142395 -0.0585469 0.200608 0.142317 -0.0583003 0.200839 0.142225 -0.0580561 0.201067 0.142121 -0.0578149 0.201292 0.142005 -0.0575773 0.201514 0.141861 -0.0573177 0.201756 0.141701 -0.0570592 0.201996 0.141543 -0.0568306 0.202208 0.141374 -0.0566064 0.202415 0.136296 -0.0805055 0.207013 0.13692 -0.0803437 0.207166 0.125835 -0.044082 0.190599 0.125648 -0.0443043 0.190348 0.125474 -0.0445325 0.19009 0.142559 -0.0593526 0.199853 0.141194 -0.056387 0.202617 0.141003 -0.056173 0.202813 0.124721 -0.0461145 0.188313 0.124665 -0.0463661 0.188031 0.124626 -0.0466215 0.187745 0.124603 -0.0468784 0.187457 0.136319 -0.0805001 0.207018 0.13688 -0.0803553 0.207155 0.125316 -0.0447659 0.189827 0.125172 -0.0450039 0.189559 0.125056 -0.0452216 0.189315 0.124953 -0.0454419 0.189067 0.124862 -0.0456645 0.188817 0.124785 -0.0458889 0.188566 0.136342 -0.0804947 0.207023 0.136839 -0.0803668 0.207144 0.141617 -0.0636311 0.19722 0.141769 -0.0634016 0.197433 0.141908 -0.0631689 0.197649 0.126432 -0.0500092 0.182435 0.126229 -0.049824 0.182645 0.126646 -0.0501882 0.182232 0.126869 -0.0503605 0.182036 0.127128 -0.0505441 0.181826 0.142582 -0.0610144 0.199664 0.142595 -0.0607602 0.199902 0.1274 -0.0507211 0.181623 0.127684 -0.0508907 0.181428 0.142595 -0.0605061 0.200141 0.127981 -0.0510523 0.181241 0.142579 -0.0602266 0.200403 0.128288 -0.0512055 0.181063 0.128605 -0.0513498 0.180894 0.136365 -0.0804893 0.207028 0.142035 -0.0629335 0.197868 0.142159 -0.0626706 0.198113 0.142269 -0.0624028 0.198363 0.142363 -0.0621308 0.198617 0.142442 -0.0618552 0.198875 0.136799 -0.0803781 0.207133 0.142505 -0.0615768 0.199136 0.142551 -0.0612963 0.199399 0.126035 -0.0496331 0.182862 0.128899 -0.0514716 0.180751 0.129199 -0.0515856 0.180616 0.136388 -0.0804838 0.207033 0.140369 -0.0555673 0.203365 0.14059 -0.0557627 0.203188 0.140112 -0.055358 0.203554 0.139842 -0.0551555 0.203736 0.13956 -0.0549602 0.203909 0.139265 -0.0547728 0.204075 0.13896 -0.0545937 0.204231 0.138645 -0.0544234 0.204378 0.138352 -0.0542781 0.204502 0.138054 -0.0541406 0.204618 0.136753 -0.0803905 0.207122 0.124596 -0.0471361 0.187169 0.124604 -0.0473681 0.186909 0.124625 -0.0475996 0.18665 0.125309 -0.0494537 0.184571 0.125467 -0.0496883 0.184307 0.140802 -0.0559648 0.203004 0.125641 -0.0499181 0.184048 0.12581 -0.0501204 0.183819 0.137748 -0.0540113 0.204725 0.137437 -0.0538904 0.204824 0.136708 -0.0804028 0.20711 0.136434 -0.0804728 0.207044 0.124659 -0.0478301 0.186392 0.124707 -0.048059 0.186136 0.124767 -0.0482858 0.185881 0.124841 -0.0485101 0.18563 0.124927 -0.0487315 0.185382 0.125038 -0.0489734 0.18511 0.125165 -0.0492152 0.184839 0.142546 -0.0599472 0.200666 0.142497 -0.0596685 0.200927 0.142432 -0.0593912 0.201187 0.130134 -0.0518776 0.180265 0.129818 -0.0517888 0.180373 0.130487 -0.0519649 0.180157 0.141606 -0.057638 0.202822 0.141441 -0.057412 0.203031 0.130847 -0.0520421 0.180059 0.141264 -0.0571908 0.203235 0.131214 -0.0521089 0.179973 0.141077 -0.0569747 0.203434 0.131587 -0.0521651 0.179897 0.131964 -0.0522105 0.179833 0.132346 -0.0522448 0.179781 0.13273 -0.052268 0.179741 0.133077 -0.0522793 0.179714 0.133425 -0.0522814 0.179697 0.136617 -0.0804268 0.207087 0.129506 -0.0516914 0.18049 0.133773 -0.0522743 0.17969 0.13412 -0.052258 0.179693 0.14236 -0.0591435 0.201419 0.142275 -0.0588981 0.201649 0.142177 -0.0586554 0.201876 0.142066 -0.058416 0.202099 0.141929 -0.0581543 0.202343 0.141775 -0.0578939 0.202585 0.136371 -0.0535519 0.205085 0.136734 -0.0536546 0.205009 0.136003 -0.0534598 0.20515 0.13563 -0.0533784 0.205203 0.135291 -0.0533146 0.205242 0.134949 -0.0532597 0.20527 0.134605 -0.0532141 0.20529 0.134222 -0.0531741 0.2053 0.133837 -0.0531452 0.205298 0.13345 -0.0531275 0.205285 0.133103 -0.0531214 0.205262 0.12599 -0.0503179 0.183596 0.126181 -0.0505102 0.183379 0.126383 -0.0506967 0.183167 0.128539 -0.0520503 0.181613 0.128831 -0.0521739 0.181468 0.137089 -0.0537676 0.204921 0.12913 -0.0522896 0.181331 0.129435 -0.0523973 0.181203 0.132756 -0.0531244 0.20523 0.132412 -0.0531365 0.205188 0.126595 -0.0508771 0.182962 0.126816 -0.0510511 0.182764 0.127072 -0.0512364 0.182553 0.127342 -0.0514149 0.182348 0.127624 -0.051586 0.182151 0.127918 -0.0517493 0.181963 0.128223 -0.0519042 0.181783 0.138165 -0.054914 0.205269 0.137862 -0.0547817 0.205379 0.137553 -0.0546576 0.205481 0.137208 -0.0545315 0.205582 0.134879 -0.0521894 0.179734 0.134499 -0.0522294 0.179708 0.135257 -0.0521381 0.179772 0.135633 -0.0520755 0.179822 0.140879 -0.0567643 0.203627 0.136007 -0.0520018 0.179884 0.140671 -0.0565599 0.203813 0.136377 -0.0519171 0.179958 0.140453 -0.0563619 0.203993 0.136705 -0.0518317 0.180033 0.137029 -0.0517377 0.180118 0.137347 -0.0516353 0.180212 0.137659 -0.0515248 0.180314 0.137964 -0.0514064 0.180425 0.140226 -0.0561708 0.204166 0.139962 -0.0559654 0.204351 0.139684 -0.055767 0.204528 0.139395 -0.0555762 0.204697 0.139094 -0.0553935 0.204857 0.138783 -0.0552194 0.205008 0.138462 -0.0550544 0.20515 0.138295 -0.0512655 0.180558 0.138618 -0.0511146 0.180701 0.131397 -0.0532271 0.205006 0.131731 -0.053188 0.205076 0.13103 -0.0532808 0.204918 0.130664 -0.0533459 0.204817 0.130303 -0.053422 0.204705 0.129946 -0.0535087 0.204581 0.129596 -0.0536059 0.204447 0.129287 -0.0537021 0.204316 0.128984 -0.0538063 0.204177 0.128689 -0.0539182 0.20403 0.13207 -0.0531578 0.205137 0.128402 -0.0540376 0.203876 0.128123 -0.0541642 0.203714 0.127826 -0.0543116 0.203526 0.129746 -0.0524966 0.181083 0.130062 -0.0525873 0.180973 0.130382 -0.0526693 0.180872 0.132964 -0.0530056 0.180406 0.133312 -0.0530107 0.180387 0.133659 -0.0530066 0.180376 0.134007 -0.0529934 0.180376 0.140699 -0.0399683 0.188028 0.140839 -0.0400986 0.187897 0.136854 -0.0544151 0.205673 0.13074 -0.0527495 0.180772 0.136494 -0.054309 0.205753 0.131105 -0.0528194 0.180682 0.136128 -0.0542132 0.205821 0.131476 -0.0528787 0.180603 0.131853 -0.0529273 0.180536 0.132233 -0.0529649 0.18048 0.132617 -0.0529914 0.180436 0.133541 -0.0538544 0.205981 0.133193 -0.0538458 0.205961 0.132846 -0.0538464 0.205931 0.132501 -0.0538562 0.205892 0.139505 -0.0506238 0.181174 0.139239 -0.0507842 0.181018 0.139762 -0.0504565 0.181336 0.14001 -0.0502828 0.181505 0.140248 -0.0501029 0.181681 0.140475 -0.0499173 0.181862 0.140692 -0.0497264 0.18205 0.140919 -0.0495085 0.182264 0.141136 -0.0492814 0.182488 0.14134 -0.0490476 0.182719 0.14153 -0.048808 0.182956 0.135756 -0.0541282 0.205879 0.13538 -0.0540541 0.205925 0.135038 -0.0539969 0.205956 0.134695 -0.0539488 0.205978 0.134313 -0.0539062 0.205991 0.133927 -0.0538746 0.205992 0.138933 -0.0509541 0.180855 0.141688 -0.0485878 0.183174 0.141834 -0.0483638 0.183397 0.127261 -0.0546344 0.203123 0.127539 -0.0544685 0.203329 0.126995 -0.0548088 0.202907 0.126739 -0.0549915 0.202682 0.126495 -0.0551818 0.202449 0.126265 -0.0553792 0.202209 0.126069 -0.0555625 0.201987 0.125884 -0.0557506 0.20176 0.125693 -0.0559642 0.201503 0.125516 -0.0561836 0.201239 0.125354 -0.0564082 0.200971 0.140973 -0.0402313 0.187764 0.125221 -0.0566142 0.200725 0.125101 -0.0568234 0.200476 0.134386 -0.0529682 0.180387 0.134766 -0.0529316 0.18041 0.135145 -0.0528836 0.180444 0.137557 -0.0522915 0.180964 0.137864 -0.0521757 0.181072 0.138198 -0.0520378 0.181202 0.138524 -0.0518899 0.181342 0.141166 -0.0404348 0.187559 0.135522 -0.0528244 0.180491 0.135896 -0.0527541 0.180549 0.136267 -0.0526726 0.180619 0.136597 -0.0525901 0.180692 0.136922 -0.0524989 0.180774 0.137243 -0.0523993 0.180865 0.132158 -0.0538751 0.205843 0.131818 -0.053903 0.205785 0.131482 -0.0539398 0.205718 0.128795 -0.0546001 0.204778 0.128505 -0.0547168 0.204626 0.128222 -0.0548409 0.204466 0.127949 -0.0549719 0.204299 0.142196 -0.0476739 0.184083 0.142088 -0.0479063 0.183851 0.142291 -0.0474396 0.184316 0.142372 -0.0472039 0.184551 0.142448 -0.0469368 0.184817 0.142509 -0.0466669 0.185086 0.142553 -0.0463948 0.185358 0.14258 -0.0461215 0.185631 0.142591 -0.0458749 0.185877 0.142589 -0.0456285 0.186123 0.131151 -0.0539854 0.205641 0.130784 -0.0540469 0.205544 0.130421 -0.0541193 0.205436 0.130062 -0.0542026 0.205316 0.12971 -0.0542964 0.205185 0.129398 -0.0543896 0.205057 0.129093 -0.0544909 0.204922 0.141967 -0.0481365 0.183622 0.142573 -0.0453826 0.186368 0.142544 -0.045138 0.186613 0.124817 -0.0574653 0.199713 0.124898 -0.0572494 0.199969 0.124742 -0.0577067 0.199427 0.124682 -0.0579531 0.199135 0.124638 -0.0582016 0.198841 0.124611 -0.0584514 0.198546 0.1246 -0.0586766 0.19828 0.124603 -0.0589018 0.198013 0.124619 -0.0591264 0.197748 0.124648 -0.0593498 0.197484 0.124993 -0.0570352 0.200224 0.124691 -0.0595715 0.197222 0.124747 -0.0597911 0.196962 0.138841 -0.0517322 0.181493 0.13915 -0.0515651 0.181653 0.139419 -0.051407 0.181806 0.141284 -0.0498463 0.183335 0.141478 -0.0496083 0.183571 0.14164 -0.0493894 0.183787 0.14179 -0.0491666 0.184008 0.13968 -0.0512419 0.181966 0.139931 -0.0510703 0.182133 0.140172 -0.0508924 0.182306 0.140403 -0.0507087 0.182486 0.140623 -0.0505195 0.182672 0.140855 -0.0503034 0.182884 0.141076 -0.0500782 0.183106 0.127658 -0.0551248 0.204106 0.127376 -0.0552869 0.203903 0.127104 -0.0554578 0.203691 0.125587 -0.0568134 0.202045 0.125418 -0.0570359 0.201778 0.125279 -0.0572403 0.201534 0.125153 -0.057448 0.201286 0.142378 -0.0444163 0.187333 0.142446 -0.0446543 0.187095 0.142287 -0.0441538 0.187594 0.142179 -0.0438931 0.187854 0.142056 -0.0436347 0.188111 0.141916 -0.0433794 0.188365 0.141761 -0.043128 0.188615 0.141591 -0.042881 0.188861 0.141426 -0.0426632 0.189077 0.141249 -0.0424501 0.189288 0.141061 -0.0422422 0.189493 0.126844 -0.0556371 0.20347 0.126595 -0.0558241 0.203241 0.126359 -0.0560186 0.203004 0.126157 -0.0561994 0.202784 0.125967 -0.0563853 0.20256 0.12577 -0.0565964 0.202305 0.125026 -0.0605081 0.196112 0.124917 -0.0602708 0.196393 0.125152 -0.0607428 0.195832 0.125293 -0.0609743 0.195557 0.142501 -0.044895 0.186855 0.12545 -0.0612018 0.195285 0.125622 -0.0614247 0.195018 0.125789 -0.0616208 0.194783 0.125967 -0.0618121 0.194552 0.140862 -0.0420399 0.189693 0.126176 -0.0620165 0.194306 0.140653 -0.0418437 0.189886 0.1264 -0.062215 0.194065 0.126637 -0.0624073 0.193831 0.124824 -0.0600316 0.196677 0.126887 -0.0625927 0.193604 0.127123 -0.0627532 0.193406 0.141928 -0.0489402 0.184233 0.142053 -0.0487109 0.184461 0.142166 -0.0484792 0.184692 0.142596 -0.0464404 0.186725 0.142584 -0.0461942 0.186971 0.14256 -0.0459491 0.187216 0.142522 -0.0457054 0.187459 0.140156 -0.0414324 0.19029 0.140412 -0.0416349 0.190092 0.139888 -0.0412367 0.190481 0.139607 -0.0410483 0.190665 0.139314 -0.0408679 0.19084 0.13901 -0.0406958 0.191007 0.138696 -0.0405326 0.191164 0.138406 -0.0403936 0.191297 0.138108 -0.0402626 0.191421 0.125039 -0.0576587 0.201035 0.137804 -0.0401397 0.191537 0.124938 -0.0578719 0.200782 0.137495 -0.0400253 0.191644 0.12485 -0.058087 0.200527 0.124625 -0.0599421 0.198332 0.124659 -0.060165 0.198068 0.124707 -0.0603861 0.197807 0.124768 -0.0606048 0.197548 0.142265 -0.0482454 0.184924 0.142351 -0.0480101 0.185159 0.142431 -0.0477474 0.185421 0.142496 -0.0474782 0.185689 0.142545 -0.0472067 0.18596 0.142578 -0.0469336 0.186233 0.142593 -0.0466871 0.186479 0.124775 -0.0583036 0.20027 0.124708 -0.0585455 0.199983 0.124655 -0.058793 0.19969 0.124619 -0.0590423 0.199396 0.1246 -0.0592674 0.199129 0.124595 -0.0594928 0.198863 0.124603 -0.0597178 0.198597 0.137148 -0.0399093 0.191752 0.127622 -0.0630547 0.193032 0.127368 -0.0629073 0.193216 0.136794 -0.0398032 0.191849 0.127885 -0.0631949 0.192856 0.128186 -0.0633422 0.192669 0.1285 -0.0634817 0.192491 0.128824 -0.0636121 0.192322 0.129123 -0.0637212 0.192178 0.129428 -0.0638223 0.192043 0.129738 -0.0639151 0.191917 0.130054 -0.0639993 0.1918 0.130374 -0.0640749 0.191693 0.130698 -0.0641416 0.191594 0.131024 -0.0641994 0.191506 0.142471 -0.0454638 0.1877 0.142408 -0.0452247 0.187938 0.142322 -0.0449626 0.1882 0.141317 -0.0432498 0.189903 0.141133 -0.04304 0.19011 0.140938 -0.0428356 0.190312 0.140733 -0.0426371 0.190508 0.142219 -0.0447011 0.18846 0.142101 -0.0444418 0.188719 0.141967 -0.0441854 0.188974 0.141817 -0.0439327 0.189225 0.141651 -0.0436841 0.189472 0.14149 -0.0434647 0.18969 0.135691 -0.0395472 0.192074 0.136064 -0.0396219 0.19201 0.135313 -0.0394834 0.192126 0.134971 -0.0394356 0.192163 0.134627 -0.0393968 0.19219 0.134281 -0.0393672 0.192208 0.133936 -0.0393469 0.192216 0.133553 -0.0393351 0.192214 0.13317 -0.0393347 0.192199 0.132786 -0.0393455 0.192173 0.124851 -0.0608449 0.197263 0.12495 -0.0610836 0.19698 0.125065 -0.0613201 0.196699 0.126456 -0.062994 0.194691 0.126697 -0.0631846 0.194458 0.12695 -0.0633682 0.194233 0.136432 -0.0397073 0.191935 0.132403 -0.0393676 0.192135 0.132022 -0.0394009 0.192085 0.125196 -0.0615537 0.196421 0.125343 -0.0617839 0.196147 0.125505 -0.0620099 0.195877 0.125664 -0.0622092 0.195638 0.125834 -0.062404 0.195404 0.126016 -0.0625939 0.195175 0.126229 -0.0627969 0.19493 0.132146 -0.0643293 0.191275 0.131767 -0.0642968 0.191341 0.132529 -0.0643507 0.191222 0.132914 -0.0643609 0.19118 0.133262 -0.0643605 0.191152 0.13361 -0.0643509 0.191134 0.133958 -0.0643321 0.191126 0.134304 -0.0643042 0.191127 0.134682 -0.064263 0.19114 0.13506 -0.0642104 0.191165 0.135436 -0.0641465 0.191201 0.140495 -0.0424263 0.190715 0.140244 -0.0422216 0.190916 0.13998 -0.0420236 0.19111 0.131393 -0.0642535 0.191418 0.13581 -0.0640713 0.19125 0.137918 -0.0409068 0.192187 0.137611 -0.0407893 0.192297 0.136181 -0.0639849 0.19131 0.137267 -0.04067 0.192408 0.136914 -0.0405605 0.192509 0.139703 -0.0418327 0.191296 0.139414 -0.0416496 0.191474 0.139114 -0.0414747 0.191644 0.138803 -0.0413085 0.191804 0.138515 -0.0411667 0.19194 0.13822 -0.0410328 0.192068 0.127189 -0.063527 0.194037 0.127437 -0.0636793 0.193849 0.127694 -0.0638247 0.193667 0.13101 -0.0395463 0.191891 0.131344 -0.039489 0.191965 0.130681 -0.0396123 0.191808 0.130357 -0.0396869 0.191717 0.130004 -0.0397794 0.191604 0.129654 -0.0398832 0.19148 0.130142 -0.0647512 0.192455 0.130463 -0.0648243 0.19235 0.129311 -0.0399973 0.191345 0.130788 -0.0648886 0.192254 0.128975 -0.0401216 0.191199 0.131151 -0.0649494 0.192159 0.12868 -0.0402418 0.191059 0.128392 -0.0403696 0.190911 0.128113 -0.0405047 0.190755 0.127959 -0.0639629 0.193493 0.128262 -0.0641078 0.193309 0.128579 -0.0642451 0.193133 0.128905 -0.0643731 0.192967 0.129205 -0.06448 0.192825 0.129512 -0.0645788 0.192693 0.129825 -0.0646693 0.192569 0.131681 -0.0394405 0.19203 0.127842 -0.0406468 0.190591 0.12758 -0.0407957 0.190421 0.137194 -0.0636857 0.191539 0.136874 -0.0637909 0.191456 0.137509 -0.0635722 0.191631 0.137853 -0.0634363 0.191743 0.138189 -0.0632903 0.191866 0.138484 -0.0631505 0.191986 0.138772 -0.063003 0.192114 0.139052 -0.0628483 0.192249 0.139324 -0.0626865 0.192392 0.139586 -0.062518 0.192542 0.124868 -0.0456765 0.182792 0.12479 -0.0454512 0.183039 0.124962 -0.0459058 0.182541 0.136555 -0.0404611 0.192599 0.136189 -0.0403722 0.192677 0.125078 -0.0461453 0.182279 0.135817 -0.0402939 0.192745 0.125216 -0.0463973 0.182003 0.132952 -0.0400622 0.192877 0.132568 -0.0400794 0.192844 0.132186 -0.0401079 0.192799 0.136548 -0.0638877 0.191382 0.131844 -0.0401432 0.192749 0.125356 -0.0466275 0.18175 0.139838 -0.0623433 0.192699 0.140081 -0.0621625 0.192862 0.125505 -0.0468546 0.181501 0.142354 -0.0763486 0.211217 0.135399 -0.0806782 0.206855 0.135401 -0.0806778 0.206855 0.135404 -0.0806773 0.206856 0.135407 -0.0806769 0.206856 0.13541 -0.0806764 0.206857 0.142076 -0.0765625 0.21096 0.142196 -0.0763087 0.211218 0.142301 -0.0760508 0.21148 0.14239 -0.0757897 0.211746 0.135437 -0.0806722 0.20686 0.13544 -0.0806718 0.206861 0.135443 -0.0806713 0.206861 0.13546 -0.0806685 0.206864 0.142527 -0.0736974 0.213876 0.142478 -0.0734561 0.214122 0.135441 -0.0402264 0.192801 0.142417 -0.0732167 0.214365 0.135099 -0.0401752 0.192842 0.142343 -0.0729796 0.214606 0.134756 -0.040133 0.192873 0.142256 -0.0727454 0.214845 0.134411 -0.0401 0.192894 0.142156 -0.0725145 0.21508 0.142031 -0.0722623 0.215336 0.134065 -0.0400762 0.192906 0.13372 -0.0400617 0.192908 0.142567 -0.0729955 0.214688 0.135446 -0.0806708 0.206861 0.135449 -0.0806704 0.206862 0.133336 -0.0400563 0.192898 0.135451 -0.0806699 0.206862 0.135454 -0.0806694 0.206863 0.135457 -0.080669 0.206863 0.140796 -0.0706702 0.216949 0.140583 -0.0704773 0.217144 0.14036 -0.0702907 0.217332 0.140128 -0.0701109 0.217512 0.135194 -0.0649189 0.191862 0.13557 -0.064851 0.191903 0.139887 -0.0699381 0.217686 0.135943 -0.0647718 0.191956 0.139638 -0.0697727 0.217852 0.139348 -0.0695948 0.218029 0.139047 -0.0694251 0.218199 0.138734 -0.0692639 0.218359 0.138412 -0.0691117 0.218509 0.131522 -0.0649998 0.192075 0.14013 -0.0698995 0.217937 0.131898 -0.0650393 0.192002 0.135484 -0.0806647 0.206867 0.132279 -0.0650679 0.191941 0.135487 -0.0806642 0.206867 0.126831 -0.0412977 0.189851 0.127087 -0.041112 0.190061 0.13549 -0.0806637 0.206868 0.135493 -0.0806632 0.206868 0.126583 -0.0414937 0.18963 0.135496 -0.0806628 0.206869 0.126348 -0.0416972 0.1894 0.126126 -0.0419077 0.189163 0.125937 -0.0421027 0.188945 0.12576 -0.0423024 0.188721 0.125595 -0.0425064 0.188492 0.125441 -0.0427142 0.18826 0.125301 -0.0429254 0.188024 0.135513 -0.0806599 0.206871 0.135516 -0.0806594 0.206872 0.125173 -0.0431393 0.187785 0.135519 -0.0806589 0.206872 0.135522 -0.0806584 0.206872 0.135499 -0.0806623 0.206869 0.135502 -0.0806618 0.206869 0.135504 -0.0806613 0.20687 0.135507 -0.0806609 0.20687 0.13551 -0.0806604 0.206871 0.136539 -0.0684628 0.21914 0.136863 -0.0685495 0.219058 0.136212 -0.0683851 0.219214 0.135882 -0.0683166 0.219277 0.135514 -0.0682512 0.219336 0.135137 -0.0681957 0.219385 0.134755 -0.0681512 0.219422 0.13437 -0.0681178 0.219447 0.133984 -0.0680956 0.219461 0.134438 -0.0650207 0.191816 0.134816 -0.0649755 0.191833 0.132662 -0.0650854 0.191891 0.133048 -0.0650917 0.191853 0.133396 -0.0650877 0.19183 0.133745 -0.0650745 0.191815 0.134092 -0.0650522 0.191811 0.137183 -0.068645 0.218966 0.133636 -0.0680853 0.219463 0.127328 -0.0409509 0.190244 0.133287 -0.0680842 0.219455 0.125058 -0.0433557 0.187544 0.135531 -0.080657 0.206874 0.124946 -0.0435984 0.187274 0.135534 -0.0806565 0.206874 0.135537 -0.080656 0.206875 0.13554 -0.0806555 0.206875 0.137499 -0.0687492 0.218865 0.135584 -0.0806481 0.206882 0.135543 -0.080655 0.206876 0.135546 -0.0806545 0.206876 0.135549 -0.080654 0.206876 0.135551 -0.0806535 0.206877 0.135554 -0.080653 0.206877 0.140823 -0.0615117 0.193457 0.140586 -0.0617373 0.19325 0.141046 -0.061279 0.193672 0.141236 -0.0610641 0.193871 0.141414 -0.0608444 0.194075 0.135566 -0.0806511 0.206879 0.135569 -0.0806506 0.206879 0.141581 -0.0606205 0.194283 0.135572 -0.0806501 0.20688 0.141735 -0.0603927 0.194496 0.135575 -0.0806496 0.20688 0.141877 -0.0601617 0.194712 0.135578 -0.0806491 0.206881 0.142006 -0.0599279 0.194931 0.135581 -0.0806486 0.206881 0.142134 -0.0596664 0.195177 0.142246 -0.0594 0.195428 0.135557 -0.0806526 0.206878 0.13556 -0.0806521 0.206878 0.135563 -0.0806516 0.206879 0.131912 -0.0681711 0.219328 0.132252 -0.0681358 0.219374 0.131576 -0.0682153 0.219272 0.131208 -0.0682746 0.2192 0.130841 -0.0683454 0.219115 0.130477 -0.0684272 0.219019 0.130118 -0.0685198 0.218911 0.129765 -0.0686231 0.218792 0.129418 -0.0687367 0.218663 0.129112 -0.0688475 0.218537 0.131505 -0.0401874 0.192689 0.131169 -0.0402404 0.192619 0.130838 -0.0403023 0.192541 0.13294 -0.0680923 0.219437 0.132595 -0.0681095 0.21941 0.140338 -0.0619553 0.193051 0.12853 -0.0410291 0.191675 0.128246 -0.0411607 0.191523 0.128814 -0.0689662 0.218403 0.127971 -0.0412995 0.191363 0.142343 -0.0591295 0.195683 0.128523 -0.0690924 0.21826 0.127705 -0.0414451 0.191197 0.142425 -0.0588554 0.195941 0.135645 -0.0806375 0.206891 0.135648 -0.0806369 0.206892 0.135587 -0.0806476 0.206882 0.130512 -0.0403727 0.192453 0.135589 -0.0806471 0.206883 0.13019 -0.0404516 0.192357 0.135593 -0.0806466 0.206883 0.129841 -0.0405487 0.19224 0.135595 -0.0806461 0.206884 0.129494 -0.0406573 0.19211 0.135598 -0.0806456 0.206884 0.129154 -0.0407762 0.19197 0.135601 -0.0806451 0.206885 0.128822 -0.040905 0.191819 0.135633 -0.0806395 0.206889 0.135636 -0.080639 0.20689 0.135639 -0.0806385 0.20689 0.135642 -0.080638 0.206891 0.135604 -0.0806446 0.206885 0.135607 -0.0806441 0.206885 0.13561 -0.0806436 0.206886 0.135613 -0.0806431 0.206886 0.135616 -0.0806426 0.206887 0.136312 -0.0646816 0.19202 0.135619 -0.0806421 0.206887 0.136678 -0.0645806 0.192095 0.137001 -0.0644805 0.192173 0.135625 -0.080641 0.206888 0.135628 -0.0806405 0.206889 0.135631 -0.08064 0.206889 0.135622 -0.0806416 0.206888 0.139459 -0.0633324 0.193153 0.139716 -0.0631607 0.193306 0.139964 -0.0629829 0.193466 0.124767 -0.044097 0.186719 0.124849 -0.0438458 0.186998 0.140227 -0.0627786 0.193651 0.124702 -0.0443511 0.186436 0.124652 -0.0446075 0.186151 0.124619 -0.0448655 0.185864 0.124603 -0.0450985 0.185606 0.1246 -0.0453316 0.185347 0.124611 -0.0455642 0.185088 0.124635 -0.0457959 0.184831 0.124672 -0.0460262 0.184575 0.124723 -0.0462544 0.184321 0.127702 -0.0695133 0.21779 0.127967 -0.0693663 0.217954 0.12742 -0.0696841 0.2176 0.127148 -0.0698638 0.2174 0.126887 -0.0700522 0.217192 0.126637 -0.0702488 0.216974 0.126399 -0.0704531 0.216749 0.126173 -0.0706645 0.216516 0.125982 -0.0708604 0.2163 0.125802 -0.0710611 0.21608 0.125634 -0.0712661 0.215854 0.124794 -0.0465043 0.184043 0.12824 -0.0692258 0.218111 0.124881 -0.0467532 0.183767 0.13732 -0.064372 0.19226 0.137667 -0.0642418 0.192366 0.138007 -0.0641013 0.192483 0.125477 -0.0714751 0.215625 0.13834 -0.0639508 0.192611 0.125334 -0.0716875 0.215392 0.138632 -0.0638071 0.192735 0.138916 -0.0636559 0.192867 0.139192 -0.0634976 0.193006 0.142468 -0.05651 0.198159 0.142519 -0.0567582 0.197924 0.142405 -0.0562644 0.198391 0.135651 -0.0806364 0.206892 0.142319 -0.0559939 0.198646 0.142217 -0.0557249 0.1989 0.14257 -0.058047 0.196705 0.14254 -0.0582993 0.196467 0.142588 -0.0577941 0.196944 0.142591 -0.0575131 0.19721 0.14258 -0.0572602 0.197449 0.142556 -0.0570084 0.197688 0.135654 -0.0806359 0.206893 0.135657 -0.0806354 0.206893 0.13566 -0.0806349 0.206894 0.135663 -0.0806344 0.206894 0.135666 -0.0806338 0.206895 0.135669 -0.0806333 0.206895 0.142098 -0.055458 0.199151 0.135713 -0.0806255 0.206902 0.135715 -0.0806249 0.206903 0.135718 -0.0806244 0.206903 0.127448 -0.0415973 0.191023 0.127201 -0.0417555 0.190843 0.126965 -0.0419196 0.190657 0.135672 -0.0806328 0.206896 0.135675 -0.0806323 0.206896 0.135677 -0.0806318 0.206896 0.13568 -0.0806312 0.206897 0.135683 -0.0806307 0.206897 0.135686 -0.0806302 0.206898 0.135689 -0.0806297 0.206898 0.135692 -0.0806291 0.206899 0.135695 -0.0806286 0.206899 0.125364 -0.0435468 0.188829 0.125229 -0.0437595 0.188591 0.135698 -0.0806281 0.2069 0.125108 -0.0439748 0.188351 0.125 -0.0441923 0.188109 0.135701 -0.0806276 0.2069 0.135704 -0.080627 0.206901 0.135707 -0.0806265 0.206901 0.13571 -0.080626 0.206902 0.142491 -0.0585784 0.196203 0.124969 -0.0723649 0.214649 0.125085 -0.0721205 0.214917 0.124869 -0.0726138 0.214377 0.124784 -0.0728665 0.214101 0.124715 -0.0731223 0.213821 0.124661 -0.0733806 0.213538 0.124624 -0.0736406 0.213254 0.124605 -0.0738755 0.212997 0.124599 -0.0741106 0.21274 0.124607 -0.0743455 0.212483 0.126711 -0.0421114 0.19044 0.126469 -0.0423109 0.190214 0.12624 -0.0425178 0.189982 0.126024 -0.0427315 0.189741 0.125841 -0.042929 0.18952 0.125669 -0.0431311 0.189294 0.12551 -0.0433371 0.189063 0.125203 -0.0719028 0.215156 0.140481 -0.0625642 0.193847 0.124628 -0.0745795 0.212228 0.140722 -0.0623419 0.194051 0.140952 -0.0621122 0.194262 0.124662 -0.0748121 0.211973 0.142095 -0.0604864 0.195778 0.142212 -0.0602216 0.196027 0.142315 -0.0599524 0.196281 0.142402 -0.0596795 0.196538 0.125241 -0.0474867 0.18295 0.125105 -0.0472451 0.183219 0.125392 -0.0477245 0.182685 0.125541 -0.0479347 0.18245 0.125702 -0.0481407 0.18222 0.125875 -0.0483422 0.181994 0.126059 -0.0485385 0.181774 0.126272 -0.0487474 0.18154 0.126501 -0.0489508 0.181312 0.126743 -0.049148 0.181089 0.135721 -0.0806239 0.206904 0.141168 -0.0618758 0.194481 0.141351 -0.0616579 0.194683 0.141522 -0.0614354 0.19489 0.141681 -0.061209 0.195101 0.141828 -0.0609791 0.195316 0.141962 -0.0607461 0.195534 0.12486 -0.0755458 0.211171 0.124776 -0.0752948 0.211445 0.12496 -0.0757953 0.210898 0.124985 -0.0470004 0.183492 0.125076 -0.0760426 0.210627 0.125208 -0.0762871 0.210359 0.126998 -0.0493385 0.180874 0.127266 -0.0495218 0.180667 0.125356 -0.0765279 0.210095 0.141649 -0.0546776 0.199883 0.141814 -0.0549336 0.199643 0.141488 -0.0544513 0.200094 0.125519 -0.0767645 0.209835 0.125679 -0.0769732 0.209606 0.141316 -0.0542296 0.2003 0.141132 -0.054013 0.200502 0.12585 -0.0771774 0.209382 0.140937 -0.0538018 0.200697 0.140732 -0.0535966 0.200887 0.126032 -0.0773767 0.209163 0.140517 -0.0533977 0.201069 0.140292 -0.0532055 0.201245 0.140032 -0.0529993 0.201433 0.139758 -0.0528 0.201613 0.135724 -0.0806233 0.206904 0.135727 -0.0806228 0.206905 0.13573 -0.0806223 0.206905 0.135733 -0.0806217 0.206906 0.135736 -0.0806212 0.206906 0.135739 -0.0806207 0.206906 0.135742 -0.0806201 0.206907 0.135786 -0.080612 0.206914 0.135791 -0.0806109 0.206915 0.124709 -0.0750429 0.211721 0.141964 -0.055194 0.199399 0.126225 -0.0775705 0.208949 0.139472 -0.0526082 0.201785 0.126428 -0.0777584 0.208742 0.139175 -0.0524243 0.201949 0.124895 -0.0444375 0.187836 0.124805 -0.0446868 0.187558 0.124731 -0.0449395 0.187277 0.135745 -0.0806196 0.206907 0.135748 -0.0806191 0.206908 0.135751 -0.0806185 0.206908 0.135756 -0.0806175 0.206909 0.135762 -0.0806164 0.206911 0.135768 -0.0806153 0.206911 0.135774 -0.0806142 0.206912 0.124692 -0.0468695 0.185133 0.124756 -0.0471199 0.184854 0.13578 -0.0806131 0.206913 0.124836 -0.0473694 0.184577 0.124672 -0.0451948 0.186993 0.12463 -0.0454521 0.186707 0.124604 -0.0457107 0.18642 0.124595 -0.0459438 0.186161 0.1246 -0.0461768 0.185902 0.124617 -0.0464091 0.185644 0.124648 -0.0466402 0.185387 0.142474 -0.0594034 0.196799 0.142529 -0.0591249 0.197062 0.142568 -0.0588449 0.197327 0.135797 -0.0806098 0.206916 0.135803 -0.0806087 0.206917 0.142347 -0.0567883 0.199271 0.142249 -0.056519 0.199525 0.142135 -0.0562517 0.199777 0.142005 -0.0559871 0.200026 0.128079 -0.0499923 0.180131 0.127808 -0.0498483 0.180295 0.128357 -0.0501288 0.179974 0.128643 -0.0502577 0.179825 0.128935 -0.0503787 0.179685 0.129267 -0.0505033 0.17954 0.129607 -0.0506184 0.179404 0.129956 -0.0507236 0.179279 0.127175 -0.0783376 0.208101 0.126913 -0.078151 0.208308 0.130312 -0.0508187 0.179165 0.127451 -0.0785171 0.207902 0.130674 -0.0509033 0.179062 0.127738 -0.0786889 0.207711 0.131004 -0.0509703 0.178978 0.128037 -0.0788525 0.207528 0.128347 -0.0790075 0.207355 0.128633 -0.0791392 0.207207 0.128928 -0.0792632 0.207067 0.129228 -0.0793792 0.206936 0.129535 -0.0794869 0.206813 0.135809 -0.0806076 0.206918 0.135815 -0.0806065 0.206919 0.13582 -0.0806054 0.20692 0.135826 -0.0806043 0.206921 0.135861 -0.0805976 0.206928 0.135867 -0.0805965 0.206929 0.135873 -0.0805954 0.20693 0.135879 -0.0805942 0.206931 0.142589 -0.058592 0.197566 0.142596 -0.0583109 0.197832 0.142589 -0.0580577 0.198071 0.142569 -0.0578054 0.19831 0.142535 -0.0575544 0.198547 0.142488 -0.0573054 0.198783 0.142428 -0.0570589 0.199016 0.127547 -0.0496974 0.180467 0.126664 -0.0779577 0.208522 0.131338 -0.0510284 0.178905 0.138253 -0.0519407 0.202371 0.138547 -0.0520824 0.202249 0.131675 -0.0510776 0.17884 0.137952 -0.0518069 0.202485 0.137644 -0.0516813 0.20259 0.1373 -0.0515532 0.202696 0.136948 -0.0514349 0.20279 0.136589 -0.0513269 0.202874 0.136223 -0.0512293 0.202947 0.129847 -0.0795862 0.2067 0.135853 -0.0511424 0.203009 0.135516 -0.0510736 0.203054 0.130164 -0.079677 0.206595 0.138866 -0.0522489 0.202103 0.135176 -0.0510138 0.20309 0.134834 -0.0509632 0.203117 0.126631 -0.04979 0.181872 0.126881 -0.0499836 0.181654 0.127144 -0.0501702 0.181443 0.127419 -0.0503493 0.18124 0.135832 -0.0806032 0.206923 0.135838 -0.0806021 0.206923 0.124933 -0.0476175 0.184301 0.135844 -0.080601 0.206924 0.125046 -0.0478634 0.184027 0.13585 -0.0805999 0.206925 0.125174 -0.0481066 0.183756 0.135855 -0.0805987 0.206926 0.125983 -0.0491911 0.182545 0.126173 -0.0493841 0.182329 0.126395 -0.04959 0.182097 0.125319 -0.0483462 0.183489 0.125479 -0.0485816 0.183226 0.125635 -0.0487894 0.182994 0.125803 -0.0489927 0.182767 0.141859 -0.0557257 0.200271 0.141697 -0.0554684 0.200512 0.140104 -0.0537767 0.202076 0.139833 -0.0535755 0.202258 0.139551 -0.0533817 0.202432 0.139256 -0.0531957 0.202598 0.131163 -0.0799009 0.206332 0.130798 -0.0798297 0.206416 0.131534 -0.0799616 0.206258 0.13191 -0.0800115 0.206195 0.13229 -0.0800504 0.206144 0.132674 -0.0800783 0.206105 0.13306 -0.0800949 0.206077 0.133408 -0.0801002 0.206063 0.132732 -0.0511723 0.178702 0.132354 -0.0511486 0.17874 0.133757 -0.0800963 0.206058 0.133117 -0.051185 0.178674 0.134104 -0.0800833 0.206063 0.133503 -0.0511864 0.178659 0.134482 -0.0800583 0.206079 0.133889 -0.0511766 0.178655 0.134237 -0.051158 0.178662 0.134583 -0.0511304 0.178679 0.134927 -0.0510936 0.178705 0.135269 -0.0510478 0.178741 0.135607 -0.0509932 0.178787 0.135941 -0.0509298 0.178841 0.135884 -0.0805931 0.206932 0.13589 -0.0805919 0.206933 0.135896 -0.0805908 0.206934 0.14154 -0.0552409 0.200724 0.14137 -0.0550178 0.200932 0.141189 -0.0547996 0.201135 0.140997 -0.0545867 0.201332 0.140795 -0.0543797 0.201524 0.140583 -0.0541788 0.201708 0.140361 -0.0539846 0.201886 0.130485 -0.079759 0.2065 0.132013 -0.0511177 0.178785 0.13486 -0.080022 0.206108 0.133681 -0.0508596 0.203136 0.134068 -0.050883 0.203141 0.135238 -0.0799743 0.206148 0.13627 -0.0508578 0.178905 0.133333 -0.0508483 0.203121 0.136629 -0.050768 0.178986 0.132986 -0.0508461 0.203096 0.13264 -0.0508531 0.203062 0.132297 -0.0508693 0.203018 0.131956 -0.0508945 0.202964 0.13162 -0.0509286 0.202901 0.131251 -0.0509768 0.202821 0.130883 -0.0510364 0.202728 0.130518 -0.051107 0.202624 0.135902 -0.0805897 0.206935 0.135908 -0.0805885 0.206936 0.135914 -0.0805874 0.206937 0.135919 -0.0805862 0.206938 0.135925 -0.0805851 0.206939 0.13596 -0.0805781 0.206945 0.135966 -0.0805769 0.206947 0.135972 -0.0805757 0.206948 0.135977 -0.0805745 0.206949 0.135983 -0.0805734 0.20695 0.135989 -0.0805722 0.206951 0.134454 -0.0509176 0.203135 0.130159 -0.0511885 0.202508 0.129805 -0.0512805 0.202381 0.127705 -0.0505203 0.181045 0.127973 -0.050667 0.180878 0.130547 -0.0516042 0.179781 0.130876 -0.0516746 0.179694 0.135931 -0.0805839 0.20694 0.131208 -0.0517362 0.179616 0.135937 -0.0805827 0.206941 0.135943 -0.0805816 0.206942 0.131544 -0.0517888 0.179548 0.135948 -0.0805804 0.206943 0.135954 -0.0805793 0.206944 0.128248 -0.0508064 0.180718 0.128531 -0.0509383 0.180566 0.128821 -0.0510623 0.180422 0.129149 -0.0511901 0.180274 0.129487 -0.0513086 0.180135 0.129833 -0.0514173 0.180006 0.130187 -0.051516 0.179888 0.13895 -0.053018 0.202755 0.138634 -0.0528492 0.202903 0.138342 -0.0527052 0.203028 0.138916 -0.0788271 0.207251 0.138604 -0.078983 0.207097 0.139154 -0.0497574 0.17995 0.138878 -0.0499067 0.179804 0.135617 -0.0518167 0.203734 0.135278 -0.0517542 0.203773 0.139421 -0.0496015 0.180102 0.134937 -0.0517008 0.203802 0.139678 -0.0494393 0.180261 0.134594 -0.0516566 0.203822 0.139952 -0.049252 0.180445 0.140217 -0.0490548 0.18064 0.136357 -0.0797638 0.20634 0.135987 -0.0798451 0.206264 0.136723 -0.0796716 0.206427 0.137047 -0.0795795 0.206515 0.137366 -0.0794789 0.206612 0.137679 -0.0793701 0.206718 0.137692 -0.0504304 0.179301 0.137344 -0.0505535 0.179185 0.137985 -0.0792533 0.206831 0.138 -0.0503111 0.179415 0.138284 -0.0791287 0.206953 0.1383 -0.0501838 0.179537 0.138593 -0.0500489 0.179667 0.138042 -0.052569 0.203144 0.137736 -0.052441 0.203252 0.137394 -0.0523102 0.20336 0.137044 -0.0521893 0.203458 0.136686 -0.0520784 0.203545 0.136322 -0.051978 0.203621 0.135953 -0.0518882 0.203686 0.140471 -0.0488493 0.180843 0.13922 -0.0786615 0.207415 0.139514 -0.0784863 0.207589 0.129151 -0.0514837 0.20211 0.129457 -0.0513829 0.202243 0.128852 -0.0515923 0.201968 0.12856 -0.0517086 0.201819 0.128276 -0.0518322 0.201661 0.127974 -0.0519764 0.20148 0.127682 -0.0521301 0.201288 0.13699 -0.0506661 0.17908 0.127399 -0.052293 0.201087 0.127126 -0.0524645 0.200876 0.126864 -0.0526443 0.200657 0.126615 -0.0528319 0.200429 0.135614 -0.0799153 0.2062 0.135995 -0.080571 0.206952 0.136001 -0.0805698 0.206953 0.136006 -0.0805686 0.206954 0.136012 -0.0805674 0.206955 0.136018 -0.0805662 0.206956 0.136134 -0.0805417 0.206979 0.136146 -0.0805392 0.206981 0.126401 -0.053007 0.200218 0.126198 -0.0531875 0.2 0.131882 -0.0518324 0.17949 0.132222 -0.0518669 0.179441 0.132601 -0.0518944 0.179398 0.136024 -0.080565 0.206958 0.135479 -0.0517441 0.179453 0.135815 -0.051684 0.179504 0.13603 -0.0805638 0.206959 0.136146 -0.0516153 0.179564 0.136035 -0.0805626 0.20696 0.136508 -0.051529 0.179642 0.136041 -0.0805614 0.206961 0.136047 -0.0805602 0.206962 0.136053 -0.080559 0.206963 0.136058 -0.0805578 0.206964 0.136088 -0.0805516 0.20697 0.136099 -0.0805492 0.206972 0.136111 -0.0805467 0.206975 0.136122 -0.0805442 0.206977 0.132985 -0.051911 0.179367 0.13337 -0.0519163 0.179347 0.133757 -0.0519103 0.17934 0.134105 -0.0518952 0.179343 0.134452 -0.051871 0.179356 0.134797 -0.0518377 0.179379 0.13514 -0.0517954 0.179411 0.136064 -0.0805566 0.206965 0.136076 -0.0805541 0.206968 0.134209 -0.0516179 0.203833 0.133823 -0.0515904 0.203831 0.133474 -0.0515753 0.20382 0.131055 -0.0517305 0.203466 0.130689 -0.051796 0.203367 0.130327 -0.0518723 0.203256 0.12997 -0.0519594 0.203135 0.14116 -0.0481874 0.181501 0.140943 -0.048415 0.181274 0.141343 -0.0479774 0.18171 0.140335 -0.0779086 0.208166 0.140073 -0.0781094 0.207965 0.141514 -0.0477629 0.181924 0.14056 -0.0777213 0.208354 0.141674 -0.0475444 0.182143 0.140776 -0.0775283 0.208548 0.141821 -0.0473224 0.182365 0.14098 -0.0773299 0.208747 0.141955 -0.0470973 0.18259 0.141172 -0.0771267 0.208951 0.142088 -0.0468465 0.182842 0.141354 -0.0769191 0.209161 0.142206 -0.0465905 0.183098 0.141539 -0.0766853 0.209396 0.142309 -0.0463301 0.18336 0.141711 -0.076445 0.209638 0.142396 -0.0460658 0.183625 0.141869 -0.0761989 0.209887 0.142013 -0.0759476 0.21014 0.133127 -0.0515694 0.203799 0.13278 -0.0515728 0.203769 0.132436 -0.0515852 0.203729 0.132094 -0.0516067 0.203679 0.131755 -0.0516372 0.20362 0.131421 -0.0516766 0.203552 0.140714 -0.0486358 0.181055 0.142468 -0.0457984 0.183894 0.142523 -0.0455286 0.184165 0.139799 -0.0783022 0.207773 0.142141 -0.0756916 0.210399 0.12562 -0.0538023 0.199266 0.125806 -0.0535847 0.199525 0.125466 -0.0540027 0.199027 0.125323 -0.054207 0.198785 0.125193 -0.0544147 0.198539 0.125075 -0.0546253 0.198291 0.12497 -0.0548383 0.198039 0.124879 -0.0550533 0.197786 0.124801 -0.0552697 0.197532 0.124728 -0.0555152 0.197243 0.124671 -0.0557632 0.196952 0.13687 -0.0514307 0.179732 0.126006 -0.053373 0.199778 0.137226 -0.0513216 0.179833 0.137577 -0.0512021 0.179945 0.124631 -0.0560131 0.196659 0.124607 -0.0562641 0.196364 0.136157 -0.0805366 0.206984 0.136169 -0.0805341 0.206986 0.13618 -0.0805315 0.206989 0.139863 -0.0500448 0.181067 0.140132 -0.0498505 0.181259 0.14039 -0.0496477 0.181459 0.140636 -0.0494368 0.181668 0.138672 -0.079677 0.207816 0.138982 -0.0795189 0.207973 0.139135 -0.0794361 0.208055 0.139284 -0.0793511 0.208139 0.139432 -0.0792635 0.208226 0.139577 -0.0791738 0.208315 0.137596 -0.0801267 0.207375 0.137674 -0.0800988 0.207402 0.137751 -0.0800703 0.20743 0.137828 -0.0800414 0.207458 0.137904 -0.0800119 0.207487 0.138056 -0.0799515 0.207546 0.138353 -0.0798251 0.20767 0.142417 -0.0749559 0.211142 0.142342 -0.0751948 0.210901 0.142479 -0.0747153 0.211385 0.129619 -0.052057 0.203002 0.142527 -0.0744736 0.21163 0.12931 -0.0521536 0.202873 0.142563 -0.0742313 0.211875 0.129006 -0.0522581 0.202735 0.142585 -0.0739889 0.21212 0.142593 -0.0737209 0.21239 0.142586 -0.0734518 0.212663 0.137887 -0.0510857 0.180056 0.142561 -0.0731821 0.212935 0.13819 -0.0509614 0.180175 0.142521 -0.0729126 0.213207 0.138486 -0.0508293 0.180302 0.142464 -0.0726439 0.213478 0.138774 -0.0506897 0.180437 0.139053 -0.0505431 0.180579 0.139324 -0.0503896 0.180729 0.139585 -0.0502297 0.180885 0.126752 -0.0534487 0.201251 0.126508 -0.0536395 0.20102 0.126299 -0.0538172 0.200805 0.126101 -0.0540002 0.200586 0.142592 -0.0447664 0.184932 0.142584 -0.0450118 0.184685 0.142586 -0.0445212 0.185179 0.142568 -0.044277 0.185424 0.142531 -0.0440099 0.185693 0.142479 -0.043743 0.185962 0.14241 -0.0434768 0.186229 0.142324 -0.0432121 0.186495 0.142222 -0.0429497 0.186759 0.142105 -0.04269 0.18702 0.12871 -0.0523705 0.20259 0.128422 -0.0524903 0.202437 0.128143 -0.0526174 0.202276 0.127845 -0.0527658 0.20209 0.127556 -0.0529235 0.201894 0.127277 -0.0530902 0.201688 0.127009 -0.0532654 0.201474 0.124605 -0.0567164 0.195834 0.1246 -0.0564904 0.196099 0.142562 -0.045257 0.184438 0.124625 -0.0569417 0.195569 0.124657 -0.0571658 0.195306 0.124703 -0.057388 0.195046 0.141986 -0.0424594 0.187251 0.124768 -0.0576304 0.194761 0.141854 -0.0422322 0.187479 0.12485 -0.057872 0.194477 0.142254 -0.0754316 0.210661 0.124948 -0.058112 0.194194 0.125063 -0.0583499 0.193914 0.14239 -0.0723768 0.213748 0.125193 -0.0585849 0.193637 0.125339 -0.0588164 0.193363 0.14087 -0.0492184 0.181885 0.141092 -0.048993 0.182109 0.1255 -0.0590436 0.193094 0.125658 -0.059244 0.192856 0.14227 -0.0471706 0.183933 0.142364 -0.0469078 0.184197 0.142443 -0.0466417 0.184464 0.142505 -0.0463727 0.184734 0.139859 -0.0789877 0.208501 0.140131 -0.0787931 0.208696 0.140391 -0.0785905 0.208898 0.141279 -0.0487847 0.182317 0.141903 -0.0768707 0.210629 0.142043 -0.0766182 0.210884 0.141455 -0.0485718 0.182529 0.142168 -0.0763613 0.211143 0.141619 -0.0483547 0.182746 0.141771 -0.0481339 0.182967 0.14191 -0.0479098 0.183191 0.142036 -0.0476831 0.183418 0.142161 -0.0474292 0.183673 0.142112 -0.0716689 0.214461 0.142218 -0.0719021 0.214226 0.141995 -0.071439 0.214692 0.141865 -0.0712129 0.214919 0.141723 -0.070991 0.215142 0.141552 -0.0707501 0.215383 0.141365 -0.0705134 0.21562 0.141164 -0.0702815 0.215852 0.140949 -0.0700552 0.216078 0.140719 -0.0698349 0.216297 0.140477 -0.0696214 0.216509 0.14137 -0.0415536 0.188158 0.141555 -0.0417899 0.187922 0.14117 -0.0413221 0.188389 0.140956 -0.0410961 0.188615 0.140728 -0.0408761 0.188834 0.140486 -0.0406628 0.189046 0.140258 -0.0404769 0.18923 0.14002 -0.0402973 0.189408 0.139773 -0.0401244 0.189579 0.139517 -0.0399584 0.189742 0.139252 -0.0397998 0.189898 0.125721 -0.0544023 0.200105 0.125541 -0.0546224 0.199843 0.124756 -0.0561229 0.198071 0.124692 -0.0563698 0.197782 0.124644 -0.0566189 0.197489 0.124612 -0.0568695 0.197195 0.140614 -0.0784017 0.209088 0.140826 -0.0782074 0.209283 0.125915 -0.054188 0.200361 0.141028 -0.0780079 0.209483 0.141218 -0.0778036 0.209689 0.141396 -0.0775949 0.209899 0.141579 -0.0773596 0.210136 0.141748 -0.077118 0.210379 0.142311 -0.0721383 0.213988 0.140248 -0.0694354 0.216693 0.141711 -0.0420089 0.187703 0.138981 -0.0396488 0.190046 0.138667 -0.0394886 0.190202 0.126242 -0.0598543 0.192127 0.126027 -0.0596499 0.192372 0.12647 -0.0600526 0.191889 0.126711 -0.0602442 0.191658 0.126939 -0.0604105 0.191456 0.127177 -0.0605705 0.191261 0.127424 -0.0607239 0.191073 0.12768 -0.0608703 0.190892 0.127943 -0.0610095 0.190719 0.128249 -0.0611572 0.190534 0.125392 -0.0548248 0.199603 0.125255 -0.0550308 0.199359 0.125131 -0.0552399 0.199112 0.125019 -0.0554518 0.198861 0.124921 -0.0556658 0.198609 0.124836 -0.0558816 0.198355 0.142552 -0.0461018 0.185007 0.14258 -0.0458568 0.185253 0.125828 -0.0594399 0.192623 0.142594 -0.0456114 0.1855 0.128565 -0.0612961 0.190358 0.128858 -0.0614132 0.190208 0.142163 -0.0435301 0.187593 0.142037 -0.0432724 0.187852 0.14191 -0.0430438 0.188081 0.141771 -0.0428189 0.188306 0.142277 -0.0761006 0.211407 0.142362 -0.0758632 0.211647 0.142434 -0.0756238 0.211889 0.142511 -0.0735796 0.213954 0.14245 -0.0733112 0.214225 0.142373 -0.0730445 0.214494 0.142595 -0.045366 0.185747 0.142583 -0.0451212 0.185993 0.142554 -0.0448541 0.186262 0.142509 -0.044587 0.186531 0.142447 -0.0443203 0.186799 0.142368 -0.0440548 0.187066 0.139505 -0.0689166 0.217205 0.139761 -0.0690826 0.217042 0.142274 -0.0437912 0.187331 0.13924 -0.068758 0.21736 0.138968 -0.068607 0.217507 0.138658 -0.0684485 0.217661 0.138335 -0.068298 0.217806 0.138004 -0.0681567 0.217942 0.137663 -0.0680248 0.218067 0.137315 -0.0679029 0.218182 0.136995 -0.0678018 0.218276 0.136671 -0.0677093 0.218361 0.124597 -0.0570957 0.19693 0.137671 -0.0390634 0.190611 0.138012 -0.0391955 0.190485 0.124596 -0.057322 0.196664 0.137358 -0.0389532 0.190716 0.124608 -0.0575479 0.196399 0.13704 -0.0388515 0.190811 0.136717 -0.0387584 0.190898 0.136391 -0.0386741 0.190975 0.136061 -0.0385989 0.191043 0.135729 -0.0385327 0.191102 0.135357 -0.03847 0.191155 0.134978 -0.0384176 0.191197 0.134595 -0.0383762 0.191228 0.142493 -0.0753829 0.212132 0.125248 -0.0594105 0.194209 0.125401 -0.0596403 0.193937 0.142538 -0.0751411 0.212377 0.125551 -0.0598433 0.193696 0.14257 -0.0748987 0.212622 0.142589 -0.0746564 0.212867 0.142594 -0.0743881 0.213138 0.142583 -0.0741188 0.21341 0.142555 -0.073849 0.213682 0.140009 -0.0692557 0.216871 0.136342 -0.0676254 0.218437 0.13601 -0.0675504 0.218503 0.124634 -0.0577728 0.196136 0.124672 -0.0579962 0.195873 0.124724 -0.0582176 0.195614 0.124796 -0.0584598 0.195329 0.124885 -0.0587008 0.195046 0.12499 -0.05894 0.194764 0.125111 -0.0591768 0.194485 0.129774 -0.0617163 0.18981 0.129463 -0.0616235 0.189934 0.13009 -0.0618005 0.189695 0.130411 -0.0618759 0.189589 0.138344 -0.0393373 0.190348 0.130734 -0.0619425 0.189493 0.131097 -0.062006 0.189397 0.131467 -0.062059 0.189313 0.13421 -0.038346 0.191247 0.131842 -0.0621013 0.189239 0.132222 -0.0621327 0.189177 0.133862 -0.0383284 0.191254 0.132605 -0.0621529 0.189127 0.13299 -0.062162 0.189088 0.133338 -0.0621605 0.189063 0.133687 -0.0621498 0.189048 0.14162 -0.0425982 0.188528 0.141458 -0.0423821 0.188744 0.141264 -0.0421483 0.188977 0.129157 -0.0615224 0.190067 0.139619 -0.0407447 0.190371 0.139358 -0.0405832 0.190529 0.139089 -0.0404292 0.19068 0.138781 -0.0402672 0.190838 0.14229 -0.0728065 0.214734 0.142194 -0.072571 0.214971 0.142086 -0.0723385 0.215205 0.140668 -0.070513 0.217033 0.140448 -0.0703219 0.217222 0.140218 -0.0701366 0.217406 0.141056 -0.0419197 0.189205 0.140834 -0.0416969 0.189427 0.140598 -0.0414805 0.189643 0.135338 -0.0674275 0.218607 0.135675 -0.0674844 0.21856 0.14035 -0.041271 0.189851 0.134999 -0.0673798 0.218645 0.140115 -0.041089 0.190031 0.134622 -0.0673376 0.218675 0.139871 -0.0409134 0.190205 0.13424 -0.0673061 0.218694 0.133855 -0.0672858 0.218701 0.133469 -0.0672767 0.218696 0.133082 -0.0672789 0.218679 0.132735 -0.0672905 0.218654 0.125713 -0.0600422 0.19346 0.13239 -0.0673112 0.218618 0.125887 -0.0602365 0.193228 0.132046 -0.0673409 0.218574 0.126091 -0.0604448 0.192979 0.128066 -0.0618011 0.191327 0.128377 -0.0619453 0.191146 0.128697 -0.0620804 0.190974 0.128993 -0.0621939 0.190828 0.141965 -0.0721095 0.215436 0.141832 -0.0718844 0.215662 0.141688 -0.0716637 0.215883 0.141513 -0.0714235 0.216124 0.141324 -0.0711877 0.21636 0.141119 -0.070957 0.21659 0.132819 -0.0383309 0.191217 0.133166 -0.0383209 0.191239 0.1409 -0.0707319 0.216815 0.132475 -0.03835 0.191186 0.132133 -0.0383782 0.191144 0.131795 -0.0384154 0.191094 0.131424 -0.038467 0.191027 0.131055 -0.0385299 0.190948 0.130689 -0.038604 0.190857 0.130327 -0.038689 0.190755 0.12997 -0.0387847 0.190641 0.12631 -0.0606474 0.192737 0.126542 -0.0608437 0.1925 0.126788 -0.0610331 0.192271 0.12702 -0.0611973 0.192072 0.127261 -0.061355 0.191879 0.127511 -0.061506 0.191694 0.12777 -0.0616499 0.191516 0.131705 -0.0673796 0.218519 0.131369 -0.0674272 0.218456 0.13476 -0.0620582 0.189064 0.134381 -0.0621009 0.189048 0.135138 -0.0620042 0.189093 0.135515 -0.0619389 0.189133 0.135889 -0.0618623 0.189185 0.136259 -0.0617748 0.189248 0.136588 -0.0616868 0.189315 0.136913 -0.0615901 0.189391 0.137232 -0.0614851 0.189476 0.13758 -0.0613588 0.189581 0.133513 -0.0383201 0.191252 0.129619 -0.038891 0.190516 0.12931 -0.0389953 0.190395 0.134034 -0.06213 0.189043 0.137923 -0.0612216 0.189697 0.138224 -0.0610896 0.18981 0.139978 -0.0699578 0.217582 0.139729 -0.0697857 0.217752 0.139471 -0.0696206 0.217914 0.136954 -0.0685145 0.218976 0.136629 -0.0684231 0.21906 0.1363 -0.0683404 0.219135 0.138461 -0.0401127 0.190988 0.138132 -0.0399675 0.191129 0.137794 -0.0398319 0.191259 0.130709 -0.0675483 0.218301 0.131036 -0.0674834 0.218383 0.130351 -0.0676301 0.2182 0.129996 -0.0677235 0.218086 0.129646 -0.0678274 0.217962 0.135155 -0.0391633 0.19187 0.134773 -0.0391167 0.191907 0.129303 -0.0679417 0.217826 0.134389 -0.0390813 0.191931 0.128967 -0.068066 0.217679 0.134003 -0.0390572 0.191944 0.128672 -0.0681862 0.217538 0.128384 -0.068314 0.217389 0.128104 -0.0684491 0.217233 0.127833 -0.0685911 0.217069 0.129295 -0.0622994 0.19069 0.129604 -0.0623968 0.190561 0.129918 -0.0624857 0.190441 0.132764 -0.0628877 0.189795 0.13315 -0.0628921 0.189761 0.133499 -0.0628864 0.189741 0.137483 -0.0397184 0.191367 0.137167 -0.0396132 0.191466 0.136846 -0.0395167 0.191556 0.136521 -0.0394289 0.191637 0.136192 -0.0393501 0.191709 0.135861 -0.0392804 0.191771 0.139205 -0.069463 0.218068 0.135527 -0.0392198 0.191823 0.138932 -0.069313 0.218215 0.138621 -0.0691557 0.218367 0.138298 -0.0690063 0.218511 0.137965 -0.068866 0.218645 0.137624 -0.0687353 0.21877 0.137274 -0.0686145 0.218883 0.128423 -0.0393554 0.189981 0.128711 -0.0392278 0.190127 0.128143 -0.0394902 0.189827 0.127873 -0.0396318 0.189667 0.127585 -0.0397962 0.189481 0.127306 -0.0399698 0.189285 0.127038 -0.0401523 0.18908 0.126781 -0.0403432 0.188866 0.126535 -0.040542 0.188644 0.126302 -0.0407482 0.188414 0.126082 -0.0409611 0.188177 0.130236 -0.0625659 0.190331 0.130558 -0.0626373 0.190229 0.130883 -0.0626998 0.190138 0.127571 -0.0687399 0.216898 0.131249 -0.062759 0.190046 0.127319 -0.0688949 0.21672 0.131621 -0.0628076 0.189966 0.131998 -0.0628454 0.189897 0.13238 -0.0628721 0.18984 0.139085 -0.0606478 0.190198 0.138807 -0.0608024 0.190061 0.139355 -0.0604864 0.190343 0.139616 -0.0603184 0.190494 0.139867 -0.0601443 0.190653 0.140133 -0.059944 0.190836 0.140391 -0.0597335 0.191029 0.140637 -0.059515 0.191231 0.140871 -0.0592889 0.191441 0.141092 -0.0590559 0.191658 0.141279 -0.0588408 0.191859 0.129007 -0.0391077 0.190265 0.125896 -0.0411581 0.187958 0.138519 -0.0609497 0.189932 0.141455 -0.0586211 0.192065 0.141618 -0.0583972 0.192276 0.133654 -0.0390451 0.191945 0.133306 -0.0390422 0.191937 0.132959 -0.0390485 0.191919 0.132345 -0.0680396 0.219302 0.132002 -0.0680705 0.219256 0.131662 -0.0681104 0.219201 0.131325 -0.068159 0.219136 0.130136 -0.0394613 0.191387 0.129782 -0.0395626 0.191267 0.135967 -0.0682665 0.2192 0.129435 -0.0396743 0.191137 0.135632 -0.0682017 0.219256 0.135294 -0.068146 0.219302 0.133811 -0.0680093 0.21939 0.133424 -0.0680016 0.219383 0.132613 -0.0390639 0.191891 0.133038 -0.068005 0.219365 0.13227 -0.0390885 0.191853 0.132691 -0.0680178 0.219338 0.131931 -0.039122 0.191807 0.131595 -0.0391645 0.191751 0.131227 -0.0392218 0.191678 0.130859 -0.0392906 0.191592 0.134956 -0.0680995 0.219338 0.130495 -0.0393705 0.191495 0.134579 -0.0680586 0.219367 0.134196 -0.0680284 0.219384 0.133847 -0.0628715 0.18973 0.134194 -0.0628474 0.18973 0.134574 -0.0628103 0.18974 0.137411 -0.062152 0.190213 0.137757 -0.0620198 0.190324 0.138096 -0.0618775 0.190445 0.1266 -0.0694166 0.216126 0.126847 -0.0692224 0.216346 0.138394 -0.061741 0.190563 0.126364 -0.0696184 0.215897 0.126141 -0.0698275 0.21566 0.125931 -0.0700432 0.215416 0.125755 -0.0702424 0.215191 0.12559 -0.0704461 0.214962 0.125436 -0.0706538 0.214728 0.125296 -0.0708648 0.21449 0.125168 -0.0710789 0.21425 0.125053 -0.0712955 0.214006 0.125396 -0.0417946 0.187251 0.125559 -0.0415652 0.187506 0.125246 -0.0420298 0.186991 0.125112 -0.0422702 0.186725 0.124992 -0.0425151 0.186455 0.124888 -0.0427641 0.18618 0.124799 -0.0430163 0.185901 0.134953 -0.0627619 0.189763 0.124726 -0.0432711 0.18562 0.135331 -0.0627021 0.189797 0.124675 -0.0435021 0.185365 0.135706 -0.0626311 0.189843 0.124637 -0.0437341 0.185109 0.136078 -0.062549 0.189901 0.124612 -0.0439667 0.184853 0.13641 -0.0624658 0.189963 0.136737 -0.0623738 0.190034 0.137059 -0.0622734 0.190114 0.127078 -0.0690559 0.216536 0.124951 -0.0715141 0.213761 0.124862 -0.0717342 0.213514 0.142046 -0.0576813 0.192952 0.141908 -0.0579388 0.192708 0.14217 -0.0574187 0.1932 0.142278 -0.0571516 0.193454 0.14237 -0.0568806 0.193712 0.142447 -0.0566064 0.193972 0.142507 -0.0563298 0.194236 0.142548 -0.0560794 0.194474 0.142576 -0.0558281 0.194714 0.14259 -0.0555766 0.194953 0.125722 -0.0413596 0.187734 0.124601 -0.0441991 0.184596 0.124604 -0.0444562 0.184313 0.130994 -0.0682164 0.219062 0.130667 -0.0682823 0.218979 0.14177 -0.0581696 0.19249 0.128069 -0.0691919 0.217901 0.127799 -0.0693348 0.217736 0.14259 -0.0552979 0.195219 0.127538 -0.0694844 0.217564 0.142573 -0.0550191 0.195485 0.127288 -0.0696402 0.217386 0.129129 -0.0397835 0.19101 0.12883 -0.0399004 0.190876 0.128538 -0.040025 0.190733 0.128255 -0.0401569 0.190582 0.126385 -0.0413933 0.189192 0.12616 -0.0416038 0.188957 0.12597 -0.0417988 0.18874 0.12579 -0.0419985 0.188518 0.130311 -0.0683654 0.218876 0.129956 -0.0684599 0.218762 0.129607 -0.068565 0.218635 0.129264 -0.0686805 0.218498 0.128929 -0.068806 0.21835 0.128634 -0.0689271 0.218209 0.128348 -0.0690559 0.218059 0.124599 -0.073233 0.211833 0.124602 -0.073001 0.212093 0.124608 -0.0734647 0.211573 0.124631 -0.0736956 0.211314 0.124668 -0.0739252 0.211056 0.124717 -0.0741528 0.210801 0.124779 -0.0743782 0.210548 0.127981 -0.0402957 0.190425 0.127689 -0.0404566 0.190242 0.124658 -0.072487 0.21267 0.124711 -0.0722323 0.212955 0.127407 -0.0406268 0.19005 0.124622 -0.0727435 0.212382 0.127135 -0.0408061 0.189849 0.126873 -0.0409939 0.189638 0.126623 -0.0411898 0.189419 0.124854 -0.0746006 0.210297 0.124953 -0.074844 0.210023 0.124711 -0.0452277 0.183463 0.124659 -0.0449712 0.183745 0.12478 -0.0454827 0.183181 0.138685 -0.0615968 0.19069 0.124855 -0.0457103 0.18293 0.138967 -0.0614454 0.190824 0.124944 -0.0459356 0.182682 0.139242 -0.0612869 0.190965 0.125045 -0.046158 0.182436 0.125158 -0.0463772 0.182194 0.125284 -0.0465926 0.181956 0.125438 -0.046827 0.181696 0.125608 -0.0470587 0.18144 0.141203 -0.0596631 0.192458 0.141383 -0.0594452 0.192662 0.141552 -0.059223 0.192871 0.141709 -0.0589968 0.193084 0.124779 -0.0719801 0.213238 0.139507 -0.0611217 0.191114 0.139762 -0.0609502 0.191269 0.140007 -0.0607727 0.191431 0.14027 -0.0605663 0.19162 0.140522 -0.0603517 0.191818 0.140762 -0.0601292 0.192024 0.124623 -0.0447138 0.184029 0.140989 -0.0598994 0.192238 0.125793 -0.0472858 0.181188 0.125992 -0.0475074 0.180942 0.14244 -0.0542436 0.196224 0.142496 -0.0544915 0.195988 0.14237 -0.0539979 0.196458 0.142287 -0.0537547 0.196689 0.142192 -0.0535147 0.196917 0.142071 -0.053252 0.197166 0.141934 -0.0529898 0.197414 0.141781 -0.0527314 0.197659 0.141613 -0.0524774 0.197898 0.141449 -0.0522531 0.198109 0.141273 -0.0520336 0.198316 0.14254 -0.0547408 0.19575 0.141087 -0.0518191 0.198516 0.14089 -0.0516103 0.198711 0.127047 -0.0698019 0.217201 0.126793 -0.0699881 0.216989 0.126548 -0.0701839 0.216767 0.125623 -0.0422025 0.188292 0.125467 -0.0424103 0.188062 0.125311 -0.0426429 0.187804 0.125139 -0.0718551 0.214881 0.125026 -0.0720722 0.214638 0.124928 -0.0722912 0.214392 0.124842 -0.0725116 0.214144 0.124651 -0.0443376 0.185932 0.124619 -0.0445699 0.185676 0.1246 -0.0448025 0.185419 0.124596 -0.0450592 0.185136 0.126315 -0.0703874 0.216536 0.126095 -0.0705979 0.216298 0.125888 -0.070815 0.216052 0.125714 -0.0710153 0.215826 0.125552 -0.07122 0.215596 0.125401 -0.0714285 0.215361 0.125264 -0.0716404 0.215123 0.125169 -0.042881 0.18754 0.125042 -0.0431239 0.187272 0.125346 -0.075565 0.20921 0.125199 -0.075328 0.209478 0.124931 -0.0433711 0.186999 0.125508 -0.0757978 0.208946 0.124835 -0.043622 0.186722 0.125666 -0.0760033 0.208714 0.124754 -0.0438757 0.186441 0.125837 -0.0762042 0.208485 0.124696 -0.044106 0.186188 0.126018 -0.0764003 0.208262 0.126211 -0.0765909 0.208045 0.126414 -0.0767758 0.207834 0.126627 -0.0769545 0.207629 0.141854 -0.0587673 0.1933 0.126849 -0.0771266 0.207431 0.141997 -0.0585119 0.193542 0.127107 -0.0773101 0.20722 0.142591 -0.056387 0.195562 0.142596 -0.0561084 0.195828 0.142584 -0.0558295 0.196094 0.142556 -0.0555509 0.196359 0.126599 -0.0480741 0.180312 0.126386 -0.0478908 0.180516 0.126821 -0.0482513 0.180114 0.127053 -0.0484219 0.179923 0.127294 -0.0485857 0.17974 0.127543 -0.0487423 0.179564 0.12783 -0.0489076 0.179378 0.128131 -0.0490672 0.179197 0.128444 -0.0492181 0.179026 0.128766 -0.0493599 0.178865 0.129063 -0.0494793 0.178728 0.142127 -0.0582512 0.193789 0.142241 -0.0579857 0.194041 0.142339 -0.0577161 0.194296 0.125068 -0.0750874 0.209749 0.142423 -0.0574431 0.194556 0.14249 -0.0571674 0.194819 0.127379 -0.0774867 0.207015 0.142541 -0.0568896 0.195083 0.127662 -0.0776558 0.206818 0.142573 -0.0566385 0.195322 0.126184 -0.0477018 0.180726 0.129367 -0.0495908 0.1786 0.129677 -0.049694 0.17848 0.140214 -0.0510013 0.199276 0.140465 -0.0512111 0.199082 0.139949 -0.0507982 0.199462 0.139671 -0.0506021 0.199641 0.139381 -0.0504137 0.199812 0.13908 -0.0502334 0.199974 0.138768 -0.0500618 0.200127 0.138447 -0.0498993 0.20027 0.13815 -0.0497613 0.20039 0.137847 -0.0496313 0.200502 0.124761 -0.0727614 0.213864 0.124697 -0.0730143 0.213581 0.12473 -0.0749345 0.211426 0.124795 -0.0751592 0.211174 0.124873 -0.0753809 0.210924 0.124975 -0.0756234 0.210651 0.140682 -0.0514075 0.1989 0.137506 -0.0494981 0.200615 0.137157 -0.0493746 0.200717 0.124648 -0.0732694 0.213294 0.124615 -0.0735262 0.213006 0.124599 -0.0737839 0.212718 0.124599 -0.074016 0.212457 0.124612 -0.0742476 0.212198 0.124638 -0.0744782 0.211939 0.124677 -0.0747074 0.211681 0.128264 -0.0779697 0.20645 0.127958 -0.077817 0.20663 0.128581 -0.0781134 0.20628 0.128874 -0.0782348 0.206135 0.129174 -0.0783483 0.205998 0.12948 -0.0784536 0.20587 0.129791 -0.0785505 0.205751 0.130108 -0.0786389 0.205641 0.130428 -0.0787183 0.20554 0.130752 -0.0787889 0.205449 0.124607 -0.0453167 0.184853 0.131116 -0.0788568 0.205358 0.124635 -0.0455744 0.184568 0.12468 -0.0458315 0.184285 0.125504 -0.0476531 0.182274 0.125681 -0.047883 0.182019 0.125872 -0.0481079 0.181769 0.126077 -0.0483272 0.181526 0.14153 -0.0530808 0.198703 0.141359 -0.052859 0.198912 0.141178 -0.0526421 0.199115 0.140985 -0.0524305 0.199313 0.142517 -0.055301 0.196598 0.142465 -0.0550525 0.196834 0.142399 -0.054806 0.197069 0.12474 -0.0460875 0.184003 0.124809 -0.0463162 0.18375 0.124891 -0.0465428 0.1835 0.131486 -0.0789142 0.205279 0.124985 -0.0467668 0.183253 0.131861 -0.0789609 0.205211 0.125092 -0.0469878 0.183009 0.125211 -0.0472053 0.182769 0.125343 -0.0474188 0.182533 0.130634 -0.0499518 0.178176 0.130311 -0.0498747 0.178268 0.13096 -0.05002 0.178094 0.131325 -0.0500851 0.178013 0.131698 -0.0501401 0.177944 0.132076 -0.0501842 0.177885 0.132458 -0.0502174 0.177839 0.132843 -0.0502394 0.177804 0.133229 -0.0502501 0.17778 0.133577 -0.0502501 0.17777 0.141688 -0.0533071 0.19849 0.142321 -0.0545619 0.197301 0.14223 -0.0543207 0.19753 0.142126 -0.0540829 0.197756 0.141997 -0.0538231 0.198002 0.14185 -0.053563 0.198248 0.129992 -0.0497887 0.178369 0.133925 -0.0502409 0.177769 0.134272 -0.0502226 0.177778 0.136109 -0.0490749 0.200953 0.136439 -0.0491584 0.20089 0.135774 -0.0490002 0.201006 0.135437 -0.0489346 0.20105 0.135097 -0.048878 0.201085 0.134718 -0.0488259 0.201112 0.134334 -0.0487845 0.201128 0.133948 -0.0487544 0.201132 0.133599 -0.048737 0.201125 0.133252 -0.0487287 0.201108 0.132905 -0.0487297 0.201082 0.136801 -0.0492613 0.200809 0.125094 -0.0758662 0.210378 0.132559 -0.0487398 0.201047 0.125228 -0.0761061 0.210107 0.132217 -0.048759 0.201001 0.125379 -0.0763423 0.20984 0.126274 -0.0485191 0.181313 0.126481 -0.0487056 0.181105 0.126903 -0.0778937 0.208072 0.127164 -0.0780757 0.207862 0.126698 -0.0488861 0.180904 0.127438 -0.0782507 0.207659 0.12861 -0.0500227 0.179625 0.128904 -0.0501463 0.179484 0.129205 -0.0502621 0.179351 0.129512 -0.0503696 0.179227 0.125544 -0.0765742 0.209578 0.125705 -0.0767786 0.209346 0.125879 -0.0769785 0.209119 0.126063 -0.0771733 0.208897 0.126258 -0.0773626 0.208681 0.126463 -0.077546 0.208471 0.126679 -0.0777232 0.208268 0.13301 -0.0790343 0.205075 0.132625 -0.079021 0.205108 0.133358 -0.0790366 0.205055 0.133707 -0.0790296 0.205045 0.126926 -0.0490603 0.180709 0.134054 -0.0790135 0.205044 0.127162 -0.0492278 0.180522 0.134401 -0.0789882 0.205053 0.127407 -0.0493883 0.180342 0.134745 -0.0789538 0.205072 0.127689 -0.049558 0.180151 0.135086 -0.0789104 0.2051 0.127985 -0.0497215 0.179966 0.135459 -0.078852 0.205142 0.128293 -0.0498766 0.179791 0.13583 -0.0787822 0.205196 0.140782 -0.0522248 0.199505 0.136199 -0.0787011 0.205262 0.14057 -0.0520253 0.19969 0.140347 -0.0518324 0.199868 0.138023 -0.0504285 0.201131 0.137717 -0.0503021 0.201239 0.137373 -0.0501726 0.201348 0.137021 -0.050053 0.201446 0.135333 -0.050108 0.177866 0.134959 -0.0501586 0.177824 0.135705 -0.050046 0.17792 0.136075 -0.0499727 0.177986 0.136443 -0.0498883 0.178063 0.136806 -0.0497929 0.178153 0.137164 -0.0496867 0.178253 0.137516 -0.0495701 0.178365 0.137826 -0.0494563 0.178474 0.138131 -0.0493346 0.178592 0.138428 -0.0492051 0.178718 0.132241 -0.0789965 0.205154 0.140089 -0.0516258 0.200059 0.139818 -0.051426 0.200241 0.136565 -0.0786088 0.205339 0.139534 -0.0512336 0.200416 0.136926 -0.0785055 0.205428 0.139239 -0.0510491 0.200583 0.138932 -0.050873 0.200741 0.138616 -0.0507057 0.200889 0.138323 -0.0505632 0.201014 0.129114 -0.0493907 0.200097 0.129419 -0.049288 0.20023 0.128815 -0.0495013 0.199955 0.128524 -0.0496195 0.199805 0.134617 -0.0501951 0.177796 0.138717 -0.0490681 0.178852 0.139025 -0.0489091 0.179009 0.131173 -0.0488763 0.200801 0.131543 -0.0488244 0.200883 0.130806 -0.0489393 0.200706 0.130442 -0.0490132 0.200601 0.130084 -0.049098 0.200484 0.129731 -0.0491934 0.200355 0.127725 -0.0784182 0.207464 0.128023 -0.0785775 0.207278 0.128331 -0.0787283 0.2071 0.128242 -0.0497449 0.199648 0.127968 -0.0498774 0.199484 0.13083 -0.0795313 0.206116 0.131195 -0.079597 0.206028 0.131566 -0.0796521 0.20595 0.131943 -0.0796964 0.205885 0.131878 -0.0487873 0.200947 0.129824 -0.0504689 0.179111 0.130141 -0.0505595 0.179005 0.130462 -0.0506413 0.178908 0.12865 -0.0788701 0.206932 0.128945 -0.0789896 0.206789 0.129246 -0.0791012 0.206654 0.129554 -0.0792045 0.206528 0.129866 -0.0792994 0.206411 0.133395 -0.0509802 0.178459 0.133744 -0.0509758 0.178453 0.130184 -0.0793856 0.206303 0.134091 -0.0509622 0.178457 0.130505 -0.079463 0.206205 0.134438 -0.0509395 0.17847 0.130787 -0.0507142 0.178821 0.131151 -0.0507846 0.178735 0.137632 -0.078267 0.205639 0.137282 -0.0783915 0.205528 0.131521 -0.0508446 0.178659 0.13794 -0.0781463 0.205748 0.131897 -0.0508938 0.178596 0.138242 -0.0780176 0.205865 0.132278 -0.0509322 0.178544 0.138537 -0.0778812 0.205991 0.132661 -0.0509594 0.178503 0.133047 -0.0509754 0.178475 0.138823 -0.0777375 0.206124 0.139101 -0.0775866 0.206265 0.139396 -0.0774128 0.206428 0.139681 -0.0772294 0.206601 0.139958 -0.0770367 0.206784 0.140223 -0.0768352 0.206976 0.136663 -0.0499436 0.201533 0.136298 -0.0498448 0.20161 0.135966 -0.0497651 0.201669 0.133142 -0.0494515 0.201793 0.132796 -0.0494553 0.201764 0.132451 -0.0494683 0.201725 0.13211 -0.0494904 0.201677 0.139895 -0.0483751 0.179538 0.139614 -0.0485622 0.179352 0.140164 -0.0481795 0.179733 0.140421 -0.0479759 0.179936 0.140643 -0.0477863 0.180126 0.127124 -0.0503669 0.198885 0.127395 -0.0501947 0.199095 0.140854 -0.047591 0.180322 0.126863 -0.0505477 0.198667 0.141053 -0.0473905 0.180523 0.126613 -0.0507365 0.19844 0.141242 -0.0471852 0.18073 0.126376 -0.0509329 0.198205 0.141419 -0.0469756 0.180941 0.126152 -0.0511362 0.197963 0.1416 -0.0467382 0.18118 0.125962 -0.0513247 0.197739 0.125783 -0.0515179 0.197511 0.125616 -0.0517154 0.197278 0.125461 -0.0519166 0.19704 0.140478 -0.0766254 0.207176 0.13563 -0.0496943 0.201718 0.139324 -0.0487403 0.179176 0.135292 -0.0496325 0.201758 0.134951 -0.0495799 0.201789 0.141768 -0.0464949 0.181425 0.134572 -0.0495321 0.201812 0.141922 -0.0462464 0.181676 0.134186 -0.0494951 0.201823 0.133838 -0.0494714 0.201823 0.13349 -0.0494568 0.201813 0.127677 -0.0500314 0.199294 0.125319 -0.0521212 0.1968 0.125178 -0.0523497 0.196532 0.132324 -0.0797296 0.20583 0.132708 -0.0797518 0.205788 0.133094 -0.0797626 0.205757 0.134781 -0.0509077 0.178493 0.135911 -0.0794923 0.205897 0.136279 -0.0794088 0.205965 0.135122 -0.0508669 0.178526 0.136644 -0.0793141 0.206045 0.135496 -0.0508113 0.178573 0.137942 -0.0501408 0.179202 0.138243 -0.0500162 0.179323 0.138537 -0.0498839 0.179452 0.13885 -0.0497306 0.179603 0.141145 -0.0759748 0.207802 0.14095 -0.0761829 0.207601 0.141329 -0.0757618 0.208007 0.141502 -0.0755443 0.208218 0.141662 -0.0753229 0.208432 0.14181 -0.075098 0.20865 0.141957 -0.0748475 0.208893 0.14209 -0.0745915 0.209142 0.142208 -0.0743305 0.209396 0.142311 -0.0740652 0.209655 0.142399 -0.0737961 0.209917 0.135867 -0.0507444 0.178632 0.136236 -0.0506662 0.178703 0.136602 -0.050577 0.178786 0.136963 -0.0504769 0.17888 0.137319 -0.0503661 0.178985 0.137633 -0.0502576 0.179089 0.133442 -0.0797626 0.205739 0.13379 -0.0797535 0.205731 0.134137 -0.0797352 0.205733 0.134483 -0.0797077 0.205744 0.134827 -0.0796711 0.205765 0.135167 -0.0796255 0.205795 0.13554 -0.0795646 0.20584 0.131772 -0.0495214 0.20162 0.131401 -0.0495663 0.201545 0.12869 -0.050274 0.200585 0.128402 -0.0503953 0.200432 0.128123 -0.0505238 0.200271 0.14072 -0.0764078 0.207385 0.127853 -0.0506592 0.200104 0.14247 -0.073524 0.210183 0.124843 -0.0530644 0.195696 0.12494 -0.052822 0.195979 0.124762 -0.0533103 0.195409 0.14227 -0.0455279 0.182403 0.142171 -0.0457619 0.182166 0.124698 -0.0535588 0.19512 0.124649 -0.0538092 0.194828 0.142355 -0.0452917 0.182642 0.124619 -0.0540357 0.194564 0.142428 -0.0450537 0.182883 0.124603 -0.0542627 0.1943 0.1246 -0.0544897 0.194036 0.142487 -0.0448146 0.183125 0.12461 -0.054716 0.193772 0.142533 -0.0445747 0.183368 0.124634 -0.0549412 0.19351 0.142568 -0.0443058 0.183641 0.142587 -0.0440355 0.183915 0.14259 -0.0437643 0.18419 0.142577 -0.0434931 0.184465 0.14255 -0.0432496 0.184712 0.131032 -0.0496224 0.201458 0.130666 -0.0496897 0.201359 0.130304 -0.0497678 0.201249 0.129947 -0.0498566 0.201128 0.129597 -0.0499559 0.200995 0.129288 -0.0500541 0.200867 0.128985 -0.0501602 0.20073 0.125051 -0.0525835 0.196258 0.14206 -0.0459932 0.181932 0.124676 -0.0551872 0.193224 0.124734 -0.055433 0.192937 0.142511 -0.0430071 0.184957 0.142458 -0.0427663 0.185201 0.137004 -0.0792085 0.206136 0.137359 -0.0790922 0.206239 0.137707 -0.0789655 0.206352 0.140017 -0.07772 0.207513 0.140281 -0.0775166 0.207707 0.140532 -0.077305 0.207909 0.142584 -0.0727522 0.210935 0.142561 -0.0730012 0.210692 0.142593 -0.072503 0.211178 0.142589 -0.0722542 0.211421 0.142572 -0.0720063 0.211663 0.142537 -0.0717359 0.211927 0.142486 -0.0714652 0.21219 0.142418 -0.0711951 0.212453 0.142334 -0.070926 0.212715 0.142234 -0.0706588 0.212974 0.142118 -0.0703941 0.213231 0.141518 -0.047581 0.18175 0.141693 -0.0473404 0.181992 0.141853 -0.0470943 0.182241 0.141999 -0.0468432 0.182495 0.139155 -0.0495673 0.179763 0.139451 -0.0493945 0.179934 0.139737 -0.0492125 0.180115 0.138014 -0.0788428 0.206463 0.138314 -0.0787122 0.206583 0.138607 -0.078574 0.20671 0.138891 -0.0784285 0.206845 0.139167 -0.078276 0.206988 0.13946 -0.0781001 0.207153 0.139744 -0.0779146 0.207328 0.127566 -0.0508168 0.19991 0.127288 -0.0509836 0.199707 0.140746 -0.0484235 0.180903 0.140952 -0.0482257 0.181101 0.141147 -0.0480229 0.181305 0.14133 -0.0478155 0.181514 0.140013 -0.0490217 0.180305 0.140277 -0.0488227 0.180503 0.14053 -0.0486158 0.18071 0.125563 -0.0525023 0.197895 0.125412 -0.0527047 0.197656 0.125274 -0.0529103 0.197415 0.125137 -0.0531404 0.197145 0.142525 -0.0732495 0.21045 0.125006 -0.0561627 0.192086 0.124899 -0.0559215 0.192368 0.141986 -0.0701326 0.213484 0.12513 -0.0564012 0.191807 0.125268 -0.0566361 0.191532 0.125406 -0.0568439 0.191288 0.125556 -0.0570478 0.191048 0.125717 -0.0572474 0.190813 0.12589 -0.057442 0.190583 0.126074 -0.0576314 0.190359 0.142223 -0.0420584 0.185919 0.142314 -0.0422914 0.185683 0.126289 -0.0578335 0.190119 0.142119 -0.0418289 0.186151 0.141987 -0.0415742 0.186409 0.14184 -0.0413229 0.186663 0.141678 -0.0410758 0.186912 0.141519 -0.0408575 0.187133 0.141348 -0.0406437 0.187348 0.12702 -0.0511592 0.199494 0.126763 -0.0513431 0.199272 0.126518 -0.0515349 0.199042 0.126286 -0.051734 0.198805 0.126088 -0.051919 0.198585 0.125901 -0.052109 0.198359 0.125726 -0.0523036 0.198129 0.142393 -0.0425275 0.185443 0.124809 -0.055678 0.192652 0.126519 -0.0580299 0.189885 0.126762 -0.0582202 0.189658 0.142129 -0.0465878 0.182753 0.142233 -0.0463548 0.182988 0.142589 -0.0443246 0.185045 0.142568 -0.0440807 0.185293 0.142534 -0.0438376 0.185539 0.142487 -0.0435959 0.185784 0.140772 -0.0770858 0.208119 0.140999 -0.0768594 0.208337 0.141192 -0.0766501 0.208539 0.142333 -0.0747323 0.210401 0.142417 -0.0744625 0.210664 0.142485 -0.0741898 0.21093 0.133632 -0.0746192 0.212251 0.142325 -0.0461195 0.183227 0.142403 -0.0458821 0.183467 0.142468 -0.0456434 0.183709 0.141554 -0.0694483 0.214145 0.14171 -0.0696724 0.213929 0.142519 -0.0454038 0.183951 0.141386 -0.0692289 0.214356 0.142561 -0.045137 0.184222 0.141207 -0.0690146 0.214561 0.142586 -0.044867 0.184496 0.140998 -0.0687855 0.21478 0.142596 -0.044596 0.18477 0.140775 -0.0685617 0.214994 0.140537 -0.0683436 0.215201 0.140286 -0.0681319 0.215401 0.140022 -0.0679271 0.215594 0.139745 -0.0677298 0.215779 0.139457 -0.0675405 0.215955 0.141373 -0.0764359 0.208746 0.141542 -0.0762175 0.208957 0.1417 -0.0759951 0.209173 0.141844 -0.0757694 0.209392 0.141989 -0.0755177 0.209636 0.142119 -0.0752606 0.209886 0.142234 -0.0749986 0.210141 0.125014 -0.0533756 0.19687 0.124907 -0.0536152 0.19659 0.124612 -0.0555123 0.19438 0.12464 -0.0557371 0.194118 0.124686 -0.0559832 0.193832 0.124749 -0.0562288 0.193545 0.127288 -0.0585802 0.189224 0.127019 -0.0584038 0.189437 0.127569 -0.0587488 0.189019 0.127862 -0.0589093 0.188822 0.128135 -0.0590462 0.188653 0.128415 -0.0591757 0.188492 0.128703 -0.0592976 0.188339 0.128997 -0.0594115 0.188195 0.129297 -0.0595171 0.188059 0.129635 -0.059624 0.18792 0.129982 -0.0597212 0.187791 0.141854 -0.0699006 0.213708 0.139189 -0.0673774 0.216106 0.138912 -0.0672216 0.216249 0.124815 -0.0538587 0.196305 0.124738 -0.0541054 0.196018 0.124678 -0.0543546 0.195727 0.124634 -0.0546055 0.195435 0.124609 -0.0548322 0.195171 0.124596 -0.0550593 0.194907 0.124598 -0.0552862 0.194643 0.142427 -0.0433562 0.186027 0.142354 -0.0431188 0.186268 0.142268 -0.0428843 0.186505 0.130337 -0.0598085 0.187672 0.130698 -0.0598855 0.187564 0.141043 -0.0410233 0.188385 0.140843 -0.0408235 0.188586 0.140633 -0.0406299 0.188781 0.140414 -0.0404427 0.188968 0.14217 -0.0426533 0.186739 0.142046 -0.0424009 0.186994 0.141906 -0.0421481 0.18725 0.141749 -0.0418991 0.187502 0.141577 -0.0416548 0.187749 0.141411 -0.0414393 0.187966 0.141232 -0.0412287 0.188178 0.142537 -0.073915 0.211198 0.142569 -0.0736665 0.21144 0.142588 -0.0734174 0.211683 0.14221 -0.0713255 0.21372 0.14209 -0.0710615 0.213976 0.141955 -0.0708008 0.214229 0.138337 -0.066933 0.216512 0.138628 -0.0670733 0.216385 0.13804 -0.0668008 0.21663 0.137706 -0.0666647 0.21675 0.137362 -0.0665381 0.21686 0.13701 -0.0664211 0.21696 0.136651 -0.0663143 0.217049 0.136286 -0.0662177 0.217127 0.135915 -0.0661318 0.217193 0.135539 -0.0660567 0.217248 0.135198 -0.0659986 0.217288 0.142595 -0.0731682 0.211926 0.142587 -0.0729196 0.212169 0.142566 -0.072672 0.21241 0.142528 -0.0724015 0.212674 0.140159 -0.0402428 0.189168 0.142473 -0.0721309 0.212937 0.139892 -0.0400498 0.189361 0.124828 -0.0564735 0.19326 0.142402 -0.0718609 0.2132 0.124923 -0.0567164 0.192977 0.142314 -0.0715922 0.213461 0.137464 -0.0388427 0.190551 0.137148 -0.0387394 0.190651 0.136828 -0.0386448 0.190741 0.126129 -0.0584168 0.190978 0.126348 -0.0586173 0.19074 0.136471 -0.0385509 0.190829 0.126582 -0.0588121 0.190508 0.126829 -0.0590006 0.190282 0.131439 -0.0600077 0.187381 0.131066 -0.0599519 0.187467 0.131779 -0.0600484 0.187313 0.132121 -0.0600802 0.187256 0.132465 -0.060103 0.187208 0.134855 -0.0659495 0.217318 0.13281 -0.0601165 0.187169 0.133155 -0.0601209 0.18714 0.1335 -0.0601162 0.187121 0.134511 -0.0659095 0.217338 0.133881 -0.0601001 0.187112 0.134264 -0.0600727 0.187114 0.134647 -0.060034 0.187128 0.139611 -0.039864 0.189546 0.139319 -0.039686 0.189724 0.139015 -0.0395162 0.189892 0.138701 -0.0393552 0.190051 0.138378 -0.0392033 0.1902 0.138079 -0.0390749 0.190326 0.137774 -0.0389546 0.190443 0.125035 -0.0569571 0.192695 0.125162 -0.0571946 0.192418 0.125305 -0.0574285 0.192143 0.125447 -0.0576352 0.191901 0.1256 -0.0578378 0.191662 0.125766 -0.0580359 0.191429 0.125942 -0.0582291 0.191201 0.136108 -0.0384673 0.190907 0.135737 -0.0383941 0.190974 0.135028 -0.0599839 0.187154 0.132823 -0.0381987 0.191099 0.132445 -0.0382214 0.191064 0.132068 -0.0382554 0.191018 0.131691 -0.0383008 0.19096 0.135361 -0.0383316 0.191029 0.14182 -0.0705698 0.214452 0.134981 -0.03828 0.191073 0.141673 -0.0703425 0.214671 0.134598 -0.0382395 0.191105 0.141514 -0.0701195 0.214886 0.134213 -0.0382103 0.191125 0.133865 -0.0381935 0.191133 0.133517 -0.0381861 0.191131 0.133169 -0.0381877 0.19112 0.139682 -0.0684123 0.216508 0.139392 -0.0682249 0.216683 0.139121 -0.0680636 0.216832 0.133821 -0.0658572 0.217349 0.134165 -0.0658787 0.217349 0.133439 -0.0658441 0.217339 0.133056 -0.0658423 0.217317 0.132673 -0.0658517 0.217282 0.13229 -0.0658722 0.217236 0.13191 -0.065904 0.217177 0.13157 -0.0659422 0.217115 0.131233 -0.0659892 0.217043 0.1309 -0.0660449 0.216962 0.130572 -0.0661094 0.216871 0.131317 -0.0383573 0.190889 0.130946 -0.0384249 0.190808 0.128366 -0.039264 0.189844 0.128057 -0.0394174 0.189671 0.127758 -0.03958 0.189489 0.127497 -0.0397338 0.189318 0.141344 -0.0699014 0.215096 0.141162 -0.0696884 0.2153 0.13058 -0.0385035 0.190714 0.14095 -0.0694605 0.215518 0.130254 -0.0385833 0.19062 0.140723 -0.0692379 0.21573 0.129934 -0.0386718 0.190518 0.140482 -0.0690212 0.215936 0.129619 -0.0387685 0.190406 0.127089 -0.0591823 0.190063 0.140228 -0.068811 0.216134 0.129311 -0.0388733 0.190286 0.127362 -0.0593566 0.189852 0.139961 -0.0686079 0.216325 0.129009 -0.038986 0.190158 0.128684 -0.03912 0.190006 0.129694 -0.0603713 0.188582 0.130042 -0.0604668 0.188454 0.130249 -0.0661823 0.216772 0.130398 -0.0605523 0.188337 0.129931 -0.0662635 0.216664 0.136082 -0.0597844 0.18729 0.135747 -0.0598579 0.187237 0.136414 -0.059702 0.187353 0.136741 -0.0596111 0.187425 0.137063 -0.0595118 0.187506 0.137378 -0.0594043 0.187595 0.137726 -0.0592739 0.187706 0.138032 -0.0591478 0.187815 0.138332 -0.059014 0.187932 0.138624 -0.0588725 0.188058 0.138908 -0.0587238 0.188191 0.127647 -0.0595231 0.189649 0.127246 -0.0398943 0.189139 0.127913 -0.0596658 0.189474 0.127005 -0.0400611 0.188954 0.128187 -0.0598013 0.189307 0.126774 -0.0402338 0.188762 0.128468 -0.0599294 0.189147 0.128757 -0.0600497 0.188996 0.129053 -0.060162 0.188853 0.129354 -0.0602661 0.188719 0.125258 -0.0419023 0.186924 0.125134 -0.0421202 0.186685 0.125022 -0.0423409 0.186443 0.124923 -0.042564 0.186199 0.126553 -0.040412 0.188565 0.126344 -0.0405954 0.188362 0.126124 -0.0408059 0.18813 0.125917 -0.0410233 0.18789 0.125723 -0.041247 0.187644 0.125544 -0.0414765 0.187392 0.125395 -0.0416875 0.18716 0.135408 -0.0599226 0.187192 0.139183 -0.0585681 0.188331 0.139448 -0.0584059 0.188478 0.138843 -0.0679097 0.216973 0.138557 -0.0677634 0.217106 0.138264 -0.067625 0.217231 0.135492 -0.0667737 0.217944 0.13515 -0.0667168 0.217982 0.134807 -0.066669 0.21801 0.124838 -0.0427889 0.185952 0.134463 -0.0666303 0.218029 0.124766 -0.0430151 0.185704 0.1247 -0.0432732 0.185422 0.124674 -0.0449926 0.183541 0.124725 -0.0452231 0.183289 0.12465 -0.0435329 0.185138 0.124616 -0.0437939 0.184852 0.1246 -0.0440294 0.184594 0.124597 -0.0442655 0.184336 0.124608 -0.0445016 0.184078 0.124635 -0.0447606 0.183795 0.137966 -0.0674949 0.217347 0.137629 -0.0673609 0.217465 0.137284 -0.0672365 0.217573 0.13693 -0.0671218 0.21767 0.13657 -0.0670172 0.217756 0.136203 -0.0669231 0.217832 0.135831 -0.0668396 0.217896 0.128908 -0.0665956 0.216238 0.129242 -0.0664748 0.21639 0.128615 -0.0667126 0.216091 0.128329 -0.0668372 0.215937 0.128051 -0.0669691 0.215775 0.127782 -0.0671079 0.215605 0.127523 -0.0672534 0.215429 0.127273 -0.0674051 0.215246 0.127033 -0.0675629 0.215056 0.12678 -0.0677446 0.214839 0.126535 -0.0679365 0.214611 0.134331 -0.0607964 0.187801 0.134714 -0.0607556 0.187817 0.135095 -0.0607036 0.187845 0.130762 -0.0606274 0.188231 0.131131 -0.060692 0.188136 0.131505 -0.0607458 0.188052 0.140269 -0.0578163 0.189022 0.140006 -0.0580217 0.188831 0.140521 -0.0576026 0.189221 0.14076 -0.0573816 0.189427 0.140987 -0.0571533 0.189642 0.1412 -0.0569182 0.189863 0.141381 -0.0567013 0.190068 0.141549 -0.0564799 0.190278 0.141706 -0.0562545 0.190492 0.129583 -0.066364 0.216532 0.141851 -0.0560255 0.19071 0.126302 -0.0681359 0.214374 0.126082 -0.068342 0.214131 0.132187 -0.0608149 0.187931 0.132531 -0.0608359 0.187885 0.132876 -0.0608477 0.187848 0.133222 -0.0608503 0.187821 0.133566 -0.0608438 0.187804 0.133949 -0.0608257 0.187797 0.131845 -0.0607849 0.187987 0.139732 -0.0582183 0.18865 0.141983 -0.0557935 0.190931 0.142102 -0.0555589 0.191155 0.134117 -0.0666009 0.218038 0.133773 -0.0665807 0.218038 0.130854 -0.0667791 0.217639 0.130526 -0.0668448 0.217547 0.130204 -0.0669188 0.217446 0.129887 -0.0670012 0.217337 0.133391 -0.066569 0.218026 0.133007 -0.0665685 0.218002 0.132624 -0.0665793 0.217966 0.132242 -0.0666013 0.217918 0.131862 -0.0666345 0.217858 0.131523 -0.0666739 0.217795 0.131186 -0.0667221 0.217721 0.125558 -0.068928 0.213442 0.125721 -0.0687284 0.213676 0.125408 -0.0691313 0.213204 0.135474 -0.0606404 0.187885 0.12527 -0.0693377 0.212962 0.135813 -0.0605739 0.187931 0.125145 -0.0695469 0.212718 0.136148 -0.0604987 0.187987 0.125033 -0.0697583 0.212471 0.124924 -0.0699965 0.212194 0.12483 -0.0702387 0.211912 0.124752 -0.0704845 0.211626 0.124689 -0.0707331 0.211337 0.124642 -0.0709837 0.211046 0.138681 -0.0595739 0.188768 0.138963 -0.0594238 0.188903 0.139237 -0.0592668 0.189045 0.139501 -0.0591032 0.189193 0.142559 -0.0539874 0.192661 0.142519 -0.0542652 0.192394 0.142584 -0.0537085 0.192929 0.142592 -0.0534571 0.19317 0.142586 -0.0532059 0.193412 0.142568 -0.0529554 0.193652 0.142535 -0.0527064 0.193891 0.142389 -0.0548142 0.191867 0.1423 -0.0550841 0.191609 0.142462 -0.0545411 0.192129 0.125896 -0.0685329 0.213906 0.124612 -0.0712358 0.210753 0.136479 -0.0604147 0.188052 0.136805 -0.0603221 0.188125 0.137126 -0.0602212 0.188208 0.13744 -0.0601121 0.188299 0.137787 -0.0599798 0.188412 0.138092 -0.0598522 0.188522 0.13839 -0.0597168 0.188641 0.14249 -0.0524592 0.194129 0.142432 -0.0522143 0.194364 0.142208 -0.0553223 0.191381 0.12954 -0.067103 0.217204 0.129199 -0.0672151 0.217061 0.128866 -0.0673372 0.216907 0.126748 -0.0684938 0.215501 0.126504 -0.0686866 0.215271 0.126273 -0.0688869 0.215034 0.126055 -0.0690939 0.214789 0.128574 -0.0674553 0.216759 0.128289 -0.067581 0.216604 0.128013 -0.0677138 0.216441 0.127745 -0.0678536 0.21627 0.127486 -0.068 0.216093 0.127238 -0.0681527 0.215909 0.127 -0.0683112 0.215718 0.139783 -0.0589143 0.189367 0.140054 -0.0587162 0.189549 0.141738 -0.05694 0.191219 0.14188 -0.0567104 0.191438 0.14201 -0.0564778 0.19166 0.142127 -0.0562427 0.191884 0.124613 -0.0719174 0.20996 0.1246 -0.0716906 0.210224 0.12464 -0.0721431 0.209698 0.124685 -0.0723888 0.209412 0.124747 -0.0726341 0.209126 0.124825 -0.0728784 0.208841 0.142144 -0.0514126 0.195132 0.142256 -0.0516781 0.194878 0.124919 -0.073121 0.208558 0.142015 -0.0511496 0.195383 0.125029 -0.0733613 0.208277 0.141871 -0.05089 0.195631 0.141712 -0.0506344 0.195874 0.125155 -0.0735986 0.207999 0.141556 -0.0504084 0.196089 0.125297 -0.0738322 0.207725 0.141388 -0.0501867 0.1963 0.125438 -0.0740387 0.207482 0.141208 -0.0499698 0.196505 0.141018 -0.0497583 0.196705 0.140817 -0.0495526 0.196898 0.140316 -0.0585095 0.189741 0.140565 -0.0582945 0.189941 0.124599 -0.0714632 0.210488 0.140803 -0.0580722 0.190149 0.141027 -0.0578426 0.190365 0.141238 -0.0576064 0.190588 0.12559 -0.0742411 0.207244 0.125754 -0.0744391 0.20701 0.141417 -0.0573885 0.190794 0.141584 -0.0571662 0.191004 0.142352 -0.0519456 0.194622 0.140584 -0.0493333 0.197104 0.140337 -0.0491202 0.197303 0.12587 -0.0692854 0.214564 0.125697 -0.0694815 0.214333 0.125536 -0.0696817 0.214098 0.124681 -0.07149 0.21199 0.124637 -0.0717408 0.211699 0.124609 -0.071993 0.211406 0.14223 -0.0560057 0.192111 0.142329 -0.0557405 0.192364 0.142567 -0.0536367 0.194384 0.142533 -0.0533879 0.194623 0.142485 -0.053141 0.19486 0.142425 -0.0528965 0.195095 0.126158 -0.0748589 0.206512 0.125949 -0.0746516 0.206758 0.126381 -0.0750603 0.206271 0.126618 -0.0752553 0.206038 0.139803 -0.0487141 0.19768 0.140076 -0.0489136 0.197495 0.126867 -0.0754432 0.205811 0.139518 -0.0485223 0.197856 0.127102 -0.075606 0.205614 0.139222 -0.0483388 0.198024 0.138946 -0.048181 0.198167 0.127347 -0.0757622 0.205424 0.138662 -0.0480306 0.198302 0.127601 -0.0759117 0.205241 0.138371 -0.0478879 0.198429 0.127863 -0.0760539 0.205066 0.138074 -0.0477533 0.198548 0.128133 -0.0761887 0.204898 0.13774 -0.0476149 0.198668 0.128444 -0.0763307 0.20472 0.137397 -0.047486 0.198779 0.137046 -0.0473669 0.198879 0.125387 -0.0698855 0.21386 0.125251 -0.0700924 0.213618 0.125128 -0.0703019 0.213373 0.125018 -0.0705136 0.213126 0.124911 -0.0707523 0.212848 0.124818 -0.070995 0.212566 0.124742 -0.0712411 0.212279 0.142414 -0.0554697 0.192624 0.142483 -0.0551957 0.192887 0.142536 -0.0549192 0.193152 0.142572 -0.0546409 0.193419 0.142591 -0.0543897 0.193661 0.142596 -0.0541382 0.193903 0.142588 -0.053887 0.194144 0.136687 -0.0472579 0.198968 0.128765 -0.0764638 0.204551 0.129096 -0.0765873 0.204392 0.125315 -0.0745874 0.20838 0.125457 -0.0747934 0.208138 0.125611 -0.0749953 0.2079 0.125777 -0.0751926 0.207667 0.124598 -0.0722205 0.211141 0.1246 -0.0724478 0.210877 0.124615 -0.0726746 0.210613 0.142342 -0.0526279 0.195352 0.142243 -0.0523607 0.195608 0.125043 -0.0741175 0.208931 0.125171 -0.0743544 0.208654 0.140987 -0.0504462 0.19743 0.140784 -0.0502415 0.197622 0.140548 -0.0500232 0.197827 0.140299 -0.049811 0.198025 0.124644 -0.0729001 0.210351 0.124691 -0.0731458 0.210065 0.124755 -0.073391 0.209779 0.124834 -0.0736352 0.209495 0.124931 -0.0738775 0.209212 0.135616 -0.0470018 0.199163 0.135953 -0.0470715 0.199113 0.135276 -0.046941 0.199204 0.134934 -0.0468894 0.199235 0.134592 -0.0468469 0.199257 0.134248 -0.0468137 0.199269 0.133865 -0.0467875 0.199271 0.13348 -0.0467725 0.199261 0.133094 -0.0467688 0.19924 0.132709 -0.0467764 0.199206 0.132364 -0.0467929 0.199165 0.130027 -0.0768711 0.204015 0.129711 -0.0767849 0.204131 0.130348 -0.0769488 0.203907 0.130672 -0.0770176 0.203808 0.131 -0.0770775 0.203719 0.131331 -0.0771283 0.20364 0.1317 -0.0771741 0.203563 0.132078 -0.0772096 0.203496 0.13246 -0.0772339 0.203441 0.132845 -0.0772471 0.203398 0.133231 -0.0772489 0.203367 0.142128 -0.0520954 0.195862 0.141997 -0.051833 0.196113 0.141851 -0.0515739 0.19636 0.141689 -0.051319 0.196603 0.14153 -0.0510936 0.196817 0.14136 -0.0508728 0.197027 0.141179 -0.0506568 0.197231 0.136323 -0.0471594 0.199046 0.132021 -0.0468184 0.199115 0.131681 -0.046853 0.199056 0.1294 -0.0766902 0.204257 0.13358 -0.0772408 0.203349 0.125973 -0.0754046 0.207416 0.126184 -0.0756112 0.20717 0.12817 -0.0769339 0.205564 0.128482 -0.0770748 0.205386 0.128805 -0.0772068 0.205219 0.129136 -0.0773292 0.205061 0.126409 -0.0758118 0.20693 0.126647 -0.076006 0.206697 0.126898 -0.0761931 0.206472 0.127135 -0.076355 0.206276 0.127381 -0.0765103 0.206087 0.127636 -0.0766588 0.205904 0.127899 -0.0768001 0.20573 0.136773 -0.0767167 0.20365 0.13641 -0.0768202 0.203571 0.137131 -0.0766023 0.203741 0.137484 -0.0764773 0.203842 0.140037 -0.0496054 0.198216 0.137795 -0.076356 0.203943 0.139761 -0.0494071 0.198399 0.137343 -0.04819 0.199487 0.136991 -0.0480724 0.199585 0.136631 -0.0479651 0.199673 0.131012 -0.0469487 0.198909 0.131345 -0.0468965 0.198987 0.13462 -0.0771616 0.203352 0.134274 -0.0771972 0.203341 0.130685 -0.0470096 0.198822 0.134962 -0.077117 0.203373 0.130327 -0.0470872 0.198714 0.135301 -0.0770635 0.203403 0.129971 -0.0471763 0.198595 0.135672 -0.0769938 0.203447 0.129621 -0.0472759 0.198464 0.136043 -0.0769126 0.203503 0.129278 -0.0473858 0.198323 0.128975 -0.0474933 0.198186 0.12868 -0.0476086 0.198041 0.128393 -0.0477313 0.197889 0.128113 -0.0478613 0.197729 0.1381 -0.0762265 0.204052 0.138398 -0.0760893 0.20417 0.139474 -0.0492166 0.198574 0.139176 -0.0490344 0.198741 0.138899 -0.0488779 0.198883 0.138614 -0.0487288 0.199016 0.138322 -0.0485875 0.199142 0.138023 -0.0484543 0.199259 0.137688 -0.0483174 0.199378 0.133928 -0.0772236 0.20334 0.127843 -0.0479982 0.197562 0.127582 -0.0481418 0.197387 0.129442 -0.077431 0.204928 0.129753 -0.0775246 0.204803 0.13007 -0.0776097 0.204687 0.132891 -0.0779754 0.204082 0.133239 -0.0779763 0.204054 0.133588 -0.077968 0.204036 0.136266 -0.0478682 0.199749 0.135895 -0.047782 0.199814 0.135557 -0.0477138 0.199863 0.13261 -0.0475035 0.199887 0.132266 -0.0475225 0.199844 0.131923 -0.0475507 0.199791 0.138997 -0.0757773 0.204442 0.138688 -0.0759445 0.204295 0.139297 -0.0756003 0.204598 0.139588 -0.0754138 0.204765 0.139869 -0.0752181 0.20494 0.140139 -0.0750139 0.205125 0.140398 -0.0748014 0.205319 0.140644 -0.0745814 0.20552 0.140855 -0.0743774 0.205707 0.141055 -0.074168 0.2059 0.141243 -0.0739539 0.206098 0.135217 -0.0476547 0.199902 0.134875 -0.0476046 0.199932 0.134532 -0.0475638 0.199952 0.13415 -0.0475292 0.199963 0.133766 -0.0475059 0.199962 0.133381 -0.0474938 0.199949 0.130391 -0.0776862 0.204581 0.132995 -0.047493 0.199924 0.130716 -0.0777538 0.204483 0.131045 -0.0778125 0.204396 0.131376 -0.0778621 0.204317 0.131745 -0.0779065 0.204242 0.132124 -0.0779406 0.204177 0.132506 -0.0779636 0.204123 0.126807 -0.0486481 0.19678 0.127065 -0.0484648 0.196999 0.126561 -0.0488395 0.196553 0.126327 -0.0490383 0.196317 0.126105 -0.049244 0.196075 0.125918 -0.0494347 0.195851 0.125742 -0.04963 0.195622 0.125578 -0.0498295 0.195388 0.125426 -0.0500328 0.195151 0.125287 -0.0502393 0.194911 0.125161 -0.0504486 0.194667 0.141438 -0.0737117 0.206323 0.127332 -0.0482915 0.197207 0.125047 -0.0506603 0.194421 0.124936 -0.0508986 0.194145 0.131584 -0.0475878 0.199729 0.133936 -0.0779506 0.204028 0.131249 -0.0476338 0.199657 0.134282 -0.0779239 0.20403 0.130917 -0.0476885 0.199577 0.134628 -0.0778882 0.204041 0.128311 -0.0484906 0.198537 0.128035 -0.0486226 0.198374 0.137491 -0.0772021 0.204532 0.137802 -0.0770806 0.204633 0.127767 -0.0487614 0.198205 0.138107 -0.076951 0.204743 0.127509 -0.0489067 0.198029 0.138405 -0.0768136 0.20486 0.141938 -0.0729498 0.207034 0.141786 -0.073209 0.206791 0.142062 -0.0727127 0.207255 0.142173 -0.0724726 0.207481 0.142272 -0.0722299 0.207708 0.142357 -0.0719852 0.207938 0.142429 -0.0717389 0.20817 0.142488 -0.0714915 0.208402 0.142538 -0.0712161 0.208662 0.142572 -0.0709355 0.208926 0.14259 -0.0706538 0.209191 0.130591 -0.0477519 0.199487 0.130236 -0.047832 0.199377 0.129881 -0.0479238 0.199255 0.129532 -0.0480261 0.199121 0.129191 -0.0481386 0.198977 0.12889 -0.0482483 0.198838 0.128597 -0.0483657 0.198691 0.124696 -0.0516363 0.193291 0.124761 -0.0513873 0.193579 0.124648 -0.0518876 0.193 0.13497 -0.0778434 0.204061 0.124616 -0.0521403 0.192709 0.135309 -0.0777897 0.204092 0.124602 -0.0523685 0.192445 0.13568 -0.0777197 0.204136 0.124601 -0.0525967 0.192182 0.13605 -0.0776383 0.204192 0.124613 -0.0528244 0.191919 0.136417 -0.0775457 0.20426 0.124638 -0.0530511 0.191657 0.13678 -0.077442 0.20434 0.124682 -0.0532976 0.191372 0.137139 -0.0773273 0.204431 0.124741 -0.0535439 0.191087 0.141619 -0.0734632 0.206554 0.142592 -0.0703999 0.20943 0.142581 -0.0701462 0.209669 0.12484 -0.0511412 0.193864 0.124817 -0.0537894 0.190803 0.12491 -0.0540333 0.190521 0.138695 -0.0766686 0.204986 0.139003 -0.0765012 0.205133 0.14106 -0.0748909 0.206593 0.141248 -0.0746766 0.206791 0.141442 -0.0744343 0.207016 0.141623 -0.0741856 0.207247 0.127261 -0.0490582 0.197847 0.126997 -0.0492333 0.197637 0.126742 -0.0494186 0.197416 0.125247 -0.0510209 0.195535 0.125124 -0.051231 0.195291 0.125015 -0.0514433 0.195044 0.124907 -0.0516827 0.194766 0.139303 -0.076324 0.20529 0.139594 -0.0761373 0.205456 0.139875 -0.0759415 0.205632 0.140145 -0.0757371 0.205817 0.140403 -0.0755246 0.206011 0.140649 -0.0753044 0.206212 0.14086 -0.0751003 0.2064 0.142468 -0.069392 0.210378 0.142519 -0.0696417 0.210144 0.142404 -0.0691446 0.210611 0.142328 -0.0689001 0.21084 0.125143 -0.0545139 0.189964 0.125019 -0.0542751 0.190241 0.142228 -0.0686322 0.211091 0.125283 -0.0547493 0.18969 0.142111 -0.0683642 0.211341 0.125423 -0.0549574 0.189448 0.141978 -0.068099 0.211589 0.125574 -0.0551617 0.18921 0.141829 -0.0678372 0.211832 0.125737 -0.0553616 0.188976 0.141666 -0.0675796 0.212071 0.125912 -0.0555566 0.188748 0.141506 -0.0673519 0.212282 0.126117 -0.0557654 0.188503 0.141334 -0.0671287 0.212488 0.126336 -0.0559687 0.188264 0.12657 -0.056166 0.188031 0.126817 -0.0563567 0.187805 0.126499 -0.0496119 0.197186 0.126267 -0.0498125 0.196949 0.12605 -0.05002 0.196705 0.125865 -0.050212 0.196479 0.125692 -0.0504086 0.196249 0.125532 -0.0506092 0.196015 0.125383 -0.0508135 0.195776 0.142557 -0.0698933 0.209907 0.141151 -0.0669104 0.212689 0.127076 -0.0565403 0.187586 0.12732 -0.056699 0.187396 0.14179 -0.0739314 0.207484 0.141942 -0.073672 0.207727 0.142574 -0.0716573 0.20962 0.142592 -0.0713755 0.209885 0.142594 -0.0711216 0.210124 0.142582 -0.0708678 0.210363 0.142065 -0.0734349 0.207949 0.142176 -0.0731947 0.208174 0.142274 -0.0729519 0.208402 0.14236 -0.0727071 0.208632 0.124815 -0.0519263 0.194484 0.142432 -0.0724608 0.208863 0.124739 -0.0521732 0.194199 0.14249 -0.0722135 0.209096 0.14254 -0.0719379 0.209355 0.12469 -0.0540846 0.19199 0.124754 -0.0543308 0.191706 0.140539 -0.0662898 0.213255 0.140753 -0.0664905 0.213072 0.124834 -0.054576 0.191422 0.140291 -0.0660756 0.213448 0.124931 -0.0548196 0.19114 0.14003 -0.0658678 0.213635 0.139756 -0.065667 0.213813 0.13947 -0.0654736 0.213984 0.139172 -0.0652881 0.214147 0.138863 -0.0651112 0.2143 0.127836 -0.0569962 0.187038 0.127574 -0.0568511 0.187213 0.138544 -0.0649432 0.214444 0.128106 -0.0571342 0.18687 0.13825 -0.0648 0.214564 0.128384 -0.0572645 0.18671 0.137948 -0.0646648 0.214677 0.128701 -0.0574001 0.186542 0.129028 -0.0575268 0.186384 0.129364 -0.057644 0.186236 0.129708 -0.0577514 0.186097 0.13006 -0.0578487 0.18597 0.130382 -0.0579273 0.185865 0.130708 -0.0579973 0.185768 0.124679 -0.0524229 0.19391 0.124635 -0.0526746 0.193619 0.124607 -0.0529277 0.193327 0.124596 -0.0531559 0.193063 0.124598 -0.0533841 0.1928 0.124614 -0.0536116 0.192537 0.124643 -0.053838 0.192275 0.131038 -0.0580585 0.185682 0.131371 -0.0581108 0.185604 0.140957 -0.0666975 0.212884 0.137641 -0.0645379 0.21478 0.137298 -0.0644086 0.214884 0.142557 -0.0706149 0.210601 0.142519 -0.0703633 0.210838 0.142468 -0.0701136 0.211072 0.141503 -0.0680741 0.212975 0.141331 -0.0678509 0.213181 0.141148 -0.0676327 0.213382 0.140954 -0.06742 0.213577 0.125043 -0.0550607 0.190861 0.125172 -0.0552988 0.190584 0.126625 -0.0569413 0.188662 0.126875 -0.0571304 0.188437 0.127138 -0.0573122 0.188221 0.136588 -0.0641793 0.215058 0.136947 -0.064289 0.214976 0.136223 -0.06408 0.215129 0.135852 -0.0639913 0.215189 0.135476 -0.0639134 0.215237 0.135135 -0.0638527 0.21527 0.134792 -0.063801 0.215294 0.134447 -0.0637584 0.215308 0.134102 -0.063725 0.215313 0.133719 -0.0636988 0.215306 0.125316 -0.0555332 0.190312 0.133334 -0.0636837 0.215288 0.125458 -0.0557404 0.190071 0.125613 -0.0559436 0.189834 0.125779 -0.0561422 0.189602 0.125956 -0.0563359 0.189375 0.126165 -0.0565435 0.189131 0.126388 -0.0567454 0.188893 0.142404 -0.0698662 0.211305 0.132419 -0.0582153 0.185426 0.132044 -0.058188 0.185479 0.142327 -0.0696217 0.211534 0.132804 -0.0582319 0.185383 0.142227 -0.0693539 0.211784 0.13319 -0.0582373 0.185353 0.14211 -0.069086 0.212035 0.133538 -0.0582325 0.185336 0.141977 -0.0688209 0.212282 0.133886 -0.0582185 0.185328 0.141828 -0.0685592 0.212526 0.134233 -0.0581954 0.18533 0.141664 -0.0683017 0.212765 0.134578 -0.0581632 0.185342 0.134921 -0.0581219 0.185364 0.13526 -0.0580717 0.185395 0.135633 -0.0580057 0.18544 0.132949 -0.0636799 0.215257 0.132565 -0.0636873 0.215215 0.131707 -0.0581539 0.185537 0.136003 -0.0579284 0.185497 0.13637 -0.0578398 0.185566 0.14075 -0.0672131 0.213765 0.140536 -0.0670124 0.213948 0.138245 -0.065524 0.215256 0.137943 -0.0653889 0.215368 0.137636 -0.0652621 0.215472 0.137293 -0.065133 0.215575 0.127385 -0.0574692 0.188032 0.12764 -0.0576195 0.187852 0.127905 -0.0577628 0.187678 0.13043 -0.058668 0.186534 0.130757 -0.0587367 0.18644 0.131088 -0.0587965 0.186354 0.131421 -0.0588474 0.186279 0.128177 -0.0578987 0.187512 0.128457 -0.058027 0.187355 0.140288 -0.0667984 0.214141 0.128776 -0.0581603 0.187189 0.140026 -0.0665907 0.214327 0.129105 -0.0582848 0.187033 0.139752 -0.06639 0.214506 0.129443 -0.0583998 0.186887 0.139465 -0.0661968 0.214677 0.129789 -0.0585048 0.186751 0.139167 -0.0660115 0.214839 0.130107 -0.0585906 0.186639 0.138858 -0.0658347 0.214992 0.138539 -0.0656669 0.215135 0.137093 -0.0576298 0.185739 0.136734 -0.0577403 0.185647 0.137446 -0.0575088 0.185842 0.137792 -0.0573774 0.185956 0.138097 -0.0572506 0.186068 0.138395 -0.0571161 0.186188 0.138685 -0.056974 0.186316 0.138967 -0.0568247 0.186451 0.139241 -0.0566686 0.186594 0.139504 -0.0565059 0.186744 0.139786 -0.0563178 0.186918 0.13154 -0.0637631 0.215041 0.131879 -0.0637288 0.215109 0.131205 -0.0638062 0.214965 0.130875 -0.063858 0.214879 0.13055 -0.0639183 0.214784 0.130195 -0.0639951 0.214669 0.12984 -0.0640834 0.21454 0.129493 -0.0641821 0.214401 0.129152 -0.0642909 0.214251 0.128853 -0.0643972 0.214107 0.12856 -0.0645112 0.213955 0.140057 -0.0561206 0.187102 0.140318 -0.0559147 0.187295 0.132221 -0.0637036 0.215167 0.128276 -0.0646325 0.213795 0.133713 -0.0644248 0.215996 0.133328 -0.0644099 0.215977 0.132943 -0.0644062 0.215947 0.132559 -0.0644138 0.215904 0.136941 -0.0650135 0.215667 0.136582 -0.064904 0.215749 0.136217 -0.0648049 0.21582 0.135846 -0.0647163 0.215879 0.13547 -0.0646386 0.215927 0.135129 -0.064578 0.215961 0.134786 -0.0645265 0.215984 0.134441 -0.0644841 0.215998 0.134096 -0.0644509 0.216002 0.131757 -0.0588893 0.186212 0.132094 -0.058922 0.186156 0.132476 -0.0589481 0.186104 0.135317 -0.058792 0.186086 0.135689 -0.0587244 0.186133 0.136059 -0.0586454 0.186192 0.136426 -0.0585552 0.186263 0.127477 -0.0650378 0.213272 0.127734 -0.0648962 0.213453 0.127231 -0.0651856 0.213084 0.126969 -0.0653564 0.212869 0.140805 -0.0554787 0.187707 0.140568 -0.0557006 0.187497 0.14103 -0.0552498 0.187924 0.126715 -0.0655375 0.212642 0.14122 -0.0550382 0.188125 0.126473 -0.0657265 0.212407 0.1414 -0.0548218 0.188331 0.126243 -0.0659226 0.212164 0.141567 -0.0546011 0.188542 0.126027 -0.0661255 0.211914 0.141723 -0.0543766 0.188757 0.125844 -0.0663133 0.211683 0.141866 -0.0541487 0.188976 0.125673 -0.0665055 0.211448 0.142008 -0.0538944 0.18922 0.125514 -0.0667018 0.211208 0.142135 -0.053635 0.18947 0.142248 -0.0533708 0.189725 0.132861 -0.058963 0.186063 0.133248 -0.0589667 0.186034 0.133596 -0.0589603 0.186019 0.133944 -0.0589448 0.186013 0.134291 -0.0589202 0.186017 0.134636 -0.0588864 0.18603 0.134979 -0.0588437 0.186053 0.128 -0.064761 0.213628 0.125367 -0.0669016 0.210965 0.142345 -0.0531027 0.189984 0.125233 -0.0671044 0.210718 0.132215 -0.0644302 0.215856 0.131873 -0.0644557 0.215798 0.131534 -0.0644901 0.21573 0.128847 -0.0651255 0.214794 0.128555 -0.0652396 0.214642 0.128271 -0.0653611 0.214482 0.127995 -0.0654897 0.214315 0.124889 -0.0677754 0.209906 0.124992 -0.0675407 0.21019 0.1248 -0.0680141 0.209618 0.124727 -0.068256 0.209326 0.12467 -0.0685004 0.209032 0.12463 -0.0687467 0.208735 0.124606 -0.0689941 0.208437 0.136789 -0.058454 0.186345 0.124598 -0.0692171 0.208168 0.137147 -0.0583419 0.186439 0.124604 -0.0694398 0.2079 0.124622 -0.0696618 0.207632 0.13952 -0.0572261 0.187438 0.139802 -0.0570375 0.187613 0.140073 -0.0568399 0.187797 0.140333 -0.0566335 0.187991 0.125112 -0.0673098 0.210469 0.142541 -0.0522811 0.190778 0.142492 -0.0525571 0.190511 0.142571 -0.0520317 0.191019 0.142588 -0.0517819 0.191261 0.142592 -0.0515322 0.191503 0.14258 -0.0512586 0.191768 0.142552 -0.0509845 0.192033 0.142507 -0.0507105 0.192298 0.142446 -0.0504372 0.192563 0.142369 -0.0501655 0.192825 0.142275 -0.0498961 0.193085 0.131199 -0.0645333 0.215653 0.130869 -0.0645852 0.215567 0.130544 -0.0646457 0.215472 0.130189 -0.0647227 0.215357 0.129835 -0.0648111 0.215228 0.129487 -0.06491 0.215089 0.129146 -0.065019 0.214939 0.124655 -0.0698825 0.207366 0.1247 -0.0701014 0.207102 0.137499 -0.0582193 0.186544 0.13781 -0.0581001 0.186647 0.138115 -0.0579729 0.18676 0.138413 -0.0578379 0.18688 0.138703 -0.0576954 0.187008 0.138984 -0.0575457 0.187144 0.139257 -0.0573891 0.187287 0.142426 -0.0528312 0.190246 0.142178 -0.049656 0.193317 0.127729 -0.0656251 0.21414 0.127472 -0.0657669 0.213959 0.125669 -0.0672357 0.212133 0.12551 -0.0674321 0.211894 0.125363 -0.067632 0.21165 0.12523 -0.0678349 0.211404 0.124847 -0.0705778 0.206526 0.124765 -0.07034 0.206814 0.124945 -0.070814 0.20624 0.125059 -0.071048 0.205956 0.125189 -0.0712791 0.205674 0.125335 -0.0715067 0.205397 0.125497 -0.07173 0.205123 0.125654 -0.0719269 0.204882 0.125824 -0.0721192 0.204645 0.140582 -0.056419 0.188193 0.126004 -0.0723066 0.204413 0.140819 -0.0561968 0.188403 0.126196 -0.0724887 0.204187 0.142145 -0.0543509 0.190169 0.142256 -0.0540866 0.190423 0.142353 -0.0538182 0.190682 0.14181 -0.0489553 0.193992 0.141944 -0.0491851 0.193771 0.141663 -0.0487297 0.194208 0.141485 -0.0484836 0.194444 0.141293 -0.0482423 0.194675 0.141087 -0.0480064 0.1949 0.140866 -0.0477766 0.195119 0.140657 -0.0475754 0.195309 0.140436 -0.04738 0.195494 0.140206 -0.0471908 0.195672 0.139967 -0.0470083 0.195843 0.127225 -0.0659148 0.213771 0.126964 -0.0660857 0.213555 0.12671 -0.0662671 0.213328 0.126468 -0.0664561 0.213093 0.126239 -0.0666525 0.21285 0.126023 -0.0668555 0.2126 0.12584 -0.0670434 0.212369 0.141043 -0.0559675 0.18862 0.141233 -0.0557556 0.188822 0.141412 -0.055539 0.189028 0.141579 -0.055318 0.18924 0.141734 -0.0550933 0.189455 0.141876 -0.0548652 0.189674 0.142018 -0.0546107 0.189919 0.126418 -0.0726816 0.203946 0.126655 -0.0728686 0.203711 0.142067 -0.0494189 0.193546 0.139719 -0.0468328 0.196007 0.139462 -0.0466645 0.196163 0.125109 -0.0680404 0.211155 0.12499 -0.0682712 0.210875 0.124603 -0.0701707 0.208585 0.124622 -0.0703928 0.208317 0.124654 -0.0706135 0.208051 0.1247 -0.0708324 0.207787 0.127168 -0.0732228 0.203262 0.126905 -0.0730492 0.203483 0.127444 -0.073389 0.203048 0.127731 -0.0735472 0.202843 0.12803 -0.0736969 0.202647 0.128307 -0.0738241 0.202478 0.128592 -0.0739437 0.202317 0.128884 -0.0740555 0.202165 0.14237 -0.0508804 0.193525 0.142276 -0.0506109 0.193785 0.129183 -0.0741591 0.202021 0.12952 -0.074264 0.201872 0.142177 -0.050371 0.194017 0.129865 -0.0743591 0.201733 0.142434 -0.0535466 0.190945 0.142498 -0.0532723 0.19121 0.142547 -0.0529962 0.191477 0.13886 -0.0463149 0.196485 0.139168 -0.0464865 0.196328 0.138542 -0.0461522 0.196633 0.138214 -0.0459988 0.196771 0.137912 -0.045869 0.196886 0.137604 -0.0457473 0.196993 0.13729 -0.0456341 0.197091 0.136971 -0.0455295 0.19718 0.136649 -0.0454337 0.19726 0.136322 -0.0453469 0.197331 0.135994 -0.0452692 0.197392 0.124886 -0.0685061 0.210591 0.124798 -0.0687448 0.210303 0.124725 -0.0689867 0.210011 0.124669 -0.0692312 0.209716 0.124628 -0.0694775 0.20942 0.124604 -0.0697249 0.209122 0.124597 -0.069948 0.208853 0.142448 -0.051152 0.193262 0.142577 -0.0527468 0.191719 0.142593 -0.0524969 0.19196 0.142596 -0.0522473 0.192202 0.142583 -0.0519736 0.192467 0.142555 -0.0516993 0.192733 0.142509 -0.0514253 0.192998 0.130218 -0.0744442 0.201605 0.135626 -0.0451936 0.197448 0.135249 -0.045128 0.197494 0.124765 -0.071071 0.207499 0.124847 -0.0713088 0.207211 0.124946 -0.0715449 0.206925 0.126006 -0.0730369 0.205099 0.126198 -0.0732189 0.204873 0.12642 -0.0734116 0.204632 0.126657 -0.0735985 0.204397 0.131278 -0.0746314 0.201294 0.130945 -0.074583 0.20138 0.131615 -0.0746709 0.201217 0.131955 -0.0747014 0.20115 0.132296 -0.0747228 0.201092 0.132638 -0.074735 0.201044 0.133019 -0.0747378 0.201003 0.142066 -0.0501339 0.194245 0.133403 -0.0747293 0.200972 0.141943 -0.0499003 0.19447 0.133788 -0.0747095 0.200954 0.141808 -0.0496706 0.194691 0.134174 -0.0746783 0.200947 0.134559 -0.0746358 0.200953 0.1402 -0.0479074 0.19637 0.13996 -0.0477251 0.196541 0.139712 -0.0475498 0.196705 0.139455 -0.0473818 0.196861 0.131318 -0.0451025 0.197278 0.131689 -0.0450529 0.197354 0.134485 -0.0450296 0.19755 0.134869 -0.0450733 0.197528 0.134099 -0.0449972 0.197561 0.133751 -0.0449777 0.19756 0.133403 -0.0449674 0.19755 0.133055 -0.0449663 0.19753 0.13271 -0.0449743 0.1975 0.132366 -0.0449915 0.197461 0.132026 -0.0450177 0.197412 0.12506 -0.0717789 0.206641 0.12519 -0.07201 0.20636 0.125336 -0.0722374 0.206082 0.125498 -0.0724607 0.205809 0.125656 -0.0726574 0.205567 0.125825 -0.0728496 0.20533 0.130579 -0.0745189 0.201487 0.134903 -0.0745879 0.200968 0.14166 -0.0494452 0.194907 0.141483 -0.0491992 0.195143 0.14129 -0.048958 0.195374 0.141082 -0.0487222 0.195598 0.140861 -0.0484925 0.195817 0.140651 -0.0482915 0.196008 0.14043 -0.0480963 0.196192 0.13095 -0.0451633 0.197191 0.130585 -0.0452351 0.197092 0.126907 -0.0737789 0.204169 0.12717 -0.0739524 0.203948 0.129523 -0.0749931 0.202559 0.129869 -0.0750881 0.20242 0.130222 -0.0751732 0.202292 0.130583 -0.0752478 0.202174 0.135922 -0.0743903 0.20107 0.135586 -0.074465 0.201026 0.136254 -0.0743069 0.201122 0.13658 -0.074215 0.201184 0.136937 -0.0741031 0.201263 0.137291 -0.0739795 0.201354 0.13916 -0.047204 0.197025 0.137639 -0.0738453 0.201456 0.138852 -0.0470328 0.197181 0.13798 -0.0737007 0.201568 0.138314 -0.0735462 0.201692 0.138607 -0.0733989 0.201811 0.138892 -0.0732441 0.201939 0.136312 -0.0460671 0.198025 0.135982 -0.0459897 0.198085 0.135615 -0.0459145 0.198142 0.135238 -0.0458492 0.198187 0.129869 -0.0454112 0.196859 0.130224 -0.0453178 0.196981 0.12952 -0.045515 0.196726 0.129213 -0.0456171 0.196597 0.128912 -0.0457271 0.19646 0.128618 -0.0458447 0.196315 0.128333 -0.0459698 0.196162 0.12803 -0.0461151 0.195986 0.127736 -0.0462701 0.195799 0.127451 -0.0464343 0.195603 0.127177 -0.0466075 0.195397 0.127446 -0.0741185 0.203735 0.127734 -0.0742766 0.20353 0.128033 -0.0744262 0.203334 0.12831 -0.0745533 0.203165 0.128595 -0.0746729 0.203004 0.128888 -0.0747846 0.202852 0.129186 -0.0748882 0.202708 0.135246 -0.0745309 0.200992 0.139169 -0.0730821 0.202074 0.138533 -0.0468703 0.197329 0.138205 -0.0467172 0.197467 0.137902 -0.0465876 0.197582 0.137594 -0.0464663 0.197689 0.13728 -0.0463533 0.197786 0.136961 -0.046249 0.197875 0.136638 -0.0461535 0.197955 0.126913 -0.0467891 0.195182 0.130949 -0.0753119 0.202068 0.131283 -0.0753603 0.201982 0.13418 -0.0754068 0.201635 0.134565 -0.0753643 0.201641 0.13491 -0.0753163 0.201656 0.134857 -0.0457949 0.198221 0.139944 -0.0725568 0.202522 0.139695 -0.0727381 0.202366 0.134473 -0.0457516 0.198243 0.140182 -0.0723697 0.202685 0.140434 -0.0721556 0.202872 0.140678 -0.0719305 0.20307 0.140909 -0.0716979 0.203276 0.141128 -0.0714584 0.203489 0.141313 -0.0712374 0.203687 0.141486 -0.0710118 0.203889 0.131677 -0.0457776 0.198043 0.131306 -0.0458275 0.197968 0.141648 -0.0707821 0.204096 0.130938 -0.0458887 0.19788 0.141797 -0.0705488 0.204307 0.130572 -0.0459609 0.19778 0.126217 -0.0473591 0.194513 0.126421 -0.0471758 0.194727 0.126023 -0.0475475 0.194293 0.125841 -0.0477407 0.194068 0.125671 -0.0479381 0.193839 0.125497 -0.0481603 0.193582 0.125338 -0.0483883 0.193318 0.125194 -0.0486215 0.193049 0.125064 -0.0488593 0.192775 0.12495 -0.049101 0.192497 0.124851 -0.0493461 0.192215 0.13162 -0.0753997 0.201905 0.131959 -0.0754302 0.201838 0.132301 -0.0754515 0.20178 0.132643 -0.0754637 0.201732 0.133024 -0.0754664 0.20169 0.133409 -0.0754579 0.20166 0.133794 -0.0754381 0.201642 0.139437 -0.0729134 0.202217 0.134087 -0.0457196 0.198253 0.133739 -0.0457004 0.198252 0.141934 -0.0703124 0.204521 0.13339 -0.0456904 0.198241 0.142057 -0.0700733 0.204738 0.133043 -0.0456896 0.198221 0.132697 -0.045698 0.19819 0.132354 -0.0457155 0.198151 0.132013 -0.0457421 0.198102 0.126661 -0.0469787 0.194958 0.124776 -0.049569 0.191959 0.139176 -0.07381 0.202763 0.139444 -0.0736412 0.202906 0.135252 -0.0752593 0.20168 0.135592 -0.0751933 0.201714 0.135928 -0.0751185 0.201758 0.138614 -0.0741268 0.2025 0.138899 -0.073972 0.202628 0.130212 -0.0460439 0.197669 0.142276 -0.069562 0.205204 0.142168 -0.069832 0.204957 0.129857 -0.0461376 0.197547 0.142368 -0.0692867 0.205455 0.142445 -0.0690079 0.20571 0.142506 -0.0687263 0.205968 0.142551 -0.0684424 0.206228 0.142579 -0.0681573 0.20649 0.142591 -0.0679 0.206726 0.142589 -0.0676429 0.206961 0.142574 -0.0673864 0.207197 0.127441 -0.0471631 0.196288 0.127166 -0.0473365 0.196082 0.142546 -0.0671311 0.207431 0.126903 -0.0475184 0.195866 0.13626 -0.0750351 0.20181 0.136587 -0.0749431 0.201872 0.136943 -0.0748312 0.201951 0.124631 -0.0502452 0.191184 0.124666 -0.050019 0.191443 0.137297 -0.0747076 0.202042 0.124607 -0.0504967 0.190895 0.137646 -0.0745733 0.202144 0.1246 -0.0507496 0.190606 0.137987 -0.0744287 0.202257 0.124609 -0.051003 0.190315 0.138321 -0.0742742 0.20238 0.124635 -0.0512563 0.190025 0.124672 -0.0514836 0.189764 0.124723 -0.0517096 0.189505 0.124786 -0.0519339 0.189248 0.124863 -0.052156 0.188993 0.124952 -0.0523754 0.188741 0.142504 -0.0668775 0.207663 0.14245 -0.0666262 0.207894 0.129508 -0.0462418 0.197413 0.129201 -0.0463441 0.197284 0.1289 -0.0464544 0.197147 0.128607 -0.0465723 0.197001 0.128322 -0.0466977 0.196848 0.128019 -0.0468433 0.196672 0.127725 -0.0469986 0.196485 0.124714 -0.0497934 0.191702 0.125054 -0.0525917 0.188492 0.125168 -0.0528042 0.188248 0.139702 -0.073466 0.203055 0.13995 -0.0732846 0.203211 0.141653 -0.0715097 0.204785 0.141802 -0.0712762 0.204996 0.141939 -0.0710396 0.20521 0.142062 -0.0708004 0.205428 0.142282 -0.0660761 0.208397 0.142374 -0.0663506 0.208146 0.126651 -0.0477083 0.195643 0.142173 -0.0658034 0.208645 0.126411 -0.0479056 0.195411 0.142049 -0.0655331 0.208892 0.126207 -0.048089 0.195197 0.141908 -0.065266 0.209134 0.141753 -0.0650028 0.209373 0.1416 -0.0647698 0.209584 0.141435 -0.064541 0.20979 0.141259 -0.064317 0.209991 0.141071 -0.0640982 0.210186 0.140873 -0.0638852 0.210376 0.124943 -0.0498324 0.193179 0.124854 -0.050053 0.192926 0.124778 -0.0502757 0.19267 0.124715 -0.0505001 0.192412 0.140188 -0.0730976 0.203373 0.14044 -0.0728834 0.203561 0.140684 -0.0726584 0.203759 0.140915 -0.0724257 0.203965 0.141133 -0.0721862 0.204178 0.141318 -0.0719652 0.204376 0.141491 -0.0717395 0.204578 0.140399 -0.0634362 0.210773 0.140643 -0.0636577 0.210578 0.126014 -0.0482777 0.194977 0.125832 -0.048471 0.194752 0.125662 -0.0486686 0.194523 0.125489 -0.048891 0.194265 0.12533 -0.0491191 0.194001 0.125186 -0.0493525 0.193732 0.125057 -0.0495905 0.193458 0.125643 -0.0534959 0.187449 0.125469 -0.0532696 0.187711 0.125831 -0.0537171 0.187193 0.126012 -0.0539112 0.186967 0.126205 -0.0541002 0.186747 0.126408 -0.0542836 0.186533 0.126621 -0.0544611 0.186326 0.126844 -0.0546321 0.186125 0.127076 -0.0547965 0.185931 0.127316 -0.0549538 0.185745 0.127597 -0.0551224 0.185544 0.125311 -0.0530388 0.187977 0.12789 -0.0552833 0.185352 0.128194 -0.0554358 0.185168 0.142173 -0.0705589 0.205647 0.142271 -0.0703158 0.205869 0.142365 -0.0700408 0.20612 0.142581 -0.0681404 0.207862 0.142554 -0.0678848 0.208096 0.142514 -0.067631 0.208329 0.14246 -0.0673793 0.20856 0.124665 -0.0507257 0.192154 0.139871 -0.0630131 0.211142 0.140142 -0.0632211 0.210961 0.139589 -0.0628128 0.211314 0.124629 -0.0509519 0.191895 0.139295 -0.0626206 0.211478 0.124604 -0.0512034 0.191606 0.139022 -0.062455 0.211617 0.13874 -0.0622967 0.211749 0.138451 -0.0621462 0.211873 0.138156 -0.0620037 0.211989 0.137854 -0.0618695 0.212095 0.137514 -0.061731 0.212203 0.137166 -0.0616022 0.2123 0.124861 -0.0528884 0.189674 0.12495 -0.0531078 0.189422 0.125052 -0.053324 0.189174 0.125167 -0.0535366 0.188929 0.124596 -0.0514563 0.191316 0.124604 -0.0517098 0.191026 0.124628 -0.0519633 0.190736 0.124669 -0.0522159 0.190446 0.12472 -0.052442 0.190187 0.124784 -0.0526663 0.189929 0.142443 -0.0697622 0.206375 0.142505 -0.0694806 0.206633 0.142552 -0.0691968 0.206893 0.142582 -0.0689116 0.207154 0.142595 -0.0686543 0.207391 0.142595 -0.0683971 0.207627 0.13681 -0.0614833 0.212387 0.129098 -0.0558148 0.184704 0.128799 -0.0557011 0.184845 0.129402 -0.0559205 0.184573 0.129712 -0.0560178 0.184449 0.130027 -0.0561066 0.184336 0.130347 -0.0561867 0.184231 0.13067 -0.0562579 0.184135 0.131032 -0.0563265 0.184041 0.131401 -0.0563846 0.183957 0.131775 -0.056432 0.183885 0.132154 -0.0564686 0.183823 0.128508 -0.0555796 0.184994 0.132537 -0.056494 0.183774 0.142386 -0.0671037 0.208812 0.142295 -0.0668292 0.209063 0.142189 -0.0665562 0.209312 0.141075 -0.0648239 0.210878 0.140877 -0.0646109 0.211067 0.140647 -0.0643833 0.211269 0.140402 -0.0641617 0.211464 0.135705 -0.0611896 0.212581 0.136078 -0.0612768 0.212527 0.135366 -0.0611206 0.212619 0.135024 -0.0610606 0.212647 0.134681 -0.0610098 0.212666 0.134337 -0.0609682 0.212675 0.133992 -0.0609359 0.212674 0.13361 -0.0609108 0.212663 0.133226 -0.060897 0.212639 0.132841 -0.0608944 0.212603 0.132458 -0.0609031 0.212555 0.125308 -0.053768 0.188662 0.125466 -0.0539989 0.188396 0.12564 -0.0542252 0.188134 0.127287 -0.0556661 0.18645 0.127563 -0.0558333 0.186251 0.127855 -0.0559951 0.186058 0.128158 -0.0561486 0.185873 0.142066 -0.0662857 0.209558 0.141927 -0.0660183 0.209801 0.141773 -0.0657547 0.21004 0.125809 -0.0544246 0.187903 0.141603 -0.0654955 0.210275 0.125989 -0.0546193 0.187677 0.141439 -0.0652668 0.210481 0.12618 -0.0548089 0.187456 0.141262 -0.0650428 0.210682 0.126382 -0.054993 0.187242 0.126594 -0.0551711 0.187033 0.126816 -0.0553429 0.186832 0.136447 -0.0613748 0.212463 0.127047 -0.055508 0.186637 0.132076 -0.060923 0.212495 0.133618 -0.0565056 0.183699 0.13327 -0.0565115 0.183713 0.133966 -0.0564905 0.183694 0.134313 -0.0564662 0.1837 0.134657 -0.0564329 0.183715 0.135033 -0.0563856 0.183742 0.135408 -0.0563269 0.183782 0.135782 -0.0562569 0.183834 0.136153 -0.0561757 0.183897 0.13652 -0.0560835 0.183972 0.136882 -0.0559804 0.184058 0.132922 -0.0565083 0.183736 0.13724 -0.0558666 0.184156 0.140145 -0.0639467 0.211653 0.139875 -0.0637387 0.211833 0.137517 -0.0624563 0.212895 0.137169 -0.0623274 0.212992 0.136813 -0.0622085 0.213079 0.13645 -0.0620998 0.213155 0.131062 -0.0610322 0.212276 0.131397 -0.0609869 0.212358 0.130732 -0.0610862 0.212184 0.130407 -0.0611488 0.212084 0.130088 -0.0612198 0.211975 0.129735 -0.0613096 0.211841 0.129423 -0.0613993 0.211712 0.129118 -0.061497 0.211574 0.128819 -0.0616026 0.211428 0.128528 -0.0617159 0.211274 0.128246 -0.0618364 0.211112 0.13177 -0.0571609 0.18457 0.132149 -0.0571976 0.184509 0.132532 -0.0572231 0.18446 0.139592 -0.0635383 0.212006 0.139298 -0.0633461 0.212169 0.128471 -0.0562934 0.185698 0.139025 -0.0631804 0.212309 0.128794 -0.0564289 0.185532 0.138743 -0.0630222 0.212441 0.129092 -0.0565428 0.185391 0.138455 -0.0628716 0.212565 0.138159 -0.062729 0.21268 0.137857 -0.0625947 0.212787 0.131735 -0.0609505 0.212432 0.127972 -0.0619639 0.210943 0.127707 -0.0620981 0.210767 0.138167 -0.0555088 0.184473 0.137865 -0.055636 0.184359 0.138462 -0.0553738 0.184595 0.138779 -0.0552161 0.18474 0.139087 -0.0550485 0.184895 0.139386 -0.0548715 0.185059 0.139676 -0.0546854 0.185233 0.139954 -0.0544908 0.185416 0.140195 -0.0543087 0.185588 0.140426 -0.0541204 0.185767 0.140647 -0.0539264 0.185952 0.129707 -0.056746 0.185136 0.130022 -0.0568349 0.185022 0.130342 -0.0569151 0.184917 0.130665 -0.0569864 0.184822 0.131027 -0.0570551 0.184727 0.131396 -0.0571134 0.184643 0.129397 -0.0566485 0.185259 0.137555 -0.0557554 0.184253 0.140857 -0.0537269 0.186142 0.141055 -0.0535225 0.186338 0.136082 -0.0620018 0.21322 0.135708 -0.0619145 0.213273 0.132844 -0.0616186 0.213296 0.132461 -0.0616272 0.213248 0.132079 -0.0616471 0.213189 0.127153 -0.0624201 0.210351 0.127425 -0.0622546 0.210564 0.126891 -0.0625943 0.210129 0.126665 -0.0627581 0.209922 0.126426 -0.0629471 0.209684 0.126199 -0.0631434 0.209439 0.125986 -0.0633463 0.209186 0.125806 -0.0635342 0.208953 0.125637 -0.0637265 0.208716 0.125481 -0.0639227 0.208474 0.125337 -0.0641226 0.208229 0.132917 -0.0572376 0.184422 0.133265 -0.0572409 0.184398 0.133614 -0.0572351 0.184384 0.135369 -0.0618454 0.213311 0.135027 -0.0617854 0.213339 0.134684 -0.0617345 0.213358 0.13434 -0.0616928 0.213368 0.133995 -0.0616604 0.213367 0.133613 -0.0616353 0.213355 0.133229 -0.0616213 0.213332 0.136516 -0.056814 0.184656 0.136879 -0.056711 0.184742 0.137236 -0.0565974 0.18484 0.142062 -0.0520914 0.18772 0.141938 -0.0523245 0.187494 0.142173 -0.0518554 0.187949 0.125205 -0.0643255 0.207981 0.142272 -0.0516172 0.188181 0.125087 -0.0645309 0.20773 0.142357 -0.0513771 0.188414 0.142428 -0.0511356 0.18865 0.142493 -0.0508662 0.188912 0.141456 -0.0530504 0.186792 0.141263 -0.0532897 0.186562 0.141637 -0.052805 0.187029 0.141802 -0.0525542 0.187272 0.133961 -0.05722 0.184379 0.134308 -0.0571959 0.184385 0.134653 -0.0571627 0.1844 0.135029 -0.0571155 0.184427 0.135404 -0.057057 0.184467 0.135778 -0.0569872 0.184518 0.136149 -0.0569061 0.184581 0.142541 -0.0505922 0.189179 0.142574 -0.0503165 0.189448 0.131737 -0.0616745 0.213125 0.131399 -0.0617108 0.213052 0.131064 -0.0617561 0.212969 0.128502 -0.0624505 0.211952 0.128219 -0.0625717 0.21179 0.127946 -0.0626998 0.21162 0.127683 -0.0628346 0.211444 0.12488 -0.0649711 0.207194 0.124982 -0.0647385 0.207477 0.124793 -0.0652093 0.206904 0.124722 -0.0654507 0.206612 0.124667 -0.0656946 0.206316 0.124628 -0.0659403 0.206018 0.124607 -0.0661623 0.20575 0.1246 -0.0663847 0.205481 0.124605 -0.0666069 0.205212 0.124624 -0.0668283 0.204944 0.124657 -0.0670485 0.204677 0.130734 -0.06181 0.212878 0.137552 -0.0564863 0.184937 0.130409 -0.0618726 0.212777 0.137861 -0.0563671 0.185043 0.130089 -0.0619435 0.212668 0.138164 -0.0562399 0.185157 0.129742 -0.0620318 0.212537 0.129395 -0.0621317 0.212393 0.12909 -0.0622302 0.212254 0.128792 -0.0623366 0.212107 0.140425 -0.0548525 0.18645 0.140646 -0.0546585 0.186634 0.140856 -0.0544592 0.186825 0.141055 -0.0542548 0.187021 0.124702 -0.067267 0.204413 0.124761 -0.0674831 0.204151 0.138459 -0.0561051 0.185279 0.138776 -0.0559475 0.185423 0.139085 -0.05578 0.185578 0.139384 -0.0556032 0.185742 0.139674 -0.0554172 0.185916 0.139953 -0.0552227 0.186099 0.140194 -0.0550407 0.186271 0.142577 -0.049541 0.190205 0.14259 -0.0497902 0.189962 0.14255 -0.0492928 0.190447 0.142511 -0.0490458 0.190688 0.142458 -0.0488008 0.190927 0.142393 -0.0485583 0.191163 0.142314 -0.0483186 0.191396 0.142212 -0.0480562 0.191652 0.142093 -0.0477938 0.191907 0.141959 -0.0475343 0.192159 0.141808 -0.0472784 0.192407 0.142589 -0.0500396 0.189718 0.141643 -0.0470269 0.19265 0.141481 -0.0468047 0.192865 0.127401 -0.0629918 0.21124 0.12713 -0.0631579 0.211027 0.125448 -0.0646866 0.209119 0.125306 -0.0648872 0.208873 0.125178 -0.0650907 0.208624 0.125061 -0.0652966 0.208372 0.12505 -0.06819 0.203292 0.124937 -0.0679563 0.203576 0.125179 -0.0684211 0.20301 0.125323 -0.0686487 0.202732 0.125483 -0.0688721 0.202458 0.12564 -0.0690692 0.202216 0.125808 -0.0692619 0.201978 0.125988 -0.0694498 0.201746 0.126178 -0.0696323 0.201519 0.126379 -0.0698092 0.201298 0.141263 -0.0540221 0.187244 0.141457 -0.0537827 0.187475 0.142431 -0.051868 0.189332 0.14249 -0.0516256 0.189568 0.142541 -0.0513518 0.189835 0.142575 -0.0510761 0.190104 0.126869 -0.0633327 0.210804 0.126619 -0.0635155 0.210573 0.126382 -0.0637059 0.210334 0.126158 -0.0639034 0.210087 0.125947 -0.0641075 0.209833 0.125769 -0.0642963 0.209599 0.125602 -0.0644895 0.209361 0.124841 -0.0677204 0.203863 0.141637 -0.0535374 0.187711 0.126612 -0.0699966 0.201063 0.141803 -0.0532867 0.187954 0.126859 -0.0701779 0.200834 0.14194 -0.0530569 0.188176 0.142064 -0.0528238 0.188402 0.142175 -0.0525879 0.188632 0.142274 -0.0523496 0.188863 0.142359 -0.0521095 0.189097 0.140928 -0.0461675 0.193479 0.141123 -0.0463745 0.19328 0.140723 -0.0459664 0.193671 0.140507 -0.0457716 0.193857 0.140282 -0.0455835 0.194036 0.140021 -0.0453819 0.194228 0.139747 -0.0451871 0.194412 0.139461 -0.0449999 0.194588 0.139163 -0.0448207 0.194755 0.138854 -0.0446499 0.194914 0.141308 -0.0465871 0.193075 0.138535 -0.0444881 0.195063 0.13824 -0.0443506 0.195188 0.124625 -0.0675969 0.205583 0.12466 -0.0678169 0.205317 0.124708 -0.068035 0.205053 0.124776 -0.068273 0.204764 0.124959 -0.0655047 0.208119 0.12486 -0.0657377 0.207835 0.127393 -0.0705199 0.200398 0.12712 -0.0703525 0.200613 0.127678 -0.0706796 0.200192 0.127975 -0.0708311 0.199994 0.128282 -0.070974 0.199805 0.128567 -0.0710948 0.199644 0.128859 -0.0712079 0.19949 0.129158 -0.071313 0.199345 0.129463 -0.0714099 0.199209 0.129804 -0.0715066 0.19907 0.130153 -0.0715934 0.198941 0.142593 -0.0507993 0.190374 0.142595 -0.0505498 0.190617 0.142584 -0.0503005 0.190861 0.124603 -0.0673756 0.205851 0.124776 -0.0659765 0.207545 0.124707 -0.0662184 0.207252 0.141994 -0.0483162 0.192793 0.141847 -0.0480594 0.193042 0.124655 -0.0664627 0.206956 0.141685 -0.0478068 0.193287 0.124619 -0.0667087 0.206658 0.141526 -0.0475835 0.193503 0.1246 -0.0669309 0.206389 0.124595 -0.0671534 0.20612 0.13051 -0.0716701 0.198823 0.130874 -0.0717365 0.198715 0.142559 -0.0500519 0.191103 0.142522 -0.0498048 0.191344 0.142471 -0.0495594 0.191583 0.142407 -0.0493164 0.19182 0.14233 -0.0490763 0.192054 0.142241 -0.0488394 0.192285 0.142125 -0.0485765 0.19254 0.137318 -0.0439869 0.195514 0.137631 -0.0440997 0.195414 0.137001 -0.0438828 0.195604 0.136646 -0.0437784 0.195693 0.136284 -0.0436842 0.195771 0.135915 -0.0436003 0.195838 0.135541 -0.0435271 0.195894 0.135162 -0.0434647 0.195938 0.13478 -0.0434134 0.195971 0.134434 -0.0433768 0.19599 0.134087 -0.0433493 0.196 0.137938 -0.0442211 0.195305 0.133739 -0.0433311 0.196 0.133392 -0.043322 0.19599 0.12486 -0.06851 0.204477 0.124961 -0.0687454 0.204191 0.126231 -0.0704125 0.202143 0.126435 -0.0705876 0.201924 0.126672 -0.0707735 0.20169 0.126922 -0.0709531 0.201464 0.134525 -0.0718134 0.198273 0.134142 -0.0718538 0.198268 0.134907 -0.0717616 0.198291 0.131619 -0.0718372 0.198533 0.131244 -0.0717923 0.198619 0.131998 -0.0718712 0.19846 0.132341 -0.0718922 0.198404 0.132686 -0.0719042 0.198357 0.133032 -0.071907 0.19832 0.133378 -0.0719006 0.198293 0.133759 -0.0718829 0.198275 0.125078 -0.0689785 0.203907 0.125211 -0.0692088 0.203626 0.125359 -0.0694354 0.203349 0.125523 -0.0696577 0.203076 0.125683 -0.0698536 0.202835 0.125855 -0.070045 0.202599 0.141355 -0.0473647 0.193714 0.126037 -0.0702314 0.202368 0.141173 -0.0471508 0.19392 0.140981 -0.0469423 0.19412 0.135287 -0.0716986 0.19832 0.138926 -0.0454111 0.19557 0.138609 -0.0452472 0.195721 0.138316 -0.0451078 0.195849 0.138016 -0.0449762 0.195968 0.140778 -0.0467396 0.194315 0.140565 -0.0465432 0.194503 0.140342 -0.0463534 0.194684 0.140084 -0.0461502 0.194877 0.139812 -0.0459539 0.195062 0.139529 -0.0457649 0.19524 0.139233 -0.0455838 0.195409 0.132631 -0.043335 0.195934 0.133012 -0.0433229 0.195968 0.132251 -0.0433584 0.195888 0.131872 -0.043393 0.19583 0.131496 -0.0434389 0.195761 0.131122 -0.0434958 0.195679 0.13079 -0.0435563 0.195596 0.130463 -0.0436255 0.195504 0.13014 -0.0437033 0.195403 0.129823 -0.0437894 0.195293 0.129513 -0.0438836 0.195174 0.127186 -0.0711259 0.201244 0.127463 -0.0712914 0.201031 0.129174 -0.0439979 0.195033 0.129892 -0.0722601 0.199722 0.130243 -0.0723443 0.199596 0.128844 -0.0441224 0.19488 0.130602 -0.0724184 0.19948 0.136296 -0.0714731 0.198456 0.135963 -0.0715571 0.198401 0.136624 -0.0713806 0.19852 0.136947 -0.0712795 0.198593 0.137264 -0.0711703 0.198675 0.137612 -0.0710386 0.198777 0.137953 -0.0708964 0.198889 0.138286 -0.0707441 0.199013 0.138612 -0.0705821 0.199146 0.138897 -0.0704282 0.199275 0.139173 -0.070267 0.199411 0.127751 -0.0714491 0.200827 0.12805 -0.0715985 0.200631 0.12836 -0.071739 0.200445 0.128647 -0.0718577 0.200286 0.128942 -0.0719685 0.200135 0.129242 -0.0720714 0.199992 0.129548 -0.072166 0.199859 0.135627 -0.0716323 0.198356 0.139441 -0.070099 0.199555 0.1397 -0.0699243 0.199706 0.13771 -0.0448527 0.196079 0.137399 -0.0447377 0.196181 0.137082 -0.0446314 0.196274 0.134485 -0.0441047 0.19668 0.134137 -0.0440759 0.196691 0.13379 -0.0440563 0.196692 0.133443 -0.044046 0.196684 0.136729 -0.0445247 0.196365 0.136368 -0.0444281 0.196446 0.136001 -0.0443418 0.196515 0.135628 -0.0442661 0.196574 0.13525 -0.0442013 0.196621 0.134869 -0.0441474 0.196656 0.127933 -0.0445377 0.194381 0.128207 -0.0444005 0.194544 0.127667 -0.0446819 0.194209 0.127411 -0.0448329 0.194031 0.127164 -0.0449903 0.193846 0.126927 -0.0451536 0.193655 0.126702 -0.0453227 0.193457 0.126463 -0.0455167 0.193232 0.126235 -0.04572 0.192996 0.12602 -0.0459303 0.192753 0.125818 -0.0461469 0.192504 0.130968 -0.0724821 0.199375 0.131339 -0.0725351 0.199282 0.131715 -0.0725773 0.1992 0.134585 -0.0725364 0.198961 0.134967 -0.0724829 0.19898 0.135347 -0.0724181 0.199011 0.128521 -0.0442567 0.194717 0.140188 -0.0695566 0.200027 0.139949 -0.0697434 0.199863 0.125649 -0.0463467 0.192274 0.14044 -0.0693426 0.200216 0.125492 -0.0465506 0.19204 0.140684 -0.0691186 0.200415 0.140915 -0.0688871 0.200622 0.141133 -0.0686486 0.200836 0.141317 -0.0684285 0.201035 0.14149 -0.0682038 0.201238 0.141652 -0.0679749 0.201446 0.1418 -0.0677424 0.201658 0.141937 -0.0675067 0.201874 0.132057 -0.0726058 0.199135 0.1324 -0.0726253 0.199081 0.132746 -0.0726357 0.199036 0.133092 -0.0726369 0.199001 0.133438 -0.072629 0.198976 0.13382 -0.0726095 0.198959 0.134202 -0.0725786 0.198954 0.129218 -0.0447052 0.195744 0.128886 -0.0448284 0.195593 0.14206 -0.0672683 0.202092 0.142171 -0.0670278 0.202312 0.133062 -0.0440453 0.196663 0.132682 -0.0440559 0.196631 0.132301 -0.0440778 0.196587 0.129869 -0.0444993 0.196001 0.129557 -0.0445923 0.195884 0.131922 -0.0441109 0.19653 0.131545 -0.0441553 0.196462 0.131171 -0.0442107 0.196382 0.130838 -0.0442699 0.196301 0.13051 -0.0443379 0.19621 0.130186 -0.0444144 0.19611 0.125095 -0.0471827 0.191316 0.125214 -0.0469691 0.19156 0.124988 -0.0473985 0.19107 0.124894 -0.0476161 0.190821 0.124806 -0.0478594 0.190544 0.124733 -0.048109 0.19026 0.124675 -0.0483611 0.189973 0.124633 -0.0486152 0.189684 0.124608 -0.0488705 0.189394 0.1246 -0.0491006 0.189132 0.135686 -0.0723503 0.199049 0.136022 -0.0722736 0.199096 0.136354 -0.0721881 0.199153 0.138947 -0.0711313 0.199984 0.139222 -0.0709689 0.200122 0.139489 -0.0707996 0.200267 0.139746 -0.0706238 0.200419 0.142362 -0.0665116 0.202787 0.142268 -0.0667855 0.202535 0.14244 -0.066234 0.203043 0.142502 -0.0659536 0.203302 0.142548 -0.0656709 0.203563 0.142578 -0.0653869 0.203825 0.14259 -0.0651307 0.204062 0.14259 -0.0648744 0.204299 0.142576 -0.0646188 0.204535 0.125347 -0.0467583 0.191802 0.142549 -0.0643644 0.204771 0.142508 -0.0641116 0.205004 0.124605 -0.0493306 0.18887 0.124623 -0.0495599 0.18861 0.136682 -0.0720941 0.199218 0.137004 -0.0719916 0.199293 0.137355 -0.0718681 0.199386 0.137701 -0.0717337 0.199491 0.13804 -0.0715889 0.199606 0.138372 -0.0714341 0.199732 0.138663 -0.0712864 0.199854 0.142454 -0.0638611 0.205235 0.142388 -0.0636132 0.205464 0.128562 -0.0449614 0.195431 0.128246 -0.045104 0.195259 0.127971 -0.0452401 0.195097 0.126045 -0.0466257 0.193477 0.125841 -0.0468415 0.193228 0.12567 -0.0470407 0.192999 0.125511 -0.0472442 0.192765 0.127704 -0.0453834 0.194927 0.127446 -0.0455334 0.194749 0.127198 -0.0456898 0.194565 0.12696 -0.0458524 0.194375 0.126732 -0.0460206 0.194178 0.126492 -0.0462138 0.193954 0.126262 -0.0464162 0.193719 0.124756 -0.0502382 0.187838 0.124699 -0.0500142 0.188093 0.124835 -0.050484 0.187558 0.124931 -0.0507282 0.18728 0.125042 -0.0509705 0.187004 0.12517 -0.0512101 0.18673 0.125314 -0.0514464 0.18646 0.125472 -0.0516788 0.186194 0.125628 -0.0518839 0.185959 0.125795 -0.0520847 0.185728 0.125974 -0.0522807 0.185503 0.139994 -0.0704418 0.200577 0.140231 -0.070254 0.200742 0.141828 -0.0684322 0.202382 0.141962 -0.068196 0.202597 0.142084 -0.0679571 0.202816 0.126164 -0.0524715 0.185283 0.142072 -0.0627987 0.206213 0.142193 -0.0630682 0.205966 0.141934 -0.0625323 0.206458 0.141781 -0.0622695 0.206698 0.141613 -0.0620111 0.206933 0.141449 -0.061783 0.207141 0.141274 -0.0615595 0.207343 0.141087 -0.0613411 0.207541 0.14089 -0.0611284 0.207732 0.140683 -0.0609217 0.207917 0.124654 -0.0497879 0.18835 0.140481 -0.070039 0.200932 0.140723 -0.0698138 0.201133 0.140952 -0.0695811 0.201341 0.141168 -0.0693415 0.201556 0.141351 -0.0691205 0.201756 0.141522 -0.068895 0.20196 0.141681 -0.0686654 0.202169 0.142299 -0.0633399 0.205716 0.140443 -0.0607017 0.208113 0.125364 -0.0474513 0.192528 0.125229 -0.0476618 0.192287 0.124598 -0.0500218 0.189599 0.124614 -0.0502513 0.189338 0.126842 -0.0530428 0.184621 0.127101 -0.0532263 0.184407 0.127374 -0.0534027 0.1842 0.127658 -0.0535715 0.184002 0.127954 -0.0537322 0.183811 0.12826 -0.0538842 0.18363 0.128544 -0.0540133 0.183475 0.128836 -0.0541347 0.183329 0.129134 -0.0542483 0.183191 0.125861 -0.0466118 0.181481 0.125969 -0.0463494 0.181295 0.125907 -0.046548 0.181447 0.12594 -0.0464837 0.181406 0.125961 -0.0464213 0.181359 0.125967 -0.0463849 0.181328 0.125582 -0.0468268 0.18152 0.125656 -0.0467891 0.181527 0.12573 -0.0467389 0.181524 0.1258 -0.046679 0.181508 0.13522 -0.0807161 0.207544 0.135243 -0.0805612 0.207237 0.135223 -0.0806386 0.207453 0.13523 -0.080587 0.207351 0.13526 -0.0805613 0.207117 0.135297 -0.0806301 0.206921 0.135279 -0.0805878 0.207006 0.135412 -0.0813913 0.206832 0.135332 -0.0807537 0.206787 0.135361 -0.080894 0.206715 0.135348 -0.0808225 0.206744 0.135405 -0.0812316 0.206727 0.135398 -0.0811561 0.206704 0.13541 -0.0813093 0.206767 0.135411 -0.0813512 0.206797 0.135375 -0.0809801 0.206696 0.135324 -0.0807215 0.206814 0.135388 -0.0810739 0.206693 0.138337 -0.0699743 0.218878 0.137527 -0.0691889 0.219707 0.137878 -0.0693015 0.219588 0.138222 -0.0694242 0.219458 0.138559 -0.0695572 0.219318 0.138889 -0.0697006 0.219167 0.139181 -0.0698389 0.219021 0.139463 -0.0699838 0.218868 0.136545 -0.0693232 0.219565 0.135556 -0.0687699 0.220149 0.135893 -0.0688173 0.220098 0.136225 -0.0688736 0.220039 0.136521 -0.0689317 0.219978 0.136883 -0.0690136 0.219891 0.137243 -0.0691068 0.219793 0.139865 -0.0708836 0.217918 0.139704 -0.0701169 0.218727 0.139967 -0.0702739 0.218562 0.140221 -0.0704367 0.21839 0.140437 -0.0705858 0.218233 0.140674 -0.0707621 0.218047 0.140926 -0.0709651 0.217832 0.141166 -0.0711761 0.21761 0.134587 -0.068966 0.219942 0.134265 -0.0686728 0.220251 0.134573 -0.0686839 0.220239 0.134878 -0.0687023 0.22022 0.135255 -0.0687353 0.220185 0.133892 -0.0686696 0.220254 0.141048 -0.0720128 0.216727 0.141395 -0.071395 0.217379 0.14159 -0.071599 0.217164 0.141793 -0.0718303 0.216919 0.141942 -0.0720152 0.216724 0.142082 -0.0722027 0.216527 0.142232 -0.0724229 0.216294 0.133232 -0.0688913 0.22002 0.132885 -0.0687191 0.220202 0.133228 -0.0686922 0.220231 0.133584 -0.0686755 0.220248 0.132572 -0.0687536 0.220166 0.141825 -0.0733013 0.215367 0.142352 -0.0726162 0.21609 0.142479 -0.0728429 0.215851 0.142593 -0.0730714 0.21561 0.142681 -0.0732738 0.215396 0.14278 -0.0735329 0.215123 0.142863 -0.0737964 0.214845 0.132029 -0.0689136 0.219997 0.13203 -0.0688448 0.220069 0.132161 -0.0688176 0.220098 0.132294 -0.0687942 0.220123 0.131926 -0.0688725 0.22004 0.131918 -0.0689113 0.219999 0.131882 -0.0688901 0.220022 0.131894 -0.0689082 0.220003 0.131876 -0.0689005 0.220011 0.131876 -0.0688995 0.220012 0.131875 -0.0688985 0.220013 0.131876 -0.0689015 0.22001 0.131877 -0.0689023 0.220009 0.131876 -0.0688963 0.220015 0.13188 -0.0689039 0.220007 0.131877 -0.0688942 0.220017 0.131882 -0.0689051 0.220006 0.131879 -0.0688923 0.220019 0.142144 -0.0746753 0.213918 0.142917 -0.0740044 0.214625 0.142972 -0.0742725 0.214343 0.14301 -0.0745414 0.214059 0.143032 -0.0748116 0.213774 0.143037 -0.0749473 0.213631 0.143038 -0.0750832 0.213487 0.143028 -0.0753292 0.213228 0.141991 -0.076061 0.212456 0.143006 -0.0755723 0.212971 0.14297 -0.0758151 0.212715 0.142921 -0.0760562 0.212461 0.142859 -0.0762948 0.212209 0.142775 -0.0765561 0.211933 0.142727 -0.0766869 0.211795 0.142675 -0.0768169 0.211658 0.142585 -0.0770197 0.211444 0.141367 -0.0773876 0.211056 0.142457 -0.077273 0.211177 0.142387 -0.0773981 0.211045 0.142313 -0.077522 0.210914 0.142191 -0.0777144 0.210711 0.142036 -0.077935 0.210478 0.14187 -0.0781513 0.21025 0.141692 -0.0783636 0.210026 0.140309 -0.0785756 0.209802 0.141587 -0.0784799 0.209903 0.14148 -0.0785949 0.209782 0.141368 -0.0787088 0.209662 0.141253 -0.0788208 0.209544 0.141038 -0.0790179 0.209336 0.140814 -0.0792083 0.209135 0.14058 -0.0793922 0.208941 0.140446 -0.0794917 0.208836 0.140309 -0.0795891 0.208733 0.138884 -0.0795604 0.208763 0.140055 -0.0797597 0.208553 0.139793 -0.0799222 0.208382 0.139558 -0.0800581 0.208238 0.139316 -0.0801891 0.2081 0.139157 -0.0802701 0.208015 0.138996 -0.0803487 0.207932 0.138741 -0.0804667 0.207807 0.138407 -0.0806087 0.207657 0.137156 -0.0802874 0.207996 0.138065 -0.0807412 0.207518 0.137889 -0.0808042 0.207451 0.137712 -0.0808646 0.207387 0.13735 -0.0809788 0.207267 0.137014 -0.0810738 0.207167 0.136685 -0.0811571 0.207079 0.13636 -0.0812291 0.207003 0.136062 -0.0812864 0.206942 0.135737 -0.0813409 0.206885 0.140696 -0.0399689 0.188027 0.140693 -0.0399691 0.188027 0.140688 -0.0399685 0.188028 0.140676 -0.0399652 0.188031 0.140637 -0.0399477 0.18805 0.125111 -0.0433514 0.184459 0.125144 -0.0430918 0.184732 0.125189 -0.0428579 0.184979 0.125246 -0.0426273 0.185223 0.125316 -0.0423998 0.185463 0.140532 -0.0398856 0.188115 0.140382 -0.0397876 0.188219 0.1292 -0.038704 0.189362 0.128071 -0.0392714 0.188763 0.128334 -0.0391219 0.188921 0.140231 -0.0396891 0.188323 0.128605 -0.0389793 0.189072 0.128758 -0.0389036 0.189151 0.128914 -0.0388301 0.189229 0.140067 -0.0395834 0.188434 0.125399 -0.0421751 0.1857 0.125506 -0.0419291 0.185959 0.1399 -0.0394795 0.188544 0.125629 -0.0416861 0.186216 0.125767 -0.0414466 0.186468 0.139743 -0.0393854 0.188643 0.127047 -0.0399923 0.188003 0.127291 -0.0397971 0.188209 0.127548 -0.0396091 0.188407 0.127817 -0.0394283 0.188598 0.125921 -0.0412109 0.186717 0.126004 -0.0410946 0.18684 0.12609 -0.0409796 0.186961 0.126255 -0.0407756 0.187176 0.139426 -0.0392051 0.188833 0.139584 -0.0392935 0.18874 0.126431 -0.0405763 0.187387 0.139264 -0.039119 0.188924 0.126618 -0.040382 0.187592 0.126816 -0.0401933 0.187791 0.139103 -0.0390364 0.189011 0.138939 -0.038956 0.189096 0.138775 -0.0388789 0.189177 0.138609 -0.0388041 0.189256 0.137584 -0.0384131 0.189669 0.137758 -0.0384717 0.189607 0.137931 -0.0385326 0.189543 0.138103 -0.0385966 0.189475 0.138273 -0.038663 0.189405 0.138442 -0.0387324 0.189332 0.137409 -0.0383574 0.189728 0.137232 -0.0383042 0.189784 0.137055 -0.038254 0.189837 0.136225 -0.0380583 0.190043 0.136552 -0.038128 0.18997 0.136876 -0.0382065 0.189887 0.135893 -0.0379974 0.190108 0.135557 -0.0379452 0.190163 0.134842 -0.0378647 0.190248 0.135183 -0.037898 0.190213 0.134497 -0.0378404 0.190273 0.134305 -0.0378308 0.190283 0.125776 -0.0460474 0.181614 0.125632 -0.0457995 0.181875 0.133352 -0.0378255 0.190289 0.133542 -0.0378209 0.190294 0.133732 -0.0378192 0.190296 0.134113 -0.0378241 0.19029 0.132975 -0.037843 0.19027 0.125509 -0.0455616 0.182127 0.125409 -0.0453406 0.18236 0.12532 -0.0451091 0.182604 0.131565 -0.0380118 0.190092 0.131898 -0.0379569 0.19015 0.13223 -0.0379115 0.190198 0.132415 -0.0378902 0.190221 0.132601 -0.0378717 0.19024 0.132788 -0.037856 0.190257 0.125244 -0.0448667 0.18286 0.125183 -0.0446187 0.183121 0.125136 -0.0443646 0.183389 0.125108 -0.04413 0.183637 0.130374 -0.0382894 0.1898 0.13055 -0.03824 0.189852 0.130873 -0.0381571 0.189939 0.131053 -0.0381152 0.189983 0.131235 -0.0380759 0.190025 0.125098 -0.0440008 0.183773 0.125093 -0.0438715 0.18391 0.125094 -0.0436116 0.184184 0.129362 -0.0386373 0.189432 0.129525 -0.0385732 0.1895 0.129859 -0.0384524 0.189628 0.1302 -0.0383413 0.189745 0.128493 -0.0829892 0.182487 0.106101 -0.0551521 0.164843 0.10754 -0.0678954 0.156924 0.123477 -0.0684531 0.187371 0.127096 -0.0833344 0.226337 0.141235 -0.0820231 0.210554 0.150257 -0.0748451 0.211964 0.135987 -0.091383 0.23604 0.130596 -0.0871278 0.228969 0.161984 -0.0936076 0.240459 0.157806 -0.0762215 0.171025 0.0865573 -0.0444322 0.12674 0.14797 -0.100679 0.212488 0.180004 -0.101742 0.214248 0.157051 -0.0826109 0.219882 0.0930481 -0.0622984 0.147444 0.128754 -0.0820546 0.180904 0.18125 -0.0966274 0.214908 0.0923165 -0.0442833 0.156068 0.149869 -0.0891982 0.203664 0.126826 -0.0817336 0.181247 0.172341 -0.0708015 0.193938 0.106124 -0.0542774 0.163362 0.135162 -0.0686716 -0.219529 0.135279 -0.0688453 -0.219395 0.13526 -0.0689547 -0.219363 0.135223 -0.0692945 -0.219422 0.135297 -0.0687632 -0.219442 0.13522 -0.0693898 -0.219495 0.135137 -0.0686688 -0.219533 0.135111 -0.0686661 -0.219537 0.136317 -0.0708073 -0.217335 0.131875 -0.0812073 -0.207026 0.129819 -0.0807211 -0.207483 0.13506 -0.0686608 -0.219544 0.12798 -0.0799129 -0.20828 0.126908 -0.0791985 -0.208996 0.125657 -0.0781233 -0.209859 0.125935 -0.0782838 -0.209919 0.135008 -0.0686558 -0.21955 0.12521 -0.0772644 -0.210953 0.124789 -0.0762742 -0.21196 0.124611 -0.0753443 -0.212907 0.134957 -0.0686509 -0.219557 0.124401 -0.075054 -0.213079 0.124631 -0.0744063 -0.213862 0.124848 -0.073481 -0.214804 0.125212 -0.0722572 -0.215927 0.125262 -0.0725881 -0.215711 0.125858 -0.0717463 -0.216565 0.134905 -0.0686463 -0.219563 0.126623 -0.0709742 -0.217345 0.127546 -0.0702899 -0.218033 0.128601 -0.0697063 -0.218614 0.134802 -0.0686375 -0.219575 0.129766 -0.0692356 -0.219076 0.131016 -0.0688895 -0.219407 0.132323 -0.0686759 -0.219598 0.133659 -0.0685968 -0.219647 0.134699 -0.0686297 -0.219586 0.134492 -0.0686164 -0.219605 0.135316 -0.0686892 -0.219507 0.136145 -0.0692906 -0.220181 0.13529 -0.0686862 -0.219511 0.135265 -0.0686832 -0.219515 0.135239 -0.0686802 -0.219518 0.135213 -0.0686773 -0.219522 0.135188 -0.0686744 -0.219526 0.139186 -0.0588966 -0.188336 0.124632 -0.0666709 -0.206553 0.1358 -0.0599196 -0.187001 0.137271 -0.06909 -0.219031 0.135349 -0.0686934 -0.219501 0.13814 -0.0593464 -0.187776 0.124845 -0.0657183 -0.207429 0.139036 -0.0697832 -0.218247 0.137004 -0.0596899 -0.187329 0.12582 -0.0639231 -0.209065 0.126559 -0.0631156 -0.209788 0.140515 -0.0707334 -0.217191 0.131211 -0.0600069 -0.211057 0.130008 -0.0603604 -0.210809 0.128019 -0.0577736 -0.187263 0.132461 -0.0597727 -0.211179 0.133735 -0.0596614 -0.211172 0.130222 -0.0587382 -0.186414 0.131437 -0.0590516 -0.186168 0.127076 -0.0571396 -0.187847 0.135383 -0.0686976 -0.219496 0.125245 -0.0647965 -0.208272 0.141495 -0.0420166 -0.187989 0.140804 -0.041299 -0.188791 0.142026 -0.0427936 -0.187124 0.142385 -0.0436148 -0.186213 0.13243 -0.0397571 -0.192211 0.133696 -0.0396828 -0.192243 0.136197 -0.0399002 -0.191923 0.137382 -0.0401887 -0.191574 0.13496 -0.0397307 -0.192147 0.126265 -0.0564191 -0.188523 0.1256 -0.055627 -0.189275 0.125095 -0.0547783 -0.190086 0.134553 -0.0600309 -0.186799 0.132026 -0.0598869 -0.186782 0.130797 -0.0596332 -0.186965 0.136247 -0.0598117 -0.210765 0.135005 -0.0596753 -0.211033 0.137436 -0.0600673 -0.210372 0.133286 -0.0600199 -0.186726 0.129595 -0.0612389 -0.211383 0.127449 -0.0623909 -0.210424 0.128468 -0.0617615 -0.21096 0.138548 -0.0604356 -0.209859 0.142571 -0.04532 -0.184325 0.142568 -0.0444629 -0.185274 0.142391 -0.0461682 -0.183387 0.1404 -0.0416852 -0.18986 0.138492 -0.0405878 -0.191107 0.139506 -0.0410895 -0.190533 0.142034 -0.0469902 -0.182475 0.124611 -0.0529742 -0.191822 0.124765 -0.0538882 -0.190942 0.124637 -0.0520542 -0.19271 0.130806 -0.0608349 -0.211681 0.13338 -0.0604041 -0.21188 0.134687 -0.0603844 -0.211773 0.129624 -0.0592618 -0.187273 0.128528 -0.0587813 -0.187696 0.127533 -0.0582 -0.188226 0.140453 -0.0614722 -0.208518 0.139561 -0.060907 -0.209238 0.141207 -0.0621184 -0.207713 0.124845 -0.0511461 -0.193585 0.132077 -0.0605553 -0.211848 0.141508 -0.0477696 -0.181609 0.140821 -0.0484892 -0.180807 0.139989 -0.0491345 -0.180082 0.137391 -0.0691252 -0.218989 0.136374 -0.0688643 -0.219294 0.136113 -0.0688124 -0.219355 0.14116 -0.0423615 -0.189102 0.14222 -0.0438974 -0.187393 0.142495 -0.0447269 -0.186473 0.141772 -0.0431037 -0.188274 0.125229 -0.050267 -0.194429 0.125781 -0.0494332 -0.195226 0.126491 -0.0486617 -0.195957 0.125337 -0.0559611 -0.190338 0.124916 -0.0550977 -0.191165 0.142247 -0.0635929 -0.205911 0.14181 -0.0628303 -0.206839 0.142508 -0.0643903 -0.204947 0.12666 -0.0575268 -0.188852 0.138364 -0.0610884 -0.210649 0.137206 -0.0607313 -0.211153 0.125923 -0.0567756 -0.189561 0.135972 -0.0604947 -0.211529 0.137956 -0.0501502 -0.178924 0.139028 -0.0496922 -0.17945 0.136798 -0.0504997 -0.178512 0.142262 -0.047256 -0.183674 0.142596 -0.0455748 -0.185535 0.142518 -0.0464236 -0.184595 0.135575 -0.0507324 -0.178224 0.142496 -0.0660186 -0.202984 0.142592 -0.0652049 -0.203965 0.142219 -0.0668137 -0.202022 0.128323 -0.0473616 -0.197164 0.127344 -0.047967 -0.196607 0.129408 -0.0468575 -0.197613 0.139421 -0.0615558 -0.210029 0.141145 -0.0627785 -0.208485 0.141777 -0.0635042 -0.207593 0.124668 -0.0542013 -0.192028 0.124596 -0.0532894 -0.192907 0.124701 -0.0523795 -0.193785 0.141769 -0.0675737 -0.201099 0.130578 -0.0464636 -0.197947 0.140355 -0.0621235 -0.209303 0.134311 -0.0508424 -0.178066 0.133033 -0.0508292 -0.178037 0.131766 -0.0506917 -0.17814 0.13962 -0.0500979 -0.180502 0.141834 -0.0480555 -0.182786 0.1405 -0.0494912 -0.181185 0.141243 -0.0488059 -0.181951 0.141155 -0.0682823 -0.200229 0.14039 -0.0689234 -0.19943 0.134352 -0.0460036 -0.198187 0.133074 -0.0460336 -0.198236 0.131808 -0.0461871 -0.198156 0.124985 -0.0514889 -0.194642 0.126053 -0.0498301 -0.196228 0.126817 -0.0490942 -0.196922 0.139487 -0.069482 -0.198719 0.125438 -0.0506337 -0.195462 0.14251 -0.0651021 -0.205655 0.142596 -0.0659381 -0.204647 0.142236 -0.0642844 -0.206644 0.129369 -0.0500524 -0.178731 0.130537 -0.0504305 -0.178374 0.128286 -0.0495651 -0.179203 0.13862 -0.0506132 -0.179916 0.137521 -0.0510269 -0.179437 0.136344 -0.0513305 -0.179074 0.127311 -0.0489766 -0.179782 0.136834 -0.0463156 -0.197694 0.135613 -0.0460981 -0.198005 0.13799 -0.0466489 -0.197262 0.137348 -0.070309 -0.197604 0.138466 -0.0699474 -0.198107 0.136153 -0.0705563 -0.197222 0.127716 -0.0484389 -0.197532 0.128732 -0.0478764 -0.198043 0.142202 -0.0675879 -0.202655 0.141727 -0.0683647 -0.20171 0.129844 -0.0474174 -0.198446 0.142494 -0.0667731 -0.20364 0.139058 -0.04709 -0.196715 0.134908 -0.0706846 -0.196965 0.126463 -0.0482981 -0.180457 0.125758 -0.0475441 -0.181211 0.135112 -0.0515162 -0.178835 0.132583 -0.0515239 -0.178743 0.131336 -0.0513443 -0.178891 0.13385 -0.0515809 -0.178725 0.139331 -0.0702939 -0.199299 0.140014 -0.047631 -0.196064 0.140842 -0.0482602 -0.195319 0.140278 -0.0697342 -0.200015 0.125211 -0.0467292 -0.18203 0.133636 -0.0706908 -0.196838 0.132363 -0.0705731 -0.196841 0.13103 -0.0470696 -0.198731 0.13353 -0.0467319 -0.198925 0.134795 -0.0467456 -0.19883 0.141081 -0.0690859 -0.200824 0.132267 -0.04684 -0.198892 0.131115 -0.0703311 -0.196976 0.141524 -0.0489628 -0.194497 0.124634 -0.0449801 -0.183793 0.124834 -0.0458688 -0.182896 0.124614 -0.0440807 -0.184702 0.127958 -0.0501157 -0.180063 0.130135 -0.0510447 -0.179165 0.129001 -0.0506326 -0.179558 0.128793 -0.0694937 -0.197619 0.129917 -0.0699689 -0.197238 0.127765 -0.0689142 -0.19811 0.142397 -0.0505285 -0.192685 0.142047 -0.049724 -0.193614 0.142572 -0.051359 -0.191728 0.138264 -0.0707536 -0.19869 0.124775 -0.0431886 -0.185602 0.135859 -0.0713284 -0.197835 0.137099 -0.0711019 -0.198198 0.138349 -0.0475042 -0.197788 0.136036 -0.046882 -0.198605 0.137228 -0.0471375 -0.198255 0.142566 -0.0521977 -0.190764 0.126855 -0.0682402 -0.198701 0.125115 -0.0423211 -0.186477 0.125626 -0.0414951 -0.187309 0.127029 -0.0495019 -0.180669 0.125575 -0.0480361 -0.182133 0.125081 -0.0472126 -0.182962 0.130694 -0.0709499 -0.197738 0.126229 -0.048804 -0.181364 0.134571 -0.0714286 -0.197605 0.131961 -0.0712398 -0.197556 0.142378 -0.0530267 -0.189809 0.142014 -0.0538289 -0.188883 0.126297 -0.0407271 -0.188079 0.126081 -0.0674828 -0.199381 0.125456 -0.0666577 -0.200132 0.124995 -0.0657801 -0.200938 0.139376 -0.0479747 -0.197211 0.141066 -0.0491885 -0.19577 0.141698 -0.0499045 -0.194935 0.133262 -0.0713994 -0.197511 0.140287 -0.0485404 -0.196534 0.14148 -0.0545875 -0.188003 0.128065 -0.0394242 -0.189374 0.127115 -0.0400319 -0.188773 0.129127 -0.0389146 -0.189873 0.124634 -0.0445702 -0.185628 0.124756 -0.0463491 -0.183832 0.124606 -0.0454625 -0.184727 0.124601 -0.0639314 -0.20265 0.124709 -0.0648655 -0.201784 0.124672 -0.0629958 -0.203518 0.139951 -0.0559098 -0.18645 0.140788 -0.0552859 -0.187187 0.138985 -0.056445 -0.185806 0.130277 -0.0385126 -0.190257 0.127362 -0.0693704 -0.199035 0.129489 -0.0705359 -0.198051 0.128371 -0.070006 -0.198487 0.142168 -0.050674 -0.194043 0.142468 -0.0514813 -0.193112 0.142593 -0.0523094 -0.192159 0.124923 -0.0620765 -0.204369 0.13791 -0.0568807 -0.185268 0.131495 -0.038228 -0.190518 0.132756 -0.0380653 -0.190651 0.126469 -0.0412838 -0.188936 0.124841 -0.0436896 -0.186517 0.125768 -0.0420304 -0.188188 0.125221 -0.0428374 -0.187376 0.136749 -0.0572078 -0.184844 0.135525 -0.0574171 -0.184545 0.134034 -0.0380258 -0.190654 0.141335 -0.0554853 -0.188492 0.142539 -0.0531409 -0.191203 0.126487 -0.0686396 -0.199683 0.141904 -0.0547453 -0.189352 0.1252 -0.0669531 -0.201217 0.124818 -0.0660309 -0.202067 0.125351 -0.0611904 -0.205186 0.125942 -0.0603535 -0.20595 0.126687 -0.059582 -0.206646 0.142308 -0.0539583 -0.190261 0.125761 -0.0678282 -0.200416 0.134261 -0.0575044 -0.184374 0.136537 -0.0383201 -0.190266 0.135303 -0.0381108 -0.190526 0.137712 -0.038647 -0.189883 0.127312 -0.0406124 -0.189605 0.128281 -0.0400298 -0.190181 0.129355 -0.0395457 -0.190652 0.128579 -0.058293 -0.20777 0.127572 -0.0588914 -0.207256 0.131719 -0.0573085 -0.184425 0.132983 -0.0574686 -0.184334 0.129685 -0.0577968 -0.208175 0.130492 -0.057025 -0.184646 0.138805 -0.0390841 -0.189384 0.124798 -0.0631646 -0.204725 0.140614 -0.0561626 -0.187699 0.124623 -0.0650791 -0.202949 0.124615 -0.0641172 -0.203842 0.139753 -0.0567634 -0.186987 0.13877 -0.0572741 -0.18637 0.13087 -0.0574141 -0.208461 0.129328 -0.0566251 -0.184991 0.139791 -0.039624 -0.188776 0.140652 -0.0402545 -0.188073 0.134256 -0.0387543 -0.191332 0.130512 -0.0391696 -0.19101 0.132988 -0.0387717 -0.191353 0.131731 -0.0389105 -0.191245 0.128248 -0.0561165 -0.18545 0.127279 -0.0555067 -0.186016 0.141372 -0.0409622 -0.187288 0.125168 -0.0622401 -0.205579 0.137684 -0.057685 -0.185858 0.135293 -0.0581721 -0.185188 0.134034 -0.0582365 -0.185043 0.12643 -0.0605453 -0.207124 0.127296 -0.0598097 -0.207778 0.133381 -0.0570079 -0.208655 0.13211 -0.05715 -0.208623 0.134655 -0.0569908 -0.208556 0.136517 -0.0579872 -0.185461 0.125717 -0.0613612 -0.206384 0.126436 -0.0548079 -0.186676 0.142328 -0.0425503 -0.185538 0.141934 -0.0417329 -0.186438 0.142546 -0.043398 -0.184606 0.135511 -0.0388598 -0.191183 0.137114 -0.0573238 -0.20797 0.135907 -0.0570974 -0.208326 0.13825 -0.0576654 -0.207493 0.130608 -0.0582108 -0.209102 0.137883 -0.0394285 -0.190506 0.136727 -0.0390868 -0.190905 0.125196 -0.0532 -0.188219 0.125736 -0.0540343 -0.187415 0.124825 -0.0523212 -0.189069 0.142583 -0.0442584 -0.183661 0.128296 -0.059168 -0.208334 0.129408 -0.0586311 -0.20878 0.132767 -0.0581797 -0.185025 0.139292 -0.0581133 -0.206904 0.130307 -0.0577003 -0.185377 0.131517 -0.0580003 -0.185137 0.12463 -0.0514146 -0.189949 0.14244 -0.0451134 -0.182722 0.142118 -0.0459456 -0.181807 0.14145 -0.0417733 -0.187882 0.138953 -0.0398776 -0.189995 0.140753 -0.0410626 -0.188669 0.139916 -0.0404264 -0.189378 0.14022 -0.0586572 -0.206214 0.141014 -0.059286 -0.205434 0.124617 -0.0504979 -0.19084 0.124783 -0.0495889 -0.191723 0.141622 -0.046738 -0.180935 0.134481 -0.0577097 -0.20927 0.13577 -0.0578036 -0.209051 0.129163 -0.0572868 -0.185736 0.131872 -0.0579149 -0.209294 0.127159 -0.0561498 -0.186782 0.12634 -0.0554464 -0.187448 0.141659 -0.0599852 -0.20458 0.128106 -0.0567674 -0.186207 0.133172 -0.0577467 -0.209351 0.125127 -0.0487051 -0.19258 0.142143 -0.0607392 -0.203669 0.142454 -0.0615324 -0.202716 0.141989 -0.0425441 -0.187031 0.125644 -0.0478634 -0.193392 0.126319 -0.0470798 -0.194143 0.142562 -0.0442024 -0.185208 0.142363 -0.0433592 -0.186134 0.141196 -0.0472433 -0.180377 0.12714 -0.0463696 -0.194817 0.142586 -0.0623477 -0.20174 0.138187 -0.0583663 -0.208217 0.139261 -0.0588212 -0.207618 0.125663 -0.0546709 -0.18819 0.137015 -0.058024 -0.208698 0.124794 -0.0529619 -0.189841 0.125145 -0.0538375 -0.188993 0.141592 -0.0475107 -0.181571 0.142583 -0.0450565 -0.18427 0.142094 -0.0467274 -0.182434 0.142427 -0.0459039 -0.183339 0.14254 -0.0631672 -0.20076 0.142313 -0.0639729 -0.199795 0.128094 -0.0457473 -0.195398 0.129157 -0.045223 -0.195876 0.13031 -0.0448065 -0.19624 0.141909 -0.0647479 -0.198862 0.141031 -0.0600232 -0.206111 0.141688 -0.060743 -0.205232 0.140699 -0.0477181 -0.179851 0.140216 -0.0593774 -0.206911 0.124617 -0.0520606 -0.190716 0.140933 -0.0482381 -0.180767 0.139191 -0.0494645 -0.179402 0.138145 -0.0499396 -0.178865 0.140128 -0.0488939 -0.180039 0.124798 -0.0502501 -0.192475 0.124619 -0.0511508 -0.1916 0.131528 -0.0445075 -0.196481 0.13279 -0.0443303 -0.196593 0.140614 -0.0661408 -0.197162 0.141339 -0.0654759 -0.197979 0.139747 -0.0667269 -0.196429 0.142479 -0.0623363 -0.203313 0.142595 -0.0631745 -0.20231 0.134067 -0.0442762 -0.196576 0.142175 -0.0615195 -0.204294 0.137008 -0.0503095 -0.178439 0.135804 -0.0505646 -0.178134 0.134555 -0.0507002 -0.177956 0.125151 -0.0493753 -0.193322 0.138755 -0.0672224 -0.195792 0.125673 -0.0485431 -0.194125 0.126351 -0.0477688 -0.194867 0.133288 -0.0507148 -0.177906 0.130797 -0.050376 -0.178194 0.129622 -0.0500296 -0.178524 0.132027 -0.0506063 -0.177985 0.142259 -0.0648379 -0.200318 0.141812 -0.0656256 -0.199369 0.136485 -0.0679002 -0.194848 0.137661 -0.0676171 -0.195261 0.135334 -0.0443468 -0.196427 0.136566 -0.0445411 -0.196148 0.142522 -0.0640148 -0.201305 0.137739 -0.0448525 -0.195745 0.135251 -0.0680646 -0.194561 0.127531 -0.0490151 -0.179526 0.126656 -0.0483669 -0.180176 0.127172 -0.0470675 -0.195532 0.129181 -0.0459358 -0.196577 0.130325 -0.0455246 -0.196936 0.128526 -0.049573 -0.178972 0.128122 -0.0464533 -0.196105 0.125919 -0.0476403 -0.180909 0.132708 -0.068027 -0.194373 0.133983 -0.0681078 -0.194402 0.131451 -0.0678214 -0.194477 0.125335 -0.0468494 -0.18171 0.124915 -0.0460094 -0.182562 0.141192 -0.0663604 -0.198476 0.140412 -0.0670251 -0.197657 0.139486 -0.0676031 -0.196929 0.133759 -0.073761 -0.213044 0.139812 -0.0457982 -0.194599 0.138829 -0.0452743 -0.195226 0.14067 -0.0464121 -0.193878 0.124669 -0.0451362 -0.18345 0.124703 -0.043362 -0.185256 0.125012 -0.0424469 -0.186187 0.132787 -0.0450537 -0.197285 0.134055 -0.0449994 -0.197268 0.130236 -0.0674955 -0.194707 0.124597 -0.0442487 -0.184353 0.140315 -0.0786387 -0.208522 0.141235 -0.0778094 -0.209436 0.135483 -0.0687108 -0.21948 0.131536 -0.0452292 -0.197174 0.135517 -0.0687154 -0.219474 0.135583 -0.0687248 -0.219462 0.13565 -0.0687345 -0.21945 0.125505 -0.0415696 -0.187077 0.14174 -0.0718616 -0.21597 0.135416 -0.0687019 -0.219491 0.142344 -0.0731867 -0.214497 0.141638 -0.0718885 -0.21592 0.142708 -0.0745691 -0.213008 0.142592 -0.0745607 -0.212995 0.142374 -0.0759372 -0.211489 0.135716 -0.0687446 -0.219438 0.13545 -0.0687063 -0.219485 0.141934 -0.0768851 -0.210451 0.135783 -0.068755 -0.219425 0.135849 -0.0687658 -0.219412 0.139249 -0.0793184 -0.207767 0.138086 -0.0798481 -0.207171 0.136814 -0.0802475 -0.206714 0.138436 -0.0680827 -0.196306 0.136054 -0.0687022 -0.195418 0.134771 -0.0688255 -0.195171 0.141944 -0.0478568 -0.192207 0.141386 -0.0471033 -0.193075 0.142335 -0.0486565 -0.19129 0.135463 -0.0805039 -0.206407 0.134065 -0.0806114 -0.206257 0.129089 -0.0670545 -0.195059 0.128033 -0.0665055 -0.195525 0.127089 -0.0658591 -0.196094 0.132656 -0.0805687 -0.206266 0.136536 -0.0452579 -0.196848 0.137702 -0.0455635 -0.196452 0.135313 -0.0450678 -0.197122 0.131271 -0.0803747 -0.206435 0.137284 -0.0684529 -0.195798 0.129943 -0.0800326 -0.206759 0.128703 -0.0795529 -0.207229 0.142549 -0.0494864 -0.190342 0.127584 -0.0789464 -0.207833 0.126613 -0.0782255 -0.208557 0.125203 -0.0765175 -0.210287 0.125813 -0.0774092 -0.209382 0.1248 -0.0755707 -0.211249 0.124613 -0.0745915 -0.212246 0.12561 -0.0643215 -0.197491 0.126275 -0.0651265 -0.196755 0.125103 -0.0634598 -0.198288 0.124645 -0.0736042 -0.213252 0.124897 -0.0726326 -0.214241 0.142437 -0.0511651 -0.188425 0.142583 -0.0503286 -0.18938 0.14211 -0.0519782 -0.187495 0.125364 -0.0716998 -0.215189 0.133464 -0.0688202 -0.19506 0.132159 -0.0686832 -0.195088 0.130886 -0.0684165 -0.195253 0.124769 -0.062557 -0.199128 0.138787 -0.0459781 -0.195941 0.140627 -0.0470981 -0.194613 0.141346 -0.0477797 -0.193821 0.139768 -0.0464935 -0.195324 0.126031 -0.0708276 -0.216072 0.126884 -0.070038 -0.216869 0.127903 -0.0693504 -0.217559 0.12906 -0.0687792 -0.218125 0.130328 -0.0683384 -0.218554 0.129669 -0.0680257 -0.195549 0.127509 -0.0668996 -0.196505 0.126611 -0.0661862 -0.197142 0.140954 -0.0534686 -0.185778 0.141612 -0.0527514 -0.186606 0.140148 -0.0541137 -0.185025 0.124612 -0.0616297 -0.199995 0.124635 -0.0606962 -0.200868 0.124838 -0.0597741 -0.201729 0.142541 -0.0501359 -0.191118 0.131677 -0.0680406 -0.218832 0.142314 -0.0493142 -0.192057 0.128535 -0.0675168 -0.19597 0.141912 -0.0485236 -0.192964 0.135915 -0.068777 -0.219398 0.139208 -0.0546726 -0.184363 0.133074 -0.0678912 -0.218953 0.134483 -0.067892 -0.218916 0.13587 -0.0680451 -0.218718 0.125768 -0.0580325 -0.203343 0.125219 -0.0588809 -0.20256 0.126473 -0.0572455 -0.204063 0.137011 -0.0554904 -0.183358 0.138155 -0.0551349 -0.183804 0.124864 -0.0636137 -0.19951 0.135981 -0.0687884 -0.219384 0.135798 -0.0557291 -0.183034 0.138444 -0.0687813 -0.217866 0.137201 -0.0683443 -0.218365 0.139568 -0.0693469 -0.21723 0.125861 -0.0653895 -0.197867 0.125275 -0.0645264 -0.198662 0.142592 -0.0509712 -0.190164 0.142162 -0.0526132 -0.188288 0.141687 -0.053386 -0.1874 0.127323 -0.0565353 -0.204701 0.142465 -0.0518028 -0.189215 0.140545 -0.0700253 -0.216475 0.141353 -0.0707993 -0.215618 0.141969 -0.0716501 -0.214678 0.12464 -0.0626685 -0.200392 0.133264 -0.0558422 -0.182773 0.13454 -0.0558471 -0.182839 0.131994 -0.0557119 -0.182839 0.124758 -0.0607587 -0.202178 0.125101 -0.0598323 -0.203041 0.139358 -0.0553242 -0.185141 0.129381 -0.0553933 -0.205684 0.128299 -0.0559141 -0.205245 0.130547 -0.0549821 -0.206007 0.140273 -0.0547566 -0.185811 0.14238 -0.0725558 -0.21368 0.141054 -0.0541058 -0.186569 0.124604 -0.0617104 -0.201288 0.130757 -0.055459 -0.183036 0.139244 -0.0698892 -0.218124 0.140764 -0.0709359 -0.216958 0.142552 -0.0744409 -0.211603 0.142577 -0.0734939 -0.212647 0.142308 -0.0753726 -0.210575 0.13304 -0.0545186 -0.206275 0.131775 -0.0546893 -0.206206 0.134316 -0.0544709 -0.206216 0.126313 -0.058126 -0.204612 0.127158 -0.0573808 -0.205285 0.125623 -0.0589489 -0.203858 0.128477 -0.0546053 -0.183795 0.129576 -0.055088 -0.183356 0.127481 -0.0540206 -0.184342 0.138329 -0.0557982 -0.18457 0.136013 -0.0564256 -0.183766 0.134771 -0.0565641 -0.183549 0.137207 -0.0561687 -0.184108 0.14119 -0.0770992 -0.20866 0.141851 -0.0762664 -0.209586 0.140344 -0.0778499 -0.20782 0.136799 -0.0547474 -0.205704 0.135577 -0.054548 -0.206024 0.137956 -0.0550628 -0.205262 0.142184 -0.072786 -0.214914 0.141556 -0.0717693 -0.216036 0.125876 -0.0525888 -0.185713 0.126608 -0.0533442 -0.184986 0.128139 -0.0567273 -0.20586 0.125299 -0.0517701 -0.186507 0.130424 -0.0557423 -0.206672 0.13168 -0.0554309 -0.206887 0.139026 -0.0554867 -0.204705 0.131005 -0.0562499 -0.18367 0.132242 -0.0564767 -0.183501 0.139333 -0.0785004 -0.207085 0.129236 -0.0561777 -0.206326 0.133505 -0.056582 -0.18346 0.124889 -0.0509033 -0.187352 0.14243 -0.0757367 -0.211663 0.142084 -0.0765948 -0.210714 0.139986 -0.0560098 -0.204043 0.142529 -0.0738629 -0.213728 0.140817 -0.0566216 -0.203289 0.13818 -0.079033 -0.206473 0.136916 -0.0794345 -0.205999 0.142586 -0.0748529 -0.212637 0.13557 -0.0796955 -0.205672 0.141504 -0.0573071 -0.202457 0.124603 -0.0490918 -0.189125 0.124657 -0.0500045 -0.188231 0.12473 -0.0481831 -0.190014 0.12982 -0.0559059 -0.183963 0.127696 -0.0548919 -0.184893 0.126799 -0.0542411 -0.185511 0.134287 -0.0551946 -0.206911 0.135582 -0.0552724 -0.206716 0.132977 -0.055248 -0.206967 0.12871 -0.0554502 -0.184374 0.134175 -0.0798069 -0.205502 0.132767 -0.0797665 -0.205491 0.131378 -0.0795757 -0.205638 0.141554 -0.0774082 -0.209812 0.14085 -0.0781581 -0.208976 0.13999 -0.0788286 -0.208224 0.142389 -0.05884 -0.200622 0.142033 -0.0580516 -0.201562 0.142569 -0.059655 -0.199653 0.125517 -0.0464473 -0.191708 0.125037 -0.047296 -0.190882 0.126159 -0.0456529 -0.192478 0.138019 -0.0558074 -0.205926 0.13911 -0.0562496 -0.205347 0.136834 -0.0554789 -0.206385 0.124975 -0.0518615 -0.187814 0.14257 -0.0604789 -0.198675 0.126038 -0.053509 -0.186214 0.125426 -0.0527108 -0.186987 0.12695 -0.0449294 -0.193173 0.130045 -0.0792362 -0.205941 0.128798 -0.0787567 -0.206391 0.138992 -0.0794045 -0.20757 0.141603 -0.0581468 -0.203009 0.136668 -0.0802214 -0.206613 0.135393 -0.0804451 -0.206328 0.14092 -0.0574334 -0.203874 0.142389 -0.0612938 -0.197707 0.142032 -0.0620824 -0.196767 0.127668 -0.0781496 -0.206975 0.140085 -0.0567956 -0.204659 0.137876 -0.0798719 -0.207029 0.127877 -0.0442906 -0.193778 0.128918 -0.0437473 -0.194284 0.141504 -0.0628281 -0.195873 0.130054 -0.0433108 -0.194676 0.124698 -0.0509764 -0.188679 0.12467 -0.049168 -0.19045 0.124924 -0.0482797 -0.191318 0.124596 -0.0500727 -0.189563 0.126684 -0.0774273 -0.207679 0.12587 -0.0766067 -0.208486 0.132754 -0.0804922 -0.206179 0.131448 -0.0803158 -0.206314 0.139988 -0.0641269 -0.194287 0.140819 -0.0635149 -0.19504 0.125244 -0.0757088 -0.209374 0.139027 -0.0646508 -0.193627 0.134079 -0.0805356 -0.206183 0.142116 -0.0589199 -0.202082 0.142446 -0.0597359 -0.201109 0.14259 -0.060576 -0.200112 0.132515 -0.0427886 -0.195092 0.131261 -0.0429896 -0.194947 0.133791 -0.0427115 -0.195106 0.126678 -0.0458759 -0.19365 0.137957 -0.0650765 -0.19307 0.12535 -0.0474244 -0.192153 0.125939 -0.0466178 -0.192935 0.135063 -0.0427593 -0.194988 0.129003 -0.0795747 -0.206992 0.127916 -0.0790272 -0.207516 0.124823 -0.0747539 -0.210321 0.124619 -0.0737642 -0.211303 0.124633 -0.0727639 -0.212296 0.130189 -0.0800078 -0.206587 0.142544 -0.0614211 -0.199109 0.141888 -0.0630498 -0.197169 0.141292 -0.0637973 -0.196269 0.1368 -0.0653934 -0.192629 0.135578 -0.0655932 -0.192311 0.134317 -0.0656719 -0.192121 0.142309 -0.0622519 -0.198121 0.136305 -0.0429297 -0.194741 0.137492 -0.0432203 -0.194367 0.138602 -0.0436227 -0.193876 0.129652 -0.0441715 -0.195246 0.130828 -0.0438124 -0.195557 0.127557 -0.0452137 -0.194281 0.128555 -0.044642 -0.194817 0.125476 -0.076812 -0.209688 0.126953 -0.0783751 -0.20815 0.126134 -0.0776309 -0.20888 0.125316 -0.0708264 -0.214213 0.124866 -0.0717769 -0.213274 0.125967 -0.0699343 -0.215089 0.126787 -0.0691361 -0.215867 0.131775 -0.0654584 -0.192133 0.13304 -0.065627 -0.192062 0.130547 -0.0651666 -0.192335 0.138595 -0.0655704 -0.194067 0.140535 -0.064477 -0.195442 0.139629 -0.0650722 -0.194703 0.140497 -0.0447278 -0.192577 0.139611 -0.0441283 -0.193276 0.12938 -0.064758 -0.19266 0.141245 -0.0454075 -0.191793 0.134587 -0.0434498 -0.195739 0.132059 -0.04357 -0.195746 0.13332 -0.0434484 -0.195807 0.124688 -0.0731421 -0.213329 0.124994 -0.0759354 -0.210557 0.124597 -0.0740806 -0.212398 0.141839 -0.0461522 -0.190941 0.12775 -0.0684461 -0.21653 0.128846 -0.0678623 -0.217081 0.124699 -0.0750184 -0.211467 0.13005 -0.0673968 -0.217506 0.137456 -0.0659607 -0.193546 0.134958 -0.0663775 -0.192886 0.133652 -0.066394 -0.19276 0.128297 -0.0642405 -0.1931 0.127322 -0.0636217 -0.193647 0.126474 -0.0629132 -0.194289 0.136235 -0.0662318 -0.19315 0.142267 -0.046947 -0.190037 0.142518 -0.0477758 -0.189097 0.142591 -0.0486205 -0.18814 0.135834 -0.0435729 -0.195543 0.13817 -0.044172 -0.194778 0.139215 -0.0446333 -0.194225 0.131334 -0.0670612 -0.217793 0.137036 -0.0438155 -0.19522 0.13267 -0.0668624 -0.217935 0.124974 -0.0722228 -0.21424 0.134027 -0.0668019 -0.21793 0.125447 -0.0713414 -0.215109 0.126095 -0.0705158 -0.215919 0.125218 -0.0612838 -0.195797 0.125767 -0.062129 -0.195011 0.124838 -0.0603934 -0.196632 0.129838 -0.0656652 -0.193201 0.132345 -0.0662802 -0.19277 0.131064 -0.066036 -0.192919 0.142195 -0.0502866 -0.186251 0.142484 -0.0494634 -0.187185 0.141733 -0.0510735 -0.185355 0.124636 -0.0594741 -0.197497 0.135374 -0.0668814 -0.217777 0.13668 -0.0671003 -0.217475 0.140147 -0.0451911 -0.19357 0.140948 -0.045834 -0.192826 0.141605 -0.0465471 -0.192008 0.141108 -0.0518077 -0.184516 0.126905 -0.0697642 -0.21665 0.128943 -0.0685439 -0.21781 0.127862 -0.0691029 -0.217284 0.12869 -0.0651764 -0.193608 0.12673 -0.0638802 -0.194759 0.125958 -0.0630979 -0.195476 0.124768 -0.0576205 -0.199243 0.124612 -0.0585438 -0.198373 0.125104 -0.0567215 -0.200087 0.127647 -0.064578 -0.194131 0.140331 -0.0524726 -0.183749 0.139418 -0.0530549 -0.18307 0.138388 -0.0535427 -0.182491 0.142104 -0.047316 -0.191131 0.139056 -0.0679225 -0.216465 0.137917 -0.0674504 -0.217035 0.140069 -0.0685073 -0.215775 0.142584 -0.0489589 -0.189267 0.142561 -0.0497985 -0.188316 0.142432 -0.0481256 -0.190211 0.130124 -0.0680984 -0.218216 0.132684 -0.0675864 -0.218625 0.134008 -0.0675272 -0.21862 0.13138 -0.0677773 -0.218489 0.126277 -0.0550624 -0.201629 0.125611 -0.0558634 -0.200888 0.127091 -0.0543344 -0.202293 0.12466 -0.060405 -0.197993 0.125347 -0.0622467 -0.196266 0.124911 -0.0613432 -0.197111 0.128036 -0.0536925 -0.202866 0.136061 -0.054193 -0.181676 0.137261 -0.0539246 -0.182024 0.134811 -0.0543412 -0.181456 0.141635 -0.0699525 -0.214102 0.140935 -0.0691897 -0.214981 0.142152 -0.070778 -0.213155 0.142358 -0.0506267 -0.187377 0.141981 -0.0514268 -0.186468 0.141438 -0.0521829 -0.185606 0.1366 -0.067808 -0.218187 0.137813 -0.0681403 -0.217768 0.133536 -0.0543655 -0.181366 0.142472 -0.0716472 -0.212162 0.135323 -0.0676012 -0.218474 0.129093 -0.0531484 -0.203337 0.13024 -0.0527115 -0.203694 0.124598 -0.059451 -0.198892 0.125041 -0.0575731 -0.200659 0.125539 -0.056686 -0.201488 0.131455 -0.0523912 -0.203929 0.124725 -0.0585007 -0.199787 0.132262 -0.0542662 -0.181407 0.131015 -0.0540431 -0.181579 0.129821 -0.0536994 -0.181878 0.14074 -0.0528787 -0.184807 0.138935 -0.0540328 -0.183461 0.137863 -0.0544675 -0.182939 0.13994 -0.069147 -0.216564 0.140807 -0.0697998 -0.215804 0.1399 -0.0534993 -0.184088 0.142509 -0.0734317 -0.210124 0.142593 -0.0725388 -0.211144 0.14222 -0.0743044 -0.209125 0.138935 -0.0685895 -0.217223 0.132713 -0.0521925 -0.204035 0.133989 -0.0521167 -0.204012 0.135257 -0.0521654 -0.203857 0.127031 -0.0551035 -0.202944 0.127994 -0.0544398 -0.203537 0.126207 -0.055857 -0.202256 0.127681 -0.0526838 -0.182823 0.128702 -0.0532437 -0.182296 0.126782 -0.0520287 -0.183452 0.14206 -0.0713263 -0.214047 0.142416 -0.0721667 -0.213086 0.141068 -0.0759096 -0.207271 0.141736 -0.075137 -0.208167 0.140228 -0.0766022 -0.206459 0.134236 -0.0550967 -0.182084 0.136708 -0.0547941 -0.18253 0.135491 -0.0550058 -0.182243 0.141519 -0.0705316 -0.214959 0.126019 -0.0512922 -0.184166 0.136491 -0.0523376 -0.203573 0.139238 -0.0771996 -0.205747 0.137667 -0.0526275 -0.203165 0.138762 -0.053028 -0.20264 0.130254 -0.0534303 -0.20439 0.131502 -0.0531048 -0.204627 0.129077 -0.0538787 -0.204023 0.125407 -0.0504893 -0.184951 0.124962 -0.0496346 -0.18579 0.124692 -0.0487446 -0.186667 0.129338 -0.0542501 -0.182725 0.132968 -0.0550659 -0.182053 0.142582 -0.0730331 -0.212097 0.130495 -0.0546393 -0.182377 0.142331 -0.0747655 -0.210117 0.141919 -0.0755924 -0.209167 0.138121 -0.0776879 -0.205149 0.1369 -0.0780529 -0.20468 0.135603 -0.0782865 -0.204349 0.131712 -0.0549133 -0.182151 0.142555 -0.0739061 -0.2111 0.140618 -0.0541245 -0.201278 0.139753 -0.0535303 -0.202007 0.141343 -0.0547963 -0.200467 0.134106 -0.0528397 -0.204695 0.132795 -0.0529076 -0.204729 0.141914 -0.0555309 -0.199591 0.124689 -0.0469293 -0.188458 0.1246 -0.0478368 -0.187562 0.124959 -0.0460396 -0.189335 0.139657 -0.0776963 -0.206711 0.132905 -0.0783392 -0.204121 0.134262 -0.0783835 -0.204161 0.131564 -0.0781538 -0.20423 0.128266 -0.0537539 -0.183186 0.127299 -0.0531584 -0.183751 0.126459 -0.0524743 -0.184411 0.141328 -0.0763686 -0.20827 0.140568 -0.0770753 -0.207446 0.125402 -0.0451846 -0.190175 0.138967 -0.0538424 -0.203216 0.135404 -0.0529031 -0.204523 0.137861 -0.0534116 -0.203776 0.142315 -0.0563134 -0.198663 0.14254 -0.0571271 -0.197703 0.130269 -0.0778315 -0.204482 0.136665 -0.0530958 -0.204214 0.142587 -0.0579542 -0.196729 0.126011 -0.0443811 -0.190961 0.126773 -0.043645 -0.191677 0.125759 -0.0517159 -0.185149 0.124633 -0.0491426 -0.187678 0.134942 -0.0790791 -0.204925 0.124837 -0.0500343 -0.186799 0.138616 -0.0782189 -0.206079 0.136232 -0.0789183 -0.205178 0.129049 -0.0773773 -0.204872 0.127933 -0.076802 -0.20539 0.125214 -0.0508976 -0.18595 0.127672 -0.0429901 -0.192307 0.137467 -0.0786298 -0.205564 0.127024 -0.0761788 -0.205965 0.142139 -0.0595774 -0.194815 0.142453 -0.0587769 -0.19576 0.141653 -0.0603392 -0.19391 0.139959 -0.0543784 -0.202545 0.140814 -0.0550084 -0.201776 0.141519 -0.0557162 -0.200925 0.141007 -0.0610462 -0.193063 0.126086 -0.0753088 -0.206781 0.125285 -0.0742163 -0.207817 0.129809 -0.0419733 -0.193258 0.128691 -0.0424297 -0.192837 0.131002 -0.0416299 -0.193559 0.124606 -0.0482398 -0.188569 0.124758 -0.0473435 -0.189454 0.125086 -0.0464705 -0.190314 0.131009 -0.0787612 -0.205007 0.133622 -0.0791075 -0.204811 0.132301 -0.0790006 -0.204839 0.124889 -0.0733641 -0.208631 0.132249 -0.0414075 -0.193733 0.142562 -0.0589922 -0.197052 0.142056 -0.0564859 -0.200008 0.142581 -0.0581428 -0.198052 0.140211 -0.0616823 -0.192292 0.139281 -0.0622331 -0.19161 0.138236 -0.0626883 -0.19103 0.142412 -0.0573009 -0.199044 0.133522 -0.0413079 -0.193778 0.134798 -0.0413321 -0.193692 0.129772 -0.078393 -0.205309 0.127571 -0.0773017 -0.206286 0.126708 -0.0766455 -0.206895 0.125582 -0.0456373 -0.191132 0.127038 -0.0441539 -0.192575 0.127969 -0.0435318 -0.193171 0.124601 -0.0715313 -0.210387 0.124656 -0.072455 -0.209502 0.124722 -0.0706374 -0.211243 0.126237 -0.0448602 -0.19189 0.128618 -0.077903 -0.205739 0.136048 -0.0414812 -0.193475 0.125131 -0.069511 -0.212317 0.135891 -0.0632708 -0.190215 0.137099 -0.0630372 -0.190562 0.134637 -0.0633839 -0.189996 0.141383 -0.0613962 -0.194204 0.142353 -0.0598299 -0.196064 0.141956 -0.0606371 -0.195109 0.133362 -0.0633738 -0.189907 0.125086 -0.0745656 -0.208866 0.124764 -0.0736974 -0.209696 0.138377 -0.0421341 -0.192667 0.137249 -0.0417511 -0.19313 0.139409 -0.0426225 -0.192092 0.125912 -0.0683241 -0.213439 0.127003 -0.067267 -0.214423 0.125814 -0.0757181 -0.207769 0.131347 -0.0422778 -0.194313 0.129012 -0.0430059 -0.193665 0.130146 -0.042585 -0.194049 0.140322 -0.0432074 -0.191415 0.140646 -0.0620899 -0.193369 0.138741 -0.0632169 -0.191974 0.137614 -0.0636261 -0.19144 0.132091 -0.06324 -0.189949 0.130851 -0.0629823 -0.190122 0.129667 -0.0626057 -0.19042 0.139759 -0.0627012 -0.192621 0.1411 -0.0438751 -0.190652 0.141728 -0.0446111 -0.189816 0.132595 -0.0420909 -0.19445 0.124863 -0.0708725 -0.212401 0.135123 -0.0420815 -0.19434 0.136354 -0.0422604 -0.194092 0.129022 -0.0660535 -0.215512 0.127908 -0.0666372 -0.214997 0.130238 -0.0655899 -0.2159 0.124607 -0.0727558 -0.210598 0.124639 -0.0718077 -0.211507 0.133862 -0.0420251 -0.19446 0.14219 -0.0454008 -0.188924 0.131419 -0.0652798 -0.216134 0.127556 -0.0615274 -0.19136 0.12856 -0.0621183 -0.190835 0.126674 -0.0608435 -0.191983 0.133827 -0.0641217 -0.19061 0.136403 -0.0639175 -0.19103 0.135132 -0.0640842 -0.190752 0.12593 -0.0600804 -0.19269 0.125273 -0.0699686 -0.213261 0.126609 -0.0683263 -0.214805 0.127507 -0.0676212 -0.215453 0.134618 -0.0650136 -0.21617 0.132915 -0.0650573 -0.216254 0.14259 -0.047074 -0.187041 0.14248 -0.0462275 -0.187993 0.142519 -0.0479223 -0.186088 0.13753 -0.0425565 -0.193721 0.125859 -0.0691139 -0.214069 0.139628 -0.0434697 -0.192639 0.138629 -0.0429621 -0.193233 0.135839 -0.0651209 -0.215961 0.142269 -0.0487548 -0.185151 0.132519 -0.0640291 -0.190606 0.129998 -0.063455 -0.191008 0.128838 -0.062985 -0.191402 0.12467 -0.0574649 -0.195155 0.124917 -0.0583753 -0.194293 0.12534 -0.0592524 -0.193465 0.131233 -0.0638059 -0.190739 0.131002 -0.0661007 -0.216756 0.141843 -0.0495544 -0.184249 0.14125 -0.0503043 -0.1834 0.142264 -0.0462823 -0.189437 0.140506 -0.0440694 -0.191947 0.141838 -0.0454901 -0.190331 0.138193 -0.0656956 -0.215155 0.13705 -0.0653512 -0.215619 0.139215 -0.0661323 -0.214596 0.128478 -0.0670423 -0.215972 0.12984 -0.0664499 -0.216481 0.141248 -0.0447476 -0.191173 0.140505 -0.050989 -0.18262 0.124712 -0.0556157 -0.196911 0.124601 -0.0565391 -0.196034 0.125004 -0.0547125 -0.197766 0.140374 -0.0668336 -0.213728 0.126844 -0.0617223 -0.192532 0.126051 -0.060954 -0.193242 0.127779 -0.0624042 -0.191914 0.132213 -0.0658654 -0.216911 0.136212 -0.0659042 -0.21656 0.135002 -0.0657603 -0.216808 0.14142 -0.0677754 -0.212589 0.142151 -0.0688394 -0.21132 0.138611 -0.0521048 -0.181328 0.139619 -0.0515933 -0.181925 0.137502 -0.0525138 -0.180839 0.142518 -0.0471076 -0.188508 0.133764 -0.0657339 -0.216931 0.142596 -0.0479493 -0.187561 0.142494 -0.0487897 -0.186617 0.126097 -0.0530327 -0.199344 0.125469 -0.0538461 -0.198583 0.126876 -0.0522886 -0.200033 0.136316 -0.0528102 -0.180469 0.125418 -0.0601144 -0.194027 0.124683 -0.0582892 -0.195751 0.124595 -0.0573396 -0.196653 0.12779 -0.0516275 -0.200633 0.124958 -0.0592204 -0.194869 0.139154 -0.0668283 -0.215324 0.140427 -0.0675977 -0.214372 0.135073 -0.0529864 -0.180226 0.133801 -0.0530402 -0.180112 0.14259 -0.0704895 -0.209365 0.142453 -0.0696167 -0.210398 0.142524 -0.0713653 -0.208329 0.140397 -0.0518037 -0.183207 0.142217 -0.0496118 -0.185692 0.141157 -0.0511343 -0.18397 0.137667 -0.0662462 -0.216077 0.142286 -0.0721512 -0.207396 0.141768 -0.0503986 -0.184804 0.128822 -0.0510617 -0.201134 0.129948 -0.0506007 -0.201523 0.132525 -0.0529704 -0.180129 0.131149 -0.0502544 -0.201793 0.124989 -0.055463 -0.198433 0.125464 -0.054573 -0.199272 0.124697 -0.0563912 -0.197553 0.141769 -0.0730666 -0.206302 0.140916 -0.0740077 -0.205164 0.142148 -0.0695593 -0.212017 0.141438 -0.0685207 -0.213256 0.130063 -0.0524598 -0.180555 0.13127 -0.0527756 -0.180278 0.128926 -0.0520304 -0.180952 0.1395 -0.0523919 -0.182529 0.137377 -0.0532811 -0.181477 0.138487 -0.0528875 -0.181949 0.133673 -0.0499262 -0.201947 0.132399 -0.050029 -0.201934 0.134946 -0.0499477 -0.201828 0.127884 -0.0514941 -0.181462 0.126915 -0.052978 -0.200756 0.127861 -0.0523053 -0.201366 0.12611 -0.0537389 -0.200052 0.136191 -0.0500934 -0.201579 0.139183 -0.0751508 -0.203742 0.140126 -0.0746133 -0.204419 0.138127 -0.075591 -0.203166 0.142452 -0.0703367 -0.211095 0.142535 -0.0720425 -0.209076 0.142286 -0.072881 -0.208081 0.126958 -0.0508611 -0.182074 0.126164 -0.0501443 -0.182775 0.136192 -0.0535628 -0.181123 0.133691 -0.0537682 -0.180794 0.132425 -0.0536888 -0.180821 0.137014 -0.0759153 -0.202716 0.14259 -0.0711878 -0.210088 0.134955 -0.0537257 -0.180895 0.130096 -0.0512737 -0.202257 0.131337 -0.0509355 -0.202515 0.137384 -0.0503583 -0.201204 0.138501 -0.050736 -0.20071 0.125521 -0.049357 -0.18355 0.12893 -0.0517338 -0.20187 0.13952 -0.0512176 -0.200107 0.135479 -0.0761709 -0.202304 0.133683 -0.0762276 -0.202084 0.141232 -0.074434 -0.206219 0.140505 -0.0750734 -0.205438 0.125041 -0.0485151 -0.184383 0.124733 -0.0476347 -0.185257 0.141847 -0.0736841 -0.207122 0.124604 -0.0467326 -0.186154 0.131183 -0.0534864 -0.180979 0.141179 -0.0524519 -0.198614 0.140418 -0.0517941 -0.199403 0.141789 -0.0531762 -0.197755 0.132626 -0.0507251 -0.202638 0.128865 -0.052733 -0.181662 0.129989 -0.0531655 -0.181261 0.133936 -0.050644 -0.202625 0.135238 -0.0506942 -0.202474 0.142232 -0.0539522 -0.196842 0.130685 -0.0757585 -0.202304 0.131884 -0.0760341 -0.202126 0.129438 -0.0753288 -0.202635 0.137972 -0.0763719 -0.203783 0.136848 -0.0766808 -0.203348 0.124656 -0.0458269 -0.187054 0.124888 -0.0449355 -0.18794 0.139409 -0.0757639 -0.204576 0.125297 -0.0440757 -0.188793 0.128286 -0.0747751 -0.203094 0.127837 -0.0521958 -0.182173 0.139838 -0.052125 -0.200573 0.136505 -0.050874 -0.202186 0.13883 -0.0515982 -0.201226 0.142501 -0.0547636 -0.195892 0.142592 -0.0555928 -0.194922 0.142502 -0.0564218 -0.193954 0.12614 -0.0508502 -0.183482 0.126922 -0.0515641 -0.182784 0.137711 -0.0511781 -0.201767 0.133056 -0.0769165 -0.202757 0.134298 -0.0769641 -0.202818 0.127254 -0.0741076 -0.203674 0.126392 -0.0733632 -0.204337 0.125873 -0.0432636 -0.189595 0.126603 -0.0425155 -0.19033 0.135594 -0.0768864 -0.203016 0.125702 -0.0725656 -0.205059 0.127476 -0.0418469 -0.190982 0.125505 -0.0500674 -0.184253 0.124727 -0.0483573 -0.185948 0.1246 -0.047462 -0.186838 0.141787 -0.0580096 -0.192091 0.142232 -0.0572332 -0.193004 0.141179 -0.0587352 -0.191232 0.125031 -0.0492312 -0.185081 0.140713 -0.0527476 -0.199818 0.141437 -0.0534502 -0.19898 0.141997 -0.0542166 -0.198074 0.140418 -0.0593937 -0.190443 0.131506 -0.0766887 -0.202857 0.124808 -0.070807 -0.206675 0.125169 -0.0717085 -0.205844 0.124623 -0.0698781 -0.207533 0.129129 -0.0759245 -0.20343 0.130322 -0.0763774 -0.203073 0.129572 -0.0407946 -0.191984 0.128473 -0.0412699 -0.191537 0.130752 -0.0404312 -0.192314 0.124617 -0.0689395 -0.208402 0.124877 -0.0456782 -0.188612 0.125279 -0.0448241 -0.189459 0.12465 -0.0465632 -0.187732 0.142376 -0.0550308 -0.197118 0.142575 -0.0567274 -0.195135 0.142389 -0.0575714 -0.194147 0.139519 -0.0599701 -0.189742 0.1385 -0.0604532 -0.189139 0.137383 -0.0608326 -0.188646 0.14257 -0.0558741 -0.196131 0.126232 -0.0739269 -0.205174 0.125558 -0.0730932 -0.205931 0.128031 -0.0753563 -0.203909 0.124792 -0.0680092 -0.20926 0.125145 -0.0671046 -0.210091 0.125667 -0.0662419 -0.210877 0.12706 -0.0746857 -0.204495 0.133261 -0.040066 -0.192593 0.13199 -0.0401876 -0.192518 0.134538 -0.0400687 -0.192537 0.127424 -0.0426036 -0.19164 0.126564 -0.0432712 -0.190989 0.125845 -0.0440165 -0.190257 0.135795 -0.0401967 -0.192349 0.134945 -0.0612449 -0.188025 0.13619 -0.0610984 -0.188273 0.133672 -0.0612684 -0.187908 0.140748 -0.059864 -0.19144 0.142016 -0.0583874 -0.19319 0.141465 -0.0591573 -0.192282 0.132397 -0.0611683 -0.187921 0.127175 -0.064707 -0.212246 0.126347 -0.0654372 -0.211601 0.128131 -0.0640632 -0.212799 0.125055 -0.0722004 -0.20675 0.124735 -0.0712655 -0.207612 0.124601 -0.0703071 -0.208499 0.138154 -0.0408094 -0.191597 0.137009 -0.0404453 -0.192034 0.139207 -0.0412814 -0.191047 0.128407 -0.0420256 -0.192197 0.129196 -0.0635171 -0.213248 0.130657 -0.041178 -0.192984 0.131882 -0.0409266 -0.193197 0.129491 -0.0415471 -0.192648 0.139879 -0.0604904 -0.190684 0.137761 -0.0614496 -0.189481 0.136559 -0.06176 -0.189058 0.129947 -0.0605988 -0.188338 0.131148 -0.0609439 -0.188066 0.128819 -0.060141 -0.188729 0.138876 -0.0610225 -0.190027 0.124656 -0.0693446 -0.209389 0.125332 -0.0674834 -0.211099 0.125936 -0.0666203 -0.211882 0.13035 -0.0630798 -0.213581 0.131569 -0.062758 -0.213792 0.132828 -0.0625568 -0.213874 0.140954 -0.0425059 -0.18965 0.140146 -0.0418505 -0.190394 0.141613 -0.0432332 -0.188831 0.13566 -0.0408996 -0.193067 0.124901 -0.0683972 -0.210262 0.134409 -0.0407856 -0.19324 0.133141 -0.0407951 -0.193283 0.126875 -0.0589188 -0.189836 0.127788 -0.0595781 -0.189232 0.126096 -0.0581769 -0.190527 0.142111 -0.0440166 -0.187953 0.132682 -0.0619313 -0.188592 0.135294 -0.0619464 -0.188766 0.133992 -0.0620038 -0.188611 0.125467 -0.0573669 -0.191291 0.135368 -0.0625257 -0.213646 0.134103 -0.0624797 -0.213825 0.136597 -0.0626934 -0.213338 0.126701 -0.0658259 -0.212591 0.127614 -0.0651162 -0.213211 0.128653 -0.0645031 -0.213728 0.142583 -0.0456883 -0.186086 0.142436 -0.0448406 -0.187031 0.14255 -0.0465415 -0.185134 0.137766 -0.0629793 -0.212906 0.136871 -0.041133 -0.192768 0.139074 -0.0419357 -0.191817 0.140024 -0.0424879 -0.191183 0.138017 -0.0414807 -0.192349 0.124714 -0.0556028 -0.19297 0.125003 -0.0565035 -0.192111 0.124601 -0.0546825 -0.193851 0.131391 -0.0617279 -0.188712 0.128977 -0.0609441 -0.189351 0.127921 -0.0603906 -0.189842 0.130148 -0.0613961 -0.188968 0.129796 -0.0639989 -0.214129 0.132297 -0.0633525 -0.214546 0.133603 -0.0632213 -0.214551 0.139831 -0.06387 -0.211704 0.138851 -0.0633745 -0.212358 0.140684 -0.0644564 -0.210955 0.141943 -0.0481933 -0.183289 0.142336 -0.0473822 -0.184196 0.141384 -0.0489584 -0.182431 0.141523 -0.0438383 -0.189655 0.142044 -0.0446076 -0.188792 0.131019 -0.0636134 -0.214403 0.140845 -0.0431265 -0.190457 0.124919 -0.0528541 -0.195599 0.124669 -0.0537603 -0.194733 0.125343 -0.0519807 -0.19643 0.140668 -0.0496614 -0.181639 0.126203 -0.0590244 -0.191102 0.125555 -0.0582304 -0.19185 0.126997 -0.0597492 -0.190428 0.125932 -0.0511563 -0.19721 0.141953 -0.0658435 -0.209231 0.141396 -0.0651193 -0.210125 0.14234 -0.0666141 -0.208288 0.137408 -0.0636022 -0.213747 0.134908 -0.0632204 -0.214418 0.136185 -0.0633481 -0.214149 0.138824 -0.050821 -0.180314 0.139809 -0.0502862 -0.180929 0.137734 -0.0512553 -0.179806 0.14255 -0.0674144 -0.207313 0.142397 -0.0454197 -0.187884 0.142575 -0.0471051 -0.186003 0.142397 -0.0479432 -0.185068 0.142574 -0.0462581 -0.186948 0.12756 -0.0497198 -0.198546 0.126676 -0.050398 -0.19792 0.128565 -0.0491332 -0.199075 0.125066 -0.0573814 -0.192655 0.124604 -0.0555818 -0.194374 0.124637 -0.0546657 -0.195251 0.124748 -0.0564928 -0.193503 0.13855 -0.0639747 -0.213219 0.140499 -0.0650354 -0.211832 0.141263 -0.0656997 -0.210997 0.142435 -0.0690331 -0.205346 0.142583 -0.0682267 -0.206326 0.142108 -0.0698161 -0.20439 0.135327 -0.0517826 -0.17915 0.136561 -0.051578 -0.179415 0.134059 -0.0518655 -0.179013 0.141522 -0.0495256 -0.183298 0.140845 -0.0502381 -0.182496 0.139588 -0.0644557 -0.212578 0.142043 -0.0487554 -0.184161 0.130857 -0.04828 -0.199797 0.129671 -0.0486499 -0.199496 0.132097 -0.0480282 -0.199974 0.132781 -0.0518235 -0.179007 0.125785 -0.0520572 -0.197734 0.125235 -0.0528871 -0.196948 0.124849 -0.0537619 -0.196114 0.140952 -0.0712467 -0.202623 0.14161 -0.0705594 -0.203477 0.133368 -0.0478987 -0.200021 0.140146 -0.0718615 -0.201845 0.142294 -0.0672158 -0.20913 0.142537 -0.068034 -0.208134 0.141867 -0.0664319 -0.210091 0.129148 -0.0509659 -0.179764 0.130301 -0.0513701 -0.179387 0.139207 -0.0723912 -0.201157 0.13152 -0.0516574 -0.179133 0.140023 -0.0508771 -0.181771 0.138015 -0.0518861 -0.180607 0.13687 -0.0522352 -0.180189 0.139073 -0.0514298 -0.181138 0.135898 -0.0480147 -0.199722 0.134644 -0.0478949 -0.199937 0.137106 -0.0482547 -0.19938 0.12649 -0.0512886 -0.198456 0.128307 -0.0499912 -0.199647 0.129382 -0.0494851 -0.200092 0.127337 -0.0505962 -0.199098 0.138157 -0.0728246 -0.200572 0.137015 -0.0731504 -0.200099 0.142592 -0.0688673 -0.207122 0.142135 -0.0705022 -0.205131 0.141631 -0.071267 -0.204191 0.135804 -0.073361 -0.199749 0.127133 -0.049844 -0.180851 0.128085 -0.0504542 -0.180256 0.126312 -0.0491459 -0.181539 0.133139 -0.052577 -0.17968 0.142458 -0.0696963 -0.206114 0.135659 -0.0524691 -0.179892 0.134407 -0.0525842 -0.179722 0.125637 -0.0483752 -0.182304 0.139288 -0.049071 -0.198342 0.138244 -0.0486097 -0.198917 0.140216 -0.0496299 -0.197665 0.133015 -0.0486455 -0.200713 0.134549 -0.0734518 -0.199525 0.133274 -0.0734187 -0.199432 0.130541 -0.0490886 -0.200422 0.13176 -0.0488074 -0.20063 0.141011 -0.0502736 -0.196898 0.132006 -0.0732613 -0.19947 0.140129 -0.0726039 -0.202516 0.139162 -0.0731442 -0.201814 0.125122 -0.0475469 -0.183129 0.12478 -0.0466761 -0.184 0.124615 -0.0457803 -0.184897 0.140958 -0.0719735 -0.203313 0.131881 -0.052447 -0.179768 0.12949 -0.0518298 -0.180322 0.128405 -0.0513541 -0.180775 0.130656 -0.0521968 -0.179983 0.141658 -0.0509874 -0.196057 0.142143 -0.051756 -0.195158 0.142454 -0.0525642 -0.194218 0.134282 -0.0486066 -0.200666 0.13675 -0.0488936 -0.200187 0.137903 -0.049212 -0.199764 0.135535 -0.0486905 -0.20049 0.129591 -0.0725846 -0.199929 0.130771 -0.0729823 -0.199637 0.128492 -0.0720763 -0.200338 0.136898 -0.073907 -0.200745 0.135649 -0.0741096 -0.2004 0.138077 -0.0735828 -0.201219 0.127495 -0.0714657 -0.200855 0.124827 -0.0439853 -0.186696 0.12463 -0.0448774 -0.185802 0.125202 -0.0431213 -0.18756 0.125844 -0.0493702 -0.182724 0.127422 -0.0507786 -0.181334 0.126564 -0.0501127 -0.181989 0.125745 -0.0423018 -0.188377 0.14254 -0.0542289 -0.192288 0.142587 -0.0533945 -0.193255 0.142312 -0.0550496 -0.191335 0.140766 -0.050775 -0.197853 0.13175 -0.0739447 -0.20018 0.133047 -0.0741302 -0.200115 0.126622 -0.0707626 -0.20147 0.125889 -0.0699814 -0.202167 0.138971 -0.0496377 -0.199227 0.139932 -0.0501623 -0.198587 0.141907 -0.0558394 -0.190415 0.134356 -0.0741854 -0.200188 0.125309 -0.0691367 -0.202932 0.126446 -0.0415433 -0.18913 0.127292 -0.0408615 -0.189803 0.128265 -0.0402683 -0.190382 0.125277 -0.0485661 -0.183525 0.12465 -0.0468328 -0.185258 0.124599 -0.0459373 -0.186155 0.124876 -0.0477149 -0.184375 0.141337 -0.0565821 -0.189545 0.140611 -0.0572615 -0.188742 0.139742 -0.0578618 -0.188022 0.141459 -0.0514615 -0.197042 0.142367 -0.0529973 -0.195248 0.142563 -0.0538154 -0.194298 0.141997 -0.0522072 -0.196168 0.124661 -0.0673184 -0.204597 0.124897 -0.0682437 -0.203747 0.124602 -0.0663788 -0.205462 0.130492 -0.0736316 -0.200379 0.129299 -0.073195 -0.200709 0.128197 -0.0726443 -0.20116 0.124724 -0.0654427 -0.206324 0.130512 -0.0393932 -0.191212 0.129345 -0.0397755 -0.190855 0.13174 -0.0391279 -0.191446 0.125507 -0.0433436 -0.188751 0.124726 -0.0450459 -0.187049 0.125032 -0.044176 -0.187919 0.133006 -0.0389853 -0.19155 0.137653 -0.0587802 -0.186881 0.138749 -0.0583718 -0.187398 0.136476 -0.0590766 -0.186483 0.14209 -0.0562631 -0.191457 0.142583 -0.054644 -0.193338 0.142425 -0.0554656 -0.192384 0.127209 -0.0719884 -0.201721 0.125658 -0.0704132 -0.203123 0.125125 -0.069526 -0.203929 0.125026 -0.0645277 -0.207164 0.1255 -0.0636503 -0.207964 0.13524 -0.0592553 -0.186209 0.126135 -0.0628267 -0.208707 0.126358 -0.0712394 -0.202381 0.134284 -0.0389671 -0.191524 0.135548 -0.0390727 -0.191366 0.136772 -0.0393015 -0.191079 0.126141 -0.0425647 -0.189526 0.12784 -0.041229 -0.190842 0.128869 -0.0406963 -0.191358 0.126924 -0.0418556 -0.190227 0.133971 -0.0593116 -0.186064 0.132695 -0.0592432 -0.186051 0.141587 -0.0570205 -0.190572 0.140122 -0.0583516 -0.188996 0.140928 -0.0577221 -0.189746 0.127842 -0.0614039 -0.209958 0.126921 -0.0620733 -0.209377 0.128878 -0.0608293 -0.210439 0.124774 -0.0685941 -0.204783 0.124609 -0.067636 -0.205664 0.139006 -0.0401012 -0.190145 0.137933 -0.0396472 -0.190669 0.13997 -0.0406556 -0.189515 0.129993 -0.0402687 -0.191763 0.131187 -0.0399536 -0.192049 0.129075 -0.0583092 -0.186782 0.125908 -0.0414971 -0.186771 0.125969 -0.041337 -0.186584 0.125948 -0.0414384 -0.186692 0.125964 -0.0413902 -0.186637 0.125603 -0.0415895 -0.187039 0.125695 -0.0415907 -0.186986 0.125778 -0.0415748 -0.186921 0.125851 -0.041543 -0.186849 0.135243 -0.0690748 -0.219356 0.135394 -0.0685655 -0.219939 0.135404 -0.0685999 -0.220049 0.13541 -0.0686482 -0.220132 0.135412 -0.0687146 -0.220207 0.135378 -0.0685568 -0.219819 0.135339 -0.0686185 -0.2196 0.135359 -0.0685743 -0.219704 0.143038 -0.0750074 -0.213567 0.142944 -0.075979 -0.212542 0.142916 -0.074029 -0.2146 0.138292 -0.0806551 -0.207608 0.139477 -0.0801144 -0.208179 0.142578 -0.073073 -0.215608 0.13563 -0.0813263 -0.2069 0.137 -0.0810632 -0.207178 0.140526 -0.0794552 -0.208874 0.141412 -0.0786937 -0.209678 0.142037 -0.0721725 -0.216559 0.141303 -0.0713337 -0.217443 0.142123 -0.0778448 -0.210573 0.133598 -0.0814308 -0.20679 0.1404 -0.0705811 -0.218238 0.1326 -0.0813557 -0.206869 0.142637 -0.0769369 -0.211532 0.139342 -0.0699305 -0.218924 0.138149 -0.0693962 -0.219488 0.13196 -0.0812435 -0.206988 0.132146 -0.0812853 -0.206943 0.136861 -0.0689918 -0.219914 0.13192 -0.0812314 -0.207 0.136145 -0.0688344 -0.22008 0.131882 -0.0812156 -0.207017 0.131876 -0.0812095 -0.207023 0.131877 -0.0812115 -0.207021 0.131879 -0.0812134 -0.207019 0.128905 -0.0488524 -0.178655 0.130729 -0.0494936 -0.177978 0.125094 -0.0440811 -0.183689 0.125385 -0.0454763 -0.182217 0.12735 -0.0479338 -0.179624 0.140696 -0.0477175 -0.179852 0.126152 -0.0467854 -0.180835 0.140693 -0.0477173 -0.179852 0.14069 -0.0477175 -0.179852 0.140687 -0.0477181 -0.179851 0.140675 -0.0477217 -0.179847 0.140654 -0.0477307 -0.179838 0.140568 -0.0477786 -0.179787 0.13969 -0.0483324 -0.179203 0.138613 -0.0488806 -0.178625 0.136771 -0.0495066 -0.177964 0.134777 -0.049827 -0.177626 0.132726 -0.0498255 -0.177628 0.125287 -0.0426751 -0.185172 -0.083 0.0489992 0.0833903 -0.083 0.0529992 0.0837236 0.083 0.0529992 0.0833903 0.083 0.0489992 0.0837236 0.0608579 0.0529992 -0.163 0.0608571 0.0499992 -0.16375 -0.0608575 0.0499992 -0.1634 -0.0608579 0.0529992 -0.164 0.0724005 0.0489992 -0.1524 0.0831767 0.0519991 -0.141035 0.0615651 0.0509992 -0.163707 -0.0832358 0.0529992 -0.141094 -0.0834715 0.0489992 -0.141329 -0.0613293 0.0529992 -0.163471 -0.0610936 0.0489992 -0.163236 -0.0839881 0.0529988 0.125842 -0.0835 0.0529992 -0.140858 -0.083 0.0490006 -0.119677 -0.084 0.0489993 -0.138961 -0.127177 -0.0824488 0.181572 -0.129051 -0.0821253 0.181024 -0.108497 -0.0549516 0.164504 -0.107207 -0.068005 0.157109 -0.127096 -0.0871021 0.228927 -0.127096 -0.0942818 0.244768 -0.148321 -0.101003 0.213139 -0.189235 -0.0956397 0.243976 -0.145316 -0.0840558 0.224773 -0.189534 -0.081761 0.221803 -0.132843 -0.059426 0.142579 -0.12135 -0.035207 0.139081 -0.120063 -0.054465 0.134956 -0.19 -0.113182 0.233623 -0.180008 -0.101742 0.214248 -0.171248 -0.0977164 0.20743 -0.149478 -0.0936174 0.200488 -0.127096 -0.112798 0.232975 -0.150161 -0.0814598 0.208676 -0.141702 -0.0823546 0.211109 -0.128886 -0.0698345 0.189711 -0.102384 -0.0556758 0.16573 -0.183413 -0.0817882 0.20743 0.0239803 -0.0184287 0.193817 -0.0193061 -0.02017 0.195836 -2.13453e-05 -0.029464 0.191013 0.0212555 -0.0188541 0.196751 -0.0125149 -0.0106584 0.181379 0.00906944 -0.00101122 0.198356 0.00183553 -0.0097392 0.208868 -1.05031e-05 -0.013583 0.218576 -0.0231391 -0.0202293 0.19549 -0.0204506 -0.0186702 0.199787 -0.0251519 -0.0179313 0.194679 0.023218 -0.0181429 0.198349 -0.130943 -0.0802649 0.225436 -0.133596 -0.0856698 0.218308 -0.136421 -0.0845804 0.221974 -0.131101 -0.0922656 0.229455 -0.133043 -0.0798975 0.211302 -0.135813 -0.0878377 0.216643 -0.130796 -0.0715648 0.217192 -0.139313 -0.0775499 0.219279 -0.131096 -0.0895411 0.223933 -0.131096 -0.0872453 0.228538 -0.130818 -0.0844979 0.222206 -0.133596 -0.080671 0.223582 -0.136098 -0.0972021 0.228845 -0.136097 -0.0907337 0.231643 -0.131097 -0.0890416 0.235564 -0.131096 -0.0969381 0.225158 -0.136096 -0.0826634 0.229441 0.140772 -0.0219688 0.169213 0.138625 -0.0367644 0.167215 0.123239 -0.00714774 0.145757 0.127142 -0.0358873 0.185431 0.131265 0.0246171 0.128024 0.129597 0.0149689 0.133663 0.128084 0.00249262 0.136739 0.136096 0.0224932 0.125197 0.136096 0.0208357 0.122025 0.133176 0.0146299 0.133671 0.1363 0.00379661 0.13826 0.13572 0.000325043 0.134604 0.136449 0.00893989 0.126316 0.138108 0.00892595 0.139688 0.131108 0.0117633 0.122587 0.134303 0.00932603 0.128079 0.131096 0.0215684 0.118196 0.131285 0.00255815 0.136329 0.133436 0.0169041 0.127816 0.136096 0.0167848 0.117676 0.136085 0.0234023 0.126745 -0.129093 -0.0462872 0.189302 -0.128813 -0.0512073 0.185228 -0.132942 -0.0452957 0.192583 -0.1392 -0.0475322 0.18879 -0.135576 -0.0507465 0.183924 -0.134903 -0.0674139 0.19832 -0.136355 -0.0453724 0.190184 -0.130836 -0.0607104 0.205393 -0.136107 -0.0603601 0.205763 -0.128129 0.0053926 -0.13385 -0.135385 0.00114268 -0.134024 -0.136087 0.0202 -0.130225 -0.131096 0.0197755 -0.129548 -0.136095 0.0220409 -0.12499 -0.133622 0.0145673 -0.133634 -0.133909 0.00963809 -0.128405 -0.136547 0.0133248 -0.130253 -0.136828 0.00995254 -0.127297 -0.139113 0.0130034 -0.133039 -0.139648 0.00523135 -0.139791 -0.131472 0.00785002 -0.142546 -0.131097 0.0176276 -0.11689 -0.131096 0.0163646 -0.120428 -0.131099 0.0201487 -0.132399 -0.128926 0.00492228 -0.139454 -0.136096 0.0151934 -0.121211 -0.131099 0.023483 -0.12287 -0.131099 0.00939164 -0.124682 -0.136097 0.0259587 -0.121982 -0.130418 0.0158917 -0.134019 0.0421374 0.0033845 -0.238681 -0.0320314 0.0313253 -0.224684 -0.104307 -0.021436 -0.178437 -0.103444 -0.00139076 -0.195146 -0.0769137 -0.0234731 -0.198936 -0.115521 -0.0232194 -0.204559 -0.167665 0.0396116 -0.246238 -0.0159313 0.0515123 -0.1947 0.00100266 0.0519992 -0.209813 0.0438107 0.0519797 -0.205609 -0.103434 0.0526107 -0.189082 0.162356 0.0423944 -0.19839 0.007339 0.0454723 -0.244946 0.0524313 0.0439802 -0.245799 0.0460024 0.0439725 -0.242 -0.046718 0.0439725 -0.242 0.0418721 0.0439915 -0.239 0.0396957 0.0439725 -0.242 0.0216023 0.0432538 -0.244089 0.015219 0.0428732 -0.242 0.01 0.0439725 -0.242 0.009 0.0439725 -0.242 -0.0245 0.0439725 -0.242 -0.0353333 0.0439725 -0.242 -0.0340377 0.0439687 -0.245812 -0.00399356 0.0439083 -0.245539 0.0330018 0.0428338 -0.246209 0.0153647 0.0411567 -0.246701 0.00955549 0.0412031 -0.246648 0.0100001 0.0409201 -0.242 -0.051 0.0409201 -0.246794 -0.0517437 0.0418699 -0.243102 -0.0454932 0.0409201 -0.243179 -0.0397516 0.0409091 -0.246888 0.0236662 0.0409201 -0.242 -0.045 0.0409201 -0.246696 -0.0395 0.0409201 -0.243159 0.028 0.0409201 -0.242 -0.0390294 0.0409201 -0.246742 0.033 0.0421699 -0.242 -0.033987 0.0409201 -0.244358 -0.033 0.0409201 -0.246462 0.03975 0.0409201 -0.244318 0.0450147 0.0409201 -0.244371 -0.0319452 0.0409002 -0.239001 0.046 0.0409201 -0.244318 -0.0215 0.0409201 -0.242 -0.0165327 0.0428732 -0.242 -0.00928035 0.0425073 -0.242 -0.0035 0.0409201 -0.242 0.000167555 0.0432012 -0.242 -0.00337463 0.0418047 -0.246484 0.00328459 0.041303 -0.246606 -0.0124964 0.0388612 -0.246649 -0.0152332 0.0416825 -0.243769 0.045492 0.0417644 -0.246574 -0.0729764 0.0419013 -0.198441 -0.0292472 0.0394201 -0.223271 -0.0557605 0.0416155 -0.236236 -0.0302599 0.0501943 -0.197808 3.72349e-06 0.0545242 -0.215061 -0.029062 0.0496543 -0.220253 -7.66493e-09 0.0432645 -0.213009 0.0202759 0.0473177 -0.195958 0.0260177 0.0506404 -0.200302 -0.0263162 0.0506817 -0.198907 -0.02925 0.0264201 -0.230565 -0.0728674 0.0254072 -0.234284 0.0285 0.0264201 -0.230565 -0.0694204 0.0043288 -0.246563 -0.0579477 -0.000388154 -0.23044 0.00206141 0.00274773 -0.247999 0.0634649 0.00636689 -0.232971 -0.03 0.0224642 -0.240822 0.0505762 0.00291068 -0.24788 -0.11576 0.028542 -0.223109 -0.156104 0.0517092 -0.269061 -0.0100001 0.0409201 -0.242 -0.0280001 0.0424425 -0.242 -0.0220246 0.0439725 -0.245817 -0.0420916 0.0439775 -0.243368 -0.00299611 0.0439725 -0.245703 -0.0218215 0.0414195 -0.246571 -0.0270054 0.0409201 -0.246849 -0.0557313 0.03294 -0.223712 -0.0546125 0.050671 -0.220665 -0.0665797 0.0437625 -0.191096 -0.14872 0.0245817 -0.191249 -0.135882 0.038413 -0.201137 0.0478843 0.0500108 -0.196075 0.0729368 0.0393532 -0.197429 0.0761522 0.0499752 -0.188506 0.148546 0.0259202 -0.191217 0.102351 -0.00100795 -0.19508 0.103848 -0.024312 -0.178793 0.108743 -0.0148929 -0.196623 0.0752351 -0.0239881 -0.199034 0.0993676 0.000183029 -0.194844 0.0557467 0.0393977 -0.223022 0.0762935 0.029454 -0.217775 0.156159 0.0425189 -0.248939 0.133234 -0.0246392 -0.195052 0.026282 0.0408958 -0.239002 0.00406461 0.0439722 -0.24583 0.0272956 0.0409175 -0.247 0.0368223 0.0409135 -0.246855 -0.0917337 0.0452871 -0.23053 0.0390384 0.0409199 -0.246749 0.0517549 0.0439472 -0.243799 0.0283855 0.0394038 -0.223276 0.0679709 0.0359201 -0.223889 0.106017 -0.0254757 -0.176014 0.0808785 0.0484768 -0.220967 0.0314636 0.0504512 -0.198754 0.02925 0.0206048 -0.23823 0.0701729 0.0316261 -0.205081 -0.131127 -0.0432497 0.177414 -0.129485 -0.0837347 0.220354 -0.1338 -0.0370849 0.183969 -0.137784 -0.0832827 0.220235 0.135145 -0.0446535 0.191026 0.128519 -0.0487236 0.186778 0.137445 -0.0495415 0.185704 0.138638 -0.0508223 0.186239 0.13085 -0.0455603 0.192304 0.137072 -0.0662759 0.199521 0.128324 -0.0641164 0.201799 0.136034 -0.0604458 0.205672 0.129542 -0.0611621 0.204916 -0.138593 -0.017298 0.150253 -0.137887 -0.0345549 0.186961 -0.125006 0.00347944 0.147328 -0.127607 -0.0457414 0.175822 0.128352 -0.0803006 0.214772 0.129524 -0.0720733 0.216631 0.13932 -0.081674 0.221122 0.135652 -0.0759674 0.212554 0.133596 -0.0854022 0.21859 0.136096 -0.0887155 0.229861 0.131218 -0.0831232 0.228873 0.139297 -0.0734391 0.215214 0.136073 -0.0848395 0.215578 0.131074 -0.0856549 0.224765 0.135354 -0.0787498 0.225622 0.130788 -0.0846222 0.221948 0.131103 -0.0963782 0.224953 0.136094 -0.0943212 0.228338 0.13488 -0.0899532 0.236619 0.128771 -0.0402892 0.180576 0.131283 -0.0430713 0.177659 0.138294 -0.0824206 0.221809 0.137509 -0.0380573 0.182772 -0.135316 -0.0686892 0.219507 -0.135838 -0.0687653 0.219413 -0.135319 -0.0686896 0.219506 -0.135322 -0.06869 0.219506 -0.136183 -0.0688251 0.21934 -0.125108 -0.052151 0.187531 -0.124999 -0.0519167 0.18776 -0.124904 -0.0516807 0.18799 -0.124813 -0.0514169 0.188248 -0.135325 -0.0686903 0.219505 -0.124737 -0.0511468 0.188512 -0.124677 -0.0508741 0.188779 -0.124634 -0.0505992 0.189048 -0.124606 -0.050323 0.189318 -0.124596 -0.050074 0.189562 -0.136524 -0.0688958 0.219257 -0.142192 -0.0641929 0.206755 -0.135328 -0.0686907 0.219505 -0.142287 -0.0644026 0.206501 -0.142379 -0.0646403 0.206213 -0.136871 -0.0689795 0.219159 -0.135331 -0.0686911 0.219505 -0.142547 -0.0665073 0.203961 -0.142505 -0.0667267 0.203696 -0.137226 -0.0690767 0.219046 -0.142449 -0.066944 0.203434 -0.142372 -0.0671824 0.203146 -0.135334 -0.0686914 0.219504 -0.137552 -0.0691764 0.218932 -0.126596 -0.0452269 0.192888 -0.126365 -0.0454433 0.19268 -0.12978 -0.0434029 0.194595 -0.129439 -0.0435292 0.194482 -0.13013 -0.0432863 0.194698 -0.135337 -0.0686918 0.219504 -0.139643 -0.0693969 0.198829 -0.139923 -0.0692335 0.199038 -0.139352 -0.0695524 0.198628 -0.137892 -0.0692925 0.2188 -0.139049 -0.0696996 0.198436 -0.138737 -0.069838 0.198253 -0.138447 -0.0699546 0.198097 -0.13815 -0.0700635 0.197949 -0.137847 -0.0701643 0.19781 -0.137538 -0.0702568 0.197679 -0.137194 -0.0703483 0.197546 -0.13534 -0.0686922 0.219503 -0.136841 -0.0704299 0.197424 -0.135342 -0.0686925 0.219503 -0.138226 -0.069419 0.218656 -0.135345 -0.0686929 0.219502 -0.138553 -0.0695554 0.218502 -0.138839 -0.0696862 0.218356 -0.135348 -0.0686933 0.219502 -0.142455 -0.0648814 0.205921 -0.142514 -0.0651252 0.205627 -0.142558 -0.0653711 0.205331 -0.139116 -0.0698242 0.218201 -0.135351 -0.0686936 0.219501 -0.142585 -0.0656182 0.205032 -0.142596 -0.0658412 0.204764 -0.142593 -0.066064 0.204495 -0.142577 -0.0662862 0.204228 -0.139385 -0.0699691 0.218039 -0.135354 -0.068694 0.219501 -0.140189 -0.0690628 0.199255 -0.139669 -0.070136 0.217853 -0.135357 -0.0686944 0.2195 -0.136481 -0.0705013 0.197312 -0.136114 -0.0705623 0.197212 -0.139944 -0.0703126 0.217657 -0.13536 -0.0686947 0.2195 -0.140209 -0.0704983 0.217451 -0.135363 -0.0686951 0.219499 -0.140464 -0.0706926 0.217237 -0.135366 -0.0686955 0.219499 -0.135369 -0.0686959 0.219498 -0.124644 -0.0493298 0.190291 -0.124687 -0.0490845 0.190531 -0.124742 -0.0488414 0.190769 -0.124819 -0.0485745 0.19103 -0.125784 -0.0468053 0.192754 -0.125962 -0.0465904 0.192962 -0.140707 -0.0708949 0.217013 -0.135372 -0.0686962 0.219498 -0.126152 -0.0463807 0.193165 -0.126352 -0.0461767 0.193361 -0.130852 -0.0430836 0.194871 -0.130488 -0.0431798 0.19479 -0.131222 -0.042998 0.194941 -0.131596 -0.0429233 0.194999 -0.131936 -0.0428655 0.195042 -0.132278 -0.0428168 0.195075 -0.140938 -0.0711045 0.216782 -0.135375 -0.0686966 0.219498 -0.132622 -0.0427772 0.195098 -0.132966 -0.0427469 0.195112 -0.133349 -0.042724 0.195116 -0.133733 -0.0427123 0.195108 -0.134118 -0.042712 0.195088 -0.141135 -0.0712997 0.216567 -0.135378 -0.068697 0.219497 -0.14132 -0.0714994 0.216347 -0.135381 -0.0686973 0.219497 -0.141493 -0.0717034 0.216123 -0.135384 -0.0686977 0.219496 -0.135387 -0.0686981 0.219496 -0.141655 -0.0719115 0.215895 -0.124912 -0.0483095 0.191289 -0.125022 -0.0480462 0.191546 -0.125147 -0.0477854 0.191801 -0.125289 -0.0475278 0.192052 -0.125445 -0.0472741 0.192299 -0.125617 -0.047025 0.192541 -0.141804 -0.0721232 0.215662 -0.13539 -0.0686985 0.219495 -0.142279 -0.0674189 0.20286 -0.134502 -0.0427229 0.195056 -0.142169 -0.0676534 0.202576 -0.140839 -0.069304 0.200554 -0.140628 -0.0694761 0.200339 -0.135393 -0.0686988 0.219495 -0.140385 -0.0696585 0.20011 -0.141941 -0.0723383 0.215426 -0.140129 -0.0698344 0.199888 -0.135396 -0.0686992 0.219494 -0.135365 -0.070652 0.197044 -0.135742 -0.0706126 0.197122 -0.134985 -0.0706803 0.196977 -0.13464 -0.0706962 0.196927 -0.134294 -0.0707031 0.196887 -0.133948 -0.0707007 0.196857 -0.133563 -0.0706874 0.196835 -0.133216 -0.0706657 0.196824 -0.132869 -0.0706349 0.196824 -0.132525 -0.0705951 0.196833 -0.132183 -0.0705462 0.196852 -0.142044 -0.0678855 0.202294 -0.141902 -0.0681142 0.202016 -0.141746 -0.0683391 0.201741 -0.141574 -0.0685593 0.201472 -0.141407 -0.068753 0.201234 -0.141228 -0.068942 0.201002 -0.141039 -0.0691258 0.200775 -0.142515 -0.0738055 0.21382 -0.135413 -0.0687015 0.219491 -0.142463 -0.0735752 0.214072 -0.131845 -0.0704885 0.196881 -0.131473 -0.070414 0.196923 -0.135416 -0.0687019 0.219491 -0.135419 -0.0687023 0.21949 -0.142557 -0.0740625 0.213539 -0.126583 -0.04596 0.19357 -0.135422 -0.0687027 0.21949 -0.126828 -0.0457493 0.193772 -0.142583 -0.0743215 0.213256 -0.129117 -0.0443827 0.195055 -0.129421 -0.0442586 0.195168 -0.129763 -0.0441318 0.195281 -0.130113 -0.0440147 0.195384 -0.135425 -0.068703 0.219489 -0.142592 -0.0745816 0.212972 -0.135568 -0.0428133 0.194904 -0.135228 -0.0427747 0.194963 -0.135904 -0.0428608 0.194836 -0.136237 -0.042917 0.194758 -0.136564 -0.0429819 0.194672 -0.136886 -0.0430552 0.194576 -0.137241 -0.0431475 0.194459 -0.13759 -0.0432504 0.19433 -0.137933 -0.0433635 0.19419 -0.138235 -0.0434739 0.194056 -0.13853 -0.0435921 0.193913 -0.135428 -0.0687034 0.219489 -0.142585 -0.0748423 0.212687 -0.135431 -0.0687038 0.219488 -0.135434 -0.0687042 0.219488 -0.142562 -0.0751027 0.212402 -0.127087 -0.045545 0.193967 -0.127359 -0.0453478 0.194154 -0.127643 -0.0451581 0.194334 -0.127938 -0.0449764 0.194505 -0.128244 -0.0448034 0.194667 -0.128528 -0.0446554 0.194805 -0.128819 -0.0445151 0.194934 -0.134885 -0.0427451 0.195012 -0.13711 -0.0710992 0.198202 -0.136755 -0.0711783 0.198082 -0.136394 -0.0712473 0.197973 -0.138817 -0.0437179 0.193762 -0.139859 -0.0700034 0.199673 -0.139576 -0.0701649 0.199466 -0.130737 -0.0702312 0.197044 -0.131103 -0.0703282 0.196978 -0.130374 -0.0701231 0.197122 -0.130016 -0.0700042 0.197211 -0.129668 -0.0698759 0.19731 -0.129326 -0.0697371 0.19742 -0.12899 -0.069588 0.197541 -0.128663 -0.0694289 0.197673 -0.128345 -0.0692603 0.197814 -0.128066 -0.0691007 0.19795 -0.127796 -0.068934 0.198093 -0.13837 -0.0707144 0.198743 -0.138072 -0.0708212 0.198597 -0.137767 -0.0709198 0.19846 -0.137457 -0.07101 0.198332 -0.139282 -0.0703185 0.199268 -0.138977 -0.0704636 0.199078 -0.138662 -0.0705998 0.198897 -0.127535 -0.0687606 0.198243 -0.127284 -0.0685809 0.1984 -0.13047 -0.0439077 0.195477 -0.130834 -0.043811 0.195559 -0.141889 -0.0769584 0.210371 -0.135466 -0.0687085 0.219482 -0.135463 -0.0687081 0.219483 -0.141731 -0.0771959 0.210111 -0.133715 -0.0434357 0.1958 -0.1341 -0.0434348 0.195781 -0.134484 -0.0434452 0.195749 -0.139626 -0.0441373 0.193265 -0.139366 -0.0439908 0.193438 -0.139877 -0.0442901 0.193086 -0.135469 -0.0687089 0.219482 -0.140117 -0.0444488 0.192901 -0.141559 -0.077429 0.209855 -0.140375 -0.0446345 0.192685 -0.140622 -0.0448283 0.192461 -0.140857 -0.0450295 0.192228 -0.141079 -0.0452378 0.191988 -0.141266 -0.0454306 0.191767 -0.141443 -0.0456282 0.19154 -0.141607 -0.04583 0.191309 -0.135472 -0.0687093 0.219481 -0.141371 -0.0776571 0.209604 -0.135475 -0.0687097 0.219481 -0.135478 -0.0687101 0.21948 -0.14119 -0.0778575 0.209384 -0.131203 -0.0437249 0.195629 -0.131578 -0.0436497 0.195688 -0.131918 -0.0435914 0.195731 -0.13226 -0.0435422 0.195765 -0.132603 -0.0435021 0.195789 -0.132948 -0.0434713 0.195803 -0.133331 -0.0434479 0.195807 -0.135481 -0.0687105 0.21948 -0.136025 -0.0713057 0.197875 -0.135652 -0.0713533 0.197788 -0.140998 -0.0780529 0.209168 -0.135274 -0.0713901 0.197713 -0.139096 -0.0438509 0.193604 -0.14176 -0.0460356 0.191075 -0.141899 -0.0462444 0.190836 -0.13247 -0.0713183 0.197522 -0.132129 -0.071268 0.197542 -0.131791 -0.0712089 0.197572 -0.13142 -0.0711329 0.197616 -0.125731 -0.0670545 0.199769 -0.125906 -0.0672779 0.199566 -0.125568 -0.0668267 0.199977 -0.125417 -0.066595 0.200189 -0.125278 -0.0663598 0.200404 -0.125152 -0.0661217 0.200623 -0.126812 -0.0682037 0.198734 -0.127043 -0.0683951 0.198564 -0.126569 -0.0679849 0.198929 -0.126335 -0.0677563 0.199134 -0.126114 -0.0675204 0.199346 -0.134931 -0.0714137 0.197655 -0.134586 -0.0714282 0.197607 -0.13424 -0.0714336 0.197568 -0.133894 -0.0714298 0.197539 -0.133509 -0.0714149 0.197518 -0.133161 -0.0713918 0.19751 -0.132815 -0.0713596 0.197511 -0.125039 -0.0658812 0.200845 -0.124939 -0.0656388 0.201068 -0.134868 -0.0434668 0.195706 -0.13521 -0.0434959 0.195657 -0.135551 -0.043534 0.195599 -0.138221 -0.044191 0.194754 -0.138516 -0.0443088 0.194612 -0.138804 -0.0444342 0.194461 -0.139083 -0.0445669 0.194303 -0.14214 -0.04667 0.190352 -0.142026 -0.046456 0.190595 -0.142252 -0.0469107 0.190078 -0.142348 -0.0471557 0.1898 -0.142428 -0.0474044 0.189518 -0.142493 -0.047656 0.189232 -0.142542 -0.0479098 0.188945 -0.142574 -0.0481653 0.188655 -0.142589 -0.0483958 0.188394 -0.142591 -0.0486264 0.188133 -0.142579 -0.0488566 0.187872 -0.135887 -0.043581 0.195531 -0.13622 -0.0436368 0.195454 -0.136548 -0.0437013 0.195368 -0.13687 -0.0437741 0.195273 -0.137225 -0.043866 0.195156 -0.137575 -0.0439683 0.195028 -0.137919 -0.044081 0.194889 -0.13105 -0.0710455 0.197672 -0.130684 -0.070947 0.19774 -0.128052 -0.0698236 0.198642 -0.127782 -0.0696566 0.198786 -0.127521 -0.0694829 0.198936 -0.12727 -0.0693028 0.199094 -0.142555 -0.0490858 0.187613 -0.142516 -0.0493135 0.187355 -0.130323 -0.0708375 0.197819 -0.129966 -0.0707171 0.19791 -0.137809 -0.0799493 0.207057 -0.135525 -0.0687165 0.219472 -0.138114 -0.0798374 0.207184 -0.129618 -0.0705874 0.198011 -0.129277 -0.0704471 0.198123 -0.128942 -0.0702965 0.198245 -0.128616 -0.070136 0.198378 -0.12833 -0.0699835 0.198506 -0.124705 -0.0648438 0.201804 -0.124771 -0.0651228 0.201545 -0.124654 -0.0645623 0.202065 -0.12462 -0.0642791 0.202327 -0.124604 -0.0640235 0.202565 -0.1246 -0.0637676 0.202802 -0.12461 -0.0635121 0.203039 -0.124634 -0.0632576 0.203275 -0.135528 -0.0687169 0.219472 -0.12467 -0.0630045 0.20351 -0.12472 -0.0627535 0.203743 -0.124783 -0.0625049 0.203973 -0.124852 -0.0653949 0.201294 -0.124858 -0.0622593 0.2042 -0.124958 -0.0619875 0.204452 -0.139354 -0.0447065 0.194138 -0.139615 -0.0448527 0.193966 -0.141437 -0.0463413 0.192243 -0.141602 -0.0465429 0.192013 -0.141755 -0.0467483 0.191778 -0.141896 -0.046957 0.19154 -0.142385 -0.0498097 0.186792 -0.142459 -0.049562 0.187073 -0.142295 -0.0500562 0.186512 -0.142188 -0.0503007 0.186235 -0.142065 -0.0505425 0.18596 -0.141927 -0.050781 0.185689 -0.141774 -0.0510154 0.185422 -0.141623 -0.0512224 0.185186 -0.14146 -0.0514251 0.184954 -0.141286 -0.051623 0.184728 -0.141082 -0.051834 0.184485 -0.127029 -0.0691167 0.199258 -0.126799 -0.068925 0.199428 -0.125269 -0.0670788 0.201101 -0.125143 -0.0668406 0.20132 -0.12503 -0.0665999 0.201542 -0.12493 -0.0663573 0.201765 -0.139866 -0.0450052 0.193787 -0.140107 -0.0451636 0.193602 -0.140366 -0.0453489 0.193387 -0.140613 -0.0455423 0.193163 -0.140849 -0.0457433 0.192931 -0.141071 -0.0459512 0.192691 -0.14126 -0.0461439 0.19247 -0.126556 -0.0687059 0.199623 -0.126323 -0.068477 0.199829 -0.126103 -0.0682408 0.200042 -0.125895 -0.067998 0.200262 -0.125721 -0.0677743 0.200465 -0.125558 -0.0675462 0.200673 -0.125407 -0.0673142 0.200885 -0.140863 -0.0520396 0.184249 -0.14063 -0.0522394 0.184019 -0.125353 -0.0611869 0.205189 -0.125205 -0.0614505 0.204947 -0.125515 -0.0609274 0.205427 -0.125675 -0.060698 0.205637 -0.125845 -0.060473 0.205841 -0.126027 -0.060253 0.206041 -0.12622 -0.0600385 0.206236 -0.126424 -0.0598297 0.206424 -0.126637 -0.0596273 0.206605 -0.126884 -0.0594113 0.206798 -0.127144 -0.0592017 0.206984 -0.125074 -0.0617177 0.204701 -0.127418 -0.058999 0.207162 -0.142596 -0.0493384 0.188837 -0.142585 -0.0495687 0.188576 -0.142561 -0.0497981 0.188316 -0.142523 -0.0500259 0.188058 -0.142023 -0.0471686 0.191299 -0.142138 -0.0473825 0.191055 -0.140125 -0.0526191 0.183579 -0.140384 -0.0524328 0.183795 -0.139854 -0.052798 0.183371 -0.1396 -0.0529521 0.183191 -0.139337 -0.0530993 0.183018 -0.139065 -0.0532394 0.182853 -0.138786 -0.0533719 0.182695 -0.1385 -0.0534966 0.182546 -0.138175 -0.0536259 0.18239 -0.13784 -0.0537459 0.182244 -0.137496 -0.0538562 0.182109 -0.124844 -0.0661132 0.201991 -0.124764 -0.0658409 0.202243 -0.124698 -0.0655617 0.202502 -0.142544 -0.0486218 0.189649 -0.142577 -0.0488772 0.18936 -0.142593 -0.0491077 0.189098 -0.14225 -0.0476231 0.190782 -0.142347 -0.0478679 0.190504 -0.142429 -0.0481165 0.190222 -0.142494 -0.048368 0.189937 -0.124718 -0.0634708 0.204441 -0.124781 -0.0632223 0.204672 -0.124857 -0.0629767 0.204899 -0.124957 -0.0627049 0.20515 -0.137145 -0.0539564 0.181984 -0.136823 -0.0540377 0.18188 -0.124648 -0.0652801 0.202763 -0.124615 -0.0649968 0.203025 -0.124599 -0.064741 0.203263 -0.124596 -0.0644851 0.2035 -0.124606 -0.0642296 0.203737 -0.12463 -0.063975 0.203974 -0.124667 -0.0637219 0.204208 -0.128309 -0.0584379 0.207647 -0.128001 -0.0586166 0.207494 -0.128627 -0.0582682 0.20779 -0.128921 -0.0581235 0.207911 -0.129221 -0.0579868 0.208023 -0.129528 -0.0578584 0.208127 -0.12984 -0.0577386 0.208221 -0.130189 -0.0576169 0.208314 -0.130546 -0.0575051 0.208397 -0.13091 -0.0574035 0.208469 -0.13128 -0.0573124 0.208529 -0.127703 -0.0588038 0.207333 -0.131655 -0.0572321 0.208579 -0.142467 -0.0502745 0.187777 -0.142394 -0.0505224 0.187496 -0.141301 -0.0523377 0.185429 -0.141117 -0.0525307 0.185208 -0.1409 -0.0527373 0.18497 -0.14067 -0.0529381 0.184739 -0.142304 -0.050769 0.187216 -0.142199 -0.0510137 0.186938 -0.142077 -0.0512557 0.186663 -0.14194 -0.0514945 0.186391 -0.141787 -0.0517292 0.186124 -0.141637 -0.0519365 0.185888 -0.141475 -0.0521395 0.185656 -0.133627 -0.0543679 0.181368 -0.134014 -0.0543709 0.181384 -0.133279 -0.0543555 0.181364 -0.132932 -0.054334 0.181369 -0.132586 -0.0543034 0.181384 -0.135833 -0.0542296 0.181626 -0.136167 -0.0541745 0.181701 -0.135497 -0.0542757 0.18156 -0.135159 -0.0543127 0.181503 -0.134782 -0.054343 0.181452 -0.134399 -0.0543626 0.181412 -0.125073 -0.0624351 0.205399 -0.125206 -0.0621681 0.205645 -0.132242 -0.0542637 0.181409 -0.125354 -0.0619045 0.205887 -0.126888 -0.06013 0.207495 -0.127149 -0.0599206 0.207681 -0.127423 -0.0597181 0.207859 -0.127709 -0.0595231 0.208029 -0.132723 -0.0570658 0.208654 -0.132378 -0.0571097 0.20864 -0.133069 -0.0570311 0.208659 -0.133416 -0.0570057 0.208654 -0.133762 -0.0569896 0.208639 -0.134143 -0.0569825 0.208612 -0.134525 -0.0569868 0.208572 -0.134907 -0.0570023 0.20852 -0.135287 -0.057029 0.208457 -0.135664 -0.0570669 0.208382 -0.136497 -0.0541105 0.181786 -0.136001 -0.0571104 0.208304 -0.125517 -0.0616451 0.206125 -0.125676 -0.0614158 0.206334 -0.125848 -0.061191 0.206539 -0.12603 -0.0609711 0.206739 -0.126223 -0.0607567 0.206933 -0.126427 -0.0605481 0.207121 -0.126641 -0.0603458 0.207302 -0.140425 -0.0531324 0.184514 -0.132034 -0.0571626 0.208616 -0.140168 -0.0533199 0.184297 -0.136334 -0.0571628 0.208217 -0.137893 -0.0544572 0.182951 -0.137551 -0.054569 0.182814 -0.137201 -0.0546708 0.182687 -0.13688 -0.0547536 0.182582 -0.139898 -0.0535 0.184087 -0.139646 -0.0536553 0.183906 -0.139384 -0.0538037 0.183732 -0.139114 -0.053945 0.183565 -0.138836 -0.0540788 0.183407 -0.138552 -0.0542049 0.183256 -0.138227 -0.0543357 0.183099 -0.131232 -0.0540913 0.181539 -0.131564 -0.0541575 0.181487 -0.130868 -0.0540077 0.181609 -0.130504 -0.0539122 0.18169 -0.130144 -0.0538058 0.181783 -0.12979 -0.0536888 0.181888 -0.129443 -0.0535614 0.182003 -0.129137 -0.0534382 0.182116 -0.128838 -0.0533071 0.182237 -0.128547 -0.0531685 0.182366 -0.128263 -0.0530227 0.182503 -0.128007 -0.0593361 0.208191 -0.128315 -0.0591577 0.208343 -0.131901 -0.054215 0.181443 -0.127989 -0.0528699 0.182647 -0.127724 -0.0527105 0.182798 -0.130918 -0.0581253 0.209163 -0.131288 -0.0580344 0.209223 -0.131663 -0.0579543 0.209272 -0.137304 -0.0573715 0.207901 -0.136986 -0.0572935 0.208015 -0.137615 -0.0574576 0.207779 -0.137954 -0.0575629 0.207633 -0.138286 -0.0576784 0.207476 -0.13861 -0.0578039 0.207308 -0.138925 -0.0579389 0.207131 -0.139231 -0.0580833 0.206943 -0.139498 -0.0582207 0.206766 -0.139756 -0.0583649 0.206582 -0.140004 -0.0585157 0.206392 -0.128633 -0.0589882 0.208486 -0.128928 -0.0588438 0.208606 -0.129229 -0.0587074 0.208718 -0.129535 -0.0585792 0.208821 -0.129848 -0.0584596 0.208916 -0.130197 -0.0583382 0.209009 -0.130554 -0.0582266 0.209091 -0.136662 -0.0572239 0.20812 -0.140242 -0.0586726 0.206195 -0.14047 -0.0588352 0.205992 -0.136554 -0.0548279 0.182487 -0.136224 -0.0548934 0.1824 -0.135891 -0.0549501 0.182323 -0.132991 -0.0550676 0.182052 -0.132644 -0.0550385 0.182066 -0.1323 -0.0550003 0.182089 -0.131958 -0.0549532 0.182121 -0.127168 -0.0523327 0.183159 -0.127441 -0.0525261 0.182974 -0.126906 -0.0521306 0.183353 -0.126655 -0.0519202 0.183556 -0.126416 -0.051702 0.183768 -0.12619 -0.0514766 0.183986 -0.125997 -0.0512682 0.184189 -0.125816 -0.0510549 0.184397 -0.125647 -0.0508372 0.18461 -0.12549 -0.0506155 0.184827 -0.125345 -0.0503905 0.185047 -0.135556 -0.0549977 0.182255 -0.135218 -0.0550363 0.182197 -0.134841 -0.0550684 0.182144 -0.134458 -0.0550896 0.182103 -0.134073 -0.0550996 0.182073 -0.133686 -0.0550983 0.182055 -0.133338 -0.0550875 0.182049 -0.125201 -0.0501404 0.185293 -0.125072 -0.0498848 0.185544 -0.132042 -0.0578852 0.209309 -0.132386 -0.0578325 0.209333 -0.132732 -0.0577889 0.209347 -0.135673 -0.0577919 0.209072 -0.13601 -0.0578357 0.208994 -0.136343 -0.0578883 0.208907 -0.136671 -0.0579496 0.20881 -0.140914 -0.0591958 0.205545 -0.140687 -0.0590033 0.205783 -0.141131 -0.0593973 0.205297 -0.141335 -0.0596053 0.205043 -0.141525 -0.0598194 0.204782 -0.141683 -0.0600167 0.204542 -0.14183 -0.0602179 0.204298 -0.141964 -0.0604225 0.204051 -0.142085 -0.0606301 0.2038 -0.142193 -0.0608402 0.203547 -0.142289 -0.0610523 0.203292 -0.133078 -0.0577544 0.209351 -0.133425 -0.0577292 0.209346 -0.133771 -0.0577133 0.209331 -0.134153 -0.0577066 0.209303 -0.134534 -0.0577111 0.209263 -0.134916 -0.0577268 0.209211 -0.135296 -0.0577538 0.209148 -0.142371 -0.061266 0.203036 -0.142446 -0.0615047 0.202749 -0.131621 -0.0548972 0.182163 -0.131287 -0.0548324 0.182214 -0.130922 -0.0547504 0.182282 -0.128593 -0.0539214 0.183029 -0.128309 -0.0537767 0.183164 -0.128033 -0.0536251 0.183307 -0.127766 -0.0534667 0.183457 -0.130557 -0.0546566 0.182362 -0.130197 -0.0545518 0.182453 -0.129842 -0.0544363 0.182556 -0.129494 -0.0543105 0.18267 -0.129187 -0.0541886 0.182781 -0.128886 -0.0540588 0.182901 -0.124775 -0.0490916 0.186325 -0.124859 -0.0493598 0.18606 -0.124708 -0.0488206 0.186592 -0.124656 -0.0485475 0.186861 -0.124624 -0.0483005 0.187105 -0.124605 -0.0480529 0.187349 -0.1246 -0.0478053 0.187593 -0.124608 -0.0475583 0.187837 -0.124632 -0.0472877 0.188104 -0.124672 -0.047017 0.188371 -0.136995 -0.0580195 0.208705 -0.137313 -0.0580977 0.208591 -0.139764 -0.0590928 0.20727 -0.140012 -0.0592438 0.207079 -0.14025 -0.0594008 0.206882 -0.124958 -0.0496244 0.1858 -0.140478 -0.0595637 0.206679 -0.124729 -0.0467467 0.188638 -0.124803 -0.0464776 0.188903 -0.137624 -0.058184 0.208468 -0.137963 -0.0582895 0.208322 -0.138295 -0.0584053 0.208164 -0.138619 -0.0585309 0.207997 -0.138934 -0.0586662 0.207819 -0.13924 -0.0588108 0.207631 -0.139507 -0.0589484 0.207454 -0.142579 -0.0622439 0.201864 -0.142551 -0.0619959 0.202161 -0.142591 -0.0624677 0.201597 -0.142589 -0.0626915 0.201329 -0.142574 -0.0629148 0.201062 -0.142545 -0.063137 0.200796 -0.142503 -0.0633576 0.200532 -0.142448 -0.0635761 0.200271 -0.14238 -0.0637921 0.200012 -0.14229 -0.0640287 0.199728 -0.142183 -0.0642646 0.199444 -0.127509 -0.0533021 0.183614 -0.127233 -0.053111 0.183797 -0.126968 -0.052911 0.183989 -0.125512 -0.0513818 0.185476 -0.125366 -0.0511572 0.185696 -0.125231 -0.0509297 0.185919 -0.125098 -0.0506753 0.186169 -0.142507 -0.0617492 0.202456 -0.14206 -0.0644981 0.199163 -0.126714 -0.0527026 0.18419 -0.126472 -0.0524863 0.184399 -0.126242 -0.0522627 0.184616 -0.126026 -0.0520324 0.18484 -0.125843 -0.0518198 0.185048 -0.125672 -0.0516028 0.185259 -0.125107 -0.0457104 0.189659 -0.124999 -0.0459458 0.189427 -0.125228 -0.0454782 0.189887 -0.125362 -0.0452497 0.190111 -0.125507 -0.0450253 0.190331 -0.125664 -0.0448055 0.190547 -0.125852 -0.0445664 0.190781 -0.126055 -0.0443323 0.191009 -0.126272 -0.044104 0.191232 -0.140694 -0.0597319 0.20647 -0.126503 -0.043882 0.191447 -0.140922 -0.0599246 0.206232 -0.126722 -0.0436882 0.191635 -0.1422 -0.0615703 0.204233 -0.142295 -0.0617826 0.203977 -0.142377 -0.0619964 0.203721 -0.142452 -0.0622352 0.203434 -0.141139 -0.0601263 0.205984 -0.124893 -0.0462104 0.189167 -0.141342 -0.0603345 0.205729 -0.141532 -0.0605487 0.205468 -0.126951 -0.0435004 0.191816 -0.14169 -0.0607462 0.205228 -0.141837 -0.0609476 0.204984 -0.14197 -0.0611524 0.204736 -0.142092 -0.0613601 0.204486 -0.141597 -0.0651771 0.198342 -0.141767 -0.064955 0.198611 -0.141432 -0.0653725 0.198105 -0.141256 -0.0655632 0.197872 -0.141068 -0.0657489 0.197645 -0.14087 -0.065929 0.197424 -0.140661 -0.066103 0.197209 -0.140421 -0.0662872 0.196981 -0.140167 -0.0664651 0.196759 -0.139899 -0.0666361 0.196544 -0.139619 -0.0667998 0.196337 -0.141921 -0.0647285 0.198885 -0.139327 -0.0669556 0.196138 -0.12498 -0.050416 0.186424 -0.124877 -0.0501523 0.186683 -0.12479 -0.0498849 0.186946 -0.124656 -0.0478112 0.188992 -0.124709 -0.0475407 0.189259 -0.124779 -0.0472712 0.189525 -0.124864 -0.0470034 0.189789 -0.127692 -0.0429771 0.192319 -0.127436 -0.0431445 0.192159 -0.127956 -0.0428172 0.192471 -0.128258 -0.0426485 0.192631 -0.128573 -0.0424866 0.192784 -0.128899 -0.0423338 0.192926 -0.129233 -0.0421906 0.193059 -0.12954 -0.0420701 0.19317 -0.129853 -0.041958 0.193272 -0.130171 -0.0418544 0.193364 -0.130494 -0.0417595 0.193448 -0.124719 -0.0496145 0.187213 -0.124663 -0.0493418 0.187482 -0.124627 -0.049095 0.187725 -0.124605 -0.0488475 0.18797 -0.124595 -0.0485998 0.188214 -0.1246 -0.0483525 0.188458 -0.12462 -0.048082 0.188725 -0.142512 -0.0624798 0.203141 -0.142557 -0.0627266 0.202846 -0.142585 -0.0629748 0.202549 -0.127189 -0.0433191 0.191991 -0.13082 -0.0416736 0.193522 -0.131149 -0.0415967 0.193587 -0.142293 -0.0647601 0.200412 -0.142186 -0.0649961 0.200128 -0.142062 -0.0652296 0.199847 -0.141923 -0.0654599 0.199569 -0.138419 -0.0673587 0.195612 -0.13871 -0.0672418 0.195767 -0.138122 -0.0674678 0.195466 -0.137818 -0.0675688 0.195328 -0.137508 -0.0676616 0.195199 -0.137194 -0.0677457 0.195079 -0.136843 -0.0678281 0.194958 -0.136484 -0.0679005 0.194848 -0.136118 -0.0679624 0.194749 -0.135746 -0.0680137 0.19466 -0.13537 -0.0680542 0.194583 -0.142596 -0.0631987 0.202281 -0.142593 -0.0634226 0.202013 -0.142578 -0.0636459 0.201746 -0.142549 -0.0638682 0.20148 -0.142507 -0.0640889 0.201216 -0.142452 -0.0643075 0.200955 -0.142384 -0.0645235 0.200696 -0.139023 -0.0671031 0.195948 -0.134989 -0.0680837 0.194517 -0.124966 -0.046738 0.19005 -0.125071 -0.0465017 0.190283 -0.126439 -0.0446625 0.192083 -0.126655 -0.0444669 0.192272 -0.126881 -0.0442773 0.192456 -0.127117 -0.044094 0.192633 -0.13223 -0.0414098 0.193732 -0.131851 -0.0414645 0.193692 -0.132613 -0.0413662 0.19376 -0.132999 -0.0413338 0.193776 -0.133347 -0.0413142 0.19378 -0.133695 -0.0413039 0.193774 -0.134043 -0.0413027 0.193759 -0.134389 -0.0413107 0.193734 -0.134733 -0.0413279 0.1937 -0.135075 -0.0413541 0.193656 -0.135412 -0.0413893 0.193603 -0.125188 -0.0462685 0.190512 -0.125318 -0.0460389 0.190738 -0.125461 -0.0458132 0.190959 -0.125614 -0.0455921 0.191176 -0.125799 -0.0453516 0.191411 -0.125998 -0.0451161 0.191641 -0.126212 -0.0448862 0.191865 -0.141769 -0.0656864 0.199296 -0.141599 -0.0659084 0.199026 -0.139924 -0.067352 0.197248 -0.139644 -0.0675163 0.19704 -0.139353 -0.0676728 0.19684 -0.139051 -0.067821 0.196649 -0.131481 -0.041529 0.193642 -0.135784 -0.0414388 0.193533 -0.136153 -0.0414996 0.193451 -0.133912 -0.0681066 0.194396 -0.134259 -0.0681089 0.194425 -0.133564 -0.0680951 0.194378 -0.133218 -0.0680745 0.194368 -0.132838 -0.0680412 0.19437 -0.132458 -0.0679964 0.194383 -0.132079 -0.0679402 0.194408 -0.131701 -0.0678727 0.194445 -0.131326 -0.067794 0.194494 -0.130955 -0.0677043 0.194554 -0.130625 -0.0676142 0.194618 -0.141434 -0.0661039 0.198789 -0.141257 -0.0662946 0.198556 -0.141069 -0.0664802 0.198329 -0.140871 -0.0666602 0.198108 -0.140662 -0.0668343 0.197893 -0.140444 -0.067002 0.197686 -0.14019 -0.0671804 0.197463 -0.127615 -0.043748 0.192965 -0.127877 -0.0435859 0.193119 -0.130079 -0.0426061 0.19403 -0.1304 -0.0425087 0.194116 -0.130726 -0.0424202 0.194193 -0.131054 -0.0423407 0.194261 -0.134606 -0.068102 0.194463 -0.130299 -0.0675155 0.194692 -0.127362 -0.0439175 0.192802 -0.128176 -0.0434147 0.193282 -0.128489 -0.0432505 0.193437 -0.128812 -0.0430953 0.193582 -0.129144 -0.0429495 0.193717 -0.12945 -0.0428267 0.19383 -0.129762 -0.0427121 0.193935 -0.13688 -0.0416542 0.193251 -0.136519 -0.0415714 0.193357 -0.137237 -0.0417477 0.193135 -0.137587 -0.0418517 0.193007 -0.137897 -0.041954 0.192883 -0.138199 -0.0420643 0.19275 -0.138495 -0.0421824 0.192609 -0.138783 -0.0423079 0.192461 -0.139062 -0.0424406 0.192305 -0.139358 -0.0425946 0.192124 -0.139645 -0.042758 0.191934 -0.138738 -0.0679604 0.196468 -0.138448 -0.068078 0.196312 -0.135779 -0.0687397 0.195353 -0.135403 -0.0687812 0.195275 -0.135023 -0.0688116 0.195208 -0.134639 -0.0688309 0.195154 -0.129355 -0.0671697 0.194964 -0.129663 -0.067293 0.194865 -0.129022 -0.0670241 0.195084 -0.128696 -0.0668682 0.195215 -0.128378 -0.0667025 0.195356 -0.12807 -0.0665272 0.195506 -0.12777 -0.0663427 0.195667 -0.12751 -0.0661693 0.195819 -0.127259 -0.0659891 0.195979 -0.127018 -0.0658027 0.196145 -0.126787 -0.0656104 0.196317 -0.139923 -0.0429306 0.191734 -0.14019 -0.0431119 0.191525 -0.138151 -0.0681879 0.196165 -0.137848 -0.0682897 0.196027 -0.137539 -0.0683832 0.195897 -0.137225 -0.0684682 0.195776 -0.136874 -0.0685515 0.195654 -0.136516 -0.0686247 0.195543 -0.13615 -0.0686875 0.195442 -0.129978 -0.0674084 0.194774 -0.126566 -0.0654125 0.196496 -0.126334 -0.0651866 0.1967 -0.131385 -0.0422704 0.194319 -0.131755 -0.042203 0.194372 -0.132133 -0.0421455 0.194414 -0.13498 -0.0420688 0.194361 -0.135318 -0.0421014 0.19431 -0.13569 -0.0421481 0.194243 -0.13606 -0.042206 0.194164 -0.132516 -0.0420991 0.194445 -0.132901 -0.0420638 0.194464 -0.133249 -0.0420417 0.194471 -0.133597 -0.0420288 0.194468 -0.133945 -0.042025 0.194456 -0.134292 -0.0420305 0.194434 -0.134637 -0.0420451 0.194402 -0.140921 -0.0437032 0.190848 -0.14069 -0.0434987 0.191081 -0.141118 -0.0438928 0.190631 -0.141303 -0.0440874 0.19041 -0.141477 -0.0442865 0.190184 -0.141639 -0.0444896 0.189954 -0.141802 -0.0447176 0.189695 -0.141951 -0.0449512 0.189431 -0.142086 -0.0451898 0.189162 -0.142205 -0.0454327 0.188888 -0.134293 -0.0688386 0.195114 -0.133945 -0.0688373 0.195085 -0.130987 -0.0684429 0.195234 -0.130656 -0.0683537 0.195298 -0.13033 -0.0682559 0.19537 -0.130009 -0.0681496 0.195451 -0.142309 -0.0456794 0.18861 -0.142397 -0.0459291 0.188329 -0.140446 -0.0433014 0.191307 -0.133598 -0.0688267 0.195065 -0.133251 -0.068807 0.195055 -0.132872 -0.0687746 0.195055 -0.132492 -0.0687309 0.195067 -0.132113 -0.0686758 0.195091 -0.131735 -0.0686093 0.195127 -0.131359 -0.0685316 0.195175 -0.125713 -0.0644647 0.19736 -0.125907 -0.0647118 0.197133 -0.125552 -0.0642376 0.197569 -0.125402 -0.0640065 0.197782 -0.125264 -0.0637717 0.197999 -0.125139 -0.063534 0.198219 -0.125027 -0.0632937 0.198443 -0.124928 -0.0630513 0.198668 -0.124843 -0.0628073 0.198895 -0.124763 -0.0625349 0.199149 -0.124698 -0.0622565 0.199409 -0.136427 -0.0422751 0.194073 -0.13679 -0.0423551 0.193971 -0.137148 -0.0424459 0.193857 -0.139284 -0.043277 0.192863 -0.139574 -0.043438 0.192676 -0.139854 -0.0436083 0.192478 -0.140124 -0.0437874 0.192271 -0.126114 -0.0649526 0.196913 -0.12465 -0.0619758 0.199671 -0.1375 -0.0425473 0.193732 -0.137811 -0.0426473 0.19361 -0.138116 -0.0427554 0.19348 -0.138414 -0.0428713 0.193341 -0.138704 -0.0429948 0.193195 -0.138985 -0.0431255 0.193041 -0.142553 -0.0466131 0.187559 -0.142514 -0.046384 0.187817 -0.142578 -0.0468425 0.187301 -0.142591 -0.0470969 0.187015 -0.142587 -0.0473523 0.186728 -0.142567 -0.047608 0.186441 -0.14253 -0.0478632 0.186154 -0.142477 -0.0481173 0.185868 -0.142415 -0.0483444 0.185613 -0.142341 -0.0485695 0.18536 -0.142253 -0.0487922 0.185109 -0.129693 -0.068035 0.195542 -0.129384 -0.0679124 0.19564 -0.129082 -0.0677821 0.195747 -0.127065 -0.0665719 0.196796 -0.126831 -0.0663807 0.196967 -0.126608 -0.066184 0.197144 -0.126396 -0.0659819 0.197327 -0.142462 -0.0461559 0.188073 -0.142153 -0.0490118 0.184861 -0.128755 -0.0676282 0.195876 -0.142041 -0.049228 0.184618 -0.128435 -0.0674642 0.196014 -0.128125 -0.0672907 0.196164 -0.127824 -0.0671079 0.196322 -0.127561 -0.0669359 0.196473 -0.127308 -0.0667571 0.196631 -0.1246 -0.061184 0.200412 -0.124602 -0.0614388 0.200173 -0.124612 -0.0609298 0.200649 -0.124637 -0.0606765 0.200886 -0.124675 -0.0604249 0.201121 -0.124727 -0.0601754 0.201355 -0.124791 -0.0599284 0.201585 -0.124877 -0.0596565 0.201839 -0.12498 -0.059386 0.202091 -0.125099 -0.0591178 0.20234 -0.125234 -0.0588524 0.202586 -0.140383 -0.0439748 0.192056 -0.14063 -0.0441701 0.191832 -0.140865 -0.0443728 0.1916 -0.142179 -0.046092 0.189651 -0.142287 -0.0463378 0.189374 -0.142379 -0.0465868 0.189094 -0.142448 -0.0468131 0.188839 -0.124617 -0.0616935 0.199935 -0.125385 -0.0585906 0.202829 -0.125551 -0.0583331 0.203067 -0.141065 -0.044561 0.191385 -0.141254 -0.0447542 0.191165 -0.141431 -0.044952 0.19094 -0.141596 -0.045154 0.190711 -0.141764 -0.0453805 0.190455 -0.141917 -0.0456128 0.190192 -0.142055 -0.0458501 0.189924 -0.141574 -0.0499268 0.183828 -0.141745 -0.0496974 0.184088 -0.141388 -0.0501512 0.183574 -0.141209 -0.0503485 0.18335 -0.141018 -0.0505408 0.183131 -0.12478 -0.0633444 0.199761 -0.124711 -0.0630667 0.20002 -0.140816 -0.0507276 0.182918 -0.124658 -0.0627865 0.200282 -0.140604 -0.0509086 0.182712 -0.12462 -0.0625046 0.200546 -0.140383 -0.0510834 0.182512 -0.140152 -0.0512516 0.182319 -0.139912 -0.0514128 0.182133 -0.126174 -0.0657519 0.197536 -0.139636 -0.0515835 0.181936 -0.125963 -0.065513 0.197754 -0.125766 -0.0652677 0.197979 -0.124856 -0.0635893 0.199533 -0.141901 -0.0494638 0.184352 -0.125582 -0.0650166 0.19821 -0.12543 -0.0647862 0.198422 -0.125289 -0.0645522 0.198638 -0.139344 -0.0517482 0.181745 -0.125161 -0.0643149 0.198858 -0.139042 -0.0519046 0.181562 -0.125047 -0.0640751 0.199081 -0.124945 -0.063833 0.199306 -0.126071 -0.057665 0.203681 -0.125886 -0.0578828 0.203481 -0.126286 -0.0574321 0.203893 -0.126516 -0.057205 0.204099 -0.126759 -0.0569841 0.204299 -0.127015 -0.0567703 0.204491 -0.127284 -0.0565638 0.204675 -0.127536 -0.0563848 0.204834 -0.127796 -0.0562127 0.204986 -0.128065 -0.0560478 0.20513 -0.142504 -0.047041 0.188583 -0.142547 -0.0472698 0.188325 -0.142577 -0.0474992 0.188067 -0.142378 -0.0492037 0.186151 -0.142295 -0.0494275 0.185899 -0.1422 -0.0496485 0.18565 -0.142093 -0.0498662 0.185405 -0.125713 -0.0581057 0.203276 -0.128373 -0.0558734 0.20528 -0.128692 -0.0557071 0.205422 -0.142593 -0.0477286 0.187809 -0.142595 -0.0479838 0.187523 -0.142581 -0.0482395 0.187235 -0.14255 -0.0484951 0.186948 -0.142503 -0.0487498 0.186662 -0.142447 -0.0489776 0.186405 -0.138407 -0.0521909 0.181226 -0.138729 -0.0520524 0.181389 -0.138109 -0.0523075 0.181087 -0.137804 -0.052416 0.180957 -0.124601 -0.0622499 0.200784 -0.137495 -0.0525162 0.180836 -0.124595 -0.061995 0.201022 -0.13718 -0.0526078 0.180724 -0.124602 -0.0617404 0.20126 -0.13686 -0.0526908 0.180621 -0.136538 -0.0527648 0.180527 -0.136175 -0.0528366 0.180434 -0.135807 -0.0528978 0.180353 -0.135433 -0.0529484 0.180282 -0.125188 -0.0596576 0.203203 -0.125334 -0.0593946 0.203447 -0.125495 -0.0591357 0.203686 -0.124623 -0.0614867 0.201498 -0.124657 -0.0612343 0.201733 -0.124704 -0.0609839 0.201967 -0.135054 -0.0529881 0.180223 -0.124764 -0.060736 0.202199 -0.134672 -0.0530167 0.180176 -0.124845 -0.0604638 0.202453 -0.124944 -0.0601929 0.202705 -0.125058 -0.0599239 0.202956 -0.131993 -0.0546508 0.206227 -0.131616 -0.0547198 0.206188 -0.132375 -0.0545927 0.206255 -0.132759 -0.0545457 0.206271 -0.129633 -0.0552924 0.205766 -0.129324 -0.0554172 0.205664 -0.129947 -0.0551762 0.205858 -0.130266 -0.0550685 0.205942 -0.130589 -0.0549698 0.206016 -0.130915 -0.0548801 0.206081 -0.131244 -0.0547996 0.206136 -0.141973 -0.0500803 0.185163 -0.141826 -0.0503133 0.1849 -0.141662 -0.0505449 0.184639 -0.133145 -0.05451 0.206275 -0.133493 -0.0544875 0.206269 -0.140018 -0.0520737 0.182897 -0.139773 -0.0522308 0.182715 -0.139492 -0.0523968 0.182523 -0.139195 -0.0525574 0.182336 -0.129021 -0.0555501 0.205554 -0.141483 -0.0507718 0.184381 -0.14129 -0.0509936 0.18413 -0.141104 -0.0511881 0.183909 -0.140906 -0.0513773 0.183694 -0.140699 -0.0515609 0.183484 -0.140481 -0.0517384 0.183281 -0.140254 -0.0519095 0.183085 -0.125653 -0.0589068 0.203897 -0.125823 -0.0586823 0.204104 -0.126004 -0.0584627 0.204305 -0.13359 -0.0530372 0.180106 -0.133939 -0.0530403 0.180118 -0.127969 -0.0568279 0.205773 -0.128243 -0.0566679 0.205912 -0.133242 -0.053025 0.180104 -0.128556 -0.0564991 0.206057 -0.132896 -0.0530036 0.180111 -0.132551 -0.0529731 0.180128 -0.128881 -0.0563381 0.206193 -0.132209 -0.0529336 0.180154 -0.131834 -0.0528793 0.180195 -0.131461 -0.0528137 0.180247 -0.131091 -0.0527368 0.180311 -0.130723 -0.0526489 0.180387 -0.13036 -0.05255 0.180474 -0.126215 -0.058228 0.204519 -0.12644 -0.057999 0.204728 -0.12668 -0.0577761 0.20493 -0.126932 -0.05756 0.205124 -0.127197 -0.0573511 0.205311 -0.127446 -0.0571698 0.205472 -0.127703 -0.0569953 0.205626 -0.134534 -0.0544751 0.206192 -0.134188 -0.0544701 0.206228 -0.13491 -0.0544914 0.206143 -0.135286 -0.0545189 0.206081 -0.13566 -0.0545576 0.206007 -0.136032 -0.0546074 0.205921 -0.134286 -0.0530342 0.18014 -0.136401 -0.0546683 0.205824 -0.136764 -0.0547401 0.205715 -0.137123 -0.0548225 0.205595 -0.13744 -0.0549056 0.205477 -0.130002 -0.0524404 0.180573 -0.129686 -0.0523328 0.180671 -0.133841 -0.0544742 0.206253 -0.137751 -0.0549969 0.205351 -0.138088 -0.0551076 0.205201 -0.138887 -0.0527095 0.182159 -0.138569 -0.0528527 0.18199 -0.138275 -0.0529736 0.181847 -0.135656 -0.0536488 0.181008 -0.13528 -0.053695 0.180942 -0.134899 -0.0537302 0.180888 -0.134516 -0.0537543 0.180845 -0.137974 -0.0530865 0.181712 -0.137667 -0.0531913 0.181586 -0.137354 -0.0532877 0.181469 -0.137037 -0.0533754 0.181361 -0.136716 -0.0534544 0.181262 -0.136392 -0.0535244 0.181173 -0.136027 -0.0535919 0.181085 -0.128774 -0.0519617 0.181017 -0.129071 -0.0520932 0.180893 -0.128457 -0.0518087 0.181162 -0.128149 -0.0516457 0.181317 -0.127849 -0.0514731 0.181482 -0.127558 -0.0512913 0.181657 -0.127279 -0.0511007 0.181842 -0.12701 -0.0509018 0.182035 -0.126778 -0.0507161 0.182215 -0.126557 -0.0505245 0.182402 -0.129181 -0.0562015 0.206307 -0.129488 -0.0560729 0.206412 -0.1298 -0.0559527 0.206509 -0.132596 -0.0552881 0.206958 -0.132981 -0.0552476 0.206967 -0.133329 -0.0552208 0.206966 -0.129375 -0.052217 0.180778 -0.126346 -0.0503273 0.182595 -0.130117 -0.055841 0.206597 -0.126146 -0.0501251 0.182794 -0.130438 -0.0557381 0.206675 -0.130763 -0.0556442 0.206745 -0.131091 -0.0555594 0.206804 -0.131458 -0.055476 0.20686 -0.131833 -0.0554024 0.206904 -0.132213 -0.0553397 0.206937 -0.13902 -0.0554839 0.204708 -0.138739 -0.0553587 0.20487 -0.139293 -0.0556164 0.204539 -0.139556 -0.0557557 0.204362 -0.139811 -0.0559016 0.204179 -0.140055 -0.0560537 0.203989 -0.140289 -0.0562116 0.203793 -0.14054 -0.0563963 0.203565 -0.140778 -0.0565886 0.203329 -0.141005 -0.056788 0.203086 -0.141197 -0.0569732 0.202861 -0.138418 -0.0552283 0.205041 -0.130906 -0.0534233 0.181032 -0.13054 -0.0533298 0.181114 -0.141377 -0.0571632 0.20263 -0.130179 -0.0532256 0.181207 -0.141547 -0.0573576 0.202396 -0.129825 -0.0531107 0.181311 -0.13413 -0.0537672 0.180814 -0.133781 -0.0537691 0.180797 -0.133433 -0.0537619 0.180789 -0.131647 -0.0535769 0.180904 -0.131275 -0.0535057 0.180963 -0.133086 -0.0537456 0.180791 -0.132739 -0.0537201 0.180802 -0.132396 -0.0536855 0.180823 -0.132021 -0.0536369 0.180858 -0.133678 -0.0552032 0.206954 -0.134025 -0.0551948 0.206933 -0.134372 -0.0551956 0.206902 -0.13726 -0.0555808 0.206238 -0.137574 -0.0556674 0.206117 -0.137883 -0.0557622 0.205987 -0.138217 -0.0558768 0.205833 -0.125581 -0.0494418 0.183466 -0.125762 -0.0496831 0.183228 -0.125413 -0.0491949 0.18371 -0.125261 -0.0489429 0.183959 -0.125136 -0.0487124 0.184187 -0.125024 -0.0484789 0.184419 -0.124925 -0.0482428 0.184653 -0.124839 -0.0480047 0.184889 -0.124766 -0.0477651 0.185127 -0.124707 -0.0475244 0.185366 -0.124656 -0.0472563 0.185633 -0.136192 -0.0688275 0.219337 -0.13744 -0.06914 0.218972 -0.136203 -0.0688297 0.219335 -0.136215 -0.068832 0.219332 -0.134716 -0.0552056 0.206862 -0.135093 -0.0552273 0.206806 -0.135468 -0.0552602 0.206739 -0.135842 -0.0553043 0.206659 -0.136212 -0.0553595 0.206568 -0.136578 -0.0554257 0.206465 -0.13694 -0.0555026 0.20635 -0.125958 -0.0499182 0.182997 -0.124622 -0.0469838 0.185904 -0.124603 -0.0467101 0.186176 -0.136227 -0.0688343 0.219329 -0.14198 -0.0579626 0.201669 -0.141848 -0.0577578 0.201914 -0.142099 -0.05817 0.201421 -0.142215 -0.0584031 0.201142 -0.142317 -0.0586407 0.200859 -0.142403 -0.058882 0.200572 -0.142473 -0.0591264 0.200281 -0.142527 -0.0593732 0.199988 -0.142565 -0.0596216 0.199693 -0.142585 -0.0598461 0.199426 -0.136238 -0.0688366 0.219326 -0.137122 -0.0690465 0.21908 -0.129511 -0.0529985 0.181414 -0.141704 -0.0575559 0.202157 -0.129204 -0.0528782 0.181526 -0.128904 -0.0527502 0.181646 -0.142592 -0.0600708 0.19916 -0.142584 -0.0603175 0.198867 -0.12665 -0.0513379 0.183005 -0.126434 -0.0511432 0.183195 -0.126229 -0.0509431 0.183391 -0.126036 -0.0507382 0.183592 -0.13625 -0.0688389 0.219324 -0.128611 -0.0526145 0.181774 -0.128298 -0.0524563 0.181924 -0.127994 -0.0522884 0.182085 -0.127699 -0.0521111 0.182255 -0.127413 -0.0519248 0.182435 -0.127139 -0.0517299 0.182623 -0.126876 -0.051527 0.182821 -0.137041 -0.0690245 0.219106 -0.136261 -0.0688412 0.219321 -0.125078 -0.0444852 0.188387 -0.124963 -0.0447418 0.188132 -0.125211 -0.0442279 0.188642 -0.125359 -0.0439741 0.188893 -0.125522 -0.0437245 0.18914 -0.137001 -0.0690137 0.219118 -0.136273 -0.0688435 0.219318 -0.124639 -0.0459431 0.186939 -0.124614 -0.0461892 0.186694 -0.124678 -0.0456984 0.187182 -0.12473 -0.0454553 0.187424 -0.124795 -0.0452146 0.187663 -0.124873 -0.0449766 0.187899 -0.138544 -0.0560013 0.205669 -0.138831 -0.0561214 0.205512 -0.139109 -0.056249 0.205348 -0.140868 -0.0573875 0.20393 -0.14109 -0.0575895 0.203684 -0.141277 -0.0577768 0.203456 -0.141453 -0.0579688 0.203224 -0.125681 -0.0435041 0.189358 -0.125853 -0.043288 0.189571 -0.136961 -0.069003 0.219131 -0.139379 -0.0563837 0.205176 -0.13964 -0.0565251 0.204997 -0.139891 -0.056673 0.204812 -0.140132 -0.056827 0.20462 -0.140388 -0.0570048 0.2044 -0.140634 -0.0571924 0.204169 -0.142461 -0.0610563 0.19799 -0.142518 -0.0608109 0.198281 -0.124601 -0.0464359 0.186448 -0.142395 -0.0612757 0.197729 -0.142317 -0.061493 0.19747 -0.142225 -0.061708 0.197214 -0.142121 -0.0619199 0.196961 -0.142005 -0.0621285 0.196712 -0.141861 -0.0623558 0.19644 -0.141701 -0.0625817 0.196169 -0.141543 -0.0627809 0.195929 -0.141374 -0.0629758 0.195694 -0.136296 -0.0688482 0.219313 -0.13692 -0.0689924 0.219143 -0.125835 -0.0505057 0.183821 -0.125648 -0.0502667 0.184057 -0.125474 -0.0500219 0.184298 -0.142559 -0.0605644 0.198574 -0.141194 -0.0631659 0.195465 -0.141003 -0.0633506 0.19524 -0.124721 -0.0483319 0.185973 -0.124665 -0.0480639 0.18624 -0.124626 -0.0477919 0.18651 -0.124603 -0.0475185 0.186782 -0.136319 -0.0688529 0.219307 -0.13688 -0.068982 0.219155 -0.125316 -0.0497718 0.184546 -0.125172 -0.0495171 0.184797 -0.125056 -0.0492845 0.185028 -0.124953 -0.0490491 0.185261 -0.124862 -0.0488116 0.185497 -0.124785 -0.0485724 0.185734 -0.136342 -0.0688576 0.219301 -0.136839 -0.0689717 0.219167 -0.141617 -0.058165 0.202987 -0.141769 -0.0583649 0.202747 -0.141908 -0.0585682 0.202503 -0.126432 -0.0426715 0.190177 -0.126229 -0.0428713 0.189981 -0.126646 -0.042478 0.190367 -0.126869 -0.042291 0.19055 -0.127128 -0.0420915 0.190744 -0.142582 -0.0604649 0.200244 -0.142595 -0.0606897 0.199977 -0.1274 -0.0418983 0.190932 -0.127684 -0.0417125 0.191112 -0.142595 -0.0609143 0.19971 -0.127981 -0.0415346 0.191283 -0.142579 -0.0611613 0.199417 -0.128288 -0.0413652 0.191445 -0.128605 -0.0412047 0.191599 -0.136365 -0.0688624 0.219296 -0.142035 -0.0587742 0.202256 -0.142159 -0.0590049 0.20198 -0.142269 -0.0592402 0.2017 -0.142363 -0.0594797 0.201414 -0.142442 -0.0597225 0.201125 -0.136799 -0.0689615 0.219179 -0.142505 -0.0599682 0.200833 -0.142551 -0.0602159 0.200539 -0.126035 -0.043077 0.189779 -0.128899 -0.0410682 0.191728 -0.129199 -0.0409397 0.191849 -0.136388 -0.0688673 0.21929 -0.140369 -0.0638692 0.194606 -0.14059 -0.0637027 0.19481 -0.140112 -0.0640465 0.194387 -0.139842 -0.0642169 0.194175 -0.13956 -0.0643798 0.193971 -0.139265 -0.0645349 0.193775 -0.13896 -0.0646815 0.193587 -0.138645 -0.0648194 0.193409 -0.138352 -0.0649355 0.193258 -0.138054 -0.0650437 0.193114 -0.136753 -0.0689504 0.219192 -0.124596 -0.0472442 0.187055 -0.124604 -0.0469973 0.1873 -0.124625 -0.0467509 0.187545 -0.125309 -0.044774 0.189508 -0.125467 -0.044523 0.189757 -0.140802 -0.0635297 0.195022 -0.125641 -0.0442767 0.19 -0.12581 -0.0440596 0.190214 -0.137748 -0.0651439 0.192979 -0.137437 -0.0652357 0.192853 -0.136708 -0.0689394 0.219205 -0.136434 -0.068877 0.219278 -0.124659 -0.0465056 0.187789 -0.124707 -0.0462618 0.188032 -0.124767 -0.0460202 0.188272 -0.124841 -0.0457812 0.188509 -0.124927 -0.0455452 0.188744 -0.125038 -0.0452871 0.189 -0.125165 -0.0450289 0.189256 -0.142546 -0.0614082 0.199124 -0.142497 -0.0616544 0.198832 -0.142432 -0.0618991 0.198541 -0.130134 -0.0406041 0.192159 -0.129818 -0.0407073 0.192065 -0.130487 -0.0405009 0.192252 -0.141606 -0.063438 0.196703 -0.141441 -0.0636345 0.196466 -0.130847 -0.0404078 0.192335 -0.141264 -0.0638264 0.196234 -0.131214 -0.040325 0.192406 -0.141077 -0.0640133 0.196008 -0.131587 -0.0402527 0.192466 -0.131964 -0.0401913 0.192515 -0.132346 -0.0401409 0.192552 -0.13273 -0.0401016 0.192577 -0.133077 -0.0400759 0.19259 -0.133425 -0.0400593 0.192593 -0.136617 -0.068918 0.21923 -0.129506 -0.0408193 0.191961 -0.133773 -0.040052 0.192586 -0.13412 -0.0400539 0.19257 -0.14236 -0.0621175 0.198281 -0.142275 -0.0623337 0.198024 -0.142177 -0.0625472 0.197769 -0.142066 -0.0627575 0.197518 -0.141929 -0.0629869 0.197244 -0.141775 -0.0632147 0.196971 -0.136371 -0.0654782 0.192501 -0.136734 -0.0654076 0.192608 -0.136003 -0.0655382 0.192406 -0.13563 -0.0655873 0.192322 -0.135291 -0.0656222 0.192256 -0.134949 -0.0656481 0.192199 -0.134605 -0.0656649 0.192153 -0.134222 -0.0656728 0.192112 -0.133837 -0.0656695 0.192084 -0.13345 -0.0656549 0.192067 -0.133103 -0.0656321 0.192062 -0.12599 -0.0438473 0.190424 -0.126181 -0.0436404 0.190627 -0.126383 -0.0434392 0.190825 -0.128539 -0.0419594 0.19226 -0.128831 -0.0418212 0.192391 -0.137089 -0.0653267 0.192725 -0.12913 -0.0416908 0.192514 -0.129435 -0.0415686 0.192628 -0.132756 -0.0656002 0.192067 -0.132412 -0.0655591 0.192081 -0.126595 -0.0432442 0.191016 -0.126816 -0.0430557 0.1912 -0.127072 -0.0428543 0.191397 -0.127342 -0.0426597 0.191586 -0.127624 -0.0424724 0.191767 -0.127918 -0.0422929 0.19194 -0.128223 -0.0421217 0.192105 -0.138165 -0.0657348 0.193852 -0.137862 -0.065838 0.193713 -0.137553 -0.0659329 0.193584 -0.137208 -0.0660272 0.193453 -0.134879 -0.0400909 0.192499 -0.134499 -0.0400667 0.192541 -0.135257 -0.0401264 0.192446 -0.135633 -0.040173 0.192381 -0.140879 -0.0641945 0.195787 -0.136007 -0.0402308 0.192304 -0.140671 -0.0643698 0.195573 -0.136377 -0.0402996 0.192215 -0.140453 -0.0645388 0.195366 -0.136705 -0.0403707 0.192126 -0.137029 -0.0404504 0.192028 -0.137347 -0.0405385 0.19192 -0.137659 -0.0406348 0.191804 -0.137964 -0.0407391 0.19168 -0.140226 -0.0647011 0.195166 -0.139962 -0.0648744 0.194951 -0.139684 -0.0650406 0.194743 -0.139395 -0.0651991 0.194543 -0.139094 -0.0653494 0.194352 -0.138783 -0.065491 0.19417 -0.138462 -0.0656236 0.193998 -0.138295 -0.0408642 0.191532 -0.138618 -0.0409993 0.191374 -0.131397 -0.0653825 0.192181 -0.131731 -0.0654502 0.192138 -0.13103 -0.0652973 0.192239 -0.130664 -0.0652002 0.19231 -0.130303 -0.0650921 0.192392 -0.129946 -0.0649733 0.192485 -0.129596 -0.064844 0.192589 -0.129287 -0.0647189 0.192692 -0.128984 -0.0645859 0.192804 -0.128689 -0.0644451 0.192924 -0.13207 -0.0655091 0.192105 -0.128402 -0.064297 0.193051 -0.128123 -0.0641418 0.193186 -0.127826 -0.0639629 0.193343 -0.129746 -0.0414547 0.192734 -0.130062 -0.0413495 0.19283 -0.130382 -0.0412531 0.192917 -0.132964 -0.0408062 0.193278 -0.133312 -0.0407867 0.193284 -0.133659 -0.0407763 0.193281 -0.134007 -0.0407752 0.193268 -0.140699 -0.0477181 0.179851 -0.140839 -0.0475944 0.179988 -0.136854 -0.0661115 0.193332 -0.13074 -0.041157 0.193003 -0.136494 -0.0661857 0.193221 -0.131105 -0.0410711 0.193078 -0.136128 -0.0662492 0.193122 -0.131476 -0.0409958 0.193141 -0.131853 -0.0409312 0.193193 -0.132233 -0.0408775 0.193234 -0.132617 -0.0408349 0.193263 -0.133541 -0.0663894 0.192755 -0.133193 -0.066369 0.192748 -0.132846 -0.0663394 0.19275 -0.132501 -0.0663007 0.192762 -0.139505 -0.0414444 0.190859 -0.139239 -0.0412982 0.191027 -0.139762 -0.0415975 0.190683 -0.14001 -0.0417571 0.1905 -0.140248 -0.0419229 0.190311 -0.140475 -0.0420944 0.190116 -0.140692 -0.0422713 0.189916 -0.140919 -0.0424737 0.189687 -0.141136 -0.0426852 0.189448 -0.14134 -0.0429033 0.189202 -0.14153 -0.0431272 0.18895 -0.135756 -0.0663021 0.193034 -0.13538 -0.066344 0.192958 -0.135038 -0.0663722 0.192899 -0.134695 -0.0663914 0.19285 -0.134313 -0.066402 0.192806 -0.133927 -0.0664013 0.192775 -0.138933 -0.0411441 0.191206 -0.141688 -0.0433334 0.188718 -0.141834 -0.0435433 0.188483 -0.127261 -0.0635769 0.193687 -0.127539 -0.0637745 0.193511 -0.126995 -0.0633707 0.193873 -0.126739 -0.0631562 0.194067 -0.126495 -0.062934 0.19427 -0.126265 -0.0627047 0.19448 -0.126069 -0.0624927 0.194675 -0.125884 -0.062276 0.194875 -0.125693 -0.0620307 0.195102 -0.125516 -0.0617795 0.195335 -0.125354 -0.0615233 0.195574 -0.140973 -0.0474682 0.180128 -0.125221 -0.0612887 0.195793 -0.125101 -0.061051 0.196015 -0.134386 -0.0407846 0.193242 -0.134766 -0.0408054 0.193204 -0.135145 -0.0408375 0.193154 -0.137557 -0.0413249 0.192535 -0.137864 -0.0414265 0.192414 -0.138198 -0.0415486 0.192269 -0.138524 -0.0416808 0.192114 -0.141166 -0.0472746 0.180342 -0.135522 -0.0408808 0.193093 -0.135896 -0.0409353 0.193019 -0.136267 -0.0410008 0.192934 -0.136597 -0.041069 0.192848 -0.136922 -0.0411459 0.192753 -0.137243 -0.0412313 0.192648 -0.132158 -0.066253 0.192783 -0.131818 -0.0661964 0.192814 -0.131482 -0.066131 0.192855 -0.128795 -0.0652277 0.193564 -0.128505 -0.0650822 0.193689 -0.128222 -0.0649294 0.193821 -0.127949 -0.0647698 0.193961 -0.142196 -0.0441912 0.187757 -0.142088 -0.0439727 0.188002 -0.142291 -0.0444117 0.187511 -0.142372 -0.0446335 0.187263 -0.142448 -0.0448852 0.186982 -0.142509 -0.0451396 0.186698 -0.142553 -0.0453961 0.186412 -0.14258 -0.0456539 0.186124 -0.142591 -0.0458865 0.185865 -0.142589 -0.046119 0.185605 -0.131151 -0.066057 0.192904 -0.130784 -0.0659636 0.192971 -0.130421 -0.0658591 0.193049 -0.130062 -0.0657438 0.193138 -0.12971 -0.065618 0.193239 -0.129398 -0.0654959 0.193339 -0.129093 -0.0653657 0.193448 -0.141967 -0.0437566 0.188244 -0.142573 -0.0463509 0.185347 -0.142544 -0.0465817 0.185089 -0.124817 -0.060324 0.196697 -0.124898 -0.0605682 0.196468 -0.124742 -0.0600513 0.196953 -0.124682 -0.0597731 0.197215 -0.124638 -0.0594929 0.197479 -0.124611 -0.0592114 0.197744 -0.1246 -0.0589576 0.197983 -0.124603 -0.0587039 0.198222 -0.124619 -0.0584509 0.198461 -0.124648 -0.0581991 0.198698 -0.124993 -0.0608107 0.19624 -0.124691 -0.0579491 0.198933 -0.124747 -0.0577013 0.199167 -0.138841 -0.0418227 0.191948 -0.13915 -0.0419741 0.191773 -0.139419 -0.042118 0.191607 -0.141284 -0.0435613 0.189966 -0.141478 -0.0437836 0.189716 -0.14164 -0.0439884 0.189486 -0.14179 -0.0441972 0.189252 -0.13968 -0.0422688 0.191434 -0.139931 -0.0424263 0.191253 -0.140172 -0.0425901 0.191066 -0.140403 -0.0427597 0.190873 -0.140623 -0.0429349 0.190674 -0.140855 -0.0431355 0.190447 -0.141076 -0.043345 0.19021 -0.127658 -0.0645854 0.194124 -0.127376 -0.0643917 0.194297 -0.127104 -0.064189 0.194479 -0.125587 -0.0626172 0.195921 -0.125418 -0.062363 0.196157 -0.125279 -0.0621301 0.196375 -0.125153 -0.0618938 0.196595 -0.142378 -0.047262 0.18433 -0.142446 -0.0470377 0.184581 -0.142287 -0.0475093 0.184054 -0.142179 -0.0477548 0.18378 -0.142056 -0.0479979 0.183508 -0.141916 -0.0482378 0.183239 -0.141761 -0.0484739 0.182975 -0.141591 -0.0487055 0.182715 -0.141426 -0.0489095 0.182486 -0.141249 -0.0491088 0.182262 -0.141061 -0.049303 0.182043 -0.126844 -0.063978 0.19467 -0.126595 -0.063759 0.194869 -0.126359 -0.0635327 0.195076 -0.126157 -0.0633232 0.195268 -0.125967 -0.0631086 0.195466 -0.12577 -0.0628659 0.19569 -0.125026 -0.0568907 0.199928 -0.124917 -0.0571593 0.199676 -0.125152 -0.0566245 0.200178 -0.125293 -0.0563615 0.200423 -0.142501 -0.0468108 0.184834 -0.12545 -0.0561024 0.200665 -0.125622 -0.055848 0.200902 -0.125789 -0.0556235 0.201111 -0.125967 -0.0554038 0.201314 -0.140862 -0.0494915 0.181831 -0.126176 -0.0551683 0.201531 -0.140653 -0.0496741 0.181624 -0.1264 -0.0549386 0.201742 -0.126637 -0.054715 0.201947 -0.124824 -0.0574298 0.199422 -0.126887 -0.0544984 0.202144 -0.127123 -0.0543097 0.202315 -0.141928 -0.0444095 0.189014 -0.142053 -0.0446247 0.188772 -0.142166 -0.0448426 0.188529 -0.142596 -0.0467638 0.186384 -0.142584 -0.0469961 0.186125 -0.14256 -0.0472274 0.185867 -0.142522 -0.0474572 0.185611 -0.140156 -0.0500554 0.181192 -0.140412 -0.0498679 0.181405 -0.139888 -0.050236 0.180986 -0.139607 -0.0504092 0.180788 -0.139314 -0.0505745 0.180599 -0.13901 -0.0507314 0.180418 -0.138696 -0.0508794 0.180247 -0.138406 -0.0510047 0.180101 -0.138108 -0.0511221 0.179963 -0.125039 -0.0616546 0.196819 -0.137804 -0.0512314 0.179834 -0.124938 -0.061413 0.197046 -0.137495 -0.0513323 0.179714 -0.12485 -0.0611696 0.197274 -0.124625 -0.0590776 0.199244 -0.124659 -0.0588263 0.199481 -0.124707 -0.058577 0.199716 -0.124768 -0.0583302 0.199948 -0.142265 -0.0450624 0.188283 -0.142351 -0.0452839 0.188035 -0.142431 -0.0455313 0.187759 -0.142496 -0.045785 0.187476 -0.142545 -0.046041 0.18719 -0.142578 -0.0462986 0.186903 -0.142593 -0.0465311 0.186643 -0.124775 -0.0609247 0.197504 -0.124708 -0.0606516 0.197761 -0.124655 -0.0603724 0.198024 -0.124619 -0.0600915 0.198289 -0.1246 -0.0598378 0.198528 -0.124595 -0.0595838 0.198767 -0.124603 -0.0593303 0.199006 -0.137148 -0.0514334 0.179593 -0.127622 -0.0539519 0.202636 -0.127368 -0.0541274 0.202479 -0.136794 -0.0515245 0.179482 -0.127885 -0.0537836 0.202786 -0.128186 -0.0536053 0.202943 -0.1285 -0.0534344 0.203092 -0.128824 -0.0532727 0.203231 -0.129123 -0.0531353 0.203348 -0.129428 -0.0530061 0.203456 -0.129738 -0.0528851 0.203555 -0.130054 -0.0527728 0.203645 -0.130374 -0.0526693 0.203727 -0.130698 -0.0525747 0.203799 -0.131024 -0.0524893 0.203861 -0.142471 -0.047685 0.185356 -0.142408 -0.0479104 0.185105 -0.142322 -0.0481574 0.184829 -0.141317 -0.0497659 0.183028 -0.141133 -0.049962 0.182807 -0.140938 -0.0501527 0.182592 -0.140733 -0.0503375 0.182383 -0.142219 -0.0484036 0.184554 -0.142101 -0.0486475 0.184281 -0.141967 -0.0488886 0.184012 -0.141817 -0.0491261 0.183746 -0.141651 -0.0493592 0.183484 -0.14149 -0.0495648 0.183253 -0.135691 -0.0517355 0.179214 -0.136064 -0.0516758 0.179292 -0.135313 -0.0517842 0.179147 -0.134971 -0.0518186 0.179098 -0.134627 -0.0518439 0.179057 -0.134281 -0.05186 0.179027 -0.133936 -0.051867 0.179006 -0.133553 -0.0518639 0.178995 -0.13317 -0.0518495 0.178995 -0.132786 -0.0518239 0.179007 -0.124851 -0.0580589 0.200203 -0.12495 -0.057789 0.200456 -0.125065 -0.0575211 0.200708 -0.126456 -0.0556051 0.202487 -0.126697 -0.0553833 0.20269 -0.12695 -0.0551684 0.202885 -0.136432 -0.0516054 0.179381 -0.132403 -0.0517869 0.179031 -0.132022 -0.0517386 0.179067 -0.125196 -0.057256 0.200956 -0.125343 -0.0569943 0.2012 -0.125505 -0.0567367 0.20144 -0.125664 -0.0565091 0.201652 -0.125834 -0.0562859 0.201859 -0.126016 -0.0560676 0.202061 -0.126229 -0.0558335 0.202277 -0.132146 -0.0522663 0.204003 -0.131767 -0.0523299 0.203967 -0.132529 -0.0522138 0.204027 -0.132914 -0.0521724 0.20404 -0.133262 -0.0521447 0.204041 -0.13361 -0.0521263 0.204032 -0.133958 -0.052117 0.204014 -0.134304 -0.052117 0.203986 -0.134682 -0.0521276 0.203944 -0.13506 -0.0521495 0.20389 -0.135436 -0.0521827 0.203825 -0.140495 -0.0505333 0.182162 -0.140244 -0.050723 0.181947 -0.13998 -0.0509059 0.181738 -0.131393 -0.0524043 0.20392 -0.13581 -0.052227 0.203747 -0.137918 -0.0519211 0.180566 -0.137611 -0.0520251 0.180442 -0.136181 -0.0522824 0.203657 -0.137267 -0.0521295 0.180317 -0.136914 -0.0522241 0.180202 -0.139703 -0.0510816 0.181538 -0.139414 -0.0512496 0.181345 -0.139114 -0.0514094 0.181162 -0.138803 -0.0515604 0.180987 -0.138515 -0.0516885 0.180838 -0.13822 -0.0518088 0.180698 -0.127189 -0.0549815 0.203054 -0.127437 -0.0548011 0.203216 -0.127694 -0.0546275 0.203371 -0.13101 -0.0515532 0.179223 -0.131344 -0.0516238 0.179162 -0.130681 -0.0514739 0.179293 -0.130357 -0.0513862 0.179373 -0.130004 -0.0512789 0.179471 -0.129654 -0.0511604 0.179581 -0.130142 -0.0534668 0.204361 -0.130463 -0.0533657 0.20444 -0.129311 -0.0510315 0.179703 -0.130788 -0.0532736 0.204509 -0.128975 -0.0508925 0.179834 -0.131151 -0.0531821 0.204575 -0.12868 -0.050759 0.179962 -0.128392 -0.0506179 0.180097 -0.128113 -0.0504696 0.180241 -0.127959 -0.0544613 0.203518 -0.128262 -0.0542854 0.203673 -0.128579 -0.0541167 0.203819 -0.128905 -0.0539574 0.203956 -0.129205 -0.0538222 0.204071 -0.129512 -0.0536952 0.204176 -0.129825 -0.0535767 0.204273 -0.131681 -0.0516857 0.17911 -0.127842 -0.0503142 0.180391 -0.12758 -0.0501522 0.180549 -0.137194 -0.052495 0.203346 -0.136874 -0.0524176 0.203456 -0.137509 -0.0525807 0.203228 -0.137853 -0.0526857 0.203086 -0.138189 -0.0528008 0.202934 -0.138484 -0.0529128 0.202788 -0.138772 -0.0530324 0.202634 -0.139052 -0.0531594 0.202472 -0.139324 -0.0532935 0.202303 -0.139586 -0.0534344 0.202127 -0.124868 -0.0427959 0.185832 -0.12479 -0.04303 0.185594 -0.124962 -0.0425574 0.186074 -0.136555 -0.0523085 0.180098 -0.136189 -0.0523824 0.180005 -0.125078 -0.0423083 0.186327 -0.135817 -0.0524457 0.179924 -0.125216 -0.042046 0.186594 -0.132952 -0.0525654 0.179685 -0.132568 -0.0525334 0.179704 -0.132186 -0.05249 0.179735 -0.136548 -0.0523487 0.203556 -0.131844 -0.0524414 0.179773 -0.125356 -0.0418062 0.186837 -0.139838 -0.0535816 0.201944 -0.140081 -0.0537349 0.201754 -0.125505 -0.0415696 0.187077 -0.142354 -0.072823 0.214936 -0.135399 -0.0686996 0.219494 -0.135401 -0.0687 0.219493 -0.135404 -0.0687004 0.219493 -0.135407 -0.0687007 0.219492 -0.13541 -0.0687011 0.219492 -0.142076 -0.0725778 0.215164 -0.142196 -0.0728218 0.214897 -0.142301 -0.0730698 0.214625 -0.14239 -0.0733212 0.21435 -0.135437 -0.0687046 0.219487 -0.13544 -0.068705 0.219487 -0.135443 -0.0687054 0.219486 -0.13546 -0.0687077 0.219483 -0.142527 -0.0753364 0.212147 -0.142478 -0.0755687 0.211893 -0.135441 -0.0524982 0.179853 -0.142417 -0.0757992 0.21164 -0.135099 -0.0525359 0.1798 -0.142343 -0.0760274 0.211391 -0.134756 -0.0525646 0.179756 -0.142256 -0.0762528 0.211144 -0.134411 -0.0525841 0.179722 -0.142156 -0.0764748 0.210901 -0.142031 -0.0767172 0.210635 -0.134065 -0.0525945 0.179698 -0.13372 -0.0525957 0.179683 -0.142567 -0.0761099 0.211402 -0.135446 -0.0687058 0.219486 -0.135449 -0.0687061 0.219485 -0.133336 -0.0525862 0.179678 -0.135451 -0.0687065 0.219485 -0.135454 -0.0687069 0.219484 -0.135457 -0.0687073 0.219484 -0.140796 -0.0782428 0.208959 -0.140583 -0.0784268 0.208756 -0.14036 -0.0786045 0.20856 -0.140128 -0.0787755 0.20837 -0.135194 -0.0528838 0.20456 -0.13557 -0.0529209 0.20449 -0.139887 -0.0789395 0.208189 -0.135943 -0.0529691 0.204409 -0.139638 -0.0790961 0.208014 -0.139348 -0.0792641 0.207827 -0.139047 -0.0794239 0.207649 -0.138734 -0.0795752 0.207479 -0.138412 -0.0797174 0.207319 -0.131522 -0.0531008 0.20463 -0.14013 -0.0791878 0.208137 -0.131898 -0.0530302 0.204673 -0.135484 -0.0687109 0.21948 -0.132279 -0.0529705 0.204705 -0.135487 -0.0687113 0.219479 -0.126831 -0.0496096 0.181081 -0.127087 -0.0498097 0.180884 -0.13549 -0.0687117 0.219479 -0.135493 -0.0687121 0.219478 -0.126583 -0.0493991 0.181288 -0.135496 -0.0687125 0.219478 -0.126348 -0.0491809 0.181504 -0.126126 -0.0489558 0.181727 -0.125937 -0.0487476 0.181933 -0.12576 -0.0485347 0.182145 -0.125595 -0.0483176 0.182361 -0.125441 -0.0480967 0.182581 -0.125301 -0.0478725 0.182804 -0.135513 -0.0687149 0.219474 -0.135516 -0.0687153 0.219474 -0.125173 -0.0476455 0.183031 -0.135519 -0.0687157 0.219473 -0.135522 -0.0687161 0.219473 -0.135499 -0.0687129 0.219477 -0.135502 -0.0687133 0.219477 -0.135504 -0.0687137 0.219476 -0.135507 -0.0687141 0.219475 -0.13551 -0.0687145 0.219475 -0.136539 -0.0803128 0.206637 -0.136863 -0.080235 0.206728 -0.136212 -0.0803817 0.206556 -0.135882 -0.0804414 0.206484 -0.135514 -0.0804971 0.206416 -0.135137 -0.0805427 0.206358 -0.134755 -0.0805773 0.206311 -0.13437 -0.0806008 0.206276 -0.133984 -0.080613 0.206254 -0.134438 -0.0528433 0.204665 -0.134816 -0.0528579 0.204618 -0.132662 -0.0529218 0.204725 -0.133048 -0.0528843 0.204734 -0.133396 -0.0528603 0.204731 -0.133745 -0.0528454 0.204718 -0.134092 -0.0528397 0.204696 -0.137183 -0.0801484 0.206829 -0.133636 -0.0806143 0.206243 -0.127328 -0.0499839 0.180714 -0.133287 -0.0806065 0.206243 -0.125058 -0.0474163 0.18326 -0.135531 -0.0687173 0.219471 -0.124946 -0.0471593 0.183517 -0.135534 -0.0687177 0.219471 -0.135537 -0.0687182 0.21947 -0.13554 -0.0687186 0.21947 -0.137499 -0.0800531 0.206938 -0.135584 -0.0687248 0.219462 -0.135543 -0.068719 0.219469 -0.135546 -0.0687194 0.219469 -0.135549 -0.0687198 0.219468 -0.135551 -0.0687202 0.219468 -0.135554 -0.0687206 0.219467 -0.140823 -0.0542939 0.201073 -0.140586 -0.0540991 0.201309 -0.141046 -0.0544958 0.200829 -0.141236 -0.0546829 0.200604 -0.141414 -0.0548749 0.200373 -0.135566 -0.0687223 0.219465 -0.135569 -0.0687227 0.219465 -0.141581 -0.0550711 0.200138 -0.135572 -0.0687231 0.219464 -0.141735 -0.0552712 0.1999 -0.135575 -0.0687236 0.219464 -0.141877 -0.0554747 0.199657 -0.135578 -0.068724 0.219463 -0.142006 -0.0556811 0.199412 -0.135581 -0.0687244 0.219463 -0.142134 -0.0559124 0.199138 -0.142246 -0.0561484 0.198858 -0.135557 -0.068721 0.219467 -0.13556 -0.0687215 0.219466 -0.135563 -0.0687219 0.219466 -0.131912 -0.080484 0.206336 -0.132252 -0.0805282 0.206298 -0.131576 -0.0804311 0.206383 -0.131208 -0.0803621 0.206446 -0.130841 -0.0802814 0.206521 -0.130477 -0.0801897 0.206608 -0.130118 -0.0800871 0.206707 -0.129765 -0.0799739 0.206816 -0.129418 -0.0798504 0.206936 -0.129112 -0.0797306 0.207054 -0.131505 -0.0523838 0.17982 -0.131169 -0.0523174 0.179877 -0.130838 -0.0522423 0.179943 -0.13294 -0.0805895 0.206252 -0.132595 -0.0805634 0.20627 -0.140338 -0.0539119 0.201537 -0.12853 -0.0514168 0.180715 -0.128246 -0.0512719 0.180855 -0.128814 -0.0796031 0.20718 -0.127971 -0.0511199 0.181002 -0.142343 -0.0563885 0.198575 -0.128523 -0.0794679 0.207313 -0.127705 -0.0509611 0.181156 -0.142425 -0.056632 0.198287 -0.135645 -0.0687338 0.219451 -0.135648 -0.0687343 0.219451 -0.135587 -0.0687252 0.219462 -0.130512 -0.0521586 0.180018 -0.135589 -0.0687257 0.219461 -0.13019 -0.0520665 0.180102 -0.135593 -0.0687261 0.219461 -0.129841 -0.0519548 0.180205 -0.135595 -0.0687265 0.21946 -0.129494 -0.0518314 0.18032 -0.135598 -0.0687269 0.21946 -0.129154 -0.0516978 0.180447 -0.135601 -0.0687274 0.219459 -0.128822 -0.0515542 0.180583 -0.135633 -0.0687321 0.219453 -0.135636 -0.0687325 0.219453 -0.135639 -0.0687329 0.219452 -0.135642 -0.0687334 0.219452 -0.135604 -0.0687278 0.219459 -0.135607 -0.0687282 0.219458 -0.13561 -0.0687286 0.219457 -0.135613 -0.0687291 0.219457 -0.135616 -0.0687295 0.219456 -0.136312 -0.0530284 0.204315 -0.135619 -0.0687299 0.219456 -0.136678 -0.0530985 0.20421 -0.137001 -0.0531707 0.204106 -0.135625 -0.0687308 0.219455 -0.135628 -0.0687312 0.219454 -0.135631 -0.0687316 0.219454 -0.135622 -0.0687303 0.219455 -0.139459 -0.0540874 0.202907 -0.139716 -0.0542315 0.202727 -0.139964 -0.0543819 0.202541 -0.124767 -0.046632 0.184044 -0.124849 -0.0468975 0.183778 -0.140227 -0.0545558 0.202327 -0.124702 -0.0463634 0.184313 -0.124652 -0.0460925 0.184584 -0.124619 -0.04582 0.184857 -0.124603 -0.0455741 0.185104 -0.1246 -0.045328 0.18535 -0.124611 -0.0450824 0.185597 -0.124635 -0.0448378 0.185842 -0.124672 -0.0445947 0.186085 -0.124723 -0.0443536 0.186327 -0.127702 -0.0790204 0.207759 -0.127967 -0.0791762 0.207603 -0.12742 -0.0788398 0.20794 -0.127148 -0.0786503 0.20813 -0.126887 -0.078452 0.208329 -0.126637 -0.0782455 0.208537 -0.126399 -0.0780313 0.208753 -0.126173 -0.07781 0.208977 -0.125982 -0.0776052 0.209184 -0.125802 -0.0773955 0.209396 -0.125634 -0.0771815 0.209613 -0.124794 -0.0440895 0.186591 -0.12824 -0.0793255 0.207455 -0.124881 -0.0438264 0.186855 -0.13732 -0.0532514 0.203993 -0.137667 -0.0533507 0.203857 -0.138007 -0.0534603 0.203711 -0.125477 -0.0769636 0.209834 -0.13834 -0.0535799 0.203554 -0.125334 -0.0767424 0.210058 -0.138632 -0.0536958 0.203404 -0.138916 -0.0538192 0.203246 -0.139192 -0.0539499 0.20308 -0.142468 -0.0587209 0.195826 -0.142519 -0.0584999 0.196087 -0.142405 -0.0589394 0.195569 -0.135651 -0.0687347 0.21945 -0.142319 -0.0591797 0.195285 -0.142217 -0.0594185 0.195002 -0.14257 -0.0573516 0.197439 -0.14254 -0.0571268 0.197704 -0.142588 -0.0575769 0.197174 -0.142591 -0.0578273 0.196879 -0.14258 -0.0580527 0.196613 -0.142556 -0.058277 0.196349 -0.135654 -0.0687351 0.219449 -0.135657 -0.0687355 0.219449 -0.13566 -0.068736 0.219448 -0.135663 -0.0687364 0.219448 -0.135666 -0.0687369 0.219447 -0.135669 -0.0687373 0.219447 -0.142098 -0.059655 0.194723 -0.135713 -0.068744 0.219438 -0.135715 -0.0687445 0.219438 -0.135718 -0.0687449 0.219437 -0.127448 -0.0507959 0.181317 -0.127201 -0.0506245 0.181485 -0.126965 -0.0504474 0.181659 -0.135672 -0.0687378 0.219446 -0.135675 -0.0687382 0.219446 -0.135677 -0.0687386 0.219445 -0.13568 -0.0687391 0.219444 -0.135683 -0.0687395 0.219444 -0.135686 -0.06874 0.219443 -0.135689 -0.0687404 0.219443 -0.135692 -0.0687409 0.219442 -0.135695 -0.0687413 0.219442 -0.125364 -0.0487093 0.183382 -0.125229 -0.0484836 0.183607 -0.135698 -0.0687417 0.219441 -0.125108 -0.0482553 0.183835 -0.125 -0.048025 0.184065 -0.135701 -0.0687422 0.219441 -0.135704 -0.0687426 0.21944 -0.135707 -0.0687431 0.21944 -0.13571 -0.0687435 0.219439 -0.142491 -0.0568784 0.197996 -0.124969 -0.0760374 0.210775 -0.125085 -0.0762916 0.210516 -0.124869 -0.0757788 0.211038 -0.124784 -0.0755162 0.211305 -0.124715 -0.0752505 0.211575 -0.124661 -0.0749823 0.211848 -0.124624 -0.0747123 0.212123 -0.124605 -0.0744685 0.212371 -0.124599 -0.0742244 0.21262 -0.124607 -0.0739806 0.212868 -0.126711 -0.0502411 0.181862 -0.126469 -0.0500269 0.182073 -0.12624 -0.0498054 0.182292 -0.126024 -0.0495771 0.182519 -0.125841 -0.0493664 0.182728 -0.125669 -0.0491512 0.182942 -0.12551 -0.048932 0.18316 -0.125203 -0.0765182 0.210286 -0.140481 -0.0547395 0.202103 -0.124628 -0.0737377 0.213116 -0.140722 -0.054931 0.20187 -0.140952 -0.0551299 0.201629 -0.124662 -0.0734962 0.213362 -0.142095 -0.0565565 0.199924 -0.142212 -0.056791 0.199647 -0.142315 -0.0570298 0.199364 -0.142402 -0.0572722 0.199078 -0.125241 -0.0430502 0.187631 -0.125105 -0.0433061 0.187375 -0.125392 -0.0427981 0.187883 -0.125541 -0.0425751 0.188105 -0.125702 -0.0423562 0.188323 -0.125875 -0.0421419 0.188536 -0.126059 -0.0419328 0.188744 -0.126272 -0.0417099 0.188965 -0.126501 -0.0414926 0.189181 -0.126743 -0.0412813 0.189389 -0.135721 -0.0687454 0.219437 -0.141168 -0.0553354 0.201382 -0.141351 -0.0555256 0.201153 -0.141522 -0.0557204 0.20092 -0.141681 -0.0559192 0.200682 -0.141828 -0.0561215 0.200441 -0.141962 -0.056327 0.200197 -0.12486 -0.0727341 0.214137 -0.124776 -0.0729949 0.213872 -0.12496 -0.0724747 0.214401 -0.124985 -0.0435651 0.187116 -0.125076 -0.0722175 0.214663 -0.125208 -0.0719632 0.214921 -0.126998 -0.0410767 0.189591 -0.127266 -0.0408793 0.189785 -0.125356 -0.0717124 0.215176 -0.141649 -0.0603441 0.193904 -0.141814 -0.0601185 0.194173 -0.141488 -0.0605429 0.193667 -0.125519 -0.0714659 0.215426 -0.125679 -0.0712482 0.215647 -0.141316 -0.0607372 0.193434 -0.141132 -0.0609265 0.193207 -0.12585 -0.0710351 0.215862 -0.140937 -0.0611104 0.192986 -0.140732 -0.0612884 0.192771 -0.126032 -0.0708269 0.216073 -0.140517 -0.0614603 0.192562 -0.140292 -0.0616255 0.192361 -0.140032 -0.0618018 0.192145 -0.139758 -0.061971 0.191936 -0.135724 -0.0687458 0.219436 -0.135727 -0.0687462 0.219436 -0.13573 -0.0687467 0.219435 -0.135733 -0.0687472 0.219434 -0.135736 -0.0687476 0.219434 -0.135739 -0.0687481 0.219433 -0.135742 -0.0687485 0.219433 -0.135786 -0.0687555 0.219424 -0.135791 -0.0687564 0.219423 -0.124709 -0.0732566 0.213606 -0.141964 -0.0598886 0.194446 -0.126225 -0.0706242 0.216278 -0.139472 -0.0621327 0.191736 -0.126428 -0.0704274 0.216477 -0.139175 -0.0622864 0.191543 -0.124895 -0.0477654 0.184324 -0.124805 -0.0475017 0.184588 -0.124731 -0.0472346 0.184856 -0.135745 -0.068749 0.219432 -0.135748 -0.0687495 0.219432 -0.135751 -0.0687499 0.219431 -0.135756 -0.0687508 0.21943 -0.135762 -0.0687518 0.219429 -0.135768 -0.0687527 0.219428 -0.135774 -0.0687536 0.219427 -0.124692 -0.0451965 0.186898 -0.124756 -0.0449321 0.187163 -0.13578 -0.0687545 0.219425 -0.124836 -0.0446684 0.187427 -0.124672 -0.0469648 0.185126 -0.12463 -0.046693 0.185398 -0.124604 -0.04642 0.185671 -0.124595 -0.0461739 0.185918 -0.1246 -0.0459279 0.186165 -0.124617 -0.0456827 0.186411 -0.124648 -0.0454387 0.186655 -0.142474 -0.0575177 0.198788 -0.142529 -0.0577655 0.198496 -0.142568 -0.058015 0.198202 -0.135797 -0.0687573 0.219422 -0.135803 -0.0687583 0.219421 -0.142347 -0.0598465 0.196045 -0.142249 -0.0600856 0.195762 -0.142135 -0.0603226 0.195482 -0.142005 -0.0605569 0.195204 -0.128079 -0.0403693 0.190284 -0.127808 -0.0405259 0.190132 -0.128357 -0.0402201 0.190429 -0.128643 -0.0400786 0.190565 -0.128935 -0.0399451 0.190694 -0.129267 -0.0398065 0.190826 -0.129607 -0.0396774 0.190948 -0.129956 -0.0395582 0.19106 -0.127175 -0.0698188 0.21709 -0.126913 -0.0700153 0.216892 -0.130312 -0.0394492 0.191161 -0.127451 -0.0696294 0.217279 -0.130674 -0.0393506 0.191251 -0.127738 -0.0694477 0.217461 -0.131004 -0.039271 0.191322 -0.128037 -0.0692741 0.217634 -0.128347 -0.0691092 0.217799 -0.128633 -0.0689686 0.217938 -0.128928 -0.0688357 0.218069 -0.129228 -0.0687107 0.218192 -0.129535 -0.0685941 0.218306 -0.135809 -0.0687592 0.21942 -0.135815 -0.0687602 0.219419 -0.13582 -0.0687611 0.219417 -0.135826 -0.0687621 0.219416 -0.135861 -0.0687679 0.219409 -0.135867 -0.0687688 0.219408 -0.135873 -0.0687698 0.219407 -0.135879 -0.0687708 0.219406 -0.142589 -0.0582402 0.197937 -0.142596 -0.0584907 0.197642 -0.142589 -0.0587164 0.197376 -0.142569 -0.0589413 0.197112 -0.142535 -0.0591648 0.196848 -0.142488 -0.0593865 0.196587 -0.142428 -0.0596059 0.196328 -0.127547 -0.0406896 0.189972 -0.126664 -0.0702183 0.216688 -0.131338 -0.0392004 0.191384 -0.138253 -0.0626821 0.191038 -0.138547 -0.0625676 0.191186 -0.131675 -0.0391387 0.191437 -0.137952 -0.0627887 0.190898 -0.137644 -0.062887 0.190767 -0.1373 -0.0629853 0.190633 -0.136948 -0.0630737 0.19051 -0.136589 -0.0631517 0.190398 -0.136223 -0.0632193 0.190297 -0.129847 -0.0684859 0.218412 -0.135853 -0.0632761 0.190206 -0.135516 -0.0633179 0.190135 -0.130164 -0.0683862 0.218508 -0.138866 -0.0624315 0.19136 -0.135176 -0.0633507 0.190074 -0.134834 -0.0633744 0.190022 -0.126631 -0.0420973 0.189989 -0.126881 -0.0418896 0.190194 -0.127144 -0.0416889 0.190391 -0.127419 -0.0414957 0.190581 -0.135832 -0.068763 0.219415 -0.135838 -0.068764 0.219414 -0.124933 -0.0444061 0.187689 -0.135844 -0.0687649 0.219413 -0.125046 -0.0441459 0.187949 -0.13585 -0.0687659 0.219412 -0.125174 -0.0438886 0.188207 -0.135855 -0.0687669 0.21941 -0.125983 -0.042737 0.189355 -0.126173 -0.0425313 0.189559 -0.126395 -0.0423114 0.189777 -0.125319 -0.0436346 0.18846 -0.125479 -0.0433849 0.188709 -0.125635 -0.0431643 0.188929 -0.125803 -0.0429482 0.189145 -0.141859 -0.0607878 0.19493 -0.141697 -0.0610147 0.19466 -0.140104 -0.0624857 0.192887 -0.139833 -0.0626568 0.192676 -0.139551 -0.0628205 0.192473 -0.139256 -0.0629763 0.192279 -0.131163 -0.0681353 0.218745 -0.130798 -0.0682162 0.21867 -0.131534 -0.0680648 0.21881 -0.13191 -0.0680051 0.218863 -0.13229 -0.0679562 0.218905 -0.132674 -0.0679185 0.218935 -0.13306 -0.0678919 0.218953 -0.133408 -0.0678777 0.218959 -0.132732 -0.0390054 0.191539 -0.132354 -0.0390428 0.191513 -0.133757 -0.0678726 0.218955 -0.133117 -0.0389788 0.191553 -0.134104 -0.0678768 0.218942 -0.133503 -0.0389635 0.191555 -0.134482 -0.0678919 0.218916 -0.133889 -0.0389595 0.191546 -0.134237 -0.0389656 0.191527 -0.134583 -0.0389808 0.191498 -0.134927 -0.0390051 0.19146 -0.135269 -0.0390385 0.191412 -0.135607 -0.0390808 0.191355 -0.135941 -0.0391319 0.191289 -0.135884 -0.0687717 0.219405 -0.13589 -0.0687727 0.219403 -0.135896 -0.0687737 0.219402 -0.14154 -0.0612147 0.194421 -0.14137 -0.0614104 0.194188 -0.141189 -0.0616013 0.193959 -0.140997 -0.0617868 0.193736 -0.140795 -0.0619667 0.193519 -0.140583 -0.0621404 0.193308 -0.140361 -0.0623076 0.193105 -0.130485 -0.0682954 0.218595 -0.132013 -0.0390861 0.19148 -0.13486 -0.0679184 0.218878 -0.133681 -0.0633879 0.189917 -0.134068 -0.0633947 0.18994 -0.135238 -0.0679561 0.218829 -0.13627 -0.0391917 0.191214 -0.133333 -0.0633722 0.189907 -0.136629 -0.039268 0.19112 -0.132986 -0.0633473 0.189906 -0.13264 -0.0633134 0.189915 -0.132297 -0.0632703 0.189933 -0.131956 -0.0632184 0.189961 -0.13162 -0.0631576 0.189999 -0.131251 -0.0630798 0.190051 -0.130883 -0.0629905 0.190116 -0.130518 -0.0628901 0.190192 -0.135902 -0.0687747 0.219401 -0.135908 -0.0687757 0.2194 -0.135914 -0.0687767 0.219398 -0.135919 -0.0687777 0.219397 -0.135925 -0.0687787 0.219396 -0.13596 -0.0687847 0.219389 -0.135966 -0.0687857 0.219388 -0.135972 -0.0687867 0.219386 -0.135977 -0.0687878 0.219385 -0.135983 -0.0687888 0.219384 -0.135989 -0.0687898 0.219383 -0.134454 -0.0633901 0.189975 -0.130159 -0.0627787 0.190279 -0.129805 -0.0626568 0.190378 -0.127705 -0.0413106 0.190762 -0.127973 -0.0411512 0.190918 -0.130547 -0.0401063 0.191912 -0.130876 -0.0400234 0.191987 -0.135931 -0.0687797 0.219395 -0.131208 -0.0399493 0.192053 -0.135937 -0.0687807 0.219394 -0.135943 -0.0687817 0.219392 -0.131544 -0.0398841 0.192109 -0.135948 -0.0687827 0.219391 -0.135954 -0.0687837 0.21939 -0.128248 -0.0409991 0.191066 -0.128531 -0.0408546 0.191205 -0.128821 -0.040718 0.191337 -0.129149 -0.0405762 0.191473 -0.129487 -0.0404438 0.191598 -0.129833 -0.0403211 0.191714 -0.130187 -0.0402085 0.191819 -0.13895 -0.0631237 0.192093 -0.138634 -0.0632623 0.191916 -0.138342 -0.063379 0.191766 -0.138916 -0.0689959 0.217624 -0.138604 -0.0688504 0.217788 -0.139154 -0.0401759 0.190059 -0.138878 -0.0400389 0.190216 -0.135617 -0.0640363 0.190841 -0.135278 -0.0640717 0.190776 -0.139421 -0.0403196 0.189895 -0.134937 -0.0640982 0.190721 -0.139678 -0.0404698 0.189725 -0.134594 -0.0641155 0.190676 -0.139952 -0.0406437 0.189528 -0.140217 -0.0408274 0.189321 -0.136357 -0.0681365 0.218608 -0.135987 -0.0680653 0.218693 -0.136723 -0.0682185 0.218511 -0.137047 -0.0683014 0.218415 -0.137366 -0.0683927 0.218309 -0.137679 -0.0684923 0.218195 -0.137692 -0.0395644 0.190766 -0.137344 -0.0394551 0.190895 -0.137985 -0.0685998 0.218072 -0.138 -0.0396714 0.190641 -0.138284 -0.068715 0.217941 -0.1383 -0.0397863 0.190507 -0.138593 -0.0399089 0.190365 -0.138042 -0.0634879 0.191624 -0.137736 -0.0635887 0.19149 -0.137394 -0.0636897 0.191354 -0.137044 -0.0637807 0.191228 -0.136686 -0.0638616 0.191112 -0.136322 -0.0639321 0.191008 -0.135953 -0.0639918 0.190915 -0.140471 -0.0410194 0.189104 -0.13922 -0.069151 0.21745 -0.139514 -0.0693155 0.217266 -0.129151 -0.0623967 0.190595 -0.129457 -0.0625244 0.190488 -0.128852 -0.0622612 0.190711 -0.12856 -0.062118 0.190836 -0.128276 -0.0619677 0.190968 -0.127974 -0.0617941 0.191121 -0.127682 -0.061611 0.191285 -0.13699 -0.0393562 0.191013 -0.127399 -0.0614186 0.191458 -0.127126 -0.0612174 0.191641 -0.126864 -0.0610079 0.191832 -0.126615 -0.0607906 0.192032 -0.135614 -0.0680052 0.218767 -0.135995 -0.0687908 0.219381 -0.136001 -0.0687919 0.21938 -0.136006 -0.0687929 0.219379 -0.136012 -0.0687939 0.219378 -0.136018 -0.068795 0.219376 -0.136134 -0.0688164 0.219351 -0.136146 -0.0688186 0.219348 -0.126401 -0.0605888 0.192218 -0.126198 -0.0603816 0.19241 -0.131882 -0.039828 0.192156 -0.132222 -0.0397811 0.192193 -0.132601 -0.0397398 0.192223 -0.136024 -0.068796 0.219375 -0.135479 -0.0397864 0.19207 -0.135815 -0.0398342 0.192007 -0.13603 -0.0687971 0.219374 -0.136146 -0.0398907 0.191935 -0.136035 -0.0687981 0.219373 -0.136508 -0.0399635 0.191845 -0.136041 -0.0687992 0.219371 -0.136047 -0.0688002 0.21937 -0.136053 -0.0688013 0.219369 -0.136058 -0.0688023 0.219368 -0.136088 -0.0688077 0.219361 -0.136099 -0.0688098 0.219359 -0.136111 -0.068812 0.219356 -0.136122 -0.0688142 0.219353 -0.132985 -0.0397094 0.192241 -0.13337 -0.0396902 0.192247 -0.133757 -0.0396824 0.192242 -0.134105 -0.0396849 0.192226 -0.134452 -0.0396967 0.192202 -0.134797 -0.0397176 0.192167 -0.13514 -0.0397475 0.192123 -0.136064 -0.0688034 0.219366 -0.136076 -0.0688055 0.219364 -0.134209 -0.0641242 0.190637 -0.133823 -0.0641216 0.19061 -0.133474 -0.0641096 0.190595 -0.131055 -0.0637639 0.190769 -0.130689 -0.0636687 0.19084 -0.130327 -0.0635625 0.190922 -0.12997 -0.0634455 0.191015 -0.14116 -0.0416406 0.188408 -0.140943 -0.0414266 0.188648 -0.141343 -0.0418384 0.188187 -0.140335 -0.0698608 0.216658 -0.140073 -0.0696709 0.216869 -0.141514 -0.0420408 0.187962 -0.14056 -0.0700382 0.216461 -0.141674 -0.0422472 0.187732 -0.140776 -0.0702213 0.216257 -0.141821 -0.0424571 0.187498 -0.14098 -0.0704096 0.216049 -0.141955 -0.04267 0.187261 -0.141172 -0.0706028 0.215835 -0.142088 -0.0429077 0.186997 -0.141354 -0.0708004 0.215616 -0.142206 -0.0431504 0.186728 -0.141539 -0.0710231 0.21537 -0.142309 -0.0433975 0.186454 -0.141711 -0.0712521 0.215117 -0.142396 -0.0436484 0.186176 -0.141869 -0.0714868 0.214858 -0.142013 -0.0717267 0.214594 -0.133127 -0.0640884 0.190591 -0.13278 -0.0640581 0.190595 -0.132436 -0.0640188 0.19061 -0.132094 -0.0639704 0.190634 -0.131755 -0.0639132 0.190668 -0.131421 -0.0638472 0.190711 -0.140714 -0.0412194 0.18888 -0.142468 -0.0439024 0.185895 -0.142523 -0.0441589 0.185611 -0.139799 -0.069489 0.217072 -0.142141 -0.0719712 0.214324 -0.12562 -0.0596809 0.193063 -0.125806 -0.0599281 0.192832 -0.125466 -0.0594538 0.193276 -0.125323 -0.0592229 0.193493 -0.125193 -0.0589886 0.193714 -0.125075 -0.0587515 0.193937 -0.12497 -0.058512 0.194163 -0.124879 -0.0582706 0.194392 -0.124801 -0.0580279 0.194621 -0.124728 -0.057753 0.194882 -0.124671 -0.0574754 0.195145 -0.13687 -0.0400481 0.191742 -0.126006 -0.0601693 0.192607 -0.137226 -0.0401434 0.191627 -0.137577 -0.0402492 0.191502 -0.124631 -0.057196 0.19541 -0.124607 -0.0569154 0.195677 -0.136157 -0.0688208 0.219345 -0.136169 -0.068823 0.219343 -0.13618 -0.0688253 0.21934 -0.139863 -0.0413072 0.190286 -0.140132 -0.041488 0.190082 -0.14039 -0.0416774 0.189869 -0.140636 -0.0418747 0.189647 -0.138672 -0.0696058 0.218442 -0.138982 -0.0697535 0.218276 -0.139135 -0.0698311 0.218189 -0.139284 -0.0699108 0.2181 -0.139432 -0.069993 0.218008 -0.139577 -0.0700774 0.217913 -0.137596 -0.0691897 0.218915 -0.137674 -0.0692154 0.218886 -0.137751 -0.0692415 0.218856 -0.137828 -0.0692681 0.218825 -0.137904 -0.0692953 0.218794 -0.138056 -0.069351 0.218731 -0.138353 -0.0694681 0.218598 -0.142417 -0.0726741 0.21355 -0.142342 -0.0724458 0.213801 -0.142479 -0.0729041 0.213297 -0.129619 -0.063318 0.19112 -0.142527 -0.0731351 0.213042 -0.12931 -0.0631945 0.191223 -0.142563 -0.0733667 0.212787 -0.129006 -0.063063 0.191335 -0.142585 -0.0735984 0.212532 -0.142593 -0.0738544 0.21225 -0.142586 -0.0741116 0.211966 -0.137887 -0.0403532 0.19138 -0.142561 -0.0743691 0.211682 -0.13819 -0.0404652 0.191249 -0.142521 -0.0746264 0.211399 -0.138486 -0.040585 0.191111 -0.142464 -0.0748828 0.211116 -0.138774 -0.0407122 0.190964 -0.139053 -0.0408466 0.19081 -0.139324 -0.0409879 0.190649 -0.139585 -0.0411357 0.190481 -0.126752 -0.0616442 0.192604 -0.126508 -0.0614237 0.192806 -0.126299 -0.0612193 0.192995 -0.126101 -0.0610096 0.19319 -0.142592 -0.0448837 0.184808 -0.142584 -0.0446503 0.185067 -0.142586 -0.0451168 0.18455 -0.142568 -0.0453491 0.184293 -0.142531 -0.0456031 0.184012 -0.142479 -0.0458569 0.183731 -0.14241 -0.0461099 0.183451 -0.142324 -0.0463613 0.183172 -0.142222 -0.0466106 0.182896 -0.142105 -0.046857 0.182623 -0.12871 -0.0629238 0.191455 -0.128422 -0.0627771 0.191583 -0.128143 -0.0626233 0.191719 -0.127845 -0.0624455 0.191877 -0.127556 -0.0622583 0.192045 -0.127277 -0.062062 0.192222 -0.127009 -0.0618572 0.192409 -0.124605 -0.0564099 0.196157 -0.1246 -0.0566625 0.195917 -0.142562 -0.0444171 0.185325 -0.124625 -0.0561581 0.196396 -0.124657 -0.0559076 0.196634 -0.124703 -0.055659 0.19687 -0.141986 -0.0470758 0.18238 -0.124768 -0.0553877 0.197127 -0.141854 -0.0472911 0.182141 -0.12485 -0.0551171 0.197383 -0.142254 -0.0722195 0.214051 -0.124948 -0.0548479 0.197638 -0.125063 -0.0545808 0.197891 -0.14239 -0.0751375 0.210835 -0.125193 -0.0543164 0.198141 -0.125339 -0.0540556 0.198386 -0.14087 -0.0420796 0.189417 -0.141092 -0.0422914 0.18918 -0.1255 -0.0537989 0.198628 -0.125658 -0.0535721 0.19884 -0.14227 -0.0440146 0.187263 -0.142364 -0.044264 0.186986 -0.142443 -0.0445168 0.186706 -0.142505 -0.0447724 0.186423 -0.139859 -0.0702528 0.217717 -0.140131 -0.0704366 0.217513 -0.140391 -0.0706282 0.217299 -0.141279 -0.0424875 0.188961 -0.141903 -0.0722643 0.215489 -0.142043 -0.0725053 0.215224 -0.141455 -0.0426883 0.188737 -0.142168 -0.0727506 0.214953 -0.141619 -0.0428932 0.188509 -0.141771 -0.0431019 0.188276 -0.14191 -0.0433139 0.18804 -0.142036 -0.0435286 0.187802 -0.142161 -0.0437693 0.187535 -0.142112 -0.0758116 0.21009 -0.142218 -0.0755896 0.210335 -0.141995 -0.0760302 0.209848 -0.141865 -0.0762449 0.20961 -0.141723 -0.0764553 0.209376 -0.141552 -0.0766836 0.209123 -0.141365 -0.0769075 0.208874 -0.141164 -0.0771265 0.20863 -0.140949 -0.0773398 0.208392 -0.140719 -0.077547 0.20816 -0.140477 -0.0777473 0.207935 -0.14137 -0.0479331 0.181427 -0.141555 -0.0477097 0.181676 -0.14117 -0.0481515 0.181184 -0.140956 -0.0483645 0.180946 -0.140728 -0.0485714 0.180715 -0.140486 -0.0487716 0.18049 -0.140258 -0.0489457 0.180295 -0.14002 -0.0491135 0.180106 -0.139773 -0.0492748 0.179924 -0.139517 -0.049429 0.17975 -0.139252 -0.049576 0.179583 -0.125721 -0.0605512 0.193617 -0.125541 -0.0603015 0.193851 -0.124756 -0.0586129 0.195444 -0.124692 -0.0583365 0.195706 -0.124644 -0.0580578 0.195971 -0.124612 -0.0577776 0.196237 -0.140614 -0.070807 0.217101 -0.140826 -0.0709914 0.216896 -0.125915 -0.0607952 0.19339 -0.141028 -0.071181 0.216686 -0.141218 -0.0713753 0.216471 -0.141396 -0.0715738 0.216252 -0.141579 -0.071798 0.216004 -0.141748 -0.0720284 0.21575 -0.142311 -0.0753648 0.210584 -0.140248 -0.0779214 0.20774 -0.141711 -0.0475026 0.181906 -0.138981 -0.0497155 0.179424 -0.138667 -0.0498627 0.179256 -0.126242 -0.0528772 0.199489 -0.126027 -0.0531108 0.199272 -0.12647 -0.0526498 0.1997 -0.126711 -0.052429 0.199903 -0.126939 -0.0522365 0.20008 -0.127177 -0.0520503 0.200251 -0.127424 -0.0518707 0.200414 -0.12768 -0.0516981 0.20057 -0.127943 -0.051533 0.200718 -0.128249 -0.051356 0.200875 -0.125392 -0.0600725 0.194066 -0.125255 -0.0598399 0.194285 -0.125131 -0.0596041 0.194507 -0.125019 -0.0593658 0.194732 -0.124921 -0.0591253 0.194959 -0.124836 -0.0588832 0.195188 -0.142552 -0.0450299 0.186138 -0.14258 -0.0452629 0.18588 -0.125828 -0.0533498 0.199049 -0.142594 -0.0454963 0.185622 -0.128565 -0.0511879 0.201024 -0.128858 -0.0510445 0.201148 -0.142163 -0.0474746 0.183431 -0.142037 -0.0477191 0.18316 -0.14191 -0.0479359 0.182919 -0.141771 -0.0481489 0.182683 -0.142277 -0.0729997 0.214679 -0.142362 -0.0732265 0.214429 -0.142434 -0.0734553 0.214177 -0.142511 -0.0754085 0.212025 -0.14245 -0.0756646 0.211742 -0.142373 -0.0759189 0.211461 -0.142595 -0.0457297 0.185363 -0.142583 -0.0459625 0.185106 -0.142554 -0.0462165 0.184825 -0.142509 -0.0464705 0.184544 -0.142447 -0.046724 0.184263 -0.142368 -0.0469763 0.183983 -0.139505 -0.0784042 0.207194 -0.139761 -0.0782502 0.207369 -0.142274 -0.0472267 0.183706 -0.13924 -0.0785508 0.207028 -0.138968 -0.0786897 0.206869 -0.138658 -0.0788348 0.206702 -0.138335 -0.0789717 0.206544 -0.138004 -0.0790993 0.206396 -0.137663 -0.0792174 0.206258 -0.137315 -0.0793255 0.20613 -0.136995 -0.079414 0.206024 -0.136671 -0.0794939 0.205927 -0.124597 -0.0575248 0.196477 -0.137671 -0.050249 0.178809 -0.138012 -0.0501298 0.178948 -0.124596 -0.0572719 0.196717 -0.137358 -0.0503475 0.178694 -0.124608 -0.0570195 0.196957 -0.13704 -0.0504376 0.178587 -0.136717 -0.0505191 0.178489 -0.136391 -0.0505918 0.178401 -0.136061 -0.0506556 0.178322 -0.135729 -0.0507102 0.178253 -0.135357 -0.0507603 0.178188 -0.134978 -0.0507999 0.178133 -0.134595 -0.0508285 0.17809 -0.142493 -0.0736855 0.213923 -0.125248 -0.0549318 0.198934 -0.125401 -0.0546726 0.199178 -0.142538 -0.0739167 0.213668 -0.125551 -0.0544432 0.199394 -0.14257 -0.0741484 0.213413 -0.142589 -0.07438 0.213158 -0.142594 -0.0746364 0.212876 -0.142583 -0.0748937 0.212592 -0.142555 -0.0751513 0.212308 -0.140009 -0.0780892 0.207551 -0.136342 -0.0795651 0.205839 -0.13601 -0.0796275 0.20576 -0.124634 -0.0567681 0.197196 -0.124672 -0.0565183 0.197433 -0.124724 -0.0562707 0.197668 -0.124796 -0.0559995 0.197925 -0.124885 -0.0557294 0.198181 -0.12499 -0.0554609 0.198435 -0.125111 -0.0551949 0.198686 -0.129774 -0.0506628 0.201472 -0.129463 -0.0507817 0.201373 -0.13009 -0.0505525 0.201563 -0.130411 -0.050451 0.201644 -0.138344 -0.050001 0.179097 -0.130734 -0.0503586 0.201715 -0.131097 -0.0502665 0.201784 -0.131467 -0.0501847 0.201841 -0.13421 -0.0508458 0.178059 -0.131842 -0.0501135 0.201888 -0.132222 -0.0500532 0.201922 -0.133862 -0.0508518 0.178041 -0.132605 -0.0500039 0.201945 -0.13299 -0.0499658 0.201956 -0.133338 -0.0499412 0.201956 -0.133687 -0.0499258 0.201946 -0.14162 -0.0483578 0.182451 -0.141458 -0.048562 0.182223 -0.141264 -0.0487828 0.181977 -0.129157 -0.0509091 0.201265 -0.139619 -0.050099 0.180501 -0.139358 -0.0502489 0.180331 -0.139089 -0.0503912 0.180169 -0.138781 -0.0505404 0.179999 -0.14229 -0.0761456 0.211211 -0.142194 -0.0763698 0.210963 -0.142086 -0.076591 0.210718 -0.140668 -0.0783178 0.208798 -0.140448 -0.0784971 0.208597 -0.140218 -0.0786704 0.208402 -0.141056 -0.0489984 0.181737 -0.140834 -0.0492081 0.181502 -0.140598 -0.0494115 0.181275 -0.135338 -0.0797249 0.205632 -0.135675 -0.0796808 0.205692 -0.14035 -0.0496078 0.181054 -0.134999 -0.0797599 0.205582 -0.140115 -0.0497781 0.180863 -0.134622 -0.079788 0.205539 -0.139871 -0.049942 0.180678 -0.13424 -0.0798051 0.205506 -0.133855 -0.079811 0.205486 -0.133469 -0.0798055 0.205477 -0.133082 -0.0797887 0.20548 -0.132735 -0.0797638 0.205493 -0.125713 -0.0542178 0.199605 -0.13239 -0.0797298 0.205515 -0.125887 -0.0539972 0.199812 -0.132046 -0.0796868 0.205547 -0.126091 -0.0537598 0.200033 -0.128066 -0.0521825 0.201476 -0.128377 -0.0520092 0.20163 -0.128697 -0.0518448 0.201774 -0.128993 -0.051705 0.201895 -0.141965 -0.0768087 0.210477 -0.141832 -0.0770224 0.21024 -0.141688 -0.0772317 0.210008 -0.141513 -0.0774592 0.209755 -0.141324 -0.0776821 0.209507 -0.141119 -0.0779 0.209265 -0.132819 -0.0508148 0.178045 -0.133166 -0.0508363 0.178034 -0.1409 -0.0781121 0.209028 -0.132475 -0.0507843 0.178066 -0.132133 -0.0507447 0.178096 -0.131795 -0.0506962 0.178136 -0.131424 -0.0506321 0.178191 -0.131055 -0.0505565 0.178258 -0.130689 -0.0504699 0.178337 -0.130327 -0.0503722 0.178428 -0.12997 -0.0502638 0.178529 -0.12631 -0.0535281 0.200248 -0.126542 -0.0533026 0.200457 -0.126788 -0.053084 0.200658 -0.12702 -0.0528937 0.200833 -0.127261 -0.0527097 0.201001 -0.127511 -0.0525326 0.201162 -0.12777 -0.0523626 0.201315 -0.131705 -0.0796347 0.205589 -0.131369 -0.0795738 0.20564 -0.13476 -0.0499367 0.201854 -0.134381 -0.0499226 0.201897 -0.135138 -0.0499621 0.201798 -0.135515 -0.0499987 0.201731 -0.135889 -0.0500464 0.201652 -0.136259 -0.0501051 0.201561 -0.136588 -0.0501673 0.201469 -0.136913 -0.0502381 0.201369 -0.137232 -0.0503173 0.201259 -0.13758 -0.0504149 0.201128 -0.133513 -0.0508487 0.178033 -0.129619 -0.0501449 0.178642 -0.12931 -0.0500292 0.178753 -0.134034 -0.0499195 0.201927 -0.137923 -0.0505233 0.200984 -0.138224 -0.0506294 0.200847 -0.139978 -0.0788373 0.208214 -0.139729 -0.0789974 0.208033 -0.139471 -0.0791504 0.207859 -0.136954 -0.0801515 0.206698 -0.136629 -0.0802303 0.206602 -0.1363 -0.0803004 0.206515 -0.138461 -0.0506819 0.179837 -0.138132 -0.0508142 0.179684 -0.137794 -0.0509369 0.179542 -0.130709 -0.0794258 0.205769 -0.131036 -0.0795041 0.2057 -0.130351 -0.0793291 0.205856 -0.129996 -0.0792207 0.205956 -0.129646 -0.0791015 0.206066 -0.135155 -0.0515119 0.178841 -0.134773 -0.0515456 0.178793 -0.129303 -0.0789719 0.206188 -0.134389 -0.0515682 0.178756 -0.128967 -0.0788321 0.206319 -0.134003 -0.0515795 0.178732 -0.128672 -0.078698 0.206447 -0.128384 -0.0785562 0.206583 -0.128104 -0.0784071 0.206726 -0.127833 -0.078251 0.206877 -0.129295 -0.0515732 0.202008 -0.129604 -0.0514497 0.202112 -0.129918 -0.0513347 0.202207 -0.132764 -0.0507104 0.202643 -0.13315 -0.050677 0.202649 -0.133499 -0.0506566 0.202644 -0.137483 -0.0510387 0.179423 -0.137167 -0.0511321 0.179312 -0.136846 -0.0512171 0.179211 -0.136521 -0.0512933 0.179119 -0.136192 -0.0513605 0.179037 -0.135861 -0.0514188 0.178964 -0.139205 -0.079296 0.207694 -0.135527 -0.0514679 0.1789 -0.138932 -0.0794339 0.207536 -0.138621 -0.0795778 0.207371 -0.138298 -0.0797137 0.207214 -0.137965 -0.0798402 0.207067 -0.137624 -0.0799572 0.206929 -0.137274 -0.0800641 0.206803 -0.128423 -0.0496351 0.179135 -0.128711 -0.049774 0.178999 -0.128143 -0.0494891 0.179277 -0.127873 -0.0493362 0.179427 -0.127585 -0.0491595 0.179602 -0.127306 -0.0489735 0.179785 -0.127038 -0.0487785 0.179979 -0.126781 -0.0485752 0.180181 -0.126535 -0.0483639 0.180391 -0.126302 -0.0481452 0.180609 -0.126082 -0.0479198 0.180835 -0.130236 -0.0512284 0.202293 -0.130558 -0.0511311 0.20237 -0.130883 -0.0510428 0.202437 -0.127571 -0.0780882 0.207034 -0.131249 -0.0509548 0.202501 -0.127319 -0.0779191 0.207199 -0.131621 -0.0508774 0.202554 -0.131998 -0.0508107 0.202595 -0.13238 -0.050755 0.202625 -0.139085 -0.0509936 0.200385 -0.138807 -0.0508648 0.200546 -0.139355 -0.0511293 0.200216 -0.139616 -0.0512716 0.20004 -0.139867 -0.0514202 0.199858 -0.140133 -0.0515923 0.199648 -0.140391 -0.0517743 0.199427 -0.140637 -0.0519642 0.199198 -0.140871 -0.0521616 0.198961 -0.141092 -0.0523659 0.198717 -0.141279 -0.0525552 0.198491 -0.129007 -0.0499054 0.178872 -0.125896 -0.0477116 0.181043 -0.138519 -0.0507433 0.200701 -0.141455 -0.0527492 0.198261 -0.141618 -0.0529474 0.198026 -0.133654 -0.0515801 0.178719 -0.133306 -0.0515714 0.178717 -0.132959 -0.0515536 0.178724 -0.132345 -0.0804515 0.206206 -0.132002 -0.0804073 0.20624 -0.131662 -0.0803541 0.206282 -0.131325 -0.0802921 0.206334 -0.130136 -0.051045 0.179165 -0.129782 -0.050931 0.179273 -0.135967 -0.0803616 0.206438 -0.129435 -0.0508066 0.179391 -0.135632 -0.0804137 0.206371 -0.135294 -0.0804567 0.206312 -0.133811 -0.0805376 0.206171 -0.133424 -0.0805308 0.206164 -0.132613 -0.0515267 0.178741 -0.133038 -0.0805127 0.206168 -0.13227 -0.0514908 0.178768 -0.132691 -0.0804867 0.206182 -0.131931 -0.0514459 0.178804 -0.131595 -0.0513922 0.178849 -0.131227 -0.0513224 0.17891 -0.130859 -0.0512409 0.178983 -0.134956 -0.0804905 0.206264 -0.130495 -0.0511484 0.179069 -0.134579 -0.0805172 0.206222 -0.134196 -0.0805331 0.20619 -0.133847 -0.0506454 0.20263 -0.134194 -0.0506434 0.202606 -0.134574 -0.050652 0.202569 -0.137411 -0.0510891 0.201886 -0.137757 -0.0511925 0.201748 -0.138096 -0.0513061 0.201599 -0.1266 -0.0773534 0.207751 -0.126847 -0.0775634 0.207546 -0.138394 -0.0514167 0.201457 -0.126364 -0.0771355 0.207965 -0.126141 -0.0769104 0.208187 -0.125931 -0.0766785 0.208415 -0.125755 -0.0764646 0.208626 -0.12559 -0.0762462 0.208842 -0.125436 -0.0760239 0.209062 -0.125296 -0.0757981 0.209285 -0.125168 -0.0755692 0.209512 -0.125053 -0.0753379 0.209741 -0.125396 -0.0470405 0.181717 -0.125559 -0.0472821 0.181474 -0.125246 -0.0467931 0.181965 -0.125112 -0.0465405 0.18222 -0.124992 -0.0462832 0.182479 -0.124888 -0.046022 0.182742 -0.124799 -0.0457574 0.183009 -0.134953 -0.0506718 0.202519 -0.124726 -0.0454903 0.183278 -0.135331 -0.0507029 0.202458 -0.124675 -0.0452482 0.183523 -0.135706 -0.0507451 0.202384 -0.124637 -0.0450052 0.183768 -0.136078 -0.0507984 0.202299 -0.124612 -0.0447616 0.184014 -0.13641 -0.0508558 0.202213 -0.136737 -0.0509218 0.202117 -0.137059 -0.0509964 0.202012 -0.127078 -0.077744 0.207369 -0.124951 -0.0751046 0.209973 -0.124862 -0.0748697 0.210206 -0.142046 -0.0535839 0.197275 -0.141908 -0.0533545 0.197545 -0.14217 -0.0538183 0.196999 -0.142278 -0.0540571 0.196719 -0.14237 -0.0542997 0.196435 -0.142447 -0.0545454 0.196147 -0.142507 -0.0547935 0.195857 -0.142548 -0.0550183 0.195594 -0.142576 -0.055244 0.19533 -0.14259 -0.05547 0.195066 -0.125722 -0.0474989 0.181256 -0.124601 -0.0445182 0.18426 -0.124604 -0.044249 0.184532 -0.130994 -0.0802213 0.206396 -0.130667 -0.080142 0.206466 -0.14177 -0.0531493 0.197787 -0.128069 -0.0791145 0.207432 -0.127799 -0.0789575 0.207583 -0.14259 -0.0557203 0.194773 -0.127538 -0.0787939 0.207742 -0.142573 -0.0559708 0.194481 -0.127288 -0.078624 0.207907 -0.129129 -0.0506861 0.179507 -0.12883 -0.0505578 0.179631 -0.128538 -0.0504219 0.179763 -0.128255 -0.0502787 0.179903 -0.126385 -0.0489565 0.181212 -0.12616 -0.0487336 0.181435 -0.12597 -0.0485274 0.181641 -0.12579 -0.0483165 0.181852 -0.130311 -0.0800441 0.206554 -0.129956 -0.0799344 0.206655 -0.129607 -0.079814 0.206767 -0.129264 -0.0796832 0.206889 -0.128929 -0.0795424 0.207022 -0.128634 -0.0794072 0.207151 -0.128348 -0.0792645 0.207288 -0.124599 -0.0732716 0.211792 -0.124602 -0.0735191 0.211547 -0.124608 -0.0730245 0.212038 -0.124631 -0.0727781 0.212282 -0.124668 -0.0725331 0.212525 -0.124717 -0.07229 0.212766 -0.124779 -0.0720492 0.213005 -0.127981 -0.0501287 0.18005 -0.127689 -0.0499555 0.18022 -0.124658 -0.074067 0.211003 -0.124711 -0.0743385 0.210733 -0.127407 -0.0497729 0.1804 -0.124622 -0.0737936 0.211274 -0.127135 -0.0495812 0.18059 -0.126873 -0.0493809 0.180789 -0.126623 -0.0491725 0.180996 -0.124854 -0.0718113 0.21324 -0.124953 -0.0715507 0.213498 -0.124711 -0.0434409 0.185348 -0.124659 -0.0437097 0.185076 -0.12478 -0.0431737 0.185618 -0.138685 -0.0515349 0.201306 -0.124855 -0.0429352 0.185858 -0.138967 -0.0516606 0.201148 -0.124944 -0.042699 0.186097 -0.139242 -0.0517934 0.200982 -0.125045 -0.0424657 0.186332 -0.125158 -0.0422357 0.186564 -0.125284 -0.0420095 0.186791 -0.125438 -0.0417631 0.187039 -0.125608 -0.0415193 0.187284 -0.141203 -0.0531974 0.19928 -0.141383 -0.0533895 0.199052 -0.141552 -0.053586 0.198819 -0.141709 -0.0537864 0.198581 -0.124779 -0.0746074 0.210466 -0.139507 -0.0519329 0.200809 -0.139762 -0.0520788 0.200629 -0.140007 -0.0522308 0.200443 -0.14027 -0.0524087 0.200227 -0.140522 -0.0525948 0.200002 -0.140762 -0.0527887 0.199769 -0.124623 -0.0439792 0.184804 -0.140989 -0.0529897 0.199528 -0.125793 -0.0412802 0.187525 -0.125992 -0.0410465 0.187759 -0.14244 -0.056667 0.193667 -0.142496 -0.0564447 0.193927 -0.14237 -0.0568874 0.193409 -0.142287 -0.0571052 0.193154 -0.142192 -0.0573201 0.192902 -0.142071 -0.0575548 0.192626 -0.141934 -0.0577887 0.192351 -0.141781 -0.0580188 0.19208 -0.141613 -0.0582445 0.191813 -0.141449 -0.0584433 0.191578 -0.141273 -0.0586374 0.191348 -0.14254 -0.0562208 0.194189 -0.141087 -0.0588264 0.191123 -0.14089 -0.05901 0.190904 -0.127047 -0.0784482 0.208079 -0.126793 -0.0782464 0.208276 -0.126548 -0.0780346 0.208483 -0.125623 -0.0481013 0.182068 -0.125467 -0.0478824 0.182288 -0.125311 -0.0476375 0.182534 -0.125139 -0.0762416 0.210253 -0.125026 -0.0760098 0.210483 -0.124928 -0.075776 0.210715 -0.124842 -0.0755408 0.210948 -0.124651 -0.0458593 0.184326 -0.124619 -0.0456159 0.184572 -0.1246 -0.0453723 0.184818 -0.124596 -0.0451035 0.18509 -0.126315 -0.0778152 0.208699 -0.126095 -0.0775886 0.208922 -0.125888 -0.0773553 0.209152 -0.125714 -0.0771403 0.209364 -0.125552 -0.0769209 0.209581 -0.125401 -0.0766977 0.209801 -0.125264 -0.0764711 0.210026 -0.125169 -0.0473872 0.182786 -0.125042 -0.047132 0.183043 -0.125346 -0.0707771 0.214262 -0.125199 -0.0710318 0.214011 -0.124931 -0.0468725 0.183304 -0.125508 -0.0705265 0.214508 -0.124835 -0.0466093 0.18357 -0.125666 -0.070305 0.214726 -0.124754 -0.0463432 0.183838 -0.125837 -0.0700879 0.214939 -0.124696 -0.0461019 0.184082 -0.126018 -0.0698757 0.215146 -0.126211 -0.0696689 0.215348 -0.126414 -0.0694679 0.215544 -0.126627 -0.069273 0.215734 -0.141854 -0.0539903 0.198341 -0.126849 -0.0690848 0.215916 -0.141997 -0.0542177 0.198073 -0.127107 -0.0688832 0.216111 -0.142591 -0.0561213 0.195843 -0.142596 -0.0563716 0.19555 -0.142584 -0.0566222 0.195257 -0.142556 -0.0568725 0.194965 -0.126599 -0.0404473 0.188359 -0.126386 -0.0406414 0.188165 -0.126821 -0.0402593 0.188546 -0.127053 -0.0400779 0.188727 -0.127294 -0.0399035 0.1889 -0.127543 -0.0397363 0.189066 -0.12783 -0.0395592 0.189241 -0.128131 -0.0393877 0.18941 -0.128444 -0.0392249 0.18957 -0.128766 -0.0390712 0.18972 -0.129063 -0.038941 0.189847 -0.142127 -0.0544503 0.197799 -0.142241 -0.0546875 0.19752 -0.142339 -0.0549287 0.197238 -0.125068 -0.0712899 0.213756 -0.142423 -0.0551733 0.196951 -0.14249 -0.0554206 0.196662 -0.127379 -0.0686885 0.216298 -0.142541 -0.0556699 0.19637 -0.127662 -0.0685011 0.216478 -0.142573 -0.0558953 0.196107 -0.126184 -0.0408413 0.187965 -0.129367 -0.0388188 0.189965 -0.129677 -0.0387049 0.190075 -0.140214 -0.0595408 0.190266 -0.140465 -0.0593588 0.190485 -0.139949 -0.0597161 0.190053 -0.139671 -0.0598842 0.189847 -0.139381 -0.0600446 0.18965 -0.13908 -0.0601967 0.189461 -0.138768 -0.0603402 0.189282 -0.138447 -0.0604746 0.189112 -0.13815 -0.0605873 0.188968 -0.137847 -0.060692 0.188832 -0.124761 -0.0752744 0.211213 -0.124697 -0.0750048 0.21148 -0.12473 -0.0729566 0.213513 -0.124795 -0.0727164 0.213751 -0.124873 -0.0724793 0.213986 -0.124975 -0.0722197 0.214243 -0.140682 -0.0591875 0.190691 -0.137506 -0.0607975 0.188693 -0.137157 -0.0608931 0.188564 -0.124648 -0.0747328 0.21175 -0.124615 -0.0744591 0.212022 -0.124599 -0.0741844 0.212295 -0.124599 -0.073937 0.212541 -0.124612 -0.0736899 0.212786 -0.124638 -0.0734438 0.21303 -0.124677 -0.0731992 0.213273 -0.128264 -0.0681504 0.216811 -0.127958 -0.0683216 0.216649 -0.128581 -0.067988 0.216963 -0.128874 -0.0678498 0.217092 -0.129174 -0.0677195 0.217213 -0.12948 -0.0675973 0.217325 -0.129791 -0.0674834 0.217428 -0.130108 -0.0673782 0.217522 -0.130428 -0.0672818 0.217607 -0.130752 -0.0671944 0.217682 -0.124607 -0.0448338 0.185362 -0.131116 -0.0671076 0.217755 -0.124635 -0.044564 0.185635 -0.12468 -0.0442947 0.185907 -0.125504 -0.0423836 0.187833 -0.125681 -0.0421416 0.188077 -0.125872 -0.0419046 0.188314 -0.126077 -0.0416733 0.188546 -0.14153 -0.0590805 0.192373 -0.141359 -0.0592769 0.19214 -0.141178 -0.0594684 0.191913 -0.140985 -0.0596546 0.191691 -0.142517 -0.0570969 0.194703 -0.142465 -0.0573199 0.194442 -0.142399 -0.057541 0.194183 -0.12474 -0.0440265 0.186177 -0.124809 -0.0437869 0.186419 -0.124891 -0.0435494 0.186659 -0.131486 -0.0670313 0.217817 -0.124985 -0.0433144 0.186896 -0.131861 -0.0669656 0.217867 -0.125092 -0.0430825 0.18713 -0.125211 -0.0428542 0.18736 -0.125343 -0.04263 0.187585 -0.130634 -0.0384153 0.190348 -0.130311 -0.038503 0.190266 -0.13096 -0.0383366 0.190421 -0.131325 -0.0382599 0.19049 -0.131698 -0.0381932 0.190549 -0.132076 -0.0381373 0.190596 -0.132458 -0.0380924 0.190632 -0.132843 -0.0380587 0.190655 -0.133229 -0.0380362 0.190667 -0.133577 -0.0380257 0.190668 -0.141688 -0.0588797 0.19261 -0.142321 -0.0577598 0.193927 -0.14223 -0.0579757 0.193674 -0.142126 -0.0581883 0.193424 -0.141997 -0.0584203 0.193152 -0.14185 -0.0586521 0.192879 -0.129992 -0.0385996 0.190175 -0.133925 -0.0380243 0.190659 -0.134272 -0.0380321 0.19064 -0.136109 -0.061112 0.188252 -0.136439 -0.0610536 0.188339 -0.135774 -0.0611616 0.188175 -0.135437 -0.0612022 0.188107 -0.135097 -0.0612337 0.188048 -0.134718 -0.0612581 0.187995 -0.134334 -0.0612716 0.187953 -0.133948 -0.0612737 0.187922 -0.133599 -0.061266 0.187905 -0.133252 -0.0612492 0.187898 -0.132905 -0.0612231 0.1879 -0.136801 -0.0609786 0.188446 -0.125094 -0.0719594 0.2145 -0.132559 -0.061188 0.187912 -0.125228 -0.0717019 0.214754 -0.132217 -0.0611439 0.187934 -0.125379 -0.071448 0.215004 -0.126274 -0.0414705 0.18875 -0.126481 -0.0412732 0.188947 -0.126903 -0.0697659 0.216648 -0.127164 -0.0695659 0.216841 -0.126698 -0.0410819 0.189138 -0.127438 -0.0693727 0.217027 -0.12861 -0.0398656 0.190342 -0.128904 -0.0397313 0.190472 -0.129205 -0.0396048 0.190595 -0.129512 -0.0394866 0.190709 -0.125544 -0.0711984 0.21525 -0.125705 -0.0709779 0.215466 -0.125879 -0.0707619 0.215678 -0.126063 -0.070551 0.215884 -0.126258 -0.0703455 0.216085 -0.126463 -0.0701459 0.216279 -0.126679 -0.0699526 0.216467 -0.13301 -0.0668341 0.217947 -0.132625 -0.0668668 0.217932 -0.133358 -0.0668143 0.217951 -0.133707 -0.0668036 0.217944 -0.126926 -0.040897 0.189322 -0.134054 -0.0668021 0.217928 -0.127162 -0.0407188 0.1895 -0.134401 -0.0668098 0.217903 -0.127407 -0.0405477 0.18967 -0.134745 -0.0668265 0.217867 -0.127689 -0.0403661 0.189849 -0.135086 -0.0668523 0.217822 -0.127985 -0.0401907 0.190022 -0.135459 -0.0668912 0.217762 -0.128293 -0.0400237 0.190187 -0.13583 -0.0669414 0.217689 -0.140782 -0.059835 0.191475 -0.136199 -0.0670026 0.217605 -0.14057 -0.0600093 0.191266 -0.140347 -0.0601771 0.191064 -0.138023 -0.0613624 0.189594 -0.137717 -0.0614636 0.189462 -0.137373 -0.0615654 0.189327 -0.137021 -0.0616571 0.189202 -0.135333 -0.0381144 0.190521 -0.134959 -0.0380751 0.190574 -0.135705 -0.0381649 0.190456 -0.136075 -0.0382266 0.190379 -0.136443 -0.0382995 0.190291 -0.136806 -0.0383833 0.190191 -0.137164 -0.0384779 0.190079 -0.137516 -0.038583 0.189957 -0.137826 -0.0386863 0.189838 -0.138131 -0.0387976 0.18971 -0.138428 -0.0389167 0.189574 -0.132241 -0.0669107 0.217906 -0.140089 -0.060356 0.190847 -0.139818 -0.0605278 0.190638 -0.136565 -0.0670749 0.217508 -0.139534 -0.0606923 0.190436 -0.136926 -0.0671581 0.217401 -0.139239 -0.0608487 0.190243 -0.138932 -0.0609967 0.190059 -0.138616 -0.0611359 0.189884 -0.138323 -0.0612531 0.189735 -0.129114 -0.0602744 0.188613 -0.129419 -0.0604021 0.188504 -0.128815 -0.0601389 0.188731 -0.128524 -0.0599958 0.188857 -0.134617 -0.0380491 0.190612 -0.138717 -0.0390434 0.18943 -0.139025 -0.0391911 0.189262 -0.131173 -0.0609497 0.188062 -0.131543 -0.0610291 0.188006 -0.130806 -0.0608591 0.18813 -0.130442 -0.0607574 0.188209 -0.130084 -0.0606449 0.1883 -0.129731 -0.0605218 0.188402 -0.127725 -0.069187 0.217204 -0.128023 -0.0690092 0.217373 -0.128331 -0.0688399 0.217533 -0.128242 -0.0598455 0.188991 -0.127968 -0.0596883 0.189132 -0.13083 -0.0679001 0.218388 -0.131195 -0.0678156 0.218458 -0.131566 -0.0677415 0.218517 -0.131943 -0.0676781 0.218565 -0.131878 -0.0610909 0.187965 -0.129824 -0.0393767 0.190814 -0.130141 -0.0392754 0.190911 -0.130462 -0.0391831 0.190998 -0.12865 -0.0686795 0.217684 -0.128945 -0.0685432 0.217811 -0.129246 -0.0684147 0.21793 -0.129554 -0.0682945 0.21804 -0.129866 -0.0681827 0.218141 -0.133395 -0.0387528 0.19136 -0.133744 -0.0387466 0.191356 -0.130184 -0.0680796 0.218232 -0.134091 -0.0387497 0.191342 -0.130505 -0.0679853 0.218315 -0.134438 -0.0387619 0.191319 -0.130787 -0.0390996 0.191075 -0.131151 -0.0390176 0.19115 -0.137632 -0.0673561 0.217151 -0.137282 -0.0672519 0.217281 -0.131521 -0.0389459 0.191214 -0.13794 -0.0674586 0.217025 -0.131897 -0.0388849 0.191267 -0.138242 -0.0675689 0.21689 -0.132278 -0.0388349 0.191308 -0.138537 -0.0676869 0.216747 -0.132661 -0.0387959 0.191337 -0.133047 -0.0387681 0.191354 -0.138823 -0.0678123 0.216596 -0.139101 -0.0679447 0.216438 -0.139396 -0.0680983 0.216256 -0.139681 -0.0682613 0.216063 -0.139958 -0.0684334 0.215861 -0.140223 -0.0686142 0.21565 -0.136663 -0.0617386 0.189088 -0.136298 -0.0618095 0.188986 -0.135966 -0.0618641 0.188903 -0.133142 -0.0619717 0.188583 -0.132796 -0.0619428 0.188589 -0.132451 -0.0619049 0.188604 -0.13211 -0.0618579 0.188628 -0.139895 -0.0396909 0.188701 -0.139614 -0.0395152 0.188898 -0.140164 -0.0398751 0.188495 -0.140421 -0.0400673 0.188281 -0.140643 -0.0402466 0.188081 -0.127124 -0.059117 0.189653 -0.127395 -0.0593166 0.18947 -0.140854 -0.0404317 0.187876 -0.126863 -0.0589087 0.189845 -0.141053 -0.0406219 0.187665 -0.126613 -0.0586923 0.190046 -0.141242 -0.040817 0.187449 -0.126376 -0.0584683 0.190255 -0.141419 -0.0410165 0.187228 -0.126152 -0.0582374 0.190471 -0.1416 -0.0412426 0.186978 -0.125962 -0.058024 0.190671 -0.125783 -0.057806 0.190876 -0.125616 -0.0575838 0.191086 -0.125461 -0.0573579 0.191299 -0.140478 -0.0688032 0.215429 -0.13563 -0.0619099 0.188829 -0.139324 -0.0393485 0.189085 -0.135292 -0.0619466 0.188766 -0.134951 -0.0619743 0.188711 -0.141768 -0.0414746 0.186722 -0.134572 -0.0619944 0.188663 -0.141922 -0.0417119 0.186461 -0.134186 -0.0620035 0.188625 -0.133838 -0.0620021 0.188601 -0.13349 -0.0619915 0.188587 -0.127677 -0.0595072 0.189296 -0.125319 -0.0571287 0.191517 -0.125178 -0.0568731 0.191759 -0.132324 -0.0676256 0.218601 -0.132708 -0.0675841 0.218626 -0.133094 -0.0675539 0.218638 -0.134781 -0.0387832 0.191286 -0.135911 -0.0676792 0.218361 -0.136279 -0.0677429 0.218274 -0.135122 -0.0388136 0.191243 -0.136644 -0.0678176 0.218175 -0.135496 -0.0388577 0.191185 -0.137942 -0.0394496 0.190482 -0.138243 -0.0395639 0.190351 -0.138537 -0.0396858 0.190212 -0.13885 -0.0398278 0.190051 -0.141145 -0.0693928 0.214746 -0.14095 -0.0692037 0.214965 -0.141329 -0.0695867 0.214522 -0.141502 -0.0697851 0.214294 -0.141662 -0.0699874 0.214061 -0.14181 -0.0701932 0.213825 -0.141957 -0.0704227 0.213562 -0.14209 -0.0706575 0.213293 -0.142208 -0.0708972 0.213019 -0.142311 -0.0711411 0.21274 -0.142399 -0.0713886 0.212457 -0.135867 -0.0389131 0.191115 -0.136236 -0.0389798 0.191033 -0.136602 -0.0390574 0.19094 -0.136963 -0.0391459 0.190835 -0.137319 -0.0392451 0.190719 -0.137633 -0.0393433 0.190605 -0.133442 -0.0675363 0.218639 -0.13379 -0.0675278 0.21863 -0.134137 -0.0675285 0.218612 -0.134483 -0.0675384 0.218584 -0.134827 -0.0675573 0.218546 -0.135167 -0.0675852 0.218499 -0.13554 -0.0676266 0.218436 -0.131772 -0.0618021 0.188662 -0.131401 -0.0617299 0.188711 -0.12869 -0.0608089 0.189469 -0.128402 -0.0606627 0.189599 -0.128123 -0.0605094 0.189735 -0.14072 -0.0689999 0.215201 -0.127853 -0.0603494 0.18988 -0.14247 -0.071639 0.212171 -0.124843 -0.0560768 0.192518 -0.12494 -0.0563466 0.19226 -0.124762 -0.0558036 0.192778 -0.14227 -0.0423988 0.185704 -0.142171 -0.0421749 0.185951 -0.124698 -0.0555276 0.193042 -0.124649 -0.0552497 0.193308 -0.142355 -0.0426249 0.185456 -0.124619 -0.0549985 0.193548 -0.142428 -0.0428528 0.185205 -0.124603 -0.0547469 0.193789 -0.1246 -0.0544953 0.19403 -0.142487 -0.0430819 0.184953 -0.12461 -0.0542444 0.19427 -0.142533 -0.0433118 0.184701 -0.124634 -0.0539947 0.194509 -0.142568 -0.0435695 0.184418 -0.142587 -0.0438287 0.184133 -0.14259 -0.0440887 0.183848 -0.142577 -0.0443487 0.183562 -0.14255 -0.0445822 0.183306 -0.131032 -0.0616462 0.188772 -0.130666 -0.0615514 0.188844 -0.130304 -0.0614455 0.188928 -0.129947 -0.0613289 0.189023 -0.129597 -0.0612018 0.18913 -0.129288 -0.0610787 0.189234 -0.128985 -0.0609476 0.189348 -0.125051 -0.0566122 0.192007 -0.14206 -0.0419538 0.186194 -0.124676 -0.0537219 0.19477 -0.124734 -0.0534492 0.195031 -0.142511 -0.0448147 0.18305 -0.142458 -0.0450455 0.182797 -0.137004 -0.0679031 0.218065 -0.137359 -0.0679992 0.217943 -0.137707 -0.0681056 0.21781 -0.140017 -0.0691981 0.216504 -0.140281 -0.0693807 0.216291 -0.140532 -0.0695714 0.216069 -0.142584 -0.0723495 0.21136 -0.142561 -0.0721202 0.211622 -0.142593 -0.0725788 0.211099 -0.142589 -0.0728078 0.210837 -0.142572 -0.0730359 0.210577 -0.142537 -0.0732846 0.210292 -0.142486 -0.0735333 0.210008 -0.142418 -0.0737814 0.209724 -0.142334 -0.0740282 0.209441 -0.142234 -0.074273 0.209161 -0.142118 -0.0745152 0.208883 -0.141518 -0.0418569 0.187789 -0.141693 -0.0420862 0.187536 -0.141853 -0.0423211 0.187277 -0.141999 -0.0425609 0.187013 -0.139155 -0.0399797 0.189879 -0.139451 -0.0401412 0.189698 -0.139737 -0.0403118 0.189506 -0.138014 -0.06821 0.217682 -0.138314 -0.0683222 0.217545 -0.138607 -0.068442 0.2174 -0.138891 -0.0685691 0.217248 -0.139167 -0.0687032 0.217088 -0.13946 -0.068859 0.216903 -0.139744 -0.069024 0.216709 -0.127566 -0.0601646 0.190047 -0.127288 -0.0599704 0.190225 -0.140746 -0.0410563 0.188676 -0.140952 -0.0412439 0.188468 -0.141147 -0.0414365 0.188255 -0.14133 -0.0416337 0.188036 -0.140013 -0.0404912 0.189305 -0.140277 -0.0406788 0.189096 -0.14053 -0.0408742 0.188879 -0.125563 -0.0582423 0.191839 -0.125412 -0.0580153 0.192053 -0.125274 -0.0577851 0.192272 -0.125137 -0.057528 0.192516 -0.142525 -0.0718916 0.211883 -0.125006 -0.052638 0.195805 -0.124899 -0.0529065 0.195549 -0.141986 -0.0747541 0.208608 -0.12513 -0.0523723 0.196058 -0.125268 -0.0521101 0.196307 -0.125406 -0.0518778 0.196528 -0.125556 -0.0516494 0.196744 -0.125717 -0.0514254 0.196956 -0.12589 -0.0512063 0.197163 -0.126074 -0.0509926 0.197364 -0.142223 -0.0457237 0.182051 -0.142314 -0.0455005 0.182297 -0.126289 -0.0507639 0.197579 -0.142119 -0.0459433 0.18181 -0.141987 -0.0461871 0.181542 -0.14184 -0.0464273 0.181277 -0.141678 -0.0466634 0.181017 -0.141519 -0.0468717 0.180787 -0.141348 -0.0470756 0.180562 -0.12702 -0.0597674 0.190411 -0.126763 -0.059556 0.190607 -0.126518 -0.0593366 0.190811 -0.126286 -0.0591099 0.191022 -0.126088 -0.0589 0.191219 -0.125901 -0.0586852 0.191421 -0.125726 -0.0584658 0.191628 -0.142393 -0.0452743 0.182545 -0.124809 -0.0531771 0.195291 -0.126519 -0.0505406 0.197787 -0.126762 -0.0503234 0.197989 -0.142129 -0.042805 0.186744 -0.142233 -0.0430279 0.186499 -0.142589 -0.0449733 0.184361 -0.142568 -0.0452071 0.184104 -0.142534 -0.0454402 0.183848 -0.142487 -0.0456719 0.183594 -0.140772 -0.0697697 0.215839 -0.140999 -0.069975 0.215601 -0.141192 -0.0701653 0.215381 -0.142333 -0.0719217 0.213366 -0.142417 -0.0721699 0.213083 -0.142485 -0.0724208 0.212796 -0.133631 -0.073763 0.213154 -0.142325 -0.0432531 0.186251 -0.142403 -0.0434804 0.186001 -0.142468 -0.043709 0.18575 -0.141554 -0.0753771 0.207889 -0.14171 -0.0751735 0.208125 -0.142519 -0.0439387 0.185497 -0.141386 -0.075576 0.207659 -0.142561 -0.0441944 0.185216 -0.141207 -0.0757698 0.207434 -0.142586 -0.0444532 0.184932 -0.140998 -0.0759763 0.207193 -0.142596 -0.0447131 0.184647 -0.140775 -0.0761775 0.206958 -0.140537 -0.0763727 0.206729 -0.140286 -0.0765613 0.206507 -0.140022 -0.0767429 0.206292 -0.139745 -0.0769169 0.206086 -0.139457 -0.0770829 0.205887 -0.141373 -0.0703604 0.215156 -0.141542 -0.0705598 0.214927 -0.1417 -0.070763 0.214693 -0.141844 -0.0709696 0.214456 -0.141989 -0.0712003 0.214191 -0.142119 -0.0714363 0.213921 -0.142234 -0.0716769 0.213646 -0.125014 -0.0572657 0.192765 -0.124907 -0.0569988 0.19302 -0.124612 -0.0548937 0.195032 -0.12464 -0.0546444 0.195271 -0.124686 -0.0543715 0.195532 -0.124749 -0.0540989 0.195793 -0.127288 -0.0499094 0.198372 -0.127019 -0.0501128 0.198185 -0.127569 -0.0497136 0.198552 -0.127862 -0.0495261 0.198722 -0.128135 -0.0493648 0.198868 -0.128415 -0.0492109 0.199006 -0.128703 -0.0490648 0.199136 -0.128997 -0.0489267 0.199257 -0.129297 -0.0487969 0.19937 -0.129635 -0.0486635 0.199484 -0.129982 -0.0485395 0.199589 -0.141854 -0.0749657 0.208364 -0.139189 -0.0772249 0.205716 -0.138912 -0.0773595 0.205553 -0.124815 -0.0567279 0.193278 -0.124738 -0.0564539 0.19354 -0.124678 -0.0561773 0.193804 -0.124634 -0.0558989 0.19407 -0.124609 -0.0556475 0.194311 -0.124596 -0.0553958 0.194552 -0.124598 -0.0551443 0.194793 -0.142427 -0.0459016 0.183341 -0.142354 -0.0461291 0.183092 -0.142268 -0.0463536 0.182845 -0.130337 -0.0484255 0.199682 -0.130698 -0.0483217 0.199765 -0.141043 -0.0481313 0.180885 -0.140843 -0.0483212 0.180675 -0.140633 -0.048505 0.180471 -0.140414 -0.0486824 0.180275 -0.14217 -0.0465749 0.182601 -0.142046 -0.0468164 0.182336 -0.141906 -0.0470582 0.182069 -0.141749 -0.0472961 0.181807 -0.141577 -0.0475294 0.18155 -0.141411 -0.0477349 0.181323 -0.141232 -0.0479357 0.181102 -0.142537 -0.0726738 0.212507 -0.142569 -0.0729026 0.212246 -0.142588 -0.0731319 0.211985 -0.14221 -0.0750538 0.209787 -0.14209 -0.0752954 0.209509 -0.141955 -0.0755334 0.209235 -0.138337 -0.0776058 0.205251 -0.138628 -0.0774866 0.205398 -0.13804 -0.0777169 0.205112 -0.137706 -0.0778296 0.20497 -0.137362 -0.0779327 0.204838 -0.13701 -0.078026 0.204716 -0.136651 -0.078109 0.204604 -0.136286 -0.0781816 0.204504 -0.135915 -0.0782434 0.204414 -0.135539 -0.0782944 0.204336 -0.135198 -0.0783308 0.204276 -0.142595 -0.0733613 0.211723 -0.142587 -0.0735901 0.211461 -0.142566 -0.0738179 0.211201 -0.142528 -0.0740666 0.210917 -0.140159 -0.0488716 0.180064 -0.142473 -0.0743152 0.210633 -0.139892 -0.0490538 0.179861 -0.124828 -0.0538271 0.196052 -0.142402 -0.0745631 0.210349 -0.124923 -0.053557 0.19631 -0.142314 -0.0748095 0.210067 -0.137464 -0.0501775 0.178592 -0.137148 -0.0502712 0.178484 -0.136828 -0.0503561 0.178384 -0.126129 -0.0516529 0.198115 -0.126348 -0.0514256 0.198328 -0.136471 -0.0504394 0.178286 -0.126582 -0.051204 0.198535 -0.126829 -0.0509885 0.198735 -0.131439 -0.0481457 0.199896 -0.131066 -0.0482283 0.199836 -0.131779 -0.0480807 0.199941 -0.132121 -0.0480247 0.199976 -0.132465 -0.0479778 0.200001 -0.134855 -0.078358 0.204225 -0.13281 -0.0479401 0.200016 -0.133155 -0.0479117 0.200022 -0.1335 -0.0478925 0.200019 -0.134511 -0.0783762 0.204184 -0.133881 -0.0478821 0.200003 -0.134264 -0.0478829 0.199976 -0.134647 -0.047895 0.199936 -0.139611 -0.0492288 0.179666 -0.139319 -0.049396 0.179478 -0.139015 -0.0495549 0.1793 -0.138701 -0.0497051 0.17913 -0.138378 -0.049846 0.178971 -0.138079 -0.0499647 0.178836 -0.137774 -0.0500753 0.17871 -0.125035 -0.0532892 0.196565 -0.125162 -0.0530244 0.196818 -0.125305 -0.0527633 0.197066 -0.125447 -0.052532 0.197285 -0.1256 -0.0523049 0.1975 -0.125766 -0.0520824 0.197711 -0.125942 -0.0518649 0.197916 -0.136108 -0.0505125 0.178198 -0.135737 -0.050575 0.178121 -0.135028 -0.0479184 0.199885 -0.132823 -0.0506895 0.17792 -0.132445 -0.0506563 0.177944 -0.132068 -0.0506118 0.177981 -0.131691 -0.050556 0.178029 -0.135361 -0.0506269 0.178056 -0.14182 -0.0757441 0.208993 -0.134981 -0.0506678 0.178002 -0.141673 -0.0759509 0.208754 -0.134598 -0.0506976 0.17796 -0.141514 -0.0761534 0.20852 -0.134213 -0.0507162 0.17793 -0.133865 -0.0507233 0.177913 -0.133517 -0.0507212 0.177905 -0.133169 -0.05071 0.177907 -0.139682 -0.0776818 0.206728 -0.139392 -0.0778458 0.206532 -0.139121 -0.077986 0.206363 -0.133821 -0.0783848 0.204131 -0.134165 -0.0783851 0.204153 -0.133439 -0.0783736 0.204119 -0.133056 -0.0783512 0.204118 -0.132673 -0.0783173 0.20413 -0.13229 -0.078272 0.204153 -0.13191 -0.0782155 0.204187 -0.13157 -0.0781551 0.204229 -0.131233 -0.0780857 0.20428 -0.1309 -0.0780075 0.20434 -0.130572 -0.0779206 0.204409 -0.131317 -0.050489 0.178089 -0.130946 -0.0504109 0.178161 -0.128366 -0.0494934 0.179051 -0.128057 -0.0493296 0.179213 -0.127758 -0.0491566 0.179385 -0.127497 -0.0489934 0.179548 -0.141344 -0.076351 0.208291 -0.141162 -0.0765435 0.208067 -0.13058 -0.0503218 0.178245 -0.14095 -0.0767489 0.207828 -0.130254 -0.0502324 0.178329 -0.140723 -0.0769487 0.207594 -0.129934 -0.0501346 0.178423 -0.140482 -0.0771425 0.207367 -0.129619 -0.0500284 0.178526 -0.127089 -0.0507798 0.198929 -0.140228 -0.0773296 0.207146 -0.129311 -0.0499142 0.178637 -0.127362 -0.0505784 0.199114 -0.139961 -0.0775096 0.206933 -0.129009 -0.0497922 0.178756 -0.128684 -0.0496477 0.178898 -0.129694 -0.0493645 0.200195 -0.130042 -0.0492423 0.200297 -0.130249 -0.0778253 0.204487 -0.130398 -0.0491301 0.200389 -0.129931 -0.0777217 0.204574 -0.136082 -0.0480431 0.199678 -0.135747 -0.0479936 0.199755 -0.136414 -0.0481014 0.199593 -0.136741 -0.0481684 0.199498 -0.137063 -0.0482438 0.199395 -0.137378 -0.0483275 0.199282 -0.137726 -0.0484313 0.199146 -0.138032 -0.0485333 0.199015 -0.138332 -0.0486432 0.198875 -0.138624 -0.0487607 0.198727 -0.138908 -0.0488856 0.198571 -0.127647 -0.0503849 0.199291 -0.127246 -0.0488237 0.179718 -0.127913 -0.0502179 0.199443 -0.127005 -0.0486476 0.179894 -0.128187 -0.050058 0.199587 -0.126774 -0.0484656 0.180077 -0.128468 -0.0499056 0.199724 -0.128757 -0.049761 0.199852 -0.129053 -0.0496245 0.199972 -0.129354 -0.0494963 0.200083 -0.125258 -0.0467194 0.181841 -0.125134 -0.0464923 0.182072 -0.125022 -0.0462624 0.182305 -0.124923 -0.0460303 0.182541 -0.126553 -0.0482781 0.180266 -0.126344 -0.0480856 0.180459 -0.126124 -0.0478649 0.180682 -0.125917 -0.0476373 0.180912 -0.125723 -0.0474033 0.181149 -0.125544 -0.0471635 0.181391 -0.125395 -0.0469433 0.181615 -0.135408 -0.0479529 0.199822 -0.139183 -0.0490174 0.198408 -0.139448 -0.049156 0.198238 -0.138843 -0.0781189 0.206201 -0.138557 -0.078244 0.206048 -0.138264 -0.0783612 0.205903 -0.135492 -0.0790271 0.205015 -0.13515 -0.0790622 0.204956 -0.134807 -0.0790882 0.204907 -0.124838 -0.0457963 0.182779 -0.134463 -0.079105 0.204867 -0.124766 -0.045561 0.183018 -0.1247 -0.0452927 0.183291 -0.124674 -0.0435065 0.185109 -0.124725 -0.0432671 0.185352 -0.12465 -0.0450228 0.183566 -0.124616 -0.0447517 0.183841 -0.1246 -0.044507 0.18409 -0.124597 -0.0442618 0.18434 -0.124608 -0.0440166 0.18459 -0.124635 -0.0437476 0.184863 -0.137966 -0.0784702 0.205767 -0.137629 -0.0785807 0.205627 -0.137284 -0.0786817 0.205497 -0.13693 -0.0787726 0.205377 -0.13657 -0.0788534 0.205268 -0.136203 -0.0789236 0.20517 -0.135831 -0.078983 0.205083 -0.128908 -0.077314 0.204928 -0.129242 -0.0774601 0.2048 -0.128615 -0.0771741 0.205053 -0.128329 -0.0770266 0.205186 -0.128051 -0.0768718 0.205326 -0.127782 -0.07671 0.205474 -0.127523 -0.0765416 0.205629 -0.127273 -0.0763669 0.20579 -0.127033 -0.0761863 0.205958 -0.12678 -0.0759791 0.206151 -0.126535 -0.0757613 0.206355 -0.134331 -0.0486076 0.200661 -0.134714 -0.0486217 0.20062 -0.135095 -0.048647 0.200567 -0.130762 -0.0490281 0.20047 -0.131131 -0.0489366 0.200539 -0.131505 -0.0488558 0.200598 -0.140269 -0.0496668 0.19762 -0.140006 -0.0494878 0.197836 -0.140521 -0.0498541 0.197396 -0.14076 -0.0500486 0.197165 -0.140987 -0.0502504 0.196925 -0.1412 -0.050459 0.196678 -0.141381 -0.0506521 0.196451 -0.141549 -0.0508497 0.196219 -0.141706 -0.0510513 0.195982 -0.129583 -0.0775961 0.204681 -0.141851 -0.0512565 0.195742 -0.126302 -0.0755361 0.206566 -0.126082 -0.0753038 0.206785 -0.132187 -0.0487383 0.200673 -0.132531 -0.0486932 0.200696 -0.132876 -0.0486573 0.20071 -0.133222 -0.0486307 0.200714 -0.133566 -0.0486133 0.200709 -0.133949 -0.0486048 0.200691 -0.131845 -0.0487926 0.20064 -0.139732 -0.0493174 0.198042 -0.141983 -0.0514649 0.195498 -0.142102 -0.0516759 0.195252 -0.134117 -0.0791127 0.204837 -0.133773 -0.0791111 0.204817 -0.130854 -0.078723 0.205037 -0.130526 -0.0786349 0.205107 -0.130204 -0.0785384 0.205186 -0.129887 -0.0784337 0.205275 -0.133391 -0.0790985 0.204806 -0.133007 -0.0790746 0.204807 -0.132624 -0.0790393 0.20482 -0.132242 -0.0789926 0.204844 -0.131862 -0.0789347 0.20488 -0.131523 -0.078873 0.204923 -0.131186 -0.0788024 0.204975 -0.125558 -0.0746472 0.207407 -0.125721 -0.0748704 0.207195 -0.125408 -0.0744203 0.207623 -0.135474 -0.0486836 0.200501 -0.12527 -0.0741903 0.207842 -0.135813 -0.0487259 0.200432 -0.125145 -0.0739575 0.208064 -0.136148 -0.0487772 0.200354 -0.125033 -0.0737226 0.208289 -0.124924 -0.0734583 0.208541 -0.12483 -0.0731896 0.208798 -0.124752 -0.0729173 0.209059 -0.124689 -0.0726421 0.209323 -0.124642 -0.0723646 0.209588 -0.138681 -0.0495078 0.199389 -0.138963 -0.049634 0.199232 -0.139237 -0.0497673 0.199068 -0.139501 -0.0499072 0.198896 -0.142559 -0.0530955 0.193602 -0.142519 -0.0528441 0.193894 -0.142584 -0.0533481 0.193309 -0.142592 -0.0535759 0.193045 -0.142586 -0.0538034 0.192781 -0.142568 -0.0540302 0.192518 -0.142535 -0.0542557 0.192257 -0.142389 -0.0523476 0.19447 -0.1423 -0.0521039 0.194753 -0.142462 -0.0525945 0.194183 -0.125896 -0.0750894 0.206988 -0.124612 -0.0720857 0.209856 -0.136479 -0.0488372 0.200267 -0.136805 -0.0489058 0.200171 -0.137126 -0.0489829 0.200065 -0.13744 -0.0490681 0.199952 -0.137787 -0.0491737 0.199813 -0.138092 -0.0492773 0.19968 -0.13839 -0.0493888 0.199538 -0.14249 -0.0544795 0.191997 -0.142432 -0.054701 0.19174 -0.142208 -0.051889 0.195003 -0.12954 -0.0783068 0.205383 -0.129199 -0.0781695 0.205503 -0.128866 -0.078022 0.205633 -0.126748 -0.0766797 0.206863 -0.126504 -0.076461 0.207068 -0.126273 -0.0762348 0.207281 -0.126055 -0.0760017 0.207501 -0.128574 -0.0778811 0.205759 -0.128289 -0.0777325 0.205893 -0.128013 -0.0775767 0.206034 -0.127745 -0.077414 0.206183 -0.127486 -0.0772446 0.206339 -0.127238 -0.0770691 0.206501 -0.127 -0.0768877 0.206669 -0.139783 -0.05007 0.198698 -0.140054 -0.0502417 0.198491 -0.141738 -0.0518143 0.196627 -0.14188 -0.0520202 0.196387 -0.14201 -0.0522292 0.196142 -0.142127 -0.0524407 0.195896 -0.124613 -0.0713311 0.210579 -0.1246 -0.0715823 0.210338 -0.12464 -0.071081 0.210818 -0.124685 -0.0708087 0.211079 -0.124747 -0.0705366 0.211339 -0.124825 -0.0702652 0.211599 -0.142144 -0.055425 0.190898 -0.142256 -0.0551855 0.191177 -0.124919 -0.0699954 0.211856 -0.142015 -0.0556619 0.190622 -0.125029 -0.0697277 0.212111 -0.141871 -0.0558954 0.19035 -0.141712 -0.0561248 0.190082 -0.125155 -0.0694629 0.212363 -0.141556 -0.0563273 0.189844 -0.125297 -0.0692018 0.212611 -0.141388 -0.0565255 0.189612 -0.125438 -0.0689704 0.21283 -0.141208 -0.0567188 0.189384 -0.141018 -0.0569069 0.189162 -0.140817 -0.0570893 0.188946 -0.140316 -0.0504222 0.198274 -0.140565 -0.0506107 0.198049 -0.124599 -0.071834 0.210097 -0.140803 -0.0508066 0.197815 -0.141027 -0.0510097 0.197575 -0.141238 -0.0512195 0.197327 -0.12559 -0.068743 0.213045 -0.125754 -0.0685201 0.213255 -0.141417 -0.0514135 0.197098 -0.141584 -0.0516119 0.196865 -0.142352 -0.0549439 0.191458 -0.140584 -0.0572829 0.188716 -0.140337 -0.0574703 0.188493 -0.12587 -0.0757866 0.207704 -0.125697 -0.075567 0.207912 -0.125536 -0.0753432 0.208125 -0.124681 -0.073335 0.210043 -0.124637 -0.0730573 0.21031 -0.124609 -0.0727782 0.210577 -0.14223 -0.0526543 0.195647 -0.142329 -0.0528936 0.195368 -0.142567 -0.0547976 0.193159 -0.142533 -0.055023 0.192898 -0.142485 -0.0552465 0.192639 -0.142425 -0.0554676 0.192382 -0.126158 -0.0680451 0.213701 -0.125949 -0.06828 0.213481 -0.126381 -0.0678158 0.213915 -0.126618 -0.0675929 0.214122 -0.139803 -0.0578247 0.188067 -0.140076 -0.0576511 0.188276 -0.126867 -0.0673769 0.214322 -0.139518 -0.0579905 0.187866 -0.127102 -0.0671889 0.214495 -0.139222 -0.0581481 0.187674 -0.138946 -0.0582825 0.187509 -0.127347 -0.0670073 0.214661 -0.138662 -0.0584095 0.187351 -0.127601 -0.0668325 0.21482 -0.138371 -0.0585288 0.187202 -0.127863 -0.0666649 0.214972 -0.138074 -0.0586402 0.187061 -0.128133 -0.0665048 0.215116 -0.13774 -0.0587531 0.186917 -0.128444 -0.0663344 0.215267 -0.137397 -0.0588563 0.186782 -0.137046 -0.0589497 0.186658 -0.125387 -0.0751158 0.208341 -0.125251 -0.0748854 0.208561 -0.125128 -0.0746523 0.208783 -0.125018 -0.0744171 0.209008 -0.124911 -0.0741522 0.209261 -0.124818 -0.0738832 0.209518 -0.124742 -0.0736105 0.209779 -0.142414 -0.0531382 0.195084 -0.142483 -0.053386 0.194796 -0.142536 -0.0536361 0.194506 -0.142572 -0.053888 0.194214 -0.142591 -0.0541156 0.19395 -0.142596 -0.0543434 0.193686 -0.142588 -0.054571 0.193422 -0.136687 -0.059033 0.186544 -0.128765 -0.0661729 0.215409 -0.129096 -0.0660207 0.215541 -0.125315 -0.0698962 0.21333 -0.125457 -0.0696654 0.213549 -0.125611 -0.0694386 0.213763 -0.125777 -0.0692163 0.213972 -0.124598 -0.0725265 0.210818 -0.1246 -0.0722748 0.211059 -0.124615 -0.0720238 0.2113 -0.142342 -0.0557104 0.1921 -0.142243 -0.0559517 0.19182 -0.125043 -0.0704212 0.212831 -0.125171 -0.0701569 0.213083 -0.140987 -0.0576678 0.18981 -0.140784 -0.0578492 0.189596 -0.140548 -0.0580419 0.189367 -0.140299 -0.0582283 0.189144 -0.124644 -0.0717739 0.211539 -0.124691 -0.0715015 0.2118 -0.124755 -0.0712294 0.21206 -0.124834 -0.0709582 0.212319 -0.124931 -0.0706886 0.212576 -0.135616 -0.0592143 0.186278 -0.135953 -0.0591678 0.18635 -0.135276 -0.0592519 0.186215 -0.134934 -0.0592804 0.186162 -0.134592 -0.0592997 0.186118 -0.134248 -0.05931 0.186084 -0.133865 -0.0593106 0.186058 -0.13348 -0.0592999 0.186044 -0.133094 -0.059278 0.186041 -0.132709 -0.0592447 0.186051 -0.132364 -0.0592051 0.186069 -0.130027 -0.0656593 0.215844 -0.129711 -0.0657715 0.215752 -0.130348 -0.0655558 0.215928 -0.130672 -0.0654611 0.216002 -0.131 -0.0653754 0.216066 -0.131331 -0.0652987 0.216121 -0.1317 -0.0652243 0.216171 -0.132078 -0.0651598 0.21621 -0.13246 -0.0651063 0.216237 -0.132845 -0.0650638 0.216253 -0.133231 -0.0650326 0.216256 -0.142128 -0.0561909 0.191541 -0.141997 -0.0564273 0.191265 -0.141851 -0.0566602 0.190994 -0.141689 -0.056889 0.190726 -0.14153 -0.0570908 0.19049 -0.14136 -0.0572882 0.190258 -0.141179 -0.0574806 0.190031 -0.136323 -0.0591057 0.186441 -0.132021 -0.0591565 0.186097 -0.131681 -0.0590989 0.186135 -0.1294 -0.065892 0.215651 -0.13358 -0.0650141 0.216249 -0.125973 -0.0689768 0.214198 -0.126184 -0.0687426 0.214417 -0.12817 -0.0672094 0.215824 -0.128482 -0.0670401 0.215974 -0.128805 -0.0668797 0.216115 -0.129136 -0.0667286 0.216246 -0.126409 -0.068514 0.21463 -0.126647 -0.068292 0.214837 -0.126898 -0.0680768 0.215035 -0.127135 -0.0678896 0.215208 -0.127381 -0.0677089 0.215373 -0.127636 -0.0675351 0.215531 -0.127899 -0.0673685 0.215681 -0.136773 -0.065287 0.21571 -0.13641 -0.0652134 0.215817 -0.137131 -0.0653713 0.215591 -0.137484 -0.0654661 0.21546 -0.140037 -0.058408 0.188928 -0.137795 -0.0655602 0.215334 -0.139761 -0.0585804 0.188721 -0.137343 -0.0596012 0.187447 -0.136991 -0.059693 0.187324 -0.136631 -0.0597746 0.187212 -0.131012 -0.0589572 0.186238 -0.131345 -0.0590324 0.186182 -0.13462 -0.0650136 0.21617 -0.134274 -0.0650046 0.216206 -0.130685 -0.0588735 0.186304 -0.134962 -0.0650317 0.216124 -0.130327 -0.0587707 0.186387 -0.135301 -0.0650587 0.216069 -0.129971 -0.0586561 0.186483 -0.135672 -0.0650991 0.215997 -0.129621 -0.0585308 0.186589 -0.136043 -0.0651507 0.215913 -0.129278 -0.0583953 0.186706 -0.128975 -0.0582649 0.186821 -0.12868 -0.0581266 0.186944 -0.128393 -0.0579809 0.187075 -0.128113 -0.0578279 0.187213 -0.1381 -0.0656624 0.215199 -0.138398 -0.0657723 0.215055 -0.139474 -0.058745 0.188521 -0.139176 -0.0589013 0.18833 -0.138899 -0.0590344 0.188166 -0.138614 -0.0591601 0.18801 -0.138322 -0.0592781 0.187862 -0.138023 -0.059388 0.187723 -0.137688 -0.0594994 0.18758 -0.133928 -0.0650048 0.216232 -0.127843 -0.0576682 0.187359 -0.127582 -0.057502 0.187511 -0.129442 -0.066601 0.216354 -0.129753 -0.0664815 0.216455 -0.13007 -0.0663705 0.216546 -0.132891 -0.0657853 0.216943 -0.133239 -0.0657579 0.216946 -0.133588 -0.0657397 0.216938 -0.136266 -0.0598457 0.187112 -0.135895 -0.0599061 0.187022 -0.135557 -0.0599511 0.186951 -0.13261 -0.0599639 0.18674 -0.132266 -0.0599218 0.186761 -0.131923 -0.0598705 0.186792 -0.138997 -0.0660271 0.214729 -0.138688 -0.0658898 0.214904 -0.139297 -0.066174 0.214544 -0.139588 -0.0663302 0.214349 -0.139869 -0.0664953 0.214144 -0.140139 -0.066669 0.21393 -0.140398 -0.0668506 0.213708 -0.140644 -0.0670398 0.213477 -0.140855 -0.067216 0.213263 -0.141055 -0.0673975 0.213044 -0.141243 -0.0675838 0.21282 -0.135217 -0.059987 0.18689 -0.134875 -0.060014 0.186839 -0.134532 -0.0600318 0.186797 -0.13415 -0.0600408 0.186762 -0.133766 -0.0600385 0.186738 -0.133381 -0.060025 0.186727 -0.130391 -0.0662682 0.216628 -0.132995 -0.0600001 0.186727 -0.130716 -0.0661747 0.2167 -0.131045 -0.0660902 0.216764 -0.131376 -0.0660148 0.216818 -0.131745 -0.0659418 0.216866 -0.132124 -0.0658786 0.216903 -0.132506 -0.0658264 0.216929 -0.126807 -0.0569226 0.188049 -0.127065 -0.0571312 0.187855 -0.126561 -0.0567059 0.188253 -0.126327 -0.0564817 0.188464 -0.126105 -0.0562505 0.188682 -0.125918 -0.0560369 0.188885 -0.125742 -0.0558188 0.189092 -0.125578 -0.0555964 0.189304 -0.125426 -0.0553704 0.189519 -0.125287 -0.0551412 0.189739 -0.125161 -0.0549092 0.189961 -0.141438 -0.0677952 0.212566 -0.127332 -0.0573296 0.18767 -0.125047 -0.0546751 0.190185 -0.124936 -0.0544118 0.190438 -0.131584 -0.0598104 0.186833 -0.133936 -0.0657306 0.216921 -0.131249 -0.0597415 0.186882 -0.134282 -0.0657307 0.216895 -0.130917 -0.0596639 0.186941 -0.134628 -0.0657399 0.216858 -0.128311 -0.0586681 0.187798 -0.128035 -0.0585132 0.187939 -0.137491 -0.0661942 0.216147 -0.137802 -0.0662885 0.21602 -0.127767 -0.0583516 0.188086 -0.138107 -0.0663908 0.215885 -0.127509 -0.0581836 0.188241 -0.138405 -0.066501 0.215741 -0.141938 -0.0684638 0.211767 -0.141786 -0.0682358 0.212039 -0.142062 -0.0686727 0.211518 -0.142173 -0.0688846 0.211266 -0.142272 -0.069099 0.211012 -0.142357 -0.0693155 0.210755 -0.142429 -0.0695335 0.210497 -0.142488 -0.0697526 0.210237 -0.142538 -0.0699968 0.209948 -0.142572 -0.0702456 0.209654 -0.14259 -0.0704954 0.209358 -0.130591 -0.0595777 0.187009 -0.130236 -0.0594724 0.187095 -0.129881 -0.059355 0.187194 -0.129532 -0.0592271 0.187303 -0.129191 -0.0590891 0.187423 -0.12889 -0.0589564 0.18754 -0.128597 -0.0588159 0.187665 -0.124696 -0.0535987 0.19122 -0.124761 -0.0538729 0.190956 -0.124648 -0.0533222 0.191487 -0.13497 -0.0657581 0.216813 -0.124616 -0.0530442 0.191755 -0.135309 -0.0657854 0.216757 -0.124602 -0.0527933 0.191997 -0.13568 -0.0658261 0.216685 -0.124601 -0.0525424 0.192239 -0.13605 -0.0658779 0.216601 -0.124613 -0.052292 0.19248 -0.136417 -0.0659408 0.216505 -0.124638 -0.0520427 0.192721 -0.13678 -0.0660146 0.216397 -0.124682 -0.0517715 0.192982 -0.137139 -0.0660991 0.216277 -0.124741 -0.0515004 0.193243 -0.141619 -0.0680127 0.212305 -0.142592 -0.0707206 0.209092 -0.142581 -0.0709454 0.208826 -0.12484 -0.0541442 0.190695 -0.124817 -0.0512301 0.193504 -0.12491 -0.0509612 0.193762 -0.138695 -0.0666187 0.21559 -0.139003 -0.0667561 0.215415 -0.14106 -0.0681277 0.213729 -0.141248 -0.0683141 0.213504 -0.141442 -0.0685257 0.21325 -0.141623 -0.0687433 0.212989 -0.127261 -0.0580095 0.188402 -0.126997 -0.0578095 0.188588 -0.126742 -0.0575988 0.188785 -0.125247 -0.0558063 0.190486 -0.125124 -0.0555736 0.190709 -0.125015 -0.0553389 0.190934 -0.124907 -0.0550745 0.191188 -0.139303 -0.0669032 0.21523 -0.139594 -0.0670596 0.215034 -0.139875 -0.0672249 0.214829 -0.140145 -0.0673987 0.214615 -0.140403 -0.0675805 0.214393 -0.140649 -0.0677698 0.214162 -0.14086 -0.0679461 0.213948 -0.142468 -0.0716132 0.208035 -0.142519 -0.0713923 0.208297 -0.142404 -0.0718318 0.207775 -0.142328 -0.0720476 0.207519 -0.125143 -0.0504305 0.194272 -0.125019 -0.0506944 0.194019 -0.142228 -0.0722837 0.207238 -0.125283 -0.05017 0.194522 -0.142111 -0.0725194 0.206957 -0.125423 -0.0499393 0.194743 -0.141978 -0.0727522 0.206679 -0.125574 -0.0497125 0.194959 -0.141829 -0.0729814 0.206404 -0.125737 -0.0494901 0.195172 -0.141666 -0.0732063 0.206134 -0.125912 -0.0492727 0.195378 -0.141506 -0.0734045 0.205896 -0.126117 -0.0490392 0.1956 -0.141334 -0.0735982 0.205662 -0.126336 -0.0488111 0.195816 -0.12657 -0.048589 0.196026 -0.126817 -0.0483734 0.196228 -0.126499 -0.0573801 0.18899 -0.126267 -0.0571541 0.189203 -0.12605 -0.0569212 0.189423 -0.125865 -0.0567063 0.189627 -0.125692 -0.0564869 0.189836 -0.125532 -0.0562634 0.190049 -0.125383 -0.0560364 0.190266 -0.142557 -0.0711695 0.208561 -0.141151 -0.073787 0.205433 -0.127076 -0.0481649 0.196423 -0.12732 -0.0479838 0.196592 -0.14179 -0.0689665 0.212723 -0.141942 -0.0691946 0.212451 -0.142574 -0.0709769 0.210338 -0.142592 -0.0712268 0.210042 -0.142594 -0.071452 0.209776 -0.142582 -0.071677 0.209509 -0.142065 -0.0694036 0.212202 -0.142176 -0.0696156 0.21195 -0.142274 -0.0698301 0.211696 -0.14236 -0.0700466 0.211439 -0.124815 -0.0548059 0.191446 -0.142432 -0.0702647 0.21118 -0.124739 -0.0545338 0.191708 -0.14249 -0.0704839 0.210921 -0.14254 -0.0707281 0.210632 -0.12469 -0.0524313 0.193735 -0.124754 -0.0521603 0.193996 -0.140539 -0.074319 0.204783 -0.140753 -0.0741478 0.204993 -0.124834 -0.0518902 0.194256 -0.140291 -0.0745007 0.204559 -0.124931 -0.0516217 0.194514 -0.14003 -0.0746758 0.204341 -0.139756 -0.0748437 0.204131 -0.13947 -0.075004 0.203929 -0.139172 -0.0751561 0.203735 -0.138863 -0.0752996 0.20355 -0.127836 -0.0476418 0.196908 -0.127574 -0.0478093 0.196753 -0.138544 -0.0754341 0.203375 -0.128106 -0.0474816 0.197055 -0.13825 -0.075547 0.203225 -0.128384 -0.047329 0.197193 -0.137948 -0.0756519 0.203084 -0.128701 -0.0471687 0.197338 -0.129028 -0.0470173 0.197473 -0.129364 -0.0468753 0.197598 -0.129708 -0.0467432 0.197712 -0.13006 -0.0466211 0.197816 -0.130382 -0.0465202 0.1979 -0.130708 -0.0464279 0.197975 -0.124679 -0.0542589 0.191973 -0.124635 -0.0539819 0.19224 -0.124607 -0.0537036 0.192508 -0.124596 -0.0534526 0.19275 -0.124598 -0.0532017 0.192992 -0.124614 -0.0529515 0.193233 -0.124643 -0.0527026 0.193473 -0.131038 -0.0463445 0.198041 -0.131371 -0.0462702 0.198097 -0.140957 -0.0739703 0.20521 -0.137641 -0.0757486 0.202952 -0.137298 -0.0758447 0.202817 -0.142557 -0.0719011 0.209244 -0.142519 -0.0721238 0.20898 -0.142468 -0.0723448 0.208718 -0.141503 -0.0741357 0.20658 -0.141331 -0.0743293 0.206346 -0.141148 -0.0745179 0.206117 -0.140954 -0.0747012 0.205894 -0.125043 -0.0513555 0.19477 -0.125172 -0.0510923 0.195023 -0.126625 -0.0492605 0.196766 -0.126875 -0.0490465 0.196967 -0.127138 -0.0488398 0.19716 -0.136588 -0.076007 0.202579 -0.136947 -0.075931 0.202693 -0.136223 -0.0760725 0.202476 -0.135852 -0.0761273 0.202384 -0.135476 -0.0761712 0.202304 -0.135135 -0.0762013 0.202241 -0.134792 -0.0762222 0.202188 -0.134447 -0.0762341 0.202145 -0.134102 -0.0762367 0.202112 -0.133719 -0.0762288 0.202086 -0.125316 -0.0508328 0.195271 -0.133334 -0.0762096 0.202072 -0.125458 -0.0506031 0.195491 -0.125613 -0.0503774 0.195707 -0.125779 -0.0501562 0.195918 -0.125956 -0.0499402 0.196123 -0.126165 -0.0497079 0.196343 -0.126388 -0.0494811 0.196558 -0.142404 -0.0725633 0.208459 -0.132419 -0.0460973 0.198211 -0.132044 -0.0461489 0.198181 -0.142327 -0.0727791 0.208202 -0.132804 -0.0460559 0.19823 -0.142227 -0.0730151 0.207922 -0.13319 -0.0460258 0.198237 -0.14211 -0.0732508 0.20764 -0.133538 -0.0460084 0.198233 -0.141977 -0.0734835 0.207363 -0.133886 -0.0460002 0.19822 -0.141828 -0.0737127 0.207088 -0.134233 -0.0460012 0.198197 -0.141664 -0.0739375 0.206818 -0.134578 -0.0460113 0.198164 -0.134921 -0.0460305 0.198122 -0.13526 -0.0460588 0.19807 -0.135633 -0.0461006 0.198001 -0.132949 -0.076179 0.202069 -0.132565 -0.0761371 0.202079 -0.131707 -0.0462049 0.198144 -0.136003 -0.0461536 0.197921 -0.13637 -0.0462178 0.197829 -0.14075 -0.0748786 0.205677 -0.140536 -0.0750498 0.205467 -0.138245 -0.0762765 0.203911 -0.137943 -0.0763813 0.20377 -0.137636 -0.0764778 0.203638 -0.137293 -0.0765738 0.203503 -0.127385 -0.0486604 0.197327 -0.12764 -0.0484877 0.197487 -0.127905 -0.0483221 0.197639 -0.13043 -0.0472289 0.198604 -0.130757 -0.0471379 0.198678 -0.131088 -0.0470559 0.198742 -0.131421 -0.0469829 0.198797 -0.128177 -0.0481638 0.197783 -0.128457 -0.0480133 0.19792 -0.140288 -0.0752313 0.205243 -0.128776 -0.0478554 0.198062 -0.140026 -0.0754062 0.205026 -0.129105 -0.0477062 0.198195 -0.139752 -0.075574 0.204816 -0.129443 -0.0475665 0.198317 -0.139465 -0.0757341 0.204614 -0.129789 -0.0474367 0.198429 -0.139167 -0.0758861 0.20442 -0.130107 -0.0473285 0.198521 -0.138858 -0.0760295 0.204235 -0.138539 -0.0761638 0.20406 -0.137093 -0.0463788 0.19761 -0.136734 -0.0462929 0.197725 -0.137446 -0.0464754 0.197484 -0.137792 -0.0465822 0.197346 -0.138097 -0.0466869 0.197214 -0.138395 -0.0467994 0.197073 -0.138685 -0.0469195 0.196924 -0.138967 -0.0470469 0.196768 -0.139241 -0.0471812 0.196604 -0.139504 -0.0473221 0.196434 -0.139786 -0.0474861 0.196237 -0.13154 -0.0759678 0.202164 -0.131879 -0.0760333 0.202126 -0.131205 -0.0758936 0.202211 -0.130875 -0.0758107 0.202267 -0.13055 -0.0757193 0.202333 -0.130195 -0.075608 0.202416 -0.12984 -0.0754847 0.202511 -0.129493 -0.0753509 0.202617 -0.129152 -0.0752068 0.202734 -0.128853 -0.0750687 0.202847 -0.12856 -0.0749229 0.202969 -0.140057 -0.0476592 0.19603 -0.140318 -0.0478409 0.195814 -0.132221 -0.0760897 0.202098 -0.128276 -0.0747697 0.203099 -0.133713 -0.0769564 0.202774 -0.133328 -0.0769371 0.20276 -0.132943 -0.0769063 0.202758 -0.132559 -0.0768642 0.202768 -0.136941 -0.0766599 0.203379 -0.136582 -0.0767357 0.203266 -0.136217 -0.0768011 0.203163 -0.135846 -0.0768558 0.203071 -0.13547 -0.0768996 0.202991 -0.135129 -0.0769295 0.202929 -0.134786 -0.0769503 0.202876 -0.134441 -0.0769619 0.202833 -0.134096 -0.0769645 0.202799 -0.131757 -0.046919 0.198842 -0.132094 -0.0468643 0.198878 -0.132476 -0.0468136 0.198907 -0.135317 -0.0467876 0.198752 -0.135689 -0.0468311 0.198682 -0.136059 -0.0468858 0.1986 -0.136426 -0.0469516 0.198506 -0.127477 -0.0742692 0.203532 -0.127734 -0.0744425 0.203381 -0.127231 -0.0740899 0.203689 -0.126969 -0.073884 0.203872 -0.140805 -0.0482282 0.195357 -0.140568 -0.0480308 0.195589 -0.14103 -0.0484328 0.195116 -0.126715 -0.0736673 0.204065 -0.14122 -0.0486225 0.194894 -0.126473 -0.0734426 0.204266 -0.1414 -0.048817 0.194667 -0.126243 -0.0732104 0.204475 -0.141567 -0.0490158 0.194435 -0.126027 -0.0729716 0.204691 -0.141723 -0.0492186 0.1942 -0.125844 -0.0727513 0.204891 -0.141866 -0.0494247 0.19396 -0.125673 -0.0725265 0.205095 -0.142008 -0.0496551 0.193693 -0.125514 -0.0722977 0.205304 -0.142135 -0.0498906 0.193421 -0.142248 -0.0501307 0.193144 -0.132861 -0.0467739 0.198924 -0.133248 -0.0467455 0.198929 -0.133596 -0.0467296 0.198924 -0.133944 -0.0467229 0.198908 -0.134291 -0.0467254 0.198884 -0.134636 -0.0467371 0.198849 -0.134979 -0.0467579 0.198805 -0.128 -0.0746095 0.203236 -0.125367 -0.0720655 0.205517 -0.142345 -0.0503747 0.192862 -0.125233 -0.0718302 0.205732 -0.132215 -0.0768167 0.202787 -0.131873 -0.0767601 0.202815 -0.131534 -0.0766945 0.202853 -0.128847 -0.0757941 0.203538 -0.128555 -0.0756482 0.20366 -0.128271 -0.0754948 0.20379 -0.127995 -0.0753345 0.203927 -0.124889 -0.0710548 0.206446 -0.124992 -0.0713257 0.206196 -0.1248 -0.0707799 0.2067 -0.124727 -0.0705015 0.206957 -0.12467 -0.0702204 0.207217 -0.12463 -0.0699374 0.207478 -0.124606 -0.0696531 0.207741 -0.136789 -0.0470284 0.1984 -0.124598 -0.0693969 0.207979 -0.137147 -0.0471159 0.198284 -0.124604 -0.0691409 0.208215 -0.124622 -0.0688856 0.208451 -0.13952 -0.0480536 0.197116 -0.139802 -0.0482181 0.196918 -0.140073 -0.0483916 0.196711 -0.140333 -0.0485737 0.196495 -0.125112 -0.0715924 0.205951 -0.142541 -0.0511238 0.191999 -0.142492 -0.050872 0.192289 -0.142571 -0.0513515 0.191737 -0.142588 -0.0515796 0.191474 -0.142592 -0.0518075 0.191212 -0.14258 -0.0520574 0.190925 -0.142552 -0.0523077 0.190637 -0.142507 -0.0525578 0.190349 -0.142446 -0.0528071 0.190062 -0.142369 -0.0530548 0.189777 -0.142275 -0.0533002 0.189494 -0.131199 -0.0766201 0.2029 -0.130869 -0.0765371 0.202957 -0.130544 -0.0764455 0.203022 -0.130189 -0.0763341 0.203105 -0.129835 -0.0762106 0.203201 -0.129487 -0.0760766 0.203307 -0.129146 -0.0759324 0.203424 -0.124655 -0.0686317 0.208686 -0.1247 -0.0683796 0.208919 -0.137499 -0.047214 0.198156 -0.13781 -0.0473111 0.198031 -0.138115 -0.0474162 0.197898 -0.138413 -0.0475292 0.197757 -0.138703 -0.0476497 0.197607 -0.138984 -0.0477775 0.197451 -0.139257 -0.0479122 0.197287 -0.142426 -0.0506221 0.192577 -0.142178 -0.0535187 0.189242 -0.127729 -0.0751674 0.204072 -0.127472 -0.0749939 0.204223 -0.125669 -0.0732501 0.205788 -0.12551 -0.0730213 0.205996 -0.125363 -0.0727889 0.206209 -0.12523 -0.0725536 0.206425 -0.124847 -0.06783 0.209425 -0.124765 -0.0681045 0.209173 -0.124945 -0.0675568 0.209677 -0.125059 -0.0672856 0.209925 -0.125189 -0.0670171 0.210171 -0.125335 -0.0667519 0.210414 -0.125497 -0.066491 0.210651 -0.125654 -0.0662602 0.210861 -0.125824 -0.0660338 0.211065 -0.140582 -0.048764 0.196269 -0.126004 -0.0658124 0.211265 -0.140819 -0.0489618 0.196036 -0.126196 -0.0655964 0.211459 -0.142145 -0.0506263 0.194098 -0.142256 -0.0508667 0.193821 -0.142353 -0.0511109 0.193539 -0.14181 -0.0541549 0.188506 -0.141944 -0.0539465 0.188747 -0.141663 -0.054359 0.188269 -0.141485 -0.0545813 0.18801 -0.141293 -0.0547988 0.187757 -0.141087 -0.0550108 0.18751 -0.140866 -0.0552168 0.187268 -0.140657 -0.0553965 0.187057 -0.140436 -0.0555704 0.186852 -0.140206 -0.0557381 0.186654 -0.139967 -0.0558993 0.186462 -0.127225 -0.0748144 0.204381 -0.126964 -0.0746084 0.204563 -0.12671 -0.0743915 0.204756 -0.126468 -0.0741667 0.204958 -0.126239 -0.0739344 0.205167 -0.126023 -0.0736954 0.205383 -0.12584 -0.073475 0.205583 -0.141043 -0.0491667 0.195796 -0.141233 -0.0493567 0.195573 -0.141412 -0.0495515 0.195346 -0.141579 -0.0497506 0.195114 -0.141734 -0.0499535 0.194878 -0.141876 -0.0501599 0.194639 -0.142018 -0.0503905 0.194371 -0.126418 -0.0653663 0.211664 -0.126655 -0.0651418 0.211864 -0.142067 -0.0537343 0.188993 -0.139719 -0.0560535 0.186278 -0.139462 -0.0562006 0.186102 -0.125109 -0.0723157 0.206644 -0.12499 -0.072049 0.206889 -0.124603 -0.069864 0.208909 -0.124622 -0.0696087 0.209145 -0.124654 -0.0693548 0.209379 -0.1247 -0.0691027 0.209612 -0.127168 -0.064712 0.212242 -0.126905 -0.0649236 0.212056 -0.127444 -0.0645078 0.212419 -0.127731 -0.0643114 0.212588 -0.12803 -0.0641233 0.212748 -0.128307 -0.0639617 0.212884 -0.128592 -0.0638075 0.213012 -0.128884 -0.0636611 0.213132 -0.14237 -0.0537917 0.190453 -0.142276 -0.0540371 0.19017 -0.129183 -0.0635229 0.213243 -0.12952 -0.0633799 0.213356 -0.142177 -0.0542555 0.189918 -0.129865 -0.0632463 0.213458 -0.142434 -0.0513584 0.193254 -0.142498 -0.0516085 0.192966 -0.142547 -0.0518604 0.192676 -0.13886 -0.056503 0.185735 -0.139168 -0.0563552 0.185915 -0.138542 -0.0566419 0.185565 -0.138214 -0.0567715 0.185404 -0.137912 -0.0568799 0.185269 -0.137604 -0.0569802 0.185142 -0.13729 -0.0570721 0.185023 -0.136971 -0.0571554 0.184914 -0.136649 -0.05723 0.184814 -0.136322 -0.0572957 0.184723 -0.135994 -0.0573523 0.184643 -0.124886 -0.0717781 0.207139 -0.124798 -0.0715031 0.207393 -0.124725 -0.0712247 0.20765 -0.124669 -0.0709436 0.20791 -0.124628 -0.0706605 0.208172 -0.124604 -0.0703762 0.208435 -0.124597 -0.07012 0.208672 -0.142448 -0.053544 0.190738 -0.142577 -0.0520881 0.192413 -0.142593 -0.0523162 0.192151 -0.142596 -0.0525442 0.191889 -0.142583 -0.0527942 0.191601 -0.142555 -0.0530446 0.191313 -0.142509 -0.0532947 0.191025 -0.130218 -0.0631227 0.21355 -0.135626 -0.0574047 0.184564 -0.135249 -0.0574468 0.184496 -0.124765 -0.0688275 0.209866 -0.124847 -0.0685531 0.210119 -0.124946 -0.0682799 0.21037 -0.126006 -0.0665363 0.211957 -0.126198 -0.0663204 0.212151 -0.12642 -0.0660905 0.212357 -0.126657 -0.0658662 0.212556 -0.131278 -0.0628229 0.213754 -0.130945 -0.0629063 0.213701 -0.131615 -0.0627483 0.213797 -0.131955 -0.0626827 0.213831 -0.132296 -0.0626263 0.213856 -0.132638 -0.062579 0.21387 -0.133019 -0.0625374 0.213875 -0.142066 -0.054471 0.189669 -0.133403 -0.0625067 0.213869 -0.141943 -0.0546831 0.189424 -0.133788 -0.0624872 0.21385 -0.141808 -0.0548914 0.189182 -0.134174 -0.062479 0.213819 -0.134559 -0.0624821 0.213776 -0.1402 -0.0564734 0.187332 -0.13996 -0.0566343 0.187141 -0.139712 -0.0567884 0.186957 -0.139455 -0.0569351 0.186781 -0.131318 -0.0572304 0.184482 -0.131689 -0.0573032 0.184429 -0.134485 -0.0574979 0.184395 -0.134869 -0.0574779 0.18444 -0.134099 -0.0575067 0.184362 -0.133751 -0.0575049 0.184343 -0.133403 -0.057494 0.184333 -0.133055 -0.0574739 0.184333 -0.13271 -0.0574447 0.184342 -0.132366 -0.0574065 0.184362 -0.132026 -0.0573593 0.184391 -0.12506 -0.0680088 0.210619 -0.12519 -0.0677403 0.210864 -0.125336 -0.0674753 0.211106 -0.125498 -0.0672145 0.211344 -0.125656 -0.0669838 0.211553 -0.125825 -0.0667576 0.211758 -0.130579 -0.0630092 0.213631 -0.134903 -0.0624945 0.213728 -0.14166 -0.0550954 0.188946 -0.141483 -0.0553176 0.188688 -0.14129 -0.0555349 0.188434 -0.141082 -0.0557468 0.188187 -0.140861 -0.0559526 0.187946 -0.140651 -0.0561322 0.187735 -0.14043 -0.0563059 0.18753 -0.13095 -0.0571464 0.184548 -0.130585 -0.0570512 0.184625 -0.126907 -0.0656481 0.212748 -0.12717 -0.0654368 0.212933 -0.129523 -0.0641052 0.214047 -0.129869 -0.0639717 0.214149 -0.130222 -0.0638481 0.214241 -0.130583 -0.0637347 0.214322 -0.135922 -0.0625856 0.213525 -0.135586 -0.0625463 0.213602 -0.136254 -0.0626336 0.213439 -0.13658 -0.0626903 0.213344 -0.136937 -0.0627631 0.213228 -0.137291 -0.0628472 0.213099 -0.13916 -0.0570895 0.186594 -0.137639 -0.0629418 0.21296 -0.138852 -0.057237 0.186415 -0.13798 -0.0630468 0.21281 -0.138314 -0.0631616 0.212649 -0.138607 -0.0632733 0.212495 -0.138892 -0.0633924 0.212334 -0.136312 -0.0580274 0.185405 -0.135982 -0.0580837 0.185325 -0.135615 -0.0581357 0.185247 -0.135238 -0.0581774 0.185179 -0.129869 -0.0568282 0.184813 -0.130224 -0.056945 0.184713 -0.12952 -0.0567009 0.184924 -0.129213 -0.0565778 0.185033 -0.128912 -0.0564467 0.18515 -0.128618 -0.056308 0.185275 -0.128333 -0.056162 0.185408 -0.12803 -0.0559938 0.185563 -0.127736 -0.0558158 0.185727 -0.127451 -0.0556284 0.185902 -0.127177 -0.0554321 0.186086 -0.127446 -0.0652327 0.213111 -0.127734 -0.0650364 0.213279 -0.128033 -0.0648484 0.213439 -0.12831 -0.0646868 0.213575 -0.128595 -0.0645327 0.213703 -0.128888 -0.0643864 0.213823 -0.129186 -0.0642482 0.213934 -0.135246 -0.0625159 0.213669 -0.139169 -0.0635188 0.212165 -0.138533 -0.0573756 0.186245 -0.138205 -0.057505 0.186084 -0.137902 -0.0576131 0.185949 -0.137594 -0.0577131 0.185822 -0.13728 -0.0578047 0.185704 -0.136961 -0.0578877 0.185595 -0.136638 -0.057962 0.185496 -0.126913 -0.0552272 0.186279 -0.130949 -0.0636318 0.214392 -0.131283 -0.0635484 0.214445 -0.13418 -0.0632049 0.21451 -0.134565 -0.063208 0.214467 -0.13491 -0.0632204 0.214418 -0.134857 -0.0582082 0.185123 -0.139944 -0.0639381 0.211616 -0.139695 -0.0637919 0.211805 -0.134473 -0.0582278 0.185079 -0.140182 -0.0640901 0.211421 -0.140434 -0.0642655 0.211197 -0.140678 -0.0644512 0.210961 -0.140909 -0.0646444 0.210718 -0.141128 -0.0648444 0.210468 -0.141313 -0.0650299 0.210236 -0.141486 -0.0652199 0.21 -0.131677 -0.0580305 0.185115 -0.131306 -0.0579573 0.185169 -0.141648 -0.0654142 0.20976 -0.130938 -0.0578729 0.185235 -0.141797 -0.0656121 0.209515 -0.130572 -0.0577773 0.185312 -0.126217 -0.0545897 0.186884 -0.126421 -0.054794 0.186689 -0.126023 -0.0543803 0.187084 -0.125841 -0.0541663 0.187289 -0.125671 -0.053948 0.187498 -0.125497 -0.053703 0.187734 -0.125338 -0.053452 0.187975 -0.125194 -0.0531958 0.188223 -0.125064 -0.0529349 0.188475 -0.12495 -0.05267 0.188731 -0.124851 -0.0524018 0.188991 -0.13162 -0.0634739 0.214488 -0.131959 -0.0634083 0.214522 -0.132301 -0.0633519 0.214546 -0.132643 -0.0633047 0.214561 -0.133024 -0.0632631 0.214566 -0.133409 -0.0632325 0.214559 -0.133794 -0.0632131 0.21454 -0.139437 -0.0636521 0.211988 -0.134087 -0.0582362 0.185046 -0.133739 -0.0582341 0.185027 -0.141934 -0.0658133 0.209268 -0.13339 -0.0582229 0.185018 -0.142057 -0.0660173 0.209017 -0.133043 -0.0582025 0.185018 -0.132697 -0.0581729 0.185028 -0.132354 -0.0581344 0.185048 -0.132013 -0.0580868 0.185077 -0.126661 -0.0550143 0.18648 -0.124776 -0.0521582 0.189227 -0.139176 -0.0642454 0.212855 -0.139444 -0.0643787 0.212678 -0.135252 -0.0632419 0.21436 -0.135592 -0.0632724 0.214292 -0.135928 -0.0633117 0.214215 -0.138614 -0.0639998 0.213185 -0.138899 -0.064119 0.213024 -0.130212 -0.0576709 0.185401 -0.142276 -0.0664549 0.208482 -0.142168 -0.0662236 0.208765 -0.129857 -0.0575537 0.185502 -0.142368 -0.0666912 0.208194 -0.142445 -0.0669309 0.207901 -0.142506 -0.0671734 0.207606 -0.142551 -0.0674179 0.207309 -0.142579 -0.0676638 0.20701 -0.142591 -0.0678857 0.206741 -0.142589 -0.0681075 0.206471 -0.142574 -0.0683287 0.206203 -0.127441 -0.0563516 0.186593 -0.127166 -0.056155 0.186777 -0.142546 -0.0685488 0.205935 -0.126903 -0.0559498 0.18697 -0.13626 -0.0633598 0.214129 -0.136587 -0.0634165 0.214034 -0.136943 -0.0634894 0.213918 -0.124631 -0.0514199 0.189944 -0.124666 -0.0516667 0.189704 -0.137297 -0.0635735 0.213789 -0.124607 -0.0511455 0.190211 -0.137646 -0.0636682 0.21365 -0.1246 -0.0508697 0.190479 -0.137987 -0.0637732 0.2135 -0.124609 -0.0505933 0.190747 -0.138321 -0.0638881 0.213339 -0.124635 -0.050317 0.191016 -0.124672 -0.0500691 0.191257 -0.124723 -0.0498224 0.191497 -0.124786 -0.0495774 0.191734 -0.124863 -0.0493347 0.19197 -0.124952 -0.0490948 0.192202 -0.142504 -0.0687674 0.205669 -0.14245 -0.0689838 0.205406 -0.129508 -0.0574261 0.185613 -0.129201 -0.0573027 0.185722 -0.1289 -0.0571713 0.185839 -0.128607 -0.0570323 0.185965 -0.128322 -0.0568861 0.186098 -0.128019 -0.0567175 0.186253 -0.127725 -0.0565392 0.186418 -0.124714 -0.051913 0.189465 -0.125054 -0.0488581 0.192431 -0.125168 -0.0486252 0.192657 -0.139702 -0.0645186 0.212495 -0.13995 -0.0646648 0.212306 -0.141653 -0.0661414 0.210449 -0.141802 -0.0663394 0.210205 -0.141939 -0.0665408 0.209957 -0.142062 -0.0667449 0.209707 -0.142282 -0.0694566 0.20483 -0.142374 -0.0692208 0.205117 -0.126651 -0.0557367 0.187172 -0.142173 -0.0696904 0.204544 -0.126411 -0.0555162 0.187381 -0.142049 -0.0699217 0.204261 -0.126207 -0.0553117 0.187576 -0.141908 -0.0701498 0.203981 -0.141753 -0.0703739 0.203706 -0.1416 -0.0705717 0.203462 -0.141435 -0.0707652 0.203222 -0.141259 -0.0709541 0.202988 -0.141071 -0.0711378 0.202759 -0.140873 -0.0713158 0.202536 -0.124943 -0.0533907 0.189425 -0.124854 -0.0531493 0.189659 -0.124778 -0.0529058 0.189895 -0.124715 -0.0526607 0.190133 -0.140188 -0.0648168 0.212111 -0.14044 -0.0649922 0.211887 -0.140684 -0.065178 0.211651 -0.140915 -0.0653712 0.211408 -0.141133 -0.0655713 0.211157 -0.141318 -0.0657568 0.210926 -0.141491 -0.065947 0.21069 -0.140399 -0.0716879 0.202066 -0.140643 -0.0715049 0.202298 -0.126014 -0.0551022 0.187776 -0.125832 -0.054888 0.187981 -0.125662 -0.0546696 0.188191 -0.125489 -0.0544243 0.188427 -0.12533 -0.0541731 0.188669 -0.125186 -0.0539167 0.188916 -0.125057 -0.0536557 0.189169 -0.125643 -0.0478649 0.19339 -0.125469 -0.0481141 0.19315 -0.125831 -0.0476209 0.193625 -0.126012 -0.0474061 0.193831 -0.126205 -0.0471966 0.194031 -0.126408 -0.0469927 0.194226 -0.126621 -0.0467948 0.194414 -0.126844 -0.0466034 0.194596 -0.127076 -0.0464187 0.19477 -0.127316 -0.0462413 0.194937 -0.127597 -0.04605 0.195117 -0.125311 -0.0483678 0.192906 -0.12789 -0.0458665 0.195288 -0.128194 -0.0456912 0.19545 -0.142173 -0.0669513 0.209454 -0.142271 -0.0671597 0.209199 -0.142365 -0.0673957 0.208911 -0.142581 -0.0690333 0.20692 -0.142554 -0.0692537 0.206652 -0.142514 -0.0694725 0.206386 -0.14246 -0.0696892 0.206123 -0.124665 -0.0524144 0.190372 -0.139871 -0.0720334 0.201624 -0.140142 -0.0718643 0.201842 -0.139589 -0.0721949 0.201415 -0.124629 -0.0521676 0.190612 -0.139295 -0.0723482 0.201214 -0.124604 -0.0518932 0.190878 -0.139022 -0.0724787 0.201041 -0.13874 -0.0726019 0.200876 -0.138451 -0.0727175 0.200719 -0.138156 -0.0728251 0.200571 -0.137854 -0.0729245 0.200431 -0.137514 -0.0730246 0.200287 -0.137166 -0.0731149 0.200153 -0.124861 -0.0500545 0.192665 -0.12495 -0.0498145 0.192897 -0.125052 -0.0495779 0.193126 -0.125167 -0.049345 0.193352 -0.124596 -0.0516174 0.191146 -0.124604 -0.0513409 0.191415 -0.124628 -0.0510645 0.191684 -0.124669 -0.0507889 0.191952 -0.12472 -0.0505421 0.192191 -0.124784 -0.0502972 0.192429 -0.142443 -0.0676353 0.208619 -0.142505 -0.0678777 0.208324 -0.142552 -0.0681221 0.208027 -0.142582 -0.0683681 0.207728 -0.142595 -0.06859 0.207458 -0.142595 -0.0688119 0.207189 -0.13681 -0.0731952 0.20003 -0.129098 -0.0452486 0.195853 -0.128799 -0.0453827 0.195732 -0.129402 -0.0451225 0.195966 -0.129712 -0.0450048 0.196069 -0.130027 -0.0448957 0.196164 -0.130347 -0.0447954 0.19625 -0.13067 -0.044704 0.196326 -0.131032 -0.0446132 0.1964 -0.131401 -0.0445327 0.196462 -0.131775 -0.0444628 0.196513 -0.132154 -0.0444038 0.196553 -0.128508 -0.0455247 0.195603 -0.132537 -0.0443558 0.196581 -0.142386 -0.0699263 0.205834 -0.142295 -0.0701622 0.205546 -0.142189 -0.0703963 0.20526 -0.141075 -0.0718669 0.203447 -0.140877 -0.0720451 0.203224 -0.140647 -0.0722342 0.202986 -0.140402 -0.0724172 0.202754 -0.135705 -0.0733727 0.199726 -0.136078 -0.0733243 0.199816 -0.135366 -0.0734069 0.199655 -0.135024 -0.0734321 0.199594 -0.134681 -0.0734481 0.199542 -0.134337 -0.073455 0.1995 -0.133992 -0.0734528 0.199468 -0.13361 -0.0734395 0.199443 -0.133226 -0.073415 0.199431 -0.132841 -0.073379 0.19943 -0.132458 -0.0733318 0.199441 -0.125308 -0.049091 0.193597 -0.125466 -0.0488373 0.193842 -0.12564 -0.048588 0.194082 -0.127287 -0.0469836 0.195611 -0.127563 -0.0467941 0.195789 -0.127855 -0.0466097 0.195961 -0.128158 -0.0464334 0.196124 -0.142066 -0.0706278 0.204977 -0.141927 -0.0708562 0.204697 -0.141773 -0.0710808 0.204421 -0.125809 -0.0483681 0.194293 -0.141603 -0.0713008 0.204149 -0.125989 -0.0481528 0.1945 -0.141439 -0.0714943 0.20391 -0.12618 -0.0479426 0.194701 -0.141262 -0.0716832 0.203676 -0.126382 -0.047738 0.194896 -0.126594 -0.0475394 0.195085 -0.126816 -0.0473473 0.195268 -0.136447 -0.073265 0.199917 -0.127047 -0.0471619 0.195443 -0.132076 -0.0732732 0.199464 -0.133618 -0.0442811 0.196597 -0.13327 -0.0442954 0.196602 -0.133966 -0.044276 0.196582 -0.134313 -0.04428 0.196557 -0.134657 -0.0442932 0.196523 -0.135033 -0.0443184 0.196475 -0.135408 -0.0443549 0.196414 -0.135782 -0.0444027 0.196341 -0.136153 -0.0444616 0.196257 -0.13652 -0.0445315 0.196161 -0.136882 -0.0446122 0.196053 -0.132922 -0.044319 0.196598 -0.13724 -0.0447036 0.195934 -0.140145 -0.0725936 0.202529 -0.139875 -0.0727628 0.202312 -0.137517 -0.0737544 0.200974 -0.137169 -0.0738448 0.20084 -0.136813 -0.0739251 0.200717 -0.13645 -0.073995 0.200604 -0.131062 -0.0730599 0.199585 -0.131397 -0.0731399 0.199536 -0.130732 -0.0729714 0.199644 -0.130407 -0.0728743 0.199712 -0.130088 -0.072769 0.199789 -0.129735 -0.0726406 0.199886 -0.129423 -0.0725163 0.199982 -0.129118 -0.0723838 0.200087 -0.128819 -0.0722435 0.2002 -0.128528 -0.0720958 0.200322 -0.128246 -0.0719408 0.200451 -0.13177 -0.0451868 0.197204 -0.132149 -0.0451276 0.197244 -0.132532 -0.0450795 0.197272 -0.139592 -0.0729243 0.202102 -0.139298 -0.0730776 0.201902 -0.128471 -0.0462659 0.196278 -0.139025 -0.0732082 0.201729 -0.128794 -0.0461076 0.196422 -0.138743 -0.0733315 0.201564 -0.129092 -0.0459734 0.196543 -0.138455 -0.0734471 0.201407 -0.138159 -0.0735548 0.201258 -0.137857 -0.0736542 0.201118 -0.131735 -0.073211 0.199495 -0.127972 -0.0717789 0.200587 -0.127707 -0.0716105 0.200731 -0.138167 -0.0450011 0.19556 -0.137865 -0.044894 0.195693 -0.138462 -0.0451161 0.195419 -0.138779 -0.0452518 0.195253 -0.139087 -0.0453973 0.195078 -0.139386 -0.0455521 0.194892 -0.139676 -0.045716 0.194697 -0.139954 -0.0458884 0.194493 -0.140195 -0.0460505 0.194302 -0.140426 -0.0462188 0.194104 -0.140647 -0.046393 0.1939 -0.129707 -0.0457294 0.19676 -0.130022 -0.0456202 0.196855 -0.130342 -0.0455197 0.19694 -0.130665 -0.0454283 0.197017 -0.131027 -0.0453373 0.19709 -0.131396 -0.0452567 0.197153 -0.129397 -0.0458472 0.196656 -0.137555 -0.0447947 0.195818 -0.140857 -0.0465725 0.193691 -0.141055 -0.0467571 0.193476 -0.136082 -0.0740544 0.200503 -0.135708 -0.0741029 0.200413 -0.132844 -0.0741099 0.200116 -0.132461 -0.0740627 0.200127 -0.132079 -0.0740043 0.20015 -0.127153 -0.0712126 0.201074 -0.127425 -0.0714161 0.200898 -0.126891 -0.0710002 0.20126 -0.126665 -0.070802 0.201435 -0.126426 -0.0705746 0.201636 -0.126199 -0.07034 0.201846 -0.125986 -0.0700987 0.202062 -0.125806 -0.0698763 0.202262 -0.125637 -0.0696495 0.202467 -0.125481 -0.0694188 0.202676 -0.125337 -0.0691846 0.202888 -0.132917 -0.0450425 0.197289 -0.133265 -0.0450189 0.197294 -0.133614 -0.0450044 0.197288 -0.135369 -0.0741371 0.200342 -0.135027 -0.0741624 0.20028 -0.134684 -0.0741785 0.200229 -0.13434 -0.0741855 0.200187 -0.133995 -0.0741834 0.200154 -0.133613 -0.0741702 0.20013 -0.133229 -0.0741457 0.200117 -0.136516 -0.0452538 0.196853 -0.136879 -0.0453344 0.196746 -0.137236 -0.0454256 0.196627 -0.142062 -0.0480604 0.191973 -0.141938 -0.0478472 0.192218 -0.142173 -0.0482765 0.191726 -0.125205 -0.0689474 0.203104 -0.142272 -0.048495 0.191475 -0.125087 -0.0687079 0.203323 -0.142357 -0.0487154 0.191223 -0.142428 -0.0489372 0.190969 -0.142493 -0.0491849 0.190686 -0.141456 -0.0471853 0.192981 -0.141263 -0.0469679 0.193232 -0.141637 -0.0474086 0.192723 -0.141802 -0.0476373 0.192459 -0.133961 -0.0449992 0.197274 -0.134308 -0.0450031 0.197249 -0.134653 -0.0450163 0.197215 -0.135029 -0.0450413 0.197167 -0.135404 -0.0450777 0.197106 -0.135778 -0.0451253 0.197034 -0.136149 -0.045184 0.196949 -0.142541 -0.0494369 0.190398 -0.142574 -0.0496907 0.190108 -0.131737 -0.0739421 0.200181 -0.131399 -0.0738711 0.200221 -0.131064 -0.0737912 0.200271 -0.128502 -0.072813 0.201019 -0.128219 -0.0726574 0.201149 -0.127946 -0.0724948 0.201286 -0.127683 -0.0723258 0.20143 -0.12488 -0.0681961 0.203791 -0.124982 -0.0684663 0.203543 -0.124793 -0.06792 0.204044 -0.124722 -0.0676405 0.204301 -0.124667 -0.0673585 0.20456 -0.124628 -0.0670746 0.204822 -0.124607 -0.0668181 0.205058 -0.1246 -0.0665613 0.205294 -0.124605 -0.0663048 0.205531 -0.124624 -0.0660491 0.205766 -0.124657 -0.0657947 0.206 -0.130734 -0.0737027 0.20033 -0.137552 -0.0455166 0.196511 -0.130409 -0.0736057 0.200398 -0.137861 -0.0456158 0.196386 -0.130089 -0.0735005 0.200474 -0.138164 -0.0457229 0.196253 -0.129742 -0.0733742 0.200569 -0.129395 -0.0732357 0.200677 -0.12909 -0.0731025 0.200783 -0.128792 -0.0729615 0.200897 -0.140425 -0.0469397 0.194799 -0.140646 -0.0471137 0.194595 -0.140856 -0.0472932 0.194386 -0.141055 -0.0474777 0.194171 -0.124702 -0.0655423 0.206233 -0.124761 -0.0652922 0.206462 -0.138459 -0.0458377 0.196112 -0.138776 -0.0459733 0.195947 -0.139085 -0.0461186 0.195772 -0.139384 -0.0462734 0.195586 -0.139674 -0.0464371 0.195391 -0.139953 -0.0466094 0.195187 -0.140194 -0.0467715 0.194996 -0.142577 -0.0504046 0.189294 -0.14259 -0.0501752 0.189555 -0.14255 -0.0506331 0.189033 -0.142511 -0.0508603 0.188773 -0.142458 -0.0510857 0.188516 -0.142393 -0.0513088 0.188261 -0.142314 -0.051529 0.188009 -0.142212 -0.0517699 0.187733 -0.142093 -0.0520105 0.187458 -0.141959 -0.0522482 0.187185 -0.141808 -0.0524823 0.186916 -0.142589 -0.0499455 0.189818 -0.141643 -0.052712 0.186652 -0.141481 -0.0529145 0.186419 -0.127401 -0.0721308 0.201598 -0.12713 -0.0719267 0.201775 -0.125448 -0.0701031 0.203404 -0.125306 -0.0698682 0.203617 -0.125178 -0.0696305 0.203834 -0.125061 -0.0693904 0.204053 -0.12505 -0.0644723 0.207214 -0.124937 -0.0647439 0.206966 -0.125179 -0.0642033 0.20746 -0.125323 -0.0639377 0.207702 -0.125483 -0.0636761 0.20794 -0.12564 -0.0634449 0.20815 -0.125808 -0.0632179 0.208355 -0.125988 -0.0629959 0.208555 -0.126178 -0.0627792 0.20875 -0.126379 -0.0625684 0.208938 -0.141263 -0.0476885 0.193927 -0.141457 -0.0479058 0.193676 -0.142431 -0.0496578 0.191664 -0.14249 -0.0498806 0.191409 -0.142541 -0.0501324 0.191122 -0.142575 -0.0503862 0.190832 -0.126869 -0.0717138 0.201961 -0.126619 -0.0714927 0.202156 -0.126382 -0.0712641 0.202359 -0.126158 -0.0710281 0.20257 -0.125947 -0.0707856 0.202787 -0.125769 -0.0705623 0.202988 -0.125602 -0.0703346 0.203194 -0.124841 -0.0650174 0.206715 -0.141637 -0.0481291 0.193418 -0.126612 -0.0623438 0.209138 -0.141803 -0.0483577 0.193154 -0.126859 -0.0621251 0.209331 -0.14194 -0.0485676 0.192913 -0.142064 -0.0487808 0.192668 -0.142175 -0.048997 0.19242 -0.142274 -0.0492155 0.19217 -0.142359 -0.0494359 0.191918 -0.140928 -0.053493 0.185749 -0.141123 -0.0533055 0.185967 -0.140723 -0.0536746 0.185538 -0.140507 -0.05385 0.185334 -0.140282 -0.0540188 0.185136 -0.140021 -0.0541991 0.184925 -0.139747 -0.0543723 0.18472 -0.139461 -0.054538 0.184524 -0.139163 -0.0546956 0.184336 -0.138854 -0.0548447 0.184157 -0.141308 -0.0531125 0.18619 -0.138535 -0.0549848 0.183987 -0.13824 -0.0551028 0.183843 -0.124625 -0.0667289 0.206499 -0.12466 -0.0664748 0.206733 -0.124708 -0.0662226 0.206965 -0.124776 -0.0659473 0.207218 -0.124959 -0.0691484 0.204274 -0.12486 -0.0688779 0.204522 -0.127393 -0.0617078 0.209696 -0.12712 -0.0619129 0.209517 -0.127678 -0.0615102 0.209866 -0.127975 -0.0613208 0.210028 -0.128282 -0.0611401 0.210181 -0.128567 -0.0609852 0.210311 -0.128859 -0.0608381 0.210432 -0.129158 -0.060699 0.210544 -0.129463 -0.0605682 0.210649 -0.129804 -0.0604345 0.210752 -0.130153 -0.0603104 0.210846 -0.142593 -0.050641 0.190541 -0.142595 -0.0508708 0.190279 -0.142584 -0.0511003 0.190017 -0.124603 -0.0669845 0.206264 -0.124776 -0.0686011 0.204776 -0.124707 -0.0683211 0.205033 -0.141994 -0.0529236 0.187932 -0.141847 -0.0531586 0.187662 -0.124655 -0.0680386 0.205293 -0.141685 -0.0533894 0.187397 -0.124619 -0.0677544 0.205555 -0.141526 -0.053593 0.187162 -0.1246 -0.0674978 0.205791 -0.124595 -0.067241 0.206028 -0.13051 -0.0601962 0.210929 -0.130874 -0.0600923 0.211001 -0.142559 -0.0513291 0.189756 -0.142522 -0.0515566 0.189496 -0.142471 -0.0517823 0.189238 -0.142407 -0.0520057 0.188983 -0.14233 -0.0522264 0.18873 -0.142241 -0.0524439 0.188481 -0.142125 -0.0526851 0.188205 -0.137318 -0.0554083 0.183463 -0.137631 -0.0553148 0.183581 -0.137001 -0.0554931 0.183354 -0.136646 -0.0555762 0.183245 -0.136284 -0.0556492 0.183147 -0.135915 -0.0557117 0.183059 -0.135541 -0.0557635 0.182983 -0.135162 -0.0558044 0.182919 -0.13478 -0.0558342 0.182866 -0.134434 -0.0558515 0.182828 -0.134087 -0.0558596 0.1828 -0.137938 -0.0552129 0.183708 -0.133739 -0.0558586 0.182782 -0.133392 -0.0558484 0.182773 -0.12486 -0.0656727 0.20747 -0.124961 -0.0653996 0.207721 -0.126231 -0.0634441 0.209495 -0.126435 -0.063235 0.209682 -0.126672 -0.0630118 0.20988 -0.126922 -0.0627947 0.210072 -0.134525 -0.0596554 0.211102 -0.134142 -0.0596523 0.211142 -0.134907 -0.0596698 0.211049 -0.131619 -0.0599163 0.211111 -0.131244 -0.0599989 0.211062 -0.131998 -0.0598446 0.211149 -0.132341 -0.0597897 0.211173 -0.132686 -0.0597439 0.211188 -0.133032 -0.0597073 0.211192 -0.133378 -0.0596799 0.211187 -0.133759 -0.0596605 0.211171 -0.125078 -0.0651286 0.207969 -0.125211 -0.0648604 0.208214 -0.125359 -0.0645958 0.208455 -0.125523 -0.0643354 0.208691 -0.125683 -0.0641053 0.2089 -0.125855 -0.0638797 0.209104 -0.141355 -0.0537922 0.186932 -0.126037 -0.0636592 0.209302 -0.141173 -0.0539865 0.186708 -0.140981 -0.0541755 0.186489 -0.135287 -0.0596953 0.210984 -0.138926 -0.0555408 0.184882 -0.138609 -0.055683 0.18471 -0.138316 -0.055803 0.184564 -0.138016 -0.0559151 0.184426 -0.140778 -0.0543586 0.186276 -0.140565 -0.0545357 0.18607 -0.140342 -0.0547062 0.18587 -0.140084 -0.054888 0.185657 -0.139812 -0.0550628 0.185451 -0.139529 -0.0552303 0.185253 -0.139233 -0.0553898 0.185063 -0.132631 -0.0557932 0.182789 -0.133012 -0.0558265 0.182775 -0.132251 -0.0557486 0.182815 -0.131872 -0.0556927 0.182853 -0.131496 -0.0556255 0.182902 -0.131122 -0.0555473 0.182964 -0.13079 -0.0554676 0.183029 -0.130463 -0.0553792 0.183103 -0.13014 -0.0552824 0.183186 -0.129823 -0.0551772 0.183278 -0.129513 -0.055064 0.183378 -0.127186 -0.0625843 0.210256 -0.127463 -0.0623811 0.210432 -0.129174 -0.0549286 0.1835 -0.129892 -0.061126 0.21147 -0.130243 -0.0610044 0.211561 -0.128844 -0.054783 0.183632 -0.130602 -0.0608929 0.211641 -0.136296 -0.0598197 0.210752 -0.135963 -0.0597694 0.210839 -0.136624 -0.0598787 0.210656 -0.136947 -0.0599462 0.210551 -0.137264 -0.060022 0.210438 -0.137612 -0.0601165 0.210301 -0.137953 -0.0602213 0.210153 -0.138286 -0.0603362 0.209994 -0.138612 -0.0604609 0.209825 -0.138897 -0.0605811 0.209665 -0.139173 -0.0607087 0.209496 -0.127751 -0.0621857 0.210601 -0.12805 -0.0619985 0.210761 -0.12836 -0.06182 0.210911 -0.128647 -0.0616673 0.211038 -0.128942 -0.0615224 0.211157 -0.129242 -0.0613856 0.211267 -0.129548 -0.0612572 0.211369 -0.135627 -0.0597279 0.210916 -0.139441 -0.0608432 0.209321 -0.1397 -0.0609844 0.209138 -0.13771 -0.0560191 0.184297 -0.137399 -0.0561147 0.184177 -0.137082 -0.0562017 0.184066 -0.134485 -0.0565788 0.183518 -0.134137 -0.0565883 0.183489 -0.13379 -0.0565886 0.183469 -0.133443 -0.0565797 0.183459 -0.136729 -0.0562872 0.183954 -0.136368 -0.0563626 0.183854 -0.136001 -0.0564275 0.183764 -0.135628 -0.0564818 0.183685 -0.13525 -0.0565252 0.183618 -0.134869 -0.0565576 0.183562 -0.127933 -0.0543063 0.184074 -0.128207 -0.0544625 0.183928 -0.127667 -0.054143 0.184227 -0.127411 -0.053973 0.184387 -0.127164 -0.0537967 0.184554 -0.126927 -0.0536144 0.184728 -0.126702 -0.0534266 0.184907 -0.126463 -0.0532118 0.185113 -0.126235 -0.0529874 0.185328 -0.12602 -0.052756 0.185551 -0.125818 -0.0525184 0.185781 -0.130968 -0.0607916 0.21171 -0.131339 -0.060701 0.211768 -0.131715 -0.0606211 0.211815 -0.134585 -0.0603812 0.211787 -0.134967 -0.0603973 0.211732 -0.135347 -0.0604246 0.211666 -0.128521 -0.0546275 0.183775 -0.140188 -0.0612855 0.208754 -0.139949 -0.061132 0.208949 -0.125649 -0.0522996 0.185993 -0.14044 -0.0614628 0.20853 -0.125492 -0.0520767 0.186209 -0.140684 -0.0616496 0.208296 -0.140915 -0.0618439 0.208053 -0.141133 -0.0620451 0.207804 -0.141317 -0.0622316 0.207573 -0.14149 -0.0624227 0.207338 -0.141652 -0.0626181 0.207098 -0.1418 -0.0628172 0.206855 -0.141937 -0.0630195 0.206608 -0.132057 -0.0605587 0.211847 -0.1324 -0.0605053 0.211869 -0.132746 -0.0604611 0.211882 -0.133092 -0.0604261 0.211885 -0.133438 -0.0604004 0.211878 -0.13382 -0.0603827 0.21186 -0.134202 -0.0603763 0.211829 -0.129218 -0.0556765 0.184168 -0.128886 -0.0555323 0.184299 -0.14206 -0.0632247 0.206358 -0.142171 -0.0634321 0.206106 -0.133062 -0.0565593 0.18346 -0.132682 -0.0565276 0.183472 -0.132301 -0.0564844 0.183496 -0.129869 -0.0559226 0.183948 -0.129557 -0.0558106 0.184048 -0.131922 -0.05643 0.183532 -0.131545 -0.0563644 0.18358 -0.131171 -0.0562877 0.18364 -0.130838 -0.0562093 0.183703 -0.13051 -0.0561222 0.183776 -0.130186 -0.0560265 0.183858 -0.125095 -0.0513881 0.186879 -0.125214 -0.0516204 0.186653 -0.124988 -0.0511536 0.187108 -0.124894 -0.0509173 0.187338 -0.124806 -0.0506534 0.187596 -0.124733 -0.050383 0.187861 -0.124675 -0.05011 0.188128 -0.124633 -0.049835 0.188397 -0.124608 -0.0495588 0.188667 -0.1246 -0.0493098 0.188911 -0.135686 -0.0604587 0.211596 -0.136022 -0.0605017 0.211517 -0.136354 -0.0605535 0.211428 -0.138947 -0.0613269 0.210329 -0.139222 -0.0614557 0.210159 -0.139489 -0.0615915 0.209982 -0.139746 -0.0617339 0.209799 -0.142362 -0.0638786 0.205565 -0.142268 -0.0636415 0.205852 -0.14244 -0.0641192 0.205275 -0.142502 -0.0643625 0.204981 -0.142548 -0.0646081 0.204684 -0.142578 -0.064855 0.204387 -0.14259 -0.0650778 0.204118 -0.14259 -0.0653006 0.203849 -0.142576 -0.0655229 0.203582 -0.125347 -0.0518501 0.186429 -0.142549 -0.0657441 0.203315 -0.142508 -0.0659637 0.20305 -0.124605 -0.049061 0.189155 -0.124623 -0.0488129 0.189398 -0.136682 -0.060614 0.211331 -0.137004 -0.060683 0.211225 -0.137355 -0.0607694 0.211096 -0.137701 -0.0608665 0.210957 -0.13804 -0.060974 0.210806 -0.138372 -0.0610914 0.210644 -0.138663 -0.0612054 0.210491 -0.142454 -0.0661813 0.202788 -0.142388 -0.0663963 0.202528 -0.128562 -0.0553781 0.18444 -0.128246 -0.0552143 0.184592 -0.127971 -0.0550591 0.184737 -0.126045 -0.0535159 0.186207 -0.125841 -0.053279 0.186436 -0.12567 -0.0530608 0.186647 -0.125511 -0.0528384 0.186863 -0.127704 -0.0548968 0.184889 -0.127446 -0.0547278 0.185048 -0.127198 -0.0545524 0.185214 -0.12696 -0.054371 0.185387 -0.126732 -0.054184 0.185565 -0.126492 -0.05397 0.18577 -0.126262 -0.0537465 0.185985 -0.124756 -0.0480787 0.190116 -0.124699 -0.0483213 0.189879 -0.124835 -0.0478125 0.190377 -0.124931 -0.0475477 0.190636 -0.125042 -0.0472847 0.190893 -0.12517 -0.0470244 0.191146 -0.125314 -0.0467674 0.191397 -0.125472 -0.0465143 0.191643 -0.125628 -0.0462905 0.19186 -0.125795 -0.046071 0.192073 -0.125974 -0.0458563 0.192281 -0.139994 -0.0618825 0.209608 -0.140231 -0.0620371 0.209412 -0.141828 -0.0635764 0.207505 -0.141962 -0.0637793 0.207257 -0.142084 -0.063985 0.207007 -0.126164 -0.045647 0.192484 -0.142072 -0.0671008 0.201674 -0.142193 -0.0668682 0.201956 -0.141934 -0.0673304 0.201395 -0.141781 -0.0675562 0.20112 -0.141613 -0.0677776 0.200849 -0.141449 -0.0679725 0.20061 -0.141274 -0.0681628 0.200376 -0.141087 -0.068348 0.200148 -0.14089 -0.0685277 0.199925 -0.140683 -0.0687014 0.199709 -0.124654 -0.0485662 0.189639 -0.140481 -0.0622155 0.209187 -0.140723 -0.0624035 0.208952 -0.140952 -0.062599 0.208708 -0.141168 -0.0628012 0.208457 -0.141351 -0.0629886 0.208226 -0.141522 -0.0631805 0.20799 -0.141681 -0.0633766 0.207749 -0.142299 -0.0666331 0.202241 -0.140443 -0.0688853 0.199478 -0.125364 -0.0526123 0.187082 -0.125229 -0.052383 0.187305 -0.124598 -0.049825 0.189806 -0.124614 -0.0495768 0.190049 -0.126842 -0.0450165 0.19309 -0.127101 -0.0448125 0.193284 -0.127374 -0.0446156 0.193472 -0.127658 -0.0444263 0.193651 -0.127954 -0.0442451 0.193821 -0.12826 -0.0440724 0.193983 -0.128544 -0.0439248 0.19412 -0.128836 -0.0437849 0.194249 -0.129134 -0.0436529 0.19437 -0.125861 -0.0415363 0.186836 -0.125969 -0.041337 0.186584 -0.125907 -0.0414989 0.186774 -0.12594 -0.0414543 0.186712 -0.125961 -0.0414042 0.186652 -0.125967 -0.0413716 0.186618 -0.125582 -0.0415868 0.187049 -0.125656 -0.0415924 0.18701 -0.12573 -0.0415862 0.186961 -0.1258 -0.0415673 0.186902 -0.13522 -0.0693898 0.219495 -0.135243 -0.0690748 0.219356 -0.135223 -0.0692945 0.219422 -0.13523 -0.0691896 0.219376 -0.13526 -0.0689547 0.219363 -0.135297 -0.0687632 0.219442 -0.135279 -0.0688453 0.219395 -0.135412 -0.0687146 0.220207 -0.135332 -0.068636 0.219573 -0.135361 -0.0685711 0.219717 -0.135348 -0.0685963 0.219644 -0.135405 -0.0686018 0.220053 -0.135398 -0.0685747 0.219979 -0.13541 -0.0686458 0.220129 -0.135411 -0.0686777 0.220169 -0.135375 -0.0685575 0.219804 -0.135324 -0.068661 0.219539 -0.135388 -0.0685595 0.219897 -0.138337 -0.0801315 0.208161 -0.137527 -0.0809169 0.207332 -0.137878 -0.0808043 0.207451 -0.138222 -0.0806816 0.20758 -0.138559 -0.0805486 0.207721 -0.138889 -0.0804052 0.207872 -0.139181 -0.0802669 0.208018 -0.139463 -0.080122 0.208171 -0.136545 -0.0807826 0.207474 -0.135556 -0.0813359 0.20689 -0.135893 -0.0812885 0.20694 -0.136225 -0.0812322 0.206999 -0.136521 -0.0811741 0.207061 -0.136883 -0.0810922 0.207147 -0.137243 -0.080999 0.207245 -0.139865 -0.0792222 0.20912 -0.139704 -0.0799889 0.208311 -0.139967 -0.079832 0.208477 -0.140221 -0.0796691 0.208649 -0.140437 -0.0795201 0.208806 -0.140674 -0.0793438 0.208992 -0.140926 -0.0791407 0.209206 -0.141166 -0.0789298 0.209429 -0.134587 -0.0811398 0.207097 -0.134265 -0.081433 0.206788 -0.134573 -0.0814219 0.206799 -0.134878 -0.0814035 0.206819 -0.135255 -0.0813705 0.206853 -0.133892 -0.0814362 0.206784 -0.141048 -0.078093 0.210312 -0.141395 -0.0787108 0.20966 -0.14159 -0.0785068 0.209875 -0.141793 -0.0782756 0.210119 -0.141942 -0.0780907 0.210314 -0.142082 -0.0779032 0.210512 -0.142232 -0.0776829 0.210744 -0.133232 -0.0812145 0.207018 -0.132885 -0.0813867 0.206836 -0.133228 -0.0814137 0.206808 -0.133584 -0.0814304 0.20679 -0.132572 -0.0813522 0.206873 -0.141825 -0.0768046 0.211671 -0.142352 -0.0774896 0.210948 -0.142479 -0.077263 0.211187 -0.142593 -0.0770345 0.211428 -0.142681 -0.076832 0.211642 -0.14278 -0.076573 0.211915 -0.142863 -0.0763095 0.212194 -0.132029 -0.0811923 0.207042 -0.13203 -0.081261 0.206969 -0.132161 -0.0812882 0.20694 -0.132294 -0.0813117 0.206916 -0.131926 -0.0812334 0.206998 -0.131918 -0.0811946 0.207039 -0.131882 -0.0812157 0.207017 -0.131894 -0.0811976 0.207036 -0.131876 -0.0812053 0.207028 -0.131876 -0.0812063 0.207027 -0.131875 -0.0812073 0.207026 -0.131876 -0.0812043 0.207029 -0.131877 -0.0812035 0.20703 -0.131876 -0.0812096 0.207023 -0.13188 -0.0812019 0.207031 -0.131877 -0.0812116 0.207021 -0.131882 -0.0812007 0.207033 -0.131879 -0.0812135 0.207019 -0.142144 -0.0754305 0.213121 -0.142917 -0.0761014 0.212413 -0.142972 -0.0758334 0.212696 -0.14301 -0.0755644 0.21298 -0.143032 -0.0752942 0.213265 -0.143037 -0.0751586 0.213408 -0.143038 -0.0750227 0.213551 -0.143028 -0.0747767 0.213811 -0.141991 -0.0740448 0.214583 -0.143006 -0.0745335 0.214067 -0.14297 -0.0742908 0.214323 -0.142921 -0.0740496 0.214578 -0.142859 -0.073811 0.21483 -0.142775 -0.0735497 0.215105 -0.142727 -0.0734189 0.215243 -0.142675 -0.0732889 0.215381 -0.142585 -0.0730861 0.215595 -0.141367 -0.0727182 0.215983 -0.142457 -0.0728328 0.215862 -0.142387 -0.0727077 0.215994 -0.142313 -0.0725838 0.216124 -0.142191 -0.0723914 0.216327 -0.142036 -0.0721709 0.21656 -0.14187 -0.0719545 0.216789 -0.141692 -0.0717422 0.217012 -0.140309 -0.0715302 0.217236 -0.141587 -0.0716259 0.217135 -0.14148 -0.0715109 0.217257 -0.141368 -0.0713971 0.217377 -0.141253 -0.071285 0.217495 -0.141038 -0.0710879 0.217703 -0.140814 -0.0708975 0.217904 -0.14058 -0.0707136 0.218098 -0.140446 -0.0706142 0.218203 -0.140309 -0.0705167 0.218305 -0.138884 -0.0705454 0.218275 -0.140055 -0.0703461 0.218486 -0.139793 -0.0701836 0.218657 -0.139558 -0.0700477 0.2188 -0.139316 -0.0699167 0.218938 -0.139157 -0.0698358 0.219024 -0.138996 -0.0697572 0.219107 -0.138741 -0.0696391 0.219231 -0.138407 -0.0694972 0.219381 -0.137156 -0.0698184 0.219042 -0.138065 -0.0693646 0.219521 -0.137889 -0.0693017 0.219588 -0.137712 -0.0692412 0.219651 -0.13735 -0.069127 0.219772 -0.137014 -0.069032 0.219872 -0.136685 -0.0689488 0.21996 -0.13636 -0.0688767 0.220036 -0.136062 -0.0688194 0.220096 -0.135737 -0.068765 0.220154 -0.140696 -0.0477175 0.179852 -0.140693 -0.0477173 0.179852 -0.140688 -0.0477179 0.179851 -0.140676 -0.0477212 0.179848 -0.140637 -0.0477387 0.179829 -0.125111 -0.0443351 0.183421 -0.125144 -0.0445946 0.183147 -0.125189 -0.0448285 0.1829 -0.125246 -0.0450591 0.182657 -0.125316 -0.0452866 0.182417 -0.140532 -0.0478008 0.179764 -0.140382 -0.0478988 0.17966 -0.1292 -0.0489824 0.178517 -0.128071 -0.048415 0.179116 -0.128334 -0.0485646 0.178958 -0.140231 -0.0479973 0.179557 -0.128605 -0.0487071 0.178808 -0.128758 -0.0487828 0.178728 -0.128914 -0.0488563 0.17865 -0.140067 -0.048103 0.179445 -0.125399 -0.0455113 0.18218 -0.125506 -0.0457573 0.18192 -0.1399 -0.0482069 0.179336 -0.125629 -0.0460004 0.181664 -0.125767 -0.0462399 0.181411 -0.139743 -0.048301 0.179236 -0.127047 -0.0476942 0.179877 -0.127291 -0.0478894 0.17967 -0.127548 -0.0480773 0.179472 -0.127817 -0.0482581 0.179281 -0.125921 -0.0464755 0.181162 -0.126004 -0.0465918 0.18104 -0.12609 -0.0467069 0.180918 -0.126255 -0.0469108 0.180703 -0.139426 -0.0484814 0.179046 -0.139584 -0.048393 0.179139 -0.126431 -0.0471101 0.180493 -0.139264 -0.0485674 0.178955 -0.126618 -0.0473044 0.180288 -0.126816 -0.0474932 0.180089 -0.139103 -0.0486501 0.178868 -0.138939 -0.0487304 0.178783 -0.138775 -0.0488075 0.178702 -0.138609 -0.0488823 0.178623 -0.137584 -0.0492734 0.17821 -0.137758 -0.0492148 0.178272 -0.137931 -0.0491538 0.178336 -0.138103 -0.0490898 0.178404 -0.138273 -0.0490234 0.178474 -0.138442 -0.048954 0.178547 -0.137409 -0.049329 0.178152 -0.137232 -0.0493822 0.178095 -0.137055 -0.0494324 0.178042 -0.136225 -0.0496281 0.177836 -0.136552 -0.0495584 0.177909 -0.136876 -0.0494799 0.177992 -0.135893 -0.049689 0.177772 -0.135557 -0.0497412 0.177717 -0.134842 -0.0498217 0.177632 -0.135183 -0.0497884 0.177667 -0.134497 -0.049846 0.177606 -0.134305 -0.0498556 0.177596 -0.125776 -0.041639 0.186265 -0.125632 -0.0418869 0.186004 -0.133352 -0.0498609 0.17759 -0.133542 -0.0498655 0.177585 -0.133732 -0.0498673 0.177584 -0.134113 -0.0498623 0.177589 -0.132975 -0.0498434 0.177609 -0.125509 -0.0421248 0.185753 -0.125409 -0.0423458 0.18552 -0.12532 -0.0425773 0.185275 -0.131565 -0.0496746 0.177787 -0.131898 -0.0497295 0.177729 -0.13223 -0.0497749 0.177681 -0.132415 -0.0497962 0.177659 -0.132601 -0.0498147 0.177639 -0.132788 -0.0498305 0.177622 -0.125244 -0.0428197 0.185019 -0.125183 -0.0430677 0.184758 -0.125136 -0.0433218 0.18449 -0.125108 -0.0435564 0.184242 -0.130374 -0.049397 0.17808 -0.13055 -0.0494464 0.178028 -0.130873 -0.0495293 0.17794 -0.131053 -0.0495712 0.177896 -0.131235 -0.0496106 0.177854 -0.125098 -0.0436856 0.184106 -0.125093 -0.0438149 0.183969 -0.125094 -0.0440749 0.183695 -0.129362 -0.0490491 0.178447 -0.129525 -0.0491132 0.178379 -0.129859 -0.0492341 0.178252 -0.1302 -0.0493451 0.178135 -0.0197223 -0.0171312 0.196064 -0.0135626 -0.0112207 0.203302 -0.0652479 -0.0187705 -0.207725 -0.0632878 -0.0199984 -0.205598 0.0651422 -0.0175442 -0.208696 -0.0487894 0.00725403 0.238301 0.0761969 0.00105264 0.218676 0.15525 -0.0520839 0.108698 -0.15675 0.00957221 0.172526 -0.15675 0.0100972 0.175071 -0.0550735 -0.00345747 -0.231248 0.0749996 -0.0498841 -0.150835 0.0551719 -0.00345226 -0.231257 -0.0740277 -0.0046809 0.214629 -0.000268181 -0.0206649 0.186944 -0.075 -0.0105262 0.204506 0.0133379 -0.0106631 0.204268 0.0197419 -0.017116 0.196091 0.079571 0.0079795 0.236557 0.156707 -0.0508852 -0.110376 0.15525 0.019678 0.19528 0.15525 0.000500423 6.41228e-09 -0.153894 -0.0498018 -0.134658 -0.153892 0.0439481 -0.104157 -0.15525 -0.0883661 0.067219 -0.15525 0.0384952 0.104569 0.15375 -0.0474142 -0.1035 0.152675 0.0504777 0.113017 0.15375 -0.0474142 0.1035 0.154501 0.0476907 -0.102988 0.155059 0.0247107 0.104063 -0.15375 -0.0474142 0.1035 -0.15375 0.0484142 0.1045 -0.15375 0.0484142 0.1025 -0.15375 -0.0474142 -0.1025 -0.156692 0.0519894 -0.134159 -0.154588 0.0504289 0.127858 0.141866 0.0454602 -0.154646 0.0344983 0.00749903 0.238725 -0.0797072 0.00757792 0.235862 -0.0797497 0.00512152 0.234607 0.0797061 -0.0509972 0.137407 0.0204289 -0.0177178 0.195048 -0.0134931 -0.0189023 0.192997 -0.07975 -0.05106 0.13729 0.0135 -0.022 0.187631 0.00337069 0.00537687 0.235049 0.0135 -0.0125 0.204086 0.0797482 0.00511079 0.234588 0.07437 -0.00548393 0.216238 0.15375 -0.0495827 -0.134661 0.000827598 -0.0511311 0.112724 0.155307 0.0503896 0.20909 0.15675 0.00788325 0.175922 -0.156746 0.0519969 0.21798 0.0892938 0.0472979 0.145635 -0.0552498 -0.00475 -0.232009 -0.07975 -0.029036 -0.189823 -0.00212295 -0.0081735 -0.22608 -0.147674 -0.0536764 -0.124978 0.0633723 -0.020797 -0.204215 0.0668242 -0.0198612 -0.204336 0.000626851 -0.00679109 -0.228474 0.0552469 -0.00475022 -0.232009 -0.0762476 0.0074434 0.227721 -0.0791739 0.0519832 0.123692 0.133239 0.0609248 0.176046 0.10553 0.0672813 0.194255 0.100001 0.0660691 0.176697 0.133823 0.0708286 0.194167 0.115705 0.0567992 0.110683 0.0961957 0.0529995 -0.174986 0.0994158 0.0567992 0.106782 0.112023 0.0529992 -0.0450578 0.103931 0.0608824 -0.175 0.0999161 0.0584462 -0.175 0.131504 0.059807 -0.175 0.134579 0.0531388 0.174766 0.13501 0.0688599 0.175 0.134996 0.0530004 -0.173829 0.0990944 0.063332 -0.175 0.107503 0.0608854 0.175 0.122343 0.0632308 -0.162 0.13486 0.0689325 -0.175 0.0950186 0.0685513 0.175 0.119006 0.0568069 0.11124 0.125623 0.0649846 0.175 0.119001 0.0689991 0.175 0.0950511 0.0531831 0.175001 0.115648 0.0529992 -0.111531 0.0976602 0.0687159 -0.108714 0.110992 0.0568093 -0.174562 -0.0120185 0.0424607 -0.115591 -0.00824498 0.0477026 -0.161201 0.0120095 0.0414501 -0.114448 0.00866445 0.0492993 -0.141895 -0.128055 0.0128779 0.132899 -0.128909 0.00275993 0.137179 -0.131096 0.0181001 0.134034 -0.136096 0.016417 0.120231 -0.130907 0.0121677 0.124214 -0.134436 0.0102972 0.129129 -0.135943 0.00816248 0.125664 -0.134337 0.00853644 0.142516 -0.137071 0.00952011 0.127311 -0.133937 -9.40566e-05 0.13418 -0.131096 0.0186442 0.116932 -0.131096 0.02252 0.12728 -0.133848 0.0144159 0.133474 -0.130944 0.0117248 0.129363 -0.133416 0.00622651 0.1407 -0.133042 0.0212131 0.121396 -0.137851 0.01674 0.130407 -0.131096 0.0255502 0.126973 -0.136095 0.0252371 0.121938 0.133173 0.0661538 -0.197016 0.102076 0.0705138 -0.192736 0.0981989 0.0653441 -0.183147 0.128854 0.0584652 -0.183036</float_array>
                    <technique_common>
                        <accessor count="19872" source="#shape0-lib-positions-array" stride="3">
                            <param name="X" type="float"/>
                            <param name="Y" type="float"/>
                            <param name="Z" type="float"/>
                        </accessor>
                    </technique_common>
                </source>
                <vertices id="shape0-lib-vertices">
                    <input semantic="POSITION" source="#shape0-lib-positions"/>
                </vertices>
                <triangles count="21416">
                    <input offset="0" semantic="VERTEX" source="#shape0-lib-vertices"/>
                    <p>2 3 4 7 5 2 1 5 7 3 2 5 3 5 0 1 6 5 0 6 1 4 1 7 2 4 6 6 7 2 3 1 4 3 0 1 0 7 6 4 5 6 0 4 7 5 4 0 9 10 8 10 11 8 9 11 10 9 8 11 14 12 13 15 14 13 15 12 14 13 12 15 16 17 18 19 17 16 18 19 16 17 19 18 20 34 54 22 24 23 52 29 32 29 54 33 34 44 25 28 41 26 30 29 21 30 33 32 32 29 35 35 33 30 29 33 35 34 52 42 41 54 36 37 54 27 41 28 54 37 27 41 27 54 28 53 37 26 55 21 52 52 25 31 21 39 34 21 34 40 21 40 54 38 41 34 46 31 41 52 44 42 44 54 25 54 53 25 43 23 24 43 44 53 44 41 42 41 24 42 43 24 44 39 45 34 45 21 55 38 26 37 38 28 26 28 45 55 38 45 28 52 38 55 31 45 52 31 34 45 31 38 34 31 25 41 48 46 47 47 41 36 49 50 46 46 50 53 50 51 53 51 43 53 54 24 22 54 22 36 54 44 52 30 32 54 32 21 54 35 21 32 30 21 35 29 30 54 21 29 52 56 21 45 21 56 39 46 53 38 38 31 46 38 53 55 55 53 28 41 27 26 26 27 53 53 27 28 49 46 48 53 54 37 38 37 41 52 34 25 52 45 38 41 44 46 47 44 24 46 44 47 41 47 24 41 25 53 34 41 53 44 34 53 54 52 33 52 32 33 42 54 34 24 54 42 54 40 56 56 40 20 40 34 20 45 54 56 39 20 45 56 20 39 45 20 54 64 57 60 60 57 67 67 57 58 57 59 58 66 60 61 63 64 62 63 62 60 64 63 61 64 61 57 57 61 65 65 59 57 61 63 59 59 63 66 63 60 66 64 59 66 62 64 66 58 64 60 59 64 58 62 59 60 60 59 65 65 61 67 67 61 60 60 65 58 58 65 67 61 59 62 66 61 62 84 68 80 116 69 128 128 69 118 93 71 70 70 99 72 71 99 70 126 123 75 123 125 75 122 120 75 107 76 90 108 77 103 95 79 78 78 79 90 90 79 87 81 68 73 81 78 90 84 89 90 95 84 90 84 82 89 128 83 84 85 89 82 73 84 81 90 98 81 128 89 85 81 87 78 84 83 82 82 83 88 97 128 84 87 95 90 85 88 83 97 90 89 80 68 79 91 92 68 92 93 68 68 93 94 95 80 79 97 96 111 93 111 79 93 79 94 96 97 86 86 97 91 91 68 86 86 68 84 97 84 91 84 92 91 84 73 92 73 98 92 92 98 93 87 81 95 81 80 95 111 86 84 95 111 84 111 90 82 85 97 88 82 97 85 97 111 88 88 111 82 90 97 82 86 111 83 83 111 85 85 96 128 111 96 85 128 86 83 96 86 128 98 94 81 94 79 81 79 68 81 98 73 94 73 68 94 79 111 87 87 111 78 111 95 78 81 84 80 72 102 71 71 102 99 93 99 102 111 93 102 98 72 71 98 71 93 72 98 70 72 90 102 98 90 70 100 105 102 108 100 102 100 101 105 77 102 103 103 105 104 102 105 103 104 105 108 105 77 108 106 90 76 106 104 90 106 108 109 110 108 106 107 104 101 101 76 107 104 106 101 106 105 101 106 77 105 106 109 77 77 109 102 106 102 110 110 102 109 111 102 76 76 102 106 108 102 90 100 111 76 104 107 100 90 100 107 90 111 100 100 103 104 110 104 108 90 110 109 90 109 108 90 104 110 108 103 100 112 128 97 116 128 112 118 116 112 118 112 113 114 113 115 113 97 89 97 115 112 113 112 115 69 97 114 114 97 113 97 69 115 89 128 118 89 117 113 113 117 119 119 118 113 119 117 123 89 118 117 75 127 121 120 127 75 121 120 122 123 124 127 75 125 122 125 126 122 122 118 127 127 118 74 118 124 74 124 122 74 126 119 123 119 74 122 126 74 119 125 74 126 122 127 119 125 120 74 74 120 121 121 127 74 123 127 125 125 127 120 124 123 117 126 124 117 75 124 126 118 126 117 118 122 126 121 122 124 124 75 121 119 124 118 119 127 124 72 99 90 99 93 90 90 93 70 69 114 118 115 69 116 118 115 116 114 115 118 100 76 101 132 129 130 130 129 131 131 132 130 131 129 132 143 133 138 138 133 141 133 136 141 134 135 138 138 135 143 135 151 143 136 139 138 137 139 136 142 147 141 140 147 142 143 142 141 144 142 143 138 146 145 139 146 138 145 137 136 146 137 145 148 140 142 141 140 148 136 138 148 148 138 141 149 145 136 149 143 134 134 138 149 138 145 149 136 146 149 146 136 150 148 151 133 135 150 133 134 150 135 133 150 136 151 147 134 134 147 150 148 147 151 151 135 133 142 144 148 149 146 139 147 140 143 144 140 141 144 143 140 147 144 141 150 147 143 144 147 148 149 150 143 137 150 149 146 150 137 139 137 149 151 134 143 141 136 143 136 148 143 148 133 143 154 169 164 155 171 164 164 171 166 167 165 172 172 165 156 165 155 156 165 154 152 160 153 157 157 170 159 153 170 157 155 165 171 168 160 157 158 168 157 158 157 159 169 158 159 168 156 160 161 156 168 162 164 166 161 162 166 169 159 163 162 163 164 170 160 159 164 165 152 166 155 161 161 155 164 155 167 156 154 163 159 154 164 163 160 167 172 152 154 159 160 156 167 159 172 152 172 159 160 152 161 164 172 156 152 156 161 152 169 154 170 154 165 170 167 168 165 169 171 165 170 153 158 153 168 158 171 168 166 168 155 166 153 165 168 169 170 158 161 168 171 162 171 169 162 161 171 163 162 169 155 168 167 164 169 165 170 165 160 165 153 160 193 173 180 177 174 178 173 175 180 180 186 179 194 180 179 200 173 194 200 175 173 200 194 179 181 179 208 200 179 182 182 181 208 200 182 183 186 176 179 200 183 208 180 187 186 198 184 197 198 195 187 175 195 198 174 185 208 184 193 186 195 184 187 208 189 174 174 189 191 185 190 208 190 205 208 191 190 185 184 173 193 195 173 184 189 186 191 191 186 190 186 193 190 193 181 190 194 195 193 173 195 194 190 181 192 192 181 205 195 196 181 181 196 205 196 188 205 188 195 205 175 198 197 177 189 208 204 201 205 199 204 202 199 201 204 212 199 202 206 205 203 199 212 203 199 203 213 205 212 202 201 212 205 200 208 201 216 200 201 199 216 201 201 208 206 212 201 206 212 206 210 200 202 204 202 213 203 200 213 202 203 205 202 205 200 204 205 206 209 209 206 208 203 212 211 203 211 206 210 207 209 205 209 207 205 207 208 209 208 210 211 210 208 206 211 207 211 208 207 207 210 206 211 212 210 213 200 215 215 200 199 216 219 214 216 217 215 217 218 215 217 219 218 214 219 217 200 216 214 200 214 217 217 199 200 217 216 199 215 219 216 219 215 199 219 199 213 218 219 213 215 218 213 182 196 183 182 208 196 188 196 208 208 183 188 195 188 183 195 183 196 181 182 195 182 193 195 182 179 193 195 200 205 175 200 195 189 176 186 186 197 184 208 176 177 189 177 178 189 178 176 187 175 197 186 187 197 179 181 193 176 190 179 205 190 176 190 192 179 179 192 208 208 192 176 192 205 176 185 174 177 178 191 176 191 185 176 176 185 177 191 178 174 194 193 180 187 184 175 175 184 180 184 198 180 187 180 198 221 220 222 220 223 222 220 221 223 221 222 223 224 231 229 232 224 229 226 232 229 231 232 225 232 226 225 225 227 228 226 227 225 227 232 228 229 225 230 231 225 229 228 224 230 225 228 230 231 224 228 228 232 231 226 229 230 227 226 230 232 230 224 232 227 230 251 233 234 233 242 234 242 252 234 253 235 236 240 241 239 237 241 240 252 245 240 245 237 240 251 252 240 239 238 240 238 251 240 241 251 238 239 242 247 238 247 245 243 247 238 247 249 245 243 244 247 246 242 245 242 244 245 244 243 245 249 253 236 249 248 253 247 248 249 242 249 244 236 251 234 248 251 236 250 249 234 249 251 244 250 251 249 243 251 245 249 236 234 233 235 242 252 247 233 233 247 253 247 235 253 239 252 242 235 233 236 236 233 248 233 253 248 234 252 250 250 233 251 252 233 250 237 245 251 241 237 251 242 235 249 247 251 248 247 252 251 246 247 242 247 246 235 246 249 235 249 246 245 251 239 244 239 247 244 238 239 243 239 251 243 245 241 238 241 245 239 239 245 252 257 255 254 254 256 257 255 256 254 256 255 257 261 260 259 259 260 258 261 259 258 261 258 260 265 262 263 263 264 265 265 264 262 263 262 264 276 275 266 274 268 275 274 267 268 267 276 268 272 267 278 278 267 282 282 267 274 283 269 270 279 269 283 269 271 270 273 272 274 273 274 275 276 273 275 272 282 274 267 272 273 276 267 273 276 266 272 269 279 281 272 266 271 271 277 279 278 277 271 278 268 277 279 277 281 271 266 280 277 280 266 280 278 271 280 276 278 276 272 278 277 268 280 268 276 280 268 282 275 275 282 270 283 270 281 268 278 282 270 282 281 282 272 271 271 279 270 270 279 275 275 279 283 277 266 275 281 282 271 281 271 269 275 283 281 277 275 281 310 284 315 315 284 306 310 308 289 303 308 284 284 310 303 308 287 284 308 310 287 311 310 288 308 286 309 286 287 311 292 314 291 295 314 292 290 295 289 295 292 305 295 305 289 293 291 314 294 290 289 314 302 290 286 295 302 294 295 286 295 290 302 302 297 306 298 297 302 298 302 296 298 296 299 299 296 300 300 302 299 306 300 298 287 300 306 303 311 287 300 308 301 306 304 303 301 308 307 301 307 303 307 312 303 307 313 312 302 309 286 309 285 308 309 294 285 293 302 294 293 294 305 293 305 292 296 302 293 296 293 314 289 308 311 289 311 288 305 296 289 289 296 310 304 308 312 312 308 303 304 313 303 312 313 304 306 297 296 304 306 307 294 309 296 305 294 296 309 302 301 309 301 296 301 306 296 296 297 300 300 297 298 302 306 299 298 299 306 302 300 301 285 311 308 311 285 286 286 300 287 300 286 308 314 295 294 314 294 302 285 294 289 288 285 289 290 286 285 290 285 288 286 290 294 313 301 303 307 306 313 306 301 313 303 310 311 290 310 296 290 296 314 290 288 310 308 304 307 306 284 287 287 310 315 303 315 306 303 287 315 317 316 318 318 319 317 316 317 319 318 316 319 320 321 324 321 327 329 335 324 321 321 326 327 332 329 322 322 329 323 329 336 323 327 331 328 327 324 331 324 326 331 325 330 327 330 324 327 326 325 327 324 335 325 329 330 331 331 335 321 321 329 331 326 324 325 326 321 320 336 335 323 323 335 332 335 329 332 328 333 329 327 328 329 333 334 336 329 333 336 334 335 336 325 335 334 331 320 335 326 320 331 335 330 329 335 320 330 320 324 330 323 333 322 332 322 328 325 323 332 330 328 331 325 328 330 325 332 328 325 334 323 334 333 323 322 333 328 342 337 338 338 340 344 339 338 344 341 339 344 339 341 340 340 341 343 341 342 343 343 337 344 340 338 345 338 337 343 340 343 344 345 338 343 343 342 345 342 339 345 345 339 340 338 339 342 341 344 337 342 341 337 354 363 346 363 362 346 347 365 361 349 348 362 348 358 362 350 348 367 367 348 349 352 349 362 349 352 350 349 351 367 351 366 367 356 360 367 355 354 362 354 355 366 357 366 351 357 351 356 358 356 366 366 353 354 353 347 354 359 347 353 353 361 359 346 360 352 352 360 358 357 358 360 356 358 357 352 354 346 353 360 361 361 360 347 347 360 354 367 365 362 364 355 362 363 365 347 347 364 362 362 363 347 367 364 365 361 364 359 365 364 361 364 347 359 362 365 346 346 365 360 360 363 354 365 363 360 352 358 348 352 348 350 349 360 351 366 355 367 356 353 366 360 364 367 360 353 364 354 352 362 356 367 353 367 355 353 364 353 355 356 351 360 358 366 349 366 357 360 366 360 349 358 349 350 350 367 358 367 362 358 368 369 370 369 371 370 369 372 371 373 3931 374 374 3931 375 375 3931 376 372 377 371 376 3931 378 378 3931 379 379 3931 380 380 3931 381 381 3931 382 372 383 377 383 385 377 384 3931 386 386 3931 387 388 385 383 388 389 385 390 3931 391 392 389 388 391 3931 393 393 3931 394 392 395 389 396 395 392 397 3931 398 399 3931 400 401 3931 399 396 402 395 403 3931 404 405 3931 403 406 402 396 407 3931 405 408 3931 407 409 3931 408 410 3931 409 411 3931 410 412 3931 411 413 3931 412 406 414 402 415 3931 413 406 416 414 417 416 406 417 418 416 419 418 417 420 421 419 419 421 418 387 3931 422 422 3931 423 423 3931 424 425 426 420 424 3931 427 427 3931 428 420 426 421 428 3931 429 429 3931 430 430 3931 390 431 432 425 425 432 426 434 435 431 404 3931 433 431 435 432 436 3931 415 437 3931 436 438 439 434 434 439 435 440 441 438 438 441 439 442 443 440 440 443 441 442 444 443 445 3931 446 446 3931 447 447 3931 448 449 3931 450 451 452 442 450 3931 453 453 3931 454 442 452 444 455 3931 456 457 3931 455 458 3931 457 459 3931 458 460 3931 459 461 462 451 463 3931 460 464 3931 463 465 3931 464 466 3931 465 451 462 452 467 3931 466 468 469 461 461 469 462 470 471 468 468 471 469 472 473 470 470 473 471 472 474 473 475 474 472 448 3931 476 476 3931 477 477 3931 478 478 3931 479 479 3931 480 480 3931 481 481 3931 449 456 3931 401 482 483 475 394 3931 484 485 3931 467 484 3931 486 475 483 474 487 3931 488 482 489 483 488 3931 490 491 489 482 490 3931 492 491 493 489 494 3931 495 496 3931 494 497 3931 496 498 3931 497 499 3931 498 500 3931 499 501 3931 500 502 3931 501 503 3931 502 504 3931 503 486 3931 505 505 3931 506 506 3931 507 507 3931 508 508 3931 509 509 3931 510 510 3931 511 511 3931 487 495 3931 437 512 513 514 515 3931 504 516 3931 515 512 517 513 512 518 517 519 518 512 454 3931 520 519 521 518 520 3931 522 523 521 519 524 3931 525 525 3931 526 526 3931 527 523 528 521 529 528 523 530 3931 531 532 3931 530 533 3931 532 534 3931 533 535 3931 534 536 3931 535 537 3931 536 538 3931 537 539 3931 538 540 3931 539 529 541 528 542 541 529 542 543 541 542 544 543 545 544 542 522 3931 546 546 3931 547 547 3931 548 548 3931 549 549 3931 550 550 3931 551 551 3931 552 552 3931 524 553 3931 485 554 3931 555 531 3931 553 555 3931 556 557 3931 540 492 3931 558 558 3931 559 560 3931 561 562 3931 560 563 3931 562 564 3931 563 565 3931 564 566 3931 565 567 3931 566 568 3931 567 569 3931 568 570 3931 569 571 3931 572 572 3931 573 573 3931 574 574 3931 554 559 3931 575 575 3931 576 576 3931 577 577 3931 571 561 3931 516 578 3931 570 579 3931 578 527 3931 580 580 3931 581 582 583 584 585 583 582 586 3931 587 587 3931 588 589 3931 590 591 3931 589 585 592 583 593 3931 591 594 592 585 595 3931 593 596 3931 595 597 3931 596 598 3931 597 599 3931 598 600 3931 599 601 3931 600 594 602 592 603 602 594 603 604 602 603 605 604 606 605 603 581 3931 607 607 3931 608 608 3931 609 609 3931 610 610 3931 611 611 3931 612 612 3931 613 613 3931 586 606 614 605 556 3931 615 615 3931 616 617 614 606 616 3931 618 619 3931 557 590 3931 619 620 3931 601 621 3931 620 622 3931 623 623 3931 624 624 3931 625 626 3931 627 628 3931 626 629 3931 628 630 3931 629 631 3931 630 632 3931 633 634 3931 632 635 3931 634 636 3931 635 627 3931 636 618 3931 637 637 3931 638 638 3931 639 639 3931 640 640 3931 641 641 3931 642 642 3931 643 643 3931 622 644 3931 631 645 3931 644 633 3931 579 588 3931 646 646 3931 647 647 3931 648 649 3931 650 650 3931 651 651 3931 652 653 3931 654 655 3931 653 656 3931 655 657 3931 656 658 3931 657 659 3931 658 660 3931 659 661 3931 660 662 3931 661 663 3931 662 648 3931 664 664 3931 665 665 3931 666 666 3931 667 667 3931 668 668 3931 669 669 3931 670 670 3931 649 625 3931 671 671 3931 672 673 3931 674 674 3931 675 675 3931 676 654 3931 621 677 3931 663 678 3931 677 672 3931 679 679 3931 680 681 682 683 680 3931 684 684 3931 685 685 3931 686 686 3931 687 687 3931 688 688 3931 673 689 3931 690 691 3931 689 692 3931 691 693 3931 692 694 3931 693 695 3931 694 696 3931 695 681 697 682 698 3931 696 699 3931 698 700 3931 699 701 3931 645 690 3931 701 702 3931 700 703 3931 702 652 3931 704 704 3931 705 706 3931 707 707 3931 708 708 3931 709 710 3931 711 712 3931 710 713 3931 712 714 3931 713 715 3931 714 716 3931 715 717 3931 716 718 3931 717 719 3931 718 720 3931 719 676 3931 721 721 3931 722 723 3931 724 724 3931 725 725 3931 726 705 3931 727 727 3931 728 728 3931 729 729 3931 730 730 3931 731 731 3931 732 732 3931 733 733 3931 706 722 3931 734 734 3931 735 735 3931 736 736 3931 737 737 3931 738 738 3931 739 739 3931 740 740 3931 723 711 3931 678 741 3931 720 742 3931 741 743 3931 744 745 3931 743 746 3931 745 747 3931 746 748 3931 747 749 3931 748 750 3931 749 751 3931 750 752 3931 751 753 3931 752 754 3931 703 744 3931 754 755 3931 753 756 3931 757 757 3931 758 758 3931 759 709 3931 760 760 3931 761 762 3931 763 764 3931 762 765 3931 764 766 3931 765 767 3931 766 768 3931 767 769 3931 768 770 3931 769 771 3931 770 772 3931 771 726 3931 773 773 3931 774 774 3931 775 776 3931 777 777 3931 778 778 3931 756 761 3931 779 779 3931 780 780 3931 781 781 3931 782 783 3931 784 782 3931 776 784 3931 785 785 3931 786 763 3931 742 787 3931 772 788 3931 787 775 3931 789 789 3931 790 790 3931 791 791 3931 792 792 3931 793 793 3931 794 794 3931 795 795 3931 783 796 3931 797 798 3931 796 799 3931 798 800 3931 799 801 3931 800 802 3931 801 803 3931 802 804 3931 803 805 3931 804 806 3931 805 807 3931 755 797 3931 807 808 3931 806 759 3931 809 809 3931 810 811 3931 812 812 3931 813 813 3931 814 810 3931 815 815 3931 816 816 3931 817 817 3931 818 818 3931 819 819 3931 820 820 3931 821 821 3931 811 822 3931 823 824 3931 822 825 3931 824 826 3931 825 827 3931 828 829 3931 827 830 3931 829 831 3931 830 832 3931 831 823 3931 832 786 3931 833 833 3931 834 835 3931 826 834 3931 836 837 3931 838 838 3931 839 839 3931 840 841 3931 842 843 3931 841 844 3931 843 845 3931 844 846 3931 845 847 3931 846 848 3931 847 849 3931 848 850 3931 849 851 3931 788 852 3931 850 828 3931 851 836 3931 853 853 3931 854 854 3931 855 855 3931 856 856 3931 857 857 3931 858 858 3931 859 859 3931 837 814 3931 860 861 3931 808 860 3931 862 842 3931 861 863 3931 852 864 3931 865 865 3931 866 866 3931 867 862 3931 868 868 3931 869 869 3931 870 870 3931 871 871 3931 872 872 3931 873 873 3931 874 874 3931 864 875 3931 876 877 3931 875 878 3931 877 879 3931 878 880 3931 879 881 3931 880 882 3931 881 883 3931 882 884 3931 883 885 3931 884 840 3931 886 886 3931 887 888 3931 835 876 3931 888 889 3931 885 890 3931 889 891 3931 892 892 3931 893 894 3931 895 896 3931 894 897 3931 896 898 3931 897 899 3931 898 900 3931 899 901 3931 900 902 3931 901 903 3931 902 904 3931 903 887 3931 905 905 3931 906 906 3931 907 907 3931 908 908 3931 909 909 3931 910 910 3931 911 911 3931 891 912 3931 863 895 3931 912 913 3931 904 914 3931 913 867 3931 915 915 3931 916 916 3931 917 918 3931 919 919 3931 920 920 3931 921 922 3931 923 924 3931 922 925 3931 924 926 3931 925 927 3931 926 928 3931 927 929 3931 928 930 3931 929 931 3931 930 932 3931 931 917 3931 933 933 3931 934 934 3931 935 935 3931 936 936 3931 937 937 3931 938 938 3931 939 939 3931 918 923 3931 890 940 3931 932 941 3931 940 893 3931 942 942 3931 943 943 3931 944 945 3931 946 946 3931 947 947 3931 948 949 3931 950 951 3931 949 952 3931 951 953 3931 952 954 3931 953 955 3931 954 956 3931 955 957 3931 956 958 3931 957 959 3931 958 944 3931 960 960 3931 961 961 3931 962 962 3931 963 963 3931 964 964 3931 965 965 3931 966 966 3931 945 950 3931 914 967 3931 959 968 3931 967 921 3931 969 969 3931 970 970 3931 971 972 3931 973 973 3931 974 974 3931 975 971 3931 976 976 3931 977 977 3931 978 978 3931 979 979 3931 980 980 3931 981 981 3931 972 982 3931 983 984 3931 982 985 3931 984 986 3931 985 987 3931 986 988 3931 987 989 3931 988 990 3931 989 991 3931 990 992 3931 993 994 3931 995 995 3931 996 997 3931 941 996 3931 998 983 3931 997 999 3931 991 1000 3931 999 948 3931 992 993 3931 1001 1001 3931 1002 1002 3931 1003 1003 3931 1004 1004 3931 1005 1005 3931 1006 1006 3931 1007 1007 3931 994 1008 3931 1009 1010 3931 1008 1011 3931 1010 1012 3931 1011 1013 3931 1012 1014 3931 1013 1015 3931 1014 1016 3931 1015 1017 3931 1016 1018 3931 1017 975 3931 1019 1019 3931 1020 1020 3931 1021 1022 3931 1023 1023 3931 1024 1024 3931 1025 1026 3931 968 1009 3931 1026 1027 3931 1018 1021 3931 1028 1028 3931 1029 1029 3931 1030 1030 3931 1031 1031 3931 1032 1032 3931 1033 1033 3931 1022 1034 3931 1035 1036 3931 1034 1037 3931 1036 1038 3931 1037 1039 3931 1038 1040 3931 1039 1041 3931 1040 1042 3931 1041 998 3931 1043 1044 3931 1042 1043 3931 1045 1046 3931 1044 1047 3931 1048 1048 3931 1049 1049 3931 1050 1045 3931 1051 1052 3931 1000 1051 3931 1053 1035 3931 1052 1053 3931 1054 1055 3931 1046 1054 3931 1056 1056 3931 1057 1057 3931 1058 1058 3931 1059 1059 3931 1047 1060 3931 1061 1062 3931 1060 1063 3931 1062 1064 3931 1063 1065 3931 1064 1066 3931 1065 1067 3931 1066 1068 3931 1067 1069 3931 1068 1070 3931 1069 1061 3931 1071 1072 3931 1070 1071 3931 1027 1025 3931 1073 1073 3931 1074 1074 3931 1075 1076 3931 1077 1077 3931 1078 1078 3931 1079 1080 3931 1081 1082 3931 1080 1083 3931 1082 1084 3931 1083 1085 3931 1084 1086 3931 1085 1087 3931 1086 1088 3931 1087 1089 3931 1088 1090 3931 1089 1075 3931 1091 1091 3931 1092 1092 3931 1093 1093 3931 1094 1094 3931 1095 1095 3931 1096 1096 3931 1097 1097 3931 1076 1050 3931 1098 1098 3931 1099 1099 3931 1100 1101 3931 1055 1081 3931 1101 1102 3931 1090 1103 3931 1102 1104 3931 1105 1105 3931 1106 1106 3931 1107 1108 3931 1109 1110 3931 1108 1111 3931 1110 1112 3931 1111 1113 3931 1112 1114 3931 1113 1115 3931 1114 1116 3931 1115 1117 3931 1116 1118 3931 1117 1100 3931 1119 1119 3931 1120 1120 3931 1121 1121 3931 1122 1122 3931 1123 1123 3931 1124 1124 3931 1125 1125 3931 1104 1126 3931 1072 1109 3931 1126 1127 3931 1118 1079 3931 1128 1128 3931 1129 1130 3931 1131 1131 3931 1132 1132 3931 1133 1134 3931 1135 1136 3931 1134 1137 3931 1136 1138 3931 1137 1139 3931 1138 1140 3931 1139 1141 3931 1140 1142 3931 1141 1143 3931 1142 1144 3931 1143 1129 3931 1145 1145 3931 1146 1146 3931 1147 1147 3931 1148 1148 3931 1149 1149 3931 1150 1150 3931 1151 1151 3931 1130 1107 3931 1152 1152 3931 1153 1154 3931 1155 1155 3931 1156 1156 3931 1157 1158 3931 1103 1135 3931 1158 1159 3931 1144 1160 3931 1159 1161 3931 1162 1163 3931 1161 1164 3931 1163 1165 3931 1164 1166 3931 1165 1167 3931 1166 1168 3931 1167 1169 3931 1168 1170 3931 1169 1171 3931 1170 1153 3931 1172 1172 3931 1173 1173 3931 1174 1174 3931 1175 1175 3931 1176 1176 3931 1177 1177 3931 1178 1178 3931 1154 1179 3931 1180 1181 3931 1182 1182 3931 1183 1183 3931 1184 1185 3931 1127 1162 3931 1185 1186 3931 1171 1133 3931 1187 1187 3931 1179 1180 3931 1188 1188 3931 1189 1189 3931 1190 1190 3931 1191 1191 3931 1192 1192 3931 1193 1193 3931 1181 1194 3931 1195 1196 3931 1194 1197 3931 1196 1198 3931 1197 1199 3931 1198 1200 3931 1199 1201 3931 1200 1202 3931 1201 1203 3931 1202 1204 3931 1203 1157 3931 1205 1205 3931 1206 1207 3931 1208 1208 3931 1209 1209 3931 1210 1211 3931 1212 1213 3931 1211 1214 3931 1213 1215 3931 1214 1216 3931 1215 1217 3931 1216 1218 3931 1217 1219 3931 1218 1220 3931 1219 1221 3931 1220 1195 3931 1160 1222 3931 1204 1223 3931 1222 1206 3931 1224 1224 3931 1225 1225 3931 1226 1226 3931 1227 1227 3931 1228 1228 3931 1229 1229 3931 1230 1230 3931 1207 1231 3931 1186 1212 3931 1231 1232 3931 1221 1233 3931 1232 1184 3931 1234 1234 3931 1235 1235 3931 1236 1237 3931 1238 1238 3931 1239 1239 3931 1240 1236 3931 1241 1241 3931 1242 1242 3931 1243 1243 3931 1244 1244 3931 1245 1245 3931 1246 1246 3931 1247 1247 3931 1237 1248 3931 1249 1250 3931 1248 1251 3931 1250 1252 3931 1251 1253 3931 1252 1254 3931 1253 1255 3931 1254 1256 3931 1255 1257 3931 1256 1210 3931 1258 1258 3931 1259 1260 3931 1261 1261 3931 1262 1262 3931 1263 1264 3931 1257 1265 3931 1264 1266 3931 1223 1259 3931 1267 1249 3931 1266 1267 3931 1268 1268 3931 1269 1269 3931 1270 1270 3931 1271 1271 3931 1272 1272 3931 1273 1273 3931 1260 1274 3931 1275 1276 3931 1274 1277 3931 1276 1278 3931 1277 1279 3931 1278 1280 3931 1279 1281 3931 1280 1282 3931 1281 1283 3931 1282 1284 3931 1283 1240 3931 1285 1285 3931 1286 1286 3931 1287 1288 3931 1289 1289 3931 1290 1290 3931 1291 1292 3931 1233 1275 3931 1292 1293 3931 1284 1287 3931 1294 1294 3931 1295 1295 3931 1296 1296 3931 1297 1297 3931 1298 1298 3931 1299 1299 3931 1288 1300 3931 1301 1302 3931 1300 1303 3931 1302 1304 3931 1303 1305 3931 1304 1306 3931 1305 1307 3931 1306 1308 3931 1307 1309 3931 1308 1310 3931 1309 1263 3931 1311 1311 3931 1312 1312 3931 1313 1314 3931 1315 1315 3931 1316 1316 3931 1317 1318 3931 1265 1301 3931 1318 1319 3931 1310 1313 3931 1320 1321 3931 1319 1320 3931 1322 1322 3931 1323 1323 3931 1324 1324 3931 1325 1325 3931 1326 1326 3931 1314 1327 3931 1328 1329 3931 1327 1330 3931 1329 1331 3931 1330 1332 3931 1331 1333 3931 1332 1334 3931 1333 1335 3931 1334 1336 3931 1335 1337 3931 1336 1291 3931 1338 1338 3931 1339 1339 3931 1340 1341 3931 1342 1342 3931 1343 1343 3931 1344 1345 3931 1293 1328 3931 1345 1346 3931 1337 1347 3931 1346 1340 3931 1348 1348 3931 1349 1349 3931 1350 1350 3931 1351 1351 3931 1352 1352 3931 1353 1353 3931 1354 1354 3931 1341 1355 3931 1356 1357 3931 1355 1358 3931 1357 1359 3931 1358 1360 3931 1361 1362 3931 1359 1361 3931 1363 1364 3931 1362 1363 3931 1365 1366 3931 1364 1367 3931 1366 1368 3931 1367 1317 3931 1369 1370 3931 1368 1369 3931 1371 1371 3931 1372 1373 3931 1360 1374 3931 1321 1356 3931 1374 1372 3931 1375 1375 3931 1376 1376 3931 1377 1378 3931 1370 1377 3931 1379 1380 3931 1378 1379 3931 1381 1381 3931 1382 1382 3931 1373 1383 3931 1384 1385 3931 1383 1386 3931 1385 1387 3931 1386 1388 3931 1387 1389 3931 1388 1390 3931 1389 1391 3931 1390 1392 3931 1391 1344 3931 1393 1393 3931 1394 1394 3931 1395 1396 3931 1397 1397 3931 1398 1398 3931 1399 1400 3931 1347 1384 3931 1400 1401 3931 1392 1402 3931 1401 1395 3931 1403 1403 3931 1404 1404 3931 1405 1405 3931 1406 1406 3931 1407 1407 3931 1408 1408 3931 1396 1409 3931 1410 1411 3931 1409 1412 3931 1411 1365 3931 1413 1414 3931 1412 1413 3931 1415 1416 3931 1414 1415 3931 1417 1418 3931 1416 1419 3931 1418 1420 3931 1419 1421 3931 1420 1422 3931 1421 1423 3931 1424 1424 3931 1425 1417 3931 1426 1426 3931 1427 1410 3931 1380 1427 3931 1428 1429 3931 1422 1428 3931 1430 1431 3931 1429 1430 3931 1432 1432 3931 1433 1433 3931 1434 1434 3931 1423 1435 3931 1436 1437 3931 1435 1438 3931 1437 1439 3931 1440 1441 3931 1439 1442 3931 1441 1443 3931 1442 1444 3931 1443 1445 3931 1444 1436 3931 1445 1399 3931 1446 1446 3931 1447 1447 3931 1448 1449 3931 1438 1450 3931 1449 1451 3931 1452 1452 3931 1453 1453 3931 1454 1455 3931 1402 1440 3931 1455 1448 3931 1456 1456 3931 1457 1457 3931 1458 1458 3931 1459 1459 3931 1460 1460 3931 1461 1461 3931 1462 1462 3931 1451 1425 3931 1463 1463 3931 1464 1464 3931 1465 1466 3931 1467 1468 3931 1469 1470 3931 1466 1469 3931 1471 1472 3931 1470 1473 3931 1472 1471 3931 1474 1475 3931 1473 1476 3931 1475 1477 3931 1476 1478 3931 1477 1479 3931 1478 1480 3931 1479 1465 3931 1481 1481 3931 1482 1482 3931 1483 1483 3931 1484 1484 3931 1485 1485 3931 1486 1486 3931 1487 1487 3931 1468 1488 3931 1489 1490 3931 1488 1491 3931 1490 1492 3931 1491 1493 3931 1492 1494 3931 1431 1495 3931 1493 1467 3931 1494 1496 3931 1495 1497 3931 1496 1498 3931 1497 1499 3931 1480 1500 3931 1499 1501 3931 1450 1489 3931 1501 1502 3931 1498 1503 3931 1502 1454 3931 1504 1504 3931 1505 1505 3931 1506 1507 3931 1508 1508 3931 1509 1509 3931 1510 1506 3931 1511 1511 3931 1512 1512 3931 1513 1513 3931 1514 1514 3931 1515 1515 3931 1516 1516 3931 1517 1517 3931 1507 1518 3931 1519 1520 3931 1518 1521 3931 1520 1522 3931 1521 1523 3931 1522 1524 3931 1523 1525 3931 1524 1526 3931 1525 1527 3931 1526 1474 3931 1528 1528 3931 1529 1529 3931 1530 1531 3931 1532 1532 3931 1533 1534 3931 1500 1519 3931 1534 1535 3931 1527 1530 3931 1536 1537 3931 1535 1536 3931 1538 1538 3931 1539 1539 3931 1540 1540 3931 1541 1541 3931 1542 1542 3931 1543 1543 3931 1531 1544 3931 1545 1546 3931 1544 1547 3931 1546 1548 3931 1547 1549 3931 1548 1550 3931 1549 1551 3931 1550 1552 3931 1551 1553 3931 1552 1554 3931 1553 1555 3931 1503 1545 3931 1555 1556 3931 1557 1558 3931 1554 1557 3931 1559 1560 3931 1558 1559 3931 1561 1510 3931 1562 1562 3931 1563 1563 3931 1564 1565 3931 1566 1566 3931 1556 1564 3931 1567 1567 3931 1568 1568 3931 1569 1569 3931 1570 1570 3931 1565 1533 3931 1571 1571 3931 1572 1572 3931 1573 1574 3931 1575 1575 3931 1576 1576 3931 1577 1578 3931 1579 1580 3931 1578 1581 3931 1580 1582 3931 1581 1583 3931 1582 1584 3931 1583 1585 3931 1584 1586 3931 1585 1587 3931 1586 1588 3931 1587 1589 1590 1591 1591 1590 1592 1573 3931 1593 1593 3931 1594 1594 3931 1595 1595 3931 1596 1596 3931 1597 1597 3931 1598 1598 3931 1599 1599 3931 1574 1600 3931 1537 1579 3931 1600 1601 3931 1588 1602 3931 1601 1590 1603 1592 1604 3931 1605 1606 3931 1604 1607 3931 1606 1608 3931 1607 1609 3931 1608 1610 3931 1609 1611 3931 1610 1612 3931 1611 1613 3931 1612 1590 1614 1603 1615 1614 1590 1561 3931 1616 1617 3931 1560 1616 3931 1618 1605 3931 1617 1618 3931 1619 1620 3931 1613 1621 3931 1620 1622 3931 1623 1623 3931 1624 1624 3931 1625 1615 1626 1614 1619 3931 1627 1627 3931 1628 1628 3931 1629 1629 3931 1630 1630 3931 1631 1631 3931 1632 1632 3931 1633 1633 3931 1622 1634 1635 1626 1636 3931 1637 1638 3931 1636 1639 3931 1638 1640 3931 1639 1641 1642 1634 1634 1642 1635 1643 3931 1644 1645 3931 1643 1646 3931 1645 1647 3931 1646 1648 3931 1647 1577 3931 1649 1637 3931 1648 1649 3931 1650 1650 3931 1651 1652 3931 1653 1653 3931 1654 1654 3931 1655 1656 3931 1640 1657 3931 1656 1641 1658 1642 1651 3931 1659 1659 3931 1660 1660 3931 1661 1661 3931 1662 1662 3931 1663 1663 3931 1664 1664 3931 1652 1665 3931 1666 1667 3931 1602 1668 3931 1665 1644 3931 1667 1669 3931 1668 1670 3931 1669 1671 3931 1670 1672 3931 1671 1673 3931 1672 1674 3931 1673 1675 3931 1674 1676 3931 1675 1658 1677 1642 1658 1678 1677 1625 3931 1679 1679 3931 1680 1680 3931 1681 1682 3931 1621 1666 3931 1682 1683 3931 1676 1684 3931 1683 1685 3931 1686 1686 3931 1687 1687 3931 1688 1678 1689 1677 1678 1690 1689 1681 3931 1691 1691 3931 1692 1692 3931 1693 1693 3931 1694 1694 3931 1695 1695 3931 1696 1696 3931 1685 1690 1697 1689 1690 1698 1697 1655 3931 1699 1699 3931 1700 1700 3931 1701 1702 3931 1703 1704 3931 1702 1705 3931 1704 1706 3931 1705 1707 3931 1708 1709 3931 1706 1710 3931 1709 1708 3931 1711 1712 3931 1710 1711 3931 1713 1714 3931 1712 1715 3931 1714 1698 1716 1697 1701 3931 1717 1717 3931 1718 1718 3931 1719 1719 3931 1720 1720 3931 1721 1698 1722 1716 1721 3931 1723 1723 3931 1724 1724 3931 1707 1725 3931 1657 1703 3931 1725 1726 3931 1715 1727 3931 1726 1722 1728 1716 1729 3931 1730 1731 3931 1729 1732 3931 1731 1733 3931 1732 1734 3931 1733 1735 3931 1734 1736 3931 1735 1737 3931 1736 1738 3931 1737 1722 1739 1728 1688 3931 1740 1740 3931 1741 1741 3931 1742 1743 3931 1744 1745 3931 1684 1744 3931 1746 1730 3931 1745 1746 3931 1747 1748 3931 1738 1749 3931 1748 1750 1751 1739 1739 1751 1728 1742 3931 1752 1752 3931 1753 1753 3931 1754 1754 3931 1755 1755 3931 1756 1756 3931 1757 1757 3931 1758 1758 3931 1743 1713 3931 1759 1759 3931 1760 1760 3931 1761 1762 3931 1763 1764 3931 1762 1765 3931 1766 1767 3931 1764 1766 3931 1768 1769 3931 1767 1768 3931 1770 1771 3931 1769 1772 3931 1771 1773 3931 1772 1774 3931 1773 1775 3931 1774 1776 3931 1775 1750 1777 1751 1778 3931 1727 1763 3931 1778 1779 3931 1776 1780 3931 1779 1761 3931 1781 1781 3931 1782 1782 3931 1783 1783 3931 1784 1784 3931 1785 1785 3931 1786 1786 3931 1765 1787 3931 1788 1789 3931 1787 1790 3931 1789 1791 3931 1790 1792 3931 1791 1793 3931 1792 1794 3931 1793 1795 3931 1794 1796 3931 1795 1797 3931 1796 1747 3931 1798 1798 3931 1799 1799 3931 1800 1801 3931 1802 1803 3931 1749 1802 3931 1804 1788 3931 1803 1804 3931 1805 1806 3931 1797 1807 3931 1806 1800 3931 1808 1808 3931 1809 1809 3931 1810 1810 3931 1811 1811 3931 1812 1812 3931 1813 1813 3931 1814 1814 3931 1801 1815 3931 1816 1816 3931 1817 1817 3931 1818 1819 3931 1820 1821 3931 1819 1822 3931 1821 1770 3931 1823 1824 3931 1822 1823 3931 1825 1826 3931 1824 1825 3931 1827 1828 3931 1826 1829 3931 1828 1830 3931 1829 1831 3931 1830 1832 3931 1831 1827 3931 1833 1833 3931 1834 1834 3931 1835 1835 3931 1836 1836 3931 1837 1837 3931 1838 1838 3931 1839 1839 3931 1815 1820 3931 1780 1840 3931 1832 1841 3931 1840 1842 3931 1843 1844 3931 1842 1845 3931 1844 1846 3931 1845 1847 3931 1846 1848 3931 1847 1849 3931 1848 1850 3931 1849 1851 3931 1850 1852 3931 1807 1843 3931 1852 1853 3931 1851 1854 3931 1853 1855 3931 1854 1805 3931 1856 1856 3931 1857 1857 3931 1858 1859 3931 1860 1860 3931 1861 1861 3931 1862 1863 3931 1864 1818 3931 1865 1858 3931 1866 1865 3931 1867 1866 3931 1868 1867 3931 1869 1868 3931 1870 1870 3931 1871 1871 3931 1872 1872 3931 1873 1873 3931 1859 1874 3931 1875 1875 3931 1876 1876 3931 1877 1878 3931 1879 1880 3931 1878 1881 3931 1880 1882 3931 1881 1883 3931 1882 1884 3931 1883 1885 3931 1884 1886 3931 1885 1887 3931 1886 1888 3931 1887 1869 3931 1889 1889 3931 1890 1890 3931 1891 1891 3931 1892 1892 3931 1893 1893 3931 1894 1894 3931 1874 1895 3931 1841 1879 3931 1895 1896 3931 1888 1897 3931 1896 1898 3931 1899 1900 3931 1898 1901 3931 1900 1902 3931 1901 1903 3931 1902 1904 3931 1903 1905 3931 1904 1906 3931 1905 1907 3931 1906 1908 3931 1907 1864 3931 1909 1910 3931 1908 1911 3931 1910 1862 3931 1912 1912 3931 1913 1913 3931 1914 1915 3931 1916 1916 3931 1917 1917 3931 1918 1899 3931 1855 1909 3931 1919 1914 3931 1920 1920 3931 1921 1921 3931 1922 1922 3931 1923 1923 3931 1924 1924 3931 1925 1925 3931 1915 1877 3931 1926 1926 3931 1927 1927 3931 1928 1929 3931 1930 1930 3931 1931 1931 3931 1932 1933 3931 1934 1935 3931 1933 1936 3931 1935 1937 3931 1936 1938 3931 1937 1939 3931 1938 1940 3931 1939 1941 3931 1940 1942 3931 1941 1928 3931 1943 1943 3931 1944 1944 3931 1945 1945 3931 1946 1946 3931 1947 1947 3931 1948 1948 3931 1949 1949 3931 1929 1950 3931 1897 1934 3931 1950 1951 3931 1942 1952 3931 1951 1953 3931 1954 1955 3931 1953 1956 3931 1955 1957 3931 1956 1958 3931 1957 1959 3931 1958 1960 3931 1959 1961 3931 1960 1962 3931 1961 1963 3931 1911 1954 3931 1963 1964 3931 1962 1965 3931 1964 1918 3931 1966 1966 3931 1967 1967 3931 1968 1969 3931 1970 1970 3931 1971 1971 3931 1972 1968 3931 1973 1973 3931 1974 1974 3931 1975 1975 3931 1976 1976 3931 1977 1977 3931 1978 1978 3931 1979 1979 3931 1969 1932 3931 1980 1980 3931 1981 1981 3931 1982 1983 3931 1984 1984 3931 1985 1985 3931 1986 1987 3931 1988 1989 3931 1987 1990 3931 1989 1991 3931 1990 1992 3931 1991 1993 3931 1992 1994 3931 1993 1995 3931 1994 1996 3931 1995 1997 3931 1996 1982 3931 1998 1998 3931 1999 1999 3931 2000 2000 3931 2001 2001 3931 2002 2002 3931 2003 2003 3931 1983 2004 3931 2005 2006 3931 2004 2007 3931 2006 2008 3931 1952 2009 3931 2007 1988 3931 2008 2010 3931 2009 2011 3931 2010 2012 3931 2011 2013 3931 1997 2014 3931 2012 2015 3931 2013 2016 3931 2014 2017 3931 2016 2018 3931 1965 2005 3931 2018 2019 3931 2017 2020 3931 2019 2021 3931 2022 2022 3931 2023 2024 3931 2025 2025 3931 2026 2026 3931 2027 1972 3931 2021 2028 3931 2029 2030 3931 2028 2031 3931 2030 2032 3931 2031 2033 3931 2032 2034 3931 2033 2035 3931 2034 2036 3931 2035 1986 3931 2037 2038 3931 2036 2037 3931 2039 2040 3931 2038 2039 3931 2041 2042 3931 2043 2043 3931 2044 2044 3931 2045 2023 3931 2046 2046 3931 2047 2047 3931 2048 2048 3931 2049 2049 3931 2050 2050 3931 2051 2051 3931 2052 2052 3931 2024 2041 3931 2053 2053 3931 2054 2054 3931 2055 2055 3931 2056 2056 3931 2057 2057 3931 2058 2058 3931 2059 2059 3931 2042 2029 3931 2015 2060 3931 2040 2061 3931 2062 2063 3931 2060 2064 3931 2061 2065 3931 2064 2066 3931 2065 2067 3931 2066 2068 3931 2067 2069 3931 2068 2070 3931 2069 2071 3931 2070 2072 3931 2071 2062 3931 2020 2073 3931 2072 2074 3931 2073 2027 3931 2075 2075 3931 2076 2076 3931 2077 2078 3931 2079 2079 3931 2080 2080 3931 2081 2077 3931 2082 2082 3931 2083 2083 3931 2084 2084 3931 2085 2085 3931 2086 2086 3931 2087 2087 3931 2078 2088 3931 2089 2090 3931 2088 2091 3931 2090 2092 3931 2091 2093 3931 2092 2094 3931 2093 2095 3931 2094 2096 3931 2095 2097 3931 2096 2045 3931 2098 2098 3931 2099 2099 3931 2100 2101 3931 2102 2102 3931 2103 2089 3931 2104 2105 3931 2097 2106 3931 2105 2100 3931 2107 2107 3931 2108 2108 3931 2109 2109 3931 2110 2110 3931 2111 2111 3931 2112 2112 3931 2113 2113 3931 2101 2104 3931 2063 2114 3931 2115 2116 3931 2114 2117 3931 2116 2118 3931 2117 2119 3931 2118 2120 3931 2119 2121 3931 2120 2122 3931 2121 2123 3931 2122 2124 3931 2123 2081 3931 2125 2125 3931 2126 2126 3931 2127 2128 3931 2074 2115 3931 2128 2129 3931 2124 2130 3931 2131 2132 3931 2129 2131 3931 2133 2133 3931 2134 2127 3931 2135 2135 3931 2136 2136 3931 2137 2137 3931 2138 2138 3931 2139 2139 3931 2140 2140 3931 2130 2103 3931 2141 2141 3931 2142 2142 3931 2143 2144 3931 2145 2146 3931 2144 2147 3931 2146 2148 3931 2147 2149 3931 2148 2150 3931 2151 2152 3931 2149 2151 3931 2153 2154 3931 2152 2153 3931 2155 2156 3931 2154 2157 3931 2156 2158 3931 2157 2143 3931 2159 2159 3931 2160 2160 3931 2161 2161 3931 2162 2162 3931 2163 2163 3931 2164 2164 3931 2165 2165 3931 2150 2166 3931 2106 2145 3931 2166 2167 3931 2158 2168 3931 2167 2169 3931 2170 2171 3931 2169 2172 3931 2171 2173 3931 2172 2174 3931 2173 2175 3931 2174 2176 3931 2175 2177 3931 2176 2178 3931 2177 3931 2179 2180 3931 2181 2179 2134 3931 2182 2182 3931 2183 2181 3931 2184 2183 3931 2185 3931 2186 2184 2187 3931 2188 2188 3931 2189 2190 3931 2132 2189 3931 2191 2170 3931 2190 3931 2192 2186 2193 3931 2178 2194 3931 2193 3931 2195 2192 1615 1634 1626 491 2196 493 493 2196 2197 2197 2196 2198 2198 2196 2199 2199 2196 2200 2200 2196 2201 2201 2196 513 513 2196 514 2202 2196 491 2203 2196 2202 2204 2196 2203 2205 2196 2204 514 2196 2205 584 2223 582 544 2223 2206 2206 2223 2207 2207 2223 2208 2209 2223 584 545 2223 544 2210 2223 545 2211 2223 2210 2185 3931 2212 2213 2223 2211 2212 3931 2214 2215 2223 2213 2214 3931 2216 2217 2223 2215 2216 3931 2218 2219 2223 2217 2220 2223 2219 2218 3931 2221 582 2223 2220 2221 3931 2222 2208 2223 2224 2224 2223 2225 2222 3931 2226 2225 2223 2227 2226 3931 2187 2227 2223 2228 2228 2223 2229 2229 2223 2209 617 2244 614 2230 2244 617 2231 2244 2230 2232 2244 2231 2233 2244 2232 2234 3931 2235 2236 2244 2233 2235 3931 2237 2238 2244 2236 2239 2244 2238 2240 2244 2239 2241 2244 2240 2242 2244 2241 2155 3931 2243 2243 3931 2245 614 2244 2246 2245 3931 2247 2246 2244 2248 2249 3931 2250 2248 2244 2251 2251 2244 2252 2253 3931 2249 2252 2244 2254 2255 3931 2253 2256 3931 2255 2257 3931 2256 2258 3931 2257 2259 3931 2258 2260 3931 2259 2261 3931 2260 2262 2244 2263 2264 3931 2261 2263 2244 2265 2265 2244 2266 2266 2244 682 682 2244 683 683 2244 2242 2254 2244 2267 2267 2244 2268 2268 2244 2269 2269 2244 2270 2270 2244 2271 2271 2244 2262 2272 3931 2273 2274 3931 2272 2275 3931 2274 2276 3931 2275 2277 3931 2276 2278 3931 2277 2279 3931 2278 2280 3931 2279 2281 3931 2282 2282 3931 2234 2247 3931 2283 2283 3931 2284 2284 3931 2285 2285 3931 2286 2286 3931 2287 2287 3931 2281 2273 3931 2288 2289 3931 2280 2290 3931 2168 2291 3931 2289 2250 3931 2290 2292 3931 2264 697 3931 2293 2294 3931 2292 2293 3931 2295 2295 3931 2296 2296 3931 2297 681 3931 697 2298 3931 681 2288 3931 2298 2297 3931 2300 2300 3931 2301 2301 3931 2302 2302 3931 2303 2303 3931 2304 2305 3931 2306 2307 3931 2305 2308 3931 2307 2309 3931 2308 2310 3931 2311 2312 3931 2309 2311 3931 2313 2314 3931 2312 2313 3931 2315 2316 3931 2314 2315 3931 2317 2318 3931 2316 2317 3931 2319 2320 3931 2318 2319 3931 2299 2321 3931 2320 2304 3931 2322 2322 3931 2323 2323 3931 2324 2324 3931 2310 2325 3931 2326 2327 3931 2325 2328 3931 2327 2329 3931 2328 2330 3931 2329 2331 3931 2330 2332 3931 2331 2333 3931 2332 2334 3931 2333 2191 3931 2335 2335 3931 2336 2336 3931 2337 2338 3931 2291 2339 3931 2338 2340 3931 2194 2326 3931 2339 2341 3931 2342 2306 3931 2340 2343 3931 2334 2342 3931 2344 2345 3931 2321 2346 3931 2343 2344 3931 2347 2348 3931 2345 2349 3931 2350 2299 3931 2351 2337 3931 2352 2351 3931 2353 2352 3931 2354 2353 3931 2355 2354 3931 2356 2355 3931 2357 2356 3931 2358 2357 3931 2359 2358 3931 2360 2359 3931 2361 2360 3931 2362 2362 3931 2341 2363 3931 2364 2364 3931 2365 2365 3931 2366 2366 3931 2349 2361 3931 2367 2367 3931 2368 2368 3931 2369 2369 3931 2370 2370 3931 2371 2237 3931 2372 2371 3931 2373 2372 3931 2374 2374 3931 2375 2376 3931 2377 2377 3931 2378 2378 3931 2363 2373 3931 2379 2379 3931 2376 2380 3931 2381 2381 3931 2382 2383 3931 2384 2382 3931 2385 2386 3931 2383 2387 3931 2386 2388 3931 2387 2389 3931 2388 2390 3931 2389 2391 3931 2390 2392 3931 2391 2393 3931 2392 2394 3931 2393 2395 3931 2396 2397 3931 2395 2398 3931 2397 2399 3931 2398 2400 3931 2399 2401 3931 2400 2402 3931 2401 2403 3931 2402 2404 3931 2403 2405 3931 2404 2384 3931 2294 2406 3931 2394 2407 3931 2346 2408 3931 2406 2396 3931 2407 2375 3931 2409 2409 3931 2410 2410 3931 2411 2412 3931 2405 2411 3931 2413 2414 3931 2412 2413 3931 2415 2415 3931 2416 2416 3931 2417 2417 3931 2380 2418 3931 2419 2420 3931 2418 2350 3931 2421 2422 3931 2420 2423 3931 2422 2424 3931 2425 2426 3931 2424 2427 3931 2426 2428 3931 2427 2429 3931 2428 2419 3931 2429 2421 3931 2430 2430 3931 2431 2431 3931 2432 2432 3931 2433 2433 3931 2434 2434 3931 2435 2436 3931 2423 2437 3931 2438 2438 3931 2439 2347 3931 2440 2440 3931 2441 2441 3931 2442 2435 3931 2443 2443 3931 2444 2444 3931 2445 2445 3931 2446 2446 3931 2447 2447 3931 2448 2448 3931 2449 2449 3931 2450 2450 3931 2451 2452 3931 2453 2451 3931 2454 2453 3931 2455 2455 3931 2456 2454 3931 2457 2457 3931 2458 2458 3931 2459 2459 3931 2460 2460 3931 2437 2461 3931 2348 2425 3931 2461 2462 3931 2463 2464 3931 2462 2465 3931 2464 2466 3931 2465 2467 3931 2466 2468 3931 2467 2469 3931 2468 2470 3931 2469 2471 3931 2470 2442 3931 2472 2472 3931 2473 2473 3931 2474 2474 3931 2475 2475 3931 2476 2476 3931 2477 2477 3931 2478 2478 3931 2452 2479 3931 2414 2463 3931 2479 2385 3931 2480 2481 3931 2471 2480 3931 2482 2482 3931 2483 2484 3931 2481 2485 3931 2486 2486 3931 2487 2487 3931 2488 2489 3931 2490 2491 3931 2489 2492 3931 2491 2493 3931 2492 2494 3931 2493 2495 3931 2494 2496 3931 2495 2497 3931 2496 2498 3931 2497 2439 3931 2499 2483 3931 2500 2500 3931 2501 2501 3931 2502 2502 3931 2503 2503 3931 2504 2504 3931 2505 2505 3931 2485 2506 3931 2507 2508 3931 2506 2509 3931 2408 2510 3931 2508 2490 3931 2509 2511 3931 2510 2512 3931 2498 2513 3931 2512 2514 3931 2511 2515 3931 2516 2517 3931 2515 2518 3931 2514 2519 3931 2518 2520 3931 2517 2521 3931 2520 2522 3931 2519 2523 3931 2521 2524 3931 2523 2525 3931 2522 2526 3931 2524 2527 3931 2526 2528 3931 2527 2529 3931 2528 2499 3931 2530 2530 3931 2531 2531 3931 2532 2532 3931 2533 2533 3931 2534 2534 3931 2535 2535 3931 2536 2537 3931 2538 2539 3931 2484 2507 3931 2539 2540 3931 2436 2516 3931 2540 2541 3931 2525 2542 3931 2529 2543 3931 2541 2544 3931 2542 2456 3931 2545 2545 3931 2546 2546 3931 2547 2536 3931 2548 2548 3931 2549 2549 3931 2550 2550 3931 2551 2551 3931 2552 2552 3931 2553 2553 3931 2554 2555 3931 2556 2554 3931 2557 2556 3931 2558 2557 3931 2537 2547 3931 2559 2559 3931 2560 2560 3931 2561 2561 3931 2562 2562 3931 2563 2563 3931 2564 2564 3931 2565 2565 3931 2555 2488 3931 2566 2566 3931 2567 2567 3931 2568 2538 3931 2569 2569 3931 2570 2571 3931 2572 2572 3931 2573 2573 3931 2574 2575 3931 2576 2577 3931 2575 2578 3931 2577 2579 3931 2578 2580 3931 2579 2581 3931 2580 2582 3931 2581 2583 3931 2584 2585 3931 2582 2586 3931 2583 2587 3931 2585 2588 3931 2586 2589 3931 2587 2590 3931 2588 2591 3931 2590 2592 3931 2591 2593 3931 2592 2594 3931 2593 2595 3931 2594 2570 3931 2596 2596 3931 2597 2597 3931 2598 2598 3931 2599 2600 3931 2601 2601 3931 2602 2602 3931 2603 2568 3931 2604 2604 3931 2605 2605 3931 2606 2606 3931 2607 2607 3931 2608 2608 3931 2609 2609 3931 2610 2610 3931 2571 2611 3931 2513 2612 3931 2543 2584 3931 2612 2576 3931 2611 2613 3931 2589 2614 3931 2615 2616 3931 2613 2617 3931 2614 2618 3931 2617 2619 3931 2618 2620 3931 2619 2621 3931 2620 2622 3931 2621 2623 3931 2595 2624 3931 2622 2625 3931 2624 2626 3931 2623 2627 3931 2544 2615 3931 2627 2628 3931 2625 2629 3931 2628 2630 3931 2631 2631 3931 2632 2632 3931 2633 2599 3931 2634 2634 3931 2635 2558 3931 2636 2635 3931 2637 2636 3931 2638 2637 3931 2639 2638 3931 2640 2639 3931 2641 2641 3931 2600 2642 3931 2643 2643 3931 2644 2644 3931 2630 2640 3931 2645 2645 3931 2646 2646 3931 2647 2647 3931 2648 2648 3931 2642 2574 3931 2649 2649 3931 2650 2651 3931 2652 2652 3931 2653 2653 3931 2654 2655 3931 2656 2657 3931 2655 2658 3931 2657 2659 3931 2658 2660 3931 2659 2661 3931 2660 2662 3931 2661 2663 3931 2664 2665 3931 2662 2666 3931 2663 2667 3931 2665 2668 3931 2666 2669 3931 2667 2670 3931 2668 2671 3931 2670 2672 3931 2671 2673 3931 2672 2674 3931 2673 2675 3931 2674 2676 3931 2675 2603 3931 2677 2677 3931 2678 2678 3931 2679 2650 3931 2680 2680 3931 2681 2681 3931 2682 2682 3931 2683 2683 3931 2684 2684 3931 2685 2685 3931 2686 2686 3931 2651 2687 3931 2626 2656 3931 2687 2688 3931 2616 2664 3931 2688 2689 3931 2669 2690 3931 2691 2692 3931 2689 2693 3931 2676 2694 3931 2690 2695 3931 2693 2696 3931 2694 2697 3931 2696 2698 3931 2697 2699 3931 2698 2700 3931 2699 2701 3931 2700 2702 3931 2701 2703 3931 2702 2679 3931 2704 2704 3931 2705 2705 3931 2706 2706 3931 2707 2707 3931 2708 2709 3931 2710 2710 3931 2711 2711 3931 2712 2712 3931 2713 2713 3931 2714 2715 3931 2629 2691 3931 2715 2716 3931 2703 2717 3931 2716 2633 3931 2718 2718 3931 2719 2720 3931 2721 2708 3931 2722 2721 3931 2723 2722 3931 2724 2724 3931 2725 2723 3931 2726 2725 3931 2727 2727 3931 2728 2728 3931 2709 2719 3931 2729 2729 3931 2730 2730 3931 2731 2731 3931 2732 2732 3931 2733 2733 3931 2734 2734 3931 2735 2735 3931 2720 2654 3931 2736 2736 3931 2737 2737 3931 2738 2739 3931 2740 2741 3931 2742 2743 3931 2744 2745 3931 2741 2744 3931 2746 2747 3931 2745 2746 3931 2748 2749 3931 2747 2750 3931 2749 2751 3931 2752 2753 3931 2751 2754 3931 2753 2755 3931 2754 2756 3931 2755 2757 3931 2758 2759 3931 2756 2760 3931 2757 2761 3931 2759 2762 3931 2760 2740 3931 2761 2763 3931 2762 2742 3931 2763 2738 3931 2764 2764 3931 2765 2765 3931 2766 2766 3931 2767 2767 3931 2768 2768 3931 2769 2769 3931 2770 2770 3931 2743 2771 3931 2750 2772 3931 2739 2773 3931 2772 2774 3931 2775 2776 3931 2774 2777 3931 2776 2778 3931 2777 2779 3931 2778 2780 3931 2779 2781 3931 2695 2782 3931 2780 2758 3931 2781 2783 3931 2782 2784 3931 2783 2785 3931 2784 2786 3931 2692 2752 3931 2786 2714 3931 2787 2787 3931 2788 2788 3931 2789 2789 3931 2790 2790 3931 2791 2792 3931 2793 2775 3931 2717 2794 3931 2785 2795 3931 2794 2726 3931 2796 2796 3931 2797 2797 3931 2798 2791 3931 2799 2800 3931 2801 2799 3931 2802 2801 3931 2803 2802 3931 2804 2803 3931 2805 2804 3931 2806 2806 3931 2807 2807 3931 2808 2808 3931 2809 2810 3931 2811 2811 3931 2812 2812 3931 2813 2813 3931 2792 2798 3931 2814 2814 3931 2815 2815 3931 2816 2816 3931 2817 2817 3931 2818 2818 3931 2819 2819 3931 2820 2809 3931 2821 2820 3931 2800 2821 3931 2822 2822 3931 2810 2748 3931 2823 2823 3931 2824 2824 3931 2825 2826 3931 2827 2827 3931 2828 2828 3931 2829 2830 3931 2831 2832 3931 2830 2833 3931 2834 2835 3931 2832 2836 3931 2833 2837 3931 2835 2838 3931 2836 2839 3931 2837 2840 3931 2838 2841 3931 2839 2842 3931 2840 2843 3931 2841 2844 3931 2842 2845 3931 2843 2846 3931 2844 2847 3931 2845 2848 3931 2846 2849 3931 2847 2850 3931 2848 2851 3931 2850 2825 3931 2852 2852 3931 2853 2853 3931 2854 2854 3931 2855 2855 3931 2856 2856 3931 2857 2857 3931 2826 2858 3931 2771 2831 3931 2858 2859 3931 2849 2860 3931 2859 2861 3931 2773 2834 3931 2861 2862 3931 2851 2863 3931 2864 2865 3931 2863 2866 3931 2865 2867 3931 2866 2868 3931 2867 2869 3931 2868 2870 3931 2869 2871 3931 2870 2872 3931 2871 2873 3931 2872 2805 3931 2874 2875 3931 2795 2874 3931 2876 2864 3931 2875 2876 3931 2877 2878 3931 2873 2879 3931 2878 2793 3931 2880 2880 3931 2881 2881 3931 2882 2882 3931 1589 2883 3931 2884 2884 3931 2885 2885 3931 2886 1589 3931 1590 2887 3931 2888 2888 3931 2889 2889 3931 2890 2890 3931 2891 2891 3931 2892 1590 3931 2893 2893 3931 2894 2894 3931 2895 2895 3931 2896 2896 3931 2897 2897 3931 2898 2898 3931 2899 2899 3931 2887 2900 3931 2901 2902 3931 2900 2829 3931 2903 2904 3931 2902 2903 3931 2905 2906 3931 2904 2905 3931 2907 2908 3931 2906 2909 3931 2908 2910 3931 2909 2877 3931 2911 2912 3931 2910 2911 3931 2913 2914 3931 2912 2913 3931 2915 2916 3931 2914 2915 3931 2917 2917 3931 2918 2918 3931 2919 2919 3931 2920 2920 3931 2883 2921 3931 2922 2922 3931 2923 2923 3931 2924 2925 3931 2926 2927 3931 2925 2928 3931 2927 2929 3931 2928 2930 3931 2929 2931 3931 2930 2932 3931 2931 2933 3931 2932 2934 3931 2933 2907 3931 2935 2935 3931 2936 2936 3931 2937 2937 3931 2938 2938 3931 2939 2939 3931 2940 2940 3931 2941 2941 3931 2921 2942 3931 2943 2944 3931 2860 2945 3931 2942 2926 3931 2944 2946 3931 2945 2947 3931 2946 2948 3931 2934 2949 3931 2947 2950 3931 2948 2951 3931 2949 2952 3931 2862 2953 3931 2951 2901 3931 2952 2954 3931 2953 2955 3931 2916 2956 3931 2954 2957 3931 2956 2886 3931 2958 2958 3931 2959 2943 3931 2879 2960 3931 2957 2961 3931 2960 2962 3931 2963 2963 3931 2964 2964 3931 2965 2892 3931 2966 2966 3931 2967 2967 3931 2968 2959 3931 2969 2970 3931 2971 2969 3931 2972 2971 3931 2973 2972 3931 2974 2974 3931 2975 2975 3931 2976 2976 3931 2977 2977 3931 2978 2978 3931 2962 2979 3931 2980 2981 3931 2979 2982 3931 2981 2983 3931 2982 2984 3931 2983 2985 3931 2984 2986 3931 2985 2987 3931 2986 2988 3931 2987 2989 3931 2988 2990 3931 2991 2992 3931 2990 2993 3931 2992 2994 3931 2993 2995 3931 2994 2996 3931 2995 2997 3931 2996 2998 3931 2997 2999 3931 2998 3000 3931 2999 3001 3931 3002 3003 3931 3004 3004 3931 3005 3005 3931 3006 2968 3931 3007 3007 3931 3008 2924 3931 3009 3008 3931 3010 3009 3931 3001 3010 3931 3011 3011 3931 3012 3012 3931 3013 3013 3931 3014 3014 3931 2970 3015 3931 2955 2980 3931 3015 3016 3931 2989 3017 3931 2950 2991 3931 3017 3018 3931 3000 3019 3931 3018 3020 3931 3021 3022 3931 3020 3023 3931 3022 3024 3931 3023 3025 3931 3024 3026 3931 3025 3027 3931 3026 3028 3931 3027 3029 3931 3028 3002 3931 3030 3030 3931 3031 3031 3931 3032 3032 3931 3033 3033 3931 3034 3034 3931 3035 3035 3931 3003 2965 3931 3036 3036 3931 3037 3038 3931 2961 3037 3931 3039 3021 3931 3038 3040 3931 3029 3041 3931 3040 3042 3931 3043 3043 3931 3044 3044 3931 3045 2973 3931 3046 3046 3931 3047 3047 3931 3048 3049 3931 3050 3050 3931 3051 3039 3931 3052 3052 3931 3053 3053 3931 3054 3054 3931 3055 3055 3931 3056 3056 3931 3057 3058 3931 3059 3057 3931 3060 3061 3931 3058 3060 3931 3042 3062 3931 3061 3063 3931 3062 3064 3931 3063 3065 3931 3064 3066 3931 3065 3067 3931 3066 3068 3931 3067 3069 3931 3068 3006 3931 3070 3071 3931 3072 3070 3931 3073 3074 3931 3071 3073 3931 3075 3076 3931 3074 3077 3931 3076 3078 3931 3077 3079 3931 3078 3080 3931 3079 3081 3931 3080 3082 3931 3081 3083 3931 3082 3048 3931 3084 3085 3931 3086 3084 3931 3087 3086 3931 3088 3087 3931 3089 3089 3931 3090 3090 3931 3091 3091 3931 3092 3092 3931 3093 3093 3931 3049 3094 3931 3016 3059 3931 3094 3095 3931 3069 3096 3931 3095 3075 3931 3097 3097 3931 3098 3098 3931 3099 3099 3931 3100 3100 3931 3101 3101 3931 3102 3102 3931 3103 3103 3931 3085 3104 3931 3105 3106 3931 3104 3107 3931 3106 3108 3931 3019 3072 3931 3108 3109 3931 3107 3110 3931 3109 3111 3931 3110 3112 3931 3083 3113 3931 3111 3114 3931 3113 3115 3931 3112 3116 3931 3114 3117 3931 3116 3118 3931 3117 3119 3931 3118 3045 3931 3120 3120 3931 3121 3121 3931 3122 3123 3931 3041 3105 3931 3123 3124 3931 3125 3125 3931 3126 3126 3931 3127 3051 3931 3128 3128 3931 3129 3129 3931 3130 3131 3931 3132 3132 3931 3133 3122 3931 3134 3134 3931 3135 3135 3931 3136 3137 3931 3138 3136 3931 3139 3140 3931 3137 3139 3931 3141 3142 3931 3140 3141 3931 3143 3144 3931 3142 3143 3931 3124 3145 3931 3144 3146 3931 3145 3147 3931 3146 3148 3931 3147 3088 3931 3149 3150 3931 3148 3149 3931 3151 3152 3931 3150 3151 3931 3153 3154 3931 3155 3155 3931 3156 3156 3931 3157 3130 3931 3158 3158 3931 3159 3159 3931 3160 3160 3931 3161 3161 3931 3162 3162 3931 3163 3164 3931 3165 3163 3931 3166 3167 3931 3164 3166 3931 3131 3168 3931 3167 3169 3931 3168 3170 3931 3169 3171 3931 3170 3172 3931 3171 3173 3931 3172 3174 3931 3173 3153 3931 3175 3175 3931 3176 3176 3931 3177 3177 3931 3178 3178 3931 3179 3179 3931 3180 3180 3931 3181 3181 3931 3154 3138 3931 3096 3182 3931 3152 3183 3931 3182 3184 3931 3185 3186 3931 3184 3187 3931 3186 3188 3931 3187 3189 3931 3188 3190 3931 3189 3191 3931 3190 3192 3931 3191 3193 3931 3192 3194 3931 3115 3165 3931 3194 3195 3931 3174 3196 3931 3195 3197 3931 3119 3185 3931 3197 3198 3931 3193 3199 3931 3198 3133 3931 3200 3200 3931 3201 3201 3931 3202 3203 3931 3204 3204 3931 3205 3127 3931 3206 3206 3931 3207 3207 3931 3208 3209 3931 3210 3211 3931 3209 3212 3931 3211 3213 3931 3212 3214 3931 3215 3216 3931 3213 3215 3931 3217 3218 3931 3216 3217 3931 3219 3220 3931 3218 3221 3931 3220 3222 3931 3221 3223 3931 3222 3157 3931 3224 3224 3931 3225 3225 3931 3226 3227 3931 3228 3228 3931 3229 3208 3931 3230 3230 3931 3231 3231 3931 3232 3232 3931 3233 3233 3931 3234 3234 3931 3235 3202 3931 3236 3235 3931 3237 3236 3931 3238 3237 3931 3214 3238 3931 3239 3239 3931 3240 3240 3931 3241 3241 3931 3242 3242 3931 3243 3243 3931 3203 3244 3931 3245 3246 3931 3244 3247 3931 3246 3248 3931 3247 3249 3931 3248 3250 3931 3249 3251 3931 3250 3252 3931 3251 3253 3931 3252 3254 3931 3253 3226 3931 3255 3210 3931 3183 3255 3931 3256 3256 3931 3257 3258 3931 3223 3257 3931 3259 3260 3931 3258 3259 3931 3261 3261 3931 3262 3262 3931 3263 3263 3931 3227 3264 3931 3265 3266 3931 3264 3267 3931 3266 3268 3931 3267 3269 3931 3268 3270 3931 3269 3271 3931 3270 3272 3931 3271 3273 3931 3272 3274 3931 3273 3275 3931 3196 3245 3931 3275 3276 3931 3254 3277 3931 3199 3265 3931 3277 3278 3931 3274 3279 3931 3278 3219 3931 3280 3280 3931 3281 3281 3931 3282 3283 3931 3284 3284 3931 3285 3285 3931 3286 3287 3931 3288 3205 3931 3289 3288 3931 3290 3289 3931 3291 3291 3931 3292 3293 3931 3294 3282 3931 3295 3294 3931 3296 3295 3931 3297 3296 3931 3298 3297 3931 3299 3298 3931 3283 3299 3931 3300 3300 3931 3301 3301 3931 3302 3292 3931 3303 3302 3931 3304 3303 3931 3305 3304 3931 3287 3305 3931 3306 3306 3931 3293 3229 3931 3307 3307 3931 3308 3308 3931 3309 3310 3931 3311 3311 3931 3312 3313 3931 3314 3312 3931 3315 3316 3931 3313 3317 3931 3316 3318 3931 3317 3319 3931 3318 3320 3931 3319 3321 3931 3320 3322 3931 3321 3323 3931 3322 3324 3931 3323 3325 3931 3326 3327 3931 3325 3328 3931 3327 3329 3931 3328 3330 3931 3329 3331 3931 3330 3309 3931 3332 3333 3931 3331 3332 3931 3334 3335 3931 3333 3334 3931 3336 3337 3931 3335 3336 3931 3338 3339 3931 3337 3338 3931 3340 3340 3931 3341 3341 3931 3342 3342 3931 3310 3343 3931 3260 3314 3931 3343 3344 3931 3324 3345 3931 3344 3346 3931 3347 3348 3931 3346 3349 3931 3348 3350 3931 3349 3351 3931 3350 3352 3931 3351 3353 3931 3352 3354 3931 3353 3355 3931 3354 3356 3931 3276 3326 3931 3356 3357 3931 3339 3358 3931 3357 3286 3931 3359 3359 3931 3360 3361 3931 3279 3347 3931 3361 3362 3931 3363 3364 3931 3355 3363 3931 3365 3366 3931 3364 3365 3931 3367 3290 3931 3368 3368 3931 3369 3369 3931 3370 3370 3931 3371 3372 3931 3373 3373 3931 3374 3374 3931 3375 3360 3931 3376 3376 3931 3377 3377 3931 3378 3378 3931 3379 3379 3931 3380 3380 3931 3381 3381 3931 3382 3382 3931 3362 3383 3931 3384 3385 3931 3383 3386 3931 3385 3387 3931 3386 3388 3931 3387 3389 3931 3388 3371 3931 3390 3390 3931 3391 3392 3931 3393 3391 3931 3394 3395 3931 3392 3394 3931 3396 3384 3931 3395 3396 3931 3397 3397 3931 3398 3398 3931 3372 3399 3931 3389 3400 3931 3399 3401 3931 3402 3403 3931 3401 3315 3931 3404 3405 3931 3403 3404 3931 3406 3407 3931 3405 3406 3931 3408 3409 3931 3407 3410 3931 3409 3411 3931 3410 3412 3931 3411 3413 3931 3412 3414 3931 3415 3415 3931 3416 3416 3931 3417 3418 3931 3345 3393 3931 3418 3408 3931 3419 3419 3931 3420 3420 3931 3421 3421 3931 3422 3422 3931 3423 3423 3931 3424 3425 3931 3358 3424 3931 3426 3402 3931 3425 3426 3931 3414 3427 3931 3413 3428 3931 3427 3429 3931 3430 3431 3931 3429 3432 3931 3431 3433 3931 3432 3434 3931 3433 3435 3931 3434 3436 3931 3435 3437 3931 3436 3438 3931 3437 3439 3931 3438 3440 3931 3366 3430 3931 3440 3441 3931 3439 3442 3931 3441 3367 3931 3443 3443 3931 3444 3444 3931 3445 3375 3931 3446 3446 3931 3447 3447 3931 3448 3449 3931 3450 3450 3931 3451 3451 3931 3452 3453 3931 3454 3454 3931 3455 3455 3931 3456 3445 3931 3457 3457 3931 3458 3458 3931 3459 3459 3931 3460 3460 3931 3461 3461 3931 3462 3462 3931 3463 3463 3931 3449 3448 3931 3464 3464 3931 3465 3466 3931 3467 3465 3931 3468 3469 3931 3466 3468 3931 3470 3471 3931 3469 3470 3931 3472 3473 3931 3471 3472 3931 3474 3475 3931 3473 3474 3931 3453 3476 3931 3475 3477 3931 3476 3478 3931 3477 3417 3931 3479 3480 3931 3478 3479 3931 3481 3482 3931 3480 3483 3931 3484 3484 3931 3485 3485 3931 3486 3487 3931 3488 3489 3931 3487 3490 3931 3489 3491 3931 3490 3492 3931 3491 3493 3931 3492 3494 3931 3493 3495 3931 3494 3496 3931 3495 3497 3931 3496 3481 3931 3498 3498 3931 3499 3499 3931 3500 3501 3931 3400 3500 3931 3502 3467 3931 3501 3502 3931 3503 3504 3931 3482 3503 3931 3505 3506 3931 3504 3505 3931 3507 3507 3931 3483 3508 3931 3428 3488 3931 3508 3509 3931 3497 3510 3931 3509 3511 3931 3512 3513 3931 3511 3514 3931 3513 3515 3931 3514 3516 3931 3515 3517 3931 3516 3518 3931 3517 3519 3931 3518 3520 3931 3519 3452 3931 3521 3521 3931 3522 3523 3931 3524 3524 3931 3525 3525 3931 3526 3527 3931 3442 3512 3931 3527 3528 3931 3520 3529 3931 3528 3522 3931 3530 3530 3931 3531 3531 3931 3532 3532 3931 3533 3533 3931 3534 3534 3931 3535 3535 3931 3536 3536 3931 3523 3537 3931 3538 3539 3931 3537 3540 3931 3539 3541 3931 3540 3542 3931 3541 3543 3931 3542 3544 3931 3543 3545 3931 3544 3546 3931 3545 3456 3931 3547 3548 3931 3546 3547 3931 3549 3549 3931 3550 3551 3931 3552 3552 3931 3553 3553 3931 3554 3555 3931 3556 3556 3931 3557 3557 3931 3558 3486 3931 3559 3559 3931 3560 3560 3931 3561 3550 3931 3562 3538 3931 3506 3562 3931 3563 3563 3931 3564 3565 3931 3548 3564 3931 3566 3567 3931 3565 3566 3931 3568 3568 3931 3569 3569 3931 3570 3570 3931 3551 3571 3931 3572 3573 3931 3571 3574 3931 3573 3575 3931 3574 3576 3931 3575 3577 3931 3576 3578 3931 3577 3579 3931 3578 3580 3931 3579 3581 3931 3555 3561 3931 3582 3582 3931 3583 3583 3931 3584 3584 3931 3585 3585 3931 3586 3586 3931 3581 3587 3931 3510 3572 3931 3587 3588 3931 3580 3589 3931 3588 3590 3931 3591 3592 3931 3590 3593 3931 3592 3594 3931 3593 3595 3931 3594 3596 3931 3595 3597 3931 3596 3598 3931 3597 3599 3931 3598 3600 3931 3599 3601 3931 3529 3591 3931 3601 3526 3931 3602 3603 3931 3600 3602 3931 3604 3605 3931 3603 3604 3931 3606 3554 3931 3607 3607 3931 3608 3609 3931 3610 3608 3931 3611 3610 3931 3612 3613 3931 3614 3614 3931 3615 3615 3931 3616 3606 3931 3617 3617 3931 3618 3618 3931 3619 3619 3931 3620 3620 3931 3621 3621 3931 3622 3622 3931 3623 3623 3931 3609 3624 3931 3625 3626 3931 3624 3627 3931 3626 3611 3931 3628 3629 3931 3627 3628 3931 3630 3631 3931 3629 3630 3931 3632 3633 3931 3631 3632 3931 3634 3635 3931 3633 3634 3931 3636 3637 3931 3635 3636 3931 3638 3639 3931 3637 3638 3931 3613 3558 3931 3640 3641 3931 3639 3640 3931 3642 3642 3931 3643 3644 3931 3645 3645 3931 3646 3646 3931 3647 3648 3931 3649 3650 3931 3648 3651 3931 3650 3652 3931 3651 3653 3931 3652 3654 3931 3653 3655 3931 3654 3656 3931 3655 3657 3931 3656 3658 3931 3657 3659 3931 3567 3625 3931 3659 3643 3931 3660 3660 3931 3661 3662 3931 3641 3661 3931 3663 3664 3931 3662 3663 3931 3665 3665 3931 3666 3666 3931 3667 3667 3931 3668 3668 3931 3644 3669 3931 3670 3671 3931 3669 3672 3931 3671 3673 3931 3589 3649 3931 3673 3674 3931 3658 3675 3931 3674 3676 3931 3677 3678 3931 3676 3679 3931 3678 3680 3931 3679 3681 3931 3680 3670 3931 3681 3612 3931 3682 3682 3931 3683 3683 3931 3684 3685 3931 3672 3686 3931 3685 3687 3931 3688 3688 3931 3689 3689 3931 3690 3691 3931 3605 3677 3931 3691 3616 3931 3692 3692 3931 3693 3693 3931 3694 3684 3931 3695 3695 3931 3696 3696 3931 3697 3697 3931 3698 3698 3931 3699 3700 3931 3701 3699 3931 3702 3701 3931 3703 3702 3931 3704 3703 3931 3705 3704 3931 3687 3694 3931 3706 3706 3931 3707 3708 3931 3709 3707 3931 3710 3711 3931 3708 3710 3931 3712 3713 3931 3711 3712 3931 3714 3715 3931 3713 3714 3931 3716 3716 3931 3717 3718 3931 3715 3717 3931 3700 3719 3931 3718 3720 3931 3719 3721 3931 3720 3722 3931 3721 3723 3931 3722 3647 3931 3724 3724 3931 3725 3725 3931 3726 3727 3931 3728 3728 3931 3729 3729 3931 3730 3731 3931 3732 3733 3931 3731 3734 3931 3733 3735 3931 3734 3736 3931 3737 3738 3931 3735 3739 3931 3736 3740 3931 3738 3741 3931 3739 3742 3931 3740 3743 3931 3741 3744 3931 3742 3745 3931 3743 3746 3931 3744 3747 3931 3745 3748 3931 3747 3709 3931 3664 3749 3931 3748 3750 3931 3749 3751 3931 3723 3726 3931 3752 3753 3931 3675 3752 3931 3754 3732 3931 3753 3754 3931 3755 3756 3931 3746 3755 3931 3757 3758 3931 3756 3757 3931 3759 3759 3931 3760 3760 3931 3761 3761 3931 3727 3762 3931 3686 3737 3931 3762 3763 3931 3750 3764 3931 3763 3690 3931 3765 3765 3931 3766 3766 3931 3767 3705 3931 3768 3769 3931 3770 3768 3931 3771 3770 3931 3772 3771 3931 3773 3774 3931 3775 3775 3931 3776 3776 3931 3777 3778 3931 3779 3780 3931 3778 3781 3931 3780 3782 3931 3781 3783 3931 3782 3784 3931 3783 3785 3931 3784 3786 3931 3785 3787 3931 3786 3788 3931 3787 3773 3931 3789 3789 3931 3790 3790 3931 3791 3791 3931 3792 3792 3931 3793 3793 3931 3794 3794 3931 3774 3767 3931 3795 3795 3931 3796 3796 3931 3797 3797 3931 3798 3798 3931 3799 3799 3931 3800 3800 3931 3801 3801 3931 3769 3730 3931 3802 3802 3931 3803 3804 3931 3805 3805 3931 3806 3807 3931 3751 3806 3931 3808 3779 3931 3807 3809 3931 3788 3810 3931 3811 3812 3931 3810 3813 3931 3814 3815 3931 3812 3816 3931 3815 3817 3931 3813 3818 3931 3816 3819 3931 3817 3820 3931 3818 3821 3931 3820 3822 3931 3819 3823 3931 3821 3824 3931 3822 3825 3931 3823 3826 3931 3824 3827 3931 3826 3828 3931 3827 3829 3931 3828 3830 3931 3829 3803 3931 3831 3831 3931 3832 3832 3931 3833 3833 3931 3834 3834 3931 3835 3835 3931 3836 3836 3931 3837 3837 3931 3804 3838 3931 3764 3839 3931 3758 3811 3931 3838 3814 3931 3839 3840 3931 3825 3841 3931 3840 3842 3931 3830 3843 3931 3842 3772 3931 3844 3844 3931 3845 3845 3931 3846 3847 3931 3848 3848 3931 3849 3850 3931 3851 3852 3931 3850 3853 3931 3852 3854 3931 3853 3855 3931 3854 3856 3931 3855 3857 3931 3856 3858 3931 3857 3859 3931 3858 3860 3931 3859 3861 3931 3862 3862 3931 3863 3863 3931 3864 3777 3931 3865 3865 3931 3866 3866 3931 3867 3846 3931 3868 3868 3931 3869 3869 3931 3870 3870 3931 3871 3871 3931 3872 3872 3931 3873 3873 3931 3874 3874 3931 3847 3808 3931 3875 3875 3931 3876 3877 3931 3878 3878 3931 3879 3879 3931 3880 3880 3931 3861 3867 3931 3881 3881 3931 3882 3882 3931 3883 3883 3931 3877 3884 3931 3885 3885 3931 3886 3886 3931 3887 3888 3931 3809 3851 3931 3888 3889 3931 3890 3891 3931 3860 3892 3931 3889 3893 3931 3892 3894 3931 3893 3895 3931 3894 3896 3931 3895 3897 3931 3896 3898 3931 3897 3899 3931 3900 3901 3931 3898 3902 3931 3899 3903 3931 3902 3904 3931 3903 3905 3931 3904 3906 3931 3905 3907 3931 3906 1919 3931 3907 3876 3931 3908 3908 3931 3909 3909 3931 3910 3910 3931 3911 3911 3931 3912 3912 3931 3913 3913 3931 3914 3914 3931 3884 3915 3931 3843 3900 3931 3915 3916 3931 3841 3890 3931 3916 3917 3931 3901 3918 3931 3917 3864 3931 3919 3919 3931 3920 3921 3931 3922 3922 3931 3923 3923 3931 3924 3925 3931 3926 3926 3931 3927 3928 3931 3929 3929 3931 3930 3849 3931 3925 3920 3931 3932 3932 3931 3933 3933 3931 3934 3935 3931 3936 3934 3931 3937 3938 3931 3935 3937 3931 3939 3940 3931 3938 3939 3931 3941 3942 3931 3940 3941 3931 3943 3944 3931 3942 3943 3931 3921 3945 3931 3944 3946 3931 3945 3947 3931 3946 3948 3931 3947 3949 3931 3948 3927 3931 3950 3950 3931 3951 3951 3931 3952 3952 3931 3953 3953 3931 3954 3954 3931 3955 3955 3931 3956 3956 3931 3928 3887 3931 3957 3957 3931 3958 3959 3931 3960 3960 3931 3961 3961 3931 3962 3963 3931 3964 3965 3931 3963 3966 3931 3965 3967 3931 3966 3968 3931 3967 3969 3931 3968 3970 3931 3969 3971 3931 3970 3972 3931 3971 3973 3931 3972 3974 3931 3891 3936 3931 3974 3975 3931 3949 3976 3931 3975 3958 3931 3977 3977 3931 3978 3978 3931 3979 3979 3931 3980 3980 3931 3981 3981 3931 3982 3982 3931 3983 3983 3931 3959 3924 3931 3984 3984 3931 3985 3964 3931 3918 3985 3931 3986 3987 3931 3973 3988 3931 3987 3989 3931 3990 3990 3931 3991 3991 3931 3992 3986 3931 3993 3993 3931 3994 3994 3931 3995 3995 3931 3996 3996 3931 3997 3997 3931 3998 3998 3931 3999 3999 3931 3989 3930 3931 4000 4000 3931 4001 4001 3931 4002 4003 3931 4004 4004 3931 4005 4006 3931 4007 4008 3931 4006 4009 3931 4008 4010 3931 4009 4011 3931 4010 4012 3931 4011 4013 3931 4012 4014 3931 4013 4015 3931 4014 4016 3931 4015 4002 3931 4017 4017 3931 4018 4018 3931 4019 4019 3931 4020 3992 3931 4021 4020 3931 4022 4021 3931 4023 3962 3931 4024 4022 3931 4025 4024 3931 4026 4025 3931 4027 4027 3931 4003 4028 3931 4029 4029 3931 4030 4031 3931 4032 4030 3931 4033 4032 3931 4034 4034 3931 4035 4036 3931 4037 4038 3931 4036 4039 3931 4038 4007 3931 3976 4040 3931 4039 4041 3931 4016 4042 3931 4040 4043 3931 4042 4044 3931 4043 4045 3931 4041 4046 3931 4044 4047 3931 4046 4048 3931 4047 4023 3931 4049 4049 3931 4050 4050 3931 4051 4051 3931 4052 4052 3931 4053 4053 3931 4054 4054 3931 4055 4055 3931 4028 4026 3931 4056 4056 3931 4057 4057 3931 4058 4058 3931 4059 4059 3931 4060 4060 3931 4061 4061 3931 4062 4062 3931 4031 4033 3931 4063 4063 3931 4064 4037 3931 3988 4065 3931 4048 4066 3931 4067 4067 3931 4068 4068 3931 4069 4064 3931 4070 4005 3931 4071 4070 3931 4072 4071 3931 4073 4072 3931 4074 4073 3931 4075 4074 3931 4076 4076 3931 4077 4077 3931 4078 4078 3931 4079 4079 3931 4066 4080 3931 4081 4081 3931 4082 4083 3931 4084 4085 3931 4083 4086 3931 4085 4087 3931 4086 4088 3931 4087 4089 3931 4088 4090 3931 4089 4091 3931 4090 4092 3931 4091 4093 3931 4092 4069 3931 4094 4094 3931 4095 4096 3931 4097 4097 3931 4098 4098 3931 4099 4075 3931 4100 4100 3931 4101 4095 3931 4102 4101 3931 4103 4102 3931 4104 4103 3931 4105 4104 3931 4106 4105 3931 4107 4106 3931 4108 4035 3931 4109 4107 3931 4110 4108 3931 4111 4109 3931 4112 4110 3931 4113 4111 3931 4114 4113 3931 4080 4114 3931 4115 4115 3931 4096 4084 3931 4045 4116 3931 4117 4118 3931 4093 4117 3931 4119 4120 3931 4118 4121 3931 4122 4123 3931 4121 4124 3931 4123 4125 3931 4124 4126 3931 4125 4127 3931 4126 4128 3931 4127 4129 3931 4128 4130 3931 4129 4131 3931 4130 4112 3931 4132 4099 3931 4133 4132 3931 4134 4133 3931 4135 4134 3931 4136 4135 3931 4137 4136 3931 4138 4138 3931 4139 4139 3931 4140 4140 3931 4141 4141 3931 4116 4142 3931 4143 4143 3931 4144 4144 3931 4145 4137 3931 4146 4146 3931 4147 4147 3931 4148 4148 3931 4149 4149 3931 4150 4150 3931 4151 4151 3931 4152 4152 3931 4142 4153 3931 4065 4122 3931 4153 4154 3931 4131 4155 3931 4154 4082 3931 4156 4156 3931 4157 4157 3931 4158 4159 3931 4160 4160 3931 4161 4145 3931 4162 4161 3931 4163 4162 3931 4164 4164 3931 4165 4166 3931 4167 4167 3931 2180 4165 3931 4168 4168 3931 4169 4169 3931 4170 4170 3931 4171 4171 3931 4172 4172 3931 4173 4173 3931 4166 4158 3931 4174 4174 3931 4175 4175 3931 4176 4176 3931 4177 4177 3931 4178 4178 3931 4179 4179 3931 4180 4180 3931 4159 4181 3931 4182 4183 3931 4181 4184 3931 4183 4185 3931 4184 4186 3931 4185 4187 3931 4186 4188 3931 4187 4189 3931 4188 4190 3931 4189 4191 3931 4190 4192 3931 4193 4193 3931 4194 4119 3931 4195 4195 3931 4196 4196 3931 4197 4198 3931 4199 4200 3931 4198 4201 3931 4200 4202 3931 4201 4203 3931 4202 4204 3931 4203 4205 3931 4204 4206 3931 4205 4207 3931 4120 4208 3931 4206 4182 3931 4207 4209 3931 4191 4210 3931 4209 4211 3931 4212 4212 3931 4213 4213 3931 4214 4214 3931 4215 4215 3931 4216 4216 3931 4192 4197 3931 4217 4217 3931 4211 4218 3931 4155 4199 3931 4218 4219 3931 4208 4220 3931 4219 4163 3931 4221 4221 3931 4222 4223 3931 4224 4224 3931 4225 4225 3931 4226 4222 3931 4227 4227 3931 4228 4228 3931 4229 4229 3931 4230 4230 3931 4231 4231 3931 4232 4232 3931 4233 4233 3931 4223 4234 3931 4235 4236 3931 4234 4194 3931 4237 4238 3931 4236 4237 3931 4239 4240 3931 4238 4239 3931 4241 4242 3931 4240 4243 3931 4242 4244 3931 4243 4245 3931 4244 4246 3931 4245 4247 3931 4246 4248 3931 4249 4249 3931 4250 4250 3931 4251 4252 3931 4253 4254 3931 4252 4255 3931 4254 4256 3931 4255 4257 3931 4256 4258 3931 4257 4259 3931 4260 4261 3931 4259 4253 3931 4261 4262 3931 4210 4235 3931 4262 4263 3931 4247 4241 3931 4264 4264 3931 4265 4265 3931 4266 4266 3931 4267 4267 3931 4268 4268 3931 4269 4269 3931 4270 4270 3931 4248 4271 3931 4258 4272 3931 4271 4273 3931 4220 4260 3931 4273 4226 3931 4274 4274 3931 4275 4275 3931 4276 4277 3931 4278 4278 3931 4279 4279 3931 4280 4276 3931 4281 4281 3931 4282 4282 3931 4283 4283 3931 4284 4284 3931 4285 4285 3931 4286 4286 3931 4287 4287 3931 4277 4251 3931 4288 4288 3931 4289 4290 3931 4291 4291 3931 4292 4292 3931 4293 4294 3931 4295 4296 3931 4294 4297 3931 4296 4298 3931 4297 4299 3931 4298 4300 3931 4301 4302 3931 4299 4303 3931 4300 4304 3931 4302 4305 3931 4303 4306 3931 4305 4307 3931 4304 4308 3931 4306 4309 3931 4307 4310 3931 4308 4311 3931 4309 4312 3931 4310 4313 3931 4312 4314 3931 4313 4289 3931 4315 4315 3931 4316 4317 3931 4263 4316 3931 4318 4295 3931 4317 4318 3931 4319 4319 3931 4320 4321 3931 4311 4322 3931 4321 4320 3931 4323 4323 3931 4324 4324 3931 4290 4325 3931 4272 4301 3931 4325 4326 3931 4314 4327 3931 4326 4280 3931 4328 4328 3931 4329 4329 3931 4330 4331 3931 4332 4332 3931 4333 4293 3931 4334 4334 3931 4335 4336 3931 4337 4337 3931 4338 4338 3931 4339 4340 3931 4341 4342 3931 4340 4343 3931 4342 4344 3931 4345 4346 3931 4343 4347 3931 4344 4348 3931 4346 4349 3931 4347 4350 3931 4349 4351 3931 4348 4352 3931 4350 4353 3931 4351 4354 3931 4352 4355 3931 4353 4356 3931 4354 4357 3931 4355 4358 3931 4356 4359 3931 4357 4360 3931 4358 4361 3931 4360 4330 3931 4362 4362 3931 4363 4363 3931 4364 4364 3931 4365 4365 3931 4366 4366 3931 4367 4367 3931 4368 4368 3931 4331 4335 3931 4369 4369 3931 4370 4370 3931 4371 4371 3931 4372 4372 3931 4373 4373 3931 4374 4374 3931 4375 4375 3931 4336 4345 3931 4327 4376 3931 4361 4341 3931 4322 4377 3931 4359 4378 3931 4377 4379 3931 4380 4380 3931 4381 4381 3931 4382 4333 3931 4383 4383 3931 4384 4384 3931 4385 4339 3931 4386 4386 3931 4387 4388 3931 4389 4390 3931 4391 4389 3931 4379 4391 3931 4392 4392 3931 4393 4385 3931 4394 4394 3931 4395 4395 3931 4396 4396 3931 4397 4397 3931 4398 4398 3931 4388 4399 3931 4400 4401 3931 4399 4402 3931 4401 4403 3931 4402 4404 3931 4403 4405 3931 4404 4406 3931 4405 4407 3931 4406 4408 3931 4407 4409 3931 4408 4410 3931 4411 4412 3931 4410 4413 3931 4412 4414 3931 4413 4415 3931 4414 4416 3931 4415 4417 3931 4416 4418 3931 4417 4419 3931 4418 4420 3931 4419 4387 3931 4421 4421 3931 4422 4422 3931 4423 4423 3931 4424 4424 3931 4425 4425 3931 4426 4426 3931 4427 4427 3931 4390 4428 3931 4376 4400 3931 4428 4429 3931 4409 4430 3931 4429 4431 3931 4378 4411 3931 4431 4432 3931 4420 4382 3931 4433 4433 3931 4434 4435 3931 4436 4436 3931 4437 4437 3931 4438 4434 3931 4439 4439 3931 4440 4440 3931 4441 4441 3931 4442 4442 3931 4443 4443 3931 4444 4444 3931 4445 4445 3931 4435 4446 3931 4447 4448 3931 4446 4449 3931 4448 4393 3931 4450 4451 3931 4449 4450 3931 4452 4453 3931 4454 4454 3931 4455 4456 3931 4457 4458 3931 4459 4460 3931 4456 4461 3931 4458 4462 3931 4460 4463 3931 4461 4464 3931 4462 4465 3931 4463 4466 3931 4464 4467 3931 4465 4468 3931 4466 4447 3931 4467 4469 3931 4468 4470 3931 4469 4471 3931 4470 4472 3931 4471 4473 3931 4451 4474 3931 4473 4452 3931 4475 4475 3931 4476 4476 3931 4477 4477 3931 4478 4478 3931 4479 4479 3931 4480 4480 3931 4481 4481 3931 4453 4482 3931 4432 4459 3931 4482 4457 3931 4430 4483 3931 4472 4484 3931 4483 4438 3931 4485 4485 3931 4486 4486 3931 4487 4488 3931 4489 4489 3931 4490 4455 3931 4491 4491 3931 4492 4492 3931 4493 4494 3931 4495 4495 3931 4496 4497 3931 4498 4499 3931 4497 4500 3931 4499 4501 3931 4500 4502 3931 4501 4503 3931 4502 4504 3931 4503 4505 3931 4504 4506 3931 4505 4507 3931 4506 4493 3931 4508 4508 3931 4509 4509 3931 4510 4510 3931 4511 4511 3931 4512 4512 3931 4513 4487 3931 4514 4513 3931 4515 4514 3931 4516 4515 3931 4494 4516 3931 4517 4517 3931 4518 4518 3931 4519 4519 3931 4520 4520 3931 4521 4521 3931 4488 4522 3931 4523 4524 3931 4522 4525 3931 4524 4526 3931 4525 4527 3931 4526 4528 3931 4527 4529 3931 4528 4530 3931 4529 4531 3931 4530 4532 3931 4531 4498 3931 4474 4533 3931 4507 4534 3931 4484 4523 3931 4534 4535 3931 4532 4536 3931 4535 4496 3931 4537 4490 3931 4538 4537 3931 4539 4538 3931 4540 4539 3931 4541 4540 3931 4542 4543 3931 4544 4545 3931 4546 4544 3931 4547 4546 3931 4548 4547 3931 4549 4548 3931 4550 4551 3931 4552 4553 3931 4551 4554 3931 4553 4555 3931 4554 4556 3931 4555 4557 3931 4556 4558 3931 4557 4559 3931 4558 4560 3931 4559 4561 3931 4560 4541 3931 4562 4562 3931 4563 4563 3931 4564 4564 3931 4565 4565 3931 4566 4566 3931 4567 4567 3931 4568 4568 3931 4543 4569 3931 4570 4571 3931 4569 4542 3931 4572 4573 3931 4571 4572 3931 4574 4575 3931 4573 4574 3931 4576 4577 3931 4575 4576 3931 4578 4579 3931 4577 4578 3931 4580 4581 3931 4579 4580 3931 4582 4583 3931 4581 4582 3931 4584 4585 3931 4583 4584 3931 4545 4586 3931 4533 4552 3931 4586 4587 3931 4561 4588 3931 4587 4589 3931 4536 4570 3931 4589 4590 3931 4585 4591 3931 4590 4550 3931 4592 4592 3931 4593 4594 3931 4595 4595 3931 4596 4596 3931 4597 4598 3931 4599 4599 3931 4600 4601 3931 4602 4602 3931 4603 4603 3931 4604 4593 3931 4605 4605 3931 4606 4549 3931 4598 4606 3931 4607 4607 3931 4608 4608 3931 4609 4609 3931 4610 4610 3931 4611 4611 3931 4594 4612 3931 4613 4614 3931 4612 4615 3931 4614 4616 3931 4617 4618 3931 4615 4619 3931 4616 4620 3931 4618 4621 3931 4619 4622 3931 4620 4623 3931 4621 4624 3931 4622 4625 3931 4623 4626 3931 4624 4627 3931 4625 4628 3931 4626 4629 3931 4627 4630 3931 4628 4631 3931 4629 4632 3931 4631 4633 3931 4632 4600 3931 4634 4634 3931 4635 4635 3931 4636 4636 3931 4637 4637 3931 4638 4638 3931 4639 4639 3931 4640 4640 3931 4601 4641 3931 4588 4613 3931 4641 4642 3931 4630 4617 3931 4591 4643 3931 4633 4644 3931 4643 4597 3931 4645 4645 3931 4646 4647 3931 4648 4648 3931 4649 4649 3931 4650 4646 3931 4651 4651 3931 4652 4652 3931 4653 4653 3931 4654 4604 3931 4655 4654 3931 4656 4655 3931 4657 4656 3931 4658 4658 3931 4659 4659 3931 4647 4660 3931 4661 4662 3931 4663 4661 3931 4664 4665 3931 4662 4664 3931 4666 4667 3931 4665 4668 3931 4667 4669 3931 4668 4670 3931 4669 4671 3931 4670 4672 3931 4673 4674 3931 4671 4675 3931 4672 4676 3931 4674 4677 3931 4675 4678 3931 4676 4679 3931 4677 4680 3931 4679 4681 3931 4680 4682 3931 4681 4683 3931 4682 4684 3931 4683 4685 3931 4684 4657 3931 4686 4686 3931 4687 4687 3931 4688 4688 3931 4689 4689 3931 4690 4690 3931 4691 4691 3931 4692 4692 3931 4660 4693 3931 4685 4694 3931 4693 4695 3931 4642 4663 3931 4695 4696 3931 4678 4697 3931 4696 4673 3931 4644 4650 3931 4698 4698 3931 4699 4699 3931 4700 4701 3931 4702 4702 3931 4703 4703 3931 4704 4666 3931 4705 4705 3931 4706 4707 3931 4708 4708 3931 4709 4710 3931 4711 4712 3931 4710 4713 3931 4712 4714 3931 4713 4715 3931 4714 4716 3931 4715 4717 3931 4716 4718 3931 4717 4719 3931 4718 4706 3931 4720 4721 3931 4719 4720 3931 4722 4722 3931 4723 4723 3931 4724 4724 3931 4725 4725 3931 4726 4726 3931 4727 4727 3931 4707 4700 3931 4728 4729 3931 4730 4728 3931 4731 4732 3931 4729 4731 3931 4733 4734 3931 4732 4733 3931 4735 4736 3931 4734 4735 3931 4737 4738 3931 4736 4737 3931 4739 4740 3931 4738 4739 3931 4741 4742 3931 4740 4741 3931 4701 4743 3931 4742 4744 3931 4743 4745 3931 4744 4711 3931 4697 4746 3931 4721 4747 3931 4746 4748 3931 4694 4730 3931 4748 4749 3931 4745 4750 3931 4749 4704 3931 4751 4751 3931 4752 4753 3931 4754 4754 3931 4755 4755 3931 4756 4709 3931 4757 4757 3931 4758 4758 3931 4759 4760 3931 4761 4761 3931 4762 4762 3931 4763 4759 3931 4764 4764 3931 4765 4752 3931 4766 4765 3931 4767 4766 3931 4768 4767 3931 4769 4768 3931 4770 4769 3931 4771 4770 3931 4772 4771 3931 4773 4772 3931 4774 4773 3931 4775 4774 3931 4776 4775 3931 4760 4776 3931 4777 4777 3931 4753 4778 3931 4779 4780 3931 4778 4781 3931 4780 4782 3931 4781 4783 3931 4782 4784 3931 4783 4785 3931 4784 4786 3931 4785 4787 3931 4786 4788 3931 4787 4789 3931 4790 4791 3931 4789 4792 3931 4791 4793 3931 4792 4794 3931 4793 4795 3931 4794 4796 3931 4795 4797 3931 4796 4798 3931 4797 4799 3931 4798 4779 3931 4750 4800 3931 4788 4801 3931 4800 4802 3931 4747 4790 3931 4802 4803 3931 4799 4804 3931 4805 4805 3931 4806 4806 3931 4807 4756 3931 4808 4808 3931 4809 4810 3931 4811 4811 3931 4812 4812 3931 4813 4813 3931 4814 4814 3931 4815 4815 3931 4816 4816 3931 4804 4763 3931 4817 4817 3931 4818 4809 3931 4810 4818 3931 4819 4820 3931 4821 4821 3931 4822 4822 3931 4823 4824 3931 4825 4826 3931 4824 4827 3931 4826 4828 3931 4829 4830 3931 4828 4831 3931 4827 4832 3931 4830 4833 3931 4831 4834 3931 4832 4835 3931 4833 4836 3931 4834 4837 3931 4835 4838 3931 4836 4839 3931 4837 4840 3931 4838 4841 3931 4839 4842 3931 4840 4843 3931 4841 4844 3931 4842 4845 3931 4844 4819 3931 4846 4846 3931 4847 4847 3931 4848 4848 3931 4849 4849 3931 4850 4850 3931 4851 4851 3931 4852 4852 3931 4820 4853 3931 4803 4825 3931 4853 4829 3931 4801 4854 3931 4843 4855 3931 4845 4856 3931 4854 4807 3931 4857 4857 3931 4858 4858 3931 4859 4860 3931 4861 4861 3931 4862 4862 3931 4863 4864 3931 4865 4866 3931 4864 4867 3931 4866 4868 3931 4867 4869 3931 4868 4870 3931 4869 4823 3931 4871 4872 3931 4870 4871 3931 4873 4874 3931 4872 4875 3931 4874 4876 3931 4877 4877 3931 4878 4878 3931 4879 4865 3931 4880 4881 3931 4882 4883 3931 4881 4884 3931 4883 4885 3931 4884 4886 3931 4885 4887 3931 4886 4888 3931 4887 4889 3931 4888 4890 3931 4889 4891 3931 4890 4859 3931 4892 4892 3931 4893 4893 3931 4894 4894 3931 4895 4895 3931 4896 4896 3931 4897 4897 3931 4898 4898 3931 4860 4899 3931 4875 4900 3931 4899 4873 3931 4901 4901 3931 4902 4902 3931 4903 4903 3931 4904 4904 3931 4905 4905 3931 4906 4906 3931 4907 4907 3931 4876 4880 3931 4856 4908 3931 4855 4882 3931 4908 4909 3931 4891 4863 3931 4910 4910 3931 4911 4912 3931 4913 4913 3931 4914 4914 3931 4915 4916 3931 4917 4918 3931 4916 4919 3931 4918 4920 3931 4919 4921 3931 4920 4922 3931 4921 4923 3931 4922 4924 3931 4923 4879 3931 4925 4926 3931 4924 4925 3931 4927 4928 3931 4926 4929 3931 4930 4930 3931 4931 4932 3931 4933 4934 3931 4932 4935 3931 4934 4936 3931 4935 4937 3931 4936 4938 3931 4937 4939 3931 4938 4940 3931 4939 4941 3931 4940 4942 3931 4941 4911 3931 4943 4943 3931 4944 4944 3931 4945 4945 3931 4946 4946 3931 4947 4947 3931 4948 4948 3931 4949 4949 3931 4912 4927 3931 4950 4950 3931 4951 4951 3931 4952 4952 3931 4953 4953 3931 4954 4954 3931 4955 4955 3931 4956 4956 3931 4929 4917 3931 4900 4957 3931 4928 4958 3931 4957 4959 3931 4909 4933 3931 4959 4960 3931 4942 4961 3931 4960 4915 3931 4962 4962 3931 4963 4964 3931 4965 4965 3931 4966 4966 3931 4967 4968 3931 4969 4970 3931 4968 4971 3931 4970 4972 3931 4971 4973 3931 4972 4974 3931 4973 4975 3931 4974 4976 3931 4977 4978 3931 4975 4979 3931 4978 4977 3931 4980 4981 3931 4979 4931 3931 4982 4982 3931 4983 4983 3931 4984 4985 3931 4986 4987 3931 4985 4988 3931 4987 4989 3931 4988 4990 3931 4989 4991 3931 4990 4992 3931 4991 4993 3931 4992 4994 3931 4993 4995 3931 4994 4963 3931 4996 4996 3931 4997 4997 3931 4998 4998 3931 4999 4999 3931 5000 5000 3931 5001 5001 3931 5002 5002 3931 4964 5003 3931 4976 4984 3931 5004 5004 3931 5005 5005 3931 5006 5006 3931 5007 5007 3931 5008 5008 3931 5009 5009 3931 5003 4969 3931 4958 5010 3931 4981 4986 3931 4961 5011 3931 4995 5012 3931 5011 4967 3931 5013 5013 3931 5014 5014 3931 5015 5016 3931 5017 5017 3931 5018 5018 3931 5019 5020 3931 5021 5022 3931 5020 5023 3931 5022 5024 3931 5023 5025 3931 5024 5026 3931 5025 4980 3931 5027 5028 3931 5026 5027 3931 5029 5030 3931 5028 5029 3931 5031 5032 3931 5030 5033 3931 5032 5034 3931 5035 5035 3931 5036 5036 3931 5037 5038 3931 5039 5040 3931 5041 5042 3931 5040 5043 3931 5042 5044 3931 5043 5045 3931 5044 5046 3931 5045 5047 3931 5046 5048 3931 5047 5039 3931 5048 5015 3931 5049 5049 3931 5050 5050 3931 5051 5051 3931 5052 5052 3931 5053 5053 3931 5054 5054 3931 5016 5055 3931 5010 5021 3931 5055 5056 3931 5033 5031 3931 5057 5057 3931 5058 5058 3931 5059 5059 3931 5060 5060 3931 5061 5061 3931 5062 5062 3931 5063 5063 3931 5034 5064 3931 5038 5065 3931 5064 5041 3931 5012 5019 3931 5066 5066 3931 5067 5068 3931 5069 5069 3931 5070 5070 3931 5071 5072 3931 5073 5074 3931 5072 5075 3931 5074 5076 3931 5075 5077 3931 5076 5037 3931 5078 5079 3931 5077 5078 3931 5080 5081 3931 5079 5082 3931 5081 5083 3931 5082 5084 3931 5083 5085 3931 5086 5086 3931 5087 5087 3931 5088 5089 3931 5090 5091 3931 5089 5092 3931 5091 5093 3931 5092 5094 3931 5093 5095 3931 5094 5096 3931 5095 5097 3931 5096 5098 3931 5097 5099 3931 5098 5067 3931 5100 5100 3931 5101 5101 3931 5102 5102 3931 5103 5103 3931 5104 5104 3931 5105 5105 3931 5106 5106 3931 5068 5107 3931 5056 5073 3931 5107 5108 3931 5084 5080 3931 5109 5109 3931 5110 5110 3931 5111 5111 3931 5112 5112 3931 5113 5113 3931 5114 5114 3931 5115 5115 3931 5085 5090 3931 5065 5116 3931 5099 5071 3931 5117 5117 3931 5118 5119 3931 5120 5120 3931 5121 5088 3931 5122 5123 3931 5124 5122 3931 5125 5126 3931 5123 5127 3931 5126 5128 3931 5127 5129 3931 5128 5130 3931 5129 5131 3931 5130 5132 3931 5131 5133 3931 5134 5135 3931 5132 5134 3931 5136 5137 3931 5135 5136 3931 5138 5139 3931 5140 5141 3931 5139 5142 3931 5141 5143 3931 5142 5144 3931 5143 5145 3931 5144 5146 3931 5145 5147 3931 5146 5148 3931 5147 5149 3931 5148 5118 3931 5150 5150 3931 5151 5151 3931 5152 5152 3931 5153 5153 3931 5154 5154 3931 5155 5155 3931 5156 5156 3931 5119 5157 3931 5108 5124 3931 5157 5125 3931 5158 5158 3931 5159 5160 3931 5137 5159 3931 5161 5162 3931 5160 5161 3931 5163 5163 3931 5164 5164 3931 5165 5165 3931 5166 5166 3931 5133 5167 3931 5116 5140 3931 5167 5168 3931 5149 5169 3931 5170 5121 3931 5171 5171 3931 5172 5172 3931 5173 5174 3931 5175 5175 3931 5169 5138 3931 5176 5177 3931 5178 5176 3931 5179 5180 3931 5177 5181 3931 5180 5182 3931 5181 5183 3931 5182 5184 3931 5183 5185 3931 5184 5186 3931 5185 5187 3931 5186 5188 3931 5189 5190 3931 5187 5189 3931 5191 5173 3931 5192 5192 3931 5193 5193 3931 5194 5195 3931 5196 5194 3931 5197 5198 3931 5195 5197 3931 5199 5200 3931 5198 5199 3931 5201 5202 3931 5200 5201 3931 5203 5204 3931 5202 5203 3931 5174 5205 3931 5204 5206 3931 5205 5207 3931 5206 5208 3931 5207 5209 3931 5208 5178 3931 5162 5210 3931 5190 5211 3931 5210 5179 3931 5212 5212 3931 5213 5213 3931 5214 5214 3931 5215 5215 3931 5216 5216 3931 5217 5217 3931 5218 5218 3931 5188 5219 3931 5168 5196 3931 5219 5220 3931 5209 5221 3931 5220 5170 3931 5222 5222 3931 5223 5224 3931 5225 5225 3931 5226 5226 3931 5227 5228 3931 5229 5191 3931 5230 5231 3931 5228 5230 3931 5232 5233 3931 5231 5232 3931 5234 5235 3931 5233 5236 3931 5235 5237 3931 5236 5238 3931 5237 5239 3931 5238 5240 3931 5239 5241 3931 5240 5242 3931 5243 5243 3931 5244 5244 3931 5245 5223 3931 5246 5246 3931 5247 5247 3931 5248 5248 3931 5249 5249 3931 5250 5250 3931 5251 5251 3931 5252 5252 3931 5224 5253 3931 5254 5234 3931 5255 5255 3931 5256 5256 3931 5257 5257 3931 5258 5258 3931 5259 5259 3931 5260 5260 3931 5261 5261 3931 5242 5262 3931 5263 5264 3931 5262 5265 3931 5264 5266 3931 5265 5267 3931 5266 5268 3931 5267 5269 3931 5268 5270 3931 5269 5271 3931 5270 5272 3931 5271 5229 3931 5211 5254 3931 5241 5273 3931 5221 5263 3931 5273 5274 3931 5272 5275 3931 5274 5227 3931 5276 5276 3931 5277 5277 3931 5278 5279 3931 5280 5280 3931 5281 5281 3931 5282 5245 3931 5283 5284 3931 5285 5286 3931 5284 5283 3931 5287 5288 3931 5286 5287 3931 5289 5290 3931 5288 5291 3931 5290 5292 3931 5291 5293 3931 5292 5294 3931 5293 5295 3931 5294 5296 3931 5295 5297 3931 5298 5298 3931 5299 5299 3931 5300 5289 3931 5301 5301 3931 5302 5302 3931 5303 5303 3931 5304 5304 3931 5305 5305 3931 5306 5306 3931 5297 5278 3931 5307 5307 3931 5308 5308 3931 5309 5309 3931 5310 5310 3931 5311 5311 3931 5312 5312 3931 5279 5285 3931 5253 5313 3931 5296 5314 3931 5315 5316 3931 5314 5317 3931 5316 5318 3931 5317 5319 3931 5318 5320 3931 5319 5321 3931 5320 5322 3931 5321 5323 3931 5322 5324 3931 5323 5325 3931 5275 5315 3931 5325 5326 3931 5324 5282 3931 5327 5327 3931 5328 5328 3931 5329 5330 3931 5331 5331 3931 5332 5332 3931 5333 5334 3931 5335 5336 3931 5334 5337 3931 5336 5338 3931 5337 5339 3931 5338 5340 3931 5339 5341 3931 5340 5342 3931 5341 5343 3931 5342 5344 3931 5343 5300 3931 5345 5345 3931 5346 5346 3931 5347 5348 3931 5349 5349 3931 5350 5350 3931 5351 5329 3931 5352 5352 3931 5353 5353 3931 5354 5347 3931 5355 5354 3931 5356 5355 3931 5357 5356 3931 5358 5357 3931 5359 5358 3931 5360 5359 3931 5361 5360 3931 5330 5361 3931 5362 5362 3931 5363 5364 3931 5313 5363 3931 5365 5335 3931 5364 5365 3931 5348 5366 3931 5344 5367 3931 5368 5369 3931 5367 5370 3931 5369 5371 3931 5370 5372 3931 5371 5373 3931 5372 5374 3931 5373 5375 3931 5374 5376 3931 5375 5377 3931 5376 5378 3931 5326 5368 3931 5378 5379 3931 5377 5333 3931 5380 5380 3931 5381 5382 3931 5383 5383 3931 5384 5384 3931 5385 5386 3931 5387 5388 3931 5386 5389 3931 5388 5390 3931 5389 5391 3931 5390 5392 3931 5391 5393 3931 5392 5394 3931 5393 5395 3931 5394 5396 3931 5395 5397 3931 5398 5398 3931 5399 5381 3931 5400 5400 3931 5401 5351 3931 5402 5401 3931 5403 5402 3931 5404 5403 3931 5405 5404 3931 5406 5405 3931 5407 5407 3931 5408 5408 3931 5409 5409 3931 5382 5410 3931 5366 5387 3931 5410 5411 3931 5396 5412 3931 5411 5413 3931 5414 5415 3931 5413 5416 3931 5415 5417 3931 5416 5418 3931 5417 5419 3931 5418 5420 3931 5419 5421 3931 5420 5422 3931 5421 5423 3931 5422 5424 3931 5425 5425 3931 5426 5426 3931 5427 5427 3931 5428 5428 3931 5429 5429 3931 5397 5406 3931 5430 5430 3931 5424 5431 3931 5379 5414 3931 5431 5432 3931 5423 5433 3931 5432 5385 3931 5434 5434 3931 5435 5436 3931 5437 5437 3931 5438 5439 3931 5440 5441 3931 5439 5442 3931 5441 5443 3931 5442 5444 3931 5443 5445 3931 5444 5446 3931 5445 5447 3931 5446 5448 3931 5447 5449 3931 5448 5399 3931 5450 5450 3931 5451 5451 3931 5452 5435 3931 5453 5453 3931 5454 5454 3931 5455 5455 3931 5456 5456 3931 5457 5457 3931 5458 5458 3931 5459 5459 3931 5436 5460 3931 5461 5461 3931 5462 5440 3931 5412 5463 3931 5464 5465 3931 5463 5466 3931 5449 5467 3931 5465 5468 3931 5466 5469 3931 5467 5470 3931 5469 5471 3931 5470 5472 3931 5473 5474 3931 5472 5475 3931 5474 5464 3931 5475 5452 3931 5476 5476 3931 5477 5477 3931 5478 5478 3931 5479 5479 3931 5480 5480 3931 5481 5481 3931 5482 5482 3931 5460 5483 3931 5471 5484 3931 5483 5473 3931 5433 5438 3931 5485 5485 3931 5486 5486 3931 5487 5488 3931 5489 5489 3931 5490 5490 3931 5491 5492 3931 5493 5494 3931 5492 5495 3931 5494 5496 3931 5495 5497 3931 5496 5498 3931 5497 5499 3931 5498 5500 3931 5499 5501 3931 5500 5502 3931 5501 5487 3931 5503 5462 3931 5504 5503 3931 5505 5504 3931 5506 5505 3931 5507 5506 3931 5508 5507 3931 5509 5509 3931 5510 5510 3931 5511 5511 3931 5512 5512 3931 5488 5513 3931 5514 5514 3931 5515 5515 3931 5516 5493 3931 5468 5517 3931 5502 5518 3931 5517 5508 3931 5519 5519 3931 5520 5520 3931 5521 5521 3931 5522 5522 3931 5523 5523 3931 5524 5524 3931 5525 5525 3931 5513 5526 3931 5527 5528 3931 5526 5529 3931 5528 5530 3931 5529 5531 3931 5530 5532 3931 5531 5533 3931 5532 5534 3931 5533 5535 3931 5534 5536 3931 5535 5537 3931 5484 5527 3931 5537 5538 3931 5536 5539 3931 5538 5491 3931 5540 5540 3931 5541 5542 3931 5543 5543 3931 5544 5544 3931 5545 5546 3931 5547 5548 3931 5546 5549 3931 5548 5550 3931 5549 5551 3931 5550 5552 3931 5551 5553 3931 5552 5554 3931 5553 5555 3931 5554 5516 3931 5556 5556 3931 5557 5558 3931 5559 5559 3931 5560 5560 3931 5561 5541 3931 5562 5562 3931 5563 5563 3931 5564 5564 3931 5565 5565 3931 5566 5566 3931 5567 5567 3931 5568 5568 3931 5542 5569 3931 5518 5547 3931 5569 5557 3931 5570 5571 3931 5555 5570 3931 5572 5573 3931 5571 5572 3931 5574 5574 3931 5575 5575 3931 5576 5576 3931 5577 5577 3931 5578 5578 3931 5558 5579 3931 5580 5581 3931 5579 5582 3931 5581 5583 3931 5582 5584 3931 5583 5585 3931 5584 5586 3931 5585 5587 3931 5586 5588 3931 5587 5589 3931 5539 5580 3931 5589 5590 3931 5588 5591 3931 5590 5592 3931 5593 5593 3931 5594 5594 3931 5595 5545 3931 5596 5596 3931 5597 5598 3931 5599 5600 3931 5598 5601 3931 5600 5602 3931 5601 5603 3931 5602 5604 3931 5603 5605 3931 5604 5606 3931 5605 5607 3931 5606 5608 3931 5607 5561 3931 5609 5609 3931 5610 5610 3931 5611 5612 3931 5592 5597 3931 5613 5613 3931 5614 5615 3931 5616 5614 3931 5617 5616 3931 5618 5617 3931 5619 5618 3931 5620 5619 3931 5621 5621 3931 5622 5622 3931 5612 5599 3931 5573 5623 3931 5608 5624 3931 5623 5611 3931 5625 5625 3931 5626 5626 3931 5627 5627 3931 5628 5628 3931 5629 5629 3931 5630 5630 3931 5631 5631 3931 5615 5632 3931 5633 5634 3931 5632 5635 3931 5634 5636 3931 5635 5637 3931 5636 5638 3931 5637 5639 3931 5638 5640 3931 5639 5641 3931 5640 5642 3931 5641 5643 3931 5591 5633 3931 5643 5644 3931 5642 5645 3931 5644 5595 3931 5646 5646 3931 5647 5648 3931 5649 5649 3931 5650 5650 3931 5651 5652 3931 5653 5654 3931 5652 5655 3931 5656 5657 3931 5655 5658 3931 5657 5659 3931 5658 5660 3931 5659 5661 3931 5660 5662 3931 5661 5653 3931 5662 5647 3931 5663 5663 3931 5664 5664 3931 5665 5665 3931 5666 5666 3931 5667 5667 3931 5668 5620 3931 5669 5668 3931 5670 5669 3931 5671 5670 3931 5648 5671 3931 5672 5673 3931 5654 5674 3931 5675 5675 3931 5676 5676 3931 5677 5656 3931 5624 5672 3931 5678 5678 3931 5679 5679 3931 5680 5680 3931 5681 5681 3931 5682 5682 3931 5683 5683 3931 5684 5684 3931 5674 5685 3931 5686 5687 3931 5685 5688 3931 5687 5689 3931 5688 5690 3931 5689 5691 3931 5690 5692 3931 5691 5693 3931 5692 5694 3931 5693 5695 3931 5694 5651 3931 5696 5696 3931 5697 5686 3931 5645 5698 3931 5695 5699 3931 5700 5701 3931 5698 5700 3931 5702 5703 3931 5704 5705 3931 5703 5706 3931 5705 5707 3931 5706 5708 3931 5707 5709 3931 5708 5710 3931 5709 5711 3931 5710 5712 3931 5711 5713 3931 5712 5697 3931 5714 5714 3931 5715 5715 3931 5716 5716 3931 5717 5717 3931 5718 5718 3931 5719 5719 3931 5720 5720 3931 5699 5721 3931 5673 5704 3931 5721 5722 3931 5713 5723 3931 5722 5677 3931 5724 5724 3931 5725 5725 3931 5726 5727 3931 5728 5728 3931 5729 5729 3931 5730 5726 3931 5731 5731 3931 5732 5732 3931 5733 5733 3931 5734 5734 3931 5735 5735 3931 5736 5736 3931 5727 5737 3931 5738 5739 3931 5737 5740 3931 5739 5741 3931 5740 5742 3931 5741 5743 3931 5742 5744 3931 5743 5745 3931 5744 5746 3931 5745 5747 3931 5746 5702 3931 5748 5748 3931 5749 5749 3931 5750 5751 3931 5752 5752 3931 5753 5754 3931 5701 5738 3931 5754 5755 3931 5756 5757 3931 5747 5758 3931 5755 5759 3931 5757 5760 3931 5758 5761 3931 5760 5762 3931 5761 5763 3931 5762 5764 3931 5763 5765 3931 5764 5766 3931 5765 5767 3931 5766 5750 3931 5768 5768 3931 5769 5769 3931 5770 5770 3931 5771 5771 3931 5772 5772 3931 5773 5773 3931 5774 5774 3931 5751 5756 3931 5723 5775 3931 5776 5777 3931 5767 5778 3931 5777 5730 3931 5779 5779 3931 5780 5780 3931 5781 5782 3931 5783 5783 3931 5775 5781 3931 5784 5784 3931 5785 5785 3931 5786 5786 3931 5787 5787 3931 5788 5788 3931 5789 5789 3931 5782 5790 3931 5791 5792 3931 5790 5793 3931 5792 5794 3931 5793 5795 3931 5794 5796 3931 5795 5797 3931 5796 5798 3931 5797 5799 3931 5798 5753 3931 5800 5800 3931 5801 5801 3931 5802 5803 3931 5804 5804 3931 5805 5805 3931 5806 5807 3931 5808 5809 3931 5807 5810 3931 5809 5811 3931 5810 5812 3931 5811 5813 3931 5812 5814 3931 5813 5815 3931 5814 5816 3931 5759 5817 3931 5815 5791 3931 5816 5818 3931 5817 5819 3931 5799 5820 3931 5819 5802 3931 5821 5821 3931 5822 5822 3931 5823 5823 3931 5824 5824 3931 5825 5825 3931 5826 5826 3931 5827 5827 3931 5803 5808 3931 5778 5828 3931 5818 5829 3931 5828 5776 3931 5830 5830 3931 5831 5831 3931 5832 5833 3931 5834 5834 3931 5835 5835 3931 5836 5832 3931 5837 5837 3931 5838 5838 3931 5839 5839 3931 5840 5840 3931 5841 5841 3931 5842 5842 3931 5843 5843 3931 5833 5844 3931 5845 5846 3931 5844 5847 3931 5846 5848 3931 5847 5849 3931 5848 5850 3931 5849 5851 3931 5850 5852 3931 5851 5853 3931 5852 5854 3931 5853 5806 3931 5855 5855 3931 5856 5857 3931 5858 5858 3931 5859 5859 3931 384 5860 3931 5854 5861 3931 5862 398 3931 5860 5863 3931 5861 5864 3931 5863 5865 3931 5864 5866 3931 5865 5867 3931 5866 5868 3931 5867 5869 3931 5868 5870 3931 5869 5871 3931 5820 5845 3931 5871 5856 3931 5872 5872 3931 5873 5873 3931 5874 5874 3931 5875 5875 3931 5876 5876 3931 5877 5877 3931 5878 5878 3931 5857 5879 3931 5829 5862 3931 5879 5880 3931 5870 433 3931 5880 5836 3931 5881 5881 3931 5882 5882 3931 373 382 3931 5883 5883 3931 5884 5884 3931 445 5885 3931 397 5886 3931 5885 5887 3931 5886 5888 3931 5887 5889 3931 5888 5890 3931 5889 5891 3931 5890 5892 3931 5891 5893 3931 5892 400 3931 5893 5894 5895 5896 5896 5895 5897 5897 5895 5898 5898 5895 5899 2195 3931 5900 5900 3931 5901 5901 3931 5902 5902 3931 5903 5903 3931 5894 5894 3931 5895 5904 5905 5906 5906 5905 5907 5908 5909 5910 5905 368 5908 5904 368 5905 5908 368 5909 5904 5911 368 5912 5913 5914 5915 5916 5917 5917 5916 5918 368 5919 5920 5920 5919 5912 5912 5919 5913 5918 5921 5911 5911 5921 368 5916 5921 5918 368 5921 5919 5922 5923 5924 5922 5924 5925 5922 5925 5926 5922 5926 5927 5922 5927 5928 5922 5928 5929 5930 5931 5932 5930 5932 5933 5930 5933 5934 5930 5934 5935 5930 5935 5936 5930 5936 5923 5930 5923 5922 5937 5929 5938 5937 5938 5939 5937 5939 5940 5937 5940 5941 5937 5941 5942 5937 5942 5943 5937 5943 5944 5937 5922 5929 5945 5946 5947 5945 5947 5948 5945 5948 5949 5945 5949 5931 5945 5931 5930 5950 5946 5945 5951 5944 5952 5951 5952 5953 5951 5953 5954 5951 5954 5955 5951 5955 5956 5951 5956 5957 5951 5937 5944 5958 5959 5960 5958 5960 5961 5958 5961 5950 5958 5950 5945 5962 5959 5958 5963 5957 5964 5963 5964 5965 5963 5965 5966 5963 5966 5967 5963 5967 5968 5963 5951 5957 5969 5963 5968 5970 5971 5972 5970 5972 5973 5970 5973 5962 5970 5962 5958 5974 5971 5970 5975 5974 5970 5975 5976 5974 5977 5976 5975 5978 5979 5980 5981 5978 5980 5982 5980 5983 5982 5981 5980 5984 5983 5985 5984 5982 5983 5986 5985 5987 5986 5987 5976 5986 5976 5977 5986 5984 5985 5988 5963 5969 5988 5969 5989 5988 5989 5990 5988 5990 5991 5988 5991 5992 5988 5992 5993 5988 5993 5994 5995 5988 5994 5996 5995 5997 5996 5997 5998 5996 5998 5999 5996 5999 6000 5996 5988 5995 6001 5996 6000 6002 5996 6001 6003 5996 6002 6004 5996 6003 6005 6004 6006 6005 6006 6007 6005 6007 6008 6005 6008 6009 6005 5996 6004 6010 6005 6009 6011 6005 6010 6012 6005 6011 6013 6005 6012 6013 6012 6014 6013 6014 6015 6013 6015 6016 6013 6016 6017 6018 6013 6017 6019 6013 6018 6020 6013 6019 6021 6013 6020 6022 6013 6021 6023 6013 6022 6023 6022 6024 6023 6024 6025 6026 6023 6025 6027 6023 6026 6028 6023 6027 6029 6023 6028 6030 6023 6029 6031 6023 6030 6032 6023 6031 6033 6032 6031 6034 6032 6033 6035 6032 6034 6036 6032 6035 6037 6032 6036 6038 6032 6037 6039 6032 6038 5904 6032 6039 6040 5904 6039 6041 5904 6040 5911 5904 6041 1863 6042 3931 6042 6043 3931 6043 6044 3931 6044 6045 3931 6045 6046 3931 6047 3931 6048 6048 3931 6049 6049 3931 6050 6050 3931 6051 6046 6052 3931 6052 6053 3931 6055 3931 6056 6057 3931 6053 6056 3931 6058 6058 3931 6059 6059 3931 6060 6060 3931 6054 6057 6061 3931 6051 3931 6062 6062 3931 6063 6061 6064 3931 6063 3931 6065 6065 3931 6066 6064 6067 3931 6068 3931 6069 6069 3931 6070 6070 3931 6071 6071 3931 6055 6066 3931 6072 6072 3931 6073 6073 3931 6074 6074 3931 6075 6076 3931 6077 6077 3931 6067 6075 3931 6078 6076 6079 3931 6078 3931 6080 6080 3931 6081 6081 3931 6068 6079 6082 3931 6082 6083 3931 6083 6084 3931 6084 6085 3931 6086 3931 6087 6087 3931 6088 6088 3931 6089 6089 3931 6090 6090 3931 6091 6091 3931 6085 6086 6092 3931 6092 6093 3931 6093 6094 3931 6095 3931 6096 6096 3931 6097 6097 3931 6094 6095 6098 3931 6098 6099 3931 6100 3931 6101 6101 3931 6099 6100 6102 3931 6102 6103 3931 5895 3931 6104 3931 6105 6104 6106 3931 6107 6107 3931 6108 6108 3931 6109 6109 3931 6103 6106 6110 3931 6105 3931 6111 6111 3931 6112 6112 3931 6113 6114 3931 6115 6115 3931 6116 6116 3931 6117 6117 3931 6118 6118 3931 6119 6119 3931 6110 6113 3931 6120 6120 3931 6121 6121 3931 6122 6122 3931 6123 6124 3931 6125 6125 3931 6126 6126 3931 6127 6127 3931 6128 6128 3931 6114 6123 3931 6129 6129 3931 6130 6130 3931 6131 6131 3931 6047 6054 3931 6132 6132 3931 6133 6133 3931 6134 6134 3931 6135 6135 3931 6124 6137 6146 6150 6137 6150 6151 6147 6137 6151 6147 6151 6136 6148 6140 6139 6141 6138 6145 6141 6140 6138 6140 6146 6138 6139 6140 6141 6143 6144 6142 6142 6144 6145 6144 6149 6145 6150 6146 6145 6146 6137 6148 6148 6147 6140 6140 6147 6146 6137 6147 6148 6147 6144 6143 6147 6136 6144 6147 6143 6150 6136 6138 6144 6143 6149 6150 6144 6150 6149 6144 6151 6150 6136 6148 6139 6144 6138 6151 6138 6148 6151 6146 6148 6138 6151 6148 6136 6145 6147 6142 6145 6139 6147 6138 6139 6145 6139 6141 6147 6141 6146 6147 6145 6146 6141 6145 6149 6152 6149 6143 6152 6152 6143 6142 6138 6136 6139 6150 6152 6147 6152 6142 6147 6145 6152 6150 6155 6154 6160 6159 6154 6153 6154 6304 6153 6155 6304 6154 6156 6165 6158 6155 6295 6157 6157 6158 6193 6157 6156 6158 6160 6154 6295 6160 6156 6159 6170 6307 6161 6161 6307 6160 6156 6160 6307 6305 6303 6164 6162 6159 6163 6163 6303 6193 6164 6303 6163 6159 6165 6167 6168 6159 6167 6166 6160 6168 6168 6167 6193 6303 6168 6193 6303 6166 6168 6160 6162 6169 6170 6164 6160 6170 6169 6193 6170 6160 6169 6308 6170 6193 6161 6164 6170 6308 6305 6166 6305 6164 6166 6157 6154 6156 6164 6163 6168 6156 6295 6306 6166 6296 6295 6166 6295 6155 6164 6296 6166 6160 6166 6155 6161 6296 6164 6160 6296 6161 6284 6160 6295 6284 6296 6160 6167 6306 6158 6169 6306 6167 6284 6306 6169 6307 6284 6169 6153 6167 6158 6193 6169 6163 6163 6169 6167 6284 6156 6162 6159 6162 6160 6165 6156 6306 6306 6284 6162 6306 6162 6165 6305 6308 6307 6305 6304 6303 6171 6284 6292 6193 6231 6274 6231 6193 6200 6216 6309 6231 6193 6184 6172 6193 6172 6214 6193 6214 6213 6215 6193 6213 6284 6193 6215 6172 6215 6213 6214 6172 6211 6211 6172 6213 6184 6193 6175 6176 6175 6177 6173 6184 6176 6176 6184 6175 6173 6177 6184 6178 6174 6274 6179 6178 6274 6180 6195 6174 6226 6174 6178 6226 6180 6174 6186 6182 6185 6226 6182 6186 6183 6174 6195 6176 6183 6221 6195 6194 6188 6182 6187 6185 6187 6271 6186 6184 6190 6188 6192 6306 6191 6194 6193 6269 6193 6272 6196 6312 6192 6193 6189 6171 6295 6182 6194 6195 6306 6295 6191 6182 6195 6187 6285 6192 6292 6193 6203 6197 6193 6197 6209 6197 6196 6209 6203 6200 6201 6198 6210 6223 6210 6200 6199 6203 6198 6209 6199 6202 6211 6267 6200 6210 6223 6211 6202 6201 6216 6267 6210 6211 6223 6198 6203 6224 6206 6204 6208 6208 6204 6218 6203 6207 6220 6207 6201 6219 6203 6220 6224 6203 6217 6207 6206 6217 6203 6201 6207 6208 6268 6216 6209 6202 6284 6210 6284 6214 6211 6211 6213 6184 6214 6212 6213 6212 6184 6213 6215 6172 6212 6212 6172 6184 6231 6309 6207 6217 6206 6224 6206 6268 6224 6231 6217 6268 6198 6207 6217 6309 6268 6203 6268 6208 6203 6203 6208 6286 6203 6286 6206 6204 6231 6218 6231 6207 6218 6218 6198 6205 6207 6198 6218 6217 6231 6219 6231 6198 6219 6268 6217 6220 6207 6309 6208 6208 6268 6206 6195 6184 6221 6202 6210 6184 6220 6217 6224 6190 6259 6223 6258 6225 6198 6225 6193 6198 6262 6227 6228 6226 6178 6230 6178 6227 6230 6262 6229 6264 6264 6230 6262 6262 6230 6227 6229 6226 6230 6177 6193 6274 6267 6210 6198 6274 6226 6232 6250 6181 6261 6237 6231 6194 6194 6250 6243 6194 6266 6250 6194 6243 6237 6274 6234 6240 6248 6181 6250 6247 6243 6250 6182 6266 6194 6233 6234 6238 6235 6238 6236 6236 6238 6234 6231 6237 6234 6240 6252 6238 6241 6237 6239 6233 6237 6241 6239 6237 6181 6240 6253 6246 6253 6239 6246 6242 6233 6244 6242 6244 6241 6241 6249 6246 6243 6242 6241 6243 6241 6246 6248 6249 6247 6251 6245 6244 6251 6244 6246 6250 6251 6246 6250 6249 6248 6250 6246 6249 6237 6252 6240 6237 6240 6234 6238 6252 6253 6252 6241 6253 6244 6253 6241 6244 6249 6253 6247 6246 6244 6249 6266 6255 6266 6249 6256 6255 6248 6254 6240 6254 6236 6246 6255 6254 6246 6254 6240 6235 6236 6254 6247 6255 6246 6249 6255 6247 6253 6240 6235 6253 6235 6254 6247 6250 6261 6234 6252 6231 6256 6231 6252 6256 6252 6242 6251 6256 6242 6252 6237 6242 6242 6243 6247 6242 6247 6251 6256 6251 6250 6233 6253 6231 6256 6249 6244 6256 6245 6233 6231 6256 6233 6244 6245 6256 6182 6226 6181 6193 6259 6257 6257 6258 6193 6257 6225 6258 6193 6225 6259 6258 6198 6223 6260 6258 6223 6193 6258 6260 6193 6260 6190 6196 6194 6231 6259 6225 6223 6225 6257 6223 6274 6181 6226 6195 6180 6271 6253 6254 6274 6231 6253 6274 6265 6274 6254 6239 6265 6254 6261 6239 6254 6248 6261 6254 6263 6262 6232 6264 6226 6263 6226 6264 6232 6264 6263 6230 6263 6232 6230 6230 6232 6229 6232 6262 6228 6227 6232 6228 6274 6232 6227 6228 6274 6227 6229 6262 6263 6226 6229 6263 6232 6264 6229 6233 6242 6237 6261 6246 6239 6245 6251 6247 6247 6261 6248 6233 6252 6234 6239 6240 6265 6274 6240 6239 6234 6274 6265 6265 6236 6234 6181 6255 6182 6255 6266 6182 6255 6181 6248 6181 6274 6239 6237 6243 6181 6246 6181 6243 6246 6261 6181 6266 6256 6250 6198 6224 6268 6198 6201 6267 6267 6216 6231 6267 6231 6200 6209 6231 6268 6209 6196 6231 6269 6190 6194 6269 6273 6190 6273 6269 6272 6269 6270 6272 6270 6269 6193 6270 6193 6190 6273 6270 6190 6226 6271 6185 6271 6180 6185 6271 6226 6186 6190 6223 6222 6223 6184 6188 6222 6223 6188 6190 6195 6188 6190 6222 6195 6194 6190 6184 6222 6188 6194 6184 6222 6194 6185 6187 6226 6226 6187 6180 6187 6186 6180 6185 6180 6186 6193 6194 6272 6194 6196 6273 6270 6196 6272 6273 6196 6270 6194 6273 6272 6209 6198 6193 6268 6219 6198 6219 6268 6220 6207 6219 6220 6198 6217 6201 6201 6217 6219 6259 6190 6260 6223 6257 6260 6257 6259 6260 6179 6274 6228 6222 6184 6195 6184 6223 6202 6177 6195 6193 6183 6195 6177 6184 6174 6221 6241 6252 6233 6238 6253 6233 6247 6233 6245 6247 6244 6233 6221 6183 6175 6177 6175 6183 6221 6175 6195 6175 6193 6195 6195 6271 6187 6210 6199 6184 6211 6210 6284 6211 6184 6199 6174 6183 6176 6174 6176 6177 6173 6221 6174 6173 6174 6177 6221 6173 6176 6265 6240 6236 6238 6235 6240 6241 6239 6249 6239 6253 6249 6305 6276 6295 6277 6171 6276 6276 6279 6277 6171 6278 6281 6171 6292 6278 6278 6314 6280 6278 6292 6314 6275 6280 6281 6280 6292 6281 6281 6292 6282 6189 6275 6283 6214 6284 6215 6284 6202 6200 6200 6285 6284 6198 6231 6205 6205 6231 6204 6206 6286 6204 6286 6309 6204 6204 6309 6203 6285 6287 6193 6200 6294 6285 6203 6285 6294 6294 6288 6203 6288 6193 6287 6288 6287 6200 6288 6200 6203 6290 6279 6289 6289 6279 6276 6276 6305 6291 6216 6201 6200 6204 6203 6201 6284 6171 6305 6193 6288 6293 6193 6293 6203 6216 6193 6196 6203 6293 6287 6287 6293 6294 6293 6288 6294 6197 6203 6196 6296 6308 6304 6297 6301 6305 6299 6298 6300 6305 6300 6298 6301 6300 6305 6301 6298 6299 6289 6299 6291 6299 6300 6291 6291 6300 6276 6302 6297 6171 6290 6301 6297 6171 6290 6302 6301 6290 6289 6301 6289 6298 6291 6298 6289 6305 6298 6291 6300 6301 6276 6276 6299 6289 6301 6299 6276 6162 6167 6165 6162 6163 6167 6308 6166 6303 6159 6158 6165 6159 6153 6158 6157 6308 6155 6155 6308 6303 6156 6169 6162 6156 6307 6169 6307 6296 6305 6307 6170 6296 6171 6297 6305 6193 6158 6306 6304 6305 6295 6295 6296 6304 6305 6296 6284 6193 6167 6153 6157 6153 6304 6155 6303 6304 6157 6193 6153 6193 6307 6308 6216 6196 6203 6216 6203 6209 6309 6216 6268 6193 6216 6200 6193 6284 6307 6311 6285 6193 6310 6311 6193 6310 6193 6192 6285 6310 6192 6275 6189 6295 6275 6295 6276 6284 6285 6282 6285 6191 6282 6191 6285 6292 6282 6292 6192 6284 6192 6191 6282 6192 6284 6191 6295 6171 6191 6275 6276 6276 6189 6191 6171 6189 6276 6171 6275 6191 6306 6192 6311 6311 6192 6312 6312 6193 6306 6312 6285 6311 6310 6285 6312 6312 6306 6310 6310 6306 6311 6204 6201 6205 6201 6208 6218 6201 6218 6205 6286 6208 6309 6287 6285 6203 6200 6287 6294 6313 6171 6277 6302 6313 6277 6302 6290 6313 6313 6290 6171 6292 6284 6191 6314 6191 6189 6292 6280 6283 6280 6189 6283 6314 6189 6280 6283 6314 6292 6191 6283 6282 6191 6314 6283 6212 6199 6200 6215 6212 6200 6214 6215 6200 6202 6214 6200 6199 6214 6202 6199 6212 6214 6282 6280 6275 6278 6280 6282 6278 6283 6275 6159 6168 6163 6159 6156 6154 6160 6164 6168 6295 6154 6157 6308 6157 6304 6308 6296 6170 6284 6295 6156 6283 6278 6282 6281 6278 6275 6275 6171 6282 6171 6281 6282 6274 6174 6184 6184 6177 6274 6315 6316 6317 6316 6318 6317 6316 6319 6318 6320 9878 6321 6321 9878 6322 6322 9878 6323 6319 6324 6318 6323 9878 6325 6325 9878 6326 6326 9878 6327 6327 9878 6328 6328 9878 6329 6319 6330 6324 6330 6332 6324 6331 9878 6333 6333 9878 6334 6335 6332 6330 6335 6336 6332 6337 9878 6338 6339 6336 6335 6338 9878 6340 6340 9878 6341 6339 6342 6336 6343 6342 6339 6344 9878 6345 6346 9878 6347 6348 9878 6346 6343 6349 6342 6350 9878 6351 6352 9878 6350 6353 6349 6343 6354 9878 6352 6355 9878 6354 6356 9878 6355 6357 9878 6356 6358 9878 6357 6359 9878 6358 6360 9878 6359 6353 6361 6349 6362 9878 6360 6353 6363 6361 6364 6363 6353 6364 6365 6363 6366 6365 6364 6367 6368 6366 6366 6368 6365 6334 9878 6369 6369 9878 6370 6370 9878 6371 6372 6373 6367 6371 9878 6374 6374 9878 6375 6367 6373 6368 6375 9878 6376 6376 9878 6377 6377 9878 6337 6378 6379 6372 6372 6379 6373 6381 6382 6378 6351 9878 6380 6378 6382 6379 6383 9878 6362 6384 9878 6383 6385 6386 6381 6381 6386 6382 6387 6388 6385 6385 6388 6386 6389 6390 6387 6387 6390 6388 6389 6391 6390 6392 9878 6393 6393 9878 6394 6394 9878 6395 6396 9878 6397 6398 6399 6389 6397 9878 6400 6400 9878 6401 6389 6399 6391 6402 9878 6403 6404 9878 6402 6405 9878 6404 6406 9878 6405 6407 9878 6406 6408 6409 6398 6410 9878 6407 6411 9878 6410 6412 9878 6411 6413 9878 6412 6398 6409 6399 6414 9878 6413 6415 6416 6408 6408 6416 6409 6417 6418 6415 6415 6418 6416 6419 6420 6417 6417 6420 6418 6419 6421 6420 6422 6421 6419 6395 9878 6423 6423 9878 6424 6424 9878 6425 6425 9878 6426 6426 9878 6427 6427 9878 6428 6428 9878 6396 6403 9878 6348 6429 6430 6422 6341 9878 6431 6432 9878 6414 6431 9878 6433 6422 6430 6421 6434 9878 6435 6429 6436 6430 6435 9878 6437 6438 6436 6429 6437 9878 6439 6438 6440 6436 6441 9878 6442 6443 9878 6441 6444 9878 6443 6445 9878 6444 6446 9878 6445 6447 9878 6446 6448 9878 6447 6449 9878 6448 6450 9878 6449 6451 9878 6450 6433 9878 6452 6452 9878 6453 6453 9878 6454 6454 9878 6455 6455 9878 6456 6456 9878 6457 6457 9878 6458 6458 9878 6434 6442 9878 6384 6459 6460 6461 6462 9878 6451 6463 9878 6462 6459 6464 6460 6459 6465 6464 6466 6465 6459 6401 9878 6467 6466 6468 6465 6467 9878 6469 6470 6468 6466 6471 9878 6472 6472 9878 6473 6473 9878 6474 6470 6475 6468 6476 6475 6470 6477 9878 6478 6479 9878 6477 6480 9878 6479 6481 9878 6480 6482 9878 6481 6483 9878 6482 6484 9878 6483 6485 9878 6484 6486 9878 6485 6487 9878 6486 6476 6488 6475 6489 6488 6476 6489 6490 6488 6489 6491 6490 6492 6491 6489 6469 9878 6493 6493 9878 6494 6494 9878 6495 6495 9878 6496 6496 9878 6497 6497 9878 6498 6498 9878 6499 6499 9878 6471 6500 9878 6432 6501 9878 6502 6478 9878 6500 6502 9878 6503 6504 9878 6487 6439 9878 6505 6505 9878 6506 6507 9878 6508 6509 9878 6507 6510 9878 6509 6511 9878 6510 6512 9878 6511 6513 9878 6512 6514 9878 6513 6515 9878 6514 6516 9878 6515 6517 9878 6516 6518 9878 6519 6519 9878 6520 6520 9878 6521 6521 9878 6501 6506 9878 6522 6522 9878 6523 6523 9878 6524 6524 9878 6518 6508 9878 6463 6525 9878 6517 6526 9878 6525 6474 9878 6527 6527 9878 6528 6529 6530 6531 6532 6530 6529 6533 9878 6534 6534 9878 6535 6536 9878 6537 6538 9878 6536 6532 6539 6530 6540 9878 6538 6541 6539 6532 6542 9878 6540 6543 9878 6542 6544 9878 6543 6545 9878 6544 6546 9878 6545 6547 9878 6546 6548 9878 6547 6541 6549 6539 6550 6549 6541 6550 6551 6549 6550 6552 6551 6553 6552 6550 6528 9878 6554 6554 9878 6555 6555 9878 6556 6556 9878 6557 6557 9878 6558 6558 9878 6559 6559 9878 6560 6560 9878 6533 6553 6561 6552 6503 9878 6562 6562 9878 6563 6564 6561 6553 6563 9878 6565 6566 9878 6504 6537 9878 6566 6567 9878 6548 6568 9878 6567 6569 9878 6570 6570 9878 6571 6571 9878 6572 6573 9878 6574 6575 9878 6573 6576 9878 6575 6577 9878 6576 6578 9878 6577 6579 9878 6580 6581 9878 6579 6582 9878 6581 6583 9878 6582 6574 9878 6583 6565 9878 6584 6584 9878 6585 6585 9878 6586 6586 9878 6587 6587 9878 6588 6588 9878 6589 6589 9878 6590 6590 9878 6569 6591 9878 6578 6592 9878 6591 6580 9878 6526 6535 9878 6593 6593 9878 6594 6594 9878 6595 6596 9878 6597 6597 9878 6598 6598 9878 6599 6600 9878 6601 6602 9878 6600 6603 9878 6602 6604 9878 6603 6605 9878 6604 6606 9878 6605 6607 9878 6606 6608 9878 6607 6609 9878 6608 6610 9878 6609 6595 9878 6611 6611 9878 6612 6612 9878 6613 6613 9878 6614 6614 9878 6615 6615 9878 6616 6616 9878 6617 6617 9878 6596 6572 9878 6618 6618 9878 6619 6620 9878 6621 6621 9878 6622 6622 9878 6623 6601 9878 6568 6624 9878 6610 6625 9878 6624 6619 9878 6626 6626 9878 6627 6628 6629 6630 6627 9878 6631 6631 9878 6632 6632 9878 6633 6633 9878 6634 6634 9878 6635 6635 9878 6620 6636 9878 6637 6638 9878 6636 6639 9878 6638 6640 9878 6639 6641 9878 6640 6642 9878 6641 6643 9878 6642 6628 6644 6629 6645 9878 6643 6646 9878 6645 6647 9878 6646 6648 9878 6592 6637 9878 6648 6649 9878 6647 6650 9878 6649 6599 9878 6651 6651 9878 6652 6653 9878 6654 6654 9878 6655 6655 9878 6656 6657 9878 6658 6659 9878 6657 6660 9878 6659 6661 9878 6660 6662 9878 6661 6663 9878 6662 6664 9878 6663 6665 9878 6664 6666 9878 6665 6667 9878 6666 6623 9878 6668 6668 9878 6669 6670 9878 6671 6671 9878 6672 6672 9878 6673 6652 9878 6674 6674 9878 6675 6675 9878 6676 6676 9878 6677 6677 9878 6678 6678 9878 6679 6679 9878 6680 6680 9878 6653 6669 9878 6681 6681 9878 6682 6682 9878 6683 6683 9878 6684 6684 9878 6685 6685 9878 6686 6686 9878 6687 6687 9878 6670 6658 9878 6625 6688 9878 6667 6689 9878 6688 6690 9878 6691 6692 9878 6690 6693 9878 6692 6694 9878 6693 6695 9878 6694 6696 9878 6695 6697 9878 6696 6698 9878 6697 6699 9878 6698 6700 9878 6699 6701 9878 6650 6691 9878 6701 6702 9878 6700 6703 9878 6704 6704 9878 6705 6705 9878 6706 6656 9878 6707 6707 9878 6708 6709 9878 6710 6711 9878 6709 6712 9878 6711 6713 9878 6712 6714 9878 6713 6715 9878 6714 6716 9878 6715 6717 9878 6716 6718 9878 6717 6719 9878 6718 6673 9878 6720 6720 9878 6721 6721 9878 6722 6723 9878 6724 6724 9878 6725 6725 9878 6703 6708 9878 6726 6726 9878 6727 6727 9878 6728 6728 9878 6729 6730 9878 6731 6729 9878 6723 6731 9878 6732 6732 9878 6733 6710 9878 6689 6734 9878 6719 6735 9878 6734 6722 9878 6736 6736 9878 6737 6737 9878 6738 6738 9878 6739 6739 9878 6740 6740 9878 6741 6741 9878 6742 6742 9878 6730 6743 9878 6744 6745 9878 6743 6746 9878 6745 6747 9878 6746 6748 9878 6747 6749 9878 6748 6750 9878 6749 6751 9878 6750 6752 9878 6751 6753 9878 6752 6754 9878 6702 6744 9878 6754 6755 9878 6753 6706 9878 6756 6756 9878 6757 6758 9878 6759 6759 9878 6760 6760 9878 6761 6757 9878 6762 6762 9878 6763 6763 9878 6764 6764 9878 6765 6765 9878 6766 6766 9878 6767 6767 9878 6768 6768 9878 6758 6769 9878 6770 6771 9878 6769 6772 9878 6771 6773 9878 6772 6774 9878 6775 6776 9878 6774 6777 9878 6776 6778 9878 6777 6779 9878 6778 6770 9878 6779 6733 9878 6780 6780 9878 6781 6782 9878 6773 6781 9878 6783 6784 9878 6785 6785 9878 6786 6786 9878 6787 6788 9878 6789 6790 9878 6788 6791 9878 6790 6792 9878 6791 6793 9878 6792 6794 9878 6793 6795 9878 6794 6796 9878 6795 6797 9878 6796 6798 9878 6735 6799 9878 6797 6775 9878 6798 6783 9878 6800 6800 9878 6801 6801 9878 6802 6802 9878 6803 6803 9878 6804 6804 9878 6805 6805 9878 6806 6806 9878 6784 6761 9878 6807 6808 9878 6755 6807 9878 6809 6789 9878 6808 6810 9878 6799 6811 9878 6812 6812 9878 6813 6813 9878 6814 6809 9878 6815 6815 9878 6816 6816 9878 6817 6817 9878 6818 6818 9878 6819 6819 9878 6820 6820 9878 6821 6821 9878 6811 6822 9878 6823 6824 9878 6822 6825 9878 6824 6826 9878 6825 6827 9878 6826 6828 9878 6827 6829 9878 6828 6830 9878 6829 6831 9878 6830 6832 9878 6831 6787 9878 6833 6833 9878 6834 6835 9878 6782 6823 9878 6835 6836 9878 6832 6837 9878 6836 6838 9878 6839 6839 9878 6840 6841 9878 6842 6843 9878 6841 6844 9878 6843 6845 9878 6844 6846 9878 6845 6847 9878 6846 6848 9878 6847 6849 9878 6848 6850 9878 6849 6851 9878 6850 6834 9878 6852 6852 9878 6853 6853 9878 6854 6854 9878 6855 6855 9878 6856 6856 9878 6857 6857 9878 6858 6858 9878 6838 6859 9878 6810 6842 9878 6859 6860 9878 6851 6861 9878 6860 6814 9878 6862 6862 9878 6863 6863 9878 6864 6865 9878 6866 6866 9878 6867 6867 9878 6868 6869 9878 6870 6871 9878 6869 6872 9878 6871 6873 9878 6872 6874 9878 6873 6875 9878 6874 6876 9878 6875 6877 9878 6876 6878 9878 6877 6879 9878 6878 6864 9878 6880 6880 9878 6881 6881 9878 6882 6882 9878 6883 6883 9878 6884 6884 9878 6885 6885 9878 6886 6886 9878 6865 6870 9878 6837 6887 9878 6879 6888 9878 6887 6840 9878 6889 6889 9878 6890 6890 9878 6891 6892 9878 6893 6893 9878 6894 6894 9878 6895 6896 9878 6897 6898 9878 6896 6899 9878 6898 6900 9878 6899 6901 9878 6900 6902 9878 6901 6903 9878 6902 6904 9878 6903 6905 9878 6904 6906 9878 6905 6891 9878 6907 6907 9878 6908 6908 9878 6909 6909 9878 6910 6910 9878 6911 6911 9878 6912 6912 9878 6913 6913 9878 6892 6897 9878 6861 6914 9878 6906 6915 9878 6914 6868 9878 6916 6916 9878 6917 6917 9878 6918 6919 9878 6920 6920 9878 6921 6921 9878 6922 6918 9878 6923 6923 9878 6924 6924 9878 6925 6925 9878 6926 6926 9878 6927 6927 9878 6928 6928 9878 6919 6929 9878 6930 6931 9878 6929 6932 9878 6931 6933 9878 6932 6934 9878 6933 6935 9878 6934 6936 9878 6935 6937 9878 6936 6938 9878 6937 6939 9878 6940 6941 9878 6942 6942 9878 6943 6944 9878 6888 6943 9878 6945 6930 9878 6944 6946 9878 6938 6947 9878 6946 6895 9878 6939 6940 9878 6948 6948 9878 6949 6949 9878 6950 6950 9878 6951 6951 9878 6952 6952 9878 6953 6953 9878 6954 6954 9878 6941 6955 9878 6956 6957 9878 6955 6958 9878 6957 6959 9878 6958 6960 9878 6959 6961 9878 6960 6962 9878 6961 6963 9878 6962 6964 9878 6963 6965 9878 6964 6922 9878 6966 6966 9878 6967 6967 9878 6968 6969 9878 6970 6970 9878 6971 6971 9878 6972 6973 9878 6915 6956 9878 6973 6974 9878 6965 6968 9878 6975 6975 9878 6976 6976 9878 6977 6977 9878 6978 6978 9878 6979 6979 9878 6980 6980 9878 6969 6981 9878 6982 6983 9878 6981 6984 9878 6983 6985 9878 6984 6986 9878 6985 6987 9878 6986 6988 9878 6987 6989 9878 6988 6945 9878 6990 6991 9878 6989 6990 9878 6992 6993 9878 6991 6994 9878 6995 6995 9878 6996 6996 9878 6997 6992 9878 6998 6999 9878 6947 6998 9878 7000 6982 9878 6999 7000 9878 7001 7002 9878 6993 7001 9878 7003 7003 9878 7004 7004 9878 7005 7005 9878 7006 7006 9878 6994 7007 9878 7008 7009 9878 7007 7010 9878 7009 7011 9878 7010 7012 9878 7011 7013 9878 7012 7014 9878 7013 7015 9878 7014 7016 9878 7015 7017 9878 7016 7008 9878 7018 7019 9878 7017 7018 9878 6974 6972 9878 7020 7020 9878 7021 7021 9878 7022 7023 9878 7024 7024 9878 7025 7025 9878 7026 7027 9878 7028 7029 9878 7027 7030 9878 7029 7031 9878 7030 7032 9878 7031 7033 9878 7032 7034 9878 7033 7035 9878 7034 7036 9878 7035 7037 9878 7036 7022 9878 7038 7038 9878 7039 7039 9878 7040 7040 9878 7041 7041 9878 7042 7042 9878 7043 7043 9878 7044 7044 9878 7023 6997 9878 7045 7045 9878 7046 7046 9878 7047 7048 9878 7002 7028 9878 7048 7049 9878 7037 7050 9878 7049 7051 9878 7052 7052 9878 7053 7053 9878 7054 7055 9878 7056 7057 9878 7055 7058 9878 7057 7059 9878 7058 7060 9878 7059 7061 9878 7060 7062 9878 7061 7063 9878 7062 7064 9878 7063 7065 9878 7064 7047 9878 7066 7066 9878 7067 7067 9878 7068 7068 9878 7069 7069 9878 7070 7070 9878 7071 7071 9878 7072 7072 9878 7051 7073 9878 7019 7056 9878 7073 7074 9878 7065 7026 9878 7075 7075 9878 7076 7077 9878 7078 7078 9878 7079 7079 9878 7080 7081 9878 7082 7083 9878 7081 7084 9878 7083 7085 9878 7084 7086 9878 7085 7087 9878 7086 7088 9878 7087 7089 9878 7088 7090 9878 7089 7091 9878 7090 7076 9878 7092 7092 9878 7093 7093 9878 7094 7094 9878 7095 7095 9878 7096 7096 9878 7097 7097 9878 7098 7098 9878 7077 7054 9878 7099 7099 9878 7100 7101 9878 7102 7102 9878 7103 7103 9878 7104 7105 9878 7050 7082 9878 7105 7106 9878 7091 7107 9878 7106 7108 9878 7109 7110 9878 7108 7111 9878 7110 7112 9878 7111 7113 9878 7112 7114 9878 7113 7115 9878 7114 7116 9878 7115 7117 9878 7116 7118 9878 7117 7100 9878 7119 7119 9878 7120 7120 9878 7121 7121 9878 7122 7122 9878 7123 7123 9878 7124 7124 9878 7125 7125 9878 7101 7126 9878 7127 7128 9878 7129 7129 9878 7130 7130 9878 7131 7132 9878 7074 7109 9878 7132 7133 9878 7118 7080 9878 7134 7134 9878 7126 7127 9878 7135 7135 9878 7136 7136 9878 7137 7137 9878 7138 7138 9878 7139 7139 9878 7140 7140 9878 7128 7141 9878 7142 7143 9878 7141 7144 9878 7143 7145 9878 7144 7146 9878 7145 7147 9878 7146 7148 9878 7147 7149 9878 7148 7150 9878 7149 7151 9878 7150 7104 9878 7152 7152 9878 7153 7154 9878 7155 7155 9878 7156 7156 9878 7157 7158 9878 7159 7160 9878 7158 7161 9878 7160 7162 9878 7161 7163 9878 7162 7164 9878 7163 7165 9878 7164 7166 9878 7165 7167 9878 7166 7168 9878 7167 7142 9878 7107 7169 9878 7151 7170 9878 7169 7153 9878 7171 7171 9878 7172 7172 9878 7173 7173 9878 7174 7174 9878 7175 7175 9878 7176 7176 9878 7177 7177 9878 7154 7178 9878 7133 7159 9878 7178 7179 9878 7168 7180 9878 7179 7131 9878 7181 7181 9878 7182 7182 9878 7183 7184 9878 7185 7185 9878 7186 7186 9878 7187 7183 9878 7188 7188 9878 7189 7189 9878 7190 7190 9878 7191 7191 9878 7192 7192 9878 7193 7193 9878 7194 7194 9878 7184 7195 9878 7196 7197 9878 7195 7198 9878 7197 7199 9878 7198 7200 9878 7199 7201 9878 7200 7202 9878 7201 7203 9878 7202 7204 9878 7203 7157 9878 7205 7205 9878 7206 7207 9878 7208 7208 9878 7209 7209 9878 7210 7211 9878 7204 7212 9878 7211 7213 9878 7170 7206 9878 7214 7196 9878 7213 7214 9878 7215 7215 9878 7216 7216 9878 7217 7217 9878 7218 7218 9878 7219 7219 9878 7220 7220 9878 7207 7221 9878 7222 7223 9878 7221 7224 9878 7223 7225 9878 7224 7226 9878 7225 7227 9878 7226 7228 9878 7227 7229 9878 7228 7230 9878 7229 7231 9878 7230 7187 9878 7232 7232 9878 7233 7233 9878 7234 7235 9878 7236 7236 9878 7237 7237 9878 7238 7239 9878 7180 7222 9878 7239 7240 9878 7231 7234 9878 7241 7241 9878 7242 7242 9878 7243 7243 9878 7244 7244 9878 7245 7245 9878 7246 7246 9878 7235 7247 9878 7248 7249 9878 7247 7250 9878 7249 7251 9878 7250 7252 9878 7251 7253 9878 7252 7254 9878 7253 7255 9878 7254 7256 9878 7255 7257 9878 7256 7210 9878 7258 7258 9878 7259 7259 9878 7260 7261 9878 7262 7262 9878 7263 7263 9878 7264 7265 9878 7212 7248 9878 7265 7266 9878 7257 7260 9878 7267 7268 9878 7266 7267 9878 7269 7269 9878 7270 7270 9878 7271 7271 9878 7272 7272 9878 7273 7273 9878 7261 7274 9878 7275 7276 9878 7274 7277 9878 7276 7278 9878 7277 7279 9878 7278 7280 9878 7279 7281 9878 7280 7282 9878 7281 7283 9878 7282 7284 9878 7283 7238 9878 7285 7285 9878 7286 7286 9878 7287 7288 9878 7289 7289 9878 7290 7290 9878 7291 7292 9878 7240 7275 9878 7292 7293 9878 7284 7294 9878 7293 7287 9878 7295 7295 9878 7296 7296 9878 7297 7297 9878 7298 7298 9878 7299 7299 9878 7300 7300 9878 7301 7301 9878 7288 7302 9878 7303 7304 9878 7302 7305 9878 7304 7306 9878 7305 7307 9878 7308 7309 9878 7306 7308 9878 7310 7311 9878 7309 7310 9878 7312 7313 9878 7311 7314 9878 7313 7315 9878 7314 7264 9878 7316 7317 9878 7315 7316 9878 7318 7318 9878 7319 7320 9878 7307 7321 9878 7268 7303 9878 7321 7319 9878 7322 7322 9878 7323 7323 9878 7324 7325 9878 7317 7324 9878 7326 7327 9878 7325 7326 9878 7328 7328 9878 7329 7329 9878 7320 7330 9878 7331 7332 9878 7330 7333 9878 7332 7334 9878 7333 7335 9878 7334 7336 9878 7335 7337 9878 7336 7338 9878 7337 7339 9878 7338 7291 9878 7340 7340 9878 7341 7341 9878 7342 7343 9878 7344 7344 9878 7345 7345 9878 7346 7347 9878 7294 7331 9878 7347 7348 9878 7339 7349 9878 7348 7342 9878 7350 7350 9878 7351 7351 9878 7352 7352 9878 7353 7353 9878 7354 7354 9878 7355 7355 9878 7343 7356 9878 7357 7358 9878 7356 7359 9878 7358 7312 9878 7360 7361 9878 7359 7360 9878 7362 7363 9878 7361 7362 9878 7364 7365 9878 7363 7366 9878 7365 7367 9878 7366 7368 9878 7367 7369 9878 7368 7370 9878 7371 7371 9878 7372 7364 9878 7373 7373 9878 7374 7357 9878 7327 7374 9878 7375 7376 9878 7369 7375 9878 7377 7378 9878 7376 7377 9878 7379 7379 9878 7380 7380 9878 7381 7381 9878 7370 7382 9878 7383 7384 9878 7382 7385 9878 7384 7386 9878 7387 7388 9878 7386 7389 9878 7388 7390 9878 7389 7391 9878 7390 7392 9878 7391 7383 9878 7392 7346 9878 7393 7393 9878 7394 7394 9878 7395 7396 9878 7385 7397 9878 7396 7398 9878 7399 7399 9878 7400 7400 9878 7401 7402 9878 7349 7387 9878 7402 7395 9878 7403 7403 9878 7404 7404 9878 7405 7405 9878 7406 7406 9878 7407 7407 9878 7408 7408 9878 7409 7409 9878 7398 7372 9878 7410 7410 9878 7411 7411 9878 7412 7413 9878 7414 7415 9878 7416 7417 9878 7413 7416 9878 7418 7419 9878 7417 7420 9878 7419 7418 9878 7421 7422 9878 7420 7423 9878 7422 7424 9878 7423 7425 9878 7424 7426 9878 7425 7427 9878 7426 7412 9878 7428 7428 9878 7429 7429 9878 7430 7430 9878 7431 7431 9878 7432 7432 9878 7433 7433 9878 7434 7434 9878 7415 7435 9878 7436 7437 9878 7435 7438 9878 7437 7439 9878 7438 7440 9878 7439 7441 9878 7378 7442 9878 7440 7414 9878 7441 7443 9878 7442 7444 9878 7443 7445 9878 7444 7446 9878 7427 7447 9878 7446 7448 9878 7397 7436 9878 7448 7449 9878 7445 7450 9878 7449 7401 9878 7451 7451 9878 7452 7452 9878 7453 7454 9878 7455 7455 9878 7456 7456 9878 7457 7453 9878 7458 7458 9878 7459 7459 9878 7460 7460 9878 7461 7461 9878 7462 7462 9878 7463 7463 9878 7464 7464 9878 7454 7465 9878 7466 7467 9878 7465 7468 9878 7467 7469 9878 7468 7470 9878 7469 7471 9878 7470 7472 9878 7471 7473 9878 7472 7474 9878 7473 7421 9878 7475 7475 9878 7476 7476 9878 7477 7478 9878 7479 7479 9878 7480 7481 9878 7447 7466 9878 7481 7482 9878 7474 7477 9878 7483 7484 9878 7482 7483 9878 7485 7485 9878 7486 7486 9878 7487 7487 9878 7488 7488 9878 7489 7489 9878 7490 7490 9878 7478 7491 9878 7492 7493 9878 7491 7494 9878 7493 7495 9878 7494 7496 9878 7495 7497 9878 7496 7498 9878 7497 7499 9878 7498 7500 9878 7499 7501 9878 7500 7502 9878 7450 7492 9878 7502 7503 9878 7504 7505 9878 7501 7504 9878 7506 7507 9878 7505 7506 9878 7508 7457 9878 7509 7509 9878 7510 7510 9878 7511 7512 9878 7513 7513 9878 7503 7511 9878 7514 7514 9878 7515 7515 9878 7516 7516 9878 7517 7517 9878 7512 7480 9878 7518 7518 9878 7519 7519 9878 7520 7521 9878 7522 7522 9878 7523 7523 9878 7524 7525 9878 7526 7527 9878 7525 7528 9878 7527 7529 9878 7528 7530 9878 7529 7531 9878 7530 7532 9878 7531 7533 9878 7532 7534 9878 7533 7535 9878 7534 7536 7537 7538 7538 7537 7539 7520 9878 7540 7540 9878 7541 7541 9878 7542 7542 9878 7543 7543 9878 7544 7544 9878 7545 7545 9878 7546 7546 9878 7521 7547 9878 7484 7526 9878 7547 7548 9878 7535 7549 9878 7548 7537 7550 7539 7551 9878 7552 7553 9878 7551 7554 9878 7553 7555 9878 7554 7556 9878 7555 7557 9878 7556 7558 9878 7557 7559 9878 7558 7560 9878 7559 7537 7561 7550 7562 7561 7537 7508 9878 7563 7564 9878 7507 7563 9878 7565 7552 9878 7564 7565 9878 7566 7567 9878 7560 7568 9878 7567 7569 9878 7570 7570 9878 7571 7571 9878 7572 7562 7573 7561 7566 9878 7574 7574 9878 7575 7575 9878 7576 7576 9878 7577 7577 9878 7578 7578 9878 7579 7579 9878 7580 7580 9878 7569 7581 7582 7573 7583 9878 7584 7585 9878 7583 7586 9878 7585 7587 9878 7586 7588 7589 7581 7581 7589 7582 7590 9878 7591 7592 9878 7590 7593 9878 7592 7594 9878 7593 7595 9878 7594 7524 9878 7596 7584 9878 7595 7596 9878 7597 7597 9878 7598 7599 9878 7600 7600 9878 7601 7601 9878 7602 7603 9878 7587 7604 9878 7603 7588 7605 7589 7598 9878 7606 7606 9878 7607 7607 9878 7608 7608 9878 7609 7609 9878 7610 7610 9878 7611 7611 9878 7599 7612 9878 7613 7614 9878 7549 7615 9878 7612 7591 9878 7614 7616 9878 7615 7617 9878 7616 7618 9878 7617 7619 9878 7618 7620 9878 7619 7621 9878 7620 7622 9878 7621 7623 9878 7622 7605 7624 7589 7605 7625 7624 7572 9878 7626 7626 9878 7627 7627 9878 7628 7629 9878 7568 7613 9878 7629 7630 9878 7623 7631 9878 7630 7632 9878 7633 7633 9878 7634 7634 9878 7635 7625 7636 7624 7625 7637 7636 7628 9878 7638 7638 9878 7639 7639 9878 7640 7640 9878 7641 7641 9878 7642 7642 9878 7643 7643 9878 7632 7637 7644 7636 7637 7645 7644 7602 9878 7646 7646 9878 7647 7647 9878 7648 7649 9878 7650 7651 9878 7649 7652 9878 7651 7653 9878 7652 7654 9878 7655 7656 9878 7653 7657 9878 7656 7655 9878 7658 7659 9878 7657 7658 9878 7660 7661 9878 7659 7662 9878 7661 7645 7663 7644 7648 9878 7664 7664 9878 7665 7665 9878 7666 7666 9878 7667 7667 9878 7668 7645 7669 7663 7668 9878 7670 7670 9878 7671 7671 9878 7654 7672 9878 7604 7650 9878 7672 7673 9878 7662 7674 9878 7673 7669 7675 7663 7676 9878 7677 7678 9878 7676 7679 9878 7678 7680 9878 7679 7681 9878 7680 7682 9878 7681 7683 9878 7682 7684 9878 7683 7685 9878 7684 7669 7686 7675 7635 9878 7687 7687 9878 7688 7688 9878 7689 7690 9878 7691 7692 9878 7631 7691 9878 7693 7677 9878 7692 7693 9878 7694 7695 9878 7685 7696 9878 7695 7697 7698 7686 7686 7698 7675 7689 9878 7699 7699 9878 7700 7700 9878 7701 7701 9878 7702 7702 9878 7703 7703 9878 7704 7704 9878 7705 7705 9878 7690 7660 9878 7706 7706 9878 7707 7707 9878 7708 7709 9878 7710 7711 9878 7709 7712 9878 7713 7714 9878 7711 7713 9878 7715 7716 9878 7714 7715 9878 7717 7718 9878 7716 7719 9878 7718 7720 9878 7719 7721 9878 7720 7722 9878 7721 7723 9878 7722 7697 7724 7698 7725 9878 7674 7710 9878 7725 7726 9878 7723 7727 9878 7726 7708 9878 7728 7728 9878 7729 7729 9878 7730 7730 9878 7731 7731 9878 7732 7732 9878 7733 7733 9878 7712 7734 9878 7735 7736 9878 7734 7737 9878 7736 7738 9878 7737 7739 9878 7738 7740 9878 7739 7741 9878 7740 7742 9878 7741 7743 9878 7742 7744 9878 7743 7694 9878 7745 7745 9878 7746 7746 9878 7747 7748 9878 7749 7750 9878 7696 7749 9878 7751 7735 9878 7750 7751 9878 7752 7753 9878 7744 7754 9878 7753 7747 9878 7755 7755 9878 7756 7756 9878 7757 7757 9878 7758 7758 9878 7759 7759 9878 7760 7760 9878 7761 7761 9878 7748 7762 9878 7763 7763 9878 7764 7764 9878 7765 7766 9878 7767 7768 9878 7766 7769 9878 7768 7717 9878 7770 7771 9878 7769 7770 9878 7772 7773 9878 7771 7772 9878 7774 7775 9878 7773 7776 9878 7775 7777 9878 7776 7778 9878 7777 7779 9878 7778 7774 9878 7780 7780 9878 7781 7781 9878 7782 7782 9878 7783 7783 9878 7784 7784 9878 7785 7785 9878 7786 7786 9878 7762 7767 9878 7727 7787 9878 7779 7788 9878 7787 7789 9878 7790 7791 9878 7789 7792 9878 7791 7793 9878 7792 7794 9878 7793 7795 9878 7794 7796 9878 7795 7797 9878 7796 7798 9878 7797 7799 9878 7754 7790 9878 7799 7800 9878 7798 7801 9878 7800 7802 9878 7801 7752 9878 7803 7803 9878 7804 7804 9878 7805 7806 9878 7807 7807 9878 7808 7808 9878 7809 7810 9878 7811 7765 9878 7812 7805 9878 7813 7812 9878 7814 7813 9878 7815 7814 9878 7816 7815 9878 7817 7817 9878 7818 7818 9878 7819 7819 9878 7820 7820 9878 7806 7821 9878 7822 7822 9878 7823 7823 9878 7824 7825 9878 7826 7827 9878 7825 7828 9878 7827 7829 9878 7828 7830 9878 7829 7831 9878 7830 7832 9878 7831 7833 9878 7832 7834 9878 7833 7835 9878 7834 7816 9878 7836 7836 9878 7837 7837 9878 7838 7838 9878 7839 7839 9878 7840 7840 9878 7841 7841 9878 7821 7842 9878 7788 7826 9878 7842 7843 9878 7835 7844 9878 7843 7845 9878 7846 7847 9878 7845 7848 9878 7847 7849 9878 7848 7850 9878 7849 7851 9878 7850 7852 9878 7851 7853 9878 7852 7854 9878 7853 7855 9878 7854 7811 9878 7856 7857 9878 7855 7858 9878 7857 7809 9878 7859 7859 9878 7860 7860 9878 7861 7862 9878 7863 7863 9878 7864 7864 9878 7865 7846 9878 7802 7856 9878 7866 7861 9878 7867 7867 9878 7868 7868 9878 7869 7869 9878 7870 7870 9878 7871 7871 9878 7872 7872 9878 7862 7824 9878 7873 7873 9878 7874 7874 9878 7875 7876 9878 7877 7877 9878 7878 7878 9878 7879 7880 9878 7881 7882 9878 7880 7883 9878 7882 7884 9878 7883 7885 9878 7884 7886 9878 7885 7887 9878 7886 7888 9878 7887 7889 9878 7888 7875 9878 7890 7890 9878 7891 7891 9878 7892 7892 9878 7893 7893 9878 7894 7894 9878 7895 7895 9878 7896 7896 9878 7876 7897 9878 7844 7881 9878 7897 7898 9878 7889 7899 9878 7898 7900 9878 7901 7902 9878 7900 7903 9878 7902 7904 9878 7903 7905 9878 7904 7906 9878 7905 7907 9878 7906 7908 9878 7907 7909 9878 7908 7910 9878 7858 7901 9878 7910 7911 9878 7909 7912 9878 7911 7865 9878 7913 7913 9878 7914 7914 9878 7915 7916 9878 7917 7917 9878 7918 7918 9878 7919 7915 9878 7920 7920 9878 7921 7921 9878 7922 7922 9878 7923 7923 9878 7924 7924 9878 7925 7925 9878 7926 7926 9878 7916 7879 9878 7927 7927 9878 7928 7928 9878 7929 7930 9878 7931 7931 9878 7932 7932 9878 7933 7934 9878 7935 7936 9878 7934 7937 9878 7936 7938 9878 7937 7939 9878 7938 7940 9878 7939 7941 9878 7940 7942 9878 7941 7943 9878 7942 7944 9878 7943 7929 9878 7945 7945 9878 7946 7946 9878 7947 7947 9878 7948 7948 9878 7949 7949 9878 7950 7950 9878 7930 7951 9878 7952 7953 9878 7951 7954 9878 7953 7955 9878 7899 7956 9878 7954 7935 9878 7955 7957 9878 7956 7958 9878 7957 7959 9878 7958 7960 9878 7944 7961 9878 7959 7962 9878 7960 7963 9878 7961 7964 9878 7963 7965 9878 7912 7952 9878 7965 7966 9878 7964 7967 9878 7966 7968 9878 7969 7969 9878 7970 7971 9878 7972 7972 9878 7973 7973 9878 7974 7919 9878 7968 7975 9878 7976 7977 9878 7975 7978 9878 7977 7979 9878 7978 7980 9878 7979 7981 9878 7980 7982 9878 7981 7983 9878 7982 7933 9878 7984 7985 9878 7983 7984 9878 7986 7987 9878 7985 7986 9878 7988 7989 9878 7990 7990 9878 7991 7991 9878 7992 7970 9878 7993 7993 9878 7994 7994 9878 7995 7995 9878 7996 7996 9878 7997 7997 9878 7998 7998 9878 7999 7999 9878 7971 7988 9878 8000 8000 9878 8001 8001 9878 8002 8002 9878 8003 8003 9878 8004 8004 9878 8005 8005 9878 8006 8006 9878 7989 7976 9878 7962 8007 9878 7987 8008 9878 8009 8010 9878 8007 8011 9878 8008 8012 9878 8011 8013 9878 8012 8014 9878 8013 8015 9878 8014 8016 9878 8015 8017 9878 8016 8018 9878 8017 8019 9878 8018 8009 9878 7967 8020 9878 8019 8021 9878 8020 7974 9878 8022 8022 9878 8023 8023 9878 8024 8025 9878 8026 8026 9878 8027 8027 9878 8028 8024 9878 8029 8029 9878 8030 8030 9878 8031 8031 9878 8032 8032 9878 8033 8033 9878 8034 8034 9878 8025 8035 9878 8036 8037 9878 8035 8038 9878 8037 8039 9878 8038 8040 9878 8039 8041 9878 8040 8042 9878 8041 8043 9878 8042 8044 9878 8043 7992 9878 8045 8045 9878 8046 8046 9878 8047 8048 9878 8049 8049 9878 8050 8036 9878 8051 8052 9878 8044 8053 9878 8052 8047 9878 8054 8054 9878 8055 8055 9878 8056 8056 9878 8057 8057 9878 8058 8058 9878 8059 8059 9878 8060 8060 9878 8048 8051 9878 8010 8061 9878 8062 8063 9878 8061 8064 9878 8063 8065 9878 8064 8066 9878 8065 8067 9878 8066 8068 9878 8067 8069 9878 8068 8070 9878 8069 8071 9878 8070 8028 9878 8072 8072 9878 8073 8073 9878 8074 8075 9878 8021 8062 9878 8075 8076 9878 8071 8077 9878 8078 8079 9878 8076 8078 9878 8080 8080 9878 8081 8074 9878 8082 8082 9878 8083 8083 9878 8084 8084 9878 8085 8085 9878 8086 8086 9878 8087 8087 9878 8077 8050 9878 8088 8088 9878 8089 8089 9878 8090 8091 9878 8092 8093 9878 8091 8094 9878 8093 8095 9878 8094 8096 9878 8095 8097 9878 8098 8099 9878 8096 8098 9878 8100 8101 9878 8099 8100 9878 8102 8103 9878 8101 8104 9878 8103 8105 9878 8104 8090 9878 8106 8106 9878 8107 8107 9878 8108 8108 9878 8109 8109 9878 8110 8110 9878 8111 8111 9878 8112 8112 9878 8097 8113 9878 8053 8092 9878 8113 8114 9878 8105 8115 9878 8114 8116 9878 8117 8118 9878 8116 8119 9878 8118 8120 9878 8119 8121 9878 8120 8122 9878 8121 8123 9878 8122 8124 9878 8123 8125 9878 8124 9878 8126 8127 9878 8128 8126 8081 9878 8129 8129 9878 8130 8128 9878 8131 8130 9878 8132 9878 8133 8131 8134 9878 8135 8135 9878 8136 8137 9878 8079 8136 9878 8138 8117 9878 8137 9878 8139 8133 8140 9878 8125 8141 9878 8140 9878 8142 8139 7562 7581 7573 6438 8143 6440 6440 8143 8144 8144 8143 8145 8145 8143 8146 8146 8143 8147 8147 8143 8148 8148 8143 6460 6460 8143 6461 8149 8143 6438 8150 8143 8149 8151 8143 8150 8152 8143 8151 6461 8143 8152 6531 8170 6529 6491 8170 8153 8153 8170 8154 8154 8170 8155 8156 8170 6531 6492 8170 6491 8157 8170 6492 8158 8170 8157 8132 9878 8159 8160 8170 8158 8159 9878 8161 8162 8170 8160 8161 9878 8163 8164 8170 8162 8163 9878 8165 8166 8170 8164 8167 8170 8166 8165 9878 8168 6529 8170 8167 8168 9878 8169 8155 8170 8171 8171 8170 8172 8169 9878 8173 8172 8170 8174 8173 9878 8134 8174 8170 8175 8175 8170 8176 8176 8170 8156 6564 8191 6561 8177 8191 6564 8178 8191 8177 8179 8191 8178 8180 8191 8179 8181 9878 8182 8183 8191 8180 8182 9878 8184 8185 8191 8183 8186 8191 8185 8187 8191 8186 8188 8191 8187 8189 8191 8188 8102 9878 8190 8190 9878 8192 6561 8191 8193 8192 9878 8194 8193 8191 8195 8196 9878 8197 8195 8191 8198 8198 8191 8199 8200 9878 8196 8199 8191 8201 8202 9878 8200 8203 9878 8202 8204 9878 8203 8205 9878 8204 8206 9878 8205 8207 9878 8206 8208 9878 8207 8209 8191 8210 8211 9878 8208 8210 8191 8212 8212 8191 8213 8213 8191 6629 6629 8191 6630 6630 8191 8189 8201 8191 8214 8214 8191 8215 8215 8191 8216 8216 8191 8217 8217 8191 8218 8218 8191 8209 8219 9878 8220 8221 9878 8219 8222 9878 8221 8223 9878 8222 8224 9878 8223 8225 9878 8224 8226 9878 8225 8227 9878 8226 8228 9878 8229 8229 9878 8181 8194 9878 8230 8230 9878 8231 8231 9878 8232 8232 9878 8233 8233 9878 8234 8234 9878 8228 8220 9878 8235 8236 9878 8227 8237 9878 8115 8238 9878 8236 8197 9878 8237 8239 9878 8211 6644 9878 8240 8241 9878 8239 8240 9878 8242 8242 9878 8243 8243 9878 8244 6628 9878 6644 8245 9878 6628 8235 9878 8245 8244 9878 8247 8247 9878 8248 8248 9878 8249 8249 9878 8250 8250 9878 8251 8252 9878 8253 8254 9878 8252 8255 9878 8254 8256 9878 8255 8257 9878 8258 8259 9878 8256 8258 9878 8260 8261 9878 8259 8260 9878 8262 8263 9878 8261 8262 9878 8264 8265 9878 8263 8264 9878 8266 8267 9878 8265 8266 9878 8246 8268 9878 8267 8251 9878 8269 8269 9878 8270 8270 9878 8271 8271 9878 8257 8272 9878 8273 8274 9878 8272 8275 9878 8274 8276 9878 8275 8277 9878 8276 8278 9878 8277 8279 9878 8278 8280 9878 8279 8281 9878 8280 8138 9878 8282 8282 9878 8283 8283 9878 8284 8285 9878 8238 8286 9878 8285 8287 9878 8141 8273 9878 8286 8288 9878 8289 8253 9878 8287 8290 9878 8281 8289 9878 8291 8292 9878 8268 8293 9878 8290 8291 9878 8294 8295 9878 8292 8296 9878 8297 8246 9878 8298 8284 9878 8299 8298 9878 8300 8299 9878 8301 8300 9878 8302 8301 9878 8303 8302 9878 8304 8303 9878 8305 8304 9878 8306 8305 9878 8307 8306 9878 8308 8307 9878 8309 8309 9878 8288 8310 9878 8311 8311 9878 8312 8312 9878 8313 8313 9878 8296 8308 9878 8314 8314 9878 8315 8315 9878 8316 8316 9878 8317 8317 9878 8318 8184 9878 8319 8318 9878 8320 8319 9878 8321 8321 9878 8322 8323 9878 8324 8324 9878 8325 8325 9878 8310 8320 9878 8326 8326 9878 8323 8327 9878 8328 8328 9878 8329 8330 9878 8331 8329 9878 8332 8333 9878 8330 8334 9878 8333 8335 9878 8334 8336 9878 8335 8337 9878 8336 8338 9878 8337 8339 9878 8338 8340 9878 8339 8341 9878 8340 8342 9878 8343 8344 9878 8342 8345 9878 8344 8346 9878 8345 8347 9878 8346 8348 9878 8347 8349 9878 8348 8350 9878 8349 8351 9878 8350 8352 9878 8351 8331 9878 8241 8353 9878 8341 8354 9878 8293 8355 9878 8353 8343 9878 8354 8322 9878 8356 8356 9878 8357 8357 9878 8358 8359 9878 8352 8358 9878 8360 8361 9878 8359 8360 9878 8362 8362 9878 8363 8363 9878 8364 8364 9878 8327 8365 9878 8366 8367 9878 8365 8297 9878 8368 8369 9878 8367 8370 9878 8369 8371 9878 8372 8373 9878 8371 8374 9878 8373 8375 9878 8374 8376 9878 8375 8366 9878 8376 8368 9878 8377 8377 9878 8378 8378 9878 8379 8379 9878 8380 8380 9878 8381 8381 9878 8382 8383 9878 8370 8384 9878 8385 8385 9878 8386 8294 9878 8387 8387 9878 8388 8388 9878 8389 8382 9878 8390 8390 9878 8391 8391 9878 8392 8392 9878 8393 8393 9878 8394 8394 9878 8395 8395 9878 8396 8396 9878 8397 8397 9878 8398 8399 9878 8400 8398 9878 8401 8400 9878 8402 8402 9878 8403 8401 9878 8404 8404 9878 8405 8405 9878 8406 8406 9878 8407 8407 9878 8384 8408 9878 8295 8372 9878 8408 8409 9878 8410 8411 9878 8409 8412 9878 8411 8413 9878 8412 8414 9878 8413 8415 9878 8414 8416 9878 8415 8417 9878 8416 8418 9878 8417 8389 9878 8419 8419 9878 8420 8420 9878 8421 8421 9878 8422 8422 9878 8423 8423 9878 8424 8424 9878 8425 8425 9878 8399 8426 9878 8361 8410 9878 8426 8332 9878 8427 8428 9878 8418 8427 9878 8429 8429 9878 8430 8431 9878 8428 8432 9878 8433 8433 9878 8434 8434 9878 8435 8436 9878 8437 8438 9878 8436 8439 9878 8438 8440 9878 8439 8441 9878 8440 8442 9878 8441 8443 9878 8442 8444 9878 8443 8445 9878 8444 8386 9878 8446 8430 9878 8447 8447 9878 8448 8448 9878 8449 8449 9878 8450 8450 9878 8451 8451 9878 8452 8452 9878 8432 8453 9878 8454 8455 9878 8453 8456 9878 8355 8457 9878 8455 8437 9878 8456 8458 9878 8457 8459 9878 8445 8460 9878 8459 8461 9878 8458 8462 9878 8463 8464 9878 8462 8465 9878 8461 8466 9878 8465 8467 9878 8464 8468 9878 8467 8469 9878 8466 8470 9878 8468 8471 9878 8470 8472 9878 8469 8473 9878 8471 8474 9878 8473 8475 9878 8474 8476 9878 8475 8446 9878 8477 8477 9878 8478 8478 9878 8479 8479 9878 8480 8480 9878 8481 8481 9878 8482 8482 9878 8483 8484 9878 8485 8486 9878 8431 8454 9878 8486 8487 9878 8383 8463 9878 8487 8488 9878 8472 8489 9878 8476 8490 9878 8488 8491 9878 8489 8403 9878 8492 8492 9878 8493 8493 9878 8494 8483 9878 8495 8495 9878 8496 8496 9878 8497 8497 9878 8498 8498 9878 8499 8499 9878 8500 8500 9878 8501 8502 9878 8503 8501 9878 8504 8503 9878 8505 8504 9878 8484 8494 9878 8506 8506 9878 8507 8507 9878 8508 8508 9878 8509 8509 9878 8510 8510 9878 8511 8511 9878 8512 8512 9878 8502 8435 9878 8513 8513 9878 8514 8514 9878 8515 8485 9878 8516 8516 9878 8517 8518 9878 8519 8519 9878 8520 8520 9878 8521 8522 9878 8523 8524 9878 8522 8525 9878 8524 8526 9878 8525 8527 9878 8526 8528 9878 8527 8529 9878 8528 8530 9878 8531 8532 9878 8529 8533 9878 8530 8534 9878 8532 8535 9878 8533 8536 9878 8534 8537 9878 8535 8538 9878 8537 8539 9878 8538 8540 9878 8539 8541 9878 8540 8542 9878 8541 8517 9878 8543 8543 9878 8544 8544 9878 8545 8545 9878 8546 8547 9878 8548 8548 9878 8549 8549 9878 8550 8515 9878 8551 8551 9878 8552 8552 9878 8553 8553 9878 8554 8554 9878 8555 8555 9878 8556 8556 9878 8557 8557 9878 8518 8558 9878 8460 8559 9878 8490 8531 9878 8559 8523 9878 8558 8560 9878 8536 8561 9878 8562 8563 9878 8560 8564 9878 8561 8565 9878 8564 8566 9878 8565 8567 9878 8566 8568 9878 8567 8569 9878 8568 8570 9878 8542 8571 9878 8569 8572 9878 8571 8573 9878 8570 8574 9878 8491 8562 9878 8574 8575 9878 8572 8576 9878 8575 8577 9878 8578 8578 9878 8579 8579 9878 8580 8546 9878 8581 8581 9878 8582 8505 9878 8583 8582 9878 8584 8583 9878 8585 8584 9878 8586 8585 9878 8587 8586 9878 8588 8588 9878 8547 8589 9878 8590 8590 9878 8591 8591 9878 8577 8587 9878 8592 8592 9878 8593 8593 9878 8594 8594 9878 8595 8595 9878 8589 8521 9878 8596 8596 9878 8597 8598 9878 8599 8599 9878 8600 8600 9878 8601 8602 9878 8603 8604 9878 8602 8605 9878 8604 8606 9878 8605 8607 9878 8606 8608 9878 8607 8609 9878 8608 8610 9878 8611 8612 9878 8609 8613 9878 8610 8614 9878 8612 8615 9878 8613 8616 9878 8614 8617 9878 8615 8618 9878 8617 8619 9878 8618 8620 9878 8619 8621 9878 8620 8622 9878 8621 8623 9878 8622 8550 9878 8624 8624 9878 8625 8625 9878 8626 8597 9878 8627 8627 9878 8628 8628 9878 8629 8629 9878 8630 8630 9878 8631 8631 9878 8632 8632 9878 8633 8633 9878 8598 8634 9878 8573 8603 9878 8634 8635 9878 8563 8611 9878 8635 8636 9878 8616 8637 9878 8638 8639 9878 8636 8640 9878 8623 8641 9878 8637 8642 9878 8640 8643 9878 8641 8644 9878 8643 8645 9878 8644 8646 9878 8645 8647 9878 8646 8648 9878 8647 8649 9878 8648 8650 9878 8649 8626 9878 8651 8651 9878 8652 8652 9878 8653 8653 9878 8654 8654 9878 8655 8656 9878 8657 8657 9878 8658 8658 9878 8659 8659 9878 8660 8660 9878 8661 8662 9878 8576 8638 9878 8662 8663 9878 8650 8664 9878 8663 8580 9878 8665 8665 9878 8666 8667 9878 8668 8655 9878 8669 8668 9878 8670 8669 9878 8671 8671 9878 8672 8670 9878 8673 8672 9878 8674 8674 9878 8675 8675 9878 8656 8666 9878 8676 8676 9878 8677 8677 9878 8678 8678 9878 8679 8679 9878 8680 8680 9878 8681 8681 9878 8682 8682 9878 8667 8601 9878 8683 8683 9878 8684 8684 9878 8685 8686 9878 8687 8688 9878 8689 8690 9878 8691 8692 9878 8688 8691 9878 8693 8694 9878 8692 8693 9878 8695 8696 9878 8694 8697 9878 8696 8698 9878 8699 8700 9878 8698 8701 9878 8700 8702 9878 8701 8703 9878 8702 8704 9878 8705 8706 9878 8703 8707 9878 8704 8708 9878 8706 8709 9878 8707 8687 9878 8708 8710 9878 8709 8689 9878 8710 8685 9878 8711 8711 9878 8712 8712 9878 8713 8713 9878 8714 8714 9878 8715 8715 9878 8716 8716 9878 8717 8717 9878 8690 8718 9878 8697 8719 9878 8686 8720 9878 8719 8721 9878 8722 8723 9878 8721 8724 9878 8723 8725 9878 8724 8726 9878 8725 8727 9878 8726 8728 9878 8642 8729 9878 8727 8705 9878 8728 8730 9878 8729 8731 9878 8730 8732 9878 8731 8733 9878 8639 8699 9878 8733 8661 9878 8734 8734 9878 8735 8735 9878 8736 8736 9878 8737 8737 9878 8738 8739 9878 8740 8722 9878 8664 8741 9878 8732 8742 9878 8741 8673 9878 8743 8743 9878 8744 8744 9878 8745 8738 9878 8746 8747 9878 8748 8746 9878 8749 8748 9878 8750 8749 9878 8751 8750 9878 8752 8751 9878 8753 8753 9878 8754 8754 9878 8755 8755 9878 8756 8757 9878 8758 8758 9878 8759 8759 9878 8760 8760 9878 8739 8745 9878 8761 8761 9878 8762 8762 9878 8763 8763 9878 8764 8764 9878 8765 8765 9878 8766 8766 9878 8767 8756 9878 8768 8767 9878 8747 8768 9878 8769 8769 9878 8757 8695 9878 8770 8770 9878 8771 8771 9878 8772 8773 9878 8774 8774 9878 8775 8775 9878 8776 8777 9878 8778 8779 9878 8777 8780 9878 8781 8782 9878 8779 8783 9878 8780 8784 9878 8782 8785 9878 8783 8786 9878 8784 8787 9878 8785 8788 9878 8786 8789 9878 8787 8790 9878 8788 8791 9878 8789 8792 9878 8790 8793 9878 8791 8794 9878 8792 8795 9878 8793 8796 9878 8794 8797 9878 8795 8798 9878 8797 8772 9878 8799 8799 9878 8800 8800 9878 8801 8801 9878 8802 8802 9878 8803 8803 9878 8804 8804 9878 8773 8805 9878 8718 8778 9878 8805 8806 9878 8796 8807 9878 8806 8808 9878 8720 8781 9878 8808 8809 9878 8798 8810 9878 8811 8812 9878 8810 8813 9878 8812 8814 9878 8813 8815 9878 8814 8816 9878 8815 8817 9878 8816 8818 9878 8817 8819 9878 8818 8820 9878 8819 8752 9878 8821 8822 9878 8742 8821 9878 8823 8811 9878 8822 8823 9878 8824 8825 9878 8820 8826 9878 8825 8740 9878 8827 8827 9878 8828 8828 9878 8829 8829 9878 7536 8830 9878 8831 8831 9878 8832 8832 9878 8833 7536 9878 7537 8834 9878 8835 8835 9878 8836 8836 9878 8837 8837 9878 8838 8838 9878 8839 7537 9878 8840 8840 9878 8841 8841 9878 8842 8842 9878 8843 8843 9878 8844 8844 9878 8845 8845 9878 8846 8846 9878 8834 8847 9878 8848 8849 9878 8847 8776 9878 8850 8851 9878 8849 8850 9878 8852 8853 9878 8851 8852 9878 8854 8855 9878 8853 8856 9878 8855 8857 9878 8856 8824 9878 8858 8859 9878 8857 8858 9878 8860 8861 9878 8859 8860 9878 8862 8863 9878 8861 8862 9878 8864 8864 9878 8865 8865 9878 8866 8866 9878 8867 8867 9878 8830 8868 9878 8869 8869 9878 8870 8870 9878 8871 8872 9878 8873 8874 9878 8872 8875 9878 8874 8876 9878 8875 8877 9878 8876 8878 9878 8877 8879 9878 8878 8880 9878 8879 8881 9878 8880 8854 9878 8882 8882 9878 8883 8883 9878 8884 8884 9878 8885 8885 9878 8886 8886 9878 8887 8887 9878 8888 8888 9878 8868 8889 9878 8890 8891 9878 8807 8892 9878 8889 8873 9878 8891 8893 9878 8892 8894 9878 8893 8895 9878 8881 8896 9878 8894 8897 9878 8895 8898 9878 8896 8899 9878 8809 8900 9878 8898 8848 9878 8899 8901 9878 8900 8902 9878 8863 8903 9878 8901 8904 9878 8903 8833 9878 8905 8905 9878 8906 8890 9878 8826 8907 9878 8904 8908 9878 8907 8909 9878 8910 8910 9878 8911 8911 9878 8912 8839 9878 8913 8913 9878 8914 8914 9878 8915 8906 9878 8916 8917 9878 8918 8916 9878 8919 8918 9878 8920 8919 9878 8921 8921 9878 8922 8922 9878 8923 8923 9878 8924 8924 9878 8925 8925 9878 8909 8926 9878 8927 8928 9878 8926 8929 9878 8928 8930 9878 8929 8931 9878 8930 8932 9878 8931 8933 9878 8932 8934 9878 8933 8935 9878 8934 8936 9878 8935 8937 9878 8938 8939 9878 8937 8940 9878 8939 8941 9878 8940 8942 9878 8941 8943 9878 8942 8944 9878 8943 8945 9878 8944 8946 9878 8945 8947 9878 8946 8948 9878 8949 8950 9878 8951 8951 9878 8952 8952 9878 8953 8915 9878 8954 8954 9878 8955 8871 9878 8956 8955 9878 8957 8956 9878 8948 8957 9878 8958 8958 9878 8959 8959 9878 8960 8960 9878 8961 8961 9878 8917 8962 9878 8902 8927 9878 8962 8963 9878 8936 8964 9878 8897 8938 9878 8964 8965 9878 8947 8966 9878 8965 8967 9878 8968 8969 9878 8967 8970 9878 8969 8971 9878 8970 8972 9878 8971 8973 9878 8972 8974 9878 8973 8975 9878 8974 8976 9878 8975 8949 9878 8977 8977 9878 8978 8978 9878 8979 8979 9878 8980 8980 9878 8981 8981 9878 8982 8982 9878 8950 8912 9878 8983 8983 9878 8984 8985 9878 8908 8984 9878 8986 8968 9878 8985 8987 9878 8976 8988 9878 8987 8989 9878 8990 8990 9878 8991 8991 9878 8992 8920 9878 8993 8993 9878 8994 8994 9878 8995 8996 9878 8997 8997 9878 8998 8986 9878 8999 8999 9878 9000 9000 9878 9001 9001 9878 9002 9002 9878 9003 9003 9878 9004 9005 9878 9006 9004 9878 9007 9008 9878 9005 9007 9878 8989 9009 9878 9008 9010 9878 9009 9011 9878 9010 9012 9878 9011 9013 9878 9012 9014 9878 9013 9015 9878 9014 9016 9878 9015 8953 9878 9017 9018 9878 9019 9017 9878 9020 9021 9878 9018 9020 9878 9022 9023 9878 9021 9024 9878 9023 9025 9878 9024 9026 9878 9025 9027 9878 9026 9028 9878 9027 9029 9878 9028 9030 9878 9029 8995 9878 9031 9032 9878 9033 9031 9878 9034 9033 9878 9035 9034 9878 9036 9036 9878 9037 9037 9878 9038 9038 9878 9039 9039 9878 9040 9040 9878 8996 9041 9878 8963 9006 9878 9041 9042 9878 9016 9043 9878 9042 9022 9878 9044 9044 9878 9045 9045 9878 9046 9046 9878 9047 9047 9878 9048 9048 9878 9049 9049 9878 9050 9050 9878 9032 9051 9878 9052 9053 9878 9051 9054 9878 9053 9055 9878 8966 9019 9878 9055 9056 9878 9054 9057 9878 9056 9058 9878 9057 9059 9878 9030 9060 9878 9058 9061 9878 9060 9062 9878 9059 9063 9878 9061 9064 9878 9063 9065 9878 9064 9066 9878 9065 8992 9878 9067 9067 9878 9068 9068 9878 9069 9070 9878 8988 9052 9878 9070 9071 9878 9072 9072 9878 9073 9073 9878 9074 8998 9878 9075 9075 9878 9076 9076 9878 9077 9078 9878 9079 9079 9878 9080 9069 9878 9081 9081 9878 9082 9082 9878 9083 9084 9878 9085 9083 9878 9086 9087 9878 9084 9086 9878 9088 9089 9878 9087 9088 9878 9090 9091 9878 9089 9090 9878 9071 9092 9878 9091 9093 9878 9092 9094 9878 9093 9095 9878 9094 9035 9878 9096 9097 9878 9095 9096 9878 9098 9099 9878 9097 9098 9878 9100 9101 9878 9102 9102 9878 9103 9103 9878 9104 9077 9878 9105 9105 9878 9106 9106 9878 9107 9107 9878 9108 9108 9878 9109 9109 9878 9110 9111 9878 9112 9110 9878 9113 9114 9878 9111 9113 9878 9078 9115 9878 9114 9116 9878 9115 9117 9878 9116 9118 9878 9117 9119 9878 9118 9120 9878 9119 9121 9878 9120 9100 9878 9122 9122 9878 9123 9123 9878 9124 9124 9878 9125 9125 9878 9126 9126 9878 9127 9127 9878 9128 9128 9878 9101 9085 9878 9043 9129 9878 9099 9130 9878 9129 9131 9878 9132 9133 9878 9131 9134 9878 9133 9135 9878 9134 9136 9878 9135 9137 9878 9136 9138 9878 9137 9139 9878 9138 9140 9878 9139 9141 9878 9062 9112 9878 9141 9142 9878 9121 9143 9878 9142 9144 9878 9066 9132 9878 9144 9145 9878 9140 9146 9878 9145 9080 9878 9147 9147 9878 9148 9148 9878 9149 9150 9878 9151 9151 9878 9152 9074 9878 9153 9153 9878 9154 9154 9878 9155 9156 9878 9157 9158 9878 9156 9159 9878 9158 9160 9878 9159 9161 9878 9162 9163 9878 9160 9162 9878 9164 9165 9878 9163 9164 9878 9166 9167 9878 9165 9168 9878 9167 9169 9878 9168 9170 9878 9169 9104 9878 9171 9171 9878 9172 9172 9878 9173 9174 9878 9175 9175 9878 9176 9155 9878 9177 9177 9878 9178 9178 9878 9179 9179 9878 9180 9180 9878 9181 9181 9878 9182 9149 9878 9183 9182 9878 9184 9183 9878 9185 9184 9878 9161 9185 9878 9186 9186 9878 9187 9187 9878 9188 9188 9878 9189 9189 9878 9190 9190 9878 9150 9191 9878 9192 9193 9878 9191 9194 9878 9193 9195 9878 9194 9196 9878 9195 9197 9878 9196 9198 9878 9197 9199 9878 9198 9200 9878 9199 9201 9878 9200 9173 9878 9202 9157 9878 9130 9202 9878 9203 9203 9878 9204 9205 9878 9170 9204 9878 9206 9207 9878 9205 9206 9878 9208 9208 9878 9209 9209 9878 9210 9210 9878 9174 9211 9878 9212 9213 9878 9211 9214 9878 9213 9215 9878 9214 9216 9878 9215 9217 9878 9216 9218 9878 9217 9219 9878 9218 9220 9878 9219 9221 9878 9220 9222 9878 9143 9192 9878 9222 9223 9878 9201 9224 9878 9146 9212 9878 9224 9225 9878 9221 9226 9878 9225 9166 9878 9227 9227 9878 9228 9228 9878 9229 9230 9878 9231 9231 9878 9232 9232 9878 9233 9234 9878 9235 9152 9878 9236 9235 9878 9237 9236 9878 9238 9238 9878 9239 9240 9878 9241 9229 9878 9242 9241 9878 9243 9242 9878 9244 9243 9878 9245 9244 9878 9246 9245 9878 9230 9246 9878 9247 9247 9878 9248 9248 9878 9249 9239 9878 9250 9249 9878 9251 9250 9878 9252 9251 9878 9234 9252 9878 9253 9253 9878 9240 9176 9878 9254 9254 9878 9255 9255 9878 9256 9257 9878 9258 9258 9878 9259 9260 9878 9261 9259 9878 9262 9263 9878 9260 9264 9878 9263 9265 9878 9264 9266 9878 9265 9267 9878 9266 9268 9878 9267 9269 9878 9268 9270 9878 9269 9271 9878 9270 9272 9878 9273 9274 9878 9272 9275 9878 9274 9276 9878 9275 9277 9878 9276 9278 9878 9277 9256 9878 9279 9280 9878 9278 9279 9878 9281 9282 9878 9280 9281 9878 9283 9284 9878 9282 9283 9878 9285 9286 9878 9284 9285 9878 9287 9287 9878 9288 9288 9878 9289 9289 9878 9257 9290 9878 9207 9261 9878 9290 9291 9878 9271 9292 9878 9291 9293 9878 9294 9295 9878 9293 9296 9878 9295 9297 9878 9296 9298 9878 9297 9299 9878 9298 9300 9878 9299 9301 9878 9300 9302 9878 9301 9303 9878 9223 9273 9878 9303 9304 9878 9286 9305 9878 9304 9233 9878 9306 9306 9878 9307 9308 9878 9226 9294 9878 9308 9309 9878 9310 9311 9878 9302 9310 9878 9312 9313 9878 9311 9312 9878 9314 9237 9878 9315 9315 9878 9316 9316 9878 9317 9317 9878 9318 9319 9878 9320 9320 9878 9321 9321 9878 9322 9307 9878 9323 9323 9878 9324 9324 9878 9325 9325 9878 9326 9326 9878 9327 9327 9878 9328 9328 9878 9329 9329 9878 9309 9330 9878 9331 9332 9878 9330 9333 9878 9332 9334 9878 9333 9335 9878 9334 9336 9878 9335 9318 9878 9337 9337 9878 9338 9339 9878 9340 9338 9878 9341 9342 9878 9339 9341 9878 9343 9331 9878 9342 9343 9878 9344 9344 9878 9345 9345 9878 9319 9346 9878 9336 9347 9878 9346 9348 9878 9349 9350 9878 9348 9262 9878 9351 9352 9878 9350 9351 9878 9353 9354 9878 9352 9353 9878 9355 9356 9878 9354 9357 9878 9356 9358 9878 9357 9359 9878 9358 9360 9878 9359 9361 9878 9362 9362 9878 9363 9363 9878 9364 9365 9878 9292 9340 9878 9365 9355 9878 9366 9366 9878 9367 9367 9878 9368 9368 9878 9369 9369 9878 9370 9370 9878 9371 9372 9878 9305 9371 9878 9373 9349 9878 9372 9373 9878 9361 9374 9878 9360 9375 9878 9374 9376 9878 9377 9378 9878 9376 9379 9878 9378 9380 9878 9379 9381 9878 9380 9382 9878 9381 9383 9878 9382 9384 9878 9383 9385 9878 9384 9386 9878 9385 9387 9878 9313 9377 9878 9387 9388 9878 9386 9389 9878 9388 9314 9878 9390 9390 9878 9391 9391 9878 9392 9322 9878 9393 9393 9878 9394 9394 9878 9395 9396 9878 9397 9397 9878 9398 9398 9878 9399 9400 9878 9401 9401 9878 9402 9402 9878 9403 9392 9878 9404 9404 9878 9405 9405 9878 9406 9406 9878 9407 9407 9878 9408 9408 9878 9409 9409 9878 9410 9410 9878 9396 9395 9878 9411 9411 9878 9412 9413 9878 9414 9412 9878 9415 9416 9878 9413 9415 9878 9417 9418 9878 9416 9417 9878 9419 9420 9878 9418 9419 9878 9421 9422 9878 9420 9421 9878 9400 9423 9878 9422 9424 9878 9423 9425 9878 9424 9364 9878 9426 9427 9878 9425 9426 9878 9428 9429 9878 9427 9430 9878 9431 9431 9878 9432 9432 9878 9433 9434 9878 9435 9436 9878 9434 9437 9878 9436 9438 9878 9437 9439 9878 9438 9440 9878 9439 9441 9878 9440 9442 9878 9441 9443 9878 9442 9444 9878 9443 9428 9878 9445 9445 9878 9446 9446 9878 9447 9448 9878 9347 9447 9878 9449 9414 9878 9448 9449 9878 9450 9451 9878 9429 9450 9878 9452 9453 9878 9451 9452 9878 9454 9454 9878 9430 9455 9878 9375 9435 9878 9455 9456 9878 9444 9457 9878 9456 9458 9878 9459 9460 9878 9458 9461 9878 9460 9462 9878 9461 9463 9878 9462 9464 9878 9463 9465 9878 9464 9466 9878 9465 9467 9878 9466 9399 9878 9468 9468 9878 9469 9470 9878 9471 9471 9878 9472 9472 9878 9473 9474 9878 9389 9459 9878 9474 9475 9878 9467 9476 9878 9475 9469 9878 9477 9477 9878 9478 9478 9878 9479 9479 9878 9480 9480 9878 9481 9481 9878 9482 9482 9878 9483 9483 9878 9470 9484 9878 9485 9486 9878 9484 9487 9878 9486 9488 9878 9487 9489 9878 9488 9490 9878 9489 9491 9878 9490 9492 9878 9491 9493 9878 9492 9403 9878 9494 9495 9878 9493 9494 9878 9496 9496 9878 9497 9498 9878 9499 9499 9878 9500 9500 9878 9501 9502 9878 9503 9503 9878 9504 9504 9878 9505 9433 9878 9506 9506 9878 9507 9507 9878 9508 9497 9878 9509 9485 9878 9453 9509 9878 9510 9510 9878 9511 9512 9878 9495 9511 9878 9513 9514 9878 9512 9513 9878 9515 9515 9878 9516 9516 9878 9517 9517 9878 9498 9518 9878 9519 9520 9878 9518 9521 9878 9520 9522 9878 9521 9523 9878 9522 9524 9878 9523 9525 9878 9524 9526 9878 9525 9527 9878 9526 9528 9878 9502 9508 9878 9529 9529 9878 9530 9530 9878 9531 9531 9878 9532 9532 9878 9533 9533 9878 9528 9534 9878 9457 9519 9878 9534 9535 9878 9527 9536 9878 9535 9537 9878 9538 9539 9878 9537 9540 9878 9539 9541 9878 9540 9542 9878 9541 9543 9878 9542 9544 9878 9543 9545 9878 9544 9546 9878 9545 9547 9878 9546 9548 9878 9476 9538 9878 9548 9473 9878 9549 9550 9878 9547 9549 9878 9551 9552 9878 9550 9551 9878 9553 9501 9878 9554 9554 9878 9555 9556 9878 9557 9555 9878 9558 9557 9878 9559 9560 9878 9561 9561 9878 9562 9562 9878 9563 9553 9878 9564 9564 9878 9565 9565 9878 9566 9566 9878 9567 9567 9878 9568 9568 9878 9569 9569 9878 9570 9570 9878 9556 9571 9878 9572 9573 9878 9571 9574 9878 9573 9558 9878 9575 9576 9878 9574 9575 9878 9577 9578 9878 9576 9577 9878 9579 9580 9878 9578 9579 9878 9581 9582 9878 9580 9581 9878 9583 9584 9878 9582 9583 9878 9585 9586 9878 9584 9585 9878 9560 9505 9878 9587 9588 9878 9586 9587 9878 9589 9589 9878 9590 9591 9878 9592 9592 9878 9593 9593 9878 9594 9595 9878 9596 9597 9878 9595 9598 9878 9597 9599 9878 9598 9600 9878 9599 9601 9878 9600 9602 9878 9601 9603 9878 9602 9604 9878 9603 9605 9878 9604 9606 9878 9514 9572 9878 9606 9590 9878 9607 9607 9878 9608 9609 9878 9588 9608 9878 9610 9611 9878 9609 9610 9878 9612 9612 9878 9613 9613 9878 9614 9614 9878 9615 9615 9878 9591 9616 9878 9617 9618 9878 9616 9619 9878 9618 9620 9878 9536 9596 9878 9620 9621 9878 9605 9622 9878 9621 9623 9878 9624 9625 9878 9623 9626 9878 9625 9627 9878 9626 9628 9878 9627 9617 9878 9628 9559 9878 9629 9629 9878 9630 9630 9878 9631 9632 9878 9619 9633 9878 9632 9634 9878 9635 9635 9878 9636 9636 9878 9637 9638 9878 9552 9624 9878 9638 9563 9878 9639 9639 9878 9640 9640 9878 9641 9631 9878 9642 9642 9878 9643 9643 9878 9644 9644 9878 9645 9645 9878 9646 9647 9878 9648 9646 9878 9649 9648 9878 9650 9649 9878 9651 9650 9878 9652 9651 9878 9634 9641 9878 9653 9653 9878 9654 9655 9878 9656 9654 9878 9657 9658 9878 9655 9657 9878 9659 9660 9878 9658 9659 9878 9661 9662 9878 9660 9661 9878 9663 9663 9878 9664 9665 9878 9662 9664 9878 9647 9666 9878 9665 9667 9878 9666 9668 9878 9667 9669 9878 9668 9670 9878 9669 9594 9878 9671 9671 9878 9672 9672 9878 9673 9674 9878 9675 9675 9878 9676 9676 9878 9677 9678 9878 9679 9680 9878 9678 9681 9878 9680 9682 9878 9681 9683 9878 9684 9685 9878 9682 9686 9878 9683 9687 9878 9685 9688 9878 9686 9689 9878 9687 9690 9878 9688 9691 9878 9689 9692 9878 9690 9693 9878 9691 9694 9878 9692 9695 9878 9694 9656 9878 9611 9696 9878 9695 9697 9878 9696 9698 9878 9670 9673 9878 9699 9700 9878 9622 9699 9878 9701 9679 9878 9700 9701 9878 9702 9703 9878 9693 9702 9878 9704 9705 9878 9703 9704 9878 9706 9706 9878 9707 9707 9878 9708 9708 9878 9674 9709 9878 9633 9684 9878 9709 9710 9878 9697 9711 9878 9710 9637 9878 9712 9712 9878 9713 9713 9878 9714 9652 9878 9715 9716 9878 9717 9715 9878 9718 9717 9878 9719 9718 9878 9720 9721 9878 9722 9722 9878 9723 9723 9878 9724 9725 9878 9726 9727 9878 9725 9728 9878 9727 9729 9878 9728 9730 9878 9729 9731 9878 9730 9732 9878 9731 9733 9878 9732 9734 9878 9733 9735 9878 9734 9720 9878 9736 9736 9878 9737 9737 9878 9738 9738 9878 9739 9739 9878 9740 9740 9878 9741 9741 9878 9721 9714 9878 9742 9742 9878 9743 9743 9878 9744 9744 9878 9745 9745 9878 9746 9746 9878 9747 9747 9878 9748 9748 9878 9716 9677 9878 9749 9749 9878 9750 9751 9878 9752 9752 9878 9753 9754 9878 9698 9753 9878 9755 9726 9878 9754 9756 9878 9735 9757 9878 9758 9759 9878 9757 9760 9878 9761 9762 9878 9759 9763 9878 9762 9764 9878 9760 9765 9878 9763 9766 9878 9764 9767 9878 9765 9768 9878 9767 9769 9878 9766 9770 9878 9768 9771 9878 9769 9772 9878 9770 9773 9878 9771 9774 9878 9773 9775 9878 9774 9776 9878 9775 9777 9878 9776 9750 9878 9778 9778 9878 9779 9779 9878 9780 9780 9878 9781 9781 9878 9782 9782 9878 9783 9783 9878 9784 9784 9878 9751 9785 9878 9711 9786 9878 9705 9758 9878 9785 9761 9878 9786 9787 9878 9772 9788 9878 9787 9789 9878 9777 9790 9878 9789 9719 9878 9791 9791 9878 9792 9792 9878 9793 9794 9878 9795 9795 9878 9796 9797 9878 9798 9799 9878 9797 9800 9878 9799 9801 9878 9800 9802 9878 9801 9803 9878 9802 9804 9878 9803 9805 9878 9804 9806 9878 9805 9807 9878 9806 9808 9878 9809 9809 9878 9810 9810 9878 9811 9724 9878 9812 9812 9878 9813 9813 9878 9814 9793 9878 9815 9815 9878 9816 9816 9878 9817 9817 9878 9818 9818 9878 9819 9819 9878 9820 9820 9878 9821 9821 9878 9794 9755 9878 9822 9822 9878 9823 9824 9878 9825 9825 9878 9826 9826 9878 9827 9827 9878 9808 9814 9878 9828 9828 9878 9829 9829 9878 9830 9830 9878 9824 9831 9878 9832 9832 9878 9833 9833 9878 9834 9835 9878 9756 9798 9878 9835 9836 9878 9837 9838 9878 9807 9839 9878 9836 9840 9878 9839 9841 9878 9840 9842 9878 9841 9843 9878 9842 9844 9878 9843 9845 9878 9844 9846 9878 9847 9848 9878 9845 9849 9878 9846 9850 9878 9849 9851 9878 9850 9852 9878 9851 9853 9878 9852 9854 9878 9853 7866 9878 9854 9823 9878 9855 9855 9878 9856 9856 9878 9857 9857 9878 9858 9858 9878 9859 9859 9878 9860 9860 9878 9861 9861 9878 9831 9862 9878 9790 9847 9878 9862 9863 9878 9788 9837 9878 9863 9864 9878 9848 9865 9878 9864 9811 9878 9866 9866 9878 9867 9868 9878 9869 9869 9878 9870 9870 9878 9871 9872 9878 9873 9873 9878 9874 9875 9878 9876 9876 9878 9877 9796 9878 9872 9867 9878 9879 9879 9878 9880 9880 9878 9881 9882 9878 9883 9881 9878 9884 9885 9878 9882 9884 9878 9886 9887 9878 9885 9886 9878 9888 9889 9878 9887 9888 9878 9890 9891 9878 9889 9890 9878 9868 9892 9878 9891 9893 9878 9892 9894 9878 9893 9895 9878 9894 9896 9878 9895 9874 9878 9897 9897 9878 9898 9898 9878 9899 9899 9878 9900 9900 9878 9901 9901 9878 9902 9902 9878 9903 9903 9878 9875 9834 9878 9904 9904 9878 9905 9906 9878 9907 9907 9878 9908 9908 9878 9909 9910 9878 9911 9912 9878 9910 9913 9878 9912 9914 9878 9913 9915 9878 9914 9916 9878 9915 9917 9878 9916 9918 9878 9917 9919 9878 9918 9920 9878 9919 9921 9878 9838 9883 9878 9921 9922 9878 9896 9923 9878 9922 9905 9878 9924 9924 9878 9925 9925 9878 9926 9926 9878 9927 9927 9878 9928 9928 9878 9929 9929 9878 9930 9930 9878 9906 9871 9878 9931 9931 9878 9932 9911 9878 9865 9932 9878 9933 9934 9878 9920 9935 9878 9934 9936 9878 9937 9937 9878 9938 9938 9878 9939 9933 9878 9940 9940 9878 9941 9941 9878 9942 9942 9878 9943 9943 9878 9944 9944 9878 9945 9945 9878 9946 9946 9878 9936 9877 9878 9947 9947 9878 9948 9948 9878 9949 9950 9878 9951 9951 9878 9952 9953 9878 9954 9955 9878 9953 9956 9878 9955 9957 9878 9956 9958 9878 9957 9959 9878 9958 9960 9878 9959 9961 9878 9960 9962 9878 9961 9963 9878 9962 9949 9878 9964 9964 9878 9965 9965 9878 9966 9966 9878 9967 9939 9878 9968 9967 9878 9969 9968 9878 9970 9909 9878 9971 9969 9878 9972 9971 9878 9973 9972 9878 9974 9974 9878 9950 9975 9878 9976 9976 9878 9977 9978 9878 9979 9977 9878 9980 9979 9878 9981 9981 9878 9982 9983 9878 9984 9985 9878 9983 9986 9878 9985 9954 9878 9923 9987 9878 9986 9988 9878 9963 9989 9878 9987 9990 9878 9989 9991 9878 9990 9992 9878 9988 9993 9878 9991 9994 9878 9993 9995 9878 9994 9970 9878 9996 9996 9878 9997 9997 9878 9998 9998 9878 9999 9999 9878 10000 10000 9878 10001 10001 9878 10002 10002 9878 9975 9973 9878 10003 10003 9878 10004 10004 9878 10005 10005 9878 10006 10006 9878 10007 10007 9878 10008 10008 9878 10009 10009 9878 9978 9980 9878 10010 10010 9878 10011 9984 9878 9935 10012 9878 9995 10013 9878 10014 10014 9878 10015 10015 9878 10016 10011 9878 10017 9952 9878 10018 10017 9878 10019 10018 9878 10020 10019 9878 10021 10020 9878 10022 10021 9878 10023 10023 9878 10024 10024 9878 10025 10025 9878 10026 10026 9878 10013 10027 9878 10028 10028 9878 10029 10030 9878 10031 10032 9878 10030 10033 9878 10032 10034 9878 10033 10035 9878 10034 10036 9878 10035 10037 9878 10036 10038 9878 10037 10039 9878 10038 10040 9878 10039 10016 9878 10041 10041 9878 10042 10043 9878 10044 10044 9878 10045 10045 9878 10046 10022 9878 10047 10047 9878 10048 10042 9878 10049 10048 9878 10050 10049 9878 10051 10050 9878 10052 10051 9878 10053 10052 9878 10054 10053 9878 10055 9982 9878 10056 10054 9878 10057 10055 9878 10058 10056 9878 10059 10057 9878 10060 10058 9878 10061 10060 9878 10027 10061 9878 10062 10062 9878 10043 10031 9878 9992 10063 9878 10064 10065 9878 10040 10064 9878 10066 10067 9878 10065 10068 9878 10069 10070 9878 10068 10071 9878 10070 10072 9878 10071 10073 9878 10072 10074 9878 10073 10075 9878 10074 10076 9878 10075 10077 9878 10076 10078 9878 10077 10059 9878 10079 10046 9878 10080 10079 9878 10081 10080 9878 10082 10081 9878 10083 10082 9878 10084 10083 9878 10085 10085 9878 10086 10086 9878 10087 10087 9878 10088 10088 9878 10063 10089 9878 10090 10090 9878 10091 10091 9878 10092 10084 9878 10093 10093 9878 10094 10094 9878 10095 10095 9878 10096 10096 9878 10097 10097 9878 10098 10098 9878 10099 10099 9878 10089 10100 9878 10012 10069 9878 10100 10101 9878 10078 10102 9878 10101 10029 9878 10103 10103 9878 10104 10104 9878 10105 10106 9878 10107 10107 9878 10108 10092 9878 10109 10108 9878 10110 10109 9878 10111 10111 9878 10112 10113 9878 10114 10114 9878 8127 10112 9878 10115 10115 9878 10116 10116 9878 10117 10117 9878 10118 10118 9878 10119 10119 9878 10120 10120 9878 10113 10105 9878 10121 10121 9878 10122 10122 9878 10123 10123 9878 10124 10124 9878 10125 10125 9878 10126 10126 9878 10127 10127 9878 10106 10128 9878 10129 10130 9878 10128 10131 9878 10130 10132 9878 10131 10133 9878 10132 10134 9878 10133 10135 9878 10134 10136 9878 10135 10137 9878 10136 10138 9878 10137 10139 9878 10140 10140 9878 10141 10066 9878 10142 10142 9878 10143 10143 9878 10144 10145 9878 10146 10147 9878 10145 10148 9878 10147 10149 9878 10148 10150 9878 10149 10151 9878 10150 10152 9878 10151 10153 9878 10152 10154 9878 10067 10155 9878 10153 10129 9878 10154 10156 9878 10138 10157 9878 10156 10158 9878 10159 10159 9878 10160 10160 9878 10161 10161 9878 10162 10162 9878 10163 10163 9878 10139 10144 9878 10164 10164 9878 10158 10165 9878 10102 10146 9878 10165 10166 9878 10155 10167 9878 10166 10110 9878 10168 10168 9878 10169 10170 9878 10171 10171 9878 10172 10172 9878 10173 10169 9878 10174 10174 9878 10175 10175 9878 10176 10176 9878 10177 10177 9878 10178 10178 9878 10179 10179 9878 10180 10180 9878 10170 10181 9878 10182 10183 9878 10181 10141 9878 10184 10185 9878 10183 10184 9878 10186 10187 9878 10185 10186 9878 10188 10189 9878 10187 10190 9878 10189 10191 9878 10190 10192 9878 10191 10193 9878 10192 10194 9878 10193 10195 9878 10196 10196 9878 10197 10197 9878 10198 10199 9878 10200 10201 9878 10199 10202 9878 10201 10203 9878 10202 10204 9878 10203 10205 9878 10204 10206 9878 10207 10208 9878 10206 10200 9878 10208 10209 9878 10157 10182 9878 10209 10210 9878 10194 10188 9878 10211 10211 9878 10212 10212 9878 10213 10213 9878 10214 10214 9878 10215 10215 9878 10216 10216 9878 10217 10217 9878 10195 10218 9878 10205 10219 9878 10218 10220 9878 10167 10207 9878 10220 10173 9878 10221 10221 9878 10222 10222 9878 10223 10224 9878 10225 10225 9878 10226 10226 9878 10227 10223 9878 10228 10228 9878 10229 10229 9878 10230 10230 9878 10231 10231 9878 10232 10232 9878 10233 10233 9878 10234 10234 9878 10224 10198 9878 10235 10235 9878 10236 10237 9878 10238 10238 9878 10239 10239 9878 10240 10241 9878 10242 10243 9878 10241 10244 9878 10243 10245 9878 10244 10246 9878 10245 10247 9878 10248 10249 9878 10246 10250 9878 10247 10251 9878 10249 10252 9878 10250 10253 9878 10252 10254 9878 10251 10255 9878 10253 10256 9878 10254 10257 9878 10255 10258 9878 10256 10259 9878 10257 10260 9878 10259 10261 9878 10260 10236 9878 10262 10262 9878 10263 10264 9878 10210 10263 9878 10265 10242 9878 10264 10265 9878 10266 10266 9878 10267 10268 9878 10258 10269 9878 10268 10267 9878 10270 10270 9878 10271 10271 9878 10237 10272 9878 10219 10248 9878 10272 10273 9878 10261 10274 9878 10273 10227 9878 10275 10275 9878 10276 10276 9878 10277 10278 9878 10279 10279 9878 10280 10240 9878 10281 10281 9878 10282 10283 9878 10284 10284 9878 10285 10285 9878 10286 10287 9878 10288 10289 9878 10287 10290 9878 10289 10291 9878 10292 10293 9878 10290 10294 9878 10291 10295 9878 10293 10296 9878 10294 10297 9878 10296 10298 9878 10295 10299 9878 10297 10300 9878 10298 10301 9878 10299 10302 9878 10300 10303 9878 10301 10304 9878 10302 10305 9878 10303 10306 9878 10304 10307 9878 10305 10308 9878 10307 10277 9878 10309 10309 9878 10310 10310 9878 10311 10311 9878 10312 10312 9878 10313 10313 9878 10314 10314 9878 10315 10315 9878 10278 10282 9878 10316 10316 9878 10317 10317 9878 10318 10318 9878 10319 10319 9878 10320 10320 9878 10321 10321 9878 10322 10322 9878 10283 10292 9878 10274 10323 9878 10308 10288 9878 10269 10324 9878 10306 10325 9878 10324 10326 9878 10327 10327 9878 10328 10328 9878 10329 10280 9878 10330 10330 9878 10331 10331 9878 10332 10286 9878 10333 10333 9878 10334 10335 9878 10336 10337 9878 10338 10336 9878 10326 10338 9878 10339 10339 9878 10340 10332 9878 10341 10341 9878 10342 10342 9878 10343 10343 9878 10344 10344 9878 10345 10345 9878 10335 10346 9878 10347 10348 9878 10346 10349 9878 10348 10350 9878 10349 10351 9878 10350 10352 9878 10351 10353 9878 10352 10354 9878 10353 10355 9878 10354 10356 9878 10355 10357 9878 10358 10359 9878 10357 10360 9878 10359 10361 9878 10360 10362 9878 10361 10363 9878 10362 10364 9878 10363 10365 9878 10364 10366 9878 10365 10367 9878 10366 10334 9878 10368 10368 9878 10369 10369 9878 10370 10370 9878 10371 10371 9878 10372 10372 9878 10373 10373 9878 10374 10374 9878 10337 10375 9878 10323 10347 9878 10375 10376 9878 10356 10377 9878 10376 10378 9878 10325 10358 9878 10378 10379 9878 10367 10329 9878 10380 10380 9878 10381 10382 9878 10383 10383 9878 10384 10384 9878 10385 10381 9878 10386 10386 9878 10387 10387 9878 10388 10388 9878 10389 10389 9878 10390 10390 9878 10391 10391 9878 10392 10392 9878 10382 10393 9878 10394 10395 9878 10393 10396 9878 10395 10340 9878 10397 10398 9878 10396 10397 9878 10399 10400 9878 10401 10401 9878 10402 10403 9878 10404 10405 9878 10406 10407 9878 10403 10408 9878 10405 10409 9878 10407 10410 9878 10408 10411 9878 10409 10412 9878 10410 10413 9878 10411 10414 9878 10412 10415 9878 10413 10394 9878 10414 10416 9878 10415 10417 9878 10416 10418 9878 10417 10419 9878 10418 10420 9878 10398 10421 9878 10420 10399 9878 10422 10422 9878 10423 10423 9878 10424 10424 9878 10425 10425 9878 10426 10426 9878 10427 10427 9878 10428 10428 9878 10400 10429 9878 10379 10406 9878 10429 10404 9878 10377 10430 9878 10419 10431 9878 10430 10385 9878 10432 10432 9878 10433 10433 9878 10434 10435 9878 10436 10436 9878 10437 10402 9878 10438 10438 9878 10439 10439 9878 10440 10441 9878 10442 10442 9878 10443 10444 9878 10445 10446 9878 10444 10447 9878 10446 10448 9878 10447 10449 9878 10448 10450 9878 10449 10451 9878 10450 10452 9878 10451 10453 9878 10452 10454 9878 10453 10440 9878 10455 10455 9878 10456 10456 9878 10457 10457 9878 10458 10458 9878 10459 10459 9878 10460 10434 9878 10461 10460 9878 10462 10461 9878 10463 10462 9878 10441 10463 9878 10464 10464 9878 10465 10465 9878 10466 10466 9878 10467 10467 9878 10468 10468 9878 10435 10469 9878 10470 10471 9878 10469 10472 9878 10471 10473 9878 10472 10474 9878 10473 10475 9878 10474 10476 9878 10475 10477 9878 10476 10478 9878 10477 10479 9878 10478 10445 9878 10421 10480 9878 10454 10481 9878 10431 10470 9878 10481 10482 9878 10479 10483 9878 10482 10443 9878 10484 10437 9878 10485 10484 9878 10486 10485 9878 10487 10486 9878 10488 10487 9878 10489 10490 9878 10491 10492 9878 10493 10491 9878 10494 10493 9878 10495 10494 9878 10496 10495 9878 10497 10498 9878 10499 10500 9878 10498 10501 9878 10500 10502 9878 10501 10503 9878 10502 10504 9878 10503 10505 9878 10504 10506 9878 10505 10507 9878 10506 10508 9878 10507 10488 9878 10509 10509 9878 10510 10510 9878 10511 10511 9878 10512 10512 9878 10513 10513 9878 10514 10514 9878 10515 10515 9878 10490 10516 9878 10517 10518 9878 10516 10489 9878 10519 10520 9878 10518 10519 9878 10521 10522 9878 10520 10521 9878 10523 10524 9878 10522 10523 9878 10525 10526 9878 10524 10525 9878 10527 10528 9878 10526 10527 9878 10529 10530 9878 10528 10529 9878 10531 10532 9878 10530 10531 9878 10492 10533 9878 10480 10499 9878 10533 10534 9878 10508 10535 9878 10534 10536 9878 10483 10517 9878 10536 10537 9878 10532 10538 9878 10537 10497 9878 10539 10539 9878 10540 10541 9878 10542 10542 9878 10543 10543 9878 10544 10545 9878 10546 10546 9878 10547 10548 9878 10549 10549 9878 10550 10550 9878 10551 10540 9878 10552 10552 9878 10553 10496 9878 10545 10553 9878 10554 10554 9878 10555 10555 9878 10556 10556 9878 10557 10557 9878 10558 10558 9878 10541 10559 9878 10560 10561 9878 10559 10562 9878 10561 10563 9878 10564 10565 9878 10562 10566 9878 10563 10567 9878 10565 10568 9878 10566 10569 9878 10567 10570 9878 10568 10571 9878 10569 10572 9878 10570 10573 9878 10571 10574 9878 10572 10575 9878 10573 10576 9878 10574 10577 9878 10575 10578 9878 10576 10579 9878 10578 10580 9878 10579 10547 9878 10581 10581 9878 10582 10582 9878 10583 10583 9878 10584 10584 9878 10585 10585 9878 10586 10586 9878 10587 10587 9878 10548 10588 9878 10535 10560 9878 10588 10589 9878 10577 10564 9878 10538 10590 9878 10580 10591 9878 10590 10544 9878 10592 10592 9878 10593 10594 9878 10595 10595 9878 10596 10596 9878 10597 10593 9878 10598 10598 9878 10599 10599 9878 10600 10600 9878 10601 10551 9878 10602 10601 9878 10603 10602 9878 10604 10603 9878 10605 10605 9878 10606 10606 9878 10594 10607 9878 10608 10609 9878 10610 10608 9878 10611 10612 9878 10609 10611 9878 10613 10614 9878 10612 10615 9878 10614 10616 9878 10615 10617 9878 10616 10618 9878 10617 10619 9878 10620 10621 9878 10618 10622 9878 10619 10623 9878 10621 10624 9878 10622 10625 9878 10623 10626 9878 10624 10627 9878 10626 10628 9878 10627 10629 9878 10628 10630 9878 10629 10631 9878 10630 10632 9878 10631 10604 9878 10633 10633 9878 10634 10634 9878 10635 10635 9878 10636 10636 9878 10637 10637 9878 10638 10638 9878 10639 10639 9878 10607 10640 9878 10632 10641 9878 10640 10642 9878 10589 10610 9878 10642 10643 9878 10625 10644 9878 10643 10620 9878 10591 10597 9878 10645 10645 9878 10646 10646 9878 10647 10648 9878 10649 10649 9878 10650 10650 9878 10651 10613 9878 10652 10652 9878 10653 10654 9878 10655 10655 9878 10656 10657 9878 10658 10659 9878 10657 10660 9878 10659 10661 9878 10660 10662 9878 10661 10663 9878 10662 10664 9878 10663 10665 9878 10664 10666 9878 10665 10653 9878 10667 10668 9878 10666 10667 9878 10669 10669 9878 10670 10670 9878 10671 10671 9878 10672 10672 9878 10673 10673 9878 10674 10674 9878 10654 10647 9878 10675 10676 9878 10677 10675 9878 10678 10679 9878 10676 10678 9878 10680 10681 9878 10679 10680 9878 10682 10683 9878 10681 10682 9878 10684 10685 9878 10683 10684 9878 10686 10687 9878 10685 10686 9878 10688 10689 9878 10687 10688 9878 10648 10690 9878 10689 10691 9878 10690 10692 9878 10691 10658 9878 10644 10693 9878 10668 10694 9878 10693 10695 9878 10641 10677 9878 10695 10696 9878 10692 10697 9878 10696 10651 9878 10698 10698 9878 10699 10700 9878 10701 10701 9878 10702 10702 9878 10703 10656 9878 10704 10704 9878 10705 10705 9878 10706 10707 9878 10708 10708 9878 10709 10709 9878 10710 10706 9878 10711 10711 9878 10712 10699 9878 10713 10712 9878 10714 10713 9878 10715 10714 9878 10716 10715 9878 10717 10716 9878 10718 10717 9878 10719 10718 9878 10720 10719 9878 10721 10720 9878 10722 10721 9878 10723 10722 9878 10707 10723 9878 10724 10724 9878 10700 10725 9878 10726 10727 9878 10725 10728 9878 10727 10729 9878 10728 10730 9878 10729 10731 9878 10730 10732 9878 10731 10733 9878 10732 10734 9878 10733 10735 9878 10734 10736 9878 10737 10738 9878 10736 10739 9878 10738 10740 9878 10739 10741 9878 10740 10742 9878 10741 10743 9878 10742 10744 9878 10743 10745 9878 10744 10746 9878 10745 10726 9878 10697 10747 9878 10735 10748 9878 10747 10749 9878 10694 10737 9878 10749 10750 9878 10746 10751 9878 10752 10752 9878 10753 10753 9878 10754 10703 9878 10755 10755 9878 10756 10757 9878 10758 10758 9878 10759 10759 9878 10760 10760 9878 10761 10761 9878 10762 10762 9878 10763 10763 9878 10751 10710 9878 10764 10764 9878 10765 10756 9878 10757 10765 9878 10766 10767 9878 10768 10768 9878 10769 10769 9878 10770 10771 9878 10772 10773 9878 10771 10774 9878 10773 10775 9878 10776 10777 9878 10775 10778 9878 10774 10779 9878 10777 10780 9878 10778 10781 9878 10779 10782 9878 10780 10783 9878 10781 10784 9878 10782 10785 9878 10783 10786 9878 10784 10787 9878 10785 10788 9878 10786 10789 9878 10787 10790 9878 10788 10791 9878 10789 10792 9878 10791 10766 9878 10793 10793 9878 10794 10794 9878 10795 10795 9878 10796 10796 9878 10797 10797 9878 10798 10798 9878 10799 10799 9878 10767 10800 9878 10750 10772 9878 10800 10776 9878 10748 10801 9878 10790 10802 9878 10792 10803 9878 10801 10754 9878 10804 10804 9878 10805 10805 9878 10806 10807 9878 10808 10808 9878 10809 10809 9878 10810 10811 9878 10812 10813 9878 10811 10814 9878 10813 10815 9878 10814 10816 9878 10815 10817 9878 10816 10770 9878 10818 10819 9878 10817 10818 9878 10820 10821 9878 10819 10822 9878 10821 10823 9878 10824 10824 9878 10825 10825 9878 10826 10812 9878 10827 10828 9878 10829 10830 9878 10828 10831 9878 10830 10832 9878 10831 10833 9878 10832 10834 9878 10833 10835 9878 10834 10836 9878 10835 10837 9878 10836 10838 9878 10837 10806 9878 10839 10839 9878 10840 10840 9878 10841 10841 9878 10842 10842 9878 10843 10843 9878 10844 10844 9878 10845 10845 9878 10807 10846 9878 10822 10847 9878 10846 10820 9878 10848 10848 9878 10849 10849 9878 10850 10850 9878 10851 10851 9878 10852 10852 9878 10853 10853 9878 10854 10854 9878 10823 10827 9878 10803 10855 9878 10802 10829 9878 10855 10856 9878 10838 10810 9878 10857 10857 9878 10858 10859 9878 10860 10860 9878 10861 10861 9878 10862 10863 9878 10864 10865 9878 10863 10866 9878 10865 10867 9878 10866 10868 9878 10867 10869 9878 10868 10870 9878 10869 10871 9878 10870 10826 9878 10872 10873 9878 10871 10872 9878 10874 10875 9878 10873 10876 9878 10877 10877 9878 10878 10879 9878 10880 10881 9878 10879 10882 9878 10881 10883 9878 10882 10884 9878 10883 10885 9878 10884 10886 9878 10885 10887 9878 10886 10888 9878 10887 10889 9878 10888 10858 9878 10890 10890 9878 10891 10891 9878 10892 10892 9878 10893 10893 9878 10894 10894 9878 10895 10895 9878 10896 10896 9878 10859 10874 9878 10897 10897 9878 10898 10898 9878 10899 10899 9878 10900 10900 9878 10901 10901 9878 10902 10902 9878 10903 10903 9878 10876 10864 9878 10847 10904 9878 10875 10905 9878 10904 10906 9878 10856 10880 9878 10906 10907 9878 10889 10908 9878 10907 10862 9878 10909 10909 9878 10910 10911 9878 10912 10912 9878 10913 10913 9878 10914 10915 9878 10916 10917 9878 10915 10918 9878 10917 10919 9878 10918 10920 9878 10919 10921 9878 10920 10922 9878 10921 10923 9878 10924 10925 9878 10922 10926 9878 10925 10924 9878 10927 10928 9878 10926 10878 9878 10929 10929 9878 10930 10930 9878 10931 10932 9878 10933 10934 9878 10932 10935 9878 10934 10936 9878 10935 10937 9878 10936 10938 9878 10937 10939 9878 10938 10940 9878 10939 10941 9878 10940 10942 9878 10941 10910 9878 10943 10943 9878 10944 10944 9878 10945 10945 9878 10946 10946 9878 10947 10947 9878 10948 10948 9878 10949 10949 9878 10911 10950 9878 10923 10931 9878 10951 10951 9878 10952 10952 9878 10953 10953 9878 10954 10954 9878 10955 10955 9878 10956 10956 9878 10950 10916 9878 10905 10957 9878 10928 10933 9878 10908 10958 9878 10942 10959 9878 10958 10914 9878 10960 10960 9878 10961 10961 9878 10962 10963 9878 10964 10964 9878 10965 10965 9878 10966 10967 9878 10968 10969 9878 10967 10970 9878 10969 10971 9878 10970 10972 9878 10971 10973 9878 10972 10927 9878 10974 10975 9878 10973 10974 9878 10976 10977 9878 10975 10976 9878 10978 10979 9878 10977 10980 9878 10979 10981 9878 10982 10982 9878 10983 10983 9878 10984 10985 9878 10986 10987 9878 10988 10989 9878 10987 10990 9878 10989 10991 9878 10990 10992 9878 10991 10993 9878 10992 10994 9878 10993 10995 9878 10994 10986 9878 10995 10962 9878 10996 10996 9878 10997 10997 9878 10998 10998 9878 10999 10999 9878 11000 11000 9878 11001 11001 9878 10963 11002 9878 10957 10968 9878 11002 11003 9878 10980 10978 9878 11004 11004 9878 11005 11005 9878 11006 11006 9878 11007 11007 9878 11008 11008 9878 11009 11009 9878 11010 11010 9878 10981 11011 9878 10985 11012 9878 11011 10988 9878 10959 10966 9878 11013 11013 9878 11014 11015 9878 11016 11016 9878 11017 11017 9878 11018 11019 9878 11020 11021 9878 11019 11022 9878 11021 11023 9878 11022 11024 9878 11023 10984 9878 11025 11026 9878 11024 11025 9878 11027 11028 9878 11026 11029 9878 11028 11030 9878 11029 11031 9878 11030 11032 9878 11033 11033 9878 11034 11034 9878 11035 11036 9878 11037 11038 9878 11036 11039 9878 11038 11040 9878 11039 11041 9878 11040 11042 9878 11041 11043 9878 11042 11044 9878 11043 11045 9878 11044 11046 9878 11045 11014 9878 11047 11047 9878 11048 11048 9878 11049 11049 9878 11050 11050 9878 11051 11051 9878 11052 11052 9878 11053 11053 9878 11015 11054 9878 11003 11020 9878 11054 11055 9878 11031 11027 9878 11056 11056 9878 11057 11057 9878 11058 11058 9878 11059 11059 9878 11060 11060 9878 11061 11061 9878 11062 11062 9878 11032 11037 9878 11012 11063 9878 11046 11018 9878 11064 11064 9878 11065 11066 9878 11067 11067 9878 11068 11035 9878 11069 11070 9878 11071 11069 9878 11072 11073 9878 11070 11074 9878 11073 11075 9878 11074 11076 9878 11075 11077 9878 11076 11078 9878 11077 11079 9878 11078 11080 9878 11081 11082 9878 11079 11081 9878 11083 11084 9878 11082 11083 9878 11085 11086 9878 11087 11088 9878 11086 11089 9878 11088 11090 9878 11089 11091 9878 11090 11092 9878 11091 11093 9878 11092 11094 9878 11093 11095 9878 11094 11096 9878 11095 11065 9878 11097 11097 9878 11098 11098 9878 11099 11099 9878 11100 11100 9878 11101 11101 9878 11102 11102 9878 11103 11103 9878 11066 11104 9878 11055 11071 9878 11104 11072 9878 11105 11105 9878 11106 11107 9878 11084 11106 9878 11108 11109 9878 11107 11108 9878 11110 11110 9878 11111 11111 9878 11112 11112 9878 11113 11113 9878 11080 11114 9878 11063 11087 9878 11114 11115 9878 11096 11116 9878 11117 11068 9878 11118 11118 9878 11119 11119 9878 11120 11121 9878 11122 11122 9878 11116 11085 9878 11123 11124 9878 11125 11123 9878 11126 11127 9878 11124 11128 9878 11127 11129 9878 11128 11130 9878 11129 11131 9878 11130 11132 9878 11131 11133 9878 11132 11134 9878 11133 11135 9878 11136 11137 9878 11134 11136 9878 11138 11120 9878 11139 11139 9878 11140 11140 9878 11141 11142 9878 11143 11141 9878 11144 11145 9878 11142 11144 9878 11146 11147 9878 11145 11146 9878 11148 11149 9878 11147 11148 9878 11150 11151 9878 11149 11150 9878 11121 11152 9878 11151 11153 9878 11152 11154 9878 11153 11155 9878 11154 11156 9878 11155 11125 9878 11109 11157 9878 11137 11158 9878 11157 11126 9878 11159 11159 9878 11160 11160 9878 11161 11161 9878 11162 11162 9878 11163 11163 9878 11164 11164 9878 11165 11165 9878 11135 11166 9878 11115 11143 9878 11166 11167 9878 11156 11168 9878 11167 11117 9878 11169 11169 9878 11170 11171 9878 11172 11172 9878 11173 11173 9878 11174 11175 9878 11176 11138 9878 11177 11178 9878 11175 11177 9878 11179 11180 9878 11178 11179 9878 11181 11182 9878 11180 11183 9878 11182 11184 9878 11183 11185 9878 11184 11186 9878 11185 11187 9878 11186 11188 9878 11187 11189 9878 11190 11190 9878 11191 11191 9878 11192 11170 9878 11193 11193 9878 11194 11194 9878 11195 11195 9878 11196 11196 9878 11197 11197 9878 11198 11198 9878 11199 11199 9878 11171 11200 9878 11201 11181 9878 11202 11202 9878 11203 11203 9878 11204 11204 9878 11205 11205 9878 11206 11206 9878 11207 11207 9878 11208 11208 9878 11189 11209 9878 11210 11211 9878 11209 11212 9878 11211 11213 9878 11212 11214 9878 11213 11215 9878 11214 11216 9878 11215 11217 9878 11216 11218 9878 11217 11219 9878 11218 11176 9878 11158 11201 9878 11188 11220 9878 11168 11210 9878 11220 11221 9878 11219 11222 9878 11221 11174 9878 11223 11223 9878 11224 11224 9878 11225 11226 9878 11227 11227 9878 11228 11228 9878 11229 11192 9878 11230 11231 9878 11232 11233 9878 11231 11230 9878 11234 11235 9878 11233 11234 9878 11236 11237 9878 11235 11238 9878 11237 11239 9878 11238 11240 9878 11239 11241 9878 11240 11242 9878 11241 11243 9878 11242 11244 9878 11245 11245 9878 11246 11246 9878 11247 11236 9878 11248 11248 9878 11249 11249 9878 11250 11250 9878 11251 11251 9878 11252 11252 9878 11253 11253 9878 11244 11225 9878 11254 11254 9878 11255 11255 9878 11256 11256 9878 11257 11257 9878 11258 11258 9878 11259 11259 9878 11226 11232 9878 11200 11260 9878 11243 11261 9878 11262 11263 9878 11261 11264 9878 11263 11265 9878 11264 11266 9878 11265 11267 9878 11266 11268 9878 11267 11269 9878 11268 11270 9878 11269 11271 9878 11270 11272 9878 11222 11262 9878 11272 11273 9878 11271 11229 9878 11274 11274 9878 11275 11275 9878 11276 11277 9878 11278 11278 9878 11279 11279 9878 11280 11281 9878 11282 11283 9878 11281 11284 9878 11283 11285 9878 11284 11286 9878 11285 11287 9878 11286 11288 9878 11287 11289 9878 11288 11290 9878 11289 11291 9878 11290 11247 9878 11292 11292 9878 11293 11293 9878 11294 11295 9878 11296 11296 9878 11297 11297 9878 11298 11276 9878 11299 11299 9878 11300 11300 9878 11301 11294 9878 11302 11301 9878 11303 11302 9878 11304 11303 9878 11305 11304 9878 11306 11305 9878 11307 11306 9878 11308 11307 9878 11277 11308 9878 11309 11309 9878 11310 11311 9878 11260 11310 9878 11312 11282 9878 11311 11312 9878 11295 11313 9878 11291 11314 9878 11315 11316 9878 11314 11317 9878 11316 11318 9878 11317 11319 9878 11318 11320 9878 11319 11321 9878 11320 11322 9878 11321 11323 9878 11322 11324 9878 11323 11325 9878 11273 11315 9878 11325 11326 9878 11324 11280 9878 11327 11327 9878 11328 11329 9878 11330 11330 9878 11331 11331 9878 11332 11333 9878 11334 11335 9878 11333 11336 9878 11335 11337 9878 11336 11338 9878 11337 11339 9878 11338 11340 9878 11339 11341 9878 11340 11342 9878 11341 11343 9878 11342 11344 9878 11345 11345 9878 11346 11328 9878 11347 11347 9878 11348 11298 9878 11349 11348 9878 11350 11349 9878 11351 11350 9878 11352 11351 9878 11353 11352 9878 11354 11354 9878 11355 11355 9878 11356 11356 9878 11329 11357 9878 11313 11334 9878 11357 11358 9878 11343 11359 9878 11358 11360 9878 11361 11362 9878 11360 11363 9878 11362 11364 9878 11363 11365 9878 11364 11366 9878 11365 11367 9878 11366 11368 9878 11367 11369 9878 11368 11370 9878 11369 11371 9878 11372 11372 9878 11373 11373 9878 11374 11374 9878 11375 11375 9878 11376 11376 9878 11344 11353 9878 11377 11377 9878 11371 11378 9878 11326 11361 9878 11378 11379 9878 11370 11380 9878 11379 11332 9878 11381 11381 9878 11382 11383 9878 11384 11384 9878 11385 11386 9878 11387 11388 9878 11386 11389 9878 11388 11390 9878 11389 11391 9878 11390 11392 9878 11391 11393 9878 11392 11394 9878 11393 11395 9878 11394 11396 9878 11395 11346 9878 11397 11397 9878 11398 11398 9878 11399 11382 9878 11400 11400 9878 11401 11401 9878 11402 11402 9878 11403 11403 9878 11404 11404 9878 11405 11405 9878 11406 11406 9878 11383 11407 9878 11408 11408 9878 11409 11387 9878 11359 11410 9878 11411 11412 9878 11410 11413 9878 11396 11414 9878 11412 11415 9878 11413 11416 9878 11414 11417 9878 11416 11418 9878 11417 11419 9878 11420 11421 9878 11419 11422 9878 11421 11411 9878 11422 11399 9878 11423 11423 9878 11424 11424 9878 11425 11425 9878 11426 11426 9878 11427 11427 9878 11428 11428 9878 11429 11429 9878 11407 11430 9878 11418 11431 9878 11430 11420 9878 11380 11385 9878 11432 11432 9878 11433 11433 9878 11434 11435 9878 11436 11436 9878 11437 11437 9878 11438 11439 9878 11440 11441 9878 11439 11442 9878 11441 11443 9878 11442 11444 9878 11443 11445 9878 11444 11446 9878 11445 11447 9878 11446 11448 9878 11447 11449 9878 11448 11434 9878 11450 11409 9878 11451 11450 9878 11452 11451 9878 11453 11452 9878 11454 11453 9878 11455 11454 9878 11456 11456 9878 11457 11457 9878 11458 11458 9878 11459 11459 9878 11435 11460 9878 11461 11461 9878 11462 11462 9878 11463 11440 9878 11415 11464 9878 11449 11465 9878 11464 11455 9878 11466 11466 9878 11467 11467 9878 11468 11468 9878 11469 11469 9878 11470 11470 9878 11471 11471 9878 11472 11472 9878 11460 11473 9878 11474 11475 9878 11473 11476 9878 11475 11477 9878 11476 11478 9878 11477 11479 9878 11478 11480 9878 11479 11481 9878 11480 11482 9878 11481 11483 9878 11482 11484 9878 11431 11474 9878 11484 11485 9878 11483 11486 9878 11485 11438 9878 11487 11487 9878 11488 11489 9878 11490 11490 9878 11491 11491 9878 11492 11493 9878 11494 11495 9878 11493 11496 9878 11495 11497 9878 11496 11498 9878 11497 11499 9878 11498 11500 9878 11499 11501 9878 11500 11502 9878 11501 11463 9878 11503 11503 9878 11504 11505 9878 11506 11506 9878 11507 11507 9878 11508 11488 9878 11509 11509 9878 11510 11510 9878 11511 11511 9878 11512 11512 9878 11513 11513 9878 11514 11514 9878 11515 11515 9878 11489 11516 9878 11465 11494 9878 11516 11504 9878 11517 11518 9878 11502 11517 9878 11519 11520 9878 11518 11519 9878 11521 11521 9878 11522 11522 9878 11523 11523 9878 11524 11524 9878 11525 11525 9878 11505 11526 9878 11527 11528 9878 11526 11529 9878 11528 11530 9878 11529 11531 9878 11530 11532 9878 11531 11533 9878 11532 11534 9878 11533 11535 9878 11534 11536 9878 11486 11527 9878 11536 11537 9878 11535 11538 9878 11537 11539 9878 11540 11540 9878 11541 11541 9878 11542 11492 9878 11543 11543 9878 11544 11545 9878 11546 11547 9878 11545 11548 9878 11547 11549 9878 11548 11550 9878 11549 11551 9878 11550 11552 9878 11551 11553 9878 11552 11554 9878 11553 11555 9878 11554 11508 9878 11556 11556 9878 11557 11557 9878 11558 11559 9878 11539 11544 9878 11560 11560 9878 11561 11562 9878 11563 11561 9878 11564 11563 9878 11565 11564 9878 11566 11565 9878 11567 11566 9878 11568 11568 9878 11569 11569 9878 11559 11546 9878 11520 11570 9878 11555 11571 9878 11570 11558 9878 11572 11572 9878 11573 11573 9878 11574 11574 9878 11575 11575 9878 11576 11576 9878 11577 11577 9878 11578 11578 9878 11562 11579 9878 11580 11581 9878 11579 11582 9878 11581 11583 9878 11582 11584 9878 11583 11585 9878 11584 11586 9878 11585 11587 9878 11586 11588 9878 11587 11589 9878 11588 11590 9878 11538 11580 9878 11590 11591 9878 11589 11592 9878 11591 11542 9878 11593 11593 9878 11594 11595 9878 11596 11596 9878 11597 11597 9878 11598 11599 9878 11600 11601 9878 11599 11602 9878 11603 11604 9878 11602 11605 9878 11604 11606 9878 11605 11607 9878 11606 11608 9878 11607 11609 9878 11608 11600 9878 11609 11594 9878 11610 11610 9878 11611 11611 9878 11612 11612 9878 11613 11613 9878 11614 11614 9878 11615 11567 9878 11616 11615 9878 11617 11616 9878 11618 11617 9878 11595 11618 9878 11619 11620 9878 11601 11621 9878 11622 11622 9878 11623 11623 9878 11624 11603 9878 11571 11619 9878 11625 11625 9878 11626 11626 9878 11627 11627 9878 11628 11628 9878 11629 11629 9878 11630 11630 9878 11631 11631 9878 11621 11632 9878 11633 11634 9878 11632 11635 9878 11634 11636 9878 11635 11637 9878 11636 11638 9878 11637 11639 9878 11638 11640 9878 11639 11641 9878 11640 11642 9878 11641 11598 9878 11643 11643 9878 11644 11633 9878 11592 11645 9878 11642 11646 9878 11647 11648 9878 11645 11647 9878 11649 11650 9878 11651 11652 9878 11650 11653 9878 11652 11654 9878 11653 11655 9878 11654 11656 9878 11655 11657 9878 11656 11658 9878 11657 11659 9878 11658 11660 9878 11659 11644 9878 11661 11661 9878 11662 11662 9878 11663 11663 9878 11664 11664 9878 11665 11665 9878 11666 11666 9878 11667 11667 9878 11646 11668 9878 11620 11651 9878 11668 11669 9878 11660 11670 9878 11669 11624 9878 11671 11671 9878 11672 11672 9878 11673 11674 9878 11675 11675 9878 11676 11676 9878 11677 11673 9878 11678 11678 9878 11679 11679 9878 11680 11680 9878 11681 11681 9878 11682 11682 9878 11683 11683 9878 11674 11684 9878 11685 11686 9878 11684 11687 9878 11686 11688 9878 11687 11689 9878 11688 11690 9878 11689 11691 9878 11690 11692 9878 11691 11693 9878 11692 11694 9878 11693 11649 9878 11695 11695 9878 11696 11696 9878 11697 11698 9878 11699 11699 9878 11700 11701 9878 11648 11685 9878 11701 11702 9878 11703 11704 9878 11694 11705 9878 11702 11706 9878 11704 11707 9878 11705 11708 9878 11707 11709 9878 11708 11710 9878 11709 11711 9878 11710 11712 9878 11711 11713 9878 11712 11714 9878 11713 11697 9878 11715 11715 9878 11716 11716 9878 11717 11717 9878 11718 11718 9878 11719 11719 9878 11720 11720 9878 11721 11721 9878 11698 11703 9878 11670 11722 9878 11723 11724 9878 11714 11725 9878 11724 11677 9878 11726 11726 9878 11727 11727 9878 11728 11729 9878 11730 11730 9878 11722 11728 9878 11731 11731 9878 11732 11732 9878 11733 11733 9878 11734 11734 9878 11735 11735 9878 11736 11736 9878 11729 11737 9878 11738 11739 9878 11737 11740 9878 11739 11741 9878 11740 11742 9878 11741 11743 9878 11742 11744 9878 11743 11745 9878 11744 11746 9878 11745 11700 9878 11747 11747 9878 11748 11748 9878 11749 11750 9878 11751 11751 9878 11752 11752 9878 11753 11754 9878 11755 11756 9878 11754 11757 9878 11756 11758 9878 11757 11759 9878 11758 11760 9878 11759 11761 9878 11760 11762 9878 11761 11763 9878 11706 11764 9878 11762 11738 9878 11763 11765 9878 11764 11766 9878 11746 11767 9878 11766 11749 9878 11768 11768 9878 11769 11769 9878 11770 11770 9878 11771 11771 9878 11772 11772 9878 11773 11773 9878 11774 11774 9878 11750 11755 9878 11725 11775 9878 11765 11776 9878 11775 11723 9878 11777 11777 9878 11778 11778 9878 11779 11780 9878 11781 11781 9878 11782 11782 9878 11783 11779 9878 11784 11784 9878 11785 11785 9878 11786 11786 9878 11787 11787 9878 11788 11788 9878 11789 11789 9878 11790 11790 9878 11780 11791 9878 11792 11793 9878 11791 11794 9878 11793 11795 9878 11794 11796 9878 11795 11797 9878 11796 11798 9878 11797 11799 9878 11798 11800 9878 11799 11801 9878 11800 11753 9878 11802 11802 9878 11803 11804 9878 11805 11805 9878 11806 11806 9878 6331 11807 9878 11801 11808 9878 11809 6345 9878 11807 11810 9878 11808 11811 9878 11810 11812 9878 11811 11813 9878 11812 11814 9878 11813 11815 9878 11814 11816 9878 11815 11817 9878 11816 11818 9878 11767 11792 9878 11818 11803 9878 11819 11819 9878 11820 11820 9878 11821 11821 9878 11822 11822 9878 11823 11823 9878 11824 11824 9878 11825 11825 9878 11804 11826 9878 11776 11809 9878 11826 11827 9878 11817 6380 9878 11827 11783 9878 11828 11828 9878 11829 11829 9878 6320 6329 9878 11830 11830 9878 11831 11831 9878 6392 11832 9878 6344 11833 9878 11832 11834 9878 11833 11835 9878 11834 11836 9878 11835 11837 9878 11836 11838 9878 11837 11839 9878 11838 11840 9878 11839 6347 9878 11840 11841 11842 11843 11843 11842 11844 11844 11842 11845 11845 11842 11846 8142 9878 11847 11847 9878 11848 11848 9878 11849 11849 9878 11850 11850 9878 11841 11841 9878 11842 11851 11852 11853 11853 11852 11854 11855 11856 11857 11852 6315 11855 11851 6315 11852 11855 6315 11856 11851 11858 6315 11859 11860 11861 11862 11863 11864 11864 11863 11865 6315 11866 11867 11867 11866 11859 11859 11866 11860 11865 11868 11858 11858 11868 6315 11863 11868 11865 6315 11868 11866 11869 11870 11871 11869 11871 11872 11869 11872 11873 11869 11873 11874 11869 11874 11875 11869 11875 11876 11877 11878 11879 11877 11879 11880 11877 11880 11881 11877 11881 11882 11877 11882 11883 11877 11883 11870 11877 11870 11869 11884 11876 11885 11884 11885 11886 11884 11886 11887 11884 11887 11888 11884 11888 11889 11884 11889 11890 11884 11890 11891 11884 11869 11876 11892 11893 11894 11892 11894 11895 11892 11895 11896 11892 11896 11878 11892 11878 11877 11897 11893 11892 11898 11891 11899 11898 11899 11900 11898 11900 11901 11898 11901 11902 11898 11902 11903 11898 11903 11904 11898 11884 11891 11905 11906 11907 11905 11907 11908 11905 11908 11897 11905 11897 11892 11909 11906 11905 11910 11904 11911 11910 11911 11912 11910 11912 11913 11910 11913 11914 11910 11914 11915 11910 11898 11904 11916 11910 11915 11917 11918 11919 11917 11919 11920 11917 11920 11909 11917 11909 11905 11921 11918 11917 11922 11921 11917 11922 11923 11921 11924 11923 11922 11925 11926 11927 11928 11925 11927 11929 11927 11930 11929 11928 11927 11931 11930 11932 11931 11929 11930 11933 11932 11934 11933 11934 11923 11933 11923 11924 11933 11931 11932 11935 11910 11916 11935 11916 11936 11935 11936 11937 11935 11937 11938 11935 11938 11939 11935 11939 11940 11935 11940 11941 11942 11935 11941 11943 11942 11944 11943 11944 11945 11943 11945 11946 11943 11946 11947 11943 11935 11942 11948 11943 11947 11949 11943 11948 11950 11943 11949 11951 11943 11950 11952 11951 11953 11952 11953 11954 11952 11954 11955 11952 11955 11956 11952 11943 11951 11957 11952 11956 11958 11952 11957 11959 11952 11958 11960 11952 11959 11960 11959 11961 11960 11961 11962 11960 11962 11963 11960 11963 11964 11965 11960 11964 11966 11960 11965 11967 11960 11966 11968 11960 11967 11969 11960 11968 11970 11960 11969 11970 11969 11971 11970 11971 11972 11973 11970 11972 11974 11970 11973 11975 11970 11974 11976 11970 11975 11977 11970 11976 11978 11970 11977 11979 11970 11978 11980 11979 11978 11981 11979 11980 11982 11979 11981 11983 11979 11982 11984 11979 11983 11985 11979 11984 11986 11979 11985 11851 11979 11986 11987 11851 11986 11988 11851 11987 11858 11851 11988 7810 11989 9878 11989 11990 9878 11990 11991 9878 11991 11992 9878 11992 11993 9878 11994 9878 11995 11995 9878 11996 11996 9878 11997 11997 9878 11998 11993 11999 9878 11999 12000 9878 12002 9878 12003 12004 9878 12000 12003 9878 12005 12005 9878 12006 12006 9878 12007 12007 9878 12001 12004 12008 9878 11998 9878 12009 12009 9878 12010 12008 12011 9878 12010 9878 12012 12012 9878 12013 12011 12014 9878 12015 9878 12016 12016 9878 12017 12017 9878 12018 12018 9878 12002 12013 9878 12019 12019 9878 12020 12020 9878 12021 12021 9878 12022 12023 9878 12024 12024 9878 12014 12022 9878 12025 12023 12026 9878 12025 9878 12027 12027 9878 12028 12028 9878 12015 12026 12029 9878 12029 12030 9878 12030 12031 9878 12031 12032 9878 12033 9878 12034 12034 9878 12035 12035 9878 12036 12036 9878 12037 12037 9878 12038 12038 9878 12032 12033 12039 9878 12039 12040 9878 12040 12041 9878 12042 9878 12043 12043 9878 12044 12044 9878 12041 12042 12045 9878 12045 12046 9878 12047 9878 12048 12048 9878 12046 12047 12049 9878 12049 12050 9878 11842 9878 12051 9878 12052 12051 12053 9878 12054 12054 9878 12055 12055 9878 12056 12056 9878 12050 12053 12057 9878 12052 9878 12058 12058 9878 12059 12059 9878 12060 12061 9878 12062 12062 9878 12063 12063 9878 12064 12064 9878 12065 12065 9878 12066 12066 9878 12057 12060 9878 12067 12067 9878 12068 12068 9878 12069 12069 9878 12070 12071 9878 12072 12072 9878 12073 12073 9878 12074 12074 9878 12075 12075 9878 12061 12070 9878 12076 12076 9878 12077 12077 9878 12078 12078 9878 11994 12001 9878 12079 12079 9878 12080 12080 9878 12081 12081 9878 12082 12082 9878 12071 12103 12088 12083 12088 12086 12083 12105 12084 12098 12098 12084 12085 12084 12086 12085 12085 12086 12094 12091 12100 12088 12087 12100 12091 12090 12092 12091 12092 12087 12091 12090 12091 12089 12088 12095 12091 12091 12095 12089 12097 12089 12092 12089 12087 12092 12089 12095 12087 12097 12104 12089 12088 12090 12089 12094 12093 12104 12093 12102 12089 12104 12093 12089 12101 12094 12098 12101 12100 12094 12104 12096 12092 12100 12104 12092 12097 12096 12104 12100 12093 12094 12085 12103 12098 12085 12099 12103 12099 12102 12083 12083 12102 12095 12102 12093 12095 12093 12097 12095 12100 12097 12093 12100 12096 12097 12096 12100 12095 12095 12098 12103 12095 12103 12083 12094 12102 12085 12085 12102 12099 12102 12086 12088 12103 12086 12084 12105 12104 12101 12088 12103 12084 12101 12088 12084 12102 12104 12086 12084 12105 12101 12086 12104 12105 12102 12088 12089 12094 12105 12098 12086 12105 12094 12083 12086 12099 12086 12103 12099 12087 12095 12100 12100 12101 12104 12102 12094 12104 12098 12095 12088 12098 12088 12101 12092 12096 12095 12092 12095 12097 12092 12090 12100 12090 12088 12100 12107 12108 12109 12110 12109 12111 12110 12107 12109 12114 12112 12106 12114 12113 12112 12114 12115 12116 12114 12117 12113 12114 12116 12118 12114 12118 12117 12120 12117 12119 12120 12119 12121 12120 12122 12117 12120 12121 12123 12120 12123 12122 12127 12122 12124 12127 12124 12125 12127 12126 12122 12127 12125 12128 12127 12128 12126 12130 12126 12129 12130 12129 12131 12130 12131 12132 12130 12133 12126 12130 12132 12133 12119 12117 12118 12124 12122 12123 12129 12126 12128 12134 12133 12132 12135 12133 12134 12136 12133 12135 12137 12136 12138 12137 12133 12136 12139 12137 12138 12140 12137 12139 12141 12137 12140 12142 12137 12141 12141 12143 12142 12145 12114 12144 12114 12145 12111 12114 12146 12144 12114 12147 12146 12114 12148 12147 12114 12149 12148 12114 12150 12149 12114 12106 12150 12154 12155 12144 12151 12573 12156 12152 12573 12157 12158 12155 12154 12156 12573 12159 12159 12573 12153 12160 12573 12161 12158 12162 12155 12163 12573 12164 12166 12573 12163 12167 12573 12166 12168 12573 12169 12170 12573 12165 12162 12171 12155 12157 12573 12172 12172 12573 12160 12173 12573 12174 12175 12573 12173 12176 12573 12175 12177 12573 12178 12179 12573 12180 12178 12573 12181 12181 12573 12179 12182 12573 12170 12183 12573 12182 12184 12573 12183 12153 12573 12185 12186 12573 12187 12188 12573 12189 12190 12573 12188 12185 12573 12191 12191 12573 12186 12161 12573 12193 12193 12573 12194 12194 12573 12192 12189 12573 12167 12195 12573 12190 12196 12573 12197 12198 12573 12196 12180 12573 12200 12200 12573 12201 12201 12573 12199 12197 12573 12176 12202 12573 12198 12203 12573 12204 12205 12573 12203 12192 12573 12206 12207 12573 12208 12187 12573 12209 12209 12573 12210 12210 12573 12211 12212 12573 12213 12214 12573 12212 12204 12573 12184 12215 12573 12205 12206 12573 12216 12216 12573 12207 12213 12573 12195 12217 12573 12202 12218 12573 12217 12219 12573 12218 12220 12221 12222 12199 12573 12223 12224 12573 12225 12223 12573 12226 12226 12573 12224 12227 12573 12215 12228 12573 12227 12229 12573 12228 12230 12573 12231 12232 12573 12233 12234 12573 12232 12211 12573 12235 12237 12573 12236 12235 12573 12238 12238 12573 12230 12208 12573 12239 12239 12573 12237 12233 12573 12214 12240 12573 12241 12242 12573 12240 12225 12573 12244 12244 12573 12245 12245 12573 12243 12241 12573 12219 12246 12573 12242 12247 12573 12248 12249 12573 12247 12250 12573 12251 12252 12573 12250 12236 12573 12253 12254 12573 12255 12231 12573 12256 12256 12573 12257 12257 12573 12258 12248 12573 12234 12259 12573 12249 12251 12573 12229 12260 12573 12252 12253 12573 12261 12261 12573 12254 12262 12573 12246 12263 12573 12262 12264 12573 12263 12243 12573 12266 12267 12573 12265 12266 12573 12268 12268 12573 12267 12269 12573 12259 12270 12573 12269 12271 12573 12272 12273 12573 12260 12272 12573 12273 12258 12573 12274 12275 12573 12276 12277 12573 12270 12274 12573 12278 12278 12573 12275 12279 12573 12280 12255 12573 12281 12281 12573 12279 12282 12573 12283 12284 12573 12282 12265 12573 12285 12285 12573 12286 12286 12573 12287 12283 12573 12264 12288 12573 12284 12289 12573 12290 12291 12573 12289 12292 12573 12293 12294 12573 12292 12276 12573 12295 12295 12573 12296 12297 12573 12298 12296 12573 12299 12280 12573 12300 12300 12573 12297 12290 12573 12271 12301 12573 12291 12293 12573 12277 12302 12573 12294 12303 12573 12288 12304 12573 12303 12287 12573 12305 12306 12573 12307 12305 12573 12308 12308 12573 12306 12310 12573 12301 12311 12573 12310 12312 12573 12309 12313 12573 12304 12314 12573 12302 12315 12573 12314 12299 12573 12316 12317 12573 12318 12298 12573 12319 12319 12573 12312 12316 12573 12320 12320 12573 12317 12321 12573 12315 12322 12573 12311 12323 12573 12324 12325 12573 12323 12307 12573 12327 12327 12573 12328 12328 12573 12326 12329 12573 12330 12331 12573 12329 12332 12573 12333 12334 12573 12332 12324 12573 12313 12309 12573 12335 12336 12573 12325 12335 12573 12338 12338 12573 12337 12318 12573 12340 12340 12573 12341 12341 12573 12339 12333 12573 12322 12330 12573 12321 12342 12573 12334 12343 12573 12331 12344 12573 12336 12345 12573 12344 12326 12573 12346 12347 12573 12348 12346 12573 12350 12337 12573 12351 12350 12573 12347 12352 12573 12349 12353 12573 12342 12354 12573 12353 12355 12573 12345 12356 12573 12343 12357 12573 12356 12358 12573 12357 12339 12573 12359 12360 12573 12361 12351 12573 12362 12362 12573 12352 12359 12573 12363 12363 12573 12360 12364 12573 12354 12365 12573 12366 12367 12573 12365 12348 12573 12369 12369 12573 12370 12370 12573 12368 12371 12573 12372 12373 12573 12371 12374 12573 12375 12376 12573 12374 12366 12573 12355 12377 12573 12367 12349 12573 12379 12379 12573 12380 12380 12573 12378 12361 12573 12381 12381 12573 12382 12382 12573 12383 12372 12573 12358 12384 12573 12373 12375 12573 12364 12385 12573 12376 12386 12573 12377 12387 12573 12386 12368 12573 12389 12390 12573 12388 12389 12573 12391 12391 12573 12390 12392 12573 12385 12393 12573 12392 12394 12573 12387 12383 12573 12396 12378 12573 12397 12398 12573 12395 12399 12573 12400 12401 12573 12384 12402 12573 12401 12403 12573 12402 12396 12573 12404 12404 12573 12398 12397 12573 12405 12405 12573 12399 12406 12573 12393 12407 12573 12408 12409 12573 12407 12388 12573 12410 12410 12573 12411 12411 12573 12412 12413 12573 12414 12415 12573 12416 12417 12573 12413 12408 12573 12394 12418 12573 12415 12419 12573 12409 12395 12573 12421 12400 12573 12422 12422 12573 12423 12423 12573 12420 12421 12573 12424 12424 12573 12425 12414 12573 12403 12426 12573 12417 12416 12573 12406 12427 12573 12418 12428 12573 12419 12429 12573 12428 12412 12573 12431 12432 12573 12430 12431 12573 12433 12433 12573 12432 12434 12573 12427 12435 12573 12434 12436 12573 12429 12420 12573 12437 12425 12573 12438 12439 12573 12440 12441 12573 12442 12443 12573 12444 12445 12573 12443 12438 12573 12446 12446 12573 12439 12437 12573 12447 12447 12573 12441 12448 12573 12435 12444 12573 12426 12449 12573 12450 12451 12573 12449 12430 12573 12452 12453 12573 12454 12455 12573 12453 12452 12573 12458 12458 12573 12457 12459 12573 12460 12461 12573 12459 12450 12573 12436 12462 12573 12451 12442 12573 12463 12463 12573 12464 12464 12573 12456 12440 12573 12465 12454 12573 12445 12466 12573 12455 12465 12573 12468 12468 12573 12467 12460 12573 12448 12469 12573 12461 12470 12573 12462 12471 12573 12470 12457 12573 12473 12474 12573 12472 12473 12573 12475 12475 12573 12474 12476 12573 12466 12477 12573 12476 12478 12573 12469 12479 12573 12478 12480 12573 12471 12481 12573 12482 12467 12573 12483 12456 12573 12484 12485 12573 12486 12487 12573 12477 12483 12573 12488 12488 12573 12485 12489 12573 12481 12484 12573 12489 12490 12573 12479 12491 12573 12487 12492 12573 12491 12472 12573 12493 12494 12573 12490 12495 12573 12494 12493 12573 12497 12497 12573 12496 12498 12573 12480 12499 12573 12495 12500 12573 12492 12501 12573 12502 12486 12573 12503 12482 12573 12504 12504 12573 12501 12503 12573 12506 12506 12573 12505 12496 12573 12508 12509 12573 12507 12508 12573 12510 12510 12573 12509 12511 12573 12500 12512 12573 12511 12513 12573 12499 12514 12573 12513 12515 12573 12514 12516 12573 12512 12517 12573 12518 12519 12573 12498 12502 12573 12520 12520 12573 12517 12505 12573 12521 12507 12573 12522 12523 12573 12524 12522 12573 12525 12525 12573 12523 12521 12573 12527 12527 12573 12526 12528 12573 12515 12529 12573 12528 12530 12573 12531 12532 12573 12530 12533 12573 12534 12535 12573 12529 12518 12573 12536 12536 12573 12533 12537 12573 12538 12538 12573 12539 12524 12573 12537 12526 12573 12540 12531 12573 12516 12541 12573 12532 12540 12573 12542 12542 12573 12543 12539 12573 12544 12545 12573 12546 12544 12573 12547 12548 12573 12549 12547 12573 12545 12550 12573 12551 12552 12573 12535 12553 12573 12552 12551 12573 12541 12534 12573 12554 12554 12573 12548 12555 12573 12553 12556 12573 12550 12557 12573 12558 12543 12573 12559 12560 12573 12561 12546 12573 12562 12562 12573 12557 12559 12573 12563 12563 12573 12560 12558 12573 12564 12565 12573 12566 12567 12573 12565 12564 12573 12568 12568 12573 12569 12549 12573 12570 12570 12573 12571 12571 12573 12572 12574 12573 12575 12576 12573 12574 12569 12573 12577 12578 12573 12579 12580 12573 12581 12566 12573 12556 12582 12573 12567 12577 12573 12583 12583 12573 12578 12584 12573 12585 12561 12573 12587 12587 12573 12580 12586 12573 12588 12575 12573 12555 12573 12591 12579 12162 12592 12171 12593 12592 12594 12595 12592 12162 12594 12592 12595 12171 12592 12593 12594 12596 12593 12597 12596 12594 12598 12596 12597 12600 12596 12598 12593 12596 12600 12601 12573 12598 12585 12573 12601 12598 12573 12600 12600 12573 12586 12604 12573 12584 12602 12573 12603 12605 12573 12604 12606 12573 12605 12572 12573 12607 12608 12573 12609 12610 12573 12611 12612 12573 12610 12613 12573 12606 12614 12573 12613 12615 12573 12582 12616 12573 12615 12617 12573 12616 12618 12573 12614 12619 12573 12620 12581 12573 12621 12622 12573 12618 12621 12573 12619 12607 12573 12623 12624 12573 12622 12623 12573 12608 12625 12573 12624 12611 12573 12576 12626 12573 12612 12627 12573 12625 12628 12573 12627 12629 12573 12630 12631 12573 12629 12630 12573 12628 12632 12573 12631 12633 12573 12634 12635 12573 12633 12636 12573 12632 12637 12573 12636 12638 12573 12639 12640 12573 12638 12641 12573 12637 12609 12573 12642 12642 12573 12643 12643 12573 12644 12634 12573 12617 12645 12573 12635 12620 12573 12646 12588 12573 12589 12647 12573 12648 12589 12573 12590 12590 12573 12599 12646 12573 12649 12649 12573 12647 12650 12573 12641 12599 12573 12602 12651 12573 12650 12639 12573 12626 12652 12573 12651 12653 12573 12652 12654 12573 12653 12644 12573 12655 12656 12573 12657 12658 12573 12659 12660 12573 12658 12661 12573 12645 12662 12573 12661 12663 12573 12662 12665 12573 12654 12666 12573 12664 12655 12573 12667 12648 12573 12668 12667 12573 12656 12668 12573 12666 12603 12573 12669 12659 12573 12640 12670 12573 12660 12671 12573 12665 12672 12573 12671 12673 12573 12672 12674 12573 12675 12676 12573 12674 12677 12573 12678 12669 12573 12680 12681 12573 12677 12682 12573 12683 12684 12573 12682 12657 12573 12685 12685 12573 12686 12686 12573 12679 12664 12573 12687 12688 12573 12689 12675 12573 12663 12690 12573 12676 12683 12573 12673 12687 12573 12691 12692 12573 12684 12691 12573 12688 12678 12573 12670 12693 12573 12692 12694 12573 12693 12679 12573 12695 12696 12573 12697 12698 12573 12696 12222 12573 12220 12699 12573 12700 12680 12573 12222 12702 12573 12703 12704 12573 12702 12705 12573 12701 12706 12573 12694 12689 12573 12707 12695 12573 12708 12707 12573 12705 12708 12573 12699 12703 12573 12690 12697 12573 12681 12709 12573 12698 12710 12573 12711 12712 12573 12713 12714 12573 12712 12715 12573 12716 12717 12573 12715 12718 12573 12719 12220 12573 12710 12700 12573 12720 12720 12573 12718 12721 12573 12722 12723 12573 12721 12701 12573 12724 12713 12573 12706 12725 12573 12726 12716 12573 12704 12724 12573 12727 12727 12573 12725 12722 12573 12709 12728 12573 12729 12730 12573 12728 12731 12573 12732 12733 12573 12731 12711 12573 12735 12735 12573 12734 12736 12573 12737 12719 12573 12738 12739 12573 12736 12740 12573 12741 12732 12573 12717 12742 12573 12733 12744 12573 12743 12729 12573 12714 12745 12573 12730 12738 12573 12746 12746 12573 12740 12726 12573 12747 12747 12573 12744 12737 12573 12723 12748 12573 12739 12749 12573 12750 12751 12573 12742 12734 12573 12752 12753 12573 12751 12754 12573 12745 12755 12573 12754 12752 12573 12756 12756 12573 12749 12757 12573 12755 12758 12573 12753 12759 12573 12760 12761 12573 12759 12743 12573 12762 12763 12573 12764 12765 12573 12766 12741 12573 12767 12767 12573 12765 12762 12573 12768 12768 12573 12763 12760 12573 12748 12769 12573 12757 12770 12573 12769 12771 12573 12770 12750 12573 12772 12772 12573 12773 12773 12573 12774 12775 12573 12776 12777 12573 12775 12778 12573 12779 12780 12573 12778 12781 12573 12782 12766 12573 12783 12783 12573 12781 12776 12573 12758 12785 12573 12777 12764 12573 12786 12786 12573 12787 12787 12573 12784 12779 12573 12761 12788 12573 12780 12789 12573 12771 12790 12573 12789 12774 12573 12791 12793 12573 12794 12795 12573 12792 12796 12573 12785 12797 12573 12796 12798 12573 12790 12782 12573 12799 12799 12573 12795 12791 12573 12800 12800 12573 12793 12801 12573 12788 12802 12573 12801 12803 12573 12797 12804 12573 12802 12784 12573 12805 12806 12573 12807 12805 12573 12808 12808 12573 12806 12809 12573 12798 12810 12573 12809 12811 12573 12812 12813 12573 12814 12815 12573 12810 12816 12573 12813 12794 12573 12817 12817 12573 12811 12792 12573 12818 12818 12573 12819 12819 12573 12820 12821 12573 12822 12823 12573 12821 12814 12573 12803 12825 12573 12816 12807 12573 12826 12826 12573 12827 12827 12573 12824 12822 12573 12804 12828 12573 12823 12829 12573 12830 12831 12573 12815 12832 12573 12831 12833 12573 12832 12812 12573 12834 12834 12573 12829 12820 12573 12835 12836 12573 12837 12838 12573 12825 12839 12573 12838 12840 12573 12839 12835 12573 12841 12841 12573 12836 12842 12573 12828 12843 12573 12842 12844 12573 12843 12845 12573 12846 12824 12573 12847 12848 12573 12845 12847 12573 12848 12830 12573 12850 12850 12573 12851 12851 12573 12849 12852 12573 12853 12854 12573 12852 12853 12573 12833 12855 12573 12854 12856 12573 12857 12858 12573 12856 12837 12573 12860 12860 12573 12861 12861 12573 12859 12857 12573 12840 12862 12573 12863 12864 12573 12858 12865 12573 12862 12846 12573 12867 12867 12573 12868 12868 12573 12866 12849 12573 12870 12863 12573 12844 12871 12573 12869 12872 12573 12865 12873 12573 12855 12874 12573 12873 12870 12573 12875 12875 12573 12871 12876 12573 12874 12859 12573 12877 12878 12573 12879 12880 12573 12864 12881 12573 12880 12882 12573 12881 12877 12573 12883 12883 12573 12878 12884 12573 12872 12885 12573 12884 12886 12573 12885 12866 12573 12887 12888 12573 12889 12890 12573 12876 12887 12573 12891 12892 12573 12890 12891 12573 12888 12869 12573 12893 12894 12573 12892 12893 12573 12895 12895 12573 12896 12897 12573 12898 12899 12573 12897 12879 12573 12901 12901 12573 12902 12902 12573 12900 12903 12573 12904 12898 12573 12882 12905 12573 12903 12906 12573 12899 12907 12573 12894 12908 12573 12907 12889 12573 12909 12909 12573 12910 12910 12573 12911 12912 12573 12905 12904 12573 12886 12896 12573 12913 12913 12573 12915 12915 12573 12914 12900 12573 12916 12917 12573 12918 12919 12573 12920 12921 12573 12919 12916 12573 12922 12922 12573 12917 12923 12573 12912 12924 12573 12923 12925 12573 12924 12911 12573 12926 12927 12573 12928 12929 12573 12927 12930 12573 12931 12920 12573 12906 12926 12573 12932 12932 12573 12930 12914 12573 12933 12934 12573 12935 12928 12573 12908 12933 12573 12936 12936 12573 12934 12937 12573 12938 12939 12573 12937 12918 12573 12941 12941 12573 12942 12942 12573 12940 12938 12573 12921 12943 12573 12939 12944 12573 12945 12946 12573 12944 12947 12573 12948 12949 12573 12947 12931 12573 12950 12950 12573 12951 12951 12573 12952 12945 12573 12925 12953 12573 12954 12955 12573 12946 12948 12573 12929 12956 12573 12949 12935 12573 12957 12958 12573 12943 12957 12573 12953 12959 12573 12958 12940 12573 12960 12961 12573 12962 12963 12573 12959 12960 12573 12964 12964 12573 12961 12965 12573 12955 12966 12573 12965 12967 12573 12966 12952 12573 12968 12969 12573 12970 12971 12573 12972 12968 12573 12973 12973 12573 12969 12974 12573 12975 12976 12573 12974 12954 12573 12977 12977 12573 12971 12978 12573 12963 12979 12573 12978 12975 12573 12956 12980 12573 12979 12981 12573 12982 12962 12573 12983 12983 12573 12981 12984 12573 12985 12986 12573 12984 12987 12573 12988 12989 12573 12990 12991 12573 12989 12970 12573 12993 12993 12573 12994 12994 12573 12992 12972 12573 12995 12995 12573 12987 12985 12573 12967 12996 12573 12986 12990 12573 12976 12997 12573 12980 12998 12573 12991 12999 12573 12997 13000 12573 12999 13001 12573 13002 12982 12573 13003 13003 12573 13001 13004 12573 12996 13005 12573 13004 13006 12573 13005 12992 12573 13008 12988 12573 13009 13010 12573 13007 13011 12573 13012 13013 12573 12998 13014 12573 13013 13015 12573 13014 13008 12573 13016 13016 12573 13010 13009 12573 13017 13017 12573 13011 13018 12573 13019 13020 12573 13018 13002 12573 13022 13022 12573 13021 13019 12573 13000 13023 12573 13020 13024 12573 13025 13026 12573 13024 13028 12573 13029 13030 12573 13028 13007 12573 13031 13031 12573 13032 13032 12573 13033 13012 12573 13034 13034 12573 13035 13025 12573 13006 13035 12573 13027 13036 12573 13026 13021 12573 13038 13039 12573 13037 13040 12573 13023 13029 12573 13015 13041 12573 13040 13042 12573 13030 13038 12573 13043 13043 12573 13039 13044 12573 13041 13045 12573 13036 13046 12573 13045 13033 12573 13047 13050 12573 13048 13027 12573 13051 13052 12573 13049 13053 12573 13042 13054 12573 13053 13047 12573 13055 13055 12573 13050 13056 12573 13046 13051 12573 13057 13057 12573 13052 13058 12573 13054 13059 12573 13060 13061 12573 13059 13037 12573 13062 13062 12573 13063 13063 12573 13064 13060 12573 13044 13065 12573 13061 13066 12573 13058 13067 12573 13066 13068 12573 13069 13070 12573 13068 13048 12573 13071 13071 12573 13072 13072 12573 13073 13049 12573 13075 13075 12573 13076 13076 12573 13074 13077 12573 13067 13069 12573 13056 13078 12573 13070 13064 12573 13080 13081 12573 13079 13082 12573 13065 13083 12573 13082 13084 12573 13083 13080 12573 13085 13085 12573 13081 13086 12573 13078 13087 12573 13086 13074 12573 13088 13089 12573 13090 13073 12573 13091 13092 12573 13093 13094 12573 13095 13096 12573 13094 13091 12573 13097 13097 12573 13092 13088 12573 13098 13098 12573 13089 13099 12573 13087 13095 12573 13077 13100 12573 13096 13101 12573 13102 13103 12573 13101 13079 12573 13105 13105 12573 13106 13106 12573 13104 13102 12573 13084 13107 12573 13103 13108 12573 13109 13110 12573 13111 13112 12573 13110 13113 12573 13100 13114 12573 13113 13090 12573 13115 13115 12573 13108 13093 12573 13117 13117 12573 13118 13118 12573 13116 13111 12573 13099 13119 12573 13112 13104 12573 13120 13121 12573 13122 13123 12573 13107 13124 12573 13123 13125 12573 13124 13120 12573 13126 13126 12573 13121 13127 12573 13119 13128 12573 13127 13116 12573 13129 13131 12573 13132 13133 12573 13134 13135 12573 13133 13109 12573 13136 13136 12573 13137 13137 12573 13130 13129 12573 13138 13138 12573 13131 13139 12573 13128 13134 12573 13114 13140 12573 13135 13141 12573 13142 13143 12573 13141 13122 12573 13145 13145 12573 13146 13146 12573 13144 13142 12573 13125 13147 12573 13143 13130 12573 13148 13149 12573 13150 13151 12573 13152 13153 12573 13154 13155 12573 13153 13132 12573 13156 13148 12573 13157 13157 12573 13149 13156 12573 13159 13159 12573 13158 13152 12573 13140 13160 12573 13151 13154 12573 13139 13161 12573 13155 13144 12573 13162 13163 12573 13164 13165 12573 13166 13166 12573 13167 13162 12573 13168 13168 12573 13163 13167 12573 13147 13170 12573 13161 13171 12573 13170 13158 12573 13173 13174 12573 13172 13175 12573 13176 13177 12573 13175 13150 12573 13178 13178 12573 13179 13179 12573 13169 13173 12573 13180 13180 12573 13174 13181 12573 13171 13182 12573 13183 13184 12573 13182 13176 12573 13160 13185 12573 13177 13186 12573 13187 13164 12573 13188 13188 12573 13186 13183 12573 13165 13169 12573 13189 13191 12573 13190 13192 12573 13185 13193 12573 13192 13194 12573 13195 13196 12573 13194 13172 12573 13197 13189 12573 13198 13198 12573 13191 13197 12573 13199 13199 12573 13200 13201 12573 13202 13203 12573 13201 13195 12573 13181 13204 12573 13196 13187 12573 13205 13206 12573 13207 13202 12573 13184 13208 12573 13203 13205 12573 13209 13209 12573 13206 13210 12573 13211 13212 12573 13204 13213 12573 13212 13214 12573 13215 13216 12573 13214 13200 12573 13218 13219 12573 13217 13190 12573 13220 13220 12573 13210 13215 12573 13193 13221 12573 13216 13218 12573 13222 13223 12573 13208 13222 12573 13219 13224 12573 13223 13225 12573 13213 13226 12573 13224 13227 12573 13228 13207 12573 13229 13230 12573 13221 13231 12573 13230 13229 12573 13227 13211 12573 13233 13233 12573 13232 13234 12573 13235 13236 12573 13234 13217 12573 13237 13237 12573 13239 13239 12573 13238 13235 12573 13225 13240 12573 13241 13242 12573 13240 13243 12573 13236 13244 12573 13245 13228 12573 13246 13246 12573 13244 13241 12573 13226 13247 12573 13242 13248 12573 13249 13250 12573 13248 13232 12573 13251 13252 12573 13253 13254 12573 13243 13255 12573 13254 13238 12573 13256 13249 12573 13231 13257 12573 13258 13259 12573 13250 13251 12573 13260 13260 12573 13252 13256 12573 13261 13261 12573 13257 13262 12573 13263 13264 12573 13247 13265 12573 13264 13266 12573 13255 13245 12573 13267 13267 12573 13262 13268 12573 13265 13269 12573 13259 13270 12573 13269 13271 12573 13272 13273 12573 13266 13274 12573 13273 13253 12573 13275 13275 12573 13271 13276 12573 13274 13258 12573 13277 13278 12573 13279 13280 12573 13278 13263 12573 13281 13277 12573 13283 13283 12573 13282 13281 12573 13284 13284 12573 13285 13279 12573 13268 13286 12573 13280 13287 12573 13288 13289 12573 13287 13290 12573 13291 13292 12573 13276 13293 12573 13292 13272 12573 13294 13294 12573 13290 13288 12573 13270 13295 12573 13293 13296 12573 13289 13282 12573 13297 13285 12573 13299 13300 12573 13298 13301 12573 13286 13302 12573 13301 13303 12573 13302 13297 12573 13305 13305 12573 13304 13299 12573 13306 13306 12573 13300 13308 12573 13307 13309 12573 13296 13310 12573 13309 13311 12573 13295 13312 12573 13311 13291 12573 13313 13313 12573 13308 13314 12573 13310 13315 12573 13312 13304 12573 13316 13317 12573 13318 13319 12573 13320 13321 12573 13319 13316 12573 13322 13322 12573 13317 13298 12573 13323 13323 12573 13324 13324 12573 13325 13320 12573 13303 13326 12573 13321 13307 12573 13327 13328 12573 13329 13330 12573 13328 13327 12573 13332 13332 12573 13331 13333 12573 13334 13335 12573 13333 13329 12573 13314 13336 12573 13330 13337 12573 13338 13318 12573 13339 13339 12573 13337 13325 12573 13340 13341 12573 13342 13334 12573 13315 13343 12573 13326 13344 12573 13343 13345 12573 13344 13340 12573 13346 13346 12573 13341 13347 12573 13348 13331 12573 13349 13350 12573 13336 13351 12573 13350 13352 12573 13351 13349 12573 13353 13353 12573 13347 13354 12573 13355 13356 12573 13354 13358 12573 13357 13338 12573 13359 13359 12573 13358 13355 12573 13335 13360 12573 13356 13361 12573 13362 13363 12573 13361 13342 12573 13365 13365 12573 13366 13366 12573 13364 13362 12573 13345 13367 12573 13363 13368 12573 13369 13370 12573 13368 13348 12573 13371 13371 12573 13372 13372 12573 13373 13374 12573 13375 13376 12573 13374 13357 12573 13377 13369 12573 13352 13378 12573 13370 13379 12573 13380 13377 12573 13381 13381 12573 13379 13375 12573 13360 13364 12573 13382 13383 12573 13384 13385 12573 13386 13387 12573 13385 13382 12573 13388 13388 12573 13383 13386 12573 13367 13373 12573 13389 13390 12573 13391 13392 12573 13378 13393 12573 13392 13394 12573 13393 13395 12573 13396 13397 12573 13395 13389 12573 13399 13399 12573 13390 13400 12573 13398 13380 12573 13401 13401 12573 13400 13402 12573 13403 13404 12573 13402 13396 12573 13376 13405 12573 13397 13384 12573 13407 13407 12573 13408 13408 12573 13406 13403 12573 13387 13409 12573 13404 13410 12573 13411 13412 12573 13410 13391 12573 13413 13413 12573 13414 13414 12573 13415 13416 12573 13417 13418 12573 13416 13411 12573 13394 13419 12573 13412 13398 12573 13420 13421 12573 13422 13420 12573 13423 13423 12573 13421 13424 12573 13425 13426 12573 13424 13417 12573 13405 13406 12573 13427 13428 12573 13429 13427 12573 13430 13430 12573 13428 13425 12573 13409 13415 12573 13431 13432 12573 13433 13434 12573 13435 13436 12573 13434 13437 12573 13438 13439 12573 13437 13440 12573 13441 13431 12573 13442 13442 12573 13432 13422 12573 13443 13443 12573 13440 13435 12573 13419 13444 12573 13445 13438 12573 13418 13446 12573 13444 13447 12573 13439 13448 12573 13449 13429 12573 13450 13450 12573 13448 13445 12573 13426 13451 12573 13446 13452 12573 13453 13454 12573 13452 13433 12573 13456 13456 12573 13457 13457 12573 13455 13458 12573 13459 13453 12573 13436 13460 12573 13458 13461 12573 13454 13441 12573 13462 13463 12573 13464 13462 12573 13465 13465 12573 13463 13466 12573 13467 13468 12573 13466 13449 12573 13469 13459 12573 13447 13470 12573 13471 13469 12573 13472 13472 12573 13470 13467 12573 13451 13455 12573 13473 13474 12573 13475 13476 12573 13477 13478 12573 13476 13479 12573 13480 13481 12573 13479 13482 12573 13483 13473 12573 13484 13484 12573 13474 13477 12573 13461 13464 12573 13485 13485 12573 13482 13486 12573 13487 13488 12573 13486 13480 12573 13460 13489 12573 13481 13491 12573 13490 13471 12573 13492 13492 12573 13491 13487 12573 13468 13493 12573 13494 13495 12573 13488 13496 12573 13493 13497 12573 13498 13475 12573 13499 13499 12573 13497 13500 12573 13501 13494 12573 13478 13502 12573 13496 13501 12573 13503 13483 12573 13504 13505 12573 13506 13504 12573 13507 13507 12573 13505 13508 12573 13509 13510 12573 13508 13490 12573 13511 13503 12573 13489 13512 12573 13513 13511 12573 13514 13515 12573 13502 13514 12573 13512 13516 12573 13515 13509 12573 13495 13498 12573 13517 13518 12573 13519 13520 12573 13516 13521 12573 13522 13523 12573 13521 13517 12573 13525 13525 12573 13518 13506 12573 13526 13526 12573 13527 13527 12573 13524 13522 12573 13500 13528 12573 13523 13529 12573 13530 13531 12573 13529 13533 12573 13520 13534 12573 13533 13513 12573 13535 13535 12573 13536 13536 12573 13532 13530 12573 13510 13537 12573 13531 13538 12573 13534 13539 12573 13540 13541 12573 13528 13542 12573 13541 13543 12573 13542 13519 12573 13544 13524 12573 13545 13544 12573 13539 13546 12573 13547 13545 12573 13548 13548 12573 13546 13549 12573 13537 13550 12573 13549 13551 12573 13550 13532 12573 13552 13553 12573 13554 13552 12573 13555 13555 12573 13553 13556 12573 13557 13558 12573 13556 13559 12573 13560 13540 12573 13561 13561 12573 13559 13557 12573 13538 13562 12573 13558 13563 12573 13564 13565 12573 13563 13547 12573 13567 13567 12573 13568 13568 12573 13566 13564 12573 13543 13569 12573 13565 13570 12573 13571 13572 12573 13570 13575 12573 13574 13576 12573 13562 13577 12573 13576 13554 12573 13578 13578 12573 13579 13579 12573 13573 13571 12573 13551 13580 12573 13572 13560 12573 13581 13581 12573 13575 13582 12573 13577 13583 12573 13569 13584 12573 13583 13585 12573 13584 13566 12573 13586 13587 12573 13588 13586 12573 13589 13589 12573 13587 13590 12573 13580 13591 12573 13590 13592 12573 13591 13573 12573 13593 13594 12573 13595 13593 12573 13596 13596 12573 13594 13597 12573 13598 13599 12573 13597 13574 12573 13600 13600 12573 13601 13601 12573 13602 13598 12573 13582 13603 12573 13599 13604 12573 13605 13606 12573 13604 13588 12573 13608 13608 12573 13609 13609 12573 13607 13605 12573 13585 13610 12573 13606 13611 12573 13612 13613 12573 13611 13595 12573 13615 13615 12573 13616 13616 12573 13614 13602 12573 13617 13618 12573 13619 13620 12573 13603 13612 12573 13592 13621 12573 13620 13622 12573 13613 13623 12573 13621 13617 12573 13624 13624 12573 13618 13625 12573 13610 13626 12573 13625 13627 12573 13626 13607 12573 13628 13629 12573 13630 13628 12573 13631 13631 12573 13629 13632 12573 13622 13633 12573 13632 12169 12573 13633 13614 12573 13634 13635 12573 12151 13634 12573 13636 13636 12573 13635 13637 12573 13638 13639 12573 13637 13619 12573 13640 13640 12573 13641 13641 12573 12152 13638 12573 13623 12164 12573 13639 13642 12573 13643 13644 12573 13642 13630 12573 13645 13645 12573 13646 13646 12573 12177 13643 12573 13627 12174 12573 13644 13647 12573 12168 12165 12573 13647 13648 13649 13650 13650 13649 13651 12591 12573 13652 13652 12573 13653 13653 12573 13654 13654 12573 13655 13655 12573 13648 13648 12573 13649 12110 12108 12107 12144 13656 12108 12144 12108 12110 13657 13658 13659 13657 13659 13660 13661 12144 13662 13661 13662 13663 13661 13660 12144 13661 13657 13660 12114 13664 13665 13664 12114 13666 13667 12114 13668 12114 13669 13666 13670 12114 13671 13671 12114 13667 13668 12114 13672 13672 12114 13673 12114 13674 13669 13674 12114 13675 13673 12114 13676 13670 13677 12114 12114 13678 13675 13677 13679 12114 13676 12114 13680 12114 13681 13678 12114 13682 13681 13683 12114 13684 13684 12114 13679 12114 13685 13682 13686 12114 13683 12114 12111 13685 12111 13687 13685 12111 13660 13687 13688 12114 13686 12115 12114 13689 13689 12114 13690 13690 12114 13691 13691 12114 13688 12114 13665 13680 13692 12573 13693 13694 12573 13695 13696 12573 13692 13695 12573 13698 12519 13697 12573 13697 13699 12573 13698 12573 13696 13699 13700 12573 13700 13701 12573 13701 13702 12573 13702 13703 12573 13703 13704 12573 13704 13705 12573 13705 13706 12573 13706 13707 12573 13707 13708 12573 13708 13709 12573 13649 12573 13710 13709 13693 12573 12573 13694 13710 13711 13714 13712 13714 13713 13712 13711 13713 13714 13712 13713 13711 13715 13717 13716 13718 13716 13717 13718 13715 13716 13717 13715 13718 13720 13715 13719 13719 13715 13721 13721 13720 13719 13715 13720 13721 13725 13722 13723 13724 13722 13725 13723 13724 13725 13722 13724 13723 13727 13728 13729 13726 13728 13727 13729 13726 13727 13728 13726 13729 13730 13749 13731 13749 13732 13731 13731 13750 13746 13732 13750 13731 13748 13751 13746 13751 13741 13746 13746 13732 13733 13741 13732 13746 13737 13734 13738 13734 13735 13738 13747 13734 13749 13749 13734 13737 13749 13737 13736 13735 13736 13737 13748 13746 13752 13748 13752 13739 13743 13739 13742 13737 13739 13743 13739 13741 13742 13744 13745 13739 13740 13752 13742 13752 13745 13742 13745 13744 13742 13740 13742 13748 13752 13746 13745 13744 13743 13742 13748 13730 13733 13746 13736 13745 13744 13736 13743 13736 13747 13743 13742 13736 13730 13742 13730 13748 13730 13736 13746 13746 13733 13731 13731 13733 13730 13749 13751 13732 13749 13750 13748 13741 13748 13732 13732 13748 13750 13738 13749 13748 13732 13751 13733 13733 13751 13748 13746 13749 13730 13750 13749 13746 13734 13747 13736 13735 13734 13736 13738 13748 13736 13739 13752 13741 13741 13752 13740 13742 13749 13736 13751 13749 13742 13740 13748 13741 13742 13741 13751 13736 13748 13745 13748 13739 13745 13737 13738 13739 13736 13744 13739 13738 13736 13739 13747 13737 13743 13747 13735 13737 13738 13735 13749 13735 13747 13749 13755 13757 13756 13757 13764 13756 13757 13763 13754 13759 13753 13756 13756 13753 13755 13753 13758 13755 13763 13757 13755 13758 13753 13757 13758 13759 13756 13754 13763 13759 13764 13760 13756 13754 13761 13755 13760 13762 13754 13755 13760 13754 13756 13760 13758 13760 13755 13758 13757 13762 13759 13754 13762 13757 13759 13761 13754 13762 13761 13759 13762 13763 13761 13755 13761 13763 13762 13760 13763 13764 13757 13753 13764 13759 13760 13763 13760 13759 13764 13753 13759 13758 13757 13759 13771 13772 13765 13769 13771 13765 13773 13770 13769 13767 13776 13781 13767 13769 13776 13769 13772 13776 13770 13766 13767 13766 13769 13767 13768 13773 13778 13778 13773 13777 13777 13773 13781 13769 13770 13772 13774 13779 13768 13780 13773 13768 13780 13770 13773 13773 13765 13774 13766 13765 13773 13766 13776 13765 13774 13765 13779 13773 13769 13775 13775 13769 13765 13775 13766 13773 13775 13771 13766 13771 13769 13766 13765 13776 13775 13776 13771 13775 13772 13771 13776 13765 13772 13781 13776 13766 13781 13781 13766 13770 13781 13770 13777 13770 13767 13772 13781 13772 13767 13781 13774 13778 13773 13774 13781 13774 13768 13778 13768 13779 13777 13768 13777 13780 13779 13765 13781 13777 13770 13780 13779 13778 13777 13781 13778 13779 13784 13783 13785 13782 13784 13785 13783 13784 13782 13785 13783 13782 13786 13787 13788 13788 13796 13794 13793 13788 13794 13802 13800 13789 13789 13786 13790 13800 13786 13789 13794 13791 13802 13794 13792 13791 13792 13795 13791 13799 13792 13797 13797 13792 13794 13795 13793 13794 13796 13797 13791 13786 13800 13796 13787 13786 13791 13788 13787 13796 13791 13786 13796 13799 13793 13792 13795 13786 13799 13786 13788 13799 13799 13788 13793 13792 13793 13795 13786 13798 13790 13790 13798 13800 13798 13796 13800 13796 13798 13801 13787 13797 13796 13787 13799 13797 13795 13799 13791 13791 13799 13787 13795 13802 13786 13801 13790 13800 13794 13800 13797 13797 13802 13791 13797 13800 13802 13794 13801 13800 13790 13802 13789 13801 13802 13790 13794 13802 13795 13794 13796 13801 13801 13798 13802 13786 13802 13798 13804 13803 13805 13810 13804 13805 13811 13810 13805 13811 13805 13806 13808 13811 13806 13807 13808 13803 13808 13810 13803 13803 13809 13805 13809 13806 13805 13803 13804 13807 13806 13809 13807 13806 13807 13804 13803 13810 13809 13810 13811 13809 13809 13811 13807 13811 13808 13807 13804 13810 13808 13808 13806 13804 13823 13832 13812 13827 13823 13812 13813 13812 13830 13814 13815 13816 13815 13829 13816 13829 13825 13816 13819 13817 13814 13819 13813 13817 13813 13823 13817 13823 13827 13817 13812 13813 13818 13818 13813 13819 13822 13813 13820 13822 13820 13821 13822 13821 13814 13823 13822 13814 13823 13814 13832 13829 13824 13825 13826 13829 13815 13826 13818 13817 13826 13830 13818 13826 13815 13830 13815 13825 13830 13825 13824 13830 13812 13832 13830 13823 13813 13822 13816 13825 13828 13828 13815 13814 13825 13815 13828 13829 13826 13831 13831 13824 13829 13832 13818 13830 13832 13827 13818 13827 13812 13818 13826 13817 13832 13817 13827 13832 13814 13831 13832 13818 13814 13817 13820 13814 13818 13828 13814 13820 13816 13831 13814 13820 13819 13821 13819 13814 13821 13819 13820 13818 13831 13826 13832 13820 13813 13830 13830 13824 13828 13820 13830 13828 13816 13824 13831 13824 13816 13828 13844 13838 13942 13838 13844 13833 13889 13843 13919 13836 13835 13843 13835 13838 13843 13920 13838 13835 13920 13835 13837 13838 13919 13836 13836 13919 13835 13919 13837 13835 13842 13945 13843 13840 13945 13842 13840 13841 13918 13843 13889 13918 13841 13842 13843 13948 13934 13924 13945 13846 13845 13845 13912 13857 13914 13845 13936 13914 13936 13885 13857 13848 13845 13864 13939 13845 13848 13939 13864 13941 13849 13847 13850 13849 13872 13847 13849 13850 13851 13939 13852 13852 13939 13853 13853 13939 13854 13854 13939 13883 13883 13939 13881 13881 13939 13887 13887 13939 13880 13880 13939 13855 13855 13939 13911 13911 13939 13856 13848 13913 13939 13913 13856 13939 13912 13911 13856 13912 13845 13880 13845 13881 13887 13858 13883 13845 13936 13854 13883 13936 13852 13853 13936 13849 13939 13859 13872 13849 13935 13849 13945 13877 13849 13935 13939 13849 13877 13945 13849 13846 13862 13860 13861 13862 13852 13860 13935 13939 13860 13864 13865 13863 13877 13865 13864 13867 13937 13851 13868 13866 13857 13868 13869 13866 13877 13869 13865 13865 13869 13868 13873 13916 13871 13870 13859 13937 13870 13872 13859 13869 13873 13871 13877 13873 13869 13935 13940 13938 13874 13911 13916 13935 13875 13940 13874 13877 13911 13875 13876 13938 13916 13879 13915 13877 13879 13916 13878 13935 13888 13888 13935 13937 13875 13935 13876 13876 13935 13878 13877 13935 13879 13880 13935 13910 13910 13935 13881 13881 13935 13882 13862 13935 13852 13939 13935 13867 13886 13935 13887 13867 13935 13870 13870 13935 13872 13879 13935 13886 13880 13910 13887 13887 13910 13886 13881 13882 13886 13882 13885 13884 13882 13935 13885 13883 13861 13885 13883 13935 13861 13866 13877 13857 13886 13877 13866 13861 13886 13885 13886 13861 13860 13886 13860 13937 13939 13937 13860 13876 13888 13938 13888 13937 13938 13863 13865 13857 13877 13863 13857 13866 13871 13916 13916 13886 13866 13886 13916 13915 13937 13945 13844 13886 13937 13844 13943 13833 13844 13943 13921 13917 13943 13917 13886 13932 13945 13943 13945 13921 13943 13891 13890 13945 13945 13918 13891 13948 13918 13945 13917 13889 13834 13889 13921 13834 13921 13945 13834 13900 13917 13908 13891 13889 13917 13917 13890 13891 13918 13889 13891 13892 13919 13838 13896 13892 13838 13892 13918 13894 13894 13898 13892 13895 13898 13838 13898 13896 13838 13894 13948 13897 13833 13897 13895 13898 13833 13896 13897 13833 13898 13948 13896 13897 13896 13948 13946 13918 13892 13840 13892 13843 13840 13893 13897 13898 13917 13900 13899 13900 13905 13901 13900 13901 13899 13901 13905 13932 13902 13919 13903 13903 13899 13901 13899 13903 13904 13903 13905 13902 13905 13904 13902 13906 13900 13902 13905 13900 13907 13907 13900 13904 13904 13900 13906 13839 13908 13921 13898 13894 13893 13909 13839 13843 13921 13909 13886 13909 13921 13908 13886 13909 13939 13843 13939 13909 13839 13909 13838 13917 13838 13908 13838 13909 13908 13882 13914 13883 13882 13884 13914 13883 13858 13882 13858 13886 13882 13881 13886 13883 13886 13845 13883 13845 13910 13881 13880 13845 13935 13845 13887 13935 13879 13886 13880 13886 13912 13880 13855 13912 13879 13912 13915 13879 13877 13916 13855 13916 13912 13855 13877 13874 13856 13874 13912 13856 13856 13857 13873 13869 13871 13856 13871 13857 13856 13868 13913 13865 13865 13913 13848 13864 13863 13848 13863 13845 13848 13884 13858 13845 13939 13877 13886 13877 13864 13845 13884 13845 13914 13885 13886 13884 13886 13858 13884 13886 13910 13845 13915 13912 13886 13916 13911 13912 13874 13857 13912 13857 13874 13916 13873 13857 13916 13913 13857 13871 13871 13866 13913 13866 13869 13913 13913 13868 13857 13865 13848 13857 13863 13877 13845 13886 13917 13834 13838 13917 13921 13838 13886 13834 13921 13886 13838 13913 13869 13856 13873 13877 13856 13911 13877 13855 13855 13879 13880 13843 13892 13841 13841 13896 13918 13892 13896 13841 13896 13843 13918 13840 13843 13896 13917 13906 13902 13899 13906 13917 13899 13904 13906 13904 13903 13917 13902 13904 13917 13892 13895 13919 13898 13895 13892 13840 13896 13922 13900 13919 13902 13920 13908 13839 13908 13919 13900 13920 13919 13908 13919 13843 13837 13921 13919 13920 13921 13889 13919 13834 13945 13890 13947 13901 13904 13947 13903 13901 13904 13905 13947 13945 13922 13948 13922 13842 13948 13923 13924 13945 13923 13948 13924 13905 13948 13932 13923 13945 13931 13944 13934 13928 13925 13927 13926 13925 13944 13927 13927 13928 13929 13944 13928 13927 13944 13925 13930 13927 13930 13926 13927 13929 13934 13930 13927 13934 13945 13932 13942 13942 13932 13923 13923 13932 13933 13939 13945 13845 13932 13934 13833 13932 13844 13934 13883 13914 13935 13936 13883 13885 13861 13854 13936 13935 13854 13861 13936 13853 13862 13852 13936 13860 13851 13852 13935 13936 13939 13867 13937 13849 13936 13867 13849 13937 13859 13849 13845 13845 13870 13937 13849 13870 13845 13859 13850 13935 13940 13850 13859 13875 13850 13940 13876 13850 13846 13935 13941 13847 13846 13849 13941 13859 13845 13846 13846 13937 13847 13859 13938 13937 13885 13935 13914 13936 13862 13861 13860 13851 13935 13936 13851 13860 13851 13937 13939 13851 13936 13867 13845 13937 13936 13938 13859 13935 13846 13940 13859 13940 13846 13938 13938 13846 13850 13875 13938 13850 13888 13876 13846 13888 13846 13847 13878 13888 13847 13937 13935 13847 13945 13937 13941 13935 13945 13941 13846 13941 13937 13943 13942 13833 13942 13943 13886 13834 13942 13838 13942 13886 13844 13932 13943 13844 13934 13944 13930 13878 13847 13876 13847 13850 13876 13935 13850 13872 13870 13849 13867 13862 13853 13935 13853 13854 13935 13945 13939 13843 13840 13946 13841 13946 13948 13841 13841 13948 13842 13840 13842 13946 13842 13922 13946 13932 13947 13907 13903 13947 13932 13905 13907 13947 13901 13907 13904 13932 13907 13901 13934 13896 13833 13897 13893 13894 13897 13934 13895 13896 13934 13897 13931 13945 13942 13922 13945 13840 13933 13934 13844 13933 13932 13925 13932 13948 13925 13933 13844 13923 13924 13844 13945 13924 13934 13929 13925 13923 13844 13925 13948 13923 13922 13896 13946 13833 13903 13932 13833 13905 13903 13833 13948 13905 13931 13948 13833 13923 13931 13833 13919 13894 13918 13919 13934 13894 13894 13934 13948 13833 13895 13838 13934 13919 13895 13931 13942 13948 13948 13942 13890 13948 13890 13918 13918 13890 13917 13942 13834 13890 13833 13942 13923 13917 13903 13919 13919 13918 13917 13838 13837 13843 13928 13926 13929 13926 13930 13929 13928 13925 13926 13925 13924 13930 13930 13924 13929 13928 13934 13925 13844 13924 13925 13933 13925 13934 13837 13836 13920 13836 13843 13920 13837 13838 13836 13920 13843 13921 13920 13839 13838 13839 13921 13843 13951 13950 13949 13951 13952 13950 13949 13950 13952 13951 13949 13952 13956 13959 13954 13955 13958 13953 13958 13960 13953 13953 13961 13954 13960 13961 13953 13957 13956 13953 13954 13957 13953 13956 13955 13953 13955 13956 13954 13961 13958 13954 13954 13958 13955 13960 13956 13961 13959 13958 13961 13959 13956 13958 13960 13958 13956 13961 13956 13957 13959 13957 13954 13959 13961 13957 13963 13964 13962 13962 13964 13965 13965 13964 13963 13965 13963 13962 13967 13966 13972 13968 13970 13974 13968 13969 13970 13969 13966 13970 13976 13969 13968 13967 13969 13976 13979 13972 13971 13978 13972 13979 13971 13972 13974 13972 13975 13974 13973 13972 13968 13973 13967 13972 13974 13973 13968 13974 13969 13973 13974 13966 13969 13969 13967 13973 13972 13978 13980 13976 13970 13975 13975 13970 13978 13978 13977 13966 13975 13972 13977 13977 13972 13966 13974 13978 13966 13977 13976 13975 13977 13967 13976 13978 13970 13977 13970 13967 13977 13966 13967 13970 13979 13971 13980 13970 13976 13974 13971 13976 13980 13974 13976 13971 13976 13968 13972 13974 13975 13979 13975 13978 13979 13976 13972 13980 13974 13979 13980 13974 13980 13978 13983 13984 13981 13981 13982 13983 13982 13984 13983 13981 13984 13982 13985 13986 13987 13986 13988 13987 13986 13989 13988 13990 17548 13991 13991 17548 13992 13992 17548 13993 13989 13994 13988 13993 17548 13995 13995 17548 13996 13996 17548 13997 13997 17548 13998 13998 17548 13999 13989 14000 13994 14000 14002 13994 14001 17548 14003 14003 17548 14004 14005 14002 14000 14005 14006 14002 14007 17548 14008 14009 14006 14005 14008 17548 14010 14010 17548 14011 14009 14012 14006 14013 14012 14009 14014 17548 14015 14016 17548 14017 14018 17548 14016 14013 14019 14012 14020 17548 14021 14022 17548 14020 14023 14019 14013 14024 17548 14022 14025 17548 14024 14026 17548 14025 14027 17548 14026 14028 17548 14027 14029 17548 14028 14030 17548 14029 14023 14031 14019 14032 17548 14030 14023 14033 14031 14034 14033 14023 14034 14035 14033 14036 14035 14034 14037 14038 14036 14036 14038 14035 14004 17548 14039 14039 17548 14040 14040 17548 14041 14042 14043 14037 14041 17548 14044 14044 17548 14045 14037 14043 14038 14045 17548 14046 14046 17548 14047 14047 17548 14007 14048 14049 14042 14042 14049 14043 14051 14052 14048 14021 17548 14050 14048 14052 14049 14053 17548 14032 14054 17548 14053 14055 14056 14051 14051 14056 14052 14057 14058 14055 14055 14058 14056 14059 14060 14057 14057 14060 14058 14059 14061 14060 14062 17548 14063 14063 17548 14064 14064 17548 14065 14066 17548 14067 14068 14069 14059 14067 17548 14070 14070 17548 14071 14059 14069 14061 14072 17548 14073 14074 17548 14072 14075 17548 14074 14076 17548 14075 14077 17548 14076 14078 14079 14068 14080 17548 14077 14081 17548 14080 14082 17548 14081 14083 17548 14082 14068 14079 14069 14084 17548 14083 14085 14086 14078 14078 14086 14079 14087 14088 14085 14085 14088 14086 14089 14090 14087 14087 14090 14088 14089 14091 14090 14092 14091 14089 14065 17548 14093 14093 17548 14094 14094 17548 14095 14095 17548 14096 14096 17548 14097 14097 17548 14098 14098 17548 14066 14073 17548 14018 14099 14100 14092 14011 17548 14101 14102 17548 14084 14101 17548 14103 14092 14100 14091 14104 17548 14105 14099 14106 14100 14105 17548 14107 14108 14106 14099 14107 17548 14109 14108 14110 14106 14111 17548 14112 14113 17548 14111 14114 17548 14113 14115 17548 14114 14116 17548 14115 14117 17548 14116 14118 17548 14117 14119 17548 14118 14120 17548 14119 14121 17548 14120 14103 17548 14122 14122 17548 14123 14123 17548 14124 14124 17548 14125 14125 17548 14126 14126 17548 14127 14127 17548 14128 14128 17548 14104 14112 17548 14054 14129 14130 14131 14132 17548 14121 14133 17548 14132 14129 14134 14130 14129 14135 14134 14136 14135 14129 14071 17548 14137 14136 14138 14135 14137 17548 14139 14140 14138 14136 14141 17548 14142 14142 17548 14143 14143 17548 14144 14140 14145 14138 14146 14145 14140 14147 17548 14148 14149 17548 14147 14150 17548 14149 14151 17548 14150 14152 17548 14151 14153 17548 14152 14154 17548 14153 14155 17548 14154 14156 17548 14155 14157 17548 14156 14146 14158 14145 14159 14158 14146 14159 14160 14158 14159 14161 14160 14162 14161 14159 14139 17548 14163 14163 17548 14164 14164 17548 14165 14165 17548 14166 14166 17548 14167 14167 17548 14168 14168 17548 14169 14169 17548 14141 14170 17548 14102 14171 17548 14172 14148 17548 14170 14172 17548 14173 14174 17548 14157 14109 17548 14175 14175 17548 14176 14177 17548 14178 14179 17548 14177 14180 17548 14179 14181 17548 14180 14182 17548 14181 14183 17548 14182 14184 17548 14183 14185 17548 14184 14186 17548 14185 14187 17548 14186 14188 17548 14189 14189 17548 14190 14190 17548 14191 14191 17548 14171 14176 17548 14192 14192 17548 14193 14193 17548 14194 14194 17548 14188 14178 17548 14133 14195 17548 14187 14196 17548 14195 14144 17548 14197 14197 17548 14198 14199 14200 14201 14202 14200 14199 14203 17548 14204 14204 17548 14205 14206 17548 14207 14208 17548 14206 14202 14209 14200 14210 17548 14208 14211 14209 14202 14212 17548 14210 14213 17548 14212 14214 17548 14213 14215 17548 14214 14216 17548 14215 14217 17548 14216 14218 17548 14217 14211 14219 14209 14220 14219 14211 14220 14221 14219 14220 14222 14221 14223 14222 14220 14198 17548 14224 14224 17548 14225 14225 17548 14226 14226 17548 14227 14227 17548 14228 14228 17548 14229 14229 17548 14230 14230 17548 14203 14223 14231 14222 14173 17548 14232 14232 17548 14233 14234 14231 14223 14233 17548 14235 14236 17548 14174 14207 17548 14236 14237 17548 14218 14238 17548 14237 14239 17548 14240 14240 17548 14241 14241 17548 14242 14243 17548 14244 14245 17548 14243 14246 17548 14245 14247 17548 14246 14248 17548 14247 14249 17548 14250 14251 17548 14249 14252 17548 14251 14253 17548 14252 14244 17548 14253 14235 17548 14254 14254 17548 14255 14255 17548 14256 14256 17548 14257 14257 17548 14258 14258 17548 14259 14259 17548 14260 14260 17548 14239 14261 17548 14248 14262 17548 14261 14250 17548 14196 14205 17548 14263 14263 17548 14264 14264 17548 14265 14266 17548 14267 14267 17548 14268 14268 17548 14269 14270 17548 14271 14272 17548 14270 14273 17548 14272 14274 17548 14273 14275 17548 14274 14276 17548 14275 14277 17548 14276 14278 17548 14277 14279 17548 14278 14280 17548 14279 14265 17548 14281 14281 17548 14282 14282 17548 14283 14283 17548 14284 14284 17548 14285 14285 17548 14286 14286 17548 14287 14287 17548 14266 14242 17548 14288 14288 17548 14289 14290 17548 14291 14291 17548 14292 14292 17548 14293 14271 17548 14238 14294 17548 14280 14295 17548 14294 14289 17548 14296 14296 17548 14297 14298 14299 14300 14297 17548 14301 14301 17548 14302 14302 17548 14303 14303 17548 14304 14304 17548 14305 14305 17548 14290 14306 17548 14307 14308 17548 14306 14309 17548 14308 14310 17548 14309 14311 17548 14310 14312 17548 14311 14313 17548 14312 14298 14314 14299 14315 17548 14313 14316 17548 14315 14317 17548 14316 14318 17548 14262 14307 17548 14318 14319 17548 14317 14320 17548 14319 14269 17548 14321 14321 17548 14322 14323 17548 14324 14324 17548 14325 14325 17548 14326 14327 17548 14328 14329 17548 14327 14330 17548 14329 14331 17548 14330 14332 17548 14331 14333 17548 14332 14334 17548 14333 14335 17548 14334 14336 17548 14335 14337 17548 14336 14293 17548 14338 14338 17548 14339 14340 17548 14341 14341 17548 14342 14342 17548 14343 14322 17548 14344 14344 17548 14345 14345 17548 14346 14346 17548 14347 14347 17548 14348 14348 17548 14349 14349 17548 14350 14350 17548 14323 14339 17548 14351 14351 17548 14352 14352 17548 14353 14353 17548 14354 14354 17548 14355 14355 17548 14356 14356 17548 14357 14357 17548 14340 14328 17548 14295 14358 17548 14337 14359 17548 14358 14360 17548 14361 14362 17548 14360 14363 17548 14362 14364 17548 14363 14365 17548 14364 14366 17548 14365 14367 17548 14366 14368 17548 14367 14369 17548 14368 14370 17548 14369 14371 17548 14320 14361 17548 14371 14372 17548 14370 14373 17548 14374 14374 17548 14375 14375 17548 14376 14326 17548 14377 14377 17548 14378 14379 17548 14380 14381 17548 14379 14382 17548 14381 14383 17548 14382 14384 17548 14383 14385 17548 14384 14386 17548 14385 14387 17548 14386 14388 17548 14387 14389 17548 14388 14343 17548 14390 14390 17548 14391 14391 17548 14392 14393 17548 14394 14394 17548 14395 14395 17548 14373 14378 17548 14396 14396 17548 14397 14397 17548 14398 14398 17548 14399 14400 17548 14401 14399 17548 14393 14401 17548 14402 14402 17548 14403 14380 17548 14359 14404 17548 14389 14405 17548 14404 14392 17548 14406 14406 17548 14407 14407 17548 14408 14408 17548 14409 14409 17548 14410 14410 17548 14411 14411 17548 14412 14412 17548 14400 14413 17548 14414 14415 17548 14413 14416 17548 14415 14417 17548 14416 14418 17548 14417 14419 17548 14418 14420 17548 14419 14421 17548 14420 14422 17548 14421 14423 17548 14422 14424 17548 14372 14414 17548 14424 14425 17548 14423 14376 17548 14426 14426 17548 14427 14428 17548 14429 14429 17548 14430 14430 17548 14431 14427 17548 14432 14432 17548 14433 14433 17548 14434 14434 17548 14435 14435 17548 14436 14436 17548 14437 14437 17548 14438 14438 17548 14428 14439 17548 14440 14441 17548 14439 14442 17548 14441 14443 17548 14442 14444 17548 14445 14446 17548 14444 14447 17548 14446 14448 17548 14447 14449 17548 14448 14440 17548 14449 14403 17548 14450 14450 17548 14451 14452 17548 14443 14451 17548 14453 14454 17548 14455 14455 17548 14456 14456 17548 14457 14458 17548 14459 14460 17548 14458 14461 17548 14460 14462 17548 14461 14463 17548 14462 14464 17548 14463 14465 17548 14464 14466 17548 14465 14467 17548 14466 14468 17548 14405 14469 17548 14467 14445 17548 14468 14453 17548 14470 14470 17548 14471 14471 17548 14472 14472 17548 14473 14473 17548 14474 14474 17548 14475 14475 17548 14476 14476 17548 14454 14431 17548 14477 14478 17548 14425 14477 17548 14479 14459 17548 14478 14480 17548 14469 14481 17548 14482 14482 17548 14483 14483 17548 14484 14479 17548 14485 14485 17548 14486 14486 17548 14487 14487 17548 14488 14488 17548 14489 14489 17548 14490 14490 17548 14491 14491 17548 14481 14492 17548 14493 14494 17548 14492 14495 17548 14494 14496 17548 14495 14497 17548 14496 14498 17548 14497 14499 17548 14498 14500 17548 14499 14501 17548 14500 14502 17548 14501 14457 17548 14503 14503 17548 14504 14505 17548 14452 14493 17548 14505 14506 17548 14502 14507 17548 14506 14508 17548 14509 14509 17548 14510 14511 17548 14512 14513 17548 14511 14514 17548 14513 14515 17548 14514 14516 17548 14515 14517 17548 14516 14518 17548 14517 14519 17548 14518 14520 17548 14519 14521 17548 14520 14504 17548 14522 14522 17548 14523 14523 17548 14524 14524 17548 14525 14525 17548 14526 14526 17548 14527 14527 17548 14528 14528 17548 14508 14529 17548 14480 14512 17548 14529 14530 17548 14521 14531 17548 14530 14484 17548 14532 14532 17548 14533 14533 17548 14534 14535 17548 14536 14536 17548 14537 14537 17548 14538 14539 17548 14540 14541 17548 14539 14542 17548 14541 14543 17548 14542 14544 17548 14543 14545 17548 14544 14546 17548 14545 14547 17548 14546 14548 17548 14547 14549 17548 14548 14534 17548 14550 14550 17548 14551 14551 17548 14552 14552 17548 14553 14553 17548 14554 14554 17548 14555 14555 17548 14556 14556 17548 14535 14540 17548 14507 14557 17548 14549 14558 17548 14557 14510 17548 14559 14559 17548 14560 14560 17548 14561 14562 17548 14563 14563 17548 14564 14564 17548 14565 14566 17548 14567 14568 17548 14566 14569 17548 14568 14570 17548 14569 14571 17548 14570 14572 17548 14571 14573 17548 14572 14574 17548 14573 14575 17548 14574 14576 17548 14575 14561 17548 14577 14577 17548 14578 14578 17548 14579 14579 17548 14580 14580 17548 14581 14581 17548 14582 14582 17548 14583 14583 17548 14562 14567 17548 14531 14584 17548 14576 14585 17548 14584 14538 17548 14586 14586 17548 14587 14587 17548 14588 14589 17548 14590 14590 17548 14591 14591 17548 14592 14588 17548 14593 14593 17548 14594 14594 17548 14595 14595 17548 14596 14596 17548 14597 14597 17548 14598 14598 17548 14589 14599 17548 14600 14601 17548 14599 14602 17548 14601 14603 17548 14602 14604 17548 14603 14605 17548 14604 14606 17548 14605 14607 17548 14606 14608 17548 14607 14609 17548 14610 14611 17548 14612 14612 17548 14613 14614 17548 14558 14613 17548 14615 14600 17548 14614 14616 17548 14608 14617 17548 14616 14565 17548 14609 14610 17548 14618 14618 17548 14619 14619 17548 14620 14620 17548 14621 14621 17548 14622 14622 17548 14623 14623 17548 14624 14624 17548 14611 14625 17548 14626 14627 17548 14625 14628 17548 14627 14629 17548 14628 14630 17548 14629 14631 17548 14630 14632 17548 14631 14633 17548 14632 14634 17548 14633 14635 17548 14634 14592 17548 14636 14636 17548 14637 14637 17548 14638 14639 17548 14640 14640 17548 14641 14641 17548 14642 14643 17548 14585 14626 17548 14643 14644 17548 14635 14638 17548 14645 14645 17548 14646 14646 17548 14647 14647 17548 14648 14648 17548 14649 14649 17548 14650 14650 17548 14639 14651 17548 14652 14653 17548 14651 14654 17548 14653 14655 17548 14654 14656 17548 14655 14657 17548 14656 14658 17548 14657 14659 17548 14658 14615 17548 14660 14661 17548 14659 14660 17548 14662 14663 17548 14661 14664 17548 14665 14665 17548 14666 14666 17548 14667 14662 17548 14668 14669 17548 14617 14668 17548 14670 14652 17548 14669 14670 17548 14671 14672 17548 14663 14671 17548 14673 14673 17548 14674 14674 17548 14675 14675 17548 14676 14676 17548 14664 14677 17548 14678 14679 17548 14677 14680 17548 14679 14681 17548 14680 14682 17548 14681 14683 17548 14682 14684 17548 14683 14685 17548 14684 14686 17548 14685 14687 17548 14686 14678 17548 14688 14689 17548 14687 14688 17548 14644 14642 17548 14690 14690 17548 14691 14691 17548 14692 14693 17548 14694 14694 17548 14695 14695 17548 14696 14697 17548 14698 14699 17548 14697 14700 17548 14699 14701 17548 14700 14702 17548 14701 14703 17548 14702 14704 17548 14703 14705 17548 14704 14706 17548 14705 14707 17548 14706 14692 17548 14708 14708 17548 14709 14709 17548 14710 14710 17548 14711 14711 17548 14712 14712 17548 14713 14713 17548 14714 14714 17548 14693 14667 17548 14715 14715 17548 14716 14716 17548 14717 14718 17548 14672 14698 17548 14718 14719 17548 14707 14720 17548 14719 14721 17548 14722 14722 17548 14723 14723 17548 14724 14725 17548 14726 14727 17548 14725 14728 17548 14727 14729 17548 14728 14730 17548 14729 14731 17548 14730 14732 17548 14731 14733 17548 14732 14734 17548 14733 14735 17548 14734 14717 17548 14736 14736 17548 14737 14737 17548 14738 14738 17548 14739 14739 17548 14740 14740 17548 14741 14741 17548 14742 14742 17548 14721 14743 17548 14689 14726 17548 14743 14744 17548 14735 14696 17548 14745 14745 17548 14746 14747 17548 14748 14748 17548 14749 14749 17548 14750 14751 17548 14752 14753 17548 14751 14754 17548 14753 14755 17548 14754 14756 17548 14755 14757 17548 14756 14758 17548 14757 14759 17548 14758 14760 17548 14759 14761 17548 14760 14746 17548 14762 14762 17548 14763 14763 17548 14764 14764 17548 14765 14765 17548 14766 14766 17548 14767 14767 17548 14768 14768 17548 14747 14724 17548 14769 14769 17548 14770 14771 17548 14772 14772 17548 14773 14773 17548 14774 14775 17548 14720 14752 17548 14775 14776 17548 14761 14777 17548 14776 14778 17548 14779 14780 17548 14778 14781 17548 14780 14782 17548 14781 14783 17548 14782 14784 17548 14783 14785 17548 14784 14786 17548 14785 14787 17548 14786 14788 17548 14787 14770 17548 14789 14789 17548 14790 14790 17548 14791 14791 17548 14792 14792 17548 14793 14793 17548 14794 14794 17548 14795 14795 17548 14771 14796 17548 14797 14798 17548 14799 14799 17548 14800 14800 17548 14801 14802 17548 14744 14779 17548 14802 14803 17548 14788 14750 17548 14804 14804 17548 14796 14797 17548 14805 14805 17548 14806 14806 17548 14807 14807 17548 14808 14808 17548 14809 14809 17548 14810 14810 17548 14798 14811 17548 14812 14813 17548 14811 14814 17548 14813 14815 17548 14814 14816 17548 14815 14817 17548 14816 14818 17548 14817 14819 17548 14818 14820 17548 14819 14821 17548 14820 14774 17548 14822 14822 17548 14823 14824 17548 14825 14825 17548 14826 14826 17548 14827 14828 17548 14829 14830 17548 14828 14831 17548 14830 14832 17548 14831 14833 17548 14832 14834 17548 14833 14835 17548 14834 14836 17548 14835 14837 17548 14836 14838 17548 14837 14812 17548 14777 14839 17548 14821 14840 17548 14839 14823 17548 14841 14841 17548 14842 14842 17548 14843 14843 17548 14844 14844 17548 14845 14845 17548 14846 14846 17548 14847 14847 17548 14824 14848 17548 14803 14829 17548 14848 14849 17548 14838 14850 17548 14849 14801 17548 14851 14851 17548 14852 14852 17548 14853 14854 17548 14855 14855 17548 14856 14856 17548 14857 14853 17548 14858 14858 17548 14859 14859 17548 14860 14860 17548 14861 14861 17548 14862 14862 17548 14863 14863 17548 14864 14864 17548 14854 14865 17548 14866 14867 17548 14865 14868 17548 14867 14869 17548 14868 14870 17548 14869 14871 17548 14870 14872 17548 14871 14873 17548 14872 14874 17548 14873 14827 17548 14875 14875 17548 14876 14877 17548 14878 14878 17548 14879 14879 17548 14880 14881 17548 14874 14882 17548 14881 14883 17548 14840 14876 17548 14884 14866 17548 14883 14884 17548 14885 14885 17548 14886 14886 17548 14887 14887 17548 14888 14888 17548 14889 14889 17548 14890 14890 17548 14877 14891 17548 14892 14893 17548 14891 14894 17548 14893 14895 17548 14894 14896 17548 14895 14897 17548 14896 14898 17548 14897 14899 17548 14898 14900 17548 14899 14901 17548 14900 14857 17548 14902 14902 17548 14903 14903 17548 14904 14905 17548 14906 14906 17548 14907 14907 17548 14908 14909 17548 14850 14892 17548 14909 14910 17548 14901 14904 17548 14911 14911 17548 14912 14912 17548 14913 14913 17548 14914 14914 17548 14915 14915 17548 14916 14916 17548 14905 14917 17548 14918 14919 17548 14917 14920 17548 14919 14921 17548 14920 14922 17548 14921 14923 17548 14922 14924 17548 14923 14925 17548 14924 14926 17548 14925 14927 17548 14926 14880 17548 14928 14928 17548 14929 14929 17548 14930 14931 17548 14932 14932 17548 14933 14933 17548 14934 14935 17548 14882 14918 17548 14935 14936 17548 14927 14930 17548 14937 14938 17548 14936 14937 17548 14939 14939 17548 14940 14940 17548 14941 14941 17548 14942 14942 17548 14943 14943 17548 14931 14944 17548 14945 14946 17548 14944 14947 17548 14946 14948 17548 14947 14949 17548 14948 14950 17548 14949 14951 17548 14950 14952 17548 14951 14953 17548 14952 14954 17548 14953 14908 17548 14955 14955 17548 14956 14956 17548 14957 14958 17548 14959 14959 17548 14960 14960 17548 14961 14962 17548 14910 14945 17548 14962 14963 17548 14954 14964 17548 14963 14957 17548 14965 14965 17548 14966 14966 17548 14967 14967 17548 14968 14968 17548 14969 14969 17548 14970 14970 17548 14971 14971 17548 14958 14972 17548 14973 14974 17548 14972 14975 17548 14974 14976 17548 14975 14977 17548 14978 14979 17548 14976 14978 17548 14980 14981 17548 14979 14980 17548 14982 14983 17548 14981 14984 17548 14983 14985 17548 14984 14934 17548 14986 14987 17548 14985 14986 17548 14988 14988 17548 14989 14990 17548 14977 14991 17548 14938 14973 17548 14991 14989 17548 14992 14992 17548 14993 14993 17548 14994 14995 17548 14987 14994 17548 14996 14997 17548 14995 14996 17548 14998 14998 17548 14999 14999 17548 14990 15000 17548 15001 15002 17548 15000 15003 17548 15002 15004 17548 15003 15005 17548 15004 15006 17548 15005 15007 17548 15006 15008 17548 15007 15009 17548 15008 14961 17548 15010 15010 17548 15011 15011 17548 15012 15013 17548 15014 15014 17548 15015 15015 17548 15016 15017 17548 14964 15001 17548 15017 15018 17548 15009 15019 17548 15018 15012 17548 15020 15020 17548 15021 15021 17548 15022 15022 17548 15023 15023 17548 15024 15024 17548 15025 15025 17548 15013 15026 17548 15027 15028 17548 15026 15029 17548 15028 14982 17548 15030 15031 17548 15029 15030 17548 15032 15033 17548 15031 15032 17548 15034 15035 17548 15033 15036 17548 15035 15037 17548 15036 15038 17548 15037 15039 17548 15038 15040 17548 15041 15041 17548 15042 15034 17548 15043 15043 17548 15044 15027 17548 14997 15044 17548 15045 15046 17548 15039 15045 17548 15047 15048 17548 15046 15047 17548 15049 15049 17548 15050 15050 17548 15051 15051 17548 15040 15052 17548 15053 15054 17548 15052 15055 17548 15054 15056 17548 15057 15058 17548 15056 15059 17548 15058 15060 17548 15059 15061 17548 15060 15062 17548 15061 15053 17548 15062 15016 17548 15063 15063 17548 15064 15064 17548 15065 15066 17548 15055 15067 17548 15066 15068 17548 15069 15069 17548 15070 15070 17548 15071 15072 17548 15019 15057 17548 15072 15065 17548 15073 15073 17548 15074 15074 17548 15075 15075 17548 15076 15076 17548 15077 15077 17548 15078 15078 17548 15079 15079 17548 15068 15042 17548 15080 15080 17548 15081 15081 17548 15082 15083 17548 15084 15085 17548 15086 15087 17548 15083 15086 17548 15088 15089 17548 15087 15090 17548 15089 15088 17548 15091 15092 17548 15090 15093 17548 15092 15094 17548 15093 15095 17548 15094 15096 17548 15095 15097 17548 15096 15082 17548 15098 15098 17548 15099 15099 17548 15100 15100 17548 15101 15101 17548 15102 15102 17548 15103 15103 17548 15104 15104 17548 15085 15105 17548 15106 15107 17548 15105 15108 17548 15107 15109 17548 15108 15110 17548 15109 15111 17548 15048 15112 17548 15110 15084 17548 15111 15113 17548 15112 15114 17548 15113 15115 17548 15114 15116 17548 15097 15117 17548 15116 15118 17548 15067 15106 17548 15118 15119 17548 15115 15120 17548 15119 15071 17548 15121 15121 17548 15122 15122 17548 15123 15124 17548 15125 15125 17548 15126 15126 17548 15127 15123 17548 15128 15128 17548 15129 15129 17548 15130 15130 17548 15131 15131 17548 15132 15132 17548 15133 15133 17548 15134 15134 17548 15124 15135 17548 15136 15137 17548 15135 15138 17548 15137 15139 17548 15138 15140 17548 15139 15141 17548 15140 15142 17548 15141 15143 17548 15142 15144 17548 15143 15091 17548 15145 15145 17548 15146 15146 17548 15147 15148 17548 15149 15149 17548 15150 15151 17548 15117 15136 17548 15151 15152 17548 15144 15147 17548 15153 15154 17548 15152 15153 17548 15155 15155 17548 15156 15156 17548 15157 15157 17548 15158 15158 17548 15159 15159 17548 15160 15160 17548 15148 15161 17548 15162 15163 17548 15161 15164 17548 15163 15165 17548 15164 15166 17548 15165 15167 17548 15166 15168 17548 15167 15169 17548 15168 15170 17548 15169 15171 17548 15170 15172 17548 15120 15162 17548 15172 15173 17548 15174 15175 17548 15171 15174 17548 15176 15177 17548 15175 15176 17548 15178 15127 17548 15179 15179 17548 15180 15180 17548 15181 15182 17548 15183 15183 17548 15173 15181 17548 15184 15184 17548 15185 15185 17548 15186 15186 17548 15187 15187 17548 15182 15150 17548 15188 15188 17548 15189 15189 17548 15190 15191 17548 15192 15192 17548 15193 15193 17548 15194 15195 17548 15196 15197 17548 15195 15198 17548 15197 15199 17548 15198 15200 17548 15199 15201 17548 15200 15202 17548 15201 15203 17548 15202 15204 17548 15203 15205 17548 15204 15206 15207 15208 15208 15207 15209 15190 17548 15210 15210 17548 15211 15211 17548 15212 15212 17548 15213 15213 17548 15214 15214 17548 15215 15215 17548 15216 15216 17548 15191 15217 17548 15154 15196 17548 15217 15218 17548 15205 15219 17548 15218 15207 15220 15209 15221 17548 15222 15223 17548 15221 15224 17548 15223 15225 17548 15224 15226 17548 15225 15227 17548 15226 15228 17548 15227 15229 17548 15228 15230 17548 15229 15207 15231 15220 15232 15231 15207 15178 17548 15233 15234 17548 15177 15233 17548 15235 15222 17548 15234 15235 17548 15236 15237 17548 15230 15238 17548 15237 15239 17548 15240 15240 17548 15241 15241 17548 15242 15232 15243 15231 15236 17548 15244 15244 17548 15245 15245 17548 15246 15246 17548 15247 15247 17548 15248 15248 17548 15249 15249 17548 15250 15250 17548 15239 15251 15252 15243 15253 17548 15254 15255 17548 15253 15256 17548 15255 15257 17548 15256 15258 15259 15251 15251 15259 15252 15260 17548 15261 15262 17548 15260 15263 17548 15262 15264 17548 15263 15265 17548 15264 15194 17548 15266 15254 17548 15265 15266 17548 15267 15267 17548 15268 15269 17548 15270 15270 17548 15271 15271 17548 15272 15273 17548 15257 15274 17548 15273 15258 15275 15259 15268 17548 15276 15276 17548 15277 15277 17548 15278 15278 17548 15279 15279 17548 15280 15280 17548 15281 15281 17548 15269 15282 17548 15283 15284 17548 15219 15285 17548 15282 15261 17548 15284 15286 17548 15285 15287 17548 15286 15288 17548 15287 15289 17548 15288 15290 17548 15289 15291 17548 15290 15292 17548 15291 15293 17548 15292 15275 15294 15259 15275 15295 15294 15242 17548 15296 15296 17548 15297 15297 17548 15298 15299 17548 15238 15283 17548 15299 15300 17548 15293 15301 17548 15300 15302 17548 15303 15303 17548 15304 15304 17548 15305 15295 15306 15294 15295 15307 15306 15298 17548 15308 15308 17548 15309 15309 17548 15310 15310 17548 15311 15311 17548 15312 15312 17548 15313 15313 17548 15302 15307 15314 15306 15307 15315 15314 15272 17548 15316 15316 17548 15317 15317 17548 15318 15319 17548 15320 15321 17548 15319 15322 17548 15321 15323 17548 15322 15324 17548 15325 15326 17548 15323 15327 17548 15326 15325 17548 15328 15329 17548 15327 15328 17548 15330 15331 17548 15329 15332 17548 15331 15315 15333 15314 15318 17548 15334 15334 17548 15335 15335 17548 15336 15336 17548 15337 15337 17548 15338 15315 15339 15333 15338 17548 15340 15340 17548 15341 15341 17548 15324 15342 17548 15274 15320 17548 15342 15343 17548 15332 15344 17548 15343 15339 15345 15333 15346 17548 15347 15348 17548 15346 15349 17548 15348 15350 17548 15349 15351 17548 15350 15352 17548 15351 15353 17548 15352 15354 17548 15353 15355 17548 15354 15339 15356 15345 15305 17548 15357 15357 17548 15358 15358 17548 15359 15360 17548 15361 15362 17548 15301 15361 17548 15363 15347 17548 15362 15363 17548 15364 15365 17548 15355 15366 17548 15365 15367 15368 15356 15356 15368 15345 15359 17548 15369 15369 17548 15370 15370 17548 15371 15371 17548 15372 15372 17548 15373 15373 17548 15374 15374 17548 15375 15375 17548 15360 15330 17548 15376 15376 17548 15377 15377 17548 15378 15379 17548 15380 15381 17548 15379 15382 17548 15383 15384 17548 15381 15383 17548 15385 15386 17548 15384 15385 17548 15387 15388 17548 15386 15389 17548 15388 15390 17548 15389 15391 17548 15390 15392 17548 15391 15393 17548 15392 15367 15394 15368 15395 17548 15344 15380 17548 15395 15396 17548 15393 15397 17548 15396 15378 17548 15398 15398 17548 15399 15399 17548 15400 15400 17548 15401 15401 17548 15402 15402 17548 15403 15403 17548 15382 15404 17548 15405 15406 17548 15404 15407 17548 15406 15408 17548 15407 15409 17548 15408 15410 17548 15409 15411 17548 15410 15412 17548 15411 15413 17548 15412 15414 17548 15413 15364 17548 15415 15415 17548 15416 15416 17548 15417 15418 17548 15419 15420 17548 15366 15419 17548 15421 15405 17548 15420 15421 17548 15422 15423 17548 15414 15424 17548 15423 15417 17548 15425 15425 17548 15426 15426 17548 15427 15427 17548 15428 15428 17548 15429 15429 17548 15430 15430 17548 15431 15431 17548 15418 15432 17548 15433 15433 17548 15434 15434 17548 15435 15436 17548 15437 15438 17548 15436 15439 17548 15438 15387 17548 15440 15441 17548 15439 15440 17548 15442 15443 17548 15441 15442 17548 15444 15445 17548 15443 15446 17548 15445 15447 17548 15446 15448 17548 15447 15449 17548 15448 15444 17548 15450 15450 17548 15451 15451 17548 15452 15452 17548 15453 15453 17548 15454 15454 17548 15455 15455 17548 15456 15456 17548 15432 15437 17548 15397 15457 17548 15449 15458 17548 15457 15459 17548 15460 15461 17548 15459 15462 17548 15461 15463 17548 15462 15464 17548 15463 15465 17548 15464 15466 17548 15465 15467 17548 15466 15468 17548 15467 15469 17548 15424 15460 17548 15469 15470 17548 15468 15471 17548 15470 15472 17548 15471 15422 17548 15473 15473 17548 15474 15474 17548 15475 15476 17548 15477 15477 17548 15478 15478 17548 15479 15480 17548 15481 15435 17548 15482 15475 17548 15483 15482 17548 15484 15483 17548 15485 15484 17548 15486 15485 17548 15487 15487 17548 15488 15488 17548 15489 15489 17548 15490 15490 17548 15476 15491 17548 15492 15492 17548 15493 15493 17548 15494 15495 17548 15496 15497 17548 15495 15498 17548 15497 15499 17548 15498 15500 17548 15499 15501 17548 15500 15502 17548 15501 15503 17548 15502 15504 17548 15503 15505 17548 15504 15486 17548 15506 15506 17548 15507 15507 17548 15508 15508 17548 15509 15509 17548 15510 15510 17548 15511 15511 17548 15491 15512 17548 15458 15496 17548 15512 15513 17548 15505 15514 17548 15513 15515 17548 15516 15517 17548 15515 15518 17548 15517 15519 17548 15518 15520 17548 15519 15521 17548 15520 15522 17548 15521 15523 17548 15522 15524 17548 15523 15525 17548 15524 15481 17548 15526 15527 17548 15525 15528 17548 15527 15479 17548 15529 15529 17548 15530 15530 17548 15531 15532 17548 15533 15533 17548 15534 15534 17548 15535 15516 17548 15472 15526 17548 15536 15531 17548 15537 15537 17548 15538 15538 17548 15539 15539 17548 15540 15540 17548 15541 15541 17548 15542 15542 17548 15532 15494 17548 15543 15543 17548 15544 15544 17548 15545 15546 17548 15547 15547 17548 15548 15548 17548 15549 15550 17548 15551 15552 17548 15550 15553 17548 15552 15554 17548 15553 15555 17548 15554 15556 17548 15555 15557 17548 15556 15558 17548 15557 15559 17548 15558 15545 17548 15560 15560 17548 15561 15561 17548 15562 15562 17548 15563 15563 17548 15564 15564 17548 15565 15565 17548 15566 15566 17548 15546 15567 17548 15514 15551 17548 15567 15568 17548 15559 15569 17548 15568 15570 17548 15571 15572 17548 15570 15573 17548 15572 15574 17548 15573 15575 17548 15574 15576 17548 15575 15577 17548 15576 15578 17548 15577 15579 17548 15578 15580 17548 15528 15571 17548 15580 15581 17548 15579 15582 17548 15581 15535 17548 15583 15583 17548 15584 15584 17548 15585 15586 17548 15587 15587 17548 15588 15588 17548 15589 15585 17548 15590 15590 17548 15591 15591 17548 15592 15592 17548 15593 15593 17548 15594 15594 17548 15595 15595 17548 15596 15596 17548 15586 15549 17548 15597 15597 17548 15598 15598 17548 15599 15600 17548 15601 15601 17548 15602 15602 17548 15603 15604 17548 15605 15606 17548 15604 15607 17548 15606 15608 17548 15607 15609 17548 15608 15610 17548 15609 15611 17548 15610 15612 17548 15611 15613 17548 15612 15614 17548 15613 15599 17548 15615 15615 17548 15616 15616 17548 15617 15617 17548 15618 15618 17548 15619 15619 17548 15620 15620 17548 15600 15621 17548 15622 15623 17548 15621 15624 17548 15623 15625 17548 15569 15626 17548 15624 15605 17548 15625 15627 17548 15626 15628 17548 15627 15629 17548 15628 15630 17548 15614 15631 17548 15629 15632 17548 15630 15633 17548 15631 15634 17548 15633 15635 17548 15582 15622 17548 15635 15636 17548 15634 15637 17548 15636 15638 17548 15639 15639 17548 15640 15641 17548 15642 15642 17548 15643 15643 17548 15644 15589 17548 15638 15645 17548 15646 15647 17548 15645 15648 17548 15647 15649 17548 15648 15650 17548 15649 15651 17548 15650 15652 17548 15651 15653 17548 15652 15603 17548 15654 15655 17548 15653 15654 17548 15656 15657 17548 15655 15656 17548 15658 15659 17548 15660 15660 17548 15661 15661 17548 15662 15640 17548 15663 15663 17548 15664 15664 17548 15665 15665 17548 15666 15666 17548 15667 15667 17548 15668 15668 17548 15669 15669 17548 15641 15658 17548 15670 15670 17548 15671 15671 17548 15672 15672 17548 15673 15673 17548 15674 15674 17548 15675 15675 17548 15676 15676 17548 15659 15646 17548 15632 15677 17548 15657 15678 17548 15679 15680 17548 15677 15681 17548 15678 15682 17548 15681 15683 17548 15682 15684 17548 15683 15685 17548 15684 15686 17548 15685 15687 17548 15686 15688 17548 15687 15689 17548 15688 15679 17548 15637 15690 17548 15689 15691 17548 15690 15644 17548 15692 15692 17548 15693 15693 17548 15694 15695 17548 15696 15696 17548 15697 15697 17548 15698 15694 17548 15699 15699 17548 15700 15700 17548 15701 15701 17548 15702 15702 17548 15703 15703 17548 15704 15704 17548 15695 15705 17548 15706 15707 17548 15705 15708 17548 15707 15709 17548 15708 15710 17548 15709 15711 17548 15710 15712 17548 15711 15713 17548 15712 15714 17548 15713 15662 17548 15715 15715 17548 15716 15716 17548 15717 15718 17548 15719 15719 17548 15720 15706 17548 15721 15722 17548 15714 15723 17548 15722 15717 17548 15724 15724 17548 15725 15725 17548 15726 15726 17548 15727 15727 17548 15728 15728 17548 15729 15729 17548 15730 15730 17548 15718 15721 17548 15680 15731 17548 15732 15733 17548 15731 15734 17548 15733 15735 17548 15734 15736 17548 15735 15737 17548 15736 15738 17548 15737 15739 17548 15738 15740 17548 15739 15741 17548 15740 15698 17548 15742 15742 17548 15743 15743 17548 15744 15745 17548 15691 15732 17548 15745 15746 17548 15741 15747 17548 15748 15749 17548 15746 15748 17548 15750 15750 17548 15751 15744 17548 15752 15752 17548 15753 15753 17548 15754 15754 17548 15755 15755 17548 15756 15756 17548 15757 15757 17548 15747 15720 17548 15758 15758 17548 15759 15759 17548 15760 15761 17548 15762 15763 17548 15761 15764 17548 15763 15765 17548 15764 15766 17548 15765 15767 17548 15768 15769 17548 15766 15768 17548 15770 15771 17548 15769 15770 17548 15772 15773 17548 15771 15774 17548 15773 15775 17548 15774 15760 17548 15776 15776 17548 15777 15777 17548 15778 15778 17548 15779 15779 17548 15780 15780 17548 15781 15781 17548 15782 15782 17548 15767 15783 17548 15723 15762 17548 15783 15784 17548 15775 15785 17548 15784 15786 17548 15787 15788 17548 15786 15789 17548 15788 15790 17548 15789 15791 17548 15790 15792 17548 15791 15793 17548 15792 15794 17548 15793 15795 17548 15794 17548 15796 15797 17548 15798 15796 15751 17548 15799 15799 17548 15800 15798 17548 15801 15800 17548 15802 17548 15803 15801 15804 17548 15805 15805 17548 15806 15807 17548 15749 15806 17548 15808 15787 17548 15807 17548 15809 15803 15810 17548 15795 15811 17548 15810 17548 15812 15809 15232 15251 15243 14108 15813 14110 14110 15813 15814 15814 15813 15815 15815 15813 15816 15816 15813 15817 15817 15813 15818 15818 15813 14130 14130 15813 14131 15819 15813 14108 15820 15813 15819 15821 15813 15820 15822 15813 15821 14131 15813 15822 14201 15840 14199 14161 15840 15823 15823 15840 15824 15824 15840 15825 15826 15840 14201 14162 15840 14161 15827 15840 14162 15828 15840 15827 15802 17548 15829 15830 15840 15828 15829 17548 15831 15832 15840 15830 15831 17548 15833 15834 15840 15832 15833 17548 15835 15836 15840 15834 15837 15840 15836 15835 17548 15838 14199 15840 15837 15838 17548 15839 15825 15840 15841 15841 15840 15842 15839 17548 15843 15842 15840 15844 15843 17548 15804 15844 15840 15845 15845 15840 15846 15846 15840 15826 14234 15861 14231 15847 15861 14234 15848 15861 15847 15849 15861 15848 15850 15861 15849 15851 17548 15852 15853 15861 15850 15852 17548 15854 15855 15861 15853 15856 15861 15855 15857 15861 15856 15858 15861 15857 15859 15861 15858 15772 17548 15860 15860 17548 15862 14231 15861 15863 15862 17548 15864 15863 15861 15865 15866 17548 15867 15865 15861 15868 15868 15861 15869 15870 17548 15866 15869 15861 15871 15872 17548 15870 15873 17548 15872 15874 17548 15873 15875 17548 15874 15876 17548 15875 15877 17548 15876 15878 17548 15877 15879 15861 15880 15881 17548 15878 15880 15861 15882 15882 15861 15883 15883 15861 14299 14299 15861 14300 14300 15861 15859 15871 15861 15884 15884 15861 15885 15885 15861 15886 15886 15861 15887 15887 15861 15888 15888 15861 15879 15889 17548 15890 15891 17548 15889 15892 17548 15891 15893 17548 15892 15894 17548 15893 15895 17548 15894 15896 17548 15895 15897 17548 15896 15898 17548 15899 15899 17548 15851 15864 17548 15900 15900 17548 15901 15901 17548 15902 15902 17548 15903 15903 17548 15904 15904 17548 15898 15890 17548 15905 15906 17548 15897 15907 17548 15785 15908 17548 15906 15867 17548 15907 15909 17548 15881 14314 17548 15910 15911 17548 15909 15910 17548 15912 15912 17548 15913 15913 17548 15914 14298 17548 14314 15915 17548 14298 15905 17548 15915 15914 17548 15917 15917 17548 15918 15918 17548 15919 15919 17548 15920 15920 17548 15921 15922 17548 15923 15924 17548 15922 15925 17548 15924 15926 17548 15925 15927 17548 15928 15929 17548 15926 15928 17548 15930 15931 17548 15929 15930 17548 15932 15933 17548 15931 15932 17548 15934 15935 17548 15933 15934 17548 15936 15937 17548 15935 15936 17548 15916 15938 17548 15937 15921 17548 15939 15939 17548 15940 15940 17548 15941 15941 17548 15927 15942 17548 15943 15944 17548 15942 15945 17548 15944 15946 17548 15945 15947 17548 15946 15948 17548 15947 15949 17548 15948 15950 17548 15949 15951 17548 15950 15808 17548 15952 15952 17548 15953 15953 17548 15954 15955 17548 15908 15956 17548 15955 15957 17548 15811 15943 17548 15956 15958 17548 15959 15923 17548 15957 15960 17548 15951 15959 17548 15961 15962 17548 15938 15963 17548 15960 15961 17548 15964 15965 17548 15962 15966 17548 15967 15916 17548 15968 15954 17548 15969 15968 17548 15970 15969 17548 15971 15970 17548 15972 15971 17548 15973 15972 17548 15974 15973 17548 15975 15974 17548 15976 15975 17548 15977 15976 17548 15978 15977 17548 15979 15979 17548 15958 15980 17548 15981 15981 17548 15982 15982 17548 15983 15983 17548 15966 15978 17548 15984 15984 17548 15985 15985 17548 15986 15986 17548 15987 15987 17548 15988 15854 17548 15989 15988 17548 15990 15989 17548 15991 15991 17548 15992 15993 17548 15994 15994 17548 15995 15995 17548 15980 15990 17548 15996 15996 17548 15993 15997 17548 15998 15998 17548 15999 16000 17548 16001 15999 17548 16002 16003 17548 16000 16004 17548 16003 16005 17548 16004 16006 17548 16005 16007 17548 16006 16008 17548 16007 16009 17548 16008 16010 17548 16009 16011 17548 16010 16012 17548 16013 16014 17548 16012 16015 17548 16014 16016 17548 16015 16017 17548 16016 16018 17548 16017 16019 17548 16018 16020 17548 16019 16021 17548 16020 16022 17548 16021 16001 17548 15911 16023 17548 16011 16024 17548 15963 16025 17548 16023 16013 17548 16024 15992 17548 16026 16026 17548 16027 16027 17548 16028 16029 17548 16022 16028 17548 16030 16031 17548 16029 16030 17548 16032 16032 17548 16033 16033 17548 16034 16034 17548 15997 16035 17548 16036 16037 17548 16035 15967 17548 16038 16039 17548 16037 16040 17548 16039 16041 17548 16042 16043 17548 16041 16044 17548 16043 16045 17548 16044 16046 17548 16045 16036 17548 16046 16038 17548 16047 16047 17548 16048 16048 17548 16049 16049 17548 16050 16050 17548 16051 16051 17548 16052 16053 17548 16040 16054 17548 16055 16055 17548 16056 15964 17548 16057 16057 17548 16058 16058 17548 16059 16052 17548 16060 16060 17548 16061 16061 17548 16062 16062 17548 16063 16063 17548 16064 16064 17548 16065 16065 17548 16066 16066 17548 16067 16067 17548 16068 16069 17548 16070 16068 17548 16071 16070 17548 16072 16072 17548 16073 16071 17548 16074 16074 17548 16075 16075 17548 16076 16076 17548 16077 16077 17548 16054 16078 17548 15965 16042 17548 16078 16079 17548 16080 16081 17548 16079 16082 17548 16081 16083 17548 16082 16084 17548 16083 16085 17548 16084 16086 17548 16085 16087 17548 16086 16088 17548 16087 16059 17548 16089 16089 17548 16090 16090 17548 16091 16091 17548 16092 16092 17548 16093 16093 17548 16094 16094 17548 16095 16095 17548 16069 16096 17548 16031 16080 17548 16096 16002 17548 16097 16098 17548 16088 16097 17548 16099 16099 17548 16100 16101 17548 16098 16102 17548 16103 16103 17548 16104 16104 17548 16105 16106 17548 16107 16108 17548 16106 16109 17548 16108 16110 17548 16109 16111 17548 16110 16112 17548 16111 16113 17548 16112 16114 17548 16113 16115 17548 16114 16056 17548 16116 16100 17548 16117 16117 17548 16118 16118 17548 16119 16119 17548 16120 16120 17548 16121 16121 17548 16122 16122 17548 16102 16123 17548 16124 16125 17548 16123 16126 17548 16025 16127 17548 16125 16107 17548 16126 16128 17548 16127 16129 17548 16115 16130 17548 16129 16131 17548 16128 16132 17548 16133 16134 17548 16132 16135 17548 16131 16136 17548 16135 16137 17548 16134 16138 17548 16137 16139 17548 16136 16140 17548 16138 16141 17548 16140 16142 17548 16139 16143 17548 16141 16144 17548 16143 16145 17548 16144 16146 17548 16145 16116 17548 16147 16147 17548 16148 16148 17548 16149 16149 17548 16150 16150 17548 16151 16151 17548 16152 16152 17548 16153 16154 17548 16155 16156 17548 16101 16124 17548 16156 16157 17548 16053 16133 17548 16157 16158 17548 16142 16159 17548 16146 16160 17548 16158 16161 17548 16159 16073 17548 16162 16162 17548 16163 16163 17548 16164 16153 17548 16165 16165 17548 16166 16166 17548 16167 16167 17548 16168 16168 17548 16169 16169 17548 16170 16170 17548 16171 16172 17548 16173 16171 17548 16174 16173 17548 16175 16174 17548 16154 16164 17548 16176 16176 17548 16177 16177 17548 16178 16178 17548 16179 16179 17548 16180 16180 17548 16181 16181 17548 16182 16182 17548 16172 16105 17548 16183 16183 17548 16184 16184 17548 16185 16155 17548 16186 16186 17548 16187 16188 17548 16189 16189 17548 16190 16190 17548 16191 16192 17548 16193 16194 17548 16192 16195 17548 16194 16196 17548 16195 16197 17548 16196 16198 17548 16197 16199 17548 16198 16200 17548 16201 16202 17548 16199 16203 17548 16200 16204 17548 16202 16205 17548 16203 16206 17548 16204 16207 17548 16205 16208 17548 16207 16209 17548 16208 16210 17548 16209 16211 17548 16210 16212 17548 16211 16187 17548 16213 16213 17548 16214 16214 17548 16215 16215 17548 16216 16217 17548 16218 16218 17548 16219 16219 17548 16220 16185 17548 16221 16221 17548 16222 16222 17548 16223 16223 17548 16224 16224 17548 16225 16225 17548 16226 16226 17548 16227 16227 17548 16188 16228 17548 16130 16229 17548 16160 16201 17548 16229 16193 17548 16228 16230 17548 16206 16231 17548 16232 16233 17548 16230 16234 17548 16231 16235 17548 16234 16236 17548 16235 16237 17548 16236 16238 17548 16237 16239 17548 16238 16240 17548 16212 16241 17548 16239 16242 17548 16241 16243 17548 16240 16244 17548 16161 16232 17548 16244 16245 17548 16242 16246 17548 16245 16247 17548 16248 16248 17548 16249 16249 17548 16250 16216 17548 16251 16251 17548 16252 16175 17548 16253 16252 17548 16254 16253 17548 16255 16254 17548 16256 16255 17548 16257 16256 17548 16258 16258 17548 16217 16259 17548 16260 16260 17548 16261 16261 17548 16247 16257 17548 16262 16262 17548 16263 16263 17548 16264 16264 17548 16265 16265 17548 16259 16191 17548 16266 16266 17548 16267 16268 17548 16269 16269 17548 16270 16270 17548 16271 16272 17548 16273 16274 17548 16272 16275 17548 16274 16276 17548 16275 16277 17548 16276 16278 17548 16277 16279 17548 16278 16280 17548 16281 16282 17548 16279 16283 17548 16280 16284 17548 16282 16285 17548 16283 16286 17548 16284 16287 17548 16285 16288 17548 16287 16289 17548 16288 16290 17548 16289 16291 17548 16290 16292 17548 16291 16293 17548 16292 16220 17548 16294 16294 17548 16295 16295 17548 16296 16267 17548 16297 16297 17548 16298 16298 17548 16299 16299 17548 16300 16300 17548 16301 16301 17548 16302 16302 17548 16303 16303 17548 16268 16304 17548 16243 16273 17548 16304 16305 17548 16233 16281 17548 16305 16306 17548 16286 16307 17548 16308 16309 17548 16306 16310 17548 16293 16311 17548 16307 16312 17548 16310 16313 17548 16311 16314 17548 16313 16315 17548 16314 16316 17548 16315 16317 17548 16316 16318 17548 16317 16319 17548 16318 16320 17548 16319 16296 17548 16321 16321 17548 16322 16322 17548 16323 16323 17548 16324 16324 17548 16325 16326 17548 16327 16327 17548 16328 16328 17548 16329 16329 17548 16330 16330 17548 16331 16332 17548 16246 16308 17548 16332 16333 17548 16320 16334 17548 16333 16250 17548 16335 16335 17548 16336 16337 17548 16338 16325 17548 16339 16338 17548 16340 16339 17548 16341 16341 17548 16342 16340 17548 16343 16342 17548 16344 16344 17548 16345 16345 17548 16326 16336 17548 16346 16346 17548 16347 16347 17548 16348 16348 17548 16349 16349 17548 16350 16350 17548 16351 16351 17548 16352 16352 17548 16337 16271 17548 16353 16353 17548 16354 16354 17548 16355 16356 17548 16357 16358 17548 16359 16360 17548 16361 16362 17548 16358 16361 17548 16363 16364 17548 16362 16363 17548 16365 16366 17548 16364 16367 17548 16366 16368 17548 16369 16370 17548 16368 16371 17548 16370 16372 17548 16371 16373 17548 16372 16374 17548 16375 16376 17548 16373 16377 17548 16374 16378 17548 16376 16379 17548 16377 16357 17548 16378 16380 17548 16379 16359 17548 16380 16355 17548 16381 16381 17548 16382 16382 17548 16383 16383 17548 16384 16384 17548 16385 16385 17548 16386 16386 17548 16387 16387 17548 16360 16388 17548 16367 16389 17548 16356 16390 17548 16389 16391 17548 16392 16393 17548 16391 16394 17548 16393 16395 17548 16394 16396 17548 16395 16397 17548 16396 16398 17548 16312 16399 17548 16397 16375 17548 16398 16400 17548 16399 16401 17548 16400 16402 17548 16401 16403 17548 16309 16369 17548 16403 16331 17548 16404 16404 17548 16405 16405 17548 16406 16406 17548 16407 16407 17548 16408 16409 17548 16410 16392 17548 16334 16411 17548 16402 16412 17548 16411 16343 17548 16413 16413 17548 16414 16414 17548 16415 16408 17548 16416 16417 17548 16418 16416 17548 16419 16418 17548 16420 16419 17548 16421 16420 17548 16422 16421 17548 16423 16423 17548 16424 16424 17548 16425 16425 17548 16426 16427 17548 16428 16428 17548 16429 16429 17548 16430 16430 17548 16409 16415 17548 16431 16431 17548 16432 16432 17548 16433 16433 17548 16434 16434 17548 16435 16435 17548 16436 16436 17548 16437 16426 17548 16438 16437 17548 16417 16438 17548 16439 16439 17548 16427 16365 17548 16440 16440 17548 16441 16441 17548 16442 16443 17548 16444 16444 17548 16445 16445 17548 16446 16447 17548 16448 16449 17548 16447 16450 17548 16451 16452 17548 16449 16453 17548 16450 16454 17548 16452 16455 17548 16453 16456 17548 16454 16457 17548 16455 16458 17548 16456 16459 17548 16457 16460 17548 16458 16461 17548 16459 16462 17548 16460 16463 17548 16461 16464 17548 16462 16465 17548 16463 16466 17548 16464 16467 17548 16465 16468 17548 16467 16442 17548 16469 16469 17548 16470 16470 17548 16471 16471 17548 16472 16472 17548 16473 16473 17548 16474 16474 17548 16443 16475 17548 16388 16448 17548 16475 16476 17548 16466 16477 17548 16476 16478 17548 16390 16451 17548 16478 16479 17548 16468 16480 17548 16481 16482 17548 16480 16483 17548 16482 16484 17548 16483 16485 17548 16484 16486 17548 16485 16487 17548 16486 16488 17548 16487 16489 17548 16488 16490 17548 16489 16422 17548 16491 16492 17548 16412 16491 17548 16493 16481 17548 16492 16493 17548 16494 16495 17548 16490 16496 17548 16495 16410 17548 16497 16497 17548 16498 16498 17548 16499 16499 17548 15206 16500 17548 16501 16501 17548 16502 16502 17548 16503 15206 17548 15207 16504 17548 16505 16505 17548 16506 16506 17548 16507 16507 17548 16508 16508 17548 16509 15207 17548 16510 16510 17548 16511 16511 17548 16512 16512 17548 16513 16513 17548 16514 16514 17548 16515 16515 17548 16516 16516 17548 16504 16517 17548 16518 16519 17548 16517 16446 17548 16520 16521 17548 16519 16520 17548 16522 16523 17548 16521 16522 17548 16524 16525 17548 16523 16526 17548 16525 16527 17548 16526 16494 17548 16528 16529 17548 16527 16528 17548 16530 16531 17548 16529 16530 17548 16532 16533 17548 16531 16532 17548 16534 16534 17548 16535 16535 17548 16536 16536 17548 16537 16537 17548 16500 16538 17548 16539 16539 17548 16540 16540 17548 16541 16542 17548 16543 16544 17548 16542 16545 17548 16544 16546 17548 16545 16547 17548 16546 16548 17548 16547 16549 17548 16548 16550 17548 16549 16551 17548 16550 16524 17548 16552 16552 17548 16553 16553 17548 16554 16554 17548 16555 16555 17548 16556 16556 17548 16557 16557 17548 16558 16558 17548 16538 16559 17548 16560 16561 17548 16477 16562 17548 16559 16543 17548 16561 16563 17548 16562 16564 17548 16563 16565 17548 16551 16566 17548 16564 16567 17548 16565 16568 17548 16566 16569 17548 16479 16570 17548 16568 16518 17548 16569 16571 17548 16570 16572 17548 16533 16573 17548 16571 16574 17548 16573 16503 17548 16575 16575 17548 16576 16560 17548 16496 16577 17548 16574 16578 17548 16577 16579 17548 16580 16580 17548 16581 16581 17548 16582 16509 17548 16583 16583 17548 16584 16584 17548 16585 16576 17548 16586 16587 17548 16588 16586 17548 16589 16588 17548 16590 16589 17548 16591 16591 17548 16592 16592 17548 16593 16593 17548 16594 16594 17548 16595 16595 17548 16579 16596 17548 16597 16598 17548 16596 16599 17548 16598 16600 17548 16599 16601 17548 16600 16602 17548 16601 16603 17548 16602 16604 17548 16603 16605 17548 16604 16606 17548 16605 16607 17548 16608 16609 17548 16607 16610 17548 16609 16611 17548 16610 16612 17548 16611 16613 17548 16612 16614 17548 16613 16615 17548 16614 16616 17548 16615 16617 17548 16616 16618 17548 16619 16620 17548 16621 16621 17548 16622 16622 17548 16623 16585 17548 16624 16624 17548 16625 16541 17548 16626 16625 17548 16627 16626 17548 16618 16627 17548 16628 16628 17548 16629 16629 17548 16630 16630 17548 16631 16631 17548 16587 16632 17548 16572 16597 17548 16632 16633 17548 16606 16634 17548 16567 16608 17548 16634 16635 17548 16617 16636 17548 16635 16637 17548 16638 16639 17548 16637 16640 17548 16639 16641 17548 16640 16642 17548 16641 16643 17548 16642 16644 17548 16643 16645 17548 16644 16646 17548 16645 16619 17548 16647 16647 17548 16648 16648 17548 16649 16649 17548 16650 16650 17548 16651 16651 17548 16652 16652 17548 16620 16582 17548 16653 16653 17548 16654 16655 17548 16578 16654 17548 16656 16638 17548 16655 16657 17548 16646 16658 17548 16657 16659 17548 16660 16660 17548 16661 16661 17548 16662 16590 17548 16663 16663 17548 16664 16664 17548 16665 16666 17548 16667 16667 17548 16668 16656 17548 16669 16669 17548 16670 16670 17548 16671 16671 17548 16672 16672 17548 16673 16673 17548 16674 16675 17548 16676 16674 17548 16677 16678 17548 16675 16677 17548 16659 16679 17548 16678 16680 17548 16679 16681 17548 16680 16682 17548 16681 16683 17548 16682 16684 17548 16683 16685 17548 16684 16686 17548 16685 16623 17548 16687 16688 17548 16689 16687 17548 16690 16691 17548 16688 16690 17548 16692 16693 17548 16691 16694 17548 16693 16695 17548 16694 16696 17548 16695 16697 17548 16696 16698 17548 16697 16699 17548 16698 16700 17548 16699 16665 17548 16701 16702 17548 16703 16701 17548 16704 16703 17548 16705 16704 17548 16706 16706 17548 16707 16707 17548 16708 16708 17548 16709 16709 17548 16710 16710 17548 16666 16711 17548 16633 16676 17548 16711 16712 17548 16686 16713 17548 16712 16692 17548 16714 16714 17548 16715 16715 17548 16716 16716 17548 16717 16717 17548 16718 16718 17548 16719 16719 17548 16720 16720 17548 16702 16721 17548 16722 16723 17548 16721 16724 17548 16723 16725 17548 16636 16689 17548 16725 16726 17548 16724 16727 17548 16726 16728 17548 16727 16729 17548 16700 16730 17548 16728 16731 17548 16730 16732 17548 16729 16733 17548 16731 16734 17548 16733 16735 17548 16734 16736 17548 16735 16662 17548 16737 16737 17548 16738 16738 17548 16739 16740 17548 16658 16722 17548 16740 16741 17548 16742 16742 17548 16743 16743 17548 16744 16668 17548 16745 16745 17548 16746 16746 17548 16747 16748 17548 16749 16749 17548 16750 16739 17548 16751 16751 17548 16752 16752 17548 16753 16754 17548 16755 16753 17548 16756 16757 17548 16754 16756 17548 16758 16759 17548 16757 16758 17548 16760 16761 17548 16759 16760 17548 16741 16762 17548 16761 16763 17548 16762 16764 17548 16763 16765 17548 16764 16705 17548 16766 16767 17548 16765 16766 17548 16768 16769 17548 16767 16768 17548 16770 16771 17548 16772 16772 17548 16773 16773 17548 16774 16747 17548 16775 16775 17548 16776 16776 17548 16777 16777 17548 16778 16778 17548 16779 16779 17548 16780 16781 17548 16782 16780 17548 16783 16784 17548 16781 16783 17548 16748 16785 17548 16784 16786 17548 16785 16787 17548 16786 16788 17548 16787 16789 17548 16788 16790 17548 16789 16791 17548 16790 16770 17548 16792 16792 17548 16793 16793 17548 16794 16794 17548 16795 16795 17548 16796 16796 17548 16797 16797 17548 16798 16798 17548 16771 16755 17548 16713 16799 17548 16769 16800 17548 16799 16801 17548 16802 16803 17548 16801 16804 17548 16803 16805 17548 16804 16806 17548 16805 16807 17548 16806 16808 17548 16807 16809 17548 16808 16810 17548 16809 16811 17548 16732 16782 17548 16811 16812 17548 16791 16813 17548 16812 16814 17548 16736 16802 17548 16814 16815 17548 16810 16816 17548 16815 16750 17548 16817 16817 17548 16818 16818 17548 16819 16820 17548 16821 16821 17548 16822 16744 17548 16823 16823 17548 16824 16824 17548 16825 16826 17548 16827 16828 17548 16826 16829 17548 16828 16830 17548 16829 16831 17548 16832 16833 17548 16830 16832 17548 16834 16835 17548 16833 16834 17548 16836 16837 17548 16835 16838 17548 16837 16839 17548 16838 16840 17548 16839 16774 17548 16841 16841 17548 16842 16842 17548 16843 16844 17548 16845 16845 17548 16846 16825 17548 16847 16847 17548 16848 16848 17548 16849 16849 17548 16850 16850 17548 16851 16851 17548 16852 16819 17548 16853 16852 17548 16854 16853 17548 16855 16854 17548 16831 16855 17548 16856 16856 17548 16857 16857 17548 16858 16858 17548 16859 16859 17548 16860 16860 17548 16820 16861 17548 16862 16863 17548 16861 16864 17548 16863 16865 17548 16864 16866 17548 16865 16867 17548 16866 16868 17548 16867 16869 17548 16868 16870 17548 16869 16871 17548 16870 16843 17548 16872 16827 17548 16800 16872 17548 16873 16873 17548 16874 16875 17548 16840 16874 17548 16876 16877 17548 16875 16876 17548 16878 16878 17548 16879 16879 17548 16880 16880 17548 16844 16881 17548 16882 16883 17548 16881 16884 17548 16883 16885 17548 16884 16886 17548 16885 16887 17548 16886 16888 17548 16887 16889 17548 16888 16890 17548 16889 16891 17548 16890 16892 17548 16813 16862 17548 16892 16893 17548 16871 16894 17548 16816 16882 17548 16894 16895 17548 16891 16896 17548 16895 16836 17548 16897 16897 17548 16898 16898 17548 16899 16900 17548 16901 16901 17548 16902 16902 17548 16903 16904 17548 16905 16822 17548 16906 16905 17548 16907 16906 17548 16908 16908 17548 16909 16910 17548 16911 16899 17548 16912 16911 17548 16913 16912 17548 16914 16913 17548 16915 16914 17548 16916 16915 17548 16900 16916 17548 16917 16917 17548 16918 16918 17548 16919 16909 17548 16920 16919 17548 16921 16920 17548 16922 16921 17548 16904 16922 17548 16923 16923 17548 16910 16846 17548 16924 16924 17548 16925 16925 17548 16926 16927 17548 16928 16928 17548 16929 16930 17548 16931 16929 17548 16932 16933 17548 16930 16934 17548 16933 16935 17548 16934 16936 17548 16935 16937 17548 16936 16938 17548 16937 16939 17548 16938 16940 17548 16939 16941 17548 16940 16942 17548 16943 16944 17548 16942 16945 17548 16944 16946 17548 16945 16947 17548 16946 16948 17548 16947 16926 17548 16949 16950 17548 16948 16949 17548 16951 16952 17548 16950 16951 17548 16953 16954 17548 16952 16953 17548 16955 16956 17548 16954 16955 17548 16957 16957 17548 16958 16958 17548 16959 16959 17548 16927 16960 17548 16877 16931 17548 16960 16961 17548 16941 16962 17548 16961 16963 17548 16964 16965 17548 16963 16966 17548 16965 16967 17548 16966 16968 17548 16967 16969 17548 16968 16970 17548 16969 16971 17548 16970 16972 17548 16971 16973 17548 16893 16943 17548 16973 16974 17548 16956 16975 17548 16974 16903 17548 16976 16976 17548 16977 16978 17548 16896 16964 17548 16978 16979 17548 16980 16981 17548 16972 16980 17548 16982 16983 17548 16981 16982 17548 16984 16907 17548 16985 16985 17548 16986 16986 17548 16987 16987 17548 16988 16989 17548 16990 16990 17548 16991 16991 17548 16992 16977 17548 16993 16993 17548 16994 16994 17548 16995 16995 17548 16996 16996 17548 16997 16997 17548 16998 16998 17548 16999 16999 17548 16979 17000 17548 17001 17002 17548 17000 17003 17548 17002 17004 17548 17003 17005 17548 17004 17006 17548 17005 16988 17548 17007 17007 17548 17008 17009 17548 17010 17008 17548 17011 17012 17548 17009 17011 17548 17013 17001 17548 17012 17013 17548 17014 17014 17548 17015 17015 17548 16989 17016 17548 17006 17017 17548 17016 17018 17548 17019 17020 17548 17018 16932 17548 17021 17022 17548 17020 17021 17548 17023 17024 17548 17022 17023 17548 17025 17026 17548 17024 17027 17548 17026 17028 17548 17027 17029 17548 17028 17030 17548 17029 17031 17548 17032 17032 17548 17033 17033 17548 17034 17035 17548 16962 17010 17548 17035 17025 17548 17036 17036 17548 17037 17037 17548 17038 17038 17548 17039 17039 17548 17040 17040 17548 17041 17042 17548 16975 17041 17548 17043 17019 17548 17042 17043 17548 17031 17044 17548 17030 17045 17548 17044 17046 17548 17047 17048 17548 17046 17049 17548 17048 17050 17548 17049 17051 17548 17050 17052 17548 17051 17053 17548 17052 17054 17548 17053 17055 17548 17054 17056 17548 17055 17057 17548 16983 17047 17548 17057 17058 17548 17056 17059 17548 17058 16984 17548 17060 17060 17548 17061 17061 17548 17062 16992 17548 17063 17063 17548 17064 17064 17548 17065 17066 17548 17067 17067 17548 17068 17068 17548 17069 17070 17548 17071 17071 17548 17072 17072 17548 17073 17062 17548 17074 17074 17548 17075 17075 17548 17076 17076 17548 17077 17077 17548 17078 17078 17548 17079 17079 17548 17080 17080 17548 17066 17065 17548 17081 17081 17548 17082 17083 17548 17084 17082 17548 17085 17086 17548 17083 17085 17548 17087 17088 17548 17086 17087 17548 17089 17090 17548 17088 17089 17548 17091 17092 17548 17090 17091 17548 17070 17093 17548 17092 17094 17548 17093 17095 17548 17094 17034 17548 17096 17097 17548 17095 17096 17548 17098 17099 17548 17097 17100 17548 17101 17101 17548 17102 17102 17548 17103 17104 17548 17105 17106 17548 17104 17107 17548 17106 17108 17548 17107 17109 17548 17108 17110 17548 17109 17111 17548 17110 17112 17548 17111 17113 17548 17112 17114 17548 17113 17098 17548 17115 17115 17548 17116 17116 17548 17117 17118 17548 17017 17117 17548 17119 17084 17548 17118 17119 17548 17120 17121 17548 17099 17120 17548 17122 17123 17548 17121 17122 17548 17124 17124 17548 17100 17125 17548 17045 17105 17548 17125 17126 17548 17114 17127 17548 17126 17128 17548 17129 17130 17548 17128 17131 17548 17130 17132 17548 17131 17133 17548 17132 17134 17548 17133 17135 17548 17134 17136 17548 17135 17137 17548 17136 17069 17548 17138 17138 17548 17139 17140 17548 17141 17141 17548 17142 17142 17548 17143 17144 17548 17059 17129 17548 17144 17145 17548 17137 17146 17548 17145 17139 17548 17147 17147 17548 17148 17148 17548 17149 17149 17548 17150 17150 17548 17151 17151 17548 17152 17152 17548 17153 17153 17548 17140 17154 17548 17155 17156 17548 17154 17157 17548 17156 17158 17548 17157 17159 17548 17158 17160 17548 17159 17161 17548 17160 17162 17548 17161 17163 17548 17162 17073 17548 17164 17165 17548 17163 17164 17548 17166 17166 17548 17167 17168 17548 17169 17169 17548 17170 17170 17548 17171 17172 17548 17173 17173 17548 17174 17174 17548 17175 17103 17548 17176 17176 17548 17177 17177 17548 17178 17167 17548 17179 17155 17548 17123 17179 17548 17180 17180 17548 17181 17182 17548 17165 17181 17548 17183 17184 17548 17182 17183 17548 17185 17185 17548 17186 17186 17548 17187 17187 17548 17168 17188 17548 17189 17190 17548 17188 17191 17548 17190 17192 17548 17191 17193 17548 17192 17194 17548 17193 17195 17548 17194 17196 17548 17195 17197 17548 17196 17198 17548 17172 17178 17548 17199 17199 17548 17200 17200 17548 17201 17201 17548 17202 17202 17548 17203 17203 17548 17198 17204 17548 17127 17189 17548 17204 17205 17548 17197 17206 17548 17205 17207 17548 17208 17209 17548 17207 17210 17548 17209 17211 17548 17210 17212 17548 17211 17213 17548 17212 17214 17548 17213 17215 17548 17214 17216 17548 17215 17217 17548 17216 17218 17548 17146 17208 17548 17218 17143 17548 17219 17220 17548 17217 17219 17548 17221 17222 17548 17220 17221 17548 17223 17171 17548 17224 17224 17548 17225 17226 17548 17227 17225 17548 17228 17227 17548 17229 17230 17548 17231 17231 17548 17232 17232 17548 17233 17223 17548 17234 17234 17548 17235 17235 17548 17236 17236 17548 17237 17237 17548 17238 17238 17548 17239 17239 17548 17240 17240 17548 17226 17241 17548 17242 17243 17548 17241 17244 17548 17243 17228 17548 17245 17246 17548 17244 17245 17548 17247 17248 17548 17246 17247 17548 17249 17250 17548 17248 17249 17548 17251 17252 17548 17250 17251 17548 17253 17254 17548 17252 17253 17548 17255 17256 17548 17254 17255 17548 17230 17175 17548 17257 17258 17548 17256 17257 17548 17259 17259 17548 17260 17261 17548 17262 17262 17548 17263 17263 17548 17264 17265 17548 17266 17267 17548 17265 17268 17548 17267 17269 17548 17268 17270 17548 17269 17271 17548 17270 17272 17548 17271 17273 17548 17272 17274 17548 17273 17275 17548 17274 17276 17548 17184 17242 17548 17276 17260 17548 17277 17277 17548 17278 17279 17548 17258 17278 17548 17280 17281 17548 17279 17280 17548 17282 17282 17548 17283 17283 17548 17284 17284 17548 17285 17285 17548 17261 17286 17548 17287 17288 17548 17286 17289 17548 17288 17290 17548 17206 17266 17548 17290 17291 17548 17275 17292 17548 17291 17293 17548 17294 17295 17548 17293 17296 17548 17295 17297 17548 17296 17298 17548 17297 17287 17548 17298 17229 17548 17299 17299 17548 17300 17300 17548 17301 17302 17548 17289 17303 17548 17302 17304 17548 17305 17305 17548 17306 17306 17548 17307 17308 17548 17222 17294 17548 17308 17233 17548 17309 17309 17548 17310 17310 17548 17311 17301 17548 17312 17312 17548 17313 17313 17548 17314 17314 17548 17315 17315 17548 17316 17317 17548 17318 17316 17548 17319 17318 17548 17320 17319 17548 17321 17320 17548 17322 17321 17548 17304 17311 17548 17323 17323 17548 17324 17325 17548 17326 17324 17548 17327 17328 17548 17325 17327 17548 17329 17330 17548 17328 17329 17548 17331 17332 17548 17330 17331 17548 17333 17333 17548 17334 17335 17548 17332 17334 17548 17317 17336 17548 17335 17337 17548 17336 17338 17548 17337 17339 17548 17338 17340 17548 17339 17264 17548 17341 17341 17548 17342 17342 17548 17343 17344 17548 17345 17345 17548 17346 17346 17548 17347 17348 17548 17349 17350 17548 17348 17351 17548 17350 17352 17548 17351 17353 17548 17354 17355 17548 17352 17356 17548 17353 17357 17548 17355 17358 17548 17356 17359 17548 17357 17360 17548 17358 17361 17548 17359 17362 17548 17360 17363 17548 17361 17364 17548 17362 17365 17548 17364 17326 17548 17281 17366 17548 17365 17367 17548 17366 17368 17548 17340 17343 17548 17369 17370 17548 17292 17369 17548 17371 17349 17548 17370 17371 17548 17372 17373 17548 17363 17372 17548 17374 17375 17548 17373 17374 17548 17376 17376 17548 17377 17377 17548 17378 17378 17548 17344 17379 17548 17303 17354 17548 17379 17380 17548 17367 17381 17548 17380 17307 17548 17382 17382 17548 17383 17383 17548 17384 17322 17548 17385 17386 17548 17387 17385 17548 17388 17387 17548 17389 17388 17548 17390 17391 17548 17392 17392 17548 17393 17393 17548 17394 17395 17548 17396 17397 17548 17395 17398 17548 17397 17399 17548 17398 17400 17548 17399 17401 17548 17400 17402 17548 17401 17403 17548 17402 17404 17548 17403 17405 17548 17404 17390 17548 17406 17406 17548 17407 17407 17548 17408 17408 17548 17409 17409 17548 17410 17410 17548 17411 17411 17548 17391 17384 17548 17412 17412 17548 17413 17413 17548 17414 17414 17548 17415 17415 17548 17416 17416 17548 17417 17417 17548 17418 17418 17548 17386 17347 17548 17419 17419 17548 17420 17421 17548 17422 17422 17548 17423 17424 17548 17368 17423 17548 17425 17396 17548 17424 17426 17548 17405 17427 17548 17428 17429 17548 17427 17430 17548 17431 17432 17548 17429 17433 17548 17432 17434 17548 17430 17435 17548 17433 17436 17548 17434 17437 17548 17435 17438 17548 17437 17439 17548 17436 17440 17548 17438 17441 17548 17439 17442 17548 17440 17443 17548 17441 17444 17548 17443 17445 17548 17444 17446 17548 17445 17447 17548 17446 17420 17548 17448 17448 17548 17449 17449 17548 17450 17450 17548 17451 17451 17548 17452 17452 17548 17453 17453 17548 17454 17454 17548 17421 17455 17548 17381 17456 17548 17375 17428 17548 17455 17431 17548 17456 17457 17548 17442 17458 17548 17457 17459 17548 17447 17460 17548 17459 17389 17548 17461 17461 17548 17462 17462 17548 17463 17464 17548 17465 17465 17548 17466 17467 17548 17468 17469 17548 17467 17470 17548 17469 17471 17548 17470 17472 17548 17471 17473 17548 17472 17474 17548 17473 17475 17548 17474 17476 17548 17475 17477 17548 17476 17478 17548 17479 17479 17548 17480 17480 17548 17481 17394 17548 17482 17482 17548 17483 17483 17548 17484 17463 17548 17485 17485 17548 17486 17486 17548 17487 17487 17548 17488 17488 17548 17489 17489 17548 17490 17490 17548 17491 17491 17548 17464 17425 17548 17492 17492 17548 17493 17494 17548 17495 17495 17548 17496 17496 17548 17497 17497 17548 17478 17484 17548 17498 17498 17548 17499 17499 17548 17500 17500 17548 17494 17501 17548 17502 17502 17548 17503 17503 17548 17504 17505 17548 17426 17468 17548 17505 17506 17548 17507 17508 17548 17477 17509 17548 17506 17510 17548 17509 17511 17548 17510 17512 17548 17511 17513 17548 17512 17514 17548 17513 17515 17548 17514 17516 17548 17517 17518 17548 17515 17519 17548 17516 17520 17548 17519 17521 17548 17520 17522 17548 17521 17523 17548 17522 17524 17548 17523 15536 17548 17524 17493 17548 17525 17525 17548 17526 17526 17548 17527 17527 17548 17528 17528 17548 17529 17529 17548 17530 17530 17548 17531 17531 17548 17501 17532 17548 17460 17517 17548 17532 17533 17548 17458 17507 17548 17533 17534 17548 17518 17535 17548 17534 17481 17548 17536 17536 17548 17537 17538 17548 17539 17539 17548 17540 17540 17548 17541 17542 17548 17543 17543 17548 17544 17545 17548 17546 17546 17548 17547 17466 17548 17542 17537 17548 17549 17549 17548 17550 17550 17548 17551 17552 17548 17553 17551 17548 17554 17555 17548 17552 17554 17548 17556 17557 17548 17555 17556 17548 17558 17559 17548 17557 17558 17548 17560 17561 17548 17559 17560 17548 17538 17562 17548 17561 17563 17548 17562 17564 17548 17563 17565 17548 17564 17566 17548 17565 17544 17548 17567 17567 17548 17568 17568 17548 17569 17569 17548 17570 17570 17548 17571 17571 17548 17572 17572 17548 17573 17573 17548 17545 17504 17548 17574 17574 17548 17575 17576 17548 17577 17577 17548 17578 17578 17548 17579 17580 17548 17581 17582 17548 17580 17583 17548 17582 17584 17548 17583 17585 17548 17584 17586 17548 17585 17587 17548 17586 17588 17548 17587 17589 17548 17588 17590 17548 17589 17591 17548 17508 17553 17548 17591 17592 17548 17566 17593 17548 17592 17575 17548 17594 17594 17548 17595 17595 17548 17596 17596 17548 17597 17597 17548 17598 17598 17548 17599 17599 17548 17600 17600 17548 17576 17541 17548 17601 17601 17548 17602 17581 17548 17535 17602 17548 17603 17604 17548 17590 17605 17548 17604 17606 17548 17607 17607 17548 17608 17608 17548 17609 17603 17548 17610 17610 17548 17611 17611 17548 17612 17612 17548 17613 17613 17548 17614 17614 17548 17615 17615 17548 17616 17616 17548 17606 17547 17548 17617 17617 17548 17618 17618 17548 17619 17620 17548 17621 17621 17548 17622 17623 17548 17624 17625 17548 17623 17626 17548 17625 17627 17548 17626 17628 17548 17627 17629 17548 17628 17630 17548 17629 17631 17548 17630 17632 17548 17631 17633 17548 17632 17619 17548 17634 17634 17548 17635 17635 17548 17636 17636 17548 17637 17609 17548 17638 17637 17548 17639 17638 17548 17640 17579 17548 17641 17639 17548 17642 17641 17548 17643 17642 17548 17644 17644 17548 17620 17645 17548 17646 17646 17548 17647 17648 17548 17649 17647 17548 17650 17649 17548 17651 17651 17548 17652 17653 17548 17654 17655 17548 17653 17656 17548 17655 17624 17548 17593 17657 17548 17656 17658 17548 17633 17659 17548 17657 17660 17548 17659 17661 17548 17660 17662 17548 17658 17663 17548 17661 17664 17548 17663 17665 17548 17664 17640 17548 17666 17666 17548 17667 17667 17548 17668 17668 17548 17669 17669 17548 17670 17670 17548 17671 17671 17548 17672 17672 17548 17645 17643 17548 17673 17673 17548 17674 17674 17548 17675 17675 17548 17676 17676 17548 17677 17677 17548 17678 17678 17548 17679 17679 17548 17648 17650 17548 17680 17680 17548 17681 17654 17548 17605 17682 17548 17665 17683 17548 17684 17684 17548 17685 17685 17548 17686 17681 17548 17687 17622 17548 17688 17687 17548 17689 17688 17548 17690 17689 17548 17691 17690 17548 17692 17691 17548 17693 17693 17548 17694 17694 17548 17695 17695 17548 17696 17696 17548 17683 17697 17548 17698 17698 17548 17699 17700 17548 17701 17702 17548 17700 17703 17548 17702 17704 17548 17703 17705 17548 17704 17706 17548 17705 17707 17548 17706 17708 17548 17707 17709 17548 17708 17710 17548 17709 17686 17548 17711 17711 17548 17712 17713 17548 17714 17714 17548 17715 17715 17548 17716 17692 17548 17717 17717 17548 17718 17712 17548 17719 17718 17548 17720 17719 17548 17721 17720 17548 17722 17721 17548 17723 17722 17548 17724 17723 17548 17725 17652 17548 17726 17724 17548 17727 17725 17548 17728 17726 17548 17729 17727 17548 17730 17728 17548 17731 17730 17548 17697 17731 17548 17732 17732 17548 17713 17701 17548 17662 17733 17548 17734 17735 17548 17710 17734 17548 17736 17737 17548 17735 17738 17548 17739 17740 17548 17738 17741 17548 17740 17742 17548 17741 17743 17548 17742 17744 17548 17743 17745 17548 17744 17746 17548 17745 17747 17548 17746 17748 17548 17747 17729 17548 17749 17716 17548 17750 17749 17548 17751 17750 17548 17752 17751 17548 17753 17752 17548 17754 17753 17548 17755 17755 17548 17756 17756 17548 17757 17757 17548 17758 17758 17548 17733 17759 17548 17760 17760 17548 17761 17761 17548 17762 17754 17548 17763 17763 17548 17764 17764 17548 17765 17765 17548 17766 17766 17548 17767 17767 17548 17768 17768 17548 17769 17769 17548 17759 17770 17548 17682 17739 17548 17770 17771 17548 17748 17772 17548 17771 17699 17548 17773 17773 17548 17774 17774 17548 17775 17776 17548 17777 17777 17548 17778 17762 17548 17779 17778 17548 17780 17779 17548 17781 17781 17548 17782 17783 17548 17784 17784 17548 15797 17782 17548 17785 17785 17548 17786 17786 17548 17787 17787 17548 17788 17788 17548 17789 17789 17548 17790 17790 17548 17783 17775 17548 17791 17791 17548 17792 17792 17548 17793 17793 17548 17794 17794 17548 17795 17795 17548 17796 17796 17548 17797 17797 17548 17776 17798 17548 17799 17800 17548 17798 17801 17548 17800 17802 17548 17801 17803 17548 17802 17804 17548 17803 17805 17548 17804 17806 17548 17805 17807 17548 17806 17808 17548 17807 17809 17548 17810 17810 17548 17811 17736 17548 17812 17812 17548 17813 17813 17548 17814 17815 17548 17816 17817 17548 17815 17818 17548 17817 17819 17548 17818 17820 17548 17819 17821 17548 17820 17822 17548 17821 17823 17548 17822 17824 17548 17737 17825 17548 17823 17799 17548 17824 17826 17548 17808 17827 17548 17826 17828 17548 17829 17829 17548 17830 17830 17548 17831 17831 17548 17832 17832 17548 17833 17833 17548 17809 17814 17548 17834 17834 17548 17828 17835 17548 17772 17816 17548 17835 17836 17548 17825 17837 17548 17836 17780 17548 17838 17838 17548 17839 17840 17548 17841 17841 17548 17842 17842 17548 17843 17839 17548 17844 17844 17548 17845 17845 17548 17846 17846 17548 17847 17847 17548 17848 17848 17548 17849 17849 17548 17850 17850 17548 17840 17851 17548 17852 17853 17548 17851 17811 17548 17854 17855 17548 17853 17854 17548 17856 17857 17548 17855 17856 17548 17858 17859 17548 17857 17860 17548 17859 17861 17548 17860 17862 17548 17861 17863 17548 17862 17864 17548 17863 17865 17548 17866 17866 17548 17867 17867 17548 17868 17869 17548 17870 17871 17548 17869 17872 17548 17871 17873 17548 17872 17874 17548 17873 17875 17548 17874 17876 17548 17877 17878 17548 17876 17870 17548 17878 17879 17548 17827 17852 17548 17879 17880 17548 17864 17858 17548 17881 17881 17548 17882 17882 17548 17883 17883 17548 17884 17884 17548 17885 17885 17548 17886 17886 17548 17887 17887 17548 17865 17888 17548 17875 17889 17548 17888 17890 17548 17837 17877 17548 17890 17843 17548 17891 17891 17548 17892 17892 17548 17893 17894 17548 17895 17895 17548 17896 17896 17548 17897 17893 17548 17898 17898 17548 17899 17899 17548 17900 17900 17548 17901 17901 17548 17902 17902 17548 17903 17903 17548 17904 17904 17548 17894 17868 17548 17905 17905 17548 17906 17907 17548 17908 17908 17548 17909 17909 17548 17910 17911 17548 17912 17913 17548 17911 17914 17548 17913 17915 17548 17914 17916 17548 17915 17917 17548 17918 17919 17548 17916 17920 17548 17917 17921 17548 17919 17922 17548 17920 17923 17548 17922 17924 17548 17921 17925 17548 17923 17926 17548 17924 17927 17548 17925 17928 17548 17926 17929 17548 17927 17930 17548 17929 17931 17548 17930 17906 17548 17932 17932 17548 17933 17934 17548 17880 17933 17548 17935 17912 17548 17934 17935 17548 17936 17936 17548 17937 17938 17548 17928 17939 17548 17938 17937 17548 17940 17940 17548 17941 17941 17548 17907 17942 17548 17889 17918 17548 17942 17943 17548 17931 17944 17548 17943 17897 17548 17945 17945 17548 17946 17946 17548 17947 17948 17548 17949 17949 17548 17950 17910 17548 17951 17951 17548 17952 17953 17548 17954 17954 17548 17955 17955 17548 17956 17957 17548 17958 17959 17548 17957 17960 17548 17959 17961 17548 17962 17963 17548 17960 17964 17548 17961 17965 17548 17963 17966 17548 17964 17967 17548 17966 17968 17548 17965 17969 17548 17967 17970 17548 17968 17971 17548 17969 17972 17548 17970 17973 17548 17971 17974 17548 17972 17975 17548 17973 17976 17548 17974 17977 17548 17975 17978 17548 17977 17947 17548 17979 17979 17548 17980 17980 17548 17981 17981 17548 17982 17982 17548 17983 17983 17548 17984 17984 17548 17985 17985 17548 17948 17952 17548 17986 17986 17548 17987 17987 17548 17988 17988 17548 17989 17989 17548 17990 17990 17548 17991 17991 17548 17992 17992 17548 17953 17962 17548 17944 17993 17548 17978 17958 17548 17939 17994 17548 17976 17995 17548 17994 17996 17548 17997 17997 17548 17998 17998 17548 17999 17950 17548 18000 18000 17548 18001 18001 17548 18002 17956 17548 18003 18003 17548 18004 18005 17548 18006 18007 17548 18008 18006 17548 17996 18008 17548 18009 18009 17548 18010 18002 17548 18011 18011 17548 18012 18012 17548 18013 18013 17548 18014 18014 17548 18015 18015 17548 18005 18016 17548 18017 18018 17548 18016 18019 17548 18018 18020 17548 18019 18021 17548 18020 18022 17548 18021 18023 17548 18022 18024 17548 18023 18025 17548 18024 18026 17548 18025 18027 17548 18028 18029 17548 18027 18030 17548 18029 18031 17548 18030 18032 17548 18031 18033 17548 18032 18034 17548 18033 18035 17548 18034 18036 17548 18035 18037 17548 18036 18004 17548 18038 18038 17548 18039 18039 17548 18040 18040 17548 18041 18041 17548 18042 18042 17548 18043 18043 17548 18044 18044 17548 18007 18045 17548 17993 18017 17548 18045 18046 17548 18026 18047 17548 18046 18048 17548 17995 18028 17548 18048 18049 17548 18037 17999 17548 18050 18050 17548 18051 18052 17548 18053 18053 17548 18054 18054 17548 18055 18051 17548 18056 18056 17548 18057 18057 17548 18058 18058 17548 18059 18059 17548 18060 18060 17548 18061 18061 17548 18062 18062 17548 18052 18063 17548 18064 18065 17548 18063 18066 17548 18065 18010 17548 18067 18068 17548 18066 18067 17548 18069 18070 17548 18071 18071 17548 18072 18073 17548 18074 18075 17548 18076 18077 17548 18073 18078 17548 18075 18079 17548 18077 18080 17548 18078 18081 17548 18079 18082 17548 18080 18083 17548 18081 18084 17548 18082 18085 17548 18083 18064 17548 18084 18086 17548 18085 18087 17548 18086 18088 17548 18087 18089 17548 18088 18090 17548 18068 18091 17548 18090 18069 17548 18092 18092 17548 18093 18093 17548 18094 18094 17548 18095 18095 17548 18096 18096 17548 18097 18097 17548 18098 18098 17548 18070 18099 17548 18049 18076 17548 18099 18074 17548 18047 18100 17548 18089 18101 17548 18100 18055 17548 18102 18102 17548 18103 18103 17548 18104 18105 17548 18106 18106 17548 18107 18072 17548 18108 18108 17548 18109 18109 17548 18110 18111 17548 18112 18112 17548 18113 18114 17548 18115 18116 17548 18114 18117 17548 18116 18118 17548 18117 18119 17548 18118 18120 17548 18119 18121 17548 18120 18122 17548 18121 18123 17548 18122 18124 17548 18123 18110 17548 18125 18125 17548 18126 18126 17548 18127 18127 17548 18128 18128 17548 18129 18129 17548 18130 18104 17548 18131 18130 17548 18132 18131 17548 18133 18132 17548 18111 18133 17548 18134 18134 17548 18135 18135 17548 18136 18136 17548 18137 18137 17548 18138 18138 17548 18105 18139 17548 18140 18141 17548 18139 18142 17548 18141 18143 17548 18142 18144 17548 18143 18145 17548 18144 18146 17548 18145 18147 17548 18146 18148 17548 18147 18149 17548 18148 18115 17548 18091 18150 17548 18124 18151 17548 18101 18140 17548 18151 18152 17548 18149 18153 17548 18152 18113 17548 18154 18107 17548 18155 18154 17548 18156 18155 17548 18157 18156 17548 18158 18157 17548 18159 18160 17548 18161 18162 17548 18163 18161 17548 18164 18163 17548 18165 18164 17548 18166 18165 17548 18167 18168 17548 18169 18170 17548 18168 18171 17548 18170 18172 17548 18171 18173 17548 18172 18174 17548 18173 18175 17548 18174 18176 17548 18175 18177 17548 18176 18178 17548 18177 18158 17548 18179 18179 17548 18180 18180 17548 18181 18181 17548 18182 18182 17548 18183 18183 17548 18184 18184 17548 18185 18185 17548 18160 18186 17548 18187 18188 17548 18186 18159 17548 18189 18190 17548 18188 18189 17548 18191 18192 17548 18190 18191 17548 18193 18194 17548 18192 18193 17548 18195 18196 17548 18194 18195 17548 18197 18198 17548 18196 18197 17548 18199 18200 17548 18198 18199 17548 18201 18202 17548 18200 18201 17548 18162 18203 17548 18150 18169 17548 18203 18204 17548 18178 18205 17548 18204 18206 17548 18153 18187 17548 18206 18207 17548 18202 18208 17548 18207 18167 17548 18209 18209 17548 18210 18211 17548 18212 18212 17548 18213 18213 17548 18214 18215 17548 18216 18216 17548 18217 18218 17548 18219 18219 17548 18220 18220 17548 18221 18210 17548 18222 18222 17548 18223 18166 17548 18215 18223 17548 18224 18224 17548 18225 18225 17548 18226 18226 17548 18227 18227 17548 18228 18228 17548 18211 18229 17548 18230 18231 17548 18229 18232 17548 18231 18233 17548 18234 18235 17548 18232 18236 17548 18233 18237 17548 18235 18238 17548 18236 18239 17548 18237 18240 17548 18238 18241 17548 18239 18242 17548 18240 18243 17548 18241 18244 17548 18242 18245 17548 18243 18246 17548 18244 18247 17548 18245 18248 17548 18246 18249 17548 18248 18250 17548 18249 18217 17548 18251 18251 17548 18252 18252 17548 18253 18253 17548 18254 18254 17548 18255 18255 17548 18256 18256 17548 18257 18257 17548 18218 18258 17548 18205 18230 17548 18258 18259 17548 18247 18234 17548 18208 18260 17548 18250 18261 17548 18260 18214 17548 18262 18262 17548 18263 18264 17548 18265 18265 17548 18266 18266 17548 18267 18263 17548 18268 18268 17548 18269 18269 17548 18270 18270 17548 18271 18221 17548 18272 18271 17548 18273 18272 17548 18274 18273 17548 18275 18275 17548 18276 18276 17548 18264 18277 17548 18278 18279 17548 18280 18278 17548 18281 18282 17548 18279 18281 17548 18283 18284 17548 18282 18285 17548 18284 18286 17548 18285 18287 17548 18286 18288 17548 18287 18289 17548 18290 18291 17548 18288 18292 17548 18289 18293 17548 18291 18294 17548 18292 18295 17548 18293 18296 17548 18294 18297 17548 18296 18298 17548 18297 18299 17548 18298 18300 17548 18299 18301 17548 18300 18302 17548 18301 18274 17548 18303 18303 17548 18304 18304 17548 18305 18305 17548 18306 18306 17548 18307 18307 17548 18308 18308 17548 18309 18309 17548 18277 18310 17548 18302 18311 17548 18310 18312 17548 18259 18280 17548 18312 18313 17548 18295 18314 17548 18313 18290 17548 18261 18267 17548 18315 18315 17548 18316 18316 17548 18317 18318 17548 18319 18319 17548 18320 18320 17548 18321 18283 17548 18322 18322 17548 18323 18324 17548 18325 18325 17548 18326 18327 17548 18328 18329 17548 18327 18330 17548 18329 18331 17548 18330 18332 17548 18331 18333 17548 18332 18334 17548 18333 18335 17548 18334 18336 17548 18335 18323 17548 18337 18338 17548 18336 18337 17548 18339 18339 17548 18340 18340 17548 18341 18341 17548 18342 18342 17548 18343 18343 17548 18344 18344 17548 18324 18317 17548 18345 18346 17548 18347 18345 17548 18348 18349 17548 18346 18348 17548 18350 18351 17548 18349 18350 17548 18352 18353 17548 18351 18352 17548 18354 18355 17548 18353 18354 17548 18356 18357 17548 18355 18356 17548 18358 18359 17548 18357 18358 17548 18318 18360 17548 18359 18361 17548 18360 18362 17548 18361 18328 17548 18314 18363 17548 18338 18364 17548 18363 18365 17548 18311 18347 17548 18365 18366 17548 18362 18367 17548 18366 18321 17548 18368 18368 17548 18369 18370 17548 18371 18371 17548 18372 18372 17548 18373 18326 17548 18374 18374 17548 18375 18375 17548 18376 18377 17548 18378 18378 17548 18379 18379 17548 18380 18376 17548 18381 18381 17548 18382 18369 17548 18383 18382 17548 18384 18383 17548 18385 18384 17548 18386 18385 17548 18387 18386 17548 18388 18387 17548 18389 18388 17548 18390 18389 17548 18391 18390 17548 18392 18391 17548 18393 18392 17548 18377 18393 17548 18394 18394 17548 18370 18395 17548 18396 18397 17548 18395 18398 17548 18397 18399 17548 18398 18400 17548 18399 18401 17548 18400 18402 17548 18401 18403 17548 18402 18404 17548 18403 18405 17548 18404 18406 17548 18407 18408 17548 18406 18409 17548 18408 18410 17548 18409 18411 17548 18410 18412 17548 18411 18413 17548 18412 18414 17548 18413 18415 17548 18414 18416 17548 18415 18396 17548 18367 18417 17548 18405 18418 17548 18417 18419 17548 18364 18407 17548 18419 18420 17548 18416 18421 17548 18422 18422 17548 18423 18423 17548 18424 18373 17548 18425 18425 17548 18426 18427 17548 18428 18428 17548 18429 18429 17548 18430 18430 17548 18431 18431 17548 18432 18432 17548 18433 18433 17548 18421 18380 17548 18434 18434 17548 18435 18426 17548 18427 18435 17548 18436 18437 17548 18438 18438 17548 18439 18439 17548 18440 18441 17548 18442 18443 17548 18441 18444 17548 18443 18445 17548 18446 18447 17548 18445 18448 17548 18444 18449 17548 18447 18450 17548 18448 18451 17548 18449 18452 17548 18450 18453 17548 18451 18454 17548 18452 18455 17548 18453 18456 17548 18454 18457 17548 18455 18458 17548 18456 18459 17548 18457 18460 17548 18458 18461 17548 18459 18462 17548 18461 18436 17548 18463 18463 17548 18464 18464 17548 18465 18465 17548 18466 18466 17548 18467 18467 17548 18468 18468 17548 18469 18469 17548 18437 18470 17548 18420 18442 17548 18470 18446 17548 18418 18471 17548 18460 18472 17548 18462 18473 17548 18471 18424 17548 18474 18474 17548 18475 18475 17548 18476 18477 17548 18478 18478 17548 18479 18479 17548 18480 18481 17548 18482 18483 17548 18481 18484 17548 18483 18485 17548 18484 18486 17548 18485 18487 17548 18486 18440 17548 18488 18489 17548 18487 18488 17548 18490 18491 17548 18489 18492 17548 18491 18493 17548 18494 18494 17548 18495 18495 17548 18496 18482 17548 18497 18498 17548 18499 18500 17548 18498 18501 17548 18500 18502 17548 18501 18503 17548 18502 18504 17548 18503 18505 17548 18504 18506 17548 18505 18507 17548 18506 18508 17548 18507 18476 17548 18509 18509 17548 18510 18510 17548 18511 18511 17548 18512 18512 17548 18513 18513 17548 18514 18514 17548 18515 18515 17548 18477 18516 17548 18492 18517 17548 18516 18490 17548 18518 18518 17548 18519 18519 17548 18520 18520 17548 18521 18521 17548 18522 18522 17548 18523 18523 17548 18524 18524 17548 18493 18497 17548 18473 18525 17548 18472 18499 17548 18525 18526 17548 18508 18480 17548 18527 18527 17548 18528 18529 17548 18530 18530 17548 18531 18531 17548 18532 18533 17548 18534 18535 17548 18533 18536 17548 18535 18537 17548 18536 18538 17548 18537 18539 17548 18538 18540 17548 18539 18541 17548 18540 18496 17548 18542 18543 17548 18541 18542 17548 18544 18545 17548 18543 18546 17548 18547 18547 17548 18548 18549 17548 18550 18551 17548 18549 18552 17548 18551 18553 17548 18552 18554 17548 18553 18555 17548 18554 18556 17548 18555 18557 17548 18556 18558 17548 18557 18559 17548 18558 18528 17548 18560 18560 17548 18561 18561 17548 18562 18562 17548 18563 18563 17548 18564 18564 17548 18565 18565 17548 18566 18566 17548 18529 18544 17548 18567 18567 17548 18568 18568 17548 18569 18569 17548 18570 18570 17548 18571 18571 17548 18572 18572 17548 18573 18573 17548 18546 18534 17548 18517 18574 17548 18545 18575 17548 18574 18576 17548 18526 18550 17548 18576 18577 17548 18559 18578 17548 18577 18532 17548 18579 18579 17548 18580 18581 17548 18582 18582 17548 18583 18583 17548 18584 18585 17548 18586 18587 17548 18585 18588 17548 18587 18589 17548 18588 18590 17548 18589 18591 17548 18590 18592 17548 18591 18593 17548 18594 18595 17548 18592 18596 17548 18595 18594 17548 18597 18598 17548 18596 18548 17548 18599 18599 17548 18600 18600 17548 18601 18602 17548 18603 18604 17548 18602 18605 17548 18604 18606 17548 18605 18607 17548 18606 18608 17548 18607 18609 17548 18608 18610 17548 18609 18611 17548 18610 18612 17548 18611 18580 17548 18613 18613 17548 18614 18614 17548 18615 18615 17548 18616 18616 17548 18617 18617 17548 18618 18618 17548 18619 18619 17548 18581 18620 17548 18593 18601 17548 18621 18621 17548 18622 18622 17548 18623 18623 17548 18624 18624 17548 18625 18625 17548 18626 18626 17548 18620 18586 17548 18575 18627 17548 18598 18603 17548 18578 18628 17548 18612 18629 17548 18628 18584 17548 18630 18630 17548 18631 18631 17548 18632 18633 17548 18634 18634 17548 18635 18635 17548 18636 18637 17548 18638 18639 17548 18637 18640 17548 18639 18641 17548 18640 18642 17548 18641 18643 17548 18642 18597 17548 18644 18645 17548 18643 18644 17548 18646 18647 17548 18645 18646 17548 18648 18649 17548 18647 18650 17548 18649 18651 17548 18652 18652 17548 18653 18653 17548 18654 18655 17548 18656 18657 17548 18658 18659 17548 18657 18660 17548 18659 18661 17548 18660 18662 17548 18661 18663 17548 18662 18664 17548 18663 18665 17548 18664 18656 17548 18665 18632 17548 18666 18666 17548 18667 18667 17548 18668 18668 17548 18669 18669 17548 18670 18670 17548 18671 18671 17548 18633 18672 17548 18627 18638 17548 18672 18673 17548 18650 18648 17548 18674 18674 17548 18675 18675 17548 18676 18676 17548 18677 18677 17548 18678 18678 17548 18679 18679 17548 18680 18680 17548 18651 18681 17548 18655 18682 17548 18681 18658 17548 18629 18636 17548 18683 18683 17548 18684 18685 17548 18686 18686 17548 18687 18687 17548 18688 18689 17548 18690 18691 17548 18689 18692 17548 18691 18693 17548 18692 18694 17548 18693 18654 17548 18695 18696 17548 18694 18695 17548 18697 18698 17548 18696 18699 17548 18698 18700 17548 18699 18701 17548 18700 18702 17548 18703 18703 17548 18704 18704 17548 18705 18706 17548 18707 18708 17548 18706 18709 17548 18708 18710 17548 18709 18711 17548 18710 18712 17548 18711 18713 17548 18712 18714 17548 18713 18715 17548 18714 18716 17548 18715 18684 17548 18717 18717 17548 18718 18718 17548 18719 18719 17548 18720 18720 17548 18721 18721 17548 18722 18722 17548 18723 18723 17548 18685 18724 17548 18673 18690 17548 18724 18725 17548 18701 18697 17548 18726 18726 17548 18727 18727 17548 18728 18728 17548 18729 18729 17548 18730 18730 17548 18731 18731 17548 18732 18732 17548 18702 18707 17548 18682 18733 17548 18716 18688 17548 18734 18734 17548 18735 18736 17548 18737 18737 17548 18738 18705 17548 18739 18740 17548 18741 18739 17548 18742 18743 17548 18740 18744 17548 18743 18745 17548 18744 18746 17548 18745 18747 17548 18746 18748 17548 18747 18749 17548 18748 18750 17548 18751 18752 17548 18749 18751 17548 18753 18754 17548 18752 18753 17548 18755 18756 17548 18757 18758 17548 18756 18759 17548 18758 18760 17548 18759 18761 17548 18760 18762 17548 18761 18763 17548 18762 18764 17548 18763 18765 17548 18764 18766 17548 18765 18735 17548 18767 18767 17548 18768 18768 17548 18769 18769 17548 18770 18770 17548 18771 18771 17548 18772 18772 17548 18773 18773 17548 18736 18774 17548 18725 18741 17548 18774 18742 17548 18775 18775 17548 18776 18777 17548 18754 18776 17548 18778 18779 17548 18777 18778 17548 18780 18780 17548 18781 18781 17548 18782 18782 17548 18783 18783 17548 18750 18784 17548 18733 18757 17548 18784 18785 17548 18766 18786 17548 18787 18738 17548 18788 18788 17548 18789 18789 17548 18790 18791 17548 18792 18792 17548 18786 18755 17548 18793 18794 17548 18795 18793 17548 18796 18797 17548 18794 18798 17548 18797 18799 17548 18798 18800 17548 18799 18801 17548 18800 18802 17548 18801 18803 17548 18802 18804 17548 18803 18805 17548 18806 18807 17548 18804 18806 17548 18808 18790 17548 18809 18809 17548 18810 18810 17548 18811 18812 17548 18813 18811 17548 18814 18815 17548 18812 18814 17548 18816 18817 17548 18815 18816 17548 18818 18819 17548 18817 18818 17548 18820 18821 17548 18819 18820 17548 18791 18822 17548 18821 18823 17548 18822 18824 17548 18823 18825 17548 18824 18826 17548 18825 18795 17548 18779 18827 17548 18807 18828 17548 18827 18796 17548 18829 18829 17548 18830 18830 17548 18831 18831 17548 18832 18832 17548 18833 18833 17548 18834 18834 17548 18835 18835 17548 18805 18836 17548 18785 18813 17548 18836 18837 17548 18826 18838 17548 18837 18787 17548 18839 18839 17548 18840 18841 17548 18842 18842 17548 18843 18843 17548 18844 18845 17548 18846 18808 17548 18847 18848 17548 18845 18847 17548 18849 18850 17548 18848 18849 17548 18851 18852 17548 18850 18853 17548 18852 18854 17548 18853 18855 17548 18854 18856 17548 18855 18857 17548 18856 18858 17548 18857 18859 17548 18860 18860 17548 18861 18861 17548 18862 18840 17548 18863 18863 17548 18864 18864 17548 18865 18865 17548 18866 18866 17548 18867 18867 17548 18868 18868 17548 18869 18869 17548 18841 18870 17548 18871 18851 17548 18872 18872 17548 18873 18873 17548 18874 18874 17548 18875 18875 17548 18876 18876 17548 18877 18877 17548 18878 18878 17548 18859 18879 17548 18880 18881 17548 18879 18882 17548 18881 18883 17548 18882 18884 17548 18883 18885 17548 18884 18886 17548 18885 18887 17548 18886 18888 17548 18887 18889 17548 18888 18846 17548 18828 18871 17548 18858 18890 17548 18838 18880 17548 18890 18891 17548 18889 18892 17548 18891 18844 17548 18893 18893 17548 18894 18894 17548 18895 18896 17548 18897 18897 17548 18898 18898 17548 18899 18862 17548 18900 18901 17548 18902 18903 17548 18901 18900 17548 18904 18905 17548 18903 18904 17548 18906 18907 17548 18905 18908 17548 18907 18909 17548 18908 18910 17548 18909 18911 17548 18910 18912 17548 18911 18913 17548 18912 18914 17548 18915 18915 17548 18916 18916 17548 18917 18906 17548 18918 18918 17548 18919 18919 17548 18920 18920 17548 18921 18921 17548 18922 18922 17548 18923 18923 17548 18914 18895 17548 18924 18924 17548 18925 18925 17548 18926 18926 17548 18927 18927 17548 18928 18928 17548 18929 18929 17548 18896 18902 17548 18870 18930 17548 18913 18931 17548 18932 18933 17548 18931 18934 17548 18933 18935 17548 18934 18936 17548 18935 18937 17548 18936 18938 17548 18937 18939 17548 18938 18940 17548 18939 18941 17548 18940 18942 17548 18892 18932 17548 18942 18943 17548 18941 18899 17548 18944 18944 17548 18945 18945 17548 18946 18947 17548 18948 18948 17548 18949 18949 17548 18950 18951 17548 18952 18953 17548 18951 18954 17548 18953 18955 17548 18954 18956 17548 18955 18957 17548 18956 18958 17548 18957 18959 17548 18958 18960 17548 18959 18961 17548 18960 18917 17548 18962 18962 17548 18963 18963 17548 18964 18965 17548 18966 18966 17548 18967 18967 17548 18968 18946 17548 18969 18969 17548 18970 18970 17548 18971 18964 17548 18972 18971 17548 18973 18972 17548 18974 18973 17548 18975 18974 17548 18976 18975 17548 18977 18976 17548 18978 18977 17548 18947 18978 17548 18979 18979 17548 18980 18981 17548 18930 18980 17548 18982 18952 17548 18981 18982 17548 18965 18983 17548 18961 18984 17548 18985 18986 17548 18984 18987 17548 18986 18988 17548 18987 18989 17548 18988 18990 17548 18989 18991 17548 18990 18992 17548 18991 18993 17548 18992 18994 17548 18993 18995 17548 18943 18985 17548 18995 18996 17548 18994 18950 17548 18997 18997 17548 18998 18999 17548 19000 19000 17548 19001 19001 17548 19002 19003 17548 19004 19005 17548 19003 19006 17548 19005 19007 17548 19006 19008 17548 19007 19009 17548 19008 19010 17548 19009 19011 17548 19010 19012 17548 19011 19013 17548 19012 19014 17548 19015 19015 17548 19016 18998 17548 19017 19017 17548 19018 18968 17548 19019 19018 17548 19020 19019 17548 19021 19020 17548 19022 19021 17548 19023 19022 17548 19024 19024 17548 19025 19025 17548 19026 19026 17548 18999 19027 17548 18983 19004 17548 19027 19028 17548 19013 19029 17548 19028 19030 17548 19031 19032 17548 19030 19033 17548 19032 19034 17548 19033 19035 17548 19034 19036 17548 19035 19037 17548 19036 19038 17548 19037 19039 17548 19038 19040 17548 19039 19041 17548 19042 19042 17548 19043 19043 17548 19044 19044 17548 19045 19045 17548 19046 19046 17548 19014 19023 17548 19047 19047 17548 19041 19048 17548 18996 19031 17548 19048 19049 17548 19040 19050 17548 19049 19002 17548 19051 19051 17548 19052 19053 17548 19054 19054 17548 19055 19056 17548 19057 19058 17548 19056 19059 17548 19058 19060 17548 19059 19061 17548 19060 19062 17548 19061 19063 17548 19062 19064 17548 19063 19065 17548 19064 19066 17548 19065 19016 17548 19067 19067 17548 19068 19068 17548 19069 19052 17548 19070 19070 17548 19071 19071 17548 19072 19072 17548 19073 19073 17548 19074 19074 17548 19075 19075 17548 19076 19076 17548 19053 19077 17548 19078 19078 17548 19079 19057 17548 19029 19080 17548 19081 19082 17548 19080 19083 17548 19066 19084 17548 19082 19085 17548 19083 19086 17548 19084 19087 17548 19086 19088 17548 19087 19089 17548 19090 19091 17548 19089 19092 17548 19091 19081 17548 19092 19069 17548 19093 19093 17548 19094 19094 17548 19095 19095 17548 19096 19096 17548 19097 19097 17548 19098 19098 17548 19099 19099 17548 19077 19100 17548 19088 19101 17548 19100 19090 17548 19050 19055 17548 19102 19102 17548 19103 19103 17548 19104 19105 17548 19106 19106 17548 19107 19107 17548 19108 19109 17548 19110 19111 17548 19109 19112 17548 19111 19113 17548 19112 19114 17548 19113 19115 17548 19114 19116 17548 19115 19117 17548 19116 19118 17548 19117 19119 17548 19118 19104 17548 19120 19079 17548 19121 19120 17548 19122 19121 17548 19123 19122 17548 19124 19123 17548 19125 19124 17548 19126 19126 17548 19127 19127 17548 19128 19128 17548 19129 19129 17548 19105 19130 17548 19131 19131 17548 19132 19132 17548 19133 19110 17548 19085 19134 17548 19119 19135 17548 19134 19125 17548 19136 19136 17548 19137 19137 17548 19138 19138 17548 19139 19139 17548 19140 19140 17548 19141 19141 17548 19142 19142 17548 19130 19143 17548 19144 19145 17548 19143 19146 17548 19145 19147 17548 19146 19148 17548 19147 19149 17548 19148 19150 17548 19149 19151 17548 19150 19152 17548 19151 19153 17548 19152 19154 17548 19101 19144 17548 19154 19155 17548 19153 19156 17548 19155 19108 17548 19157 19157 17548 19158 19159 17548 19160 19160 17548 19161 19161 17548 19162 19163 17548 19164 19165 17548 19163 19166 17548 19165 19167 17548 19166 19168 17548 19167 19169 17548 19168 19170 17548 19169 19171 17548 19170 19172 17548 19171 19133 17548 19173 19173 17548 19174 19175 17548 19176 19176 17548 19177 19177 17548 19178 19158 17548 19179 19179 17548 19180 19180 17548 19181 19181 17548 19182 19182 17548 19183 19183 17548 19184 19184 17548 19185 19185 17548 19159 19186 17548 19135 19164 17548 19186 19174 17548 19187 19188 17548 19172 19187 17548 19189 19190 17548 19188 19189 17548 19191 19191 17548 19192 19192 17548 19193 19193 17548 19194 19194 17548 19195 19195 17548 19175 19196 17548 19197 19198 17548 19196 19199 17548 19198 19200 17548 19199 19201 17548 19200 19202 17548 19201 19203 17548 19202 19204 17548 19203 19205 17548 19204 19206 17548 19156 19197 17548 19206 19207 17548 19205 19208 17548 19207 19209 17548 19210 19210 17548 19211 19211 17548 19212 19162 17548 19213 19213 17548 19214 19215 17548 19216 19217 17548 19215 19218 17548 19217 19219 17548 19218 19220 17548 19219 19221 17548 19220 19222 17548 19221 19223 17548 19222 19224 17548 19223 19225 17548 19224 19178 17548 19226 19226 17548 19227 19227 17548 19228 19229 17548 19209 19214 17548 19230 19230 17548 19231 19232 17548 19233 19231 17548 19234 19233 17548 19235 19234 17548 19236 19235 17548 19237 19236 17548 19238 19238 17548 19239 19239 17548 19229 19216 17548 19190 19240 17548 19225 19241 17548 19240 19228 17548 19242 19242 17548 19243 19243 17548 19244 19244 17548 19245 19245 17548 19246 19246 17548 19247 19247 17548 19248 19248 17548 19232 19249 17548 19250 19251 17548 19249 19252 17548 19251 19253 17548 19252 19254 17548 19253 19255 17548 19254 19256 17548 19255 19257 17548 19256 19258 17548 19257 19259 17548 19258 19260 17548 19208 19250 17548 19260 19261 17548 19259 19262 17548 19261 19212 17548 19263 19263 17548 19264 19265 17548 19266 19266 17548 19267 19267 17548 19268 19269 17548 19270 19271 17548 19269 19272 17548 19273 19274 17548 19272 19275 17548 19274 19276 17548 19275 19277 17548 19276 19278 17548 19277 19279 17548 19278 19270 17548 19279 19264 17548 19280 19280 17548 19281 19281 17548 19282 19282 17548 19283 19283 17548 19284 19284 17548 19285 19237 17548 19286 19285 17548 19287 19286 17548 19288 19287 17548 19265 19288 17548 19289 19290 17548 19271 19291 17548 19292 19292 17548 19293 19293 17548 19294 19273 17548 19241 19289 17548 19295 19295 17548 19296 19296 17548 19297 19297 17548 19298 19298 17548 19299 19299 17548 19300 19300 17548 19301 19301 17548 19291 19302 17548 19303 19304 17548 19302 19305 17548 19304 19306 17548 19305 19307 17548 19306 19308 17548 19307 19309 17548 19308 19310 17548 19309 19311 17548 19310 19312 17548 19311 19268 17548 19313 19313 17548 19314 19303 17548 19262 19315 17548 19312 19316 17548 19317 19318 17548 19315 19317 17548 19319 19320 17548 19321 19322 17548 19320 19323 17548 19322 19324 17548 19323 19325 17548 19324 19326 17548 19325 19327 17548 19326 19328 17548 19327 19329 17548 19328 19330 17548 19329 19314 17548 19331 19331 17548 19332 19332 17548 19333 19333 17548 19334 19334 17548 19335 19335 17548 19336 19336 17548 19337 19337 17548 19316 19338 17548 19290 19321 17548 19338 19339 17548 19330 19340 17548 19339 19294 17548 19341 19341 17548 19342 19342 17548 19343 19344 17548 19345 19345 17548 19346 19346 17548 19347 19343 17548 19348 19348 17548 19349 19349 17548 19350 19350 17548 19351 19351 17548 19352 19352 17548 19353 19353 17548 19344 19354 17548 19355 19356 17548 19354 19357 17548 19356 19358 17548 19357 19359 17548 19358 19360 17548 19359 19361 17548 19360 19362 17548 19361 19363 17548 19362 19364 17548 19363 19319 17548 19365 19365 17548 19366 19366 17548 19367 19368 17548 19369 19369 17548 19370 19371 17548 19318 19355 17548 19371 19372 17548 19373 19374 17548 19364 19375 17548 19372 19376 17548 19374 19377 17548 19375 19378 17548 19377 19379 17548 19378 19380 17548 19379 19381 17548 19380 19382 17548 19381 19383 17548 19382 19384 17548 19383 19367 17548 19385 19385 17548 19386 19386 17548 19387 19387 17548 19388 19388 17548 19389 19389 17548 19390 19390 17548 19391 19391 17548 19368 19373 17548 19340 19392 17548 19393 19394 17548 19384 19395 17548 19394 19347 17548 19396 19396 17548 19397 19397 17548 19398 19399 17548 19400 19400 17548 19392 19398 17548 19401 19401 17548 19402 19402 17548 19403 19403 17548 19404 19404 17548 19405 19405 17548 19406 19406 17548 19399 19407 17548 19408 19409 17548 19407 19410 17548 19409 19411 17548 19410 19412 17548 19411 19413 17548 19412 19414 17548 19413 19415 17548 19414 19416 17548 19415 19370 17548 19417 19417 17548 19418 19418 17548 19419 19420 17548 19421 19421 17548 19422 19422 17548 19423 19424 17548 19425 19426 17548 19424 19427 17548 19426 19428 17548 19427 19429 17548 19428 19430 17548 19429 19431 17548 19430 19432 17548 19431 19433 17548 19376 19434 17548 19432 19408 17548 19433 19435 17548 19434 19436 17548 19416 19437 17548 19436 19419 17548 19438 19438 17548 19439 19439 17548 19440 19440 17548 19441 19441 17548 19442 19442 17548 19443 19443 17548 19444 19444 17548 19420 19425 17548 19395 19445 17548 19435 19446 17548 19445 19393 17548 19447 19447 17548 19448 19448 17548 19449 19450 17548 19451 19451 17548 19452 19452 17548 19453 19449 17548 19454 19454 17548 19455 19455 17548 19456 19456 17548 19457 19457 17548 19458 19458 17548 19459 19459 17548 19460 19460 17548 19450 19461 17548 19462 19463 17548 19461 19464 17548 19463 19465 17548 19464 19466 17548 19465 19467 17548 19466 19468 17548 19467 19469 17548 19468 19470 17548 19469 19471 17548 19470 19423 17548 19472 19472 17548 19473 19474 17548 19475 19475 17548 19476 19476 17548 14001 19477 17548 19471 19478 17548 19479 14015 17548 19477 19480 17548 19478 19481 17548 19480 19482 17548 19481 19483 17548 19482 19484 17548 19483 19485 17548 19484 19486 17548 19485 19487 17548 19486 19488 17548 19437 19462 17548 19488 19473 17548 19489 19489 17548 19490 19490 17548 19491 19491 17548 19492 19492 17548 19493 19493 17548 19494 19494 17548 19495 19495 17548 19474 19496 17548 19446 19479 17548 19496 19497 17548 19487 14050 17548 19497 19453 17548 19498 19498 17548 19499 19499 17548 13990 13999 17548 19500 19500 17548 19501 19501 17548 14062 19502 17548 14014 19503 17548 19502 19504 17548 19503 19505 17548 19504 19506 17548 19505 19507 17548 19506 19508 17548 19507 19509 17548 19508 19510 17548 19509 14017 17548 19510 19511 19512 19513 19513 19512 19514 19514 19512 19515 19515 19512 19516 15812 17548 19517 19517 17548 19518 19518 17548 19519 19519 17548 19520 19520 17548 19511 19511 17548 19512 19521 19522 19523 19523 19522 19524 19525 19526 19527 19522 13985 19525 19521 13985 19522 19525 13985 19526 19521 19528 13985 19529 19530 19531 19532 19533 19534 19534 19533 19535 13985 19536 19537 19537 19536 19529 19529 19536 19530 19535 19538 19528 19528 19538 13985 19533 19538 19535 13985 19538 19536 19539 19540 19541 19539 19541 19542 19539 19542 19543 19539 19543 19544 19539 19544 19545 19539 19545 19546 19547 19548 19549 19547 19549 19550 19547 19550 19551 19547 19551 19552 19547 19552 19553 19547 19553 19540 19547 19540 19539 19554 19546 19555 19554 19555 19556 19554 19556 19557 19554 19557 19558 19554 19558 19559 19554 19559 19560 19554 19560 19561 19554 19539 19546 19562 19563 19564 19562 19564 19565 19562 19565 19566 19562 19566 19548 19562 19548 19547 19567 19563 19562 19568 19561 19569 19568 19569 19570 19568 19570 19571 19568 19571 19572 19568 19572 19573 19568 19573 19574 19568 19554 19561 19575 19576 19577 19575 19577 19578 19575 19578 19567 19575 19567 19562 19579 19576 19575 19580 19574 19581 19580 19581 19582 19580 19582 19583 19580 19583 19584 19580 19584 19585 19580 19568 19574 19586 19580 19585 19587 19588 19589 19587 19589 19590 19587 19590 19579 19587 19579 19575 19591 19588 19587 19592 19591 19587 19592 19593 19591 19594 19593 19592 19595 19596 19597 19598 19595 19597 19599 19597 19600 19599 19598 19597 19601 19600 19602 19601 19599 19600 19603 19602 19604 19603 19604 19593 19603 19593 19594 19603 19601 19602 19605 19580 19586 19605 19586 19606 19605 19606 19607 19605 19607 19608 19605 19608 19609 19605 19609 19610 19605 19610 19611 19612 19605 19611 19613 19612 19614 19613 19614 19615 19613 19615 19616 19613 19616 19617 19613 19605 19612 19618 19613 19617 19619 19613 19618 19620 19613 19619 19621 19613 19620 19622 19621 19623 19622 19623 19624 19622 19624 19625 19622 19625 19626 19622 19613 19621 19627 19622 19626 19628 19622 19627 19629 19622 19628 19630 19622 19629 19630 19629 19631 19630 19631 19632 19630 19632 19633 19630 19633 19634 19635 19630 19634 19636 19630 19635 19637 19630 19636 19638 19630 19637 19639 19630 19638 19640 19630 19639 19640 19639 19641 19640 19641 19642 19643 19640 19642 19644 19640 19643 19645 19640 19644 19646 19640 19645 19647 19640 19646 19648 19640 19647 19649 19640 19648 19650 19649 19648 19651 19649 19650 19652 19649 19651 19653 19649 19652 19654 19649 19653 19655 19649 19654 19656 19649 19655 19521 19649 19656 19657 19521 19656 19658 19521 19657 19528 19521 19658 15480 19659 17548 19659 19660 17548 19660 19661 17548 19661 19662 17548 19662 19663 17548 19664 17548 19665 19665 17548 19666 19666 17548 19667 19667 17548 19668 19663 19669 17548 19669 19670 17548 19672 17548 19673 19674 17548 19670 19673 17548 19675 19675 17548 19676 19676 17548 19677 19677 17548 19671 19674 19678 17548 19668 17548 19679 19679 17548 19680 19678 19681 17548 19680 17548 19682 19682 17548 19683 19681 19684 17548 19685 17548 19686 19686 17548 19687 19687 17548 19688 19688 17548 19672 19683 17548 19689 19689 17548 19690 19690 17548 19691 19691 17548 19692 19693 17548 19694 19694 17548 19684 19692 17548 19695 19693 19696 17548 19695 17548 19697 19697 17548 19698 19698 17548 19685 19696 19699 17548 19699 19700 17548 19700 19701 17548 19701 19702 17548 19703 17548 19704 19704 17548 19705 19705 17548 19706 19706 17548 19707 19707 17548 19708 19708 17548 19702 19703 19709 17548 19709 19710 17548 19710 19711 17548 19712 17548 19713 19713 17548 19714 19714 17548 19711 19712 19715 17548 19715 19716 17548 19717 17548 19718 19718 17548 19716 19717 19719 17548 19719 19720 17548 19512 17548 19721 17548 19722 19721 19723 17548 19724 19724 17548 19725 19725 17548 19726 19726 17548 19720 19723 19727 17548 19722 17548 19728 19728 17548 19729 19729 17548 19730 19731 17548 19732 19732 17548 19733 19733 17548 19734 19734 17548 19735 19735 17548 19736 19736 17548 19727 19730 17548 19737 19737 17548 19738 19738 17548 19739 19739 17548 19740 19741 17548 19742 19742 17548 19743 19743 17548 19744 19744 17548 19745 19745 17548 19731 19740 17548 19746 19746 17548 19747 19747 17548 19748 19748 17548 19664 19671 17548 19749 19749 17548 19750 19750 17548 19751 19751 17548 19752 19752 17548 19741 19754 19758 19808 19753 19758 19754 19808 19797 19767 19758 19797 19808 19797 19753 19767 19755 19756 19763 19768 19758 19766 19794 19759 19808 19806 19783 19760 19761 19778 19788 19788 19778 19762 19778 19789 19762 19790 19764 19763 19790 19814 19764 19790 19757 19814 19757 19765 19764 19790 19765 19757 19766 19817 19792 19771 19808 19767 19759 19804 19808 19771 19804 19759 19769 19754 19792 19792 19754 19766 19766 19754 19768 19754 19808 19768 19799 19771 19769 19792 19771 19799 19817 19818 19792 19754 19767 19753 19769 19771 19770 19770 19767 19769 19797 19792 19818 19772 19782 19790 19773 19805 19783 19805 19790 19782 19805 19782 19774 19805 19774 19783 19772 19760 19774 19776 19775 19812 19777 19775 19776 19812 19789 19778 19790 19780 19803 19803 19780 19779 19782 19783 19779 19779 19783 19781 19781 19780 19804 19782 19780 19783 19804 19803 19781 19781 19803 19779 19804 19789 19784 19789 19785 19784 19789 19786 19785 19786 19787 19784 19788 19775 19787 19786 19776 19787 19789 19788 19786 19786 19788 19776 19775 19804 19784 19775 19784 19787 19805 19808 19780 19794 19802 19791 19794 19791 19770 19817 19758 19793 19759 19801 19802 19794 19796 19797 19794 19798 19796 19794 19795 19798 19794 19801 19759 19753 19796 19758 19797 19768 19817 19797 19758 19768 19797 19817 19793 19796 19753 19797 19800 19791 19799 19800 19799 19758 19800 19758 19796 19770 19791 19800 19798 19795 19770 19798 19770 19800 19802 19801 19791 19772 19804 19812 19794 19797 19804 19797 19818 19804 19780 19808 19804 19788 19818 19775 19775 19818 19812 19812 19803 19772 19812 19790 19803 19804 19760 19803 19803 19760 19772 19773 19804 19805 19773 19760 19804 19806 19804 19783 19790 19804 19772 19783 19804 19790 19808 19783 19790 19808 19805 19806 19805 19804 19806 19804 19775 19777 19777 19789 19807 19812 19804 19788 19762 19807 19788 19807 19762 19804 19762 19761 19804 19761 19788 19804 19777 19807 19804 19812 19788 19789 19818 19808 19790 19818 19807 19789 19788 19807 19818 19805 19780 19790 19816 19790 19812 19765 19790 19816 19816 19809 19763 19765 19816 19763 19818 19763 19809 19790 19810 19809 19756 19810 19790 19756 19812 19810 19755 19790 19809 19809 19756 19755 19811 19756 19809 19811 19812 19756 19815 19811 19809 19813 19812 19815 19814 19812 19813 19757 19812 19814 19816 19813 19815 19816 19757 19813 19809 19816 19815 19816 19812 19757 19818 19810 19812 19758 19792 19793 19771 19792 19758 19791 19771 19758 19771 19791 19801 19804 19771 19801 19804 19801 19794 19792 19797 19793 19818 19789 19804 19809 19810 19818 19762 19777 19761 19789 19777 19762 19777 19778 19761 19808 19773 19783 19773 19806 19760 19808 19806 19773 19769 19798 19800 19769 19767 19798 19798 19767 19796 19767 19754 19796 19754 19800 19796 19769 19800 19754 19808 19802 19794 19802 19771 19759 19771 19802 19808 19766 19758 19817 19792 19791 19769 19791 19758 19769 19792 19799 19791 19799 19769 19758 19814 19813 19764 19813 19757 19764 19790 19763 19756 19790 19755 19818 19818 19755 19763 19811 19815 19763 19763 19815 19765 19765 19815 19764 19815 19812 19764 19763 19764 19811 19764 19812 19811 19770 19795 19767 19767 19794 19771 19795 19794 19767 19794 19770 19771 19778 19785 19786 19778 19786 19812 19777 19786 19784 19812 19786 19777 19785 19778 19777 19785 19777 19784 19780 19781 19760 19780 19760 19783 19781 19774 19760 19781 19783 19774 19788 19777 19776 19787 19777 19788 19812 19787 19776 19777 19787 19812 19774 19779 19772 19782 19779 19774 19772 19780 19782 19779 19780 19772 19818 19768 19808 19818 19817 19768 19821 19819 19820 19820 19822 19821 19822 19820 19819 19821 19822 19819 19823 19825 19832 19832 19825 19826 19825 19844 19826 19844 19823 19826 19826 19823 19830 19844 19825 19842 19842 19825 19824 19825 19838 19824 19824 19838 19826 19827 19828 19834 19834 19828 19841 19828 19833 19841 19831 19835 19830 19829 19835 19831 19832 19831 19830 19836 19831 19832 19841 19833 19837 19833 19827 19837 19837 19827 19834 19835 19836 19830 19830 19836 19839 19839 19829 19831 19836 19829 19839 19830 19839 19838 19839 19840 19835 19831 19840 19839 19834 19841 19838 19838 19841 19830 19832 19842 19824 19832 19826 19842 19830 19841 19826 19826 19841 19824 19843 19824 19841 19841 19837 19843 19834 19843 19837 19843 19834 19844 19823 19838 19825 19823 19844 19834 19838 19823 19834 19838 19839 19835 19836 19835 19840 19831 19836 19840 19835 19829 19832 19836 19832 19829 19838 19835 19832 19844 19838 19832 19824 19844 19832 19828 19844 19824 19828 19827 19844 19843 19844 19827 19843 19828 19824 19833 19843 19827 19833 19828 19843 19826 19838 19842 19838 19844 19842 19830 19823 19832 19847 19848 19845 19848 19847 19846 19846 19847 19845 19848 19846 19845 19850 19858 19853 19850 19853 19849 19856 19850 19849 19858 19855 19853 19856 19849 19851 19865 19853 19852 19853 19864 19852 19857 19854 19855 19857 19863 19854 19863 19858 19854 19855 19861 19865 19858 19850 19854 19865 19863 19857 19861 19863 19865 19856 19865 19857 19858 19857 19855 19858 19856 19857 19853 19860 19851 19859 19864 19853 19862 19851 19861 19864 19859 19860 19860 19866 19851 19859 19866 19860 19862 19853 19851 19853 19862 19849 19862 19863 19849 19849 19863 19851 19858 19863 19856 19850 19856 19863 19864 19860 19867 19867 19860 19865 19860 19853 19865 19855 19859 19853 19867 19866 19859 19863 19861 19851 19854 19850 19862 19850 19863 19862 19861 19854 19862 19865 19852 19855 19861 19855 19854 19864 19867 19852 19865 19856 19851 19865 19866 19867 19865 19851 19866 19859 19855 19852 19859 19852 19867 19871 19870 19868 19868 19870 19869 19871 19868 19869 19869 19870 19871</p>
                </triangles>
            </mesh>
        </geometry>
    </library_geometries>
    <library_visual_scenes>
        <visual_scene id="VisualSceneNode" name="VisualScene">
            <node id="node" name="node">
                <instance_geometry url="#shape0-lib"/>
            </node>
        </visual_scene>
    </library_visual_scenes>
    <scene>
        <instance_visual_scene url="#VisualSceneNode"/>
    </scene>
</COLLADA>
