<?xml version="1.0" encoding="UTF-8"?>
<COLLADA xmlns="http://www.collada.org/2005/11/COLLADASchema" version="1.4.1">
    <asset>
        <contributor>
            <author>VCGLab</author>
            <authoring_tool>VCGLib | MeshLab</authoring_tool>
        </contributor>
        <created>周六 7月 25 13:10:17 2026 GMT</created>
        <modified>周六 7月 25 13:10:17 2026 GMT</modified>
        <up_axis>Y_UP</up_axis>
    </asset>
    <library_geometries>
        <geometry id="shape0-lib" name="shape0">
            <mesh>
                <source id="shape0-lib-positions" name="position">
                    <float_array id="shape0-lib-positions-array" count="8730">0.052163 0.00782971 0.00201484 0.051955 -0.0021035 0.00406026 0.0526867 -0.00188005 0.00200649 -0.0346158 0.0429306 0.00754291 -0.0246146 0.0437919 0.004 0.0146346 0.0578614 0.00650269 0.000123377 0.0596535 0.0065027 -0.0143938 0.0579206 0.0065027 -0.02737 0.0448811 0.00245211 -0.0280752 0.0527641 0.00650269 -0.0339792 0.0395116 0.00211166 -0.0397361 0.0447439 0.0065276 -0.0494757 0.0339582 0.0065272 -0.0564158 0.0210852 0.006527 -0.060071 0.00690459 0.00652742 0.0400089 0.044516 0.00651602 -0.0602115 -0.00763692 0.00652695 0.0348188 0.0386049 0.00205028 0.0282944 0.0526489 0.0065027 -0.0473978 -0.0335737 0.00642517 0.0457864 0.0307306 0.00764515 0.036679 0.0402416 0.0075 0.0246502 0.0491516 0.00770998 0.0119416 0.0535826 0.00770414 -0.00145535 0.0548464 0.00769863 -0.0147634 0.0528708 0.00769343 -0.0296918 0.0470338 0.0078795 -0.0460207 0.0305545 0.00768234 -0.0549738 0.0204008 0.00963205 -0.051564 0.0186768 0.0075 -0.0554132 0.00562983 0.00768981 -0.0553991 -0.00778742 0.00769384 -0.0523162 -0.0200597 0.0076543 -0.0463322 -0.0325066 0.00773573 -0.0523887 -0.00682275 0.00199516 -0.051641 0.00442732 0.00399757 -0.0481688 -0.00307936 0.002 0.0213392 -0.0420305 0.004 0.0267389 -0.0398156 0.002 0.0299046 -0.0443835 0.00199815 0.0134524 0.0491511 0.0039963 0.0201799 0.0429831 0.00225 -0.0425681 -0.0323939 0.00199861 -0.0377436 -0.0434298 0.00611603 -0.0221527 -0.0498947 0.00245554 0.0531404 0.0190376 0.00611603 0.0445728 0.0274866 0.00199875 -0.0264917 -0.0512294 0.00611603 -0.0137001 -0.0561096 0.00611603 -0.0029052 -0.0538338 0.00207532 0.0125933 -0.0525572 0.00199721 0.0418284 -0.0333837 0.00205876 0.0495945 -0.0199044 0.00199688 0.0340165 0.0290213 0.004 0.0453066 0.00864003 0.00392845 0.0398235 0.0208401 0.002 -0.0485951 -0.0190623 0.004 0.0456566 0.0246229 0.00399608 0.0342789 0.0378996 0.004 0.0238482 0.0450368 0.00399759 -0.000844562 0.0508423 0.004 -0.0134545 0.0490729 0.004 -0.0419235 0.0295053 0.004 -0.0480936 0.0183666 0.004 0.053979 0.0361058 0.00781855 0.0612894 0.0221097 0.00781855 0.0650379 0.00677076 0.00780058 0.0650067 -0.00901951 0.0065 0.0650067 -0.00901951 0.0085 0.0611975 -0.0243435 0.0065 0.0611975 -0.0243435 0.0085 0.0538317 -0.0383105 0.0065 0.0538317 -0.0383105 0.0085 0.0433374 -0.050109 0.00798109 0.0303245 -0.0590532 0.00781855 0.0155492 -0.0646233 0.00781855 -0.000129657 -0.0664955 0.0065 -0.000129657 -0.0664955 0.0085 -0.015801 -0.0645612 0.00798109 -0.0291911 -0.0588284 0.00657882 -0.0305541 -0.0589327 0.0085 -0.042343 -0.0499504 0.00658369 -0.0435315 -0.049937 0.0085 -0.0526241 -0.0386879 0.00659167 -0.053979 -0.0380971 0.0085 0.0499821 0.0333586 0.0065 0.0503281 0.0335964 0.00850395 0.060963 0.00302042 0.0084981 0.0566942 -0.0236726 0.00850607 0.044081 -0.0424271 0.0085 0.0283008 -0.0551076 0.0085055 0.0104864 -0.0607322 0.0085 -0.0277539 -0.0555969 0.00851287 -0.050328 -0.0355877 0.00850395 -0.0499821 -0.0353499 0.0065 -0.0529835 -0.0374129 0.00850469 -0.0598264 -0.0236334 0.00740009 -0.0633996 -0.00856644 0.0065 -0.0633691 0.00682606 0.0065 -0.0640953 -0.00627083 0.00849977 -0.0596558 0.021764 0.0065 -0.0604081 0.0182729 0.0085 -0.0521419 0.0355735 0.0085 -0.0422457 0.0468805 0.0065 -0.0432872 0.0459409 0.0085 -0.0295606 0.0555993 0.0065 -0.0156214 0.061566 0.00851474 -0.0151576 0.0610291 0.0065 0.0107045 0.0617306 0.00849831 0.0287763 0.0558198 0.0085 0.0526192 0.0351712 0.0065 -0.0558332 -0.0393716 0.0085 -0.0558332 -0.0393716 0.0065 -0.0633948 -0.0248947 0.0085 -0.0633948 -0.0248947 0.0065 -0.0672721 -0.00902887 0.0085 -0.0672721 -0.00902887 0.0065 -0.0672397 0.00730382 0.0085 -0.0672397 0.00730382 0.0065 -0.0632997 0.0231542 0.0085 -0.0632997 0.0231542 0.0065 -0.0556809 0.037601 0.0085 -0.0556809 0.037601 0.0065 -0.0448261 0.0498048 0.0085 -0.0448261 0.0498048 0.0065 -0.0313662 0.0590562 0.0085 -0.0313662 0.0590562 0.0065 -0.0160834 0.0648176 0.0085 -0.0160834 0.0648176 0.0065 0.000134111 0.0667542 0.0085 0.000134111 0.0667542 0.0065 0.0163438 0.0647534 0.0085 0.0163438 0.0647534 0.0065 0.0316037 0.0589315 0.0085 0.0316037 0.0589315 0.0065 0.0450269 0.0496269 0.0085 0.0450269 0.0496269 0.0065 0.0558332 0.0373803 0.0085 0.0558332 0.0373803 0.0065 0.0655289 0.0250084 0.0065 0.0580995 0.038938 0.0105 0.0580995 0.038938 0.0065 0.0696724 0.00977486 0.0065 0.0696724 0.00977486 0.0105 0.0703223 -0.00599875 0.0065 0.0703223 -0.00599875 0.0105 0.0674458 -0.0215215 0.0065 0.0611874 -0.036015 0.0065 0.0611874 -0.036015 0.0105 0.0518608 -0.0487524 0.0065 0.0518608 -0.0487524 0.0105 0.0399336 -0.0590952 0.0065 0.0399336 -0.0590952 0.0105 0.0260041 -0.0665246 0.0065 0.0260041 -0.0665246 0.0105 0.0107705 -0.0706681 0.0065 0.0107705 -0.0706681 0.0105 -0.00500309 -0.0713179 0.0065 -0.00484843 -0.0713271 0.0104944 -0.0205258 -0.0684415 0.0065 -0.0205258 -0.0684415 0.0105 -0.0350193 -0.0621831 0.0065 -0.0350193 -0.0621831 0.0105 -0.0477568 -0.0528564 0.0065 -0.0477568 -0.0528564 0.0105 -0.0580995 -0.0409293 0.0065 -0.0580995 -0.0409293 0.0105 0.065623 0.0247301 0.0105 0.0560935 0.019399 0.0105005 0.00311124 0.0598455 0.0085 0.00187261 0.0627083 0.0104978 0.00245919 0.0610486 0.0105 -0.0614437 0.0336025 0.0105 -0.0390203 -0.0507726 0.0105 -0.0381215 -0.0490734 0.0104956 -0.0365214 0.0497861 0.010495 -0.0360552 0.0519862 0.0104929 -0.00228144 -0.0618064 0.00878625 0.0585667 -0.0146677 0.0105 0.0476273 0.0509913 0.0104999 0.0402137 0.0433586 0.0104152 0.0491992 0.0328205 0.0105 0.0225686 0.0546959 0.0104995 0.000209023 0.0587041 0.0105003 -0.0141724 0.0569977 0.0105 -0.0440706 0.0398537 0.0104994 -0.0591194 -0.0130633 0.0105 -0.0560136 -0.0216609 0.0105 -0.0515158 -0.00679957 0.00399581 -0.045559 -0.00458281 0.004 -0.0437627 0.0110635 0.004 -0.0372911 0.0254214 0.004 -0.0435187 -0.0149461 0.004 -0.0359255 -0.0287438 0.004 -0.0402875 -0.0344246 0.00399616 -0.0244942 -0.039577 0.004 0.0213154 0.0394289 0.004 0.00661937 0.0445223 0.004 -0.0211653 0.0395077 0.004 -0.0108558 0.0433962 0.004 -0.0326973 -0.0329234 0.002 -0.0244942 -0.039577 0.002 -0.0413362 -0.0197552 0.002 -0.045559 -0.00458281 0.002 -0.0437627 0.0110635 0.002 -0.0372911 0.0254214 0.002 -0.0303185 0.0331876 0.00374019 0.0448292 -0.00813305 0.002 0.045935 -0.00562789 0.004 0.0369143 -0.0274141 0.002 0.0369143 -0.0274141 0.004 0.0267584 -0.0389654 0.003875 0.0212173 -0.0411258 0.002 0.00104742 -0.0463774 0.002 0.00104742 -0.0463774 0.004 -0.0144556 -0.0443475 0.004 -0.0427255 0.0299665 0.00200438 -0.0522458 0.00618211 0.00200212 -0.048949 0.018664 0.00200163 -0.0494221 -0.0193092 0.00200038 -0.0278982 -0.0458099 0.00198886 -0.0469306 -0.00421923 0.003 0.00463656 0.0447668 0.002 0.0120126 0.0503744 0.0020465 -0.000831094 0.0517595 0.00203865 0.0213116 0.0394319 0.002 -0.0108558 0.0433962 0.002 -0.0136214 0.0500056 0.00205384 0.0303713 0.0331522 0.002 0.0241796 0.0460759 0.00223124 -0.0211653 0.0395077 0.002 -0.0449609 -0.0406639 0.0104996 -0.0360911 -0.0436958 0.00768749 -0.0278486 -0.0538024 0.0105 -0.0239798 -0.0520623 0.00773619 -0.0144019 -0.0589325 0.0105 -0.000137375 -0.0606949 0.0105 0.0142542 -0.0549017 0.00764161 0.020039 -0.0576469 0.0104994 0.0267597 -0.0499144 0.00764152 0.0394017 -0.0458455 0.0105003 0.0377053 -0.0420752 0.00764151 0.0490649 -0.0350063 0.0105 0.0464529 -0.0318413 0.00764159 0.055902 -0.0223491 0.010453 0.057131 -0.0080474 0.00836452 0.0592788 0.00608305 0.0105 0.0563016 0.00364037 0.00789521 0.0520373 0.0193517 0.00767453 0.0421764 0.0470319 0.00710471 0.0376783 0.0483491 0.0095 0.0673852 -0.0216879 0.0105 -0.0310502 0.0508511 0.0105 -0.0381198 -0.0514171 0.0105 -0.058485 0.0126968 0.0105 -0.0674232 0.0195931 0.0105 0.0587348 0.0163141 0.0095 0.0422457 -0.0488718 0.0065 0.014314 0.0621337 0.00659213 -0.00086024 0.0637255 0.00658707 -0.0612894 -0.024101 0.0065 0.029191 0.0568371 0.00657816 0.0295606 -0.0575907 0.0065 0.0435315 0.0479457 0.0065 -0.0303245 0.0570619 0.0065 0.0151576 -0.0630204 0.0065 -0.0433374 0.0481177 0.0065 -0.015403 -0.0629599 0.0065 -0.000282736 -0.0649567 0.007352 0.0597455 0.0215276 0.0065 -0.0539426 0.0348806 0.00657729 0.0633996 0.00657512 0.0065 -0.0611975 0.0223521 0.00781854 0.0633691 -0.00881738 0.0065 -0.0650067 0.00702819 0.00761526 0.0596558 -0.0237553 0.0065 0.0524756 -0.0373705 0.0065 0.0455298 -0.0416775 0.00650174 -0.0567509 -0.0223896 0.00650181 0.0280752 -0.0547554 0.00650269 -0.04031 -0.0463105 0.0065027 -0.0282944 -0.0546402 0.0065027 0.0143938 -0.0599119 0.0065027 -0.00737039 -0.0616757 0.00650448 0.0567509 0.0203983 0.00650181 0.0602218 0.00619066 0.0065027 0.060192 -0.00842891 0.00650269 0.0566638 -0.0226182 0.00650269 -0.0696724 -0.0117662 0.0065 -0.0703223 0.00400743 0.0065 0.0632997 -0.0251455 0.0065 0.0205258 0.0664502 0.0065 0.00500309 0.0693266 0.0065 0.0556809 -0.0395923 0.0065 -0.0107705 0.0686768 0.0065 0.0350193 0.0601917 0.0065 -0.0655289 -0.0269997 0.0065 0.0448261 -0.0517961 0.0065 -0.0260041 0.0645333 0.0065 0.0477568 0.0508651 0.0065 0.0313662 -0.0610475 0.0065 -0.0399336 0.0571039 0.0065 -0.0450269 -0.0516182 0.0065 0.0160834 -0.0668089 0.0065 -0.0518608 0.0467611 0.0065 -0.0316037 -0.0609229 0.0065 0.0633948 0.0229034 0.0065 -0.000134111 -0.0687455 0.0065 -0.0611874 0.0340236 0.0065 -0.0163438 -0.0667447 0.0065 0.0672721 0.00703755 0.0065 -0.0674458 0.0195302 0.0065 0.0672397 -0.00929514 0.0065 -0.0656365 -0.0266832 0.0105 -0.0696724 -0.0117662 0.0105 -0.0703223 0.00400743 0.0105 -0.0518608 0.0467611 0.0105 -0.0399336 0.0571039 0.0105 -0.0260041 0.0645333 0.0105 -0.0107705 0.0686768 0.0105 0.00500309 0.0693266 0.0105 0.0205258 0.0664502 0.0105 0.0350193 0.0601917 0.0105 0.0633948 0.0229034 0.0085 0.0672721 0.00703755 0.0085 0.0672397 -0.00929514 0.0085 0.0632997 -0.0251455 0.0085 0.0556809 -0.0395923 0.0085 0.0448261 -0.0517961 0.0085 0.0313662 -0.0610475 0.0085 0.0160834 -0.0668089 0.0085 -0.000134111 -0.0687455 0.0085 -0.0163438 -0.0667447 0.0085 -0.0316037 -0.0609229 0.0085 -0.0450269 -0.0516182 0.0085 0.0606771 0.0188816 0.0085 0.0616344 0.0130254 0.0085 0.0568155 -0.029772 0.0085 -0.0116039 -0.0636169 0.0085 0.0152767 0.0576988 0.0085 -0.0606321 0.00633015 0.00850517 -0.054459 0.0258078 0.0085 0.0636353 -0.00356956 0.0085 0.0604919 -0.0190218 0.0085 0.0300397 0.0521623 0.00850251 0.0110397 -0.063884 0.0085 -0.0408967 0.0443538 0.00850707 -0.0589184 -0.0154127 0.0085 0.0279765 -0.0586654 0.00850885 -0.0308402 0.0516532 0.0085 -0.0394495 -0.0509625 0.0085 0.0362224 -0.0538511 0.0104944 -0.0146838 0.0576907 0.0085 0.0464068 -0.0446131 0.0085 0.0529835 0.0354216 0.00850469 -0.0306466 -0.0573495 0.00848474 0.0305541 0.0569413 0.0085 0.0435315 0.0479457 0.0085 -0.0650379 -0.00876209 0.00798109 -0.0538317 0.0363192 0.0085 -0.0612894 -0.024101 0.0085 -0.0433374 0.0481177 0.0085 -0.0303245 0.0570619 0.0085 -0.0155492 0.0626319 0.00798109 0.000129657 0.0645042 0.0085 0.015801 0.0625699 0.0085 0.0528409 -0.0169756 0.00733213 -0.0263906 -0.0457497 0.00454391 -0.0140491 -0.055242 0.0077643 -0.00585407 -0.0525089 0.004 0.000917593 -0.0567464 0.00764178 0.0125818 -0.0516669 0.00399752 0.0340477 -0.0405716 0.00399419 0.0486644 -0.0199065 0.00399735 -0.0145657 -0.0443124 0.002 0.0134818 -0.0561634 0.00611603 0.0262926 -0.0513339 0.00611603 0.0375753 -0.0435789 0.00611603 0.0530607 -0.0212392 0.00611603 0.0562099 -0.00705866 0.00596669 -0.0142165 0.0184808 0.081505 -0.0107773 0.0152155 0.079005 -0.0118387 0.0125752 0.081505 -0.00995173 0.0187825 0.0815035 0.0249508 0.00117687 0.079005 0.0177941 -0.00244632 0.081505 0.0366234 0.00285932 0.0815111 -0.00822015 -0.0231292 0.079005 -0.00752595 -0.0194551 0.079005 0.038321 0.0253435 0.067505 0.0435193 0.0153881 0.0675048 0.0294833 0.0192691 0.079005 0.0334763 0.0116245 0.079005 0.046172 0.00451791 0.067505 0.0355237 0.00324636 0.079005 0.0461461 -0.00673816 0.0675048 0.0355066 -0.00537828 0.079005 0.0434454 -0.0175714 0.0675049 0.033426 -0.0137482 0.079005 0.0382164 -0.0274864 0.067505 0.0294029 -0.021377 0.079005 0.0307351 -0.0358917 0.0675049 0.0236709 -0.0278214 0.079005 0.0215757 -0.0421868 0.0675043 0.0165632 -0.0327067 0.079005 0.0110388 -0.0461664 0.067505 0.008493 -0.035749 0.079005 -7.08187e-05 -0.0367717 0.079005 -9.20467e-05 -0.0474956 0.067505 -0.0111685 -0.0461343 0.0675051 -0.00863052 -0.0357151 0.079005 -0.0166887 -0.0326408 0.079005 -0.0216911 -0.0421265 0.067505 -0.0309041 -0.035741 0.0675046 -0.0237769 -0.0277274 0.079005 -0.0294833 -0.0212605 0.079005 -0.038321 -0.0273349 0.067505 0.0169301 0.00377614 0.079005 0.0102401 -0.0141378 0.081505 0.0142465 -0.00963347 0.079005 -0.00292386 -0.0184116 0.081505 0.00269788 -0.0183771 0.079005 -0.00865894 -0.0160391 0.081505 -0.00961416 -0.0148654 0.079005 -0.0142806 -0.009577 0.081505 -0.0552073 -0.0218081 0.071255 -0.0486223 -0.0344153 0.071255 -0.0585838 -0.00799137 0.071255 -0.0585556 0.00623193 0.071255 -0.0551244 0.0200352 0.071255 -0.0484896 0.0326162 0.071255 -0.0390367 0.0432438 0.071255 -0.0273152 0.0513004 0.071255 -0.0140062 0.0563177 0.071255 0.00011679 0.0580042 0.071255 0.014233 0.0562618 0.071255 0.027522 0.0511919 0.071255 0.0392116 0.0430889 0.071255 0.0486223 0.032424 0.071255 0.0365532 0.0401001 0.071505 0.0365532 0.0401001 0.069505 0.0453259 0.0301582 0.071505 0.0256561 0.0476537 0.0705695 0.013268 0.05238 0.071505 0.013268 0.05238 0.069505 0.000108872 0.0540042 0.071505 -0.0130566 0.0524321 0.071505 -0.00775601 0.0538153 0.069505 -0.0254633 0.0477549 0.071505 -0.0254633 0.0477549 0.069505 -0.0363902 0.0402445 0.071505 -0.0452022 0.0303374 0.071505 -0.0421519 0.0348878 0.069505 -0.0513872 0.0186094 0.071505 -0.0513872 0.0186094 0.069505 -0.0545858 0.00574192 0.071505 -0.0545858 0.00574192 0.069505 -0.054612 -0.00751709 0.071505 -0.0514644 -0.0203971 0.071505 -0.0534765 -0.0153018 0.069505 -0.0453259 -0.0321496 0.071505 -0.0453259 -0.0321496 0.069505 0.0407109 0.0269862 0.071505 0.0281903 0.0398347 0.071494 0.0216516 0.0431061 0.069505 0.0119171 0.0469454 0.071505 -0.00550387 0.0484571 0.0715014 0.00132717 0.0494326 0.0694993 -0.014032 0.0463695 0.069505 -0.0228707 0.0427912 0.071505 -0.0312585 0.0372977 0.069505 -0.0371387 0.032081 0.07151 -0.0431499 0.0239491 0.0695162 -0.046155 0.0166132 0.071505 -0.0489914 0.00591287 0.069505 -0.0490279 0.00505591 0.071505 -0.0483622 -0.012639 0.0715067 -0.0407109 -0.0289775 0.071505 -0.0382716 -0.0319896 0.069505 -0.0454116 -0.0272162 0.069505 -0.043348 -0.0307901 0.071505 -0.0300252 -0.0446294 0.0715077 -0.0354796 -0.0396732 0.0695097 -0.0213268 -0.0489008 0.069505 -0.0126891 -0.0520422 0.071505 -0.000732254 -0.0539767 0.0694931 0.00586036 -0.0536522 0.0714982 0.0243522 -0.047619 0.071505 0.0187937 -0.04995 0.069505 0.0395442 -0.0362145 0.0715144 0.0491448 -0.0197452 0.071505 0.049907 -0.0176633 0.067507 0.0517195 -0.0105795 0.069505 0.0524216 -0.00661793 0.0706424 0.0514495 0.0107645 0.067688 0.0514948 0.0114018 0.0715077 0.0493144 0.0179528 0.0695125 0.043348 0.0287988 0.071505 -0.0471801 -0.033424 0.071505 -0.0380485 -0.0437727 0.071505 -0.0471801 -0.033424 0.069505 -0.0380485 -0.0437727 0.069505 -0.0267057 -0.0516353 0.071505 -0.0267057 -0.0516353 0.069505 -0.0138108 -0.0565549 0.071505 -0.0138108 -0.0565549 0.069505 -0.000113326 -0.0582456 0.071505 -0.000113326 -0.0582456 0.069505 0.0135908 -0.0566091 0.0703135 0.026505 -0.0517406 0.0698805 0.0383751 -0.0444853 0.071505 0.0378789 -0.043923 0.069505 0.0470514 -0.0336106 0.071505 0.0470514 -0.0336106 0.069505 0.0534894 -0.0214027 0.071505 0.0568188 -0.00800887 0.071505 0.0562086 -0.0136784 0.069505 0.0568461 0.00579254 0.0701204 0.0535698 0.0191995 0.071505 0.0471801 0.0314327 0.071505 0.0504829 0.0267844 0.069505 -0.0488283 -0.0345569 0.067505 -0.0554412 -0.0218963 0.067505 -0.058832 -0.00802101 0.067505 -0.0588037 0.00626255 0.067505 -0.055358 0.0201243 0.067505 -0.0486951 0.0327586 0.067505 -0.0388854 0.0436826 0.067505 -0.0274309 0.051522 0.067505 -0.0140655 0.0565606 0.067505 0.000117285 0.0582542 0.067505 0.0142933 0.0565045 0.067505 0.0276386 0.051413 0.067505 0.03924 0.0433997 0.067505 0.0488283 0.0325656 0.067505 0.0371656 0.0313198 0.069505 0.043275 -0.0315735 0.0695002 -0.0435115 -0.0173968 0.067505 -0.047946 -0.0159273 0.067505 -0.0474589 -0.0176919 0.069505 0.0297895 -0.0445317 0.0675171 0.0372575 -0.0346777 0.0695074 -0.0473894 0.0155451 0.067505 0.0474951 0.0139927 0.0695078 -0.0432191 -0.0172887 0.071505 -0.0303791 -0.0218762 0.081505 -0.0344934 -0.0139992 0.081505 -0.0380641 -0.0271583 0.071505 -0.0458624 -0.00647227 0.071505 -0.0366031 -0.00536657 0.081505 -0.0458404 0.00466247 0.071505 -0.0365855 0.00352013 0.081505 -0.0431543 0.0154684 0.071505 -0.0344417 0.0121444 0.081505 -0.0379602 0.0253174 0.071505 -0.0302962 0.020005 0.081505 -0.03056 0.0336373 0.071505 -0.0243901 0.0266451 0.081505 -0.0213837 0.0399444 0.071505 -0.0170665 0.0316789 0.081505 -0.0109648 0.0438722 0.071505 -0.00875105 0.0348137 0.081505 9.14296e-05 0.0451925 0.071505 7.29705e-05 0.0358674 0.081505 0.0111423 0.0438285 0.071505 0.00889275 0.0347787 0.081505 0.0215457 0.0398594 0.071505 0.0171957 0.031611 0.081505 0.0306969 0.033516 0.071505 0.0244993 0.0265483 0.081505 0.0303791 0.0198849 0.081505 0.0380641 0.025167 0.071505 0.0432191 0.0152974 0.071505 0.0344934 0.0120079 0.081505 0.0458624 0.00448094 0.071505 0.0458404 -0.00665379 0.071505 0.0365855 -0.00551145 0.081505 0.0431543 -0.0174597 0.071505 0.0344417 -0.0141357 0.081505 0.0379602 -0.0273088 0.071505 0.0302962 -0.0219963 0.081505 0.03056 -0.0356286 0.071505 0.0243901 -0.0286364 0.081505 0.0213837 -0.0419357 0.071505 0.0170665 -0.0336702 0.081505 0.0109648 -0.0458636 0.071505 0.00875105 -0.036805 0.081505 -9.14296e-05 -0.0471838 0.071505 -7.29705e-05 -0.0378587 0.081505 -0.0111423 -0.0458198 0.071505 -0.00889275 -0.0367701 0.081505 -0.0215457 -0.0418508 0.071505 -0.0171957 -0.0336023 0.081505 -0.0306969 -0.0355074 0.071505 -0.0244993 -0.0285397 0.081505 0.00254391 0.0505228 0.067507 0.00106226 0.0516025 0.0675071 -0.0477769 0.0169909 0.067505 -0.0490682 0.015738 0.067505 -0.0315151 -0.0405182 0.067505 -0.0305179 -0.0414206 0.067505 0.0248786 -0.0442865 0.069505 -0.0490144 -0.0109915 0.069505 -0.000908973 -0.0517951 0.067505 -0.00560221 -0.05071 0.069505 0.0282734 0.0425069 0.069505 -0.0248038 0.0427266 0.069505 0.0554932 0.019779 0.067505 0.058832 0.00602969 0.067505 0.0588037 -0.00825388 0.067505 0.055358 -0.0221156 0.067505 0.0486951 -0.03475 0.067505 0.039296 -0.0453866 0.0675129 0.0274309 -0.0535133 0.067505 0.0140655 -0.0585519 0.067505 -0.000130767 -0.0602423 0.067505 -0.0142933 -0.0584958 0.067505 -0.0276386 -0.0534043 0.067505 -0.0393777 -0.0452671 0.067505 -0.0392116 -0.0450803 0.071255 -0.0432297 0.0289702 0.071505 -0.0300476 0.0427207 0.0714965 -0.013268 -0.0543713 0.071505 0.0514644 0.0184058 0.071505 0.00536845 -0.0560918 0.071505 -0.0365532 -0.0420915 0.071505 0.0254633 -0.0497462 0.071505 -0.0124869 0.0501007 0.071505 0.0245366 0.0455308 0.071505 0.0405538 -0.0386758 0.071505 -0.0492187 -0.0195505 0.071505 0.00638246 0.0515783 0.0715128 -0.0529764 -0.00123203 0.0715016 0.0513872 -0.0206007 0.071505 0.0545858 -0.00773324 0.071505 -0.0491448 0.0177539 0.071505 0.054612 0.00552576 0.071505 -0.00599425 -0.0503717 0.0715084 0.0117272 -0.0489835 0.071505 -0.0230439 -0.0446917 0.071505 -0.0325749 -0.0381657 0.071481 0.0228707 -0.0447825 0.071505 0.0371387 -0.0340723 0.07151 0.0463839 -0.0180601 0.0712339 0.0490559 -0.00725802 0.0710843 0.0483622 0.0106477 0.0715067 -0.0470514 0.0316193 0.071505 -0.0378789 0.0419316 0.071505 -0.014233 -0.0582532 0.071255 -0.00011679 -0.0599955 0.071255 0.0552073 0.0198168 0.071255 -0.027522 -0.0531832 0.071255 0.0140062 -0.0583091 0.071255 0.0273152 -0.0532917 0.071255 -0.0535698 -0.0211908 0.071505 0.0484896 -0.0346075 0.071255 -0.0568461 -0.00778387 0.071505 0.0551244 -0.0220265 0.071255 -0.0568188 0.00601755 0.071505 0.0585556 -0.00822325 0.071255 0.0585838 0.00600005 0.071255 0.0380485 0.0417814 0.0703135 0.0267057 0.0496439 0.0700266 0.0138108 0.0545635 0.0701391 0.000113356 0.0562542 0.0701391 -0.0135908 0.0546178 0.0701391 -0.026505 0.0497493 0.0701391 -0.0438763 0.0363557 0.069505 -0.0534894 0.0194114 0.0701391 -0.0568188 0.00601755 0.069505 -0.0556642 -0.0158871 0.069505 -0.0187937 0.0479586 0.069505 -0.0529625 0.00200534 0.0695117 0.0346852 0.0385826 0.071477 -0.00686747 0.0511541 0.069505 0.00815445 -0.0501539 0.0695158 0.0493831 -0.00228711 0.069505 -0.0217049 -0.0453215 0.069505 0.0135702 0.0496559 0.069505 -0.0476591 0.0203799 0.069505 -0.0389701 0.0340908 0.069505 -0.0303143 0.0421678 0.0676287 -0.0509823 -0.0144461 0.0675099 0.0407507 0.032006 0.069505 -0.013268 -0.0543713 0.069505 0.0484989 0.0256925 0.069505 -0.0256561 -0.049645 0.0707526 0.00775601 -0.0558067 0.069505 -0.0365532 -0.0420915 0.069505 0.0323395 -0.045924 0.069505 0.0452022 -0.0323288 0.069505 0.0539995 -0.0131799 0.069505 0.054612 0.00552576 0.069505 -0.0461498 0.00470066 0.067505 -0.046172 -0.00650923 0.067505 0.0112175 0.044131 0.067505 9.83619e-05 0.0455078 0.0675019 -0.0110388 0.0441751 0.067505 -0.0215281 0.0402207 0.067505 -0.030719 0.0339166 0.0675046 0.0308964 0.0337555 0.067505 -0.0434455 0.0155795 0.067505 0.0217672 0.0400985 0.0675047 -0.0382164 0.0254951 0.067505 -0.0169308 -0.00576397 0.079005 -0.016876 -0.000962255 0.081505 -0.0149274 0.0068766 0.079005 -0.0158833 0.00506407 0.081505 -0.00677071 0.0152386 0.079005 -0.00295972 0.0153999 0.081505 0.00601555 0.0147718 0.081505 0.00601555 0.0147718 0.079005 0.0112983 0.0117067 0.079005 0.0161091 0.00586078 0.081505 -0.0121539 -0.0206845 0.079005 -0.0334763 -0.0136158 0.079005 -0.0355237 -0.00523768 0.079005 -0.0355066 0.00338696 0.079005 0.0217107 -0.00112671 0.079005 -0.033426 0.0117569 0.079005 -0.0294029 0.0193857 0.079005 0.0228907 0.00358451 0.079005 -0.0236709 0.02583 0.079005 -0.0138481 0.0176526 0.079005 -0.0165632 0.0307153 0.079005 0.0237769 0.0257361 0.079005 -0.008493 0.0337577 0.079005 0.0166887 0.0306495 0.079005 7.08187e-05 0.0347803 0.079005 0.00863052 0.0337238 0.079005 -0.0114707 -0.0227506 0.081505 -0.049713 -0.031976 0.00344574 -0.0513974 -0.0357826 -0.000271859 -0.0319422 -0.0499407 0.00642301 0.0317394 -0.0501733 0.00307052 0.0457048 -0.0381221 0.00267777 0.0539194 -0.0240375 0.00643091 -0.0585229 -0.00737008 0.00273864 -0.0564244 -0.0200947 0.00198401 -0.0553603 -0.0201371 0.00344574 -0.0361462 0.0551386 -0.00159203 0.0615593 0.0109164 -0.000592059 0.0661211 0.0167405 -0.00189012 -0.0445199 0.0497534 -0.00170693 -0.0567456 0.0363426 -0.00172503 0.0482659 0.0390421 -0.000675065 -0.0632281 0.0210825 -0.0014913 0.0618678 -0.00693226 -0.000442709 0.058186 0.0249528 -0.000982107 0.0651312 0.00602922 0.00051486 0.0650531 -0.00864346 0.000524468 0.0619291 0.0203873 0.000498383 0.0617264 -0.0228526 0.000526786 0.0465217 0.0451663 0.000458273 0.0351015 0.0543607 0.00044899 0.0221279 0.0614983 0.000116458 0.00755352 0.0641149 0.000448989 -0.0346749 0.054593 0.000498388 -0.0461987 0.045449 0.000514865 -0.0553711 0.0339964 0.000524464 -0.061727 0.0208597 0.000526783 -0.0302091 -0.0617953 -0.00180636 -0.00420489 -0.0689884 -0.00186564 -0.067561 0.00569006 -0.00180636 0.0143948 -0.061398 -0.000417331 -0.0658011 -0.019535 -0.00188311 0.0394905 -0.0555298 -0.00184013 0.0482088 -0.0416125 -0.000648735 -0.0549829 -0.040777 -0.00185704 -0.0416638 -0.0531992 -0.00165016 0.025401 -0.063738 -0.0015796 0.0462222 -0.0474199 0.000517067 -0.0440892 -0.0530441 -0.00152893 0.0205264 0.0569755 0.00649389 0.0205155 0.0569449 0.00228461 0.0322073 0.0478384 0.00650002 0.0354159 0.0495212 -0.00034628 0.0344561 0.0491896 0.00545 0.057629 0.0188158 0.00233917 0.0534145 0.0284607 0.00650048 -0.0362767 0.0480178 0.00399748 -0.0446717 0.0405427 0.0065 -0.0193596 -0.0561057 0.00641835 -0.00576131 -0.0592113 0.0065 0.00833801 -0.0588984 0.0065 0.0219528 -0.0552204 0.0065 0.0401524 -0.0440906 0.00650269 0.0577417 -0.0110491 0.00642883 0.0584113 0.00259006 0.00637123 0.0561231 0.0157955 0.00646239 0.0480839 0.0330057 0.00650077 0.0195258 0.0541495 0.0065 0.0513193 -0.0390509 0.00229269 0.056628 -0.0235693 0.0040006 0.054071 -0.029382 0.0023 0.000615117 -0.0619628 0.00383513 -0.00201206 -0.064264 0.00445 -0.037119 -0.0496427 0.00649398 -0.0383844 -0.0518105 0.003925 -0.0406461 -0.0495592 0.00282187 -0.0583377 0.0166113 0.00234006 0.0204885 0.0588954 0.002725 0.0220643 0.0606104 0.00396407 0.0582101 -0.0193139 0.00393863 0.0441312 -0.0430856 0.00226633 -0.0379214 -0.0488911 0.00231878 -0.0542476 -0.0288694 0.00257391 0.0196363 0.0544615 0.00292998 0.0314843 0.0487016 0.00292998 0.039487 0.0422311 0.00312168 0.0497263 0.029954 0.00288734 0.0567962 0.0124091 0.00390973 0.0371409 -0.0518594 -0.000756235 0.0192693 -0.0562786 0.00292436 -0.00622006 -0.0592734 0.00288525 0.0574454 -0.0244601 -0.000539789 0.0606521 -0.0213237 -0.000212575 0.000527971 -0.0641941 0.000700224 0.00447501 -0.0593386 0.00308534 -0.0342996 -0.0527413 -0.000356535 -0.0551067 0.0187557 0.003122 0.00378781 0.0577754 0.00280718 0.0064507 0.0641859 0.004 -0.00933572 0.0638356 0.004 -0.0245796 0.0597176 0.004 -0.0499492 0.0408696 0.00402691 -0.0589205 0.0271825 0.00402906 -0.0639288 0.0132648 0.004 -0.0654839 -0.00244876 0.004 -0.0573078 -0.0327142 0.004 -0.0480518 -0.0455072 0.004 -0.0360032 -0.0557133 0.004 -0.0218622 -0.0627394 0.004 0.0218691 0.0637742 -0.00215538 -0.00709717 0.0641554 0.000463135 -0.00150695 0.0669155 -0.00172503 -0.0214199 0.0609315 0.000477192 0.0537648 0.0392931 -0.00154146 0.0556128 0.0336582 0.000480275 0.0419372 0.0503436 -0.00145257 -0.0465142 -0.0471634 0.000463118 -0.0619288 -0.0223795 0.000498352 -0.0651366 -0.00798997 0.000517064 -0.0650534 0.00664954 0.000524375 0.0228791 -0.0575414 0.00650025 0.0445936 -0.0426164 0.00650016 0.0116414 -0.0608762 0.00650016 0.0517336 -0.0333196 0.00650017 -0.0206216 -0.0586671 0.00648895 0.0569565 -0.020862 0.0065 0.0605471 -0.00842815 0.00650017 0.0608571 0.00317734 0.0065 -0.0429165 -0.0407502 0.0065 -0.046782 -0.0401421 0.0065 -0.0511833 -0.0293244 0.0065 -0.0533638 -0.0305453 0.00650025 -0.0562724 -0.0171103 0.006495 0.0466943 0.0382596 0.00650027 -0.0608486 -0.00533732 0.00650031 -0.0584965 -0.00443617 0.00645052 -0.0570967 0.0117408 0.0065 -0.0605411 0.00646459 0.00650017 -0.0523896 0.0250348 0.0065 0.00576131 0.0572199 0.0065 -0.0521786 0.0305874 0.00650113 0.00172593 0.0601966 0.00646217 -0.0433423 0.0383387 0.00637866 -0.00833801 0.0569071 0.0065 -0.0117249 0.0588669 0.0065 -0.0219528 0.0532291 0.0065 -0.0339378 0.0466817 0.00649711 -0.0229287 0.0555345 0.00650048 0.0606196 -0.00779749 0.0023 0.059954 -0.0188609 0.002675 0.0122636 -0.0607502 0.0023 0.0329738 -0.0525181 0.0035375 -0.0265037 -0.0559703 0.00226688 -0.0018131 -0.0621473 0.0064628 -0.01537 -0.0600275 0.0023 -0.0471327 -0.0397192 0.0023 -0.0606196 0.00580617 0.0023 -0.0605488 -0.00760343 0.00225832 -0.0450443 0.0401384 0.0023 -0.0427302 0.0454299 0.00226221 -0.00989747 0.0593475 0.00229094 -0.0240899 0.054963 0.00226923 0.000574846 0.0623914 0.004325 0.0050737 0.0607005 0.0025625 0.0357281 0.0510157 0.00243125 0.0402328 0.0478171 0.003625 0.0496191 0.0350033 0.00225987 0.0559738 0.0288586 0.0032366 0.0489485 0.0394344 0.0030975 0.060821 0.00405074 0.00226688 0.0589927 0.0145482 0.00400463 0.0638745 -0.0012743 0.00228623 0.040032 -0.0504704 0.00393779 0.0263739 -0.0565012 0.00231185 0.00716341 -0.0635263 0.0024875 -0.00439116 -0.0642498 0.00243125 -0.0116605 -0.0628743 0.00226156 -0.0262563 -0.0588131 0.0023 -0.0362757 -0.0526492 0.0029 -0.053423 -0.0360065 0.00228614 -0.0633644 -0.00493283 0.00309612 -0.0630651 0.00628063 0.00328952 -0.0600533 0.0203281 0.00391583 -0.053328 0.0286582 0.00226587 -0.0535123 0.0331903 0.0023 -0.0340581 0.052274 0.0036375 -0.0379797 0.0523734 0.00397418 -0.0311027 0.0485597 0.00301856 -0.0455327 0.0409321 -0.000370234 -0.0494455 0.0302657 0.0029892 0.058474 -0.00780363 0.00273864 0.0608209 0.0180639 0.0023 0.0581845 0.0168473 0.00172732 0.0631933 -0.00264826 0.004 0.0561217 -0.0205118 0.00225496 0.053812 -0.0347079 0.004 0.0232899 -0.0600601 0.00287461 -0.0267656 -0.0585791 0.004 -0.0154334 -0.0625916 0.004 -0.0520958 -0.0368027 0.004 -0.0614379 -0.0164348 0.00326875 -0.0629956 -0.0190122 0.00397475 -0.0125717 0.0612316 0.00324875 -0.0232904 0.0580686 0.00287461 -0.0407186 -0.0433461 0.00252226 -0.0192693 0.0542873 0.00292437 0.0378836 -0.0544337 0.00400167 0.0252396 -0.0612507 0.00400322 0.00933572 -0.0658269 0.004 0.049979 -0.0433318 0.004 -0.0064507 -0.0661772 0.004 0.0586584 -0.0301409 0.004 0.0639288 -0.0152561 0.004 0.0654839 0.000457442 0.004 0.0631842 0.0162422 0.00398546 0.0573078 0.0307229 0.004 0.0480518 0.0435158 0.004 0.0369482 0.0528596 0.00401593 0.00167288 0.0644609 -0.0010966 -0.0606296 -0.015987 -0.000668682 -0.0581772 0.00558261 0.00288369 -0.0620704 -0.00259553 -0.000494398 -0.0374258 0.0483105 -0.000392285 -0.06038 0.0226865 -0.000940085 -0.0172877 0.063869 -0.00170914 -0.00773132 0.05715 0.00280474 -0.00125078 0.0629742 -0.000773447 0.0219175 0.0574342 -0.000461092 -0.00755178 -0.0661065 0.000448914 0.0346742 -0.0565847 0.000498355 0.0553696 -0.0359899 0.000524373 0.0320115 -0.0546706 -0.000528057 0.0563448 -0.0376635 -0.00160934 -0.0219922 -0.0592024 -0.000400584 -0.0556164 -0.0356454 0.000477172 -0.0351158 -0.056345 0.000443048 -0.0218859 -0.062806 0.000431997 0.00710945 -0.0661467 0.000458236 0.0214153 -0.0629235 0.000480273 0.0665374 -0.0176878 -0.00206478 -0.014178 -0.0591883 0.0806287 -0.0563657 -0.0246392 0.0809948 -0.056802 -0.000347765 0.0809957 -0.0529227 0.017066 0.0809562 0.00489262 0.0584266 0.0808928 -0.0517789 -0.024923 0.0809325 -0.0138381 0.0544132 0.0810095 -0.00323447 0.0505563 0.0785631 -0.0233235 0.0510647 0.0810348 -0.0328137 -0.0478233 0.0810123 -0.0495527 0.0296433 0.0809914 -0.0393121 0.0420538 0.0809243 -0.0183953 -0.0544747 0.0810047 -0.0327218 0.0416773 0.079838 0.0255385 0.0471479 0.0786108 0.0448239 0.0299109 0.0785926 0.0509081 0.0183093 0.0786158 0.0132077 0.05262 0.0789068 0.0447659 -0.0320769 0.078636 0.0360262 -0.0418876 0.078636 1.52631e-05 -0.055425 0.0786217 0.0129514 -0.0539232 0.0786351 0.0130206 0.0518294 0.0758456 -1.52476e-05 0.0534337 0.0786217 -0.0129986 -0.0538572 0.0785825 -0.00159181 -0.0551049 0.0740664 -0.0252483 -0.0491857 0.0740193 -0.0350437 -0.0424069 0.0740414 -0.0444344 0.0301095 0.0741233 -0.0360947 0.0397905 0.0786128 -0.0253194 0.0471528 0.0740067 -0.0131146 0.0516921 0.0741729 -0.036244 -0.0416942 0.0786362 -0.025451 -0.0491853 0.0786362 -0.0540459 -0.00756236 0.0786066 -0.0540511 0.00557373 0.0786175 -0.0447825 0.0301224 0.0786462 -0.0252016 0.0473249 0.0786362 -0.0129546 0.0519309 0.0786346 0.036117 0.0397439 0.0786073 0.0488693 0.033939 0.0808973 0.0509029 -0.0204613 0.078636 0.0251934 -0.0493208 0.0786361 0.0276208 -0.0414401 0.0769481 0.0319324 -0.0380598 0.0783744 0.0476906 0.00921993 0.0784459 0.0351747 0.0425443 0.0809745 -0.0498128 0.0156904 0.075505 0.0252483 0.0471944 0.0740193 0.0540468 0.00556355 0.0786066 -0.00108919 0.0475992 0.0773252 -0.0500784 -0.0160366 0.0761403 0.0222928 0.0435423 0.0715252 0.0269119 0.036554 0.0734907 -0.00176533 0.0460234 0.074505 0.00404555 0.047007 0.0715072 0.0314787 -0.037435 0.0715079 0.000435999 -0.0507929 0.0716925 -0.00214934 -0.0509373 0.0739956 0.0267682 -0.0439473 0.0714965 0.0211704 -0.0463403 0.0757187 0.030562 -0.0440707 0.074055 0.0496227 -0.0153845 0.073555 0.0521533 -0.0065605 0.0750696 0.0482353 0.0129422 0.0739113 -0.0429576 0.0245381 0.0757058 -0.0498134 -0.00526838 0.0757042 -0.051164 -0.0162676 0.074005 -0.0488311 -0.020257 0.0785044 -0.0297401 -0.0409131 0.071505 -0.0304253 -0.0396934 0.075799 0.044229 -0.0251995 0.075714 0.0511143 0.00764514 0.0755094 -0.0516092 0.00760598 0.075705 -0.049494 0.00710744 0.0756888 0.0605555 0.00718369 0.0809955 0.00136056 -0.0568595 0.0809013 0.0566501 -0.0118707 0.0809543 0.0161763 -0.0557728 0.0810367 0.0469374 -0.0385692 0.0809916 0.0434482 -0.0360828 0.0808039 0.0522126 0.0228019 0.0809915 0.0282025 0.0532078 0.0809855 0.0307131 -0.0486988 0.0810349 0.0286061 -0.0452177 0.0784396 0.0350395 0.0393144 0.079714 0.0512353 -0.0181312 0.0800844 0.0168527 0.0523135 0.0809526 0.0535992 -0.00101477 0.0798172 0.0512574 0.0146175 0.0798163 -0.0448004 -0.0319395 0.0786171 0.00454377 -0.0536201 0.078512 0.0489089 -0.0202056 0.0784838 0.0376638 -0.0380723 0.079068 0.0399935 0.0269053 0.0780754 0.030733 0.0391003 0.0755404 0.00014329 0.0541416 0.0808531 -0.040871 0.0315536 0.0785904 -0.0462785 -0.0185191 0.075818 -0.0307789 -0.0448886 0.0797859 -0.0508887 -0.0203467 0.0785905 -0.0509087 0.0183281 0.0786186 -0.0467328 0.0170111 0.0781575 0.00314731 0.0490144 0.0775223 -0.0449741 0.0129342 0.074505 -0.0484991 0.00960092 0.078386 -0.0444289 -0.0196913 0.0715391 -0.0475915 -0.0106092 0.0784233 -0.0389639 -0.0292988 0.077657 -0.0326956 -0.0402658 0.0784994 -0.00457724 -0.0489087 0.0715053 -0.00221846 -0.0481947 0.0783803 -0.0128151 -0.0476833 0.0783491 0.011235 -0.0479174 0.0715121 0.0185008 -0.045509 0.0730466 0.025677 -0.041443 0.0778462 0.00936123 -0.0483579 0.0781393 0.0411108 -0.0263122 0.0784429 0.045798 -0.0142956 0.0756029 0.049872 -0.0143656 0.0785265 0.0443621 0.0154977 0.074505 0.046398 0.0174557 0.0784353 0.02858 0.0374103 0.0784023 0.0113734 0.0459278 0.0784446 -0.0242368 0.0409583 0.0784043 -0.0404157 0.0260085 0.0780019 -0.0300862 0.0357136 0.0781237 0.00141198 0.0525221 0.0740607 0.0529419 -0.00152208 0.0740191 0.0540505 -0.00757139 0.0786175 0.0447748 -0.03189 0.0739995 0.0508478 -0.0202797 0.0742416 0.0121294 -0.0538808 0.0740143 0.0253062 -0.0491509 0.0740038 -0.0444428 0.0176598 0.0715264 -0.0483386 0.000690471 0.0715102 -0.0462994 -0.0145579 0.0715053 -0.03845 -0.0304424 0.0715052 -0.027033 -0.0385675 0.077937 -0.0157107 -0.0468435 0.0715108 0.000849114 -0.0481399 0.073005 0.0249631 -0.0422376 0.0715055 0.0366737 -0.0323502 0.071505 0.0442609 -0.0206466 0.0715053 0.0480969 -0.00481186 0.0715121 0.0474967 0.00815553 0.071527 0.0411562 0.0241846 0.0715123 0.0340542 0.0329727 0.0715053 0.0163605 0.0445522 0.0715107 -0.01437 0.0452342 0.0715104 -0.0274567 0.0395289 0.071505 -0.0382629 0.0286392 0.0715107 -0.0256357 0.0420099 0.0757014 -0.0248261 -0.0465725 0.074055 -0.0114695 -0.0522275 0.074005 -0.0531349 0.00260835 0.0740333 -0.0501467 0.0175927 0.0740239 -0.0393923 0.0337101 0.074005 0.0350844 -0.0423281 0.0739871 -0.0161519 0.0487148 0.074005 0.0161519 0.0487148 0.074005 0.0342875 0.0394169 0.0745844 0.0433662 0.0290659 0.0740267 -0.0405851 -0.0304825 0.0715278 -0.0429648 0.0245783 0.071505 0.0375991 -0.0339549 0.071505 -0.0155021 -0.0487064 0.0715278 -0.0480212 -0.0153781 0.0726175 0.0429648 0.0245783 0.071505 0.0336613 0.0363218 0.0715651 0.0445129 -0.0238402 0.0715123 0.00677737 0.0487521 0.0714946 -0.0479688 0.0125886 0.0718421 0.0497912 0.00356868 0.071505 0.0475238 0.0137954 0.0715988 0.0107272 -0.0498149 0.0715254 0.0318866 -0.0422599 0.0737675 0.0497763 -0.00558318 0.0715165 0.0498457 0.0170281 0.0744066 -0.0146222 0.0470569 0.0715413 -0.0311491 0.0414452 0.073955 -0.0338239 0.0359173 0.0716055 -0.0502253 -0.000194442 0.0715344 -0.0518897 -0.00877634 0.0751413 -0.0468562 0.0202313 0.075705 -0.0397834 0.0332612 0.075705 -0.0241288 0.0454296 0.075705 -0.00313727 0.0520067 0.0756815 0.00732151 0.0507677 0.07533 0.0281252 0.0431937 0.0756985 0.0492356 -0.0189854 0.07438 0.0423792 -0.0322188 0.0750516 0.0150621 -0.0515073 0.0752244 -0.0175195 -0.0507925 0.0757217 -0.0423094 -0.0324927 0.0746592 -0.0115596 -0.0496411 0.075705 -0.00312151 -0.0524616 0.07533 0.00431254 -0.0511992 0.0756714 0.0498366 0.0030428 0.075705 0.0417454 0.0272781 0.0757022 0.0115596 0.0476497 0.075705 0.0192412 0.0451538 0.075705 -0.00760467 0.0485788 0.075705 -0.0403187 -0.0302889 0.075705 0.035138 -0.0367574 0.0755175 0.0494981 -0.00908254 0.075705 -0.0352914 0.034641 0.075705 -0.0254217 -0.0441378 0.0756925 -0.0517647 -0.0293059 0.0037092 -0.0570356 -0.0160952 0.0037092 -0.0199732 -0.0565125 0.0037092 -0.0416725 -0.0489164 -0.000119806 -0.0616697 -0.021503 -0.000558369 -0.0625191 -0.00277283 -7.59018e-05 -0.0625329 0.0220627 -0.000334273 0.0240176 -0.0594833 -0.000191283 -0.00610587 -0.0596791 0.00430433 -0.0607815 0.0128832 0.000368924 -0.0326789 -0.0501194 0.00370921 -0.0589915 -0.00200784 0.00430434 0.00930039 -0.0628507 -7.95301e-05 0.0218644 -0.0557953 0.00370921 0.0343451 -0.0489689 0.00462018 -0.0556939 0.0270259 0.000368924 -0.0434854 -0.0408714 0.00370921 -0.0518578 -0.0403023 -0.000436611 -0.0575196 0.0121401 0.00370922 -0.0419918 0.0460838 -0.000249681 -0.00588057 -0.0629978 0.000107595 -0.0207901 -0.060717 -0.000195648 -0.0473695 0.0395401 0.000368924 0.00811543 -0.0594351 0.00430434 -0.0527046 0.0255237 0.00370921 -0.034332 0.0469895 0.00392755 -0.0448268 0.0373659 0.00362777 0.00656474 0.0647219 -0.000179867 0.046509 -0.0481077 -0.000327128 0.025009 0.0550935 0.000467287 0.00203348 0.063278 -4.70668e-05 0.050588 0.0412432 -0.000171765 0.0248712 0.0525052 0.00520839 0.0118308 0.056812 0.00453978 0.0432263 0.0443044 0.000341529 0.0365012 0.0453553 0.00387474 0.0537842 0.0276386 0.000996027 0.0461696 0.035735 0.00391324 0.0605429 0.0135716 0.000459464 0.0657508 -0.0100701 -0.000381797 0.0533649 0.0241667 0.00534701 0.0621178 -0.000387356 0.000579394 0.0577185 0.0112295 0.00439286 0.0585055 -0.0205343 0.00105608 0.0589841 -0.0023432 0.00503333 0.0559008 -0.0369571 -0.000663032 0.0570992 -0.0158496 0.00507921 0.0409866 -0.0470408 0.00119244 0.0521637 -0.0285624 0.00510676 0.044442 -0.0398018 0.00540212 0.0343445 -0.0489691 0.0796519 0.0448273 -0.0393559 0.0796519 0.0527049 -0.0275134 0.0796519 0.0575195 -0.0141297 0.0796519 0.0589913 1.72636e-05 0.0796519 0.0570347 0.0141054 0.0796519 0.0517635 0.0273159 0.0796519 0.0434839 0.038881 0.0796519 0.0326773 0.0481286 0.0796519 0.0199715 0.0545213 0.0796519 0.00610508 0.0576876 0.0796519 0.00629141 0.0576732 0.00371053 0.00155139 0.0580088 0.0084727 -0.00811607 0.0574434 0.0796514 -0.00548423 0.057797 0.00493711 -0.0218658 0.0538029 0.0796499 -0.0293874 0.0501647 0.00569924 -0.0343445 0.0469778 0.0796519 0.044202 -0.0625591 0.0147519 0.0377878 -0.0678688 0.0150926 -0.0751698 -0.0095949 0.0130373 0.040178 -0.0649057 0.00498705 -0.0730937 0.0108255 0.00342142 0.0172975 -0.073064 0.00661546 0.00692409 -0.0773243 0.0155508 -0.066443 -0.00498645 -0.000106527 -0.0613289 0.038936 0.00368325 0.0104841 -0.0670621 -0.000507506 0.0228963 -0.0632777 -0.000151943 -0.0657559 0.0106335 -0.00196491 -0.0580194 0.0496457 0.0114297 -0.0336277 -0.0663304 0.00465856 -0.0418021 -0.0618299 0.0022023 -0.0461566 -0.0581275 0.00232053 -0.0557553 0.0348968 -0.000342871 -0.0294116 -0.0608621 -8.73707e-05 -0.0444693 -0.0507823 -0.00209013 0.026582 -0.0620711 -0.00201254 0.0116338 -0.075015 0.0028039 0.0253176 -0.0664939 0.00222062 -0.0404388 -0.0542356 -0.000550945 0.00150343 -0.0747234 0.00380267 -0.00402955 -0.0741867 0.00406303 -0.0032643 -0.0671241 -0.00016927 -0.052545 -0.0427475 -0.002155 -0.0639973 -0.0407002 0.00399755 -0.0673077 -0.025039 7.77485e-05 -0.0683862 0.0201161 0.00201336 -0.068281 0.0255961 0.00358734 -0.00895137 -0.0783527 0.0306747 -0.0432513 0.060843 0.0666442 0.00289601 -0.0736092 0.0761542 -0.0756478 -0.0136496 0.0198481 -0.0725005 -0.0292984 0.0425658 -0.0494755 0.0563178 0.0644456 0.00581476 -0.0762911 0.0652307 -0.0514304 0.0566505 0.0534391 -0.0745046 -0.0241787 0.038514 -0.0716509 -0.0285622 0.0576833 -0.0723104 -0.0296113 0.047199 -0.0672973 -0.0367073 0.0714306 -0.0709182 -0.0323155 0.0510064 0.00619734 -0.0777936 0.0585605 -0.0491788 0.0593258 0.0423547 0.00447742 -0.078695 0.0425704 -0.0743895 -0.0235071 0.0317624 -0.0485099 0.0601613 0.0466578 -0.073214 -0.0210394 0.0160509 0.00794773 -0.0784581 0.0485404 -0.0448642 0.0627887 0.0320101 -0.0565482 0.0521286 0.0497901 -0.0572464 0.0504475 0.0568577 -0.0594885 0.0474918 0.0591972 -0.0106332 -0.0768695 0.0189523 0.0133847 -0.0763981 0.0583146 -0.0458839 0.0605704 0.0206956 0.016799 -0.0746639 0.0651875 -0.0694093 -0.0365814 0.0395639 -0.0638183 -0.0439446 0.0583303 -0.0593751 0.0496091 0.0402967 -0.0554747 0.0538359 0.0393221 -0.0613506 0.046361 0.0512456 -0.0693342 -0.0333392 0.0197068 -0.0704215 -0.0334206 0.0279227 -0.0663774 -0.0419067 0.0424026 -0.0643602 -0.0447799 0.0505506 -0.0724521 -0.0266904 0.0197649 -0.0661294 -0.0423587 0.0396038 0.0271968 -0.0727556 0.0590625 -0.0618112 0.0461897 0.0291102 -0.0658997 0.0400615 0.0483192 0.0217837 -0.0754364 0.0510788 -0.0613734 -0.0464092 0.0620586 0.00869481 -0.078056 0.0278731 0.0112815 -0.0770295 0.0223496 0.0183083 -0.0768256 0.0403042 0.0125099 -0.0779858 0.0394632 -0.0643882 0.0326489 0.0760887 -0.0667017 -0.0389739 0.0214968 0.022447 -0.0754742 0.0295326 0.0313796 -0.0698376 0.0648217 0.00956633 -0.0767348 0.0176166 -0.0652179 -0.0386357 0.012625 -0.0694882 0.034057 0.0425624 -0.0573399 -0.0535183 0.0473275 -0.0644735 0.0425912 0.0366288 -0.0587101 -0.0523214 0.0392789 -0.0547548 -0.0563076 0.0425555 -0.0613354 -0.0488983 0.0366282 -0.0707029 0.030813 0.0509787 -0.0617407 -0.0450229 0.0158323 -0.0538566 -0.0557444 0.0575599 -0.0704288 0.0235405 0.0695741 0.0313633 -0.0723784 0.0425644 0.0298723 -0.0718632 0.0217324 -0.0704454 0.0290146 0.0600504 0.0364375 -0.0682218 0.0599101 0.0366571 -0.0672348 0.0643928 0.038079 -0.0691318 0.0480589 -0.0638241 0.0416716 0.0205213 -0.065316 0.041764 0.0331063 -0.0665847 0.0373661 0.0204506 -0.0531601 -0.052044 0.00462853 -0.075037 0.0166793 0.056785 0.0303396 -0.0700272 0.0124566 -0.0513491 -0.0595148 0.0287252 -0.0404833 -0.063952 0.0684788 0.0245585 -0.071897 0.0115693 0.0468396 -0.0623724 0.0560028 -0.0514387 -0.0592539 0.0501132 -0.0504113 -0.0587047 0.0604604 -0.071227 0.0295088 0.0278403 -0.0708603 0.0292117 0.0221714 0.0427035 -0.0662674 0.0394954 0.0455761 -0.0642921 0.0422661 -0.040638 -0.0663436 0.0575831 -0.0756319 0.0177103 0.0499997 -0.0690734 0.0294292 0.0137122 0.0392969 -0.0679371 0.0278844 0.0386855 -0.0672449 0.0206903 -0.0747928 0.0210505 0.0422997 0.0433951 -0.0663061 0.0368518 -0.040685 -0.0670353 0.0510154 -0.0440159 -0.065357 0.0423683 -0.0434995 -0.0657397 0.0395649 0.0410196 -0.0665569 0.0232116 -0.041103 -0.0657214 0.0194739 -0.0400679 -0.0676521 0.0290377 -0.0448904 -0.0625731 0.0140597 -0.0351656 -0.06874 0.0605481 -0.0754243 0.00130713 0.0658234 -0.0729645 0.026575 0.0393637 -0.0525805 -0.0563184 0.0172519 -0.0772996 -0.0115079 0.0402297 -0.0778764 -0.00538217 0.0394577 -0.0777551 0.00240001 0.042594 -0.077917 0.00881267 0.0395996 -0.0766129 0.0126827 0.0366176 -0.0763163 -0.0149744 0.0509443 -0.0137959 -0.077777 0.0402641 -0.019733 -0.0764579 0.0393251 -0.0274551 -0.0738221 0.0425518 -0.0333517 -0.072041 0.0396373 -0.0365509 -0.0697029 0.0366201 -0.0103131 -0.0778617 0.0510471 -0.0102697 -0.0782827 0.0366239 -0.0747135 0.0269179 0.0367116 -0.0782886 -0.00599405 0.0367535 -0.048391 -0.0622093 0.0387945 -0.0199125 -0.077955 0.0367071 -0.000939776 -0.0790244 0.0384974 -0.0526599 0.0559126 0.0279685 -0.0756358 0.0168261 0.0290912 -0.0609157 0.0451281 0.0177908 -0.0652254 0.0394247 0.0587357 -0.0721733 0.0327616 0.0482129 -0.075102 0.0201238 0.0393335 -0.0739305 0.0170596 0.0176025 -0.0761685 0.0087638 0.0582621 -0.077066 0.000843019 0.0591043 -0.0769471 0.00943849 0.0481899 -0.0757095 0.0147529 0.0211736 -0.0771796 0.0104088 0.0327167 -0.0774793 -0.00206455 0.0278656 -0.0746224 -0.0170752 0.0618932 -0.0690823 -0.037153 0.0368389 -0.0776467 -0.000294949 0.0492035 -0.0638012 -0.0454828 0.0292643 -0.0622225 -0.0462816 0.0213263 -0.0265899 -0.0730983 0.0581362 -0.0347307 -0.0708718 0.0328459 -0.0249744 -0.0749013 0.0485013 -0.0371485 -0.0684524 0.0213818 -0.0123043 -0.0739833 0.0027881 -0.000490244 -0.0776872 0.0585157 0.0130539 -0.0781927 0.0367333 0.0198773 -0.0748855 0.0198714 -0.0762897 -0.00383665 0.0599176 0.0300155 -0.0727223 0.031882 -0.012924 -0.0771053 0.0562284 -0.0745248 0.00419766 0.00448773 -0.0772781 -0.00772669 0.0500144 -0.00866194 -0.0762507 0.0639704 -0.0307009 -0.0712856 0.00985974 -0.0765507 0.00165992 0.0197972 -0.023669 -0.0745664 0.0255475 -0.076388 -0.0152526 0.0290921 -0.0721387 -0.0269283 0.0618675 -0.0756166 -0.00108042 0.01432 -0.0696243 -0.0331499 0.0604645 -0.0240176 -0.0727969 0.0149694 -0.0497562 -0.0448617 0.0796361 -0.0465447 -0.0480433 0.0796301 -0.0448354 0.0558335 0.0765449 -0.0402649 0.051389 0.0795029 -0.0174287 -0.0744227 0.0664054 -0.0271861 -0.0614481 0.0794702 -0.0236034 -0.0633463 0.0810651 -0.0583384 0.0302645 0.0795572 -0.0730537 0.00389645 0.0757187 -0.0644297 0.0177507 0.0795994 -0.0119789 -0.0668542 0.0796057 0.0146746 -0.0665305 0.0794811 0.00184083 -0.0672107 0.0794723 0.0288617 -0.0606645 0.0796394 0.0408416 -0.054098 0.07963 -0.0662094 0.00614093 0.0795484 -0.0509956 0.042084 0.0793656 -0.0735366 0.00974805 0.0720494 -0.0714699 0.0191217 0.0720074 -0.0725724 -0.0113456 0.075265 -0.0662787 -0.00986636 0.0796002 -0.0733859 -0.0217231 0.0718264 -0.052375 -0.0521222 0.0756024 -0.0569482 -0.0358681 0.0793587 -0.0625058 -0.0230623 0.0795614 -0.0580163 -0.0492639 0.073306 -0.0418203 -0.064508 0.0728408 -0.0376941 -0.0561594 0.0793492 -0.0268955 -0.0693321 0.0763741 0.0264525 -0.0687781 0.0758181 0.0328173 -0.0663245 0.0765519 0.045573 -0.0607345 0.00386007 0.0756306 0.00976743 0.0189411 0.0723297 0.0215186 0.0647487 0.0725606 0.0256347 0.0565971 0.0501607 -0.058039 0.0640642 -0.00282693 0.0722454 0.0739201 -0.00551961 0.0757756 0.0575829 0.0425 -0.063394 0.066919 0.0744783 0.00650679 0.0108392 0.0035544 0.0756507 0.0584869 0.075999 0.0155782 0.0501936 0.0673774 0.0358049 0.0583952 0.0755914 0.0163005 0.027979 0.0716301 0.0286041 0.0512187 0.0502946 -0.05894 0.0582363 0.00331217 0.07696 0.038953 0.0733984 0.0253168 0.0424054 0.0171177 0.0745762 0.0138206 0.0069681 0.0762438 0.0281537 0.00491364 0.0759573 0.0229372 0.0727201 0.0231534 0.0209017 0.071701 0.0289735 0.0291142 0.0738329 0.0151541 0.013598 0.0501435 -0.0600997 0.0511527 0.0649279 0.0343302 0.0725011 -0.00556082 0.0767455 0.0501219 0.0475269 -0.0629636 0.039881 0.0735401 0.0214328 0.0160951 0.0564348 -0.0524268 0.0655148 0.0596163 -0.0514594 0.0464416 0.0605259 -0.0486741 0.0572607 0.0632789 0.0395133 0.0743412 -0.0135813 0.0754493 0.0483367 -0.000586415 0.0745845 0.0135105 0.0593669 -0.0471056 0.0670373 -0.00608636 0.0764917 0.029346 0.063845 -0.0431539 0.0595751 0.0576134 -0.053571 0.0395846 0.0606584 -0.0497613 0.0425421 0.0502207 -0.0586513 0.0184863 0.0574371 -0.0537186 0.0366167 -0.0218979 0.0714907 0.0644043 0.067722 0.0377007 0.0395389 0.064365 -0.0413114 0.0723726 0.0699547 0.0331063 0.0366089 -0.0245621 0.071701 0.0590595 0.0638889 0.0418155 0.0585174 0.0632676 0.0440271 0.0491716 0.0556428 -0.055714 0.0328975 -0.0147368 0.0760617 0.039682 -0.0204252 0.074106 0.0425553 0.0679954 0.0366419 0.0316969 -0.00987643 0.0751885 0.0201454 -0.0303995 0.070142 0.0653838 -0.00798103 0.0744029 0.0155728 0.0672103 -0.0385012 0.0622953 -0.024915 0.0728646 0.0286591 0.0694108 -0.0322294 0.0630415 -0.0118522 0.0711151 0.00542973 0.05708 -0.0518805 0.0115219 0.0694332 -0.0362165 0.0496172 0.0698534 -0.0340001 0.0564215 0.0633322 -0.0456363 0.0278333 0.064985 0.03616 0.0108474 -0.0373741 0.0655605 0.0637367 0.0658642 -0.0427963 0.0388107 0.0698751 -0.0389053 0.0422717 0.0620249 0.0454752 0.0279443 0.0615329 0.0451265 0.0215707 -0.0244373 0.0728308 0.0496232 0.0702134 -0.0339655 0.0512671 0.0637709 0.0410908 0.0186139 0.0705054 -0.0273453 0.0705247 0.0602078 0.048544 0.0367434 0.0562927 0.052954 0.042475 0.0603181 0.048458 0.0393232 0.0687908 -0.0379086 0.0382193 0.0428145 0.061541 0.0637237 0.0665707 -0.0389209 0.0208403 0.0559812 0.0533191 0.039564 -0.0153022 0.072494 0.0113917 0.0606214 0.0438481 0.013142 0.0645577 -0.0406757 0.0154926 -0.0340209 0.0691961 0.0406469 -0.0287862 0.0715132 0.0387495 0.0535144 0.0553608 0.0505084 0.048879 0.0580547 0.0601427 -0.0435984 0.0623054 0.058447 0.0611716 -0.0452789 0.0138061 -0.0367838 0.0672902 0.0509457 0.0402121 0.0621671 0.0680831 -0.030895 0.0686716 0.0141678 0.0750506 -0.016362 0.0601365 -0.0218674 0.0720966 0.0169402 -0.0281947 0.0708213 0.0229555 0.0701953 -0.0343363 0.0290932 0.0542788 0.0508761 0.00624112 -0.0258707 0.0677078 0.00430548 0.0629878 -0.0356825 -0.000148234 -0.0373697 0.0671859 0.0296453 0.0722914 -0.0295041 0.0319063 -0.0452877 0.0625042 0.0393729 0.0700964 -0.0325419 0.020987 0.0419375 0.0645669 0.0425856 -0.0411981 0.0650287 0.0366057 0.0533017 0.0556122 0.0295578 0.0445557 0.0625937 0.0310227 0.0749706 -0.021466 0.0473124 0.0533649 0.0541852 0.0199979 -0.0396795 0.0629871 0.01116 -0.0440483 0.0607645 0.0136136 -0.0107947 0.0760754 0.0365882 0.0709977 -0.0243459 0.00950265 0.0367782 0.0662455 0.0593912 0.0261692 0.0724479 0.0366332 0.0171596 0.0750598 0.036664 0.0167235 0.075189 0.039584 0.0502537 0.0584305 0.0366719 0.0649514 0.0418844 0.0425636 0.0768819 0.0205667 0.0368055 0.0752129 0.0196671 0.039299 0.0753392 -0.0094889 0.0641687 0.0770748 -0.0129732 0.0395342 0.0739099 -0.0260063 0.0385054 -0.00227394 0.0788293 0.0424278 0.0116694 0.075954 0.0425443 0.0290615 0.0713882 0.0395319 0.025584 0.0722381 0.051266 0.0295412 0.0711624 0.0424688 0.0761679 -0.0167813 0.0501901 0.0767891 0.0116858 0.0425631 0.0778212 -0.0062739 0.0395427 0.0777098 -0.00275693 0.0510517 0.0777536 -0.0068302 0.0424037 0.0753053 -0.0206544 0.0425676 0.0587834 -0.0501685 0.0197792 0.0252879 0.07183 0.0568114 0.0767206 -0.00384355 0.0576477 0.0726154 -0.026235 0.020963 0.0760097 -0.016405 0.0279052 0.0386143 0.0665691 0.0490807 0.0771413 -0.01234 0.0368284 0.0741389 -0.0176178 0.0153673 0.0747522 0.0152859 0.0605155 0.0780449 0.00731982 0.0394515 0.0777771 0.00172074 0.03662 0.0766692 0.0120252 0.0471913 0.0777624 -0.0024779 0.0292623 0.0774256 0.00573511 0.031703 0.076748 0.00130616 0.0215191 0.073222 0.0259049 0.0394659 0.0447098 0.0614826 0.0204547 0.0686151 0.0352558 0.0484952 0.0546824 0.0533245 0.0573423 0.0757483 0.00625975 0.0659099 0.0460631 0.0589192 0.0139766 0.0463613 0.0617298 0.0396306 0.0353307 0.0685526 0.0396533 0.0392863 0.067997 0.0278378 0.0347995 0.0687767 0.0367438 0.0377924 0.0658527 0.0215787 0.0320337 0.0674268 0.0143619 0.0371492 0.0646287 0.0131424 0.0264675 0.0708874 0.0190706 0.0367261 0.0674708 0.0293303 0.0248045 0.0724484 0.0282173 0.0100031 0.0748052 0.0599608 0.0101536 0.0737731 0.0658457 0.00994447 0.0764178 0.0472934 0.0152293 0.0742194 0.0207194 0.0207977 0.0738803 0.0319191 -0.00458102 0.0741977 0.066757 -0.00264447 0.0769695 0.0397694 -0.0159973 0.0739803 0.0585077 -0.0363421 0.0669639 0.0567628 0.0765193 0.00463675 0.0586957 0.0754721 -0.0162847 0.0222415 0.0123646 0.0704967 0.0762649 0.0740588 -0.00629299 0.00586043 0.0335124 0.0642466 0.00403858 0.076392 -0.00314868 0.0193035 0.0284968 0.065763 0.00448353 0.00270265 0.075265 0.0707006 0.0754545 0.00017455 0.0135013 0.076165 0.00168982 0.017695 0.0731565 0.00268579 0.00384029 0.0213222 0.0722311 0.018431 0.0189831 0.0696342 0.00352785 0.0706498 0.0282341 0.0659291 0.0405454 -0.0548157 0.0811903 0.0416583 -0.0580551 -0.000550605 0.0513574 -0.053456 0.0038686 0.0554498 -0.0485525 0.0022833 -0.0355152 0.0549396 -0.000343752 -0.0317453 0.065891 0.0024749 0.0135297 0.0711707 0.00204653 0.0173863 0.0636142 -0.00208673 0.0478497 0.0575081 0.00407237 0.0430523 0.0614322 0.00591364 0.050847 0.0432987 -0.00201082 0.0403714 0.0519927 -0.00191106 0.0611715 0.0356572 -0.000209702 0.0652369 0.0321207 0.00355088 0.0587571 0.0292622 -0.000168627 0.0711442 0.00766557 -3.58024e-05 0.0663295 0.00281986 -0.000304247 0.0690986 -0.0278487 0.00390716 0.0291221 0.0590331 -0.000242696 0.0641373 0.0166962 -0.000113246 0.00530402 0.0733798 0.00985907 0.00257583 0.0663018 -0.00185907 -0.0448273 0.0373646 0.0796519 -0.0527049 0.0255221 0.0796519 -0.0575195 0.0121384 0.0796519 -0.0589913 -0.00200859 0.0796519 -0.0570347 -0.0160967 0.0796519 -0.0517635 -0.0293072 0.0796519 -0.0434839 -0.0408723 0.0796519 -0.0326773 -0.05012 0.0796519 -0.0199715 -0.0565127 0.0796519 -0.00610508 -0.0596789 0.0796519 0.00811616 -0.0594348 0.0796519 0.0218657 -0.0557943 0.0796519 0.0356437 0.053651 0.0795774 -0.00227558 0.0658028 0.0795717 0.0393253 0.0580174 0.0768888 -0.0316873 0.0640441 0.0789746 -0.0283983 0.0694943 0.0728828 -0.0152281 0.0632853 0.0796256 -0.0283893 0.0597025 0.0796249 0.033557 0.0649021 0.0738428 0.0186553 0.07063 0.0732664 0.0682832 -0.0264889 0.0768284 -0.0183028 0.0699622 0.0755057 0.0731535 -0.0108337 0.0751502 -0.00111233 0.066106 0.0812743 0.066789 -0.00665704 0.079472 0.0649283 -0.035388 0.0748082 0.0518484 -0.0422161 0.0794791 0.0651593 0.0069573 0.0795218 0.0587816 -0.0332082 0.0794709 0.0632387 -0.0204746 0.0795633 0.0528595 0.0500353 0.0747695 0.0606478 0.0376424 0.0793505 0.0489977 0.0447537 0.0796982 0.0430826 0.0546963 0.07976 0.0564241 0.0338944 0.0796325 0.0259739 0.0604499 0.0793677 0.014379 0.0624053 0.0796078 0.00994381 0.0648157 0.0814422 -0.0141123 0.0657568 -0.00156149 -0.0208722 0.0616414 -0.000202704 -0.0352796 0.0707959 0.0397199 -0.0466591 0.0639343 0.0429331 -0.0384237 0.0690064 0.0513169 -0.0608585 0.0509722 0.0423789 -0.0625463 0.0481574 0.0508112 -0.0537218 0.05805 0.0500206 -0.0579681 0.0511028 0.0633102 -0.0509815 0.0427689 0.0813199 -0.0421328 0.0503141 0.0814831 -0.044098 0.0538318 0.08027 -0.0521948 0.0568812 0.063234 -0.0610465 0.0489721 0.0568958 -0.0476779 0.058166 0.0735337 -0.0535138 0.0507357 0.0764896 -0.0420658 0.062101 0.0745755 -0.0342038 0.0563392 0.0813523 -0.0337235 0.0666758 0.0740702 -0.0396489 0.0568936 0.0789648 -0.0509879 0.0590812 0.0592305 -0.0612179 0.0505054 0.0397432 -0.0670929 0.039886 0.0396909 -0.0765896 0.022599 0.0423314 -0.0771358 0.0192725 0.0495502 -0.0700495 0.0379938 0.0438886 -0.0632949 0.0470473 0.0517403 -0.0647628 0.0188873 0.0812178 -0.0715232 0.0255622 0.0724739 -0.0596119 0.0286512 0.0814502 -0.0641039 0.0320679 0.0794192 -0.0712278 0.0314155 0.0627697 -0.0770497 0.0167066 0.056629 -0.0643779 0.0395795 0.0715098 -0.0705351 0.0311587 0.0586878 -0.0524843 0.0411172 0.0812953 -0.0613483 0.037365 0.0790214 -0.0568602 0.0463624 0.0765509 -0.0611997 0.0444612 0.0648153 -0.067113 0.0403313 0.0591249 -0.0770135 0.0206575 0.039331 -0.0796767 0.00703252 0.0451957 -0.0795073 -0.0110198 0.0426413 -0.0783113 -0.0148271 0.0511254 -0.0798061 -0.00174273 0.0501222 -0.0774475 0.0169629 0.0514354 -0.0763713 -0.00680691 0.067123 -0.0765295 -0.0152821 0.0573456 -0.0666262 -0.00343305 0.0813768 -0.0715993 0.00336277 0.0796463 -0.0751215 0.00353544 0.0747943 -0.0786515 -0.00279283 0.0604509 -0.0710159 -0.00694445 0.0779992 -0.0772126 0.00695373 0.0646978 -0.0665424 0.00714895 0.0814317 -0.074103 0.00972252 0.0751603 -0.0653509 0.0182399 0.0811457 -0.0726295 0.0198896 0.0751712 -0.0786496 0.00292299 0.0579339 -0.0764582 0.0142052 0.0627917 -0.0753968 -0.0281207 0.0426876 -0.0682479 -0.0428461 0.042455 -0.0665067 -0.0448393 0.0496784 -0.0731212 -0.0325729 0.0492921 -0.0756342 -0.0262982 0.0474483 -0.0780754 -0.0159625 0.0514853 -0.0791782 -0.0125692 0.0395949 -0.0681276 -0.0262826 0.0778539 -0.0714773 -0.0330364 0.061944 -0.0657508 -0.0450224 0.0572399 -0.070943 -0.027682 0.0739348 -0.0579836 -0.0350549 0.0813114 -0.0671343 -0.01026 0.0813967 -0.0743432 -0.011871 0.0749307 -0.0739343 -0.0290015 0.0583456 -0.0763938 -0.017449 0.0626341 -0.0660639 -0.0202955 0.0812643 -0.0601681 -0.0537191 0.0399056 -0.0595531 -0.0543666 0.0425841 -0.0459937 -0.0667243 0.0424078 -0.0422591 -0.068381 0.0509236 -0.0529952 -0.0607223 0.0495194 -0.0588111 -0.0548664 0.0474426 -0.0652379 -0.0464149 0.0516383 -0.0678093 -0.0435086 0.0396396 -0.0421911 -0.0680735 0.0566556 -0.0465876 -0.0596173 0.0748502 -0.047303 -0.048233 0.0816204 -0.0526384 -0.0584879 0.0639633 -0.0533327 -0.0541054 0.075828 -0.0383736 -0.0562631 0.08137 -0.0567531 -0.0526962 0.0645142 -0.0503843 -0.0450741 0.0814515 -0.0581922 -0.0366058 0.0811806 -0.0587426 -0.0536547 0.0580186 -0.0635219 -0.04584 0.0652186 -0.0633232 -0.0407908 0.0756906 -0.0446148 -0.0673998 0.0395636 -0.0315153 -0.074818 0.0426433 -0.0143352 -0.0796724 0.0424309 -0.0114526 -0.0798042 0.0504355 -0.0317837 -0.0741437 0.0474379 -0.0410695 -0.0690573 0.0516085 -0.0245708 -0.0768933 0.0503277 -0.011258 -0.0793506 0.0570615 -0.0125007 -0.0672051 0.0812727 -0.0252439 -0.0732396 0.0657344 -0.0187682 -0.0742379 0.0746912 -0.0217904 -0.076378 0.0600615 -0.0142721 -0.069532 0.0802857 -0.0326019 -0.0655743 0.0772582 -0.0325327 -0.0594427 0.0813237 -0.0406342 -0.0613888 0.0789935 -0.0266683 -0.0754842 0.0573741 -0.0393819 -0.0680341 0.0642971 -0.032287 -0.0709604 0.067275 0.00247367 -0.0810863 0.042685 0.0188579 -0.0787128 0.0424186 0.0217888 -0.0774918 0.0509398 0.00909454 -0.0803341 0.0498309 0.000664284 -0.0807464 0.0474614 -0.00990782 -0.0798634 0.0516896 -0.0132421 -0.0798946 0.0396912 0.0133581 -0.0763907 0.0701696 0.0141283 -0.0667741 0.0813209 0.00303929 -0.0761109 0.0762411 0.0216837 -0.0766443 0.0583988 0.00996024 -0.0789041 0.0604865 -0.000995819 -0.0680945 0.0812893 -0.00269025 -0.0772592 0.0710807 -0.0123478 -0.0679194 0.0813258 -0.00868958 -0.0782506 0.0643424 -0.000574369 -0.0797888 0.0586136 -0.0129731 -0.0754068 0.075283 0.0191936 -0.0786591 0.0397186 0.0303343 -0.0735225 0.0396815 0.0229213 -0.0770955 0.0517099 0.0389042 -0.0705011 0.0492264 0.0302563 -0.0749947 0.0476291 0.0329904 -0.0739078 0.0426764 0.047392 -0.065518 0.0422881 0.0506436 -0.063048 0.0491996 0.036184 -0.0690813 0.0682927 0.0432044 -0.0665319 0.059418 0.0307282 -0.0601608 0.0815194 0.0506987 -0.0613372 0.0575678 0.0474953 -0.0630462 0.0619735 0.0412469 -0.061837 0.0785421 0.0194351 -0.0650638 0.0813025 0.0172845 -0.0717848 0.0773228 0.0201115 -0.0741546 0.0719935 0.0375893 -0.0700031 0.0592596 0.0282467 -0.0739954 0.060704 0.0283812 -0.0718982 0.0719501 0.0270764 -0.0677503 0.0793335 0.0491714 -0.0641001 0.0397097 0.0586247 -0.05543 0.0399312 0.0712226 -0.0368938 0.0494935 0.0632092 -0.0476627 0.0498484 0.0590466 -0.0546901 0.0476259 0.0519212 -0.0611534 0.0517172 0.062303 -0.0515442 0.0426983 0.0521382 -0.0424465 0.0814445 0.055902 -0.0466556 0.0790771 0.0612379 -0.0481732 0.0666485 0.0669515 -0.0422233 0.0587926 0.0595304 -0.034475 0.0813024 0.0532228 -0.0536364 0.0759914 0.0462108 -0.0491114 0.0813962 0.0462121 -0.0600432 0.075995 0.0541969 -0.057784 0.0609621 0.0798048 -0.00712857 0.0424533 0.0769616 -0.0232972 0.0426901 0.0794858 -0.00384908 0.0509601 0.0789627 -0.0108485 0.0500217 0.0768952 -0.0219903 0.0474258 0.0719742 -0.0347381 0.0516374 0.0710117 -0.0378419 0.0395917 0.0790208 -0.00235712 0.0567754 0.0644903 -0.0184326 0.0812281 0.0762965 -0.0181286 0.0632811 0.0746887 -0.0127842 0.0751815 0.0695028 -0.020156 0.0795166 0.0675895 -0.00677676 0.081339 0.0766735 -0.0198337 0.0590813 0.0614034 -0.0274255 0.0813598 0.0661406 -0.0361704 0.0763993 0.0708598 -0.0328956 0.0646539 0.0730219 -0.0250044 0.058228 0.0796561 0.00641155 0.0399005 0.0793786 0.00994158 0.042672 0.0753938 0.0258782 0.0424525 0.0737638 0.0287536 0.050962 0.0761369 0.0221403 0.0500264 0.0787844 0.0111166 0.0474214 0.079483 -0.00254005 0.0514695 0.0798554 -0.00636384 0.0395762 0.0733888 0.0282459 0.0582448 0.0638314 0.0208473 0.08113 0.0725161 0.0192743 0.0757446 0.0656164 0.00973712 0.081204 0.0702905 0.00956706 0.079894 0.0763813 0.0145717 0.063953 0.0737179 0.00340005 0.0762315 0.0673347 -0.00495437 0.0812514 0.073347 -0.00656562 0.0773289 0.0779078 0.0138938 0.0577178 0.0773702 -0.00110211 0.0637882 0.075092 0.0265938 0.0394636 0.0701549 0.0378393 0.0408346 0.0577364 0.0543376 0.0425164 0.0651358 0.0450822 0.0480212 0.0558414 0.0558031 0.0497708 0.0733409 0.0298508 0.0509354 0.0634407 0.0477325 0.0426526 0.0519143 0.0441569 0.081083 0.0556835 0.0355505 0.0814449 0.0555188 0.0554062 0.056479 0.0624167 0.0429559 0.0634387 0.0585716 0.0488479 0.0680119 0.0668231 0.0379894 0.0662644 0.0585422 0.0312837 0.0813407 0.069 0.0230862 0.0786771 0.0694935 0.035913 0.0590702 0.0667797 0.0337815 0.0757608 0.0569614 0.0551793 0.0395951 0.0449621 0.065324 0.0427033 0.0304996 0.0730236 0.0425219 0.0279495 0.0735908 0.0497735 0.0414423 0.0672594 0.0473479 0.0543379 0.0570309 0.0514964 0.028234 0.0724175 0.0585284 0.0261117 0.060935 0.0813149 0.034182 0.0666867 0.0743661 0.0358123 0.0549784 0.0814731 0.0395421 0.0591785 0.079523 0.0396455 0.0665267 0.0624913 0.0393869 0.0527754 0.0813858 0.0485382 0.0458759 0.0812475 0.0541289 0.0507963 0.0764564 0.0424468 0.0654487 0.0596076 0.0503305 0.0592936 0.0603807 0.0468614 0.0578895 0.0750726 0.029489 0.073392 0.0395532 0.0141381 0.0778736 0.0426607 -0.00493213 0.0785005 0.0499868 0.00915453 0.0781249 0.0492869 0.015826 0.0771739 0.0474282 0.0259536 0.0741475 0.0515327 -0.00443279 0.0775424 0.0585362 0.0128148 0.0725286 0.076835 0.00856542 0.0768597 0.0624781 0.0246096 0.0619237 0.0812604 0.0187257 0.0708672 0.0771983 0.0279502 0.0692313 0.0737292 0.0244819 0.071917 0.0649577 0.0153883 0.0744733 0.0578645 0.0161285 0.0747592 0.0658152 -0.00271454 0.0789582 0.0397721 -0.0207201 0.0765115 0.0427061 -0.0348079 0.07096 0.0436655 -0.0249641 0.0749184 0.0490707 -0.0132855 0.0778245 0.0481276 -0.00663963 0.0781869 0.0517746 -0.028715 0.0601889 0.0812795 -0.0178048 0.0629937 0.0815624 -0.0219653 0.0732351 0.0661789 -0.0356413 0.069306 0.0573625 -0.026757 0.0728994 0.0601028 -0.0188959 0.0714283 0.0764453 -0.0128894 0.069157 0.0782762 -0.0125861 0.0725409 0.0727659 -0.00383864 0.0659271 0.081379 -0.00296361 0.0744509 0.0754223 -0.0197919 0.0751439 0.0594273 -0.00809412 0.0763756 0.0637253 -0.0255154 0.0608011 -0.00151906 -0.0355333 0.0553522 -0.00213915 -0.0389543 0.0593644 -0.000409047 -0.0245477 0.0741128 0.0224114 -0.036095 0.0687173 0.019022 -0.0406288 0.0644056 0.00952227 -0.0537211 0.0577218 0.0276602 -0.0471223 0.0637703 0.0386019 -0.029672 0.073362 0.0367334 -0.026329 0.0740466 0.0282225 -0.0389249 0.0685463 0.029177 -0.0569476 0.0553389 0.0392734 -0.0515645 0.0513824 0.0038318 -0.0508978 0.055607 0.0137671 -0.0379298 0.0658241 0.0205699 -0.0481593 0.0612477 0.0194793 -0.0451246 0.0582417 0.00409871 -0.0477618 0.0563268 0.00266567 -0.0456399 0.048307 -0.00202988 -0.0524053 0.0554401 0.0219242 -0.0488258 0.0447556 -0.000709328 -0.0632673 0.0408575 0.00552308 -0.0616643 0.0477782 0.0191449 -0.0608719 0.0389918 0.000743067 -0.0521666 0.04056 -0.00208489 -0.0748354 0.0272819 0.0393595 -0.0628642 0.0484709 0.0365987 -0.0567491 0.0546781 0.0367713 -0.0547403 0.0568249 0.0285562 -0.0639802 0.0463822 0.030262 -0.0729547 0.0308105 0.028628 -0.0697111 0.0385304 0.0386318 -0.0728822 0.0202667 0.00608791 -0.0729109 0.0284445 0.020545 -0.0763395 0.0165471 0.0173208 -0.0794428 -0.00146918 0.027264 -0.0798732 -0.00549465 0.0394549 -0.0795635 0.00768268 0.0386476 -0.0775342 0.0186852 0.0365636 -0.0737316 0.0291192 0.0294312 -0.0780371 0.0147834 0.0299745 -0.0796628 0.00509601 0.0311665 -0.0668588 -0.00629535 -0.00206838 -0.0748691 -0.0111386 0.00495876 -0.0705502 -0.0198425 0.0013586 -0.0791809 -0.00316846 0.0224608 -0.0760238 -0.0167057 0.0155625 -0.064784 -0.0173812 -0.00213663 -0.071189 -0.0374939 0.0395626 -0.0761652 -0.025801 0.0386893 -0.0786591 -0.0153927 0.0365768 -0.0797973 -0.00570945 0.0359006 -0.0784437 -0.0158995 0.0293586 -0.0763019 -0.0240759 0.031647 -0.0724963 -0.0336951 0.0275177 -0.0707138 -0.0351024 0.0196512 -0.0565572 -0.0469886 0.00170763 -0.0676383 -0.0410747 0.0206053 -0.0605389 -0.0483757 0.00886499 -0.0499757 -0.0634647 0.0393438 -0.0592841 -0.0548392 0.0366038 -0.0705904 -0.0389574 0.0367975 -0.0718829 -0.0350279 0.0282831 -0.0656037 -0.0465403 0.0292525 -0.0527042 -0.0604494 0.027396 -0.0602008 -0.0532454 0.0315929 -0.0590203 -0.0551728 0.0392007 -0.0511907 -0.0589337 0.0218761 -0.0416883 -0.0675486 0.0187448 -0.0347009 -0.0676955 0.00449993 -0.0310989 -0.0603728 -0.00218941 -0.0408978 -0.0543737 -0.00214429 -0.0202389 -0.0783928 0.0393203 -0.0385132 -0.0711836 0.036447 -0.0495855 -0.0638129 0.036776 -0.0513503 -0.0620066 0.0295513 -0.0352576 -0.0725058 0.0317918 -0.0322636 -0.074318 0.0386099 -0.024007 -0.0768054 0.0274556 -0.0167806 -0.0659323 -0.00189496 -0.00442175 -0.0745712 0.0023321 -0.0227602 -0.0765807 0.0219552 -0.00796262 -0.0786057 0.0153818 -0.0044012 -0.0677053 -0.00225169 0.0128307 -0.0799599 0.0394604 0.000146014 -0.0811022 0.038647 -0.0105324 -0.0802649 0.0365795 -0.0220998 -0.077762 0.0295106 -0.00733731 -0.0805094 0.032125 0.0088006 -0.0799881 0.0275324 0.0125835 -0.0668817 -0.00190896 0.0165993 -0.075712 0.00925688 0.0230324 -0.0636477 -0.00211271 0.0249064 -0.0744552 0.0129972 0.0109504 -0.078861 0.0205545 0.0205594 -0.0767842 0.0192154 0.0160536 -0.0720835 4.60213e-05 0.0259513 -0.069978 0.00215579 0.0435151 -0.0681511 0.0394734 0.0317848 -0.0741017 0.0366354 0.0141935 -0.0798995 0.0366919 0.0100264 -0.0787051 0.0285545 0.0229775 -0.0775183 0.0293592 0.0307701 -0.0745696 0.0317672 0.04015 -0.0695926 0.0275587 0.0445045 -0.0647139 0.0150572 0.0522849 -0.0591121 0.0158752 0.0463303 -0.0489208 -0.00196671 0.0365071 -0.0574709 -0.00144752 0.0645928 -0.0472368 0.0272006 0.0592376 -0.0546982 0.0380023 0.0411503 -0.0673641 0.0297054 0.0458986 -0.0665706 0.036791 0.0508867 -0.0601797 0.0292129 0.054286 -0.0593797 0.0315651 0.0673544 -0.0441894 0.039382 0.0612988 -0.0520145 0.031783 0.0652234 -0.0457053 0.0215739 0.063497 -0.0460273 0.0219017 0.0573097 -0.0358415 -0.00192713 0.0667221 -0.0382041 0.00846843 0.0625101 -0.0242852 -0.00208483 0.0712686 -0.0334591 0.0168364 0.0759961 -0.0261008 0.0386751 0.0681101 -0.0432843 0.0366697 0.0658382 -0.0458103 0.0294089 0.0733315 -0.0325977 0.0321289 0.0790803 -0.0133357 0.0394969 0.0778411 -0.0170776 0.0275871 0.0770782 -0.0112287 0.0151928 0.0663648 -0.00969386 -0.00211256 0.0715805 0.00266027 -0.000410273 0.0668728 0.00174959 -0.00219288 0.0780004 -0.00217007 0.0163091 0.0776711 -0.0141913 0.0216583 0.0753674 0.0028604 0.00413934 0.0799813 0.00388145 0.0364997 0.0791966 -0.0125127 0.036782 0.0785152 -0.0149457 0.029557 0.0798628 -6.63571e-05 0.0319818 0.0772037 0.0201592 0.0392551 0.0776665 0.0160764 0.0274834 0.0643576 0.0177887 -0.00205035 0.065978 0.0319955 0.0023992 0.0600363 0.0287025 -0.00215763 0.06956 0.0318662 0.0108267 0.0735461 0.0270159 0.0198493 0.0752417 0.0156729 0.0220745 0.0711308 0.0243667 0.00518069 0.0682757 0.0218032 -0.000185433 0.0621129 0.0494734 0.0392996 0.0710881 0.0359801 0.0364892 0.077404 0.0181791 0.0295399 0.0728389 0.0309002 0.0295898 0.0705538 0.0361377 0.0317848 0.0640052 0.0461932 0.0274757 0.053186 0.0564342 0.0172 0.0628371 0.0470687 0.0218457 0.0365538 0.0701879 0.0396331 0.0500429 0.0615781 0.0365679 0.0617029 0.0500095 0.0366905 0.0629813 0.0477575 0.0294517 0.0527647 0.0589391 0.0321586 0.0377067 0.0683528 0.0209101 0.0290515 0.0595776 -0.00203722 0.0192084 0.071172 0.00256448 0.0275461 0.0726177 0.0192521 0.0288425 0.0689181 0.00441106 0.00399909 0.0789043 0.0395692 0.0166236 0.0773661 0.0386928 0.0268397 0.0743316 0.0365889 0.0355664 0.0707245 0.0366936 0.0376667 0.0691811 0.0294562 0.0248672 0.0746652 0.0299325 0.0183874 0.0766065 0.0317951 0.00788955 0.0780989 0.0276115 0.00436665 0.0777352 0.0203845 -0.00994408 0.0747524 0.00872111 -0.00495107 0.0774688 0.0190706 -0.0109336 0.0718359 0.00159071 -0.00930948 0.0652196 -0.00184954 -0.00189971 0.0741114 0.00326819 -0.0251935 0.0744523 0.0281755 -0.0290124 0.0736126 0.0392134 -0.0164913 0.0773215 0.0385796 -0.00537455 0.0788163 0.0365691 0.00335803 0.0789029 0.0367268 0.00577688 0.0784421 0.0294829 -0.00749793 0.0781617 0.028039 -0.0089622 0.0782045 0.0319737 -0.0580294 0.0329149 -0.00194441 -0.062757 0.0231799 -0.00217558 -0.0641531 0.0450652 0.0205986 -0.0703351 0.0264103 0.00388963 -0.0707394 0.0319354 0.0154371 -0.0667861 0.0363111 0.00885017 -0.0667216 -0.000218749 -0.00209886 -0.0726964 -0.00479053 0.00140966 -0.0779674 0.00161413 0.0163237 -0.0691388 0.00767292 -0.0011016 -0.0759842 -0.00379874 0.00601047 -0.0637218 -0.0202638 -0.00214752 -0.0592488 -0.0325321 -0.00190657 -0.0660298 -0.0343884 0.0021767 -0.0696806 -0.0331968 0.0114862 -0.0772754 -0.0178321 0.0215084 -0.0717849 -0.0262462 0.00632787 -0.0638156 -0.0475213 0.0217306 -0.0524785 -0.0582668 0.0146109 -0.0529984 -0.0502955 7.74856e-05 -0.0576077 -0.0523049 0.0117963 -0.0202964 -0.0739824 0.00485249 -0.0265258 -0.0742135 0.0160299 -0.0392585 -0.0696656 0.0211886 -0.0178199 -0.0707863 -7.08995e-05 -0.0275443 -0.0635183 -0.00164962 -0.0013444 -0.0676041 -0.00213802 0.0099873 -0.0671595 -0.002079 -0.00516442 -0.0778989 0.0217972 -0.000747536 -0.0781096 0.0135578 0.00113763 -0.0730117 5.09213e-05 0.0275522 -0.0745749 0.0204659 0.0315521 -0.0715448 0.0117489 0.0297822 -0.0656811 -0.000259811 0.0524559 -0.0414401 -0.00214989 0.0617444 -0.0494645 0.0178928 0.0535422 -0.0582815 0.0189303 0.0631236 -0.0433758 0.00600279 0.0607909 -0.0400925 8.75209e-05 0.0663778 -0.0115507 -0.00201609 0.07584 -0.0177823 0.0145941 0.0662011 -0.0226259 4.68216e-05 0.0736799 -0.0122078 0.0012101 0.0735072 -0.0236895 0.00991894 0.0758771 0.0144847 0.0135306 0.0707134 0.0175862 0.00340711 0.0649938 0.0147527 -0.00209054 0.0784485 0.00566772 0.0206997 0.0786363 -0.00104793 0.020312 0.0777472 0.00349186 0.0157021 0.0755047 0.00872935 0.00647661 0.0553337 0.0359476 -0.00210724 0.0565349 0.0449749 0.00175885 0.0590549 0.0458053 0.00474533 0.0644973 0.0428617 0.0161883 0.0706022 0.0295526 0.020578 0.0643428 0.038725 0.00450725 0.0720911 0.0314509 0.0213539 0.03072 0.0585767 -0.00212864 0.0369008 0.0661531 0.00929539 0.0467614 0.0612554 0.015904 0.0328524 0.063327 -4.98576e-05 0.00972026 0.0647063 -0.00214049 0.00458502 0.0735251 0.00364412 0.0207722 0.074776 0.0204552 0.00858108 0.0764619 0.0148716 -0.0221234 0.0617896 -0.00226907 -0.0191737 0.0754422 0.0196988 -0.015882 0.0743751 0.0118167 -0.0263405 0.0700314 0.00490105 -0.0168656 0.0701952 0.00167892 -0.014456 0.0562223 0.00350562 -0.0272642 0.0542113 0.000821462 -0.0241813 0.0528227 0.004259 0.0465 -0.000995661 0.019 0.0451488 -0.0121238 0.019 0.0465 -0.000995661 0.059 0.0451488 -0.0121238 0.059 0.0411737 -0.0226053 0.019 0.0411737 -0.0226053 0.059 0.0348057 -0.0318309 0.019 0.0348057 -0.0318309 0.059 0.026415 -0.0392644 0.019 0.026415 -0.0392644 0.059 0.0164891 -0.0444739 0.019 0.0164891 -0.0444739 0.059 0.00560496 -0.0471566 0.019 0.00560496 -0.0471566 0.059 -0.00560496 -0.0471566 0.019 -0.00560496 -0.0471566 0.059 -0.0164891 -0.0444739 0.019 -0.0164891 -0.0444739 0.059 -0.026415 -0.0392644 0.019 -0.026415 -0.0392644 0.059 -0.0348057 -0.0318309 0.019 -0.0348057 -0.0318309 0.059 -0.0411737 -0.0226053 0.019 -0.0411737 -0.0226053 0.059 -0.0451488 -0.0121238 0.019 -0.0451488 -0.0121238 0.059 -0.0465 -0.000995661 0.019 -0.0465 -0.000995661 0.059 -0.0572856 0.013124 0.019 -0.059 -0.000995661 0.059 -0.0572856 0.013124 0.059 -0.059 -0.000995661 0.019 -0.0522419 0.026423 0.019 -0.0522419 0.026423 0.059 -0.0441621 0.0381286 0.019 -0.0441621 0.0381286 0.059 -0.0335158 0.0475604 0.019 -0.0335158 0.0475604 0.059 -0.0209217 0.0541703 0.019 -0.0209217 0.0541703 0.059 -0.00711166 0.0575742 0.019 -0.00711166 0.0575742 0.059 0.00711166 0.0575742 0.059 0.00711166 0.0575742 0.019 0.0209217 0.0541703 0.019 0.0209217 0.0541703 0.059 0.0335158 0.0475604 0.019 0.0335158 0.0475604 0.059 0.0441621 0.0381286 0.059 0.0441621 0.0381286 0.019 0.0522419 0.026423 0.059 0.0522419 0.026423 0.019 0.0572856 0.013124 0.059 0.0572856 0.013124 0.019 0.059 -0.000995661 0.019 0.059 -0.000995661 0.059 -0.026415 0.0372731 0.059 -0.0164891 0.0424826 0.059 -0.00560496 0.0451653 0.059 0.0572856 -0.0151153 0.059 0.0522419 -0.0284143 0.059 -0.0441621 -0.0401199 0.059 -0.0335158 -0.0495517 0.059 0.00560496 0.0451653 0.059 -0.0522419 -0.0284143 0.059 0.0451488 0.0101325 0.059 -0.0209217 -0.0561616 0.059 -0.0572856 -0.0151153 0.059 -0.00711166 -0.0595655 0.059 0.00711166 -0.0595655 0.059 0.0164891 0.0424826 0.059 0.026415 0.0372731 0.059 0.0411737 0.020614 0.059 0.0348057 0.0298395 0.059 -0.0451488 0.0101325 0.059 0.0209217 -0.0561616 0.059 -0.0411737 0.020614 0.059 0.0335158 -0.0495517 0.059 -0.0348057 0.0298395 0.059 0.0441621 -0.0401199 0.059 -0.026415 0.0372731 0.019 -0.0164891 0.0424826 0.019 -0.00560496 0.0451653 0.019 0.0572856 -0.0151153 0.019 0.0522419 -0.0284143 0.019 -0.0441621 -0.0401199 0.019 -0.0335158 -0.0495517 0.019 0.00560496 0.0451653 0.019 -0.0522419 -0.0284143 0.019 0.0451488 0.0101325 0.019 -0.0209217 -0.0561616 0.019 -0.0572856 -0.0151153 0.019 -0.00711166 -0.0595655 0.019 0.00711166 -0.0595655 0.019 0.0164891 0.0424826 0.019 0.026415 0.0372731 0.019 0.0411737 0.020614 0.019 0.0348057 0.0298395 0.019 -0.0451488 0.0101325 0.019 0.0209217 -0.0561616 0.019 -0.0411737 0.020614 0.019 0.0335158 -0.0495517 0.019 -0.0348057 0.0298395 0.019 0.0441621 -0.0401199 0.019 -0.0170141 -0.0159012 -0.00399604 0.0457103 0.00388025 0.00100518 0.0503822 0.00534019 0.00100502 0.0477417 0.00327811 0.00500502 0.0154119 0.0455 0.00500502 0.0229014 0.0477111 0.00500502 0.0237191 0.0489379 0.00100502 -0.0492398 -0.00125753 0.00100503 0.00993683 -0.0198515 0.0664256 0.00945455 -0.0155303 0.079005 -0.00687165 -0.0208225 0.0789609 -0.00709528 -0.0165353 0.079005 -0.0117658 -0.0215132 0.0657268 -0.0192947 -0.00290237 0.0784591 -0.0243603 -0.00252634 0.0670975 -0.00987871 0.0176533 0.0789565 0.00977919 0.0207466 0.079005 0.00692323 0.0193868 0.0658576 0.0244894 0.0024809 0.0785201 0.0206528 0.00024711 0.0662896 0.0212708 0.00205717 0.079005 0.0155305 0.00541276 0.079005 0.0141313 0.00809112 0.085005 0.0166029 -0.00356547 0.085005 0.0150906 -0.00929396 0.0790105 0.00939268 -0.0154686 0.085005 -0.00203556 -0.0174881 0.07909 -0.0115474 -0.013199 0.085005 0.0228777 0.0109538 0.079005 0.026178 0.0029506 0.077005 0.0250482 -0.00722209 0.079005 0.0228302 -0.0130356 0.077005 0.0156266 -0.0207538 0.079005 0.0129722 -0.0240735 0.077005 0.0143341 -0.0227996 0.079005 -0.000867325 -0.0274553 0.079005 -0.00870629 -0.0264498 0.077005 0.0425751 0.0150546 0.067005 0.0296678 0.019396 0.077005 0.0336858 0.0117035 0.077005 0.0374969 0.0247771 0.067005 0.045179 0.00439934 0.067005 0.0360973 -0.00106693 0.0770134 0.0451573 -0.00656948 0.067005 0.0336353 -0.013828 0.077005 0.0425112 -0.0172144 0.067005 0.0373945 -0.0269167 0.067005 0.0295869 -0.0215046 0.077005 0.023819 -0.0279892 0.077005 0.0301046 -0.0351126 0.067005 0.0166669 -0.0329051 0.077005 0.0210651 -0.0413257 0.067005 0.00854616 -0.0359665 0.077005 0.0108014 -0.045195 0.067005 -7.1262e-05 -0.0369956 0.077005 -9.00672e-05 -0.0464956 0.067005 -0.00868454 -0.0359325 0.077005 -0.0109763 -0.0451519 0.067005 -0.0212246 -0.041242 0.067005 -0.0167931 -0.0328389 0.077005 -0.0239257 -0.0278947 0.077005 -0.0302394 -0.0349931 0.067005 -0.0374969 -0.0267684 0.067005 -0.0296678 -0.0213873 0.077005 0.0458501 0.0162893 0.055005 0.0403812 0.0267596 0.067005 0.0458501 0.0162893 0.067005 0.0403812 0.0267596 0.055005 0.0486543 0.00481434 0.055005 0.0486543 0.00481434 0.067005 0.0486309 -0.00699823 0.055005 0.0486309 -0.00699823 0.067005 0.0457813 -0.018462 0.055005 0.0457813 -0.018462 0.067005 0.040271 -0.0289106 0.055005 0.040271 -0.0289106 0.067005 0.0324203 -0.0377369 0.067005 0.0226855 -0.044428 0.055005 0.0226855 -0.044428 0.067005 0.0116323 -0.0485949 0.055005 0.0116323 -0.0485949 0.067005 -9.69954e-05 -0.0499956 0.055005 -9.69954e-05 -0.0499956 0.067005 -0.0118206 -0.0485485 0.055005 -0.0118206 -0.0485485 0.067005 -0.0228573 -0.0443378 0.055005 -0.0228573 -0.0443378 0.067005 -0.0325655 -0.0376083 0.055005 -0.0325655 -0.0376083 0.067005 -0.0403812 -0.028751 0.055005 -0.0403812 -0.028751 0.067005 -0.000486915 -0.0585934 0.05499 0.0133123 -0.0570386 0.0549859 0.0384195 -0.0440262 0.0501585 0.0208228 -0.0553009 0.0502173 -0.0210324 -0.0550632 0.0549835 0.0538101 0.0192901 0.0542252 0.000222819 -0.0586813 0.0501585 0.0482143 0.0321436 0.0512065 -0.0382516 -0.044 0.0549875 0.0578974 -0.00273675 0.0549983 -0.0203805 -0.0553643 0.0501015 0.0538381 0.0196691 0.0501291 -0.0440496 -0.0391029 0.0502447 0.0517556 -0.0273579 0.0549926 0.0582524 0.000213342 0.0502225 0.032419 -0.0377387 0.0550085 0.0516034 -0.0278068 0.0502481 0.0325617 -0.0490316 0.0549578 -0.0466083 -0.0187584 0.0476039 -0.0536466 -0.0203774 0.0502367 -0.0495501 -0.00722742 0.0477373 -0.0494692 0.00511038 0.0463928 -0.0524258 0.00547532 0.0495855 -0.0473251 0.0161451 0.0486897 -0.0409652 0.0274005 0.0463928 -0.0434135 0.0290976 0.0495855 -0.0329792 0.0363789 0.0463928 -0.0230765 0.0431853 0.0463928 -0.0310735 0.0422522 0.0497966 -0.0118328 0.0474241 0.0463928 -0.018808 0.0482664 0.0495847 9.86674e-05 0.0488489 0.0463928 0.000104564 0.0518279 0.0495855 0.0117439 0.0475443 0.0477373 0.023019 0.0433233 0.0477373 0.0327802 0.0366699 0.0477898 0.0409811 0.0271719 0.0461288 0.0409328 0.0324506 0.0498907 -0.0408026 -0.0296548 0.0479956 0.046318 0.0164656 0.042005 0.0407933 0.0270429 0.042005 0.0491508 0.00487362 0.042005 0.0491272 -0.00705949 0.042005 0.0462485 -0.0186402 0.042005 0.040682 -0.0291955 0.042005 0.0327512 -0.0381119 0.042005 0.022917 -0.0448712 0.042005 0.011751 -0.0490806 0.042005 -9.79852e-05 -0.0504956 0.042005 -0.0119412 -0.0490337 0.042005 -0.0230905 -0.0447801 0.042005 -0.0328978 -0.0379819 0.042005 -0.0407933 -0.0290342 0.042005 0.0453822 0.0161129 0.018005 0.0399692 0.0264764 0.042005 0.0453822 0.0161129 0.042005 0.0399692 0.0264764 0.018005 0.0481579 0.00475505 0.018005 0.0481579 0.00475505 0.042005 0.0481347 -0.00693699 0.018005 0.0481347 -0.00693699 0.042005 0.0453142 -0.0182837 0.018005 0.0453142 -0.0182837 0.042005 0.0398601 -0.0286258 0.018005 0.0398601 -0.0286258 0.042005 0.0320895 -0.037362 0.018005 0.0320895 -0.037362 0.042005 0.022454 -0.0439848 0.018005 0.022454 -0.0439848 0.042005 0.0115136 -0.0481092 0.018005 0.0115136 -0.0481092 0.042005 -9.60057e-05 -0.0494956 0.018005 -9.60057e-05 -0.0494956 0.042005 -0.0117 -0.0480633 0.018005 -0.0117 -0.0480633 0.042005 -0.022624 -0.0438956 0.018005 -0.022624 -0.0438956 0.042005 -0.0322332 -0.0372347 0.018005 -0.0322332 -0.0372347 0.042005 -0.0399692 -0.0284677 0.042005 -0.0399692 -0.0284677 0.018005 0.0407933 0.0270429 0.018005 0.046318 0.0164656 0.018005 0.0491508 0.00487362 0.018005 0.0491272 -0.00705949 0.018005 0.0462485 -0.0186402 0.018005 0.040682 -0.0291955 0.018005 0.0327512 -0.0381119 0.018005 0.022917 -0.0448712 0.018005 0.011751 -0.0490806 0.018005 -9.79852e-05 -0.0504956 0.018005 -0.0119412 -0.0490337 0.018005 -0.0230905 -0.0447801 0.018005 -0.0328978 -0.0379819 0.018005 -0.0409811 -0.0291632 0.0138813 -0.0407933 -0.0290342 0.018005 -0.0495499 -0.01918 0.0101639 0.023647 0.0428105 0.0121724 0.0412954 0.0268367 0.0120854 -0.0323153 0.0375373 0.010821 -0.0226187 0.0433502 0.0121724 0.0376426 0.0363786 0.0102898 -0.0494848 -0.00641928 0.0121724 -0.0563944 -0.0164788 0.00971956 -0.0113488 0.0474746 0.0121724 0.0332026 0.0363332 0.0135175 -0.0465312 -0.0185373 0.0138813 -0.0493449 0.00558082 0.0121724 0.000580671 0.0487821 0.0121724 -0.0463371 0.0171987 0.0121724 0.0124764 0.0471967 0.0121724 0.00891786 0.0544735 0.00999048 -0.0406365 0.0277592 0.0121724 0.0265699 -0.0520964 0.00983769 0.0388242 -0.0308741 0.00500134 0.0266239 -0.0519682 0.00578486 0.0380488 -0.0441156 0.00578486 0.00660417 -0.0586228 0.00983907 0.0140478 -0.0568687 0.00503641 0.0486811 0.0290595 0.00993288 -0.0209326 -0.0550899 0.00984074 -0.00253307 -0.0501895 0.00500087 -0.0430281 -0.0314223 0.0100837 0.0550587 0.0199791 0.00679889 -0.00685495 -0.0590237 0.00570364 -0.0240734 -0.0526451 0.00500072 -0.0473769 -0.0335593 0.00929833 0.0473912 0.0326929 0.00505917 -0.0392951 -0.0451741 0.00750305 0.0562236 -0.0152554 0.00983991 -0.0476656 -0.0337577 0.00503169 0.0472753 -0.0338961 0.00983598 0.0380263 -0.044252 0.00983937 0.0567787 -0.0147952 0.00570364 0.0442344 -0.0220838 0.00500086 0.0472624 -0.0337569 0.00578486 0.0416235 0.0181555 0.00100564 0.0401269 -0.0231602 0.00100438 0.0302122 -0.0350792 0.00100535 0.0210651 -0.0413257 0.000857472 0.0108014 -0.045195 0.000931248 -0.000361434 -0.0467558 0.00085918 -0.0109763 -0.0451519 0.000931248 -0.0302394 -0.0349931 0.000931248 -0.0374969 -0.0267684 0.000857472 -0.0425876 -0.017134 0.00100517 0.0211488 -0.0390633 -0.00397618 0.0296451 -0.0328974 -0.00397362 0.0403059 -0.0151888 -0.00399414 0.0395002 0.0208024 -0.00186061 0.0440242 0.00463086 -0.00263368 0.0372492 0.018724 -0.00399368 0.0446779 -0.00651031 -0.000543094 -0.0103503 -0.0441542 -0.00263368 -0.0251745 -0.0384088 -0.00176177 0.0103945 -0.0432355 -0.0039882 0.0401318 -0.0214537 -0.0018667 -0.0367931 -0.0262847 -0.00166399 -0.024098 -0.0357597 -0.00399288 0.0107467 0.0178588 -0.00399558 -0.01951 0.00518861 -0.00399549 -0.00592002 0.0182653 -0.00399539 0.012228 -0.0169229 -0.00601441 0.017452 0.00289839 -0.00989476 0.0155993 -0.00996901 -0.0108613 -0.00662022 -0.0178136 -0.00611936 0.0066038 0.0160587 -0.0113038 0.00287326 -0.0189245 -0.0092864 -0.0135725 -0.0112592 -0.00852623 -0.00526414 -0.0181593 -0.0117659 -0.0114287 -0.0129917 -0.0149779 0.00359664 -0.0171203 -0.0149825 0.024326 0.0412407 0.00100502 0.0358995 0.0327737 0.00100502 0.00711 -0.000146622 -0.014995 0.00709744 -0.00165034 -0.046995 0.00572991 -0.00523481 -0.014995 0.00487837 -0.00619218 -0.046995 0.00245127 -0.00749792 -0.014995 0.000205595 -0.00812026 -0.046995 -0.00193183 -0.00785644 -0.014995 -0.0045706 -0.00646484 -0.046995 0.00120511 0.00589982 -0.016995 0.00444216 0.00460955 -0.014995 -0.00599553 -0.00484999 -0.014995 0.00515467 0.00413943 -0.0469955 -0.00686945 0.000349921 -0.016995 -0.00690286 -0.00256098 -0.0469954 -0.00694895 -0.000981906 -0.014995 -0.00426986 0.00390045 -0.016995 -0.0036098 0.00449265 -0.0469944 -0.00689873 0.000330116 -0.0449952 -0.00395518 0.00384397 -0.014995 0.00123425 0.00592001 -0.0449953 0.0488501 -0.00587631 0.00500079 0.0488054 -0.0069865 0.00100502 0.0442274 -0.0220892 0.00100502 0.0389651 -0.0306973 0.00100502 0.0319976 -0.0383212 0.00100502 0.0410874 0.0262251 0.00500502 0.0481026 0.00916928 0.0049993 0.0454835 0.016384 0.00100502 -0.0227941 0.0427416 0.00500502 -0.0136344 0.0460692 0.00500502 -0.0136344 0.0460692 0.00100502 0.00024348 0.0482309 0.00500502 0.00203297 0.0481895 0.00100502 -0.0466492 0.0147157 0.00100502 -0.0442274 0.0200979 0.00500502 -0.0390547 0.0285971 0.00100502 -0.0346332 0.0338352 0.00500502 -0.0262962 -0.042353 0.00500024 -0.0369424 -0.0335314 0.00500502 -0.0337999 -0.0364627 0.00100502 -0.0403812 -0.028751 0.00100502 -0.0452229 -0.0198434 0.00500502 -0.0451554 -0.0200217 0.00100502 0.0136344 -0.0480605 0.00100502 0.01399 -0.047943 0.00500502 -0.000243363 -0.0502222 0.00100502 -0.0178884 -0.0468954 0.00100502 0.0271046 0.0401267 0.00500502 0.054774 0.00451468 0.0050499 -0.0486611 0.00570437 0.00500502 -0.0547237 -0.00637135 0.00500156 -0.0566838 -0.0128092 0.00514769 -0.0487021 -0.00833973 0.00100503 0.0330838 -0.0428969 0.00500502 0.0273727 -0.0459985 0.00500502 0.0278664 -0.0414434 0.00500502 0.0207828 0.0441417 0.00132429 -0.0276966 0.0400956 0.00371928 -0.048739 -0.00484785 0.00475502 -0.0204299 -0.0422117 0.00137409 -0.0251067 -0.00141225 0.079005 -0.0250482 0.00523077 0.079005 -0.022269 -0.0153119 0.079005 -0.0221861 -0.00462559 0.079005 -0.0154083 0.0193345 0.079005 0.0220262 -0.00172655 0.0789778 -0.0167176 0.000345327 0.0790128 -0.00910472 0.0231556 0.079005 -0.0145185 -0.00857896 0.079005 -0.0104795 0.0123473 0.079005 -0.0114771 -0.0227912 0.079005 -0.00194216 0.0152685 0.079005 0.00316182 0.0246204 0.079005 0.00709264 0.0177392 0.079005 0.0132374 0.0209418 0.079005 0.00737538 0.0140996 0.079005 -0.016905 -0.00243839 0.085005 -0.011033 0.0124826 0.085005 0.00455387 0.0151761 0.085005 -0.0155783 0.00287677 -0.014995 -0.00658728 0.0148545 -0.0149696 0.0174883 0.00623944 -0.0149952 -0.0181654 -0.00192415 -0.0122767 -0.0127488 0.0103439 -0.0123075 -0.00221264 0.0167183 -0.00944906 -0.0178181 0.00341045 -0.00916462 0.0132755 0.0119898 -0.00606442 -0.0188075 0.00303917 -0.00605766 -0.00445476 0.0160707 -0.00624659 0.00717715 -0.0201163 -0.00399545 0.0220618 -0.00281797 -0.00399559 -0.0425394 -8.33771e-05 -0.00399027 -0.035149 0.0221993 -0.00398547 -0.0397371 -0.017519 -0.00397954 -0.0451588 -0.00123536 -0.00154273 -0.0451573 0.00457816 0.000857472 -0.0411783 0.0147145 -0.00233231 -0.0226257 0.0357424 -0.0039706 -0.0273544 0.0361197 0.000911875 -0.0115229 0.0405885 -0.00396147 -0.00447327 0.0446212 0.00100399 0.000682082 0.0421055 -0.00397357 0.011699 0.0432886 0.000790578 0.0219023 0.0391757 0.000670059 0.0296305 0.0321712 -0.00240071 0.019484 0.0363459 -0.00399025 -0.0452128 -0.00649808 0.00100535 -0.0425909 0.015144 0.00100542 -0.0372636 0.0256629 0.000825024 -0.0235429 -0.0505653 0.00100502 0.0530135 0.00186627 0.00192805 -0.0551372 -0.00533695 0.00100502 -0.0460775 -0.00532716 0.00100502 -0.0325823 0.0355842 0.00100503 -0.0303204 0.0439806 0.0049616 -0.0234004 0.0421529 0.00100502 0.0237617 -0.0442844 0.00100502 0.0301496 -0.0436253 0.00100502 -0.0310581 0.0477573 0.0050198 -0.0135688 0.0549788 0.00983769 0.000115349 0.0572759 0.00776797 0.0220092 0.0530139 0.00973472 0.0366062 0.0431781 0.00996657 0.013965 0.0551839 0.00621651 -0.00982875 0.0559312 0.00501839 -0.0562242 0.0132642 0.00983907 0.0387395 0.0425582 0.00687197 0.0264429 0.0498655 0.00501301 -0.0421334 0.0395154 0.00970651 -0.0574532 0.00609586 0.00621651 -0.0515008 0.0257404 0.00504543 -0.0265706 0.0501061 0.00983598 0.0583509 0.00580849 0.00948957 0.0226187 -0.0453415 0.0121724 -0.023647 -0.0448018 0.0121724 0.0325741 -0.0386399 0.0121724 -0.0334353 -0.0379024 0.0120867 0.0466913 0.0161942 0.0122744 0.0494848 0.00442796 0.0121724 0.0113488 -0.049466 0.0121724 0.0493449 -0.00757215 0.0121724 -0.000580672 -0.0507734 0.0121724 0.0463371 -0.01919 0.0121724 -0.0124764 -0.049188 0.0121724 0.0406365 -0.0297505 0.0121724 -0.046318 -0.018457 0.018005 -0.0491508 -0.00686494 0.018005 -0.0491272 0.00506816 0.018005 -0.0462485 0.0166489 0.018005 -0.040682 0.0272041 0.018005 -0.0327512 0.0361205 0.018005 -0.022917 0.0428799 0.018005 -0.011751 0.0470893 0.018005 9.79852e-05 0.0485042 0.018005 0.0119412 0.0470424 0.018005 0.0230905 0.0427888 0.018005 0.0328978 0.0359906 0.018005 -0.0481579 -0.00674637 0.018005 -0.0453822 -0.0181042 0.018005 0.0117 0.046072 0.018005 9.60057e-05 0.0475042 0.018005 0.022624 0.0419042 0.018005 -0.0115136 0.0461179 0.018005 0.0322332 0.0352434 0.018005 -0.022454 0.0419935 0.018005 -0.0320895 0.0353707 0.018005 -0.0398601 0.0266344 0.018005 -0.0453142 0.0162924 0.018005 -0.0481347 0.00494566 0.018005 -0.0453822 -0.0181042 0.042005 -0.0481579 -0.00674637 0.042005 -0.0481347 0.00494566 0.042005 -0.0453142 0.0162924 0.042005 -0.0398601 0.0266344 0.042005 -0.0320895 0.0353707 0.042005 -0.022454 0.0419935 0.042005 -0.0115136 0.0461179 0.042005 9.60057e-05 0.0475042 0.042005 0.0117 0.046072 0.042005 0.022624 0.0419042 0.042005 0.0322332 0.0352434 0.042005 -0.046318 -0.018457 0.042005 -0.0491508 -0.00686494 0.042005 0.0119412 0.0470424 0.042005 9.79852e-05 0.0485042 0.042005 0.0230905 0.0427888 0.042005 -0.011751 0.0470893 0.042005 0.0328978 0.0359906 0.042005 -0.022917 0.0428799 0.042005 -0.0327512 0.0361205 0.042005 -0.040682 0.0272041 0.042005 -0.0462485 0.0166489 0.042005 -0.0491272 0.00506816 0.042005 0.0466404 0.0165872 0.0463928 0.049428 0.0176381 0.0495855 0.0495501 0.0052361 0.0477373 0.0496016 -0.00680311 0.0477373 0.0534989 -0.00110156 0.050005 0.0465705 -0.018763 0.0463928 0.0493538 -0.0198249 0.0495855 0.0409652 -0.0293918 0.0463928 0.0332763 -0.0382346 0.0477373 0.0405283 -0.0356997 0.049852 0.0230765 -0.0451767 0.0463928 0.0239727 -0.0481862 0.049805 0.0118328 -0.0494154 0.0463928 0.01254 -0.0523093 0.0495855 -9.86674e-05 -0.0508402 0.0463928 -0.000104564 -0.0538192 0.0495855 -0.0117439 -0.0495356 0.0477373 -0.023019 -0.0453147 0.0477373 -0.01907 -0.0509805 0.050005 -0.0331269 -0.0382394 0.0463928 -0.0351068 -0.0404653 0.0495855 -0.00022281 0.05669 0.0501585 0.0193672 0.0495526 0.0500275 -0.0208308 0.0532363 0.0501551 -0.0419437 0.038943 0.0501673 0.00629516 0.0567797 0.0549957 0.0253663 0.0504829 0.0549981 -0.0518816 -0.0267744 0.0549814 0.0466513 0.0319611 0.055004 0.0226769 0.0527819 0.0501247 0.0391382 0.0430064 0.0533233 -0.0570737 0.00604901 0.0542252 -0.0585186 -0.00784915 0.0532112 -0.0411475 0.0396407 0.0549987 -0.0514721 0.0274818 0.0539239 -0.0572919 0.00573639 0.0501585 -0.0539552 0.0192954 0.0500875 -0.0212741 0.0530871 0.0549969 -0.0458501 -0.0182806 0.055005 -0.0486541 -0.00681347 0.055009 9.69954e-05 0.0480042 0.055005 0.0118206 0.0465572 0.055005 0.0228573 0.0423465 0.055005 -0.0116323 0.0466036 0.055005 0.0325655 0.035617 0.055005 -0.0226855 0.0424367 0.055005 -0.0324203 0.0357456 0.055005 -0.040271 0.0269193 0.055005 -0.045785 0.0164626 0.0550084 -0.0486326 0.00499928 0.055009 -0.0458501 -0.0182806 0.067005 -0.0486543 -0.00680566 0.067005 -0.0486309 0.00500691 0.067005 -0.0457813 0.0164706 0.067005 -0.040271 0.0269193 0.067005 -0.0324203 0.0357456 0.067005 -0.0226855 0.0424367 0.067005 -0.0116323 0.0466036 0.067005 9.69954e-05 0.0480042 0.067005 0.0118206 0.0465572 0.067005 0.0228573 0.0423465 0.067005 0.0325655 0.035617 0.067005 -0.0425751 -0.0170459 0.067005 0.0109763 0.0431606 0.067005 9.00672e-05 0.0445043 0.067005 0.0212246 0.0392506 0.067005 -0.0108014 0.0432037 0.067005 0.0302394 0.0330018 0.067005 -0.0210651 0.0393344 0.067005 -0.0301046 0.0331212 0.067005 -0.0373945 0.0249254 0.067005 -0.0425112 0.015223 0.067005 -0.0451573 0.00457816 0.067005 -0.045179 -0.00639066 0.067005 -0.0336858 -0.0136948 0.077005 -0.035746 -0.00526423 0.077005 -0.0357289 0.00341439 0.077005 -0.0336353 0.0118367 0.077005 -0.0295869 0.0195133 0.077005 -0.023819 0.0259979 0.077005 -0.0166669 0.0309138 0.077005 -0.00854616 0.0339752 0.077005 7.1262e-05 0.0350043 0.077005 0.00868454 0.0339411 0.077005 0.0167931 0.0308476 0.077005 0.0239257 0.0259034 0.077005 -0.0258042 0.00218938 0.077005 -0.0244732 -0.0110915 0.077005 -0.020713 0.0161707 0.077005 -0.00306038 0.0246327 0.077005 0.014545 0.0216353 0.077005 0.0120309 0.0183336 0.0662665 -0.0135387 0.0158201 0.0655413 0.0149508 -0.01841 0.0658176</float_array>
                    <technique_common>
                        <accessor count="2910" source="#shape0-lib-positions-array" stride="3">
                            <param name="X" type="float"/>
                            <param name="Y" type="float"/>
                            <param name="Z" type="float"/>
                        </accessor>
                    </technique_common>
                </source>
                <vertices id="shape0-lib-vertices">
                    <input semantic="POSITION" source="#shape0-lib-positions"/>
                </vertices>
                <triangles count="6000">
                    <input offset="0" semantic="VERTEX" source="#shape0-lib-vertices"/>
                    <p>0 2 1 206 10 3 10 8 3 5 224 6 223 224 5 6 227 7 224 227 6 7 8 9 227 8 7 8 10 9 9 10 11 216 11 10 218 12 216 216 12 11 219 42 19 217 13 218 218 13 12 46 17 15 34 14 217 15 229 18 217 14 13 17 229 15 278 16 19 18 223 5 219 16 34 229 223 18 34 16 14 19 16 219 20 180 21 180 22 21 27 28 29 28 30 29 188 34 35 34 36 35 36 221 35 372 39 37 39 38 37 37 38 211 211 39 372 41 229 40 40 229 59 43 42 220 0 379 2 45 0 46 47 43 220 47 220 44 48 47 44 49 48 44 375 49 50 376 375 50 39 376 50 377 376 39 51 377 39 378 51 52 379 378 52 2 379 52 53 55 54 31 56 188 31 32 56 32 194 56 32 33 194 20 21 57 57 21 58 58 22 59 21 22 58 59 23 40 22 23 59 40 24 60 23 24 40 60 25 61 24 25 60 4 26 8 61 26 4 25 26 61 26 3 8 3 27 62 27 63 62 27 29 63 29 35 63 29 30 35 30 188 35 30 31 188 67 66 68 69 68 70 69 67 68 71 70 72 71 69 70 73 71 72 76 75 77 78 76 77 79 78 80 81 80 82 81 79 80 83 82 84 83 81 82 284 86 256 284 256 87 284 85 86 285 284 87 286 87 88 286 285 87 287 286 88 277 88 89 277 287 88 277 89 90 279 277 90 282 90 91 282 279 90 283 91 177 283 282 91 283 177 92 281 283 92 280 281 92 280 92 93 94 280 93 83 96 95 96 97 99 99 98 101 97 98 99 101 100 102 98 100 101 100 270 102 102 103 104 104 103 176 270 103 102 176 105 106 103 105 176 105 107 106 106 259 108 107 259 106 108 258 109 259 258 108 258 261 109 261 249 109 249 110 354 111 112 113 113 114 115 112 114 113 115 116 117 114 116 115 117 118 119 116 118 117 119 120 121 118 120 119 121 122 123 120 122 121 123 124 125 122 124 123 125 126 127 124 126 125 127 128 129 126 128 127 129 130 131 128 130 129 131 132 133 130 132 131 133 134 135 132 134 133 135 136 137 134 136 135 136 138 137 139 140 167 139 141 140 142 167 143 142 139 167 144 143 145 144 142 143 146 145 251 146 144 145 147 251 148 147 146 251 149 148 150 149 147 148 151 150 152 151 149 150 153 152 154 153 151 152 155 154 156 155 153 154 157 156 158 157 155 156 159 158 160 159 157 158 161 160 162 161 159 160 163 162 164 163 161 162 165 164 166 165 163 164 351 348 238 348 240 238 240 90 351 183 169 170 255 101 172 101 341 172 187 99 313 313 99 186 99 347 186 244 88 178 88 343 178 178 343 251 179 249 180 181 180 20 180 182 22 22 182 23 23 183 24 182 183 23 24 184 25 183 184 24 25 252 26 184 252 25 26 185 3 252 185 26 3 185 27 185 28 27 28 254 30 30 186 31 254 186 30 31 187 32 186 187 31 187 33 32 187 231 33 188 189 221 35 189 190 221 189 35 190 191 63 63 191 62 56 192 188 188 192 189 62 206 3 191 206 62 56 193 192 194 193 56 35 190 63 194 195 193 367 195 194 40 196 41 197 196 40 196 59 41 198 61 4 196 53 59 198 199 61 199 60 61 53 58 59 199 197 60 197 40 60 53 57 58 54 57 53 195 200 193 201 200 195 200 202 193 193 202 192 192 203 189 202 203 192 189 204 190 203 204 189 190 205 191 204 205 190 205 206 191 208 209 210 207 209 208 210 212 211 209 212 210 211 212 37 37 213 214 212 213 37 214 374 215 213 374 214 206 205 10 203 202 34 10 205 216 205 218 216 202 219 34 205 204 218 204 217 218 202 42 219 204 36 217 202 200 42 201 220 200 200 220 42 36 34 217 204 203 36 36 203 221 203 34 221 223 222 224 41 225 222 224 226 227 222 226 224 229 41 223 17 228 225 17 46 228 226 230 227 227 230 8 46 55 228 0 55 46 41 222 223 229 17 225 0 54 55 33 231 232 232 233 234 231 233 232 234 235 368 233 235 234 368 236 370 235 236 368 370 238 237 236 238 370 237 238 239 239 240 241 238 240 239 241 242 243 240 242 241 242 244 243 244 178 245 245 246 247 178 246 245 247 168 248 246 168 247 248 181 20 168 181 248 180 249 250 343 244 251 177 268 236 236 268 158 186 347 187 176 349 252 252 349 175 174 355 253 355 350 253 253 350 173 350 174 173 172 341 254 341 340 254 254 101 255 340 101 254 170 108 171 171 108 183 108 169 183 168 336 167 167 336 256 71 73 257 96 83 260 257 74 262 73 74 257 259 107 363 263 249 261 107 264 363 262 75 265 74 75 262 107 105 264 64 110 263 263 110 249 264 103 266 105 103 264 265 76 268 268 76 267 75 76 265 267 78 79 65 269 64 76 78 267 64 269 110 103 270 266 66 271 65 65 271 269 270 100 272 66 67 271 67 273 271 100 98 272 98 274 272 273 69 275 67 69 273 98 97 274 97 358 274 275 71 276 69 71 275 96 260 97 97 260 358 71 257 276 19 94 278 19 280 94 85 284 15 116 288 289 146 147 290 291 132 292 132 130 292 147 293 290 130 294 292 116 114 288 295 134 291 114 296 288 291 134 132 147 149 293 149 297 293 130 128 294 128 298 294 114 112 296 299 136 295 112 165 296 295 136 134 149 151 297 151 300 297 128 126 298 126 301 298 112 163 165 302 163 112 141 138 299 151 153 300 299 138 136 126 124 301 153 303 300 124 304 301 141 139 138 302 161 163 305 161 302 139 306 138 153 155 303 124 122 304 155 307 303 122 308 304 139 142 306 309 159 305 142 310 306 305 159 161 307 157 309 309 157 159 155 157 307 122 120 308 120 311 308 142 144 310 144 312 310 120 118 311 118 289 311 144 146 312 146 290 312 118 116 289 296 165 166 296 166 313 288 313 314 288 296 313 289 314 315 289 288 314 311 315 255 311 289 315 308 255 172 308 311 255 304 172 316 304 308 172 301 316 317 301 304 316 298 317 318 298 301 317 294 318 319 294 298 318 292 319 320 292 294 319 291 320 321 291 292 320 295 321 322 295 291 321 299 322 179 299 295 322 141 179 140 141 299 179 137 138 323 323 306 324 138 306 323 324 310 325 306 310 324 325 312 326 310 312 325 326 290 327 312 290 326 327 293 328 290 293 327 328 297 329 293 297 328 329 300 330 297 300 329 300 303 330 330 307 331 331 307 332 303 307 330 332 309 333 307 309 332 333 305 334 309 305 333 334 302 111 305 302 334 302 112 111 336 168 335 170 169 106 87 256 336 337 89 88 337 353 89 108 170 106 338 355 92 340 99 101 177 338 92 108 339 169 158 338 177 341 101 102 347 99 340 268 338 158 342 87 336 337 88 244 96 99 187 343 88 87 343 87 342 343 337 244 109 344 339 109 339 108 345 177 91 345 268 177 250 344 109 346 341 102 347 96 187 346 102 104 93 95 96 93 96 347 179 250 109 176 175 104 349 104 175 349 346 104 90 345 91 249 344 250 249 179 109 348 345 90 354 344 249 354 86 344 106 349 176 240 348 90 352 349 106 92 95 93 92 350 95 92 174 350 353 351 90 353 90 89 355 174 92 169 352 106 335 256 86 335 86 354 335 168 256 354 269 335 335 269 336 110 269 354 336 271 342 269 271 336 342 273 343 271 273 342 343 275 337 273 275 343 337 276 353 275 276 337 353 257 351 276 257 353 351 262 348 257 262 351 348 265 345 262 265 348 265 268 345 338 267 355 268 267 338 267 79 355 79 81 355 355 81 350 350 81 95 81 83 95 278 93 347 278 94 93 16 347 340 16 278 347 14 16 340 13 340 341 13 14 340 12 341 346 12 13 341 11 12 346 9 346 349 9 349 352 9 11 346 7 9 352 6 352 169 6 7 352 5 169 339 5 339 344 5 6 169 18 5 344 15 18 344 15 344 86 85 15 86 135 356 133 135 357 356 272 117 119 329 75 74 329 330 75 272 274 117 358 115 117 358 117 274 137 64 357 359 119 121 359 272 119 137 357 135 328 74 73 360 113 115 328 329 74 360 115 358 123 359 121 323 65 64 323 64 137 361 359 123 327 328 73 327 73 72 84 111 113 84 113 360 125 361 123 70 327 72 362 361 125 324 66 65 324 65 323 334 111 84 68 66 324 82 334 84 326 70 68 326 327 70 127 362 125 325 68 324 325 326 68 363 362 127 333 334 82 80 333 82 129 363 127 364 363 129 78 333 80 78 332 333 365 364 129 131 365 129 77 332 78 331 332 77 356 365 131 133 356 131 330 77 75 330 331 77 260 83 84 260 84 360 358 260 360 270 272 359 266 359 361 266 270 359 264 361 362 264 266 361 363 264 362 259 363 364 258 364 365 258 259 364 261 365 356 261 258 365 263 356 357 263 261 356 64 263 357 33 232 194 232 367 194 367 234 44 232 234 367 366 247 1 1 247 0 247 57 54 247 248 57 248 20 57 368 369 234 368 370 369 370 371 369 370 237 371 237 239 371 239 372 371 239 241 372 241 243 372 243 373 372 243 366 373 366 1 373 234 369 215 372 210 211 369 214 215 369 371 214 214 371 37 210 373 208 372 373 210 371 372 37 208 373 1 230 226 198 198 226 199 199 222 197 226 222 199 197 225 196 222 225 197 196 228 53 225 228 196 228 55 53 52 207 2 39 212 38 207 52 209 212 50 213 39 50 212 52 51 209 209 38 212 211 38 209 209 39 211 374 44 215 51 39 209 213 49 374 50 49 213 374 49 44 160 233 162 251 145 178 158 235 160 170 171 320 170 320 319 183 170 319 186 254 315 314 186 315 148 251 244 242 148 244 182 321 320 182 320 171 183 182 171 182 322 321 313 186 314 179 322 182 250 179 182 184 319 318 184 183 319 180 250 182 150 242 240 150 148 242 231 187 313 252 184 318 176 318 317 176 252 318 351 150 240 175 176 317 181 140 179 181 179 180 152 150 351 316 175 317 166 231 313 167 140 181 185 175 316 185 252 175 168 167 181 233 231 174 233 174 253 172 185 316 164 174 231 164 231 166 164 253 173 246 143 167 164 173 174 246 256 168 246 167 256 154 351 238 154 152 351 177 236 235 28 185 172 158 177 235 254 28 172 162 233 253 162 253 164 145 143 246 156 154 238 178 145 246 156 236 158 156 238 236 160 235 233 315 254 255 229 225 59 225 41 59 221 34 188 243 244 366 244 245 366 245 247 366 47 48 281 48 49 283 283 375 282 49 375 283 282 376 279 375 376 282 376 377 279 279 377 277 377 51 277 277 378 287 51 378 277 287 379 286 378 379 287 45 46 15 19 43 280 286 379 285 42 43 19 280 47 281 285 45 284 43 47 280 284 45 15 379 45 285 281 48 283 0 45 379 230 198 4 230 4 8 208 1 2 208 2 207 54 0 247 195 367 220 195 220 201 215 44 234 44 220 367 380 382 723 723 382 381 382 383 381 718 385 384 385 386 384 714 730 387 730 420 387 387 420 388 420 422 388 389 390 391 391 390 392 392 393 394 390 393 392 394 395 396 393 395 394 396 397 398 395 397 396 398 399 400 397 399 398 400 401 402 399 401 400 402 403 404 401 403 402 404 405 406 406 405 407 403 405 404 405 408 407 407 409 410 410 409 411 408 409 407 409 412 411 411 413 414 414 413 415 412 413 411 413 416 415 713 417 385 417 419 385 385 419 418 419 421 418 418 421 420 420 421 422 421 423 422 422 423 424 423 704 424 439 685 440 439 441 685 442 439 440 443 442 444 445 444 447 445 443 444 446 445 447 448 447 449 448 446 447 450 449 452 450 448 449 451 450 452 453 452 454 453 451 452 455 454 456 455 453 454 457 456 459 457 455 456 458 457 459 460 459 461 460 458 459 463 462 535 465 464 467 465 463 464 466 465 467 466 467 468 469 468 606 469 606 470 469 466 468 471 470 472 471 469 470 473 472 474 473 471 472 475 473 474 476 474 602 476 602 539 476 475 474 477 476 539 477 539 478 479 480 482 480 481 482 482 481 483 483 484 485 481 484 483 484 486 485 485 486 488 488 487 540 486 487 488 540 489 536 487 489 540 536 490 491 491 490 492 489 490 536 490 493 492 493 495 494 494 495 496 495 497 496 496 497 683 498 499 500 500 499 501 501 502 503 499 502 501 503 504 505 502 504 503 505 506 507 504 506 505 506 508 507 509 510 511 511 512 513 510 512 511 513 514 516 512 514 513 514 515 516 515 517 516 517 518 520 518 519 520 521 426 425 522 425 427 522 521 425 523 427 428 523 522 427 524 428 429 524 523 428 525 429 430 525 524 429 526 430 431 526 525 430 527 431 432 527 526 431 528 432 433 528 527 432 529 433 434 529 528 433 530 434 435 530 529 434 531 435 436 531 530 435 532 436 437 532 531 436 533 437 438 533 532 437 534 533 438 527 470 699 681 470 527 464 535 702 702 535 700 535 605 700 700 605 533 395 643 397 643 536 397 397 536 491 409 604 615 604 485 615 615 485 603 682 539 537 537 539 538 403 601 540 540 541 401 677 413 600 598 474 542 474 472 542 542 472 597 596 467 696 696 467 595 390 543 494 544 545 546 544 547 545 548 546 549 548 544 546 550 549 551 550 548 549 552 551 553 552 550 551 554 553 555 554 552 553 556 555 557 556 554 555 558 557 559 558 556 557 560 559 561 560 558 559 562 561 563 562 560 561 564 563 565 564 562 563 566 565 567 566 564 565 568 567 569 568 569 570 568 566 567 571 568 570 572 571 570 572 570 573 574 573 386 574 572 573 575 386 576 575 574 386 577 576 578 577 575 576 579 578 580 579 577 578 581 580 582 581 579 580 583 582 584 583 581 582 585 584 586 585 583 584 587 586 588 587 585 586 589 588 590 589 587 588 591 590 592 591 589 590 593 592 594 593 591 592 547 594 545 547 593 594 494 496 607 607 496 390 496 543 390 472 679 597 597 679 598 679 474 598 413 482 599 599 482 600 541 601 401 401 601 403 538 602 682 539 602 538 603 604 409 491 643 395 533 605 702 605 464 702 699 606 681 607 534 438 607 438 650 608 650 660 608 607 650 609 660 659 609 608 660 610 659 657 610 609 659 611 657 655 611 610 657 612 611 655 613 612 653 614 653 652 614 613 653 615 652 649 615 614 652 616 649 648 616 615 649 617 648 651 617 616 648 618 651 619 618 617 651 521 619 426 521 618 619 450 620 621 450 451 620 484 622 624 486 484 624 441 497 495 481 686 622 441 495 623 481 622 484 448 450 621 673 497 441 481 625 686 439 673 441 626 486 624 487 486 626 460 625 481 446 621 627 446 448 621 628 673 439 480 460 481 629 487 626 489 487 629 458 460 480 442 628 439 630 458 480 445 627 631 445 446 627 443 631 628 443 628 442 443 445 631 457 458 630 632 457 630 633 489 629 490 489 633 455 457 632 634 490 633 634 493 490 453 632 635 453 455 632 495 493 634 636 495 634 451 635 620 451 453 635 623 495 636 556 471 554 587 589 637 462 572 645 462 571 572 638 587 637 591 639 637 558 471 556 591 637 589 469 471 558 585 587 638 593 640 639 593 639 591 560 469 558 641 585 638 463 571 462 463 568 571 583 585 641 466 469 560 547 477 640 547 640 593 562 466 560 642 583 641 581 583 642 463 566 568 544 476 477 466 562 564 465 564 566 544 477 547 465 466 564 465 566 463 579 581 642 548 476 544 643 579 642 577 579 643 550 475 476 550 476 548 644 575 577 644 577 643 552 475 550 473 475 552 645 575 644 645 574 575 554 473 552 471 473 554 645 572 574 431 430 646 431 646 647 506 648 649 506 504 648 438 518 650 438 519 518 502 651 648 502 648 504 432 431 647 652 506 649 432 647 666 661 519 438 508 506 652 437 661 438 499 619 651 499 651 502 653 508 652 433 432 666 433 666 665 509 508 653 662 661 437 498 426 619 436 662 437 498 619 499 663 662 436 510 509 653 434 665 664 434 433 665 435 664 663 425 426 498 435 434 664 435 663 436 654 425 498 512 510 655 427 425 654 656 427 654 657 512 655 514 512 657 658 427 656 658 428 427 659 514 657 659 515 514 429 658 668 429 428 658 660 515 659 660 517 515 430 429 668 430 668 646 518 517 660 650 518 660 519 661 520 666 647 667 647 646 667 646 668 667 668 658 669 669 656 670 658 656 669 656 654 670 670 498 500 654 498 670 671 606 468 474 672 602 674 468 467 674 671 468 492 644 643 492 643 491 679 672 474 675 604 603 675 603 485 676 644 492 677 483 485 677 485 604 678 467 464 678 464 605 596 674 467 678 596 595 678 595 467 488 675 485 493 676 492 677 482 483 600 482 677 494 676 493 494 543 676 640 413 677 640 482 413 601 675 488 478 482 640 540 601 488 680 679 472 470 680 472 535 543 496 478 479 482 681 680 470 536 541 540 606 699 470 539 479 478 683 535 496 682 479 539 671 681 606 535 464 463 605 535 683 672 682 602 643 541 536 673 605 683 497 673 683 673 628 605 605 628 678 628 631 678 678 631 596 596 631 674 674 627 671 631 627 674 671 621 681 627 621 671 681 621 680 680 620 679 621 620 680 679 635 672 620 635 679 635 632 672 672 632 682 682 630 479 632 630 682 630 480 479 640 477 478 639 640 677 637 677 604 637 639 677 637 604 675 638 637 675 641 675 601 641 601 541 641 638 675 642 641 541 643 642 541 645 676 543 645 644 676 462 645 543 462 543 535 503 505 684 687 505 507 687 684 505 686 503 684 687 507 508 666 452 449 666 667 452 688 501 503 440 685 520 688 503 686 661 440 520 509 687 508 689 687 509 665 449 447 665 666 449 461 500 501 461 501 688 689 509 511 662 442 440 662 440 661 444 442 662 459 670 500 664 665 447 459 500 461 663 447 444 663 444 662 663 664 447 690 511 513 690 689 511 516 690 513 691 690 516 669 670 459 456 669 459 454 669 456 668 669 454 692 691 516 517 692 516 452 668 454 667 668 452 520 692 517 520 685 692 625 460 461 625 461 688 686 625 688 622 686 684 624 684 687 624 622 684 626 687 689 626 624 687 629 626 689 629 689 690 633 690 691 633 629 690 634 633 691 636 691 692 636 634 691 623 692 685 623 636 692 441 623 685 612 655 510 653 612 510 616 409 615 525 597 598 524 693 694 524 525 598 524 598 693 696 595 695 524 694 523 595 531 695 491 609 610 491 610 611 397 491 611 530 531 595 530 595 596 617 412 409 617 409 616 697 596 696 494 607 608 600 412 617 395 608 609 395 609 491 413 412 600 529 530 596 529 596 697 393 390 494 618 600 617 393 608 395 393 494 608 618 599 600 618 413 599 416 413 618 399 611 612 399 397 611 390 534 607 401 612 540 528 697 698 528 698 699 528 699 681 528 529 697 401 399 612 613 540 612 403 540 613 521 416 618 389 534 390 538 694 537 682 694 538 700 533 534 700 534 389 527 528 681 405 613 614 405 403 613 702 532 533 597 701 542 542 701 693 597 703 701 603 405 614 603 614 615 522 537 416 522 682 537 408 405 603 522 416 521 598 542 693 526 527 699 526 699 703 526 703 597 531 532 702 695 531 702 523 694 682 409 408 603 523 682 522 525 526 597 424 704 705 705 706 707 704 706 705 707 706 382 706 708 382 382 708 709 709 711 710 708 711 709 710 712 713 711 712 710 712 417 713 411 387 410 410 387 407 414 714 411 411 714 387 415 714 414 407 421 406 387 421 407 388 421 387 388 423 421 714 423 388 404 421 402 406 421 404 714 704 423 415 704 714 421 419 402 715 704 415 716 704 715 402 419 400 400 419 398 716 717 704 417 718 419 419 718 398 398 718 396 718 384 396 717 719 704 704 719 706 718 417 721 384 394 396 706 381 708 706 723 381 719 723 706 719 720 723 381 383 708 383 723 708 721 392 384 384 392 394 720 722 723 721 391 392 417 391 721 712 391 417 722 724 723 712 725 391 724 726 723 712 727 725 711 727 712 723 728 708 726 728 723 728 729 708 711 729 727 708 729 711 416 537 415 415 537 715 715 537 716 716 694 717 537 694 716 694 693 717 717 701 719 693 701 717 719 703 720 701 703 719 720 699 722 703 699 720 722 698 724 699 698 722 724 697 726 698 697 724 726 696 728 697 696 726 728 695 729 696 695 728 729 702 727 695 702 729 727 700 725 702 700 727 725 389 391 700 389 725 386 385 576 576 385 578 573 713 386 570 713 573 385 418 578 578 418 580 580 418 582 582 418 584 584 418 586 569 713 570 418 420 586 569 710 713 567 710 569 586 420 588 565 710 567 565 709 710 588 420 590 420 730 590 565 563 709 730 592 590 383 382 709 563 383 709 563 561 383 561 380 383 382 380 707 422 594 730 730 594 592 561 559 380 424 545 422 422 545 594 559 557 380 424 546 545 557 555 380 705 549 424 424 549 546 555 553 380 380 553 707 707 551 705 705 551 549 553 551 707 388 422 714 422 730 714 384 386 721 386 713 721 721 713 718 713 385 718 383 380 723 928 732 731 733 819 928 782 957 819 782 819 733 814 957 782 736 918 735 737 944 859 739 738 737 739 737 859 731 732 738 731 738 739 741 742 747 743 740 946 743 912 744 748 745 837 947 746 744 951 942 833 950 948 835 946 912 743 947 744 912 747 963 816 742 741 748 742 748 837 745 839 837 839 951 833 833 942 835 835 942 950 754 755 802 802 755 756 764 770 762 766 770 764 769 772 768 956 766 767 761 772 769 959 761 960 762 952 960 961 952 762 770 962 961 770 953 962 766 771 953 771 956 954 843 760 746 763 843 746 765 842 763 768 958 765 772 840 768 761 959 772 762 960 761 770 961 762 766 953 770 956 771 766 963 752 954 963 954 956 842 843 763 765 841 842 765 958 841 958 768 840 772 959 840 774 777 888 773 777 774 775 776 777 789 778 779 870 780 781 814 783 818 782 783 814 818 784 813 783 784 818 813 785 734 784 785 813 734 786 735 785 786 734 786 736 735 789 790 810 810 790 809 809 775 808 790 775 809 808 791 807 775 791 808 794 792 793 795 877 796 776 889 809 809 889 888 889 941 888 894 938 916 815 793 803 875 930 812 812 930 734 930 896 734 899 796 817 817 796 877 806 856 925 925 856 738 738 856 943 906 800 907 870 909 946 951 808 807 776 809 808 951 776 808 745 810 809 810 916 811 741 811 916 741 914 811 741 747 914 747 918 914 747 816 918 815 735 918 815 767 735 735 812 734 955 813 734 764 818 813 899 817 762 769 902 819 925 738 765 746 800 820 911 909 740 821 887 942 809 888 839 741 915 748 916 938 741 938 915 741 822 756 834 822 802 756 823 834 836 823 822 834 824 836 757 824 823 836 910 757 758 910 824 757 825 758 759 825 910 758 826 759 760 826 825 759 827 760 843 827 826 760 828 843 842 828 827 843 925 842 841 925 828 842 829 841 958 829 925 841 830 958 840 830 829 958 831 840 959 831 830 840 832 959 960 832 831 959 833 756 755 835 834 756 836 834 948 740 757 836 743 758 757 744 759 758 750 752 963 742 749 963 837 838 742 839 753 837 833 754 839 835 756 833 948 834 835 740 836 948 743 757 740 744 758 743 746 760 759 746 759 744 963 749 750 742 751 749 742 838 751 837 753 838 753 839 754 833 755 754 785 846 844 785 844 786 784 846 785 877 846 784 847 786 845 783 877 784 848 877 783 736 786 847 849 736 847 782 848 783 787 736 849 787 849 850 733 848 782 797 848 733 788 787 850 851 788 850 852 797 733 853 797 852 789 788 851 854 853 852 854 855 853 790 789 779 856 855 854 857 790 779 859 858 856 775 790 857 861 858 859 860 861 859 773 775 777 791 775 773 861 860 864 862 864 860 863 791 773 865 863 773 866 864 862 867 863 865 781 864 866 870 781 866 868 867 865 868 869 867 871 870 869 871 869 868 865 774 887 773 774 865 890 776 857 857 776 775 779 778 890 857 779 890 894 789 851 872 803 873 850 872 893 850 803 872 851 850 893 851 893 894 847 793 849 793 918 849 849 803 850 918 803 849 847 804 794 847 845 804 847 794 793 844 875 786 786 804 845 875 804 786 846 877 795 846 874 897 846 795 874 844 846 897 844 897 875 848 797 876 877 878 900 848 876 878 848 878 877 853 806 879 853 855 806 853 879 805 797 853 805 881 856 858 856 806 855 861 800 880 858 880 881 858 861 880 907 820 864 820 800 864 864 800 861 882 780 883 781 882 907 781 780 882 864 781 907 885 909 871 871 909 870 868 865 884 871 884 885 871 868 884 807 791 821 821 863 949 791 863 821 949 867 929 863 867 949 929 869 911 867 869 929 911 870 866 869 870 911 913 862 820 866 862 913 820 860 944 862 860 820 860 859 944 859 856 739 739 854 731 856 854 739 731 852 928 854 852 731 852 733 928 887 802 886 801 774 888 887 774 801 802 887 801 777 776 888 889 776 890 891 890 778 892 890 891 889 890 892 894 778 789 893 895 894 872 873 895 893 872 895 918 793 815 792 804 896 794 804 792 804 875 896 874 898 920 874 920 897 795 898 874 900 899 877 901 900 878 876 901 878 876 902 901 876 797 902 798 902 799 805 902 797 903 799 805 879 903 805 806 903 879 881 924 856 904 924 881 880 904 881 905 904 880 800 905 880 906 905 800 908 906 907 882 908 907 883 908 882 870 910 780 927 909 885 927 885 884 927 884 926 884 865 886 810 811 789 787 918 736 866 912 911 913 912 866 914 918 787 788 811 914 788 914 787 811 788 789 887 886 942 942 886 950 950 865 887 886 865 950 888 941 801 891 778 938 938 778 915 915 778 916 778 894 916 803 917 873 873 917 895 917 894 895 896 919 792 919 793 792 875 897 930 896 875 734 898 931 920 795 931 898 920 930 897 902 798 901 798 921 901 901 922 900 921 922 901 900 796 899 922 796 900 806 923 903 903 798 799 923 798 903 856 924 943 943 924 925 820 907 947 907 800 947 883 825 908 780 825 883 825 826 908 826 906 908 910 870 946 884 886 926 943 737 738 943 945 737 945 944 737 946 911 912 740 929 911 951 807 821 930 920 931 896 930 933 795 796 932 795 932 931 934 932 796 919 896 933 935 919 933 922 934 796 832 934 922 793 935 803 793 919 935 921 832 922 936 803 935 917 803 936 831 832 921 798 831 921 937 917 936 830 831 798 923 830 798 938 917 937 894 917 938 829 830 923 939 891 938 806 829 923 925 829 806 892 891 939 940 892 939 904 925 924 828 925 904 889 892 940 941 889 940 905 828 904 827 828 905 906 827 905 802 801 941 826 827 906 822 886 802 823 926 886 823 886 822 910 825 780 824 910 909 824 909 927 824 927 926 824 926 823 950 887 821 815 803 816 875 812 955 875 955 734 877 818 817 899 818 877 805 819 902 946 909 911 816 803 918 767 812 735 764 817 818 764 813 955 818 899 814 814 899 762 814 762 957 819 805 928 805 799 928 928 799 769 799 902 769 732 765 738 943 925 765 944 746 820 944 945 746 947 800 746 947 913 820 912 913 947 909 910 740 740 910 946 948 929 740 949 950 821 950 949 929 950 929 948 839 888 776 745 809 839 810 748 916 748 810 745 748 915 916 832 960 952 934 952 961 934 832 952 932 961 962 932 934 961 931 962 953 931 932 962 930 953 771 930 931 953 933 771 954 933 930 771 935 954 752 935 933 954 936 752 750 936 935 752 937 750 749 937 936 750 938 749 751 938 937 749 939 751 838 939 938 751 940 838 753 940 939 838 941 753 754 941 940 753 802 941 754 955 812 766 945 765 763 766 812 767 815 963 956 816 963 815 955 766 764 763 746 945 765 945 943 765 732 768 768 732 769 769 732 928 769 957 761 819 957 769 761 957 762 764 762 817 767 815 956 951 839 776 942 951 821 742 963 747 973 964 976 974 975 1000 1000 967 974 964 1040 976 974 1061 975 977 972 975 977 975 1061 967 1061 974 976 1076 1063 1063 973 976 966 1069 967 976 1040 1076 969 1015 966 971 1060 970 969 1032 1015 981 986 987 981 978 986 1019 1014 1018 984 988 989 988 990 989 1064 1031 1158 998 1119 1031 999 1120 1119 993 994 992 1054 1158 991 1064 1158 1054 998 1031 1064 999 1119 998 1065 1120 999 992 1120 1065 987 1091 995 973 996 997 965 1054 996 965 996 973 964 984 1040 966 998 965 966 999 998 967 1065 999 967 999 966 1000 1065 967 975 993 1000 972 1001 993 972 993 975 970 968 1002 970 1002 1001 970 1001 972 968 987 1002 973 997 964 1004 1003 1046 981 987 968 1039 980 1004 1039 1013 980 1039 1093 1013 1041 1005 1093 1041 1093 1039 1043 982 1005 1043 1005 1041 1043 983 982 1047 1006 983 1047 983 1043 1042 1040 985 1042 985 1006 1042 1006 1047 1040 984 985 1046 981 968 1004 980 979 1003 1004 979 1046 1003 978 981 1046 978 1009 1028 1085 1153 1059 1010 1086 1153 1010 1151 1067 971 1014 1151 971 1145 977 1090 1136 1011 1069 1069 1011 967 967 1011 1066 1063 1073 973 1012 978 1003 1012 986 978 1095 1005 982 1095 1093 1005 1094 982 983 1094 1095 982 1122 983 1006 1122 1094 983 1097 1006 985 1097 1122 1006 1096 985 984 1096 1097 985 1021 1075 1022 1161 1075 1021 1075 1040 1022 1022 1040 1161 1008 1007 1023 1023 1007 1048 1026 1082 1134 1083 1082 1026 1082 1056 1134 1053 1085 1142 1116 977 1144 1120 1011 1136 1034 1073 991 1073 1171 991 1104 1080 1077 1161 1021 1139 1025 1048 1140 1031 1131 1015 1031 1015 1032 1034 1033 1171 1035 1134 1154 1037 1120 1136 1038 1037 1136 1041 1039 1045 968 970 1060 969 966 965 1051 968 1060 1046 968 1051 1047 1043 1044 1010 1046 1051 1004 1046 1010 973 969 965 1045 1004 1010 1039 1004 1045 1058 1085 1045 1047 1048 1042 1040 1042 1055 1049 1058 1045 1049 1045 1010 1057 1047 1044 1044 1056 1057 1050 1056 1044 1050 1044 1043 1050 1043 1041 1052 1050 1041 1052 1083 1050 1052 1041 1045 1053 1052 1045 1045 1085 1053 1048 1055 1042 965 998 1064 1054 965 1064 964 997 988 984 964 988 1075 1161 1055 1008 1048 1047 1057 1008 1047 1081 1057 1056 1083 1056 1050 1009 1083 1052 1009 1052 1053 1010 1059 1049 1059 1086 1049 1087 1086 1051 1087 1051 1060 1086 1010 1051 971 1067 1060 1088 971 970 1088 972 977 1088 970 972 977 1116 1088 1116 1145 1090 1061 967 1066 1066 1136 1069 1071 1069 966 1071 966 1015 1015 1062 1071 1073 1032 969 1073 969 973 1034 1171 1102 1171 1063 1102 1075 1076 1040 1090 977 1061 1090 1061 1089 1032 1071 1062 1055 1080 1075 1090 1088 1116 1066 1089 1061 1058 1049 1086 1055 1048 1080 1076 1102 1063 1087 1060 1067 1081 1008 1057 1055 1161 1040 1133 1086 1059 1086 1133 1153 1063 1171 1073 990 997 996 990 988 997 991 996 1054 991 990 996 992 1000 993 992 1065 1000 994 1001 1002 994 993 1001 995 1002 987 995 994 1002 1066 1069 1068 1098 1066 1068 1069 1071 1099 1071 1032 1070 1102 1101 1072 1102 1072 1073 1072 1070 1032 1073 1072 1032 1073 1034 1102 1075 1074 1076 1076 1103 1102 1075 1080 1104 1079 1105 1078 1079 1078 1080 1048 1079 1080 1080 1078 1077 1048 1007 1079 1007 1020 1079 1007 1008 1020 1082 1107 1081 1056 1082 1081 1083 1009 1108 1083 1108 1082 1009 1084 1109 1009 1085 1084 1086 1111 1058 1085 1058 1110 1067 1014 1087 1086 1087 1112 1086 1112 1017 971 1088 1113 971 1113 1014 1066 1098 1089 1090 1089 1115 1048 1008 1140 1140 1008 1023 1134 1056 1154 1154 1083 1026 1056 1083 1154 1028 1009 1142 1009 1053 1142 1066 1011 1120 1062 1015 1131 987 986 1091 986 1012 1091 1003 1125 1012 1125 1003 1126 1126 979 1142 1013 1092 1142 1095 1094 1092 979 1126 1003 980 1142 979 1013 1142 980 1093 1092 1013 1095 1092 1093 984 989 1096 1099 1071 1100 1071 1070 1100 1070 1072 1101 1076 1074 1103 1075 1104 1074 1079 1020 1105 1020 1008 1106 1106 1081 1107 1008 1081 1106 1108 1009 1109 1110 1058 1111 1112 1087 1019 1087 1014 1019 1113 1088 1114 1115 1089 1098 1048 1024 1023 1141 1026 1134 1153 1133 1016 1014 1143 1151 1029 1066 1120 1136 1066 1029 1117 990 991 1118 990 1117 989 990 1118 1147 1131 1031 1119 1147 1031 1022 989 1118 1161 989 1022 1156 989 1161 1096 989 1156 1097 1025 1140 1097 1096 1025 1121 1120 992 1122 1097 1140 994 1121 992 1144 1121 994 1123 1144 994 1094 1122 1155 1154 1094 1155 995 1123 994 1092 1094 1154 1092 1154 1026 1027 1092 1026 1091 1123 995 1012 1124 1091 1142 1092 1028 1125 1124 1012 1020 1023 1105 1138 1084 1110 1101 1033 1127 1016 1112 1135 1102 1033 1101 1145 1115 1128 1129 1023 1020 1106 1129 1020 1103 1033 1102 1130 1033 1103 1133 1017 1016 1114 1115 1145 1114 1090 1115 1070 1127 1131 1070 1101 1127 1100 1070 1131 1132 1138 1110 1088 1090 1114 1133 1111 1017 1133 1132 1110 1133 1110 1111 1134 1129 1106 1134 1106 1107 1143 1113 1114 1146 1100 1131 1099 1100 1146 1074 1130 1103 1074 1021 1130 1104 1021 1074 1108 1107 1082 1141 1107 1108 1077 1021 1104 1139 1021 1077 1135 1018 1113 1135 1113 1143 1135 1019 1018 1136 1068 1099 1136 1099 1146 1137 1141 1108 1137 1108 1109 1098 1068 1136 1023 1139 1077 1135 1112 1019 1078 1023 1077 1128 1098 1136 1115 1098 1128 1105 1023 1078 1138 1109 1084 1138 1137 1109 1069 1099 1068 1084 1085 1110 1111 1086 1017 1017 1112 1016 1018 1014 1113 1168 1140 1023 1134 1107 1141 1028 1138 1085 1125 1059 1153 1067 1135 1014 1014 1135 1143 1152 1067 1091 1091 1067 1151 1116 1114 1145 1117 991 1171 1147 1119 1037 1119 1120 1037 1148 1120 1149 1120 1121 1149 1149 1144 977 1121 1144 1149 1150 1123 1151 1144 1123 1150 1123 1091 1151 1091 1124 1152 1152 1124 1153 1124 1125 1153 1125 1126 1163 1126 1142 1163 1028 1092 1036 1092 1027 1036 1154 1155 1035 1122 1140 1155 1024 1025 1156 1025 1096 1156 1022 1118 1160 1160 1118 1157 1118 1117 1157 1158 1031 1032 1159 1022 1160 1130 1021 1022 1130 1022 1159 1130 1159 1171 1033 1130 1171 1139 1024 1161 1139 1023 1024 1134 1035 1168 1129 1134 1168 1023 1129 1168 1162 1028 1036 1137 1138 1028 1137 1028 1162 1141 1162 1169 1141 1137 1162 1133 1059 1163 1132 1133 1163 1085 1132 1163 1138 1132 1085 1135 1067 1164 1016 1165 1153 1016 1164 1165 1016 1135 1164 1143 1114 1116 1143 1116 1166 1128 1136 1029 1128 1029 1170 1145 1128 1170 1146 1131 1030 1146 1030 1038 1127 1033 1034 1127 1034 1167 1062 1127 1167 1131 1127 1062 1024 1048 1025 1169 1027 1026 1169 1026 1141 1166 1151 1143 1150 1116 1144 1170 977 1145 1148 1029 1120 1038 1136 1146 1158 1034 991 1171 1157 1117 1030 1131 1147 1037 1030 1147 1038 1030 1037 1149 1029 1148 1170 1029 1149 977 1170 1149 1166 1116 1150 1151 1166 1150 1152 1164 1067 1165 1164 1152 1153 1165 1152 1163 1142 1085 1125 1163 1059 1162 1027 1169 1036 1027 1162 1155 1140 1168 1035 1155 1168 1024 1156 1161 1159 1157 1171 1160 1157 1159 1167 1034 1158 1062 1158 1032 1062 1167 1158 1177 1173 1176 1179 1200 2098 1181 1177 1178 1183 1173 1177 1182 1174 1193 1182 1193 1175 1179 1219 1200 1185 1219 1179 1190 1177 1181 1185 1186 1219 1187 1181 1178 1187 1178 1256 1188 1182 1175 1190 1183 1177 1192 1184 1265 1184 1185 1179 1196 1181 1187 1196 1190 1181 1195 1185 1184 1194 1187 1256 1172 1188 1175 1194 1256 1191 1172 1175 1189 1193 1192 1265 1198 1191 1197 1198 1196 1187 1198 1187 1194 1198 1194 1191 1180 1195 1184 1180 1184 1192 1173 1189 1176 1173 1172 1189 1174 1192 1193 1175 1193 1257 1174 1180 1192 1671 1202 1199 1201 1202 1671 1206 1201 1671 1201 1205 1202 1204 1205 1201 1207 1201 1206 1206 1671 1203 1207 1204 1201 1209 1207 1206 1208 1206 1203 1208 1203 1667 1208 1209 1206 1210 1208 1667 1210 1667 1669 1212 1209 1208 1214 1208 1210 1213 1210 1669 1213 1669 1211 1214 1212 1208 1216 1210 1213 1216 1214 1210 1215 1213 1211 1218 1213 1215 1218 1216 1213 1215 1211 1217 1220 1218 1215 1219 1217 1200 1219 1215 1217 1221 1220 1215 1221 1215 1219 1186 1221 1219 1186 1222 1221 1221 1223 1220 1222 1223 1221 1220 1224 1218 1223 1224 1220 1218 1225 1216 1224 1225 1218 1216 1226 1214 1225 1226 1216 1214 1227 1212 1226 1227 1214 1212 1228 1209 1227 1228 1212 1209 1229 1207 1228 1229 1209 1207 1230 1204 1229 1230 1207 1204 1231 1205 1230 1231 1204 1205 1232 1233 1233 1232 1234 1231 1232 1205 1234 1235 1236 1232 1235 1234 2253 1237 1238 1235 1237 2251 1237 1239 1238 1238 1239 1197 1243 1240 1241 1243 1654 1240 1261 1346 1349 2098 1654 1243 2189 1422 1244 1176 1189 2192 1260 1245 1246 1269 2022 1270 1247 1176 2037 1247 2033 2187 1179 2098 1259 1177 1176 1247 1184 1250 1249 1184 1179 1250 1178 1177 1251 2205 1425 1253 1178 1269 1270 1256 2180 1248 1191 2010 2008 1249 1265 1184 2069 1257 1193 1262 1258 1175 1247 1251 1177 1256 2010 1191 1261 1259 1346 1193 1265 2069 1245 1249 2080 1245 1260 1249 1261 1179 1259 1261 1250 1179 1263 1264 2210 2204 2069 1415 1265 2210 1264 1257 2205 1253 1254 1255 1262 1266 1344 2046 2194 1267 1324 1189 1344 1266 2194 2193 1267 1189 1258 1344 2192 1267 2193 2187 1242 1430 2187 2033 1242 2037 1176 1268 2037 1268 2034 2185 1341 1248 1175 1257 1262 2180 2185 1248 2002 2010 1252 1189 1175 1258 1428 1287 2042 1272 1276 1435 1428 1274 1287 1284 1296 1277 1272 1278 1276 1281 1283 1280 1280 1283 1431 1416 1290 1284 1278 1293 1276 2036 1289 1274 1722 1294 1752 1274 1308 1287 1551 1288 1278 1271 1295 2208 1837 1298 1863 1284 1290 1296 1283 1307 1431 1278 1292 1293 1287 1308 1305 1300 1314 1809 2036 2034 1289 1291 1297 1393 1294 1396 1752 1292 1303 1293 1299 1305 1407 2034 1268 1289 1297 2009 1393 1431 1307 1300 1295 1264 2209 2017 1301 1302 1293 1303 1294 1308 1304 1305 1407 1306 1299 1306 1309 1307 2208 1323 1315 1393 2009 1311 1305 1320 1409 1304 1320 1305 1294 1312 1396 1303 1312 1294 1264 1263 2209 1296 1313 1310 1290 1313 1296 1300 1307 1314 1315 1323 1316 1417 1317 1318 1748 1337 1319 2009 1395 1311 1805 1352 1455 2003 2002 2009 2091 1316 1321 1307 1326 1314 1314 1326 1333 1462 1322 1463 2009 2002 1252 1322 1339 1463 1338 1339 1322 1316 1418 1321 1313 1340 1310 1395 1341 1311 1246 1245 1323 1332 1410 1409 1333 1351 1352 1800 1357 1348 1321 1418 1336 1331 1358 1337 1338 1350 1339 1334 1345 1451 1338 1340 1350 1349 1346 1418 1332 1344 1410 1395 1248 1341 1337 1358 1345 1332 2046 1344 1451 1345 1400 1420 1336 1360 1348 1357 1371 1355 2101 1363 1351 1364 1352 1363 1356 1355 1352 1364 1357 1345 1358 1400 1343 1359 1354 1360 1367 2101 1360 1361 1367 1362 1398 1358 1365 1366 1364 1353 1354 1394 1336 1241 1361 1347 1368 1369 2057 1368 1347 1361 1241 1240 2057 1374 1370 1358 1402 1400 1824 1411 1461 1357 1364 1371 1401 1372 1450 1450 1372 1441 1362 1325 1373 1375 1377 1376 1378 1398 1379 1306 1275 1299 1279 1375 1389 1365 1329 1390 1411 1820 1461 1359 1270 1354 1381 1383 1382 1384 1366 1385 1317 1286 1318 1392 1381 1387 1736 1373 1325 1373 1353 1388 1378 1376 1377 1279 1299 1275 1328 1390 1329 1384 1382 1383 1374 1255 1370 1401 1419 1372 1382 1427 1391 1371 1413 1411 1392 1318 1286 1391 1387 1381 1364 1413 1371 1318 1315 2091 1318 2091 1417 1354 1270 2022 1355 1360 2101 1302 1393 2017 1565 1302 1285 1301 1285 1302 1356 1335 1355 1355 1335 1849 1411 1822 1820 1301 2017 1327 1297 2003 2009 1327 1736 1301 1331 1396 1397 1397 1396 1312 1337 1396 1331 1341 1342 1311 1343 1342 1341 1353 1343 1354 1342 1343 1353 1379 1398 1388 1388 1398 1373 1373 1398 1362 1354 1399 1394 1408 1400 1402 1401 1400 1408 1404 1394 1403 1376 1405 1389 1255 1254 1370 1380 1280 1406 1281 1280 1380 1399 1403 1394 1411 1421 1822 1306 1407 1309 1309 1407 1330 1324 1304 1308 1320 1332 1409 1401 1408 1419 1330 1328 1309 1351 1333 1795 1795 1333 1326 1368 1414 1369 1347 1410 1374 1409 1410 1347 1347 1374 2057 1365 1390 1366 1366 1390 1385 1369 1414 1412 1412 1414 1432 1411 1413 1421 1421 1424 1437 2204 1415 1432 1432 1415 2071 1290 1416 1386 1271 2208 1315 1316 2091 1315 1417 1849 1317 2089 1849 1417 1408 1423 1419 1338 1310 1340 1321 1336 1420 1360 1336 1361 1452 1760 1406 1399 1422 1403 1403 1426 1404 1399 1244 1422 1368 1253 1414 1414 1253 1425 1423 1380 1419 1419 1380 1761 1404 1426 1405 1389 1375 1376 1761 1380 1406 1413 1386 1421 1432 1427 1412 1391 1381 1382 1405 1274 1428 1426 1274 1405 1426 1430 1242 1843 1284 1277 1427 1295 1271 1427 1432 2071 1424 1386 1416 1421 1386 1424 1435 1733 1272 1751 1722 1752 1436 1733 1435 1823 1437 1424 1438 1434 1460 1440 1693 1436 1443 1434 1438 1443 1438 1439 1446 1443 1445 1446 1445 1444 1862 1444 1863 1452 1766 1760 1454 1429 1431 1751 1729 1722 1319 1747 1748 1729 1751 1449 1453 1442 1448 1449 1440 1436 1319 1750 1747 1451 1741 1334 1750 1319 1440 1451 1442 1741 1441 1448 1450 1809 1282 1300 1781 1454 1431 1452 1453 1766 1457 1454 1781 1809 1810 1282 1810 1456 1785 1456 1433 1457 1458 1455 1433 1810 1785 1282 1458 1805 1455 1433 1455 1434 1459 1460 1804 1459 1804 1800 1460 1434 1804 1824 1439 1438 1824 1461 1439 1273 1843 1277 1843 1273 1842 1444 1837 1863 1842 1273 1445 1444 1862 1446 1463 1446 1462 1433 1453 1457 1459 1800 1348 1466 1467 1652 1635 1989 1469 1652 1467 1475 1627 1651 1650 1474 1477 1467 1650 1651 1481 1465 1486 2137 1480 1614 1477 1473 1489 1470 1477 1616 1467 1467 1616 1475 1340 1487 1350 2137 1484 1476 1633 1483 1482 1476 1484 1485 2137 1486 1491 1350 1487 1478 1363 1490 1356 1468 1493 1494 1478 1493 1468 1487 1493 1478 1482 1483 1499 1510 1932 1488 1488 1932 1495 1483 1673 1497 1633 1673 1483 1489 1496 1470 1635 1496 1637 1492 1498 1877 2101 1503 2103 1367 1503 2101 1988 1505 1985 1985 1505 1697 1492 1494 1498 1494 1500 1498 1486 2138 1491 1494 1872 1500 1484 2235 1485 1988 1509 1505 1494 1493 1872 1929 1617 1706 1484 2136 2235 1510 1511 1932 1483 1518 1499 1507 1519 1701 1518 1516 1499 1872 1524 1500 1519 1521 1701 1517 1638 1690 2235 1535 1515 1655 1523 1503 1617 1550 1706 1500 1524 1525 2235 1666 1527 1518 1544 1516 1638 1528 1690 1516 1557 1520 1512 1599 1526 1526 1599 2108 1522 1544 1518 1509 1533 1638 1525 1534 1521 1524 1534 1525 1531 1535 1532 1537 1538 1539 1530 1540 1524 1529 1540 1530 1956 1541 1554 1526 1542 1559 2108 1542 1526 1537 1543 1538 1599 1552 1546 1533 1553 1638 1532 1572 1531 1521 1534 1902 1531 1572 1569 1557 1558 1520 1535 1545 1532 1617 1549 1550 1536 1556 1696 1638 1553 1551 1520 1558 1563 1558 1557 1555 1552 2218 1546 1553 1288 1551 1532 2232 1560 1545 2232 1532 1557 1561 1555 1541 1577 1554 1902 1571 1556 2218 1562 1546 1559 1566 1564 1542 1566 1559 1561 1658 1555 1542 1576 1566 1558 2004 1563 1569 1572 1570 1558 1573 2004 1556 1571 1593 2004 1297 1563 1550 1604 1577 1563 1297 1291 1566 1602 1564 1572 1615 1570 1501 1529 1502 1363 1504 1490 1490 1504 1501 1471 1478 1468 1565 1547 1568 1548 1568 1547 1574 2004 1573 1513 1548 1514 1585 1921 1919 1580 1479 1589 1578 1579 1580 1620 1621 1567 1537 1581 1543 1506 1539 1582 1694 1600 1969 1583 1508 1614 1539 1531 1537 1608 1584 1594 1584 1476 1583 1587 1586 1598 1547 1514 1548 1636 1489 1588 1513 1636 1575 1588 1589 1479 1590 1591 1592 1580 1590 1578 1592 1567 1621 1543 1549 1538 1620 1543 1581 1538 1582 1539 1506 1614 1508 1480 1594 1584 1556 1593 1601 1597 1598 1586 1540 1534 1524 1530 1502 1529 2103 1599 1512 1503 1599 2103 1921 1601 1639 1571 1902 1534 1585 1601 1921 1564 1602 1603 1602 1606 1603 1597 1605 1595 1577 1604 1600 1595 1605 1609 1586 1603 1605 1609 1608 1595 1607 1639 1474 1593 1596 1601 1474 1639 1610 1611 1613 1612 1612 1613 1465 1969 1600 1970 1476 1465 2137 1584 1614 1480 1583 1614 1584 1510 1475 1511 1511 1475 1616 2143 2235 1515 1485 2235 2143 1606 1640 1603 1621 1628 1623 1511 1617 1932 1549 1617 1511 1605 1597 1586 1515 1535 1531 1604 1550 1549 1604 1591 1600 1624 1621 1622 1628 1621 1624 1592 1623 1590 1590 1623 1578 1615 1626 1624 1624 1626 1625 1628 1627 1629 1615 1624 1570 1631 1630 1473 1597 1595 1596 1570 1624 1622 1623 1592 1621 1630 1970 1632 1650 1633 1634 1496 1635 1470 1575 1636 1479 1600 1591 1970 1479 1636 1588 1533 1637 1496 1509 1637 1533 1603 1640 1611 1499 1516 2179 2179 1516 1520 1528 1638 1551 1601 1596 1639 1624 1627 1628 1640 1644 1611 1606 1642 1640 1630 1631 1695 1695 1631 1641 1626 1643 1625 1591 1632 1970 1596 1610 1639 1611 1644 1613 1643 1645 1625 1629 1650 1634 1627 1650 1629 1630 1632 1473 1644 1647 1648 1607 1474 1467 1646 1470 1635 1647 1472 1648 1612 1465 1476 1466 1652 1936 1632 1489 1473 1647 1649 1472 1634 1633 1482 1654 1464 1240 1655 1656 1523 2097 1656 1655 1656 2097 1200 2006 1573 1657 2006 1657 2008 1990 1658 1561 1990 1561 1715 1657 1191 2008 1715 1657 1990 2006 1574 1573 1659 1481 1651 2111 1217 1211 1651 1660 1659 1661 1662 1619 1671 1645 1643 1661 1664 1662 1663 1560 2232 2225 2138 1486 1666 1667 1665 1669 1668 1649 1211 1642 2219 1670 2221 1576 1671 1199 1660 2218 2109 1562 2218 1217 2109 1665 1527 1666 1203 1663 2232 1203 1671 1664 1668 1472 1649 1672 2138 2225 1669 1667 1672 2219 1642 1606 2170 1199 1202 1674 1497 1673 1239 1675 1197 1197 1675 1198 1198 1676 1196 1675 1676 1198 1196 1677 1190 1676 1677 1196 1190 1678 1183 1677 1678 1190 1183 1679 1173 1678 1679 1183 1173 1680 1172 1679 1680 1173 1172 1681 1188 1680 1681 1172 1188 1682 1182 1681 1682 1188 1182 1683 1174 1682 1683 1182 1174 1684 1180 1683 1684 1174 1180 1685 1195 1684 1685 1180 1195 1686 1185 1685 1686 1195 1185 1222 1186 1686 1222 1185 1433 1434 1682 1433 1682 1681 1239 1237 1693 1225 1705 1703 1226 1225 1703 1224 1705 1225 1447 1705 1224 1227 1226 1703 1433 1681 1680 1223 1447 1224 1679 1433 1680 1228 1703 1710 1440 1675 1239 1440 1239 1693 1228 1227 1703 1676 1675 1440 1453 1679 1678 1222 1447 1223 1453 1433 1679 1442 1676 1440 1229 1228 1710 1442 1677 1676 1686 1446 1447 1442 1678 1677 1442 1453 1678 1686 1447 1222 1230 1710 1687 1230 1229 1710 1685 1446 1686 1231 1687 1712 1231 1230 1687 1443 1446 1685 1684 1443 1685 1232 1231 1712 1683 1443 1684 1235 1232 1712 1692 1235 1712 1434 1443 1683 1434 1683 1682 1693 1235 1692 1693 1237 1235 1690 1691 1517 1691 1690 1693 1984 1697 1692 1883 1471 1468 1653 1471 1883 1968 1694 1969 1447 1653 1883 1711 1694 1968 1469 1646 1635 1893 1696 1556 1698 1585 1919 1915 1618 1607 1877 1881 1492 1701 1704 1507 1881 1877 1702 1881 1702 1447 1881 1447 1882 1705 1702 1704 1705 1447 1702 1893 1705 1696 1919 1918 1700 1919 1700 1698 1915 1917 1618 1917 1915 1914 1705 1700 1703 1912 1466 1936 1914 1703 1917 1495 1935 1488 1710 1703 1912 1495 1707 1935 1707 1710 1935 1706 1708 1929 1554 1689 1956 1689 1709 1956 1710 1951 1687 1710 1708 1951 1709 1687 1951 1709 1689 1687 1711 1712 1687 1641 1712 1695 1469 1699 1646 1469 1688 1699 1712 1641 1713 1984 1985 1697 1692 1712 1713 1692 1713 1688 1715 1714 2170 1522 2250 1544 1714 2250 1522 1714 1522 2169 1714 2169 2170 1716 1547 1565 1288 1718 1717 1717 1718 1716 1716 1565 1717 1717 1565 1285 1719 1285 1301 1717 1285 1719 1719 1301 1720 1720 1301 1303 1721 1292 1278 1721 1720 1292 1720 1303 1292 1721 1278 1288 1288 1553 1718 1716 1718 1547 1718 1553 1547 1717 1721 1288 1719 1721 1717 1720 1721 1719 1723 1729 1449 1723 1449 1724 1724 1449 1436 1728 1725 1435 1725 1724 1435 1724 1436 1435 1726 1728 1276 1728 1435 1276 1726 1293 1727 1726 1276 1293 1722 1727 1294 1727 1293 1294 1729 1728 1722 1728 1726 1722 1722 1726 1727 1729 1725 1728 1725 1723 1724 1725 1729 1723 1730 1272 1733 1730 1734 1272 1734 1278 1272 1528 1551 1730 1528 1730 1732 1690 1730 1733 1690 1732 1730 1690 1733 1731 1733 1436 1731 1731 1436 1693 1732 1690 1528 1731 1693 1690 1734 1551 1278 1551 1734 1730 1735 1301 1736 1739 1736 1325 1737 1325 1362 1737 1739 1325 1737 1362 1738 1738 1362 1358 1397 1738 1331 1738 1358 1331 1740 1312 1303 1740 1739 1312 1397 1312 1739 1740 1303 1735 1735 1303 1301 1739 1737 1397 1736 1739 1735 1735 1739 1740 1397 1737 1738 1746 1345 1742 1742 1345 1334 1742 1334 1741 1741 1442 1743 1743 1442 1440 1745 1744 1319 1744 1743 1319 1743 1440 1319 1745 1319 1337 1745 1337 1746 1746 1337 1345 1742 1745 1746 1742 1744 1745 1744 1741 1743 1741 1744 1742 1749 1750 1440 1749 1440 1449 1749 1449 1751 1748 1753 1337 1753 1396 1337 1753 1752 1396 1751 1752 1747 1752 1753 1747 1748 1747 1753 1751 1747 1750 1750 1749 1751 1754 1398 1378 1755 1378 1377 1756 1377 1375 1755 1377 1756 1756 1375 1757 1757 1375 1380 1758 1423 1408 1758 1757 1423 1757 1380 1423 1759 1402 1358 1759 1755 1402 1758 1408 1755 1755 1408 1402 1754 1759 1398 1759 1358 1398 1755 1756 1758 1758 1756 1757 1378 1755 1754 1754 1755 1759 1761 1406 1760 1762 1766 1453 1762 1453 1448 1764 1763 1441 1762 1448 1763 1763 1448 1441 1765 1764 1372 1764 1441 1372 1765 1419 1761 1765 1372 1419 1765 1761 1760 1764 1760 1766 1764 1765 1760 1763 1764 1766 1763 1766 1762 1769 1767 1450 1767 1401 1450 1769 1450 1768 1768 1450 1448 1768 1448 1770 1770 1448 1442 1770 1451 1771 1770 1442 1451 1773 1771 1451 1772 1400 1401 1773 1400 1772 1773 1451 1400 1767 1772 1401 1769 1771 1767 1773 1767 1771 1772 1767 1773 1771 1769 1768 1770 1771 1768 1780 1375 1279 1780 1279 1774 1774 1279 1275 1775 1774 1306 1774 1275 1306 1775 1306 1776 1776 1306 1307 1777 1776 1283 1776 1307 1283 1777 1283 1281 1778 1380 1779 1778 1281 1380 1778 1777 1281 1779 1380 1780 1780 1380 1375 1778 1774 1777 1778 1779 1774 1779 1780 1774 1777 1775 1776 1774 1775 1777 1783 1300 1282 1785 1456 1457 1785 1457 1781 1782 1784 1431 1784 1781 1431 1783 1431 1300 1783 1782 1431 1782 1282 1784 1282 1782 1783 1781 1784 1282 1781 1282 1785 1454 1788 1429 1790 1454 1457 1790 1457 1786 1786 1457 1453 1787 1452 1406 1786 1452 1787 1786 1453 1452 1787 1406 1789 1788 1789 1280 1789 1406 1280 1788 1280 1429 1429 1280 1431 1789 1454 1787 1789 1788 1454 1787 1454 1790 1790 1786 1787 1798 1309 1791 1791 1309 1328 1791 1328 1792 1792 1328 1329 1793 1329 1365 1793 1792 1329 1793 1365 1794 1794 1365 1364 1794 1364 1795 1795 1364 1351 1797 1796 1307 1796 1326 1307 1796 1795 1326 1798 1797 1309 1797 1307 1309 1796 1793 1795 1792 1793 1796 1795 1793 1794 1796 1797 1792 1792 1798 1791 1797 1798 1792 1799 1357 1800 1801 1804 1434 1802 1803 1455 1803 1801 1455 1801 1434 1455 1802 1455 1352 1799 1352 1357 1802 1352 1799 1800 1802 1799 1803 1802 1800 1804 1801 1803 1804 1803 1800 1806 1458 1433 1806 1433 1807 1807 1433 1456 1807 1456 1810 1808 1314 1333 1808 1809 1314 1808 1333 1352 1805 1808 1352 1458 1809 1805 1805 1809 1808 1810 1809 1458 1810 1458 1806 1807 1810 1806 1811 1366 1384 1812 1384 1383 1812 1383 1813 1813 1383 1381 1813 1381 1814 1814 1381 1386 1817 1814 1413 1814 1386 1413 1816 1815 1364 1815 1413 1364 1817 1413 1815 1816 1364 1811 1811 1364 1366 1815 1812 1817 1815 1816 1812 1384 1812 1811 1811 1812 1816 1813 1817 1812 1814 1817 1813 1821 1818 1437 1818 1421 1437 1819 1823 1443 1821 1437 1823 1819 1443 1439 1822 1421 1818 1821 1822 1818 1820 1822 1821 1821 1461 1820 1823 1439 1461 1823 1461 1821 1823 1819 1439 1829 1411 1824 1829 1827 1411 1825 1824 1438 1825 1438 1460 1825 1460 1826 1826 1460 1459 1828 1459 1348 1827 1371 1411 1827 1828 1371 1828 1348 1371 1828 1829 1459 1827 1829 1828 1826 1829 1824 1826 1459 1829 1826 1824 1825 1836 1381 1392 1836 1392 1830 1830 1392 1286 1830 1286 1831 1831 1286 1317 1831 1317 1832 1832 1317 1313 1832 1313 1833 1833 1313 1290 1835 1834 1386 1834 1290 1386 1833 1290 1834 1836 1835 1381 1835 1386 1381 1834 1830 1833 1833 1831 1832 1834 1835 1830 1835 1836 1830 1831 1833 1830 1840 1298 1837 1840 1310 1298 1838 1837 1444 1838 1444 1445 1838 1445 1839 1839 1445 1273 1841 1839 1277 1839 1273 1277 1841 1296 1840 1840 1296 1310 1841 1277 1296 1839 1841 1837 1837 1841 1840 1839 1837 1838 1842 1445 1844 1844 1445 1443 1847 1823 1424 1844 1823 1847 1844 1443 1823 1845 1847 1424 1846 1416 1284 1846 1845 1416 1845 1424 1416 1845 1846 1847 1847 1846 1843 1843 1846 1284 1842 1844 1847 1847 1843 1842 1848 1317 1849 1851 1854 1855 1848 1852 1850 1853 1852 1849 1849 1852 1848 1852 1853 1851 1851 1853 1854 1853 1849 1335 1854 1356 1490 1853 1335 1854 1854 1335 1356 1855 1490 1487 1851 1855 1340 1855 1487 1340 1850 1852 1313 1852 1340 1313 1851 1340 1852 1850 1313 1848 1848 1313 1317 1855 1854 1490 1861 1860 1471 1859 1478 1860 1860 1478 1471 1861 1856 1860 1861 1471 1653 1858 1447 1446 1858 1653 1447 1858 1446 1463 1856 1463 1339 1859 1857 1350 1857 1339 1350 1857 1856 1339 1859 1350 1478 1859 1860 1857 1857 1860 1856 1861 1463 1856 1861 1858 1463 1861 1653 1858 1867 1322 1462 1867 1865 1322 1865 1338 1322 1862 1868 1446 1868 1462 1446 1867 1462 1868 1864 1863 1298 1866 1310 1865 1865 1310 1338 1866 1298 1310 1298 1866 1864 1866 1867 1864 1865 1867 1866 1868 1863 1864 1868 1864 1867 1868 1862 1863 1869 1490 1870 1870 1490 1501 1870 1501 1875 1875 1501 1502 1875 1502 1530 1871 1530 1524 1871 1524 1872 1874 1493 1487 1874 1873 1493 1872 1493 1873 1869 1874 1490 1874 1487 1490 1873 1875 1872 1875 1873 1870 1870 1873 1869 1869 1873 1874 1872 1875 1871 1871 1875 1530 1525 1521 1519 1880 1507 1704 1880 1704 1876 1876 1704 1702 1878 1877 1498 1876 1702 1877 1879 1500 1525 1879 1878 1500 1878 1498 1500 1879 1525 1519 1878 1879 1507 1507 1879 1519 1507 1877 1878 1877 1507 1880 1877 1880 1876 1882 1447 1883 1884 1883 1468 1884 1468 1494 1884 1494 1492 1883 1884 1881 1881 1884 1492 1882 1883 1881 1891 1540 1587 1891 1587 1886 1886 1587 1598 1885 1886 1597 1886 1598 1597 1885 1597 1887 1887 1597 1596 1887 1596 1888 1888 1596 1593 1889 1593 1571 1890 1889 1534 1889 1571 1534 1891 1890 1540 1890 1534 1540 1889 1888 1593 1888 1885 1887 1889 1890 1886 1890 1891 1886 1889 1885 1888 1886 1885 1889 1895 1892 1585 1892 1601 1585 1897 1698 1700 1895 1585 1698 1897 1700 1893 1893 1700 1705 1894 1896 1556 1896 1893 1556 1894 1556 1892 1892 1556 1601 1895 1894 1892 1895 1896 1894 1897 1895 1698 1896 1897 1893 1896 1895 1897 1898 1556 1536 1899 1696 1705 1899 1705 1704 1899 1704 1900 1900 1704 1701 1901 1900 1521 1900 1701 1521 1898 1902 1556 1901 1521 1902 1536 1901 1898 1900 1901 1536 1898 1901 1902 1900 1536 1696 1899 1900 1696 1910 1595 1903 1903 1595 1608 1903 1608 1904 1904 1608 1594 1904 1594 1905 1905 1594 1480 1905 1480 1906 1906 1480 1477 1906 1477 1907 1907 1477 1474 1908 1474 1610 1908 1596 1909 1908 1610 1596 1909 1596 1910 1910 1596 1595 1908 1907 1474 1907 1905 1906 1908 1909 1904 1904 1910 1903 1909 1910 1904 1908 1905 1907 1904 1905 1908 1913 1911 1466 1911 1467 1466 1913 1466 1912 1914 1912 1703 1916 1915 1607 1916 1607 1467 1913 1916 1911 1911 1916 1467 1913 1915 1916 1915 1912 1914 1915 1913 1912 1920 1607 1618 1918 1917 1703 1918 1703 1700 1920 1639 1607 1920 1921 1639 1917 1921 1618 1921 1920 1618 1919 1921 1917 1918 1919 1917 1922 1614 1923 1923 1614 1506 1923 1506 1582 1924 1928 1538 1928 1582 1538 1928 1923 1582 1924 1538 1926 1926 1538 1549 1925 1926 1511 1926 1549 1511 1927 1616 1477 1927 1925 1616 1925 1511 1616 1922 1927 1614 1927 1477 1614 1927 1923 1925 1923 1928 1925 1922 1923 1927 1925 1928 1926 1926 1928 1924 1933 1617 1929 1933 1931 1617 1929 1708 1930 1930 1708 1710 1930 1710 1707 1931 1932 1617 1932 1933 1495 1931 1933 1932 1495 1933 1929 1707 1929 1930 1929 1707 1495 1938 1934 1488 1934 1510 1488 1938 1488 1935 1935 1710 1912 1935 1912 1936 1937 1475 1510 1937 1652 1475 1937 1510 1934 1652 1938 1936 1652 1934 1938 1937 1934 1652 1936 1938 1935 1939 1543 1620 1939 1620 1940 1940 1620 1567 1941 1940 1592 1940 1567 1592 1941 1592 1942 1942 1592 1591 1943 1942 1604 1942 1591 1604 1943 1549 1944 1943 1604 1549 1939 1944 1543 1944 1549 1543 1943 1944 1940 1944 1939 1940 1943 1941 1942 1940 1941 1943 1945 1600 1947 1947 1600 1694 1947 1694 1946 1946 1694 1711 1946 1711 1948 1948 1711 1687 1950 1949 1554 1949 1689 1554 1949 1948 1689 1948 1687 1689 1945 1950 1600 1950 1577 1600 1950 1554 1577 1950 1945 1947 1947 1949 1950 1949 1946 1948 1949 1947 1946 1954 1541 1956 1954 1577 1541 1952 1951 1708 1952 1708 1953 1953 1708 1706 1955 1953 1550 1953 1706 1550 1954 1955 1577 1955 1550 1577 1955 1956 1953 1956 1955 1954 1709 1952 1953 1709 1953 1956 1709 1951 1952 1957 1590 1580 1957 1580 1958 1958 1580 1589 1958 1589 1588 1959 1588 1489 1959 1489 1960 1960 1489 1632 1962 1961 1591 1961 1632 1591 1960 1632 1961 1962 1591 1957 1957 1591 1590 1961 1958 1960 1961 1962 1958 1962 1957 1958 1960 1588 1959 1958 1588 1960 1646 1963 1470 1699 1688 1713 1964 1713 1641 1965 1964 1631 1964 1641 1631 1963 1473 1470 1963 1965 1473 1965 1631 1473 1646 1965 1963 1964 1965 1646 1964 1646 1699 1713 1964 1699 1967 1971 1695 1971 1630 1695 1971 1970 1630 1966 1967 1712 1967 1695 1712 1966 1712 1711 1966 1711 1968 1967 1969 1971 1970 1971 1969 1968 1969 1967 1967 1966 1968 1972 1636 1513 1973 1513 1514 1974 1973 1547 1973 1514 1547 1974 1547 1553 1974 1553 1975 1975 1553 1533 1977 1496 1489 1977 1976 1496 1976 1975 1496 1975 1533 1496 1972 1977 1636 1977 1489 1636 1976 1973 1975 1973 1976 1513 1513 1976 1972 1972 1976 1977 1975 1973 1974 1517 1981 1638 1691 1693 1978 1978 1693 1979 1979 1693 1692 1983 1979 1697 1979 1692 1697 1980 1697 1505 1980 1983 1697 1981 1982 1638 1982 1509 1638 1980 1505 1982 1982 1505 1509 1983 1982 1691 1980 1982 1983 1691 1982 1517 1517 1982 1981 1978 1979 1983 1983 1691 1978 1986 1984 1692 1986 1692 1688 1987 1688 1469 1987 1986 1688 1987 1469 1989 1988 1637 1509 1988 1989 1637 1989 1635 1637 1985 1987 1988 1989 1988 1987 1987 1985 1984 1986 1987 1984 1993 1558 1555 1991 1990 1657 1995 1992 1573 1992 1657 1573 1991 1657 1992 1994 1558 1993 1994 1573 1558 1994 1995 1573 1555 1994 1993 1555 1995 1994 1658 1995 1555 1658 1992 1995 1992 1990 1991 1992 1658 1990 1996 1393 2001 2001 1393 1302 2001 1302 1997 1997 1302 1565 1997 1565 1568 1998 2000 1997 2000 1998 1999 1997 2000 1291 1998 1568 1548 1997 1568 1998 1998 1548 1999 1999 1548 1520 2000 1999 1563 1999 1520 1563 1996 1291 1393 2000 1563 1291 1291 1996 1997 1996 2001 1997 2008 2002 2007 2008 2010 2002 2005 1297 2004 2005 2003 1297 1574 2005 2004 2007 2006 2008 2007 2002 2003 2006 2005 1574 2007 2005 2006 2003 2005 2007 2014 2010 1256 2011 2013 1248 2014 1256 2013 2013 1256 1248 2012 2011 1395 2011 1248 1395 2012 1395 2009 2009 1252 2012 2011 2012 1252 2013 2011 1252 2013 1252 2010 2013 2010 2014 2020 1353 2015 2015 1353 1373 2015 1373 2021 2021 1373 1736 2021 1736 1327 2016 1327 2017 2021 1327 2016 2018 2017 1393 2018 1311 2019 2018 1393 1311 2019 1311 1342 2020 1342 1353 2019 1342 2020 2016 2019 2021 2019 2020 2021 2018 2016 2017 2019 2016 2018 2015 2021 2020 2022 2023 1354 1269 1178 1251 2024 1244 1399 2023 2024 1354 2024 1399 1354 2022 2024 2023 2024 2022 1244 2189 1244 2022 2189 1269 1251 2189 2022 1269 2025 1405 2026 2026 1405 1376 2026 1376 2027 2027 1376 1378 2027 1378 1379 2028 1379 1388 2027 1379 2028 2029 1388 1353 2030 2029 1394 2029 1353 1394 2030 1394 1404 2025 2031 1405 2031 1404 1405 2030 1404 2031 2028 2030 2027 2030 2031 2027 2029 2028 1388 2030 2028 2029 2027 2031 2026 2026 2031 2025 2033 2035 1242 2035 1426 1242 2032 2033 1247 2032 1247 2037 2035 1274 1426 2036 1274 2035 2033 2036 2035 2033 2034 2036 2034 2033 2032 2037 2034 2032 2044 1305 2038 2038 1305 1299 2038 1299 2039 2039 1299 1279 2040 1389 2041 2039 1279 2040 2040 1279 1389 2041 1389 1405 2041 1405 2042 2042 1405 1428 2044 2043 1305 2043 1287 1305 2043 2042 1287 2040 2043 2039 2042 2043 2040 2041 2042 2040 2039 2044 2038 2043 2044 2039 1267 2045 1324 2045 1304 1324 1266 2192 1189 2048 2046 1332 2045 2047 1304 2047 1320 1304 2047 1332 1320 2047 2048 1332 1267 2047 2045 1267 2048 2047 1267 2046 2048 1267 1266 2046 1266 1267 2192 2054 1347 2049 2049 1347 1390 2049 1390 2056 2056 1390 1328 2056 1328 2050 2050 1328 1330 2051 1330 1407 2050 1330 2051 2051 1407 2052 2052 1407 1305 2052 1305 2053 2053 1305 1409 2054 2055 1347 2053 1409 2055 2055 1409 1347 2052 2053 2051 2051 2055 2050 2053 2055 2051 2054 2050 2055 2056 2050 2049 2049 2050 2054 2061 1254 1262 2061 1262 2060 2060 1262 1257 2059 2060 1253 2060 1257 1253 2058 2059 1368 2059 1253 1368 2058 1368 2057 1370 2058 2057 1254 2059 1370 1370 2059 2058 1254 2060 2059 2060 1254 2061 2062 2068 1382 2068 1427 1382 2062 1382 2067 2067 1382 1384 2067 1384 1385 2063 1385 2064 2064 1385 1390 2067 1385 2063 2064 1390 2065 2065 1390 1347 2065 1347 1369 2063 1369 1412 2068 1412 1427 2066 1412 2068 2063 1412 2066 2063 2066 2067 2065 1369 2063 2064 2065 2063 2067 2068 2062 2066 2068 2067 2073 2069 1265 2072 2070 1264 2070 2073 1264 2073 1265 1264 2072 1264 1295 2071 1295 1427 2071 2072 1295 1415 2072 2071 1415 2070 2072 1415 2073 2070 2073 1415 2069 2079 1315 2074 2074 1315 1318 2074 1318 2075 2075 1318 1392 2076 1387 1391 2075 1392 2076 2076 1392 1387 2077 1391 1427 2078 2077 1271 2077 1427 1271 2079 2078 1315 2078 1271 1315 2076 2078 2075 1391 2077 2076 2076 2077 2078 2075 2079 2074 2078 2079 2075 2081 1323 1245 2081 2084 1323 2086 1245 2080 2081 1245 2086 2080 1249 2082 2082 1249 1250 2083 2087 1349 2087 1261 1349 2082 1250 2087 2087 1250 1261 2084 2085 1316 2085 1418 1316 2085 1349 1418 2085 2083 1349 2084 1316 1323 2081 2085 2084 2081 2083 2085 2086 2087 2083 2086 2083 2081 2086 2082 2087 2086 2080 2082 2094 1360 2088 2088 1360 1355 2088 1355 1849 2088 1849 2089 2090 2089 1417 2090 1417 2091 2092 2091 1321 2094 2093 1360 2093 1420 1360 2092 1321 2093 2093 1321 1420 2091 2092 2090 2090 2093 2089 2092 2093 2090 2089 2094 2088 2093 2094 2089 2095 1240 1464 2095 1361 1240 1361 2095 1367 1464 1655 2096 1654 2097 1655 1654 1655 1464 1654 2098 2097 2097 2098 1200 2096 1655 1503 2096 1503 1367 2095 2096 1367 1464 2096 2095 2099 1526 2105 2105 1526 1529 2105 1529 2100 2100 1529 1501 2100 1501 1504 2100 1504 2102 2102 1504 1363 2101 2102 1363 2103 2102 2101 2104 2103 1512 2099 2106 1526 2106 1512 1526 2104 1512 2106 2103 2104 2102 2106 2099 2105 2102 2104 2100 2100 2106 2105 2104 2106 2100 2110 1546 1562 2110 2107 1546 2107 2108 1546 2108 1599 1546 2109 1217 2111 2111 2221 1670 2112 1670 1576 2107 1542 2108 2107 2112 1542 2112 1576 1542 2110 2112 2107 1670 2110 1562 1670 2112 2110 1562 2111 1670 1562 2109 2111 2118 1603 2117 2117 1603 1586 2117 1586 2113 2113 1586 1587 2114 1540 1529 2113 1587 2114 2114 1587 1540 2114 1529 2115 2115 1529 1526 2116 2115 1559 2115 1526 1559 2116 1559 1564 2118 2116 1603 2116 1564 1603 2114 2116 2113 2116 2114 2115 2113 2118 2117 2116 2118 2113 2119 1640 1642 2119 2124 1640 2120 1642 1211 2120 1211 2122 2122 1211 1669 2125 2121 1649 2121 2122 1649 2122 1669 1649 2123 2125 1647 2125 1649 1647 2123 1644 2124 2124 1644 1640 2123 1647 1644 2119 2123 2124 2125 2123 1642 1642 2123 2119 2121 2120 2122 2121 1642 2120 2121 2125 1642 2131 1476 2130 2130 1476 1584 2130 1584 1608 2126 1608 1609 2126 1609 2127 2127 1609 1605 2127 1605 2128 2128 1605 1603 2129 2128 1611 2128 1603 1611 2129 1612 2131 2131 1612 1476 2129 1611 1612 2126 2127 2129 2127 2128 2129 2126 2130 1608 2126 2131 2130 2129 2131 2126 2132 2139 1672 2139 2138 1672 2132 1672 2134 2134 1672 1667 2135 2133 1666 2133 2134 1666 2134 1667 1666 2135 1666 2235 2136 1484 2137 2135 2235 2136 2137 1491 2136 2138 2136 1491 2135 2136 2138 2138 2133 2135 2139 2133 2138 2139 2134 2133 2139 2132 2134 2145 1531 2140 2140 1531 1539 2140 1539 1506 2140 1506 2141 2141 1506 1508 2141 1508 1583 2142 1583 1476 2143 2142 1485 2142 1476 1485 2144 1515 2145 2145 1515 1531 2144 2143 1515 2143 2144 2141 2141 1583 2143 1583 2142 2143 2141 2145 2140 2144 2145 2141 2147 1532 1560 1663 1203 1664 1663 1664 1661 2146 1661 1619 2147 1572 1532 2147 2146 1572 2146 1619 1572 2147 1661 2146 1560 1661 2147 1663 1661 1560 2148 1622 1621 2148 1621 1620 2148 1620 2149 2149 1620 1581 2150 2149 1537 2149 1581 1537 2150 1537 2151 2151 1537 1531 2152 2151 1569 2151 1531 1569 1622 2152 1570 2152 1569 1570 2149 2150 2152 2152 2150 2151 2149 1622 2148 2152 1622 2149 2157 1625 1645 2157 2153 1625 2153 1624 1625 2154 1645 1671 2154 2157 1645 2154 1671 1660 2155 1660 1651 2156 2155 1627 2155 1651 1627 2153 2156 1624 2156 1627 1624 2153 2157 2156 2156 2157 2155 1660 2157 2154 1660 2155 2157 2165 1482 2158 2158 1482 1479 2158 1479 2159 2159 1479 1580 2159 1580 1579 2160 1578 2161 2161 1578 1623 2159 1579 2160 2160 1579 1578 2161 1623 2162 2162 1623 1628 2163 2162 1629 2162 1628 1629 2163 1629 1634 2165 2164 1482 2164 1634 1482 2163 1634 2164 2160 2164 2159 2163 2164 2160 2160 2161 2163 2163 2161 2162 2159 2165 2158 2164 2165 2159 2171 2166 1497 2166 1483 1497 2171 1497 1674 1674 1199 2170 2167 2169 1522 2167 1522 1518 2167 1518 2168 2168 1483 2166 2168 1518 1483 2171 2168 2166 2167 2168 2171 2169 2167 2171 2170 2171 1674 2170 2169 2171 2172 1520 2173 2173 1520 1548 2173 1548 2174 2174 1548 1513 2174 1513 1575 2175 1575 2176 2176 1575 1479 2174 1575 2175 2176 1479 2177 2177 1479 1482 2178 2177 1499 2177 1482 1499 2178 1499 2179 2179 1520 2172 2175 2179 2174 2179 2172 2174 2177 2175 2176 2178 2175 2177 2179 2175 2178 2172 2173 2174 2180 1256 2181 2181 1256 1178 2183 1270 1359 2183 2181 1270 2181 1178 1270 2184 2183 1359 1343 1341 2182 2184 1359 1343 2182 1341 2185 2182 2184 1343 2182 2185 2184 2184 2185 2183 2183 2185 2180 2180 2181 2183 2186 1251 1247 2186 1247 2187 2188 2190 1430 2190 2187 1430 2188 1426 1403 2188 1430 1426 2186 2189 1251 1422 2188 1403 2190 2188 1422 2187 2190 1422 2186 1422 2189 2186 2187 1422 2191 1176 2192 2195 1308 1274 2194 1324 1308 2195 1289 2196 2196 1289 1268 2195 1274 1289 2191 1268 1176 2196 2193 2194 2195 2196 1308 1308 2196 2194 1268 2192 2193 1268 2193 2196 1268 2191 2192 1258 1262 1255 2198 1255 1374 2197 1374 1410 2197 2198 1374 2197 1410 2200 2200 1410 1344 2199 1344 1258 2199 2200 1344 1255 2198 2200 2197 2200 2198 1255 2200 2199 2199 1258 1255 2205 1257 2069 2202 2201 1432 2201 2204 1432 2202 1414 2203 2202 1432 1414 2203 1414 1425 2203 1425 2202 2202 1425 2201 2205 2201 1425 2204 2205 2069 2205 2204 2201 2206 1265 2207 2207 1265 1249 1260 2207 1249 1246 1323 2208 2208 1295 2209 2206 2210 1265 2208 2209 1246 1246 2209 1260 1260 2209 1263 2210 1260 1263 2210 2207 1260 2210 2206 2207 2211 1241 1336 2211 1336 1418 2212 2211 1346 2211 1418 1346 2212 1346 2213 2213 1346 1259 2211 2212 1241 1241 2212 1243 2213 2098 1243 1243 2212 2213 2213 1259 2098 2214 1200 1217 2218 2214 1217 2215 2217 1552 2217 2218 1552 2215 1599 2216 2216 1599 1503 2215 1552 1599 2216 1503 1523 2214 1656 1200 1656 2217 1523 2216 1523 2215 2215 1523 2217 2218 2217 1656 2218 1656 2214 2219 2111 1211 2222 2219 1606 2220 2222 1606 2220 1606 1602 2223 1566 1576 2223 1576 2221 1566 2223 1602 1602 2223 2220 2220 2223 2222 2222 2223 2221 2222 2221 2111 2222 2111 2219 2226 1669 1672 2224 2225 1486 2226 1672 2225 2228 2227 1613 2227 1465 1613 2227 2224 1465 2224 1486 1465 2228 1613 1644 2229 1472 2230 2229 1648 1472 2229 2228 1648 2228 1644 1648 2226 1668 1669 2230 1472 1668 2228 2229 2227 2227 2230 2224 2229 2230 2227 2230 2225 2224 1668 2225 2230 1668 2226 2225 2231 1667 1203 2231 1203 2232 2234 2233 1545 2233 2232 1545 2234 1535 2237 2237 1535 2235 2234 1545 1535 2237 1527 2236 2237 2235 1527 2231 1665 1667 2236 1527 1665 2236 2234 2237 2233 2234 2236 1665 2232 2233 1665 2233 2236 1665 2231 2232 2238 1664 1671 2239 2241 1643 2241 2238 1643 2238 1671 1643 2239 1643 1626 2239 1626 1615 2240 1619 1662 2240 1572 1619 1572 2240 1615 1615 2240 2239 2240 1662 2239 2241 2239 1662 2241 1662 1664 2241 1664 2238 2242 1660 1199 2243 1674 1673 2242 1199 1674 2245 2243 1673 2244 1633 1650 2244 2245 1633 2245 1673 1633 1481 2244 1650 2242 1659 1660 1659 2245 1481 1481 2245 2244 2243 2245 1659 1659 1674 2243 2242 1674 1659 2246 1714 1715 2249 2246 1561 2246 1715 1561 2247 2249 1557 2249 1561 1557 2247 1557 1516 2248 1516 1544 2248 1544 2250 1516 2248 2247 2247 2248 2249 2250 2246 2249 2248 2250 2249 1714 2246 2250 1236 1235 2251 2170 1202 1715 1233 1236 2251 1233 1234 1236 1202 1657 1715 2251 2252 1202 1202 1233 2251 1205 1233 1202 2253 1197 2252 2253 2252 2251 2253 1238 1197 1237 2253 2251 2252 1191 1657 2252 1657 1202 2252 1197 1191 2254 2255 2256 2256 2255 2257 2257 2258 2259 2255 2258 2257 2259 2260 2261 2258 2260 2259 2261 2262 2263 2260 2262 2261 2263 2264 2265 2262 2264 2263 2265 2266 2267 2264 2266 2265 2267 2268 2269 2266 2268 2267 2269 2270 2271 2268 2270 2269 2271 2272 2273 2270 2272 2271 2273 2274 2275 2272 2274 2273 2275 2276 2277 2274 2276 2275 2277 2278 2279 2276 2278 2277 2279 2280 2281 2278 2280 2279 2282 2283 2284 2282 2285 2283 2286 2284 2287 2286 2282 2284 2288 2287 2289 2288 2286 2287 2290 2289 2291 2290 2288 2289 2292 2291 2293 2292 2290 2291 2294 2295 2296 2294 2293 2295 2294 2292 2293 2297 2294 2296 2298 2296 2299 2298 2297 2296 2300 2301 2302 2300 2299 2301 2300 2298 2299 2303 2302 2304 2303 2300 2302 2305 2304 2306 2305 2303 2304 2307 2305 2306 2308 2306 2309 2308 2307 2306 2293 2291 2310 2293 2310 2311 2312 2293 2311 2313 2259 2314 2313 2257 2259 2295 2293 2312 2275 2315 2316 2317 2295 2312 2273 2275 2316 2309 2257 2313 2309 2256 2257 2277 2318 2315 2309 2319 2256 2277 2315 2275 2271 2316 2320 2271 2273 2316 2279 2283 2321 2279 2321 2318 2279 2318 2277 2269 2320 2322 2296 2295 2317 2269 2271 2320 2306 2319 2309 2323 2269 2322 2281 2283 2279 2299 2296 2317 2299 2324 2325 2299 2317 2324 2304 2319 2306 2304 2326 2319 2304 2327 2326 2267 2269 2323 2301 2299 2325 2328 2284 2283 2302 2325 2327 2302 2327 2304 2302 2301 2325 2328 2283 2281 2265 2323 2329 2265 2267 2323 2330 2287 2284 2330 2284 2328 2263 2329 2331 2263 2265 2329 2332 2289 2287 2332 2287 2330 2333 2261 2263 2333 2263 2331 2310 2289 2332 2291 2289 2310 2314 2261 2333 2314 2259 2261 2290 2292 2334 2334 2292 2335 2292 2336 2335 2258 2337 2338 2255 2337 2258 2292 2294 2336 2339 2274 2340 2294 2341 2336 2274 2272 2340 2255 2308 2337 2254 2308 2255 2342 2276 2339 2343 2308 2254 2339 2276 2274 2340 2270 2344 2272 2270 2340 2285 2278 2345 2345 2278 2342 2342 2278 2276 2344 2268 2346 2294 2297 2341 2270 2268 2344 2343 2307 2308 2268 2347 2346 2285 2280 2278 2297 2298 2341 2348 2298 2349 2341 2298 2348 2343 2305 2307 2350 2305 2343 2351 2305 2350 2268 2266 2347 2298 2300 2349 2282 2352 2285 2349 2303 2351 2351 2303 2305 2300 2303 2349 2285 2352 2280 2347 2264 2353 2266 2264 2347 2286 2354 2282 2282 2354 2352 2353 2262 2355 2264 2262 2353 2288 2356 2286 2286 2356 2354 2260 2357 2262 2262 2357 2355 2288 2334 2356 2288 2290 2334 2260 2338 2357 2258 2338 2260 2337 2308 2309 2337 2309 2313 2338 2313 2314 2338 2337 2313 2357 2314 2333 2357 2338 2314 2355 2333 2331 2355 2357 2333 2353 2331 2329 2353 2355 2331 2347 2329 2323 2347 2353 2329 2346 2323 2322 2346 2347 2323 2344 2322 2320 2344 2346 2322 2340 2320 2316 2340 2344 2320 2339 2316 2315 2339 2340 2316 2342 2318 2321 2342 2315 2318 2342 2339 2315 2345 2342 2321 2285 2321 2283 2285 2345 2321 2280 2352 2281 2281 2352 2328 2328 2354 2330 2352 2354 2328 2330 2356 2332 2354 2356 2330 2332 2334 2310 2356 2334 2332 2310 2335 2311 2334 2335 2310 2311 2336 2312 2335 2336 2311 2312 2341 2317 2336 2341 2312 2317 2348 2324 2341 2348 2317 2324 2349 2325 2348 2349 2324 2325 2351 2327 2349 2351 2325 2327 2350 2326 2351 2350 2327 2326 2343 2319 2350 2343 2326 2319 2254 2256 2343 2254 2319 2614 2358 2710 2713 2611 2709 2710 2610 2711 2711 2608 2709 2739 2647 2678 2360 2649 2671 2359 2360 2361 2361 2360 2733 2364 2362 2363 2364 2363 2670 2675 2365 2681 2365 2735 2681 2390 2367 2909 2909 2367 2366 2368 2369 2370 2369 2693 2370 2371 2683 2372 2373 2687 2908 2687 2692 2908 2907 2374 2375 2374 2696 2375 2376 2378 2377 2378 2688 2377 2379 2380 2381 2382 2379 2381 2382 2381 2383 2367 2382 2383 2384 2367 2383 2369 2384 2385 2691 2369 2385 2387 2906 2386 2387 2386 2376 2387 2376 2388 2389 2387 2388 2389 2388 2390 2391 2390 2392 2391 2389 2390 2391 2392 2393 2394 2391 2393 2394 2393 2693 2394 2693 2685 2903 2394 2685 2395 2396 2397 2395 2398 2396 2399 2397 2400 2399 2395 2397 2401 2400 2402 2401 2399 2400 2403 2401 2402 2404 2402 2405 2404 2405 2406 2404 2403 2402 2407 2406 2408 2407 2404 2406 2409 2408 2410 2409 2407 2408 2411 2410 2412 2411 2409 2410 2413 2412 2414 2413 2411 2412 2415 2413 2414 2416 2414 2417 2416 2417 2418 2416 2415 2414 2419 2416 2418 2420 2418 2421 2420 2419 2418 2422 2423 2424 2422 2425 2423 2426 2424 2427 2426 2422 2424 2428 2427 2429 2428 2426 2427 2430 2429 2431 2430 2428 2429 2432 2431 2433 2432 2430 2431 2464 2433 2434 2464 2432 2433 2435 2434 2436 2435 2464 2434 2437 2436 2438 2437 2435 2436 2439 2438 2440 2439 2437 2438 2441 2440 2442 2441 2439 2440 2443 2442 2444 2443 2441 2442 2445 2444 2446 2445 2443 2444 2447 2446 2448 2447 2445 2446 2451 2825 2465 2452 2466 2450 2827 2451 2452 2455 2452 2450 2455 2450 2449 2454 2844 2458 2459 2455 2449 2459 2449 2453 2454 2456 2844 2460 2456 2454 2463 2454 2458 2463 2460 2454 2457 2843 2461 2460 2486 2456 2461 2459 2453 2461 2453 2457 2465 2458 2462 2465 2463 2458 2466 2462 2464 2451 2465 2462 2451 2462 2466 2452 2451 2466 2468 2467 2487 2468 2469 2467 2468 2471 2469 2469 2471 2470 2461 2468 2487 2471 2472 2470 2472 2474 2473 2474 2477 2473 2473 2477 2475 2477 2479 2475 2475 2479 2476 2476 2479 2478 2479 2481 2478 2478 2481 2480 2838 2482 2481 2481 2482 2480 2838 2483 2482 2485 2484 2486 2486 2484 2838 2838 2484 2483 2488 2485 2816 2488 2489 2485 2490 2816 2818 2490 2488 2816 2491 2818 2819 2491 2490 2818 2492 2819 2821 2492 2491 2819 2493 2821 2823 2493 2492 2821 2494 2823 2824 2494 2493 2823 2495 2824 2826 2495 2494 2824 2496 2826 2828 2496 2495 2826 2497 2828 2830 2497 2496 2828 2498 2830 2832 2498 2497 2830 2499 2832 2833 2499 2498 2832 2500 2833 2835 2500 2499 2833 2501 2835 2487 2501 2500 2835 2502 2503 2504 2502 2505 2503 2506 2504 2507 2506 2502 2504 2508 2507 2509 2508 2506 2507 2510 2509 2511 2510 2508 2509 2512 2511 2513 2512 2510 2511 2514 2513 2515 2514 2512 2513 2516 2515 2517 2516 2514 2515 2518 2517 2519 2518 2516 2517 2520 2519 2521 2520 2518 2519 2522 2521 2523 2522 2520 2521 2524 2523 2525 2524 2522 2523 2526 2525 2527 2526 2527 2528 2526 2524 2525 2529 2526 2528 2760 2530 2531 2760 2547 2530 2761 2531 2532 2761 2760 2531 2763 2532 2533 2763 2761 2532 2765 2533 2534 2765 2763 2533 2767 2534 2535 2767 2765 2534 2758 2535 2536 2758 2767 2535 2756 2536 2537 2756 2758 2536 2762 2537 2538 2762 2756 2537 2764 2538 2539 2764 2762 2538 2766 2539 2540 2766 2764 2539 2757 2540 2541 2757 2766 2540 2759 2541 2542 2759 2757 2541 2543 2542 2544 2543 2759 2542 2543 2545 2571 2545 2551 2552 2546 2554 2550 2550 2554 2547 2543 2555 2545 2754 2553 2742 2549 2553 2754 2552 2556 2748 2551 2556 2552 2555 2551 2545 2742 2557 2560 2553 2557 2742 2556 2558 2748 2557 2559 2560 2748 2561 2751 2558 2561 2748 2559 2546 2560 2561 2548 2751 2546 2550 2560 2548 2549 2754 2565 2676 2563 2565 2563 2584 2567 2564 2562 2567 2562 2566 2564 2567 2676 2564 2676 2565 2573 2567 2566 2573 2566 2569 2572 2576 2568 2573 2570 2567 2577 2569 2571 2577 2571 2575 2755 2572 2568 2574 2573 2569 2573 2574 2570 2577 2575 2579 2572 2649 2576 2577 2574 2569 2582 2755 2578 2671 2572 2755 2577 2660 2574 2577 2579 2660 2671 2649 2572 2582 2671 2755 2582 2643 2671 2584 2582 2578 2584 2578 2580 2582 2583 2643 2565 2584 2580 2565 2580 2581 2584 2563 2583 2584 2583 2582 2564 2565 2581 2564 2581 2562 2601 2359 2586 2588 2587 2646 2589 2588 2646 2593 2592 2594 2604 2588 2589 2604 2595 2588 2599 2585 2359 2599 2598 2585 2590 2604 2589 2601 2599 2359 2599 2600 2598 2599 2597 2600 2602 2590 2591 2605 2601 2586 2597 2599 2601 2603 2591 2682 2603 2602 2591 2602 2604 2590 2597 2601 2605 2603 2592 2606 2603 2682 2592 2596 2586 2587 2607 2602 2603 2596 2605 2586 2606 2592 2593 2607 2604 2602 2607 2603 2606 2607 2606 2716 2595 2587 2588 2595 2596 2587 2596 2597 2605 2709 2608 2713 2358 2609 2710 2609 2610 2710 2610 2608 2711 2612 2709 2611 2613 2612 2611 2616 2613 2611 2617 2614 2710 2616 2611 2614 2614 2617 2616 2616 2617 2618 2617 2705 2618 2618 2613 2616 2619 2618 2705 2620 2613 2618 2620 2618 2619 2613 2620 2704 2612 2613 2704 2622 2621 2670 2622 2670 2648 2634 2632 2623 2624 2634 2623 2624 2623 2625 2626 2624 2625 2626 2625 2627 2628 2626 2627 2628 2627 2629 2630 2628 2629 2630 2629 2633 2642 2631 2632 2636 2630 2633 2634 2642 2632 2634 2639 2642 2641 2635 2637 2636 2633 2637 2638 2635 2641 2640 2637 2635 2640 2636 2637 2639 2636 2640 2631 2638 2641 2632 2631 2641 2644 2643 2583 2645 2583 2563 2645 2644 2583 2646 2645 2563 2647 2646 2563 2650 2622 2648 2650 2648 2649 2738 2651 2652 2653 2652 2654 2653 2738 2652 2655 2653 2654 2655 2654 2362 2679 2655 2362 2656 2365 2672 2656 2672 2657 2658 2657 2659 2658 2656 2657 2736 2658 2659 2662 2660 2661 2663 2661 2664 2663 2662 2661 2665 2663 2664 2675 2665 2664 2666 2739 2667 2668 2667 2570 2668 2666 2667 2669 2668 2570 2363 2362 2750 2750 2670 2363 2750 2654 2747 2750 2362 2654 2747 2652 2737 2654 2652 2747 2576 2648 2750 2750 2648 2670 2652 2651 2737 2659 2741 2737 2576 2649 2648 2659 2657 2741 2657 2753 2741 2657 2672 2753 2672 2673 2753 2675 2664 2673 2661 2579 2664 2664 2579 2673 2677 2567 2667 2676 2567 2677 2661 2660 2579 2567 2570 2667 2683 2686 2372 2367 2390 2382 2685 2686 2683 2379 2386 2697 2382 2378 2379 2382 2688 2378 2378 2386 2379 2371 2689 2683 2684 2689 2687 2683 2689 2684 2687 2373 2690 2378 2376 2386 2689 2692 2687 2390 2388 2382 2382 2388 2688 2688 2388 2376 2685 2691 2686 2371 2691 2689 2686 2691 2371 2685 2369 2691 2693 2369 2685 2373 2694 2690 2692 2694 2373 2690 2694 2695 2693 2393 2368 2368 2384 2369 2698 2696 2694 2694 2696 2695 2696 2374 2695 2368 2393 2384 2374 2697 2695 2696 2698 2697 2384 2393 2367 2379 2697 2698 2393 2392 2367 2699 2701 2700 2384 2383 2385 2385 2380 2699 2699 2380 2701 2383 2381 2385 2385 2381 2380 2620 2629 2627 2641 2637 2702 2620 2627 2625 2704 2623 2632 2641 2702 2703 2633 2619 2702 2633 2702 2637 2704 2620 2625 2704 2625 2623 2629 2619 2633 2620 2619 2629 2632 2641 2703 2704 2632 2703 2615 2704 2703 2706 2703 2702 2705 2706 2702 2705 2702 2619 2704 2615 2612 2703 2706 2707 2703 2707 2615 2708 2707 2706 2708 2706 2705 2617 2708 2705 2709 2612 2615 2710 2707 2708 2710 2711 2707 2709 2615 2707 2709 2707 2711 2708 2617 2710 2713 2712 2611 2611 2712 2614 2712 2358 2614 2358 2714 2609 2713 2597 2712 2728 2608 2724 2358 2716 2714 2608 2610 2724 2597 2596 2712 2724 2610 2722 2600 2608 2728 2722 2610 2720 2596 2595 2712 2358 2607 2716 2595 2604 2712 2720 2610 2715 2600 2713 2608 2712 2604 2358 2358 2604 2607 2610 2609 2715 2609 2714 2715 2597 2713 2600 2716 2606 2594 2594 2606 2593 2717 2594 2729 2717 2716 2594 2717 2729 2718 2714 2716 2717 2719 2718 2730 2719 2717 2718 2731 2719 2730 2719 2714 2717 2715 2719 2731 2715 2714 2719 2720 2731 2721 2720 2715 2731 2722 2721 2723 2722 2720 2721 2724 2722 2723 2725 2724 2723 2598 2727 2585 2728 2724 2725 2728 2725 2726 2727 2600 2728 2727 2598 2600 2727 2728 2726 2718 2735 2730 2718 2729 2735 2731 2730 2656 2727 2726 2585 2644 2645 2586 2365 2675 2734 2591 2669 2682 2725 2723 2655 2668 2669 2591 2679 2725 2655 2590 2668 2591 2726 2725 2679 2730 2365 2656 2730 2735 2365 2621 2726 2679 2735 2675 2681 2731 2656 2658 2729 2665 2675 2729 2675 2735 2364 2621 2679 2589 2668 2590 2666 2668 2589 2585 2726 2621 2721 2736 2737 2622 2585 2621 2646 2666 2589 2739 2666 2646 2680 2721 2737 2721 2731 2658 2721 2658 2736 2647 2739 2646 2738 2680 2737 2594 2663 2665 2594 2665 2729 2662 2663 2594 2592 2662 2594 2653 2721 2738 2723 2721 2653 2650 2585 2622 2650 2359 2585 2682 2732 2662 2682 2662 2592 2360 2359 2650 2655 2723 2653 2645 2646 2587 2645 2587 2586 2644 2359 2733 2644 2586 2359 2743 2742 2560 2747 2754 2742 2747 2741 2754 2744 2743 2560 2743 2747 2742 2747 2737 2741 2545 2575 2571 2552 2575 2545 2746 2743 2744 2745 2550 2568 2552 2579 2575 2746 2747 2743 2674 2579 2552 2750 2746 2744 2746 2750 2747 2745 2568 2576 2749 2745 2576 2674 2673 2579 2749 2744 2745 2749 2750 2744 2576 2750 2749 2752 2552 2748 2752 2674 2552 2753 2752 2748 2752 2673 2674 2753 2748 2751 2753 2673 2752 2754 2751 2548 2741 2753 2751 2741 2751 2754 2745 2744 2560 2550 2745 2560 2581 2756 2562 2547 2760 2568 2758 2756 2581 2547 2568 2550 2568 2761 2755 2760 2761 2568 2571 2759 2543 2562 2762 2566 2756 2762 2562 2755 2763 2578 2761 2763 2755 2762 2764 2566 2763 2765 2578 2566 2766 2569 2764 2766 2566 2578 2767 2580 2765 2767 2578 2766 2757 2569 2580 2758 2581 2767 2758 2580 2757 2759 2569 2569 2759 2571 2555 2543 2544 2555 2544 2768 2551 2768 2769 2551 2555 2768 2556 2769 2770 2556 2551 2769 2558 2770 2771 2558 2556 2770 2561 2771 2772 2561 2558 2771 2548 2772 2773 2548 2561 2772 2549 2773 2774 2549 2548 2773 2553 2774 2775 2553 2549 2774 2557 2775 2776 2557 2553 2775 2559 2776 2777 2559 2557 2776 2546 2777 2778 2546 2559 2777 2554 2778 2779 2554 2546 2778 2547 2779 2530 2547 2554 2779 2768 2780 2769 2768 2781 2780 2782 2777 2776 2536 2512 2514 2783 2782 2776 2536 2535 2512 2778 2777 2782 2784 2778 2782 2544 2529 2781 2544 2781 2768 2785 2776 2775 2785 2783 2776 2537 2514 2516 2786 2779 2778 2537 2536 2514 2786 2778 2784 2774 2785 2775 2526 2529 2544 2542 2526 2544 2787 2785 2774 2518 2537 2516 2505 2530 2779 2505 2779 2786 2538 2537 2518 2524 2526 2542 2788 2774 2773 2788 2787 2774 2541 2524 2542 2502 2531 2530 2520 2538 2518 2502 2530 2505 2522 2524 2541 2539 2520 2522 2789 2773 2772 2539 2538 2520 2789 2788 2773 2540 2522 2541 2540 2539 2522 2506 2532 2531 2506 2531 2502 2790 2772 2771 2790 2789 2772 2508 2533 2532 2508 2532 2506 2791 2790 2771 2770 2791 2771 2534 2533 2508 2534 2508 2510 2769 2791 2770 2769 2780 2791 2535 2510 2512 2535 2534 2510 2529 2528 2792 2781 2529 2792 2780 2792 2793 2780 2781 2792 2791 2793 2794 2791 2780 2793 2790 2794 2795 2790 2791 2794 2789 2795 2796 2789 2790 2795 2788 2796 2797 2788 2789 2796 2787 2797 2798 2787 2788 2797 2785 2798 2799 2785 2787 2798 2783 2799 2800 2783 2785 2799 2782 2800 2801 2782 2783 2800 2784 2801 2802 2784 2782 2801 2786 2802 2803 2786 2784 2802 2505 2803 2503 2505 2786 2803 2792 2804 2805 2513 2494 2515 2493 2494 2513 2806 2800 2807 2801 2800 2806 2792 2528 2804 2806 2808 2801 2528 2501 2804 2808 2802 2801 2800 2809 2807 2515 2495 2517 2800 2799 2809 2808 2810 2802 2494 2495 2515 2528 2527 2501 2810 2803 2802 2799 2811 2809 2527 2500 2501 2495 2519 2517 2799 2798 2811 2495 2496 2519 2489 2503 2810 2810 2503 2803 2527 2525 2500 2525 2499 2500 2811 2797 2812 2798 2797 2811 2496 2521 2519 2489 2488 2503 2521 2497 2523 2496 2497 2521 2488 2504 2503 2523 2498 2525 2525 2498 2499 2497 2498 2523 2812 2796 2813 2797 2796 2812 2488 2490 2504 2490 2507 2504 2813 2795 2814 2796 2795 2813 2490 2491 2507 2491 2509 2507 2795 2794 2814 2794 2815 2814 2509 2492 2511 2491 2492 2509 2794 2793 2815 2793 2805 2815 2511 2493 2513 2492 2493 2511 2793 2792 2805 2804 2501 2487 2804 2487 2467 2805 2467 2469 2805 2804 2467 2815 2469 2470 2815 2805 2469 2814 2470 2472 2814 2815 2470 2813 2472 2473 2813 2814 2472 2812 2473 2475 2812 2813 2473 2811 2475 2476 2811 2812 2475 2809 2476 2478 2809 2811 2476 2807 2478 2480 2807 2809 2478 2806 2480 2482 2806 2807 2480 2808 2482 2483 2808 2806 2482 2810 2483 2484 2810 2808 2483 2489 2484 2485 2489 2810 2484 2486 2817 2816 2820 2818 2817 2817 2818 2816 2820 2819 2818 2820 2822 2819 2819 2822 2821 2821 2825 2823 2822 2825 2821 2825 2824 2823 2825 2827 2824 2824 2827 2826 2826 2829 2828 2827 2829 2826 2829 2831 2828 2828 2831 2830 2834 2832 2831 2831 2832 2830 2834 2833 2832 2834 2836 2833 2833 2836 2835 2835 2836 2487 2836 2461 2487 2486 2816 2485 2845 2481 2837 2838 2481 2845 2837 2479 2839 2481 2479 2837 2451 2827 2825 2836 2459 2461 2479 2477 2839 2827 2452 2829 2836 2834 2459 2839 2477 2840 2460 2817 2486 2829 2455 2831 2452 2455 2829 2831 2459 2834 2455 2459 2831 2840 2474 2852 2477 2474 2840 2463 2820 2460 2460 2820 2817 2474 2472 2852 2472 2471 2852 2471 2851 2852 2820 2465 2822 2463 2465 2820 2471 2468 2851 2465 2825 2822 2837 2839 2853 2837 2853 2841 2845 2837 2841 2848 2855 2865 2848 2843 2855 2846 2842 2844 2468 2461 2843 2845 2841 2842 2847 2865 2864 2847 2848 2865 2846 2844 2456 2848 2468 2843 2846 2845 2842 2850 2864 2849 2850 2847 2864 2851 2848 2847 2845 2846 2456 2845 2456 2486 2845 2486 2838 2852 2847 2850 2852 2851 2847 2851 2468 2848 2840 2852 2850 2840 2850 2849 2839 2840 2849 2839 2849 2853 2464 2462 2432 2856 2842 2841 2856 2857 2842 2843 2447 2854 2843 2854 2855 2858 2844 2842 2858 2842 2857 2445 2447 2843 2859 2856 2841 2466 2464 2435 2853 2859 2841 2860 2844 2858 2457 2443 2445 2457 2445 2843 2861 2859 2853 2425 2844 2860 2450 2435 2437 2450 2466 2435 2453 2441 2443 2453 2443 2457 2449 2437 2439 2449 2439 2441 2862 2861 2853 2449 2450 2437 2453 2449 2441 2422 2458 2844 2422 2844 2425 2849 2862 2853 2863 2862 2849 2426 2458 2422 2864 2863 2849 2428 2458 2426 2430 2458 2428 2462 2458 2430 2462 2430 2432 2447 2448 2866 2854 2866 2867 2854 2447 2866 2855 2867 2868 2855 2854 2867 2865 2868 2869 2865 2855 2868 2864 2865 2869 2863 2869 2870 2863 2864 2869 2862 2870 2871 2862 2863 2870 2861 2871 2872 2861 2862 2871 2859 2872 2873 2859 2861 2872 2856 2873 2874 2856 2859 2873 2857 2874 2875 2857 2856 2874 2858 2875 2876 2858 2857 2875 2860 2876 2877 2860 2858 2876 2425 2877 2423 2425 2860 2877 2407 2433 2404 2434 2433 2407 2420 2878 2866 2879 2876 2875 2880 2875 2874 2880 2879 2875 2448 2420 2866 2881 2876 2879 2436 2407 2409 2877 2876 2881 2436 2434 2407 2882 2874 2873 2882 2880 2874 2883 2877 2881 2411 2436 2409 2872 2882 2873 2446 2419 2420 2446 2420 2448 2884 2882 2872 2438 2436 2411 2398 2423 2877 2398 2877 2883 2413 2438 2411 2871 2884 2872 2444 2415 2416 2444 2416 2419 2444 2419 2446 2440 2438 2413 2885 2884 2871 2442 2413 2415 2442 2415 2444 2442 2440 2413 2424 2423 2398 2395 2424 2398 2870 2885 2871 2886 2885 2870 2427 2424 2395 2399 2427 2395 2887 2870 2869 2887 2886 2870 2429 2427 2399 2401 2429 2399 2888 2887 2869 2868 2888 2869 2431 2401 2403 2431 2429 2401 2889 2888 2868 2867 2889 2868 2433 2403 2404 2433 2431 2403 2878 2889 2867 2866 2878 2867 2878 2420 2421 2878 2421 2890 2889 2890 2891 2889 2878 2890 2888 2891 2892 2888 2889 2891 2887 2892 2893 2887 2888 2892 2886 2893 2894 2886 2887 2893 2885 2894 2895 2885 2886 2894 2884 2895 2896 2884 2885 2895 2882 2896 2897 2882 2884 2896 2880 2897 2898 2880 2882 2897 2879 2898 2899 2879 2880 2898 2881 2899 2900 2881 2879 2899 2883 2900 2901 2883 2881 2900 2398 2901 2396 2398 2883 2901 2412 2410 2391 2906 2901 2900 2410 2408 2391 2892 2902 2893 2902 2904 2893 2890 2903 2891 2891 2903 2892 2892 2903 2902 2387 2396 2906 2893 2904 2894 2906 2396 2901 2894 2904 2895 2421 2903 2890 2391 2406 2389 2895 2904 2896 2408 2406 2391 2387 2397 2396 2406 2405 2389 2387 2400 2397 2389 2402 2387 2405 2402 2389 2418 2394 2421 2402 2400 2387 2421 2394 2903 2896 2905 2897 2904 2905 2896 2417 2394 2418 2897 2905 2898 2414 2394 2417 2905 2906 2898 2906 2899 2898 2414 2412 2394 2412 2391 2394 2906 2900 2899 2903 2685 2683 2902 2683 2684 2902 2903 2683 2904 2902 2684 2904 2684 2687 2904 2687 2690 2905 2904 2690 2905 2690 2695 2906 2905 2695 2906 2695 2697 2906 2697 2386 2691 2385 2699 2689 2691 2699 2689 2699 2700 2692 2689 2700 2694 2692 2700 2694 2700 2701 2698 2694 2701 2698 2701 2380 2379 2698 2380 2688 2376 2377 2375 2696 2907 2696 2697 2907 2697 2374 2907 2692 2373 2908 2372 2686 2371 2693 2368 2370 2367 2392 2366 2392 2390 2366 2366 2390 2909 2669 2732 2682 2574 2732 2570 2732 2669 2570 2732 2574 2660 2662 2732 2660 2673 2734 2675 2734 2673 2672 2365 2734 2672 2738 2721 2680 2737 2736 2659 2738 2737 2651 2364 2679 2362 2621 2364 2670 2733 2359 2361 2360 2650 2649 2733 2360 2671 2733 2671 2643 2644 2733 2643 2667 2739 2677 2676 2647 2563 2647 2740 2678 2740 2739 2678 2740 2647 2676 2739 2676 2677 2739 2740 2676 2628 2636 2639 2628 2630 2636 2626 2628 2639 2624 2639 2634 2624 2626 2639 2631 2642 2635 2642 2640 2635 2631 2635 2638 2640 2642 2639</p>
                </triangles>
            </mesh>
        </geometry>
    </library_geometries>
    <library_visual_scenes>
        <visual_scene id="VisualSceneNode" name="VisualScene">
            <node id="node" name="node">
                <instance_geometry url="#shape0-lib"/>
            </node>
        </visual_scene>
    </library_visual_scenes>
    <scene>
        <instance_visual_scene url="#VisualSceneNode"/>
    </scene>
</COLLADA>
