<?xml version='1.0' encoding='utf-8'?>
<COLLADA xmlns="http://www.collada.org/2005/11/COLLADASchema" version="1.4.1">
  <asset>
    <created>2026-09-14T00:00:00Z</created>
    <modified>2026-09-14T00:00:00Z</modified>
    <unit name="metre" meter="1" />
    <up_axis>Z_UP</up_axis>
  </asset>
  <library_effects>
    <effect id="scout_1a1f21_effect">
      <profile_COMMON>
        <technique sid="common">
          <phong>
            <emission>
              <color>0 0 0 1</color>
            </emission>
            <ambient>
              <color>0.05 0.06 0.065 1</color>
            </ambient>
            <diffuse>
              <color>0.1 0.12 0.13 1</color>
            </diffuse>
            <specular>
              <color>0.035 0.035 0.035 1</color>
            </specular>
            <shininess>
              <float>24</float>
            </shininess>
          </phong>
        </technique>
      </profile_COMMON>
    </effect>
    <effect id="scout_b8bab5_effect">
      <profile_COMMON>
        <technique sid="common">
          <phong>
            <emission>
              <color>0 0 0 1</color>
            </emission>
            <ambient>
              <color>0.36 0.365 0.355 1</color>
            </ambient>
            <diffuse>
              <color>0.72 0.73 0.71 1</color>
            </diffuse>
            <specular>
              <color>0.035 0.035 0.035 1</color>
            </specular>
            <shininess>
              <float>24</float>
            </shininess>
          </phong>
        </technique>
      </profile_COMMON>
    </effect>
    <effect id="scout_dbded4_effect">
      <profile_COMMON>
        <technique sid="common">
          <phong>
            <emission>
              <color>0 0 0 1</color>
            </emission>
            <ambient>
              <color>0.43 0.435 0.415 1</color>
            </ambient>
            <diffuse>
              <color>0.86 0.87 0.83 1</color>
            </diffuse>
            <specular>
              <color>0.035 0.035 0.035 1</color>
            </specular>
            <shininess>
              <float>24</float>
            </shininess>
          </phong>
        </technique>
      </profile_COMMON>
    </effect>
  </library_effects>
  <library_materials>
    <material id="scout_1a1f21" name="scout_1a1f21">
      <instance_effect url="#scout_1a1f21_effect" />
    </material>
    <material id="scout_b8bab5" name="scout_b8bab5">
      <instance_effect url="#scout_b8bab5_effect" />
    </material>
    <material id="scout_dbded4" name="scout_dbded4">
      <instance_effect url="#scout_dbded4_effect" />
    </material>
  </library_materials>
  <library_geometries>
    <geometry id="geometry" name="body">
      <mesh>
        <source id="positions">
          <float_array id="positions_array" count="3084">-0.0725951046 0.0534991696 0.146601856 -0.0401511975 0.0529991686 0.090858534 -0.0399505496 0.0539991707 0.0907018706 0.0399505496 0.0529991686 0.0907018706 0.0401511975 0.0539991707 0.090858534 0.0825454444 0.0529991686 -0.161141723 0.0648138523 0.0539991707 -0.169550344 0.100499608 0.0535808019 0.130681366 -0.0646309778 0.0529991686 -0.169588953 -0.0649704784 0.0539991707 -0.169448331 -0.0894483924 0.0529991686 -0.144970402 -0.0895889923 0.0539991707 -0.144630969 -0 0.0534991696 -0.150999993 0.0127499998 0.0534991696 -0.11150001 -0.0127499998 0.0534991696 -0.11150001 0.0839999989 0.0489991717 -0.140857905 0.0829999968 0.0490960255 0.129791826 0.0829999968 0.0489991717 -0.140857905 0.0840000063 0.0509593859 0.125437289 0.0834999979 0.0529991686 0.125057012 0.0829999968 0.0508794785 0.12551719 0.0840000063 0.050236322 0.130048409 0.0840000063 0.049065683 0.129690543 0.0829999968 0.0502998456 0.129949287 0.0834999979 0.0529991686 -0.140857905 -0.128544584 0.0722520724 -0.19172205 -0.115028881 0.0552058294 -0.175200015 -0.1149638 0.0556910411 -0.19007197 -0.104512498 0.0650755614 -0.174068689 -0.10204564 0.0720074773 -0.191929787 -0.125292823 0.0650035664 -0.174233332 -0.130081147 0.0658675283 -0.172841653 -0.12484695 0.0618885309 -0.1678859 -0.10107822 0.0656058416 -0.171571001 -0.10499952 0.0600605123 -0.167706788 -0.100476503 0.056090042 -0.172840029 -0.0955891833 0.0537194721 -0.204187855 -0.128261209 0.0568030775 -0.173034802 -0.134411916 0.0547710471 -0.176841527 -0.132835567 0.060249459 -0.166910931 -0.13271907 0.060206268 -0.172991753 -0.107564948 0.0562806204 -0.185392484 -0.0968690217 0.0615398288 -0.167339772 -0.0974323452 0.0646258444 -0.17385219 -0.134312272 0.0536568984 -0.204223603 -0.174363181 0.0309101827 0.162037432 -0.175008789 0.0197323561 0.155284345 -0.174061641 0.0348447748 0.173229307 -0.190810442 -0.00726298196 -0.06019447 -0.182906568 -0.00192746113 -0.0620221123 -0.174677983 0.0047820108 -0.0763268843 -0.163745224 -0.0402426757 -0.0529893711 -0.18034853 -0.0269437842 -0.0632275343 -0.176984042 -0.0131794484 -0.0643208101 -0.188662589 -0.00988164917 -0.0178033747 -0.186464459 -0.00852558017 -0.0169073977 -0.16976361 -0.0499837734 -0.0493591018 -0.175775319 -0.00849838182 -0.0325050652 -0.171447113 -0.0482881293 -0.0313221365 -0.170326799 0.0344051421 0.15780443 -0.172675535 0.0351896621 0.15750052 -0.194943696 -0.0039794324 -0.0515171401 -0.190539926 -0.000775771448 -0.0917513072 -0.193375751 -0.00512389466 -0.0526811406 -0.171192005 -0.0501882732 -0.0491619408 -0.169772595 0.0331723355 0.173350334 -0.171673268 0.0350676328 0.163577333 -0.170055956 -0.0483780876 -0.0490649529 -0.167955384 -0.0469215736 -0.0491909571 -0.163033813 -0.0457918905 -0.0217048824 -0.172649249 0.0282432903 0.157391459 -0.166712001 0.03051278 0.165612087 -0.170736253 0.0311530158 0.165188655 -0.173767552 0.0320102796 0.166204959 -0.167627558 0.0345596559 0.172983304 -0.16801998 0.0297969114 0.161005318 -0.164135829 0.0176911633 0.0474775583 -0.16117759 -0.0457420275 -0.0305978227 -0.163093701 -0.0453008302 -0.02889397 -0.163331002 -0.0453008302 -0.0274272002 -0.139635697 0.0539281294 -0.266346365 -0.0940190628 0.0529991686 -0.220491111 -0.0938302279 0.0519991741 -0.220382079 0.181588888 0.0152276289 -0.186986282 0.140267089 0.0539999492 -0.267729551 0.157216817 0.0520985387 -0.259820908 0.152745277 -0.052866675 -0.131213754 0.151840776 -0.0515530892 -0.133097246 0.143452838 -0.0513008311 -0.0045520477 0.0737841874 0.0529991686 0.0873682201 -0.073253274 0.0519991741 0.0872402936 -0.076054208 0.0528563112 0.101713084 0.0259744693 0.0524217077 -0.212250009 0.0938302279 0.0529991686 -0.220382079 0.0940190628 0.0519991741 -0.220491111 0.175223902 -0.0504742637 -0.0378054567 0.193293765 0.000538026856 -0.0848973021 0.192259297 0.00039853077 -0.0847119167 -0.142756358 -0.0513008274 -0.00459232833 -0.152251706 -0.0529709198 -0.131108493 -0.152293965 -0.0514761508 -0.133186355 0.157294914 0.0520919152 0.249695554 0.158099934 0.0498798899 0.248850629 0.168310195 0.0372329615 0.239304617 0.1674705 0.0366886705 0.239280552 -0.17099455 0.0333990417 0.166084021 -0.157180026 0.0515354425 0.249605253 -0.158028901 0.0511747003 -0.258684874 -0.153271452 0.0529661104 0.250514418 -0.193291694 0.00052412739 -0.0848498717 -0.167514682 0.0366256461 0.239201516 -0.168264285 0.037298549 0.239381552 -0.181552887 0.0148375891 -0.187017426 0.17134659 0.0320055597 0.160509437 0.170584932 0.0331124924 0.166057706 0.172960266 0.0297016986 0.165401116 0.140000001 0.0500193723 -0.219999999 -0.115000002 0.0519991703 0.114 -0.115645297 0.0519991703 0.113927297 -0.116258301 0.0519991703 0.113712803 -0.116808102 0.0519991703 0.113367297 -0.117267303 0.0519991703 0.112908103 -0.117612801 0.0519991703 0.112358302 -0.117827304 0.0519991703 0.111745298 -0.117899999 0.0519991703 0.111100003 -0.117899999 0.0519991703 0.108900003 -0.117815703 0.0519991703 0.108205996 -0.1175678 0.0519991703 0.107552297 -0.117612801 0.0519991703 -0.107641697 -0.117827304 0.0519991703 -0.108254701 -0.117899999 0.0519991703 -0.108900003 -0.112184301 0.0519991703 -0.111794002 -0.117899999 0.0519991703 -0.111100003 -0.117815703 0.0519991703 -0.111794002 -0.0819620043 0.0523692518 0.12908487 -0.129999995 0.0500521511 0.196057007 -0.140000001 0.0500326157 -0.219999999 -0.1166474 0.0519991703 -0.1134867 -0.116028398 0.0519991703 -0.1138115 -0.114650398 0.0519991703 -0.1139789 -0.115349598 0.0519991703 -0.1139789 -0.113352597 0.0519991703 -0.1134867 -0.113971598 0.0519991703 -0.1138115 -0.112829298 0.0519991703 -0.113023102 -0.112432197 0.0519991703 -0.112447701 -0.0777430907 0.0524929985 -0.158317789 -0.0600000024 0.0500391722 0.206056997 -0.0400000028 0.0500326157 0.143057004 -0.0639614388 0.0524142645 0.262209237 -0.0266000237 0.0524109378 0.121209681 0.0749334842 0.0520959459 0.0905873626 0.0266000237 0.0524791703 0.121209681 0.0400000028 0.0500585772 0.143057004 0.0600000024 0.050045684 0.206056997 0.0639614388 0.0524065793 0.262209237 0.0819064751 0.0525781177 0.129201546 0.129999995 0.0500391722 0.196057007 0.116808102 0.0519991703 0.113367297 0.116258301 0.0519991703 0.113712803 0.115645297 0.0519991703 0.113927297 0.117612801 0.0519991703 0.112358302 0.117267303 0.0519991703 0.112908103 0.117899999 0.0519991703 0.111100003 0.117827304 0.0519991703 0.111745298 0.117815703 0.0519991703 0.108205996 0.117899999 0.0519991703 0.108900003 0.115349598 0.0519991703 0.106021099 0.117170699 0.0519991703 0.106976897 0.1175678 0.0519991703 0.107552297 0.116028398 0.0519991703 0.106188498 0.1166474 0.0519991703 0.106513299 0.0779615045 0.0525060222 -0.157961264 -0.175289258 -0.0504294448 -0.0378101133 -0.112184301 0.0529991686 -0.111794002 -0.112432197 0.0529991686 -0.112447701 -0.112829298 0.0529991686 -0.113023102 -0.113352597 0.0529991686 -0.1134867 -0.113971598 0.0529991686 -0.1138115 -0.114650398 0.0529991686 -0.1139789 -0.115349598 0.0529991686 -0.1139789 -0.116028398 0.0529991686 -0.1138115 -0.1175678 0.0529991686 -0.112447701 -0.1166474 0.0529991686 -0.1134867 -0.117170699 0.0529991686 -0.113023102 -0.117815703 0.0529991686 -0.111794002 -0.117899999 0.0529991686 -0.111100003 -0.117899999 0.0529991686 -0.108900003 -0.117827304 0.0529991686 -0.108254701 -0.116258301 0.0529991686 -0.106287196 -0.117612801 0.0529991686 -0.107641697 -0.117267303 0.0529991686 -0.107091904 -0.116808102 0.0529991686 -0.106632702 -0.116028398 0.0529991686 0.106188498 -0.115349598 0.0529991686 0.106021099 -0.114650398 0.0529991686 0.106021099 -0.113971598 0.0529991686 0.106188498 -0.113352597 0.0529991686 0.106513299 -0.112829298 0.0529991686 0.106976897 -0.112432197 0.0529991686 0.107552297 -0.112184301 0.0529991686 0.108205996 -0.112099998 0.0529991686 0.108900003 -0.112099998 0.0529991686 0.111100003 -0.1121727 0.0529991686 0.111745298 -0.112387203 0.0529991686 0.112358302 -0.112732701 0.0529991686 0.112908103 -0.113191903 0.0529991686 0.113367297 -0.113741703 0.0529991686 0.113712803 -0.1143547 0.0529991686 0.113927297 -0.115000002 0.0529991686 0.114 -0.115645297 0.0529991686 0.113927297 -0.116258301 0.0529991686 0.113712803 -0.117899999 0.0529991686 0.111100003 -0.117899999 0.0529991686 0.108900003 -0.117827304 0.0529991686 0.111745298 -0.117612801 0.0529991686 0.112358302 -0.117267303 0.0529991686 0.112908103 -0.116808102 0.0529991686 0.113367297 0.116028398 0.0529991686 -0.1138115 0.115349598 0.0529991686 -0.1139789 0.114650398 0.0529991686 -0.1139789 0.113971598 0.0529991686 -0.1138115 0.112829298 0.0529991686 -0.113023102 0.113352597 0.0529991686 -0.1134867 -0 0.0512791723 -0.167823538 -0.17135562 0.0320119299 0.160509437 -0.172977686 0.0297139045 0.165401116 -0.192259312 0.000429605745 -0.084668614 -0.170174345 0.0328273736 0.166027099 -0.0259744674 0.0524076223 -0.212250009 -0.0400000028 0.0499854721 -0.202000007 0.0400000028 0.0499854721 -0.202000007 -0.0973865315 0.0661199614 0.174999997 -0.0975128859 0.055300843 -0.174999997 -0.0988836214 0.0589682534 0.174999997 -0.108285002 0.065674901 0.174999997 -0.101120614 0.0640089661 -0.174999997 -0.125546709 0.0629898012 -0.174999997 -0.118921936 0.056822218 0.174999997 -0.129046977 0.0587690845 -0.174999997 -0.117899612 0.0667491555 -0.174999997 -0.120492272 0.0662332922 0.174999997 -0.128225863 0.0523466021 0.157061011 -0.130346105 0.0633418262 -0.174999997 -0.133521989 0.0657547861 0.174999997 -0.134619698 0.0685389712 -0.174999997 -0.103403747 0.0596154891 -0.174999997 -0.112132035 0.0548528284 -0.111505263 -0.114469171 0.0529991686 -0.106729373 -0.117347777 0.0567991696 -0.107555419 -0.126730666 0.058818724 0.174999997 -0.0954083055 0.068590872 -0.174999997 -0.0955127552 0.0532137901 0.174999997 -0.108565763 0.0631986037 -0.174999997 -0.111784078 0.0567991696 0.109738886 -0.117978781 0.0551582612 0.111511759 -0.111096904 0.0568213202 0.174999997 -0.113817908 0.0542967282 0.106923938 -0.134439439 0.053208258 -0.174999997 -0.117400631 0.0547026172 -0.112102792 0.0710620657 -0.0371470675 -0.242003694 0.109360002 -0.0100934478 -0.268844932 0.0622186735 -0.0575343259 -0.212822571 -0.144343838 -0.00769163109 -0.278272927 -0.0633864403 -0.0578411818 -0.208203942 -0.0685728267 -0.0453397147 -0.228157923 0.0791489482 -0.050999999 -0.102439597 0.0778749064 -0.050999999 -0.101310901 0.0824000016 -0.050999999 -0.100195497 0.0555261336 -0.0123980194 -0.285189182 -0.0632840171 -0.0420053825 -0.246873468 -0.109363936 -0.0101008387 -0.268832147 -0.105123311 -0.00826317258 -0.286160499 0.0670669228 -0.00832944456 -0.293696582 0.0478172414 -0.0199305676 -0.290769398 -0.056492094 -0.0508126095 -0.173983216 0.023840433 -0.0560000055 -0.166101098 0.0619573891 -0.050999999 -0.125919655 -0.0366137698 -0.0232200734 -0.284211785 -0.0370474979 -0.0156296436 -0.28560248 -0.0519391373 -0.0230782665 -0.284736156 0.0654352382 -0.048743993 -0.18465887 -0.0522636771 -0.0542089567 -0.200621217 -0.0564170666 -0.050999999 -0.108263545 -0.0619573891 -0.0560000055 -0.125919655 0.049321238 -0.046422977 -0.239023164 -0.0492225252 -0.0486491695 -0.24016729 0.0729079917 -0.0457740575 -0.225578353 -0.0799973309 -0.0534576289 -0.0681987181 -0.0853938982 -0.0536666699 -0.109531216 0.0798741579 -0.0535000004 -0.0633827522 0.0572494343 -0.0537380986 -0.0886616036 0.0789586827 -0.0560000017 -0.0948332101 0.0799999982 -0.0560000017 -0.0945955515 0.0805340484 -0.0560000017 -0.0946557224 0.0824000016 -0.0560000017 -0.100195497 0.0853938982 -0.0530270301 -0.109531216 0.0824000016 -0.0560000017 -0.09699554 0.0823398307 -0.0560000017 -0.0964614898 0.079465948 -0.0560000017 -0.0946557224 0.0821623206 -0.0560000017 -0.0959542319 0.0818763971 -0.0560000017 -0.0954991803 0.0814963803 -0.0560000017 -0.0951191634 0.0810413212 -0.0560000017 -0.0948332101 0.0785036236 -0.0560000017 -0.0951191634 0.0781235993 -0.0560000017 -0.0954991803 0.0778376833 -0.0560000017 -0.0959542319 0.0776601732 -0.0560000017 -0.0964614898 0.0776000097 -0.0560000017 -0.09699554 0.0564170666 -0.0560000055 -0.108263545 0.0776000097 -0.0560000017 -0.100195497 0.0776697397 -0.0560000017 -0.1007699 0.0778749064 -0.0560000017 -0.101310901 0.0482509173 -0.0536136404 -0.210436791 0.0823398307 -0.050999999 -0.0964614898 0.0824000016 -0.050999999 -0.09699554 0.0785036236 -0.050999999 -0.0951191634 0.0789586827 -0.050999999 -0.0948332101 0.079465948 -0.050999999 -0.0946557224 -0.0791489482 -0.050999999 -0.102439597 -0.0797107071 -0.050999999 -0.102577999 -0.0802892894 -0.050999999 -0.102577999 -0.0786366388 -0.050999999 -0.102170698 -0.0782035813 -0.050999999 -0.101787001 0.0799999982 -0.050999999 -0.0945955515 0.0805340484 -0.050999999 -0.0946557224 0.0810413212 -0.050999999 -0.0948332101 0.0814963803 -0.050999999 -0.0951191634 0.0818763971 -0.050999999 -0.0954991803 0.0821623206 -0.050999999 -0.0959542319 0.0823302492 -0.050999999 -0.1007699 0.0821250901 -0.050999999 -0.101310901 0.0817964226 -0.050999999 -0.101787001 0.0813633576 -0.050999999 -0.102170698 0.0808510482 -0.050999999 -0.102439597 0.0802892894 -0.050999999 -0.102577999 0.0797107071 -0.050999999 -0.102577999 0.0786366388 -0.050999999 -0.102170698 0.0782035813 -0.050999999 -0.101787001 0.144343853 -0.007691612 -0.278272927 0.108917572 -0.014961605 -0.271509439 0.0365164354 -0.0210154969 -0.283030212 0.139490232 -0.100757025 -0.212579668 0.18675001 -0.0974773094 -0.242863238 0.180985227 -0.0949038714 -0.202666536 0.189821795 -0.0788777545 -0.210650206 0.119537666 -0.0343976542 -0.114433713 0.127095699 -0.0870942771 -0.228970826 0.130595714 -0.0868468285 -0.228543505 0.127095699 -0.0867051929 -0.228187889 0.128753603 -0.0832540989 -0.225550979 0.132939473 -0.090800263 -0.236020565 0.128461689 -0.0688170642 -0.187987357 0.117035352 -0.075297229 -0.16945982 0.126883864 -0.0699442551 -0.18989639 0.129493371 -0.082393311 -0.181478158 0.102107257 -0.0550616384 -0.164690182 0.107716747 -0.0550071187 -0.164597973 0.117954649 -0.0473089889 -0.154989347 0.159758076 -0.0967162475 -0.205736503 0.151195422 -0.0789088309 -0.209750623 0.106678396 -0.0539351813 -0.162782416 0.111256033 -0.0602862611 -0.144036353 0.128026634 -0.0777312964 -0.186226383 0.159050524 -0.0789598972 -0.218933746 0.144009322 -0.0918500945 -0.239295065 0.179010436 -0.0797785148 -0.206552297 0.138752043 -0.0839219838 -0.221212834 0.093150638 -0.0622364394 -0.147339329 0.127095699 -0.104749918 -0.239549428 0.180145994 -0.0799701288 -0.22045739 0.107852235 -0.0673689842 -0.15603213 0.128295705 -0.0946313515 -0.243783459 -0.134607315 0.0549089573 0.202634871 -0.132604077 0.0532981567 0.175192803 -0.0963538066 0.0550684892 0.20224461 -0.132851213 0.0641564801 0.172855929 -0.127454594 0.0658964887 0.173833162 -0.133024722 0.0616324507 0.167185485 -0.125116095 0.061458651 0.166869551 -0.125242189 0.061357595 0.172996789 -0.115033209 0.0555924326 0.190012962 -0.114971086 0.0552058294 0.175200015 -0.128290564 0.0722383186 0.19195208 -0.0957613885 0.0538835786 0.174923941 -0.102224648 0.0719993711 0.19209744 -0.10374283 0.0653344765 0.173909917 -0.0976224318 0.0592491291 0.172974378 -0.0969392061 0.0616648458 0.167605013 -0.0993079767 0.0657376051 0.173517331 -0.105338737 0.0607190765 0.167971343 -0.102852508 0.057462927 0.17397514 -0.128600001 0.0564191826 0.172283232 0.173398972 0.0282425061 0.169169366 0.169198886 0.0270186011 0.165410995 0.167498127 0.0304689091 0.162683755 0.190810442 -0.00726298243 -0.06019447 0.192918077 -0.00468664151 -0.0529974326 0.190358132 0.000301428459 -0.0914768726 0.182934701 -0.00197110279 -0.0620121248 0.179113463 -0.0110369157 -0.0650282055 0.16105704 -0.0101555642 -0.0665244609 0.181079984 -0.00767229265 -0.0605596192 0.159614578 -0.048439119 -0.0366091877 0.162824601 -0.0311891567 -0.0578464791 0.169567659 0.0300385393 0.159303024 0.17406261 0.0348464213 0.173229158 0.172660798 0.0352033153 0.157515511 0.167434514 0.0172926504 0.0400501676 0.188171774 -0.0104748532 -0.0179542433 0.163177028 -0.0482808277 -0.0206967723 0.170881629 -0.0474151038 -0.0345267095 0.181421161 -0.0155724892 0.0106443642 0.174679577 -0.0496912189 -0.0334300026 0.170175791 -0.0493692867 -0.0489778481 0.171401039 -0.0500777029 -0.049205564 0.194900125 -0.00484425947 -0.0525600389 0.161829799 -0.0488638096 -0.0196222905 0.161824897 -0.0488556996 -0.0196209308 0.161813796 -0.0488435216 -0.0196151696 0.159436688 -0.0500452258 -0.0186694823 0.159816533 -0.0469838791 -0.022875132 0.171687618 0.0350857228 0.163573042 0.177917421 0.0221736375 0.149739891 0.173371539 0.0213371366 0.168049872 0.179469436 -0.0164106116 0.0105741266 0.167567462 0.0314905494 0.166378543 0.167798817 0.0343940258 0.173148215 0.169377834 0.0356711037 0.172743767 0.163093701 -0.0453008302 -0.02889397 0.163331002 -0.0453008302 -0.0274272002 0.174363181 0.0309101827 0.162037432 0.173767343 0.0320101269 0.1662049 -0.127095699 -0.0832084417 -0.225539237 -0.127095699 -0.0871145576 -0.228996918 -0.127095699 -0.0874590278 -0.229394704 -0.119960457 -0.0598907918 -0.143369839 -0.189821795 -0.0788777545 -0.210650221 -0.192691356 -0.0986136496 -0.2089497 -0.159796163 -0.0969626233 -0.206153542 -0.0987743959 -0.0463035889 -0.152794629 -0.138534829 -0.0767040551 -0.204127789 -0.130595714 -0.0841878951 -0.224822789 -0.114862077 -0.0626610294 -0.177560836 -0.128756672 -0.0817900971 -0.180456519 -0.093150638 -0.0622364432 -0.147339329 -0.100280948 -0.0538685806 -0.162669569 -0.105510287 -0.0682154968 -0.157465816 -0.139655948 -0.091453068 -0.237400576 -0.127095699 -0.0867243782 -0.228242323 -0.179848388 -0.0795997605 -0.219830111 -0.158966139 -0.0789918378 -0.218987837 -0.177582011 -0.0902610347 -0.203782454 -0.126744568 -0.0769633427 -0.185393959 -0.135511577 -0.0453067459 -0.151951224 -0.128719151 -0.0831224695 -0.182713121 -0.126792356 -0.0311895255 -0.119687073 -0.138438106 -0.0994420201 -0.210352823 -0.128095731 -0.0980180204 -0.242314607 -0.106081404 -0.0539469235 -0.162802309 -0.107885741 -0.0675716028 -0.156375274 -0.130595714 -0.0847235844 -0.224256665 -0.18675001 -0.0974773094 -0.242863238 0.12696062 0.0435213931 0.21856375 0.0861355513 0.0554248095 0.218251675 0.130450532 0.0392394327 0.213566169 -0.134847894 0.0369991697 0.200336471 -0.145575449 0.0278768968 0.226724774 -0.14406994 0.0294079892 0.217601627 -0.00765377888 0.0263640359 0.224859044 -0.0237228088 0.0160836373 0.240313739 0.024662666 0.0175798256 0.237457365 0.0521674491 0.04449917 0.224047899 0.0482339598 0.0379991718 0.220810995 0.0518841036 0.0498016179 0.211996377 0.007564303 0.0375559106 0.166888431 0.00573101873 0.0316428244 0.164868027 0.0099034179 0.0288127474 0.168310508 -0.0927697942 -0.0305580162 0.173515052 -0.131095216 -0.00483774021 0.197063461 -0.0840566605 -0.00319249928 0.207006365 -0.00767194387 0.031124942 0.167444274 -0.00689073419 0.0315022059 0.164801419 -0.00504295435 0.0326321162 0.185962901 0.134847894 0.0369991697 0.200336471 0.14392826 0.0294286218 0.217572927 0.145623192 0.0276374519 0.225974426 -6.88112284e-12 0.00756933447 0.248084038 0.00443396345 0.011495431 0.232937157 -0.0575773008 0.0402937829 0.248888686 -0.148335263 0.0361061245 0.236071318 -0.0537981912 0.0357337818 0.247049689 0.00230644038 0.041447904 0.205249727 -0.0117999148 0.0283594932 0.170007691 0.00802197121 0.0475008599 0.15809615 -0.0180838797 0.0347853936 0.130271882 0.020556042 0.0380174518 0.126621813 0.00417235959 0.0407582447 0.16249916 0.00558510469 0.029141305 0.166691944 0.150148571 0.0350576974 0.216661751 0.130459204 0.0325965732 0.213307098 -0.00408387557 0.0112429596 0.232894033 -0.0724161565 0.0080363499 0.23953104 0.0170051139 0.014397325 0.239964768 0.0744789764 -0.00444773398 0.208611742 0.162971094 0.0413428135 0.234116927 0.136042655 0.038512025 0.197874606 -0.00997666176 0.0473834202 0.162279785 -0.00801952183 0.040867079 0.159488961 -0.00578523986 0.0464164168 0.161838442 0.00498083467 0.0408659577 0.159486338 0.00560712907 0.0460380502 0.161808431 0.149076879 0.0323144458 0.229449078 0.0575623102 0.040261291 0.248856023 0.0535412394 0.0337488316 0.245645061 -0.00860525575 0.044123847 0.15894483 -0.00548859872 0.0429950133 0.162481993 0.155122697 0.0374918431 0.23168239 0.0596558638 0.0478681028 0.252636164 -0.0312396586 0.0436543524 0.12256553 -0.0295302328 0.047699973 0.129622489 -0.0260214936 0.0425686166 0.123479046 -0.0290085785 0.040129181 0.124600537 -0.0546832532 0.0504157655 0.179632083 -0.12696062 0.0435213931 0.21856375 -0.076383166 0.0376020335 0.217349395 -0.0278738644 0.0499991588 0.119237453 0.0303709246 0.049266059 0.121620364 -0.130608782 0.0392394327 0.213521689 -0.142742112 0.0453924723 0.217735201 -0.130616292 0.0325965732 0.213263392 -0.150379419 0.0349926353 0.216683462 -0.0308301132 0.0450911783 0.128664166 -0.0395727679 0.0232759733 0.213726535 -0.0493018627 0.0295048226 0.241902128 -0.0443004593 0.0314991698 0.217574194 0.0308301132 0.0450911783 0.128664166 0.0290085785 0.040129181 0.124600545 0.0312396605 0.0436543487 0.122565523 -0.0301628504 0.0524252839 0.120088808 0.0267905928 0.0518998429 0.121406272 -0.0209465027 0.0473601222 0.122555934 -0.0170051139 0.014397325 0.239964768 -0.0748297498 -0.0055580046 0.203479424 -0.029838115 0.0425024219 0.123230532 -0.0280309003 0.0421400815 0.123439774 -0.0282857548 0.0442110114 0.12952666 -0.121677913 0.0104617728 0.233839825 -0.148816302 0.0294956304 0.227254629 -0.142510399 0.0316873305 0.233828321 -0.0596468709 0.048029948 0.252545357 -0.155013949 0.0374907888 0.231673241 0.00160194479 0.041586753 0.14569591 0.00113698782 0.0069692987 0.232096642 -0.000451691536 0.00947603025 0.22911495 -0.00131483702 0.00725251669 0.232587233 -0.00594368717 0.0385573506 0.163961962 -0.00563435117 0.0333353244 0.165687636 -0.0781497583 -0.00256113266 0.2073147 -0.0764999986 -0.00395726506 0.200000003 -0.0801575109 -0.00419637701 0.207194835 -0.0741257444 -0.00292647863 0.211192995 -0.0162310954 0.00633085705 0.229218319 0.107776098 -0.00586972106 0.212648034 0.0927305073 -0.0305314306 0.173561171 0.0840566605 -0.00319249905 0.207006365 0.0082184663 0.0409134254 0.159969777 0.0280309003 0.0421400778 0.123439766 0.029838115 0.0425024219 0.123230532 0.0282941572 0.0442059301 0.129521623 0.0238408912 0.0122330915 0.229649007 0.14455016 -0.0135232862 0.186671019 0.110315964 0.00639822474 0.235689849 0.0260229148 0.0425732434 0.123488151 0.166645199 0.0414735526 0.196002975 0.13590309 0.022078475 0.200618505 0.152448997 -0.0132102696 0.161685497 0.153199002 -0.0124905333 0.161455184 0.153957441 -0.0132342195 0.167529181 0.142519921 0.0316800326 0.233836636 -0.0505575165 0.0314607099 0.242839843 -0.0731838346 0.0293129422 0.250582397 0.15113984 0.00822567847 0.174641013 0.0781497583 -0.00256113266 0.2073147 0.0764999986 -0.00395726506 0.200000003 -0.00613858551 0.029529484 0.168744862 0.0779062435 -0.00167824037 0.208858043 0.0782010928 -0.00317824143 0.208814681 0.142436117 0.0454581752 0.217735484 -0.0799376592 0.0479728542 0.207841843 0.0505010411 0.0432991683 0.212190688 0.0763544291 0.0376043282 0.217237264 0.04708983 0.0369991735 0.212670207 0.0773697495 0.0364913605 0.22271356 0.0395727679 0.0232759714 0.21372655 0.043678619 0.0304991696 0.213149622 0.0443004593 0.0314991698 0.217574194 0.0493006632 0.0295049027 0.241902098 0.00873712543 0.0311565287 0.170410395 -0.147726536 0.038029477 0.237659112 -0.166645229 0.0414735414 0.196002945 -0.145863757 0.0421583578 0.218787953 -0.162930518 0.0413609184 0.234106943 -0.00475534517 0.0409818105 0.159760475 0.0801575109 -0.00419637701 0.207194835 -0.0782010928 -0.00317824143 0.208814681 0.147731394 0.0380250327 0.237667546 -0.043678619 0.0304991696 0.213149622 -0.0521674491 0.04449917 0.224047899 -0.0505010411 0.0432991683 0.212190688 -0.04708983 0.0369991735 0.212670207 -0.0783953592 0.0337854959 0.223897874 -0.0482339598 0.0379991718 0.220810995 -0.0633589327 0.0313218795 0.248862267 -0.131902263 0.0207808018 0.20128046 -0.0518841073 0.0498016216 0.211996377 0.0731870234 0.0293167289 0.250585824 0.0798751563 0.0305180382 0.225397393 -0.0779062435 -0.00167824037 0.208858043 0.152448997 -0.0132102696 0.167687297 0.139249831 -0.0828331411 0.219111815 0.093150638 -0.0622364171 0.147339359 0.138138607 -0.0927361175 0.198995456 0.151195422 -0.0789088309 0.209750623 0.158966139 -0.0789918378 0.218987837 0.179848388 -0.0795997605 0.219830111 0.119960457 -0.0598907918 0.143369839 0.177582011 -0.0902610347 0.203782454 0.1065358 -0.0472892262 0.154747814 0.128600925 -0.0702829808 0.190470159 0.12674509 -0.0760705844 0.185919628 0.128689617 -0.0688718557 0.188080147 0.128756672 -0.0817900896 0.180456534 0.127095699 -0.0868598446 0.228573799 0.133095711 -0.090551354 0.236235619 0.127751946 -0.0986211523 0.240169302 0.101252362 -0.05608996 0.166431874 0.107728481 -0.0542513765 0.163318053 0.107330769 -0.0604057796 0.162077755 0.105510287 -0.0682154968 0.157465816 0.189821854 -0.078877829 0.21065034 0.192691356 -0.0986136496 0.2089497 0.144429564 -0.0910956636 0.238163054 0.130595714 -0.0845170766 0.2242551 0.127095699 -0.0866648406 0.228049606 0.127095699 -0.0832084417 0.225539237 0.18675001 -0.0974773094 0.242863238 0.126792356 -0.0311895274 0.119687065 0.128295705 -0.0946313515 0.243783459 0.0829999968 0.0529991686 0.0830569789 -0.0829999968 0.0489991717 0.0830569789 -0.0829999968 0.0529991686 0.0830569789 0.0829999968 0.0529991686 0.0840569884 -0.0829999968 0.0489991717 0.0840569884 0.0829999968 0.0489991717 0.0840569884 -0.0829999968 0.0529991686 0.0840569884 0.0829999968 0.0489991717 0.0830569789 0.0608578585 0.0529991686 -0.163000003 -0.0608578585 0.0529991686 -0.164000005 -0.0608578585 0.0529991686 -0.163000003 0.0608578585 0.0489991717 -0.164000005 0.0608578585 0.0529991686 -0.164000005 0.0608578585 0.0489991717 -0.163000003 -0.0608578585 0.0489991717 -0.163000003 -0.0608578585 0.0489991717 -0.164000005 0.0837071091 0.0489991717 -0.141564995 0.0829999968 0.0529991686 -0.140857905 0.0615649708 0.0529991686 -0.163707107 0.0837071091 0.0529991686 -0.141564995 0.0615649708 0.0489991717 -0.163707107 -0.0837071091 0.0529991686 -0.141564995 -0.0829999968 0.0489991717 -0.140857905 -0.0829999968 0.0529991686 -0.140857905 -0.0615649708 0.0529991686 -0.163707107 -0.0615649708 0.0489991717 -0.163707107 -0.0837071091 0.0489991717 -0.141564995 -0.0829999968 0.0504023209 0.129791826 -0.0840000063 0.0508794785 0.12551719 -0.0840000063 0.0502998494 0.129949287 -0.0840000063 0.0490960255 0.129791841 -0.0829999968 0.0491984971 0.129949287 -0.0839999989 0.0489991717 -0.140857905 -0.0829999968 0.0509593859 0.125437289 -0.0834000036 0.0529991686 -0.140857905 -0.0834999979 0.0529991686 0.125057012 -0.130595714 -0.0868972242 0.228666008 -0.127095699 -0.0866648406 0.228049606 -0.127095699 -0.0869013295 0.228663728 -0.127095699 -0.0874539018 0.229398564 -0.129507229 -0.0767499134 0.184723228 -0.117035352 -0.0752972364 0.16945982 -0.127412632 -0.0689969808 0.188292056 -0.118218787 -0.0473213978 0.155010164 -0.102107257 -0.0550616421 0.164690182 -0.093150638 -0.0622364394 0.147339329 -0.107716747 -0.0550071225 0.164597973 -0.159758076 -0.0967162475 0.205736503 -0.138723403 -0.0773775876 0.207780465 -0.18982172 -0.0788777545 0.210650221 -0.119046211 -0.034375716 0.114396654 -0.180985227 -0.0949038714 0.202666536 -0.106678396 -0.0539351813 0.162782416 -0.111256033 -0.0602862611 0.144036353 -0.14244695 -0.101068094 0.213106632 -0.180145994 -0.0799701288 0.22045739 -0.140347973 -0.0924347267 0.239656299 -0.159050524 -0.0789598972 0.218933746 -0.128753603 -0.0832540989 0.225550979 -0.179010436 -0.0797785148 0.206552297 -0.18675001 -0.0974773094 0.242863238 -0.107852235 -0.0673689917 0.15603213 -0.127560675 -0.0832129195 0.182866305 -0.128295705 -0.0946313515 0.243783459 -0.127095714 -0.108605675 0.225872934 -0.131743044 -0.0079223616 -0.216516167 -0.105983675 -0.0269677229 -0.17228955 -0.105125353 -0.024491189 -0.175204992 0.0318312347 0.0520357043 -0.215634435 -0.0025775237 0.0542812496 -0.217862427 -0.0385330729 0.0451085232 -0.195279628 -0.0521129407 0.0407971777 -0.246936709 -0.00380560872 0.0409157202 -0.247007981 0.00320995157 0.0409175232 -0.246952057 0.108098954 -0.0258823559 -0.174286395 0.0736122727 -0.0213896893 -0.198828548 0.140620142 -0.010491631 -0.197932512 0.0150622167 0.043988172 -0.245737404 0.00993627682 0.04398771 -0.245739996 0.0520265065 0.0444539115 -0.245797798 0.0152102867 0.0409173258 -0.24695231 0.00915302243 0.0409161374 -0.24698548 0.0125466529 0.0409327485 -0.243170917 0.0305565596 0.0409760438 -0.242571816 0.0435960218 0.0408592671 -0.24749501 0.0277681779 0.0409163721 -0.24695456 -0.033857245 0.0409175269 -0.246980965 -0.0330290608 0.040921025 -0.246807277 -0.0278053693 0.0409155004 -0.247007832 -0.0221048258 0.0422568619 -0.246090382 -0.0211014822 0.0409199633 -0.246947214 -0.0292499997 0.0412200689 -0.222956926 -0 0.0407857932 -0.237499997 -0.0655959398 0.0400040634 -0.221638829 0.0410836861 0.044406224 -0.196560934 0.0953531042 0.0353374705 -0.226492643 0.0797300562 0.0414420776 -0.238366857 0.161811978 0.0363155566 -0.252043337 0.0285000019 0.0274292175 -0.226004139 -0.0285000019 0.0271487311 -0.226338282 -0.0701108649 0.0166523494 -0.246804178 -0 0.00348718837 -0.24598743 -0.0299999993 0.0224642102 -0.240821794 -0.0520160422 0.0440814607 -0.245668471 -0.0544183515 0.041292835 -0.238999993 -0.0892491192 0.041129306 -0.250462651 -0.0746038333 -0.0229760408 -0.191348284 0.0494037569 -0.003539094 -0.233571485 -0.00949999969 0.0409200713 -0.242000014 -0.00915061682 0.0440351516 -0.245814621 -0.00949999969 0.0439724885 -0.242000014 -0.0241914801 0.0409206711 -0.242010087 -0.0211820584 0.0440476462 -0.245830372 -0.0215000007 0.0439724885 -0.242000014 -0.0275000017 0.042446278 -0.242000014 -0.0270322319 0.0439706966 -0.245674387 -0.0335000008 0.0409200713 -0.242000014 -0.0330629162 0.0439870842 -0.245736092 -0.0335000008 0.0439724885 -0.242000014 -0.0485000014 0.0409200713 -0.242000014 -0.0450839512 0.0409201756 -0.246922612 -0.0450646169 0.0439887457 -0.245738372 -0.0455000028 0.0439724885 -0.242000014 -0.0459377654 0.0439872518 -0.245738208 -0.0517687798 0.0440330058 -0.239599943 -0.0124863721 0.0432835892 -0.242935538 -0.0158529654 0.0440291315 -0.245818466 -0.027888082 0.0440131128 -0.245792419 -0.0459184274 0.0409208573 -0.246922418 -0.00306376349 0.0439878553 -0.245739684 -0.00301719317 0.0409200713 -0.246768266 -0.00901713967 0.0409200713 -0.246768087 -0.00980604533 0.0409161374 -0.247007981 -0.0150847556 0.0409201272 -0.246923015 -0.0305783432 0.0309587289 -0.224833056 -0.0306015927 0.0356607735 -0.22694014 -0.0412448645 0.027752839 -0.2274791 -0.0270036478 0.0358638912 -0.226934612 -0.0297680218 0.0302310698 -0.226912647 -0.0159184355 0.0409208946 -0.246922389 0.0838203728 -0.0213224981 -0.196951479 0.0708191544 0.0402616598 -0.205409199 -0.107676491 -0.0146292504 -0.197126716 0.0623043515 0.0208055116 -0.241137341 -0.161637038 0.0339990519 -0.251321018 -0 0.0224642139 -0.240821794 -0.0292499997 0.0432645902 -0.213009104 -0.0402280577 0.0450042374 -0.205370679 -0.0274356566 0.048462458 -0.202921838 -0.0947715566 0.0303339139 -0.225199267 0.0279162172 0.048475109 -0.206456527 0.0300884787 0.0325016677 -0.226539224 0.00393661764 0.0439875461 -0.24573949 0.00306220772 0.0439884849 -0.245737195 0.0159367938 0.04398904 -0.245738968 0.0339367054 0.0439884029 -0.245739594 0.0330634899 0.0439874195 -0.245737031 -0.0298592597 0.0350815505 -0.22488904 0.0301835146 0.0330831334 -0.224777251 0.0399366245 0.0439884439 -0.245739937 0.0390635878 0.0439874306 -0.245737016 0.0299999993 0.0224642102 -0.240821794 0.0701437294 0.0167154893 -0.246701851 0.102858946 -0.0255236849 -0.171463609 0.103500009 -0.00187115557 -0.195230097 0.104201384 -0.0245926585 -0.177579284 -0.0299999993 0.0401029512 -0.213560298 -0.0399184376 0.0409208536 -0.246922404 -0.0390632637 0.0439889543 -0.245739073 -0.0390845798 0.0409201086 -0.246922866 -0.000924284104 0.0416948088 -0.241453633 0.00551979011 0.0411963277 -0.245194495 0.0154999997 0.0426643081 -0.242000014 0.0159196127 0.0409205593 -0.246920317 0.0215000007 0.0409200713 -0.242000014 0.0219196193 0.0409205854 -0.246920303 0.0217931159 0.0440622047 -0.245842278 0.0370940566 0.0409820154 -0.243938819 0.0443895012 0.0410883501 -0.243978441 0.0459196083 0.0409205817 -0.246920317 0.0459355153 0.0439890884 -0.245738119 0.0521202832 0.0407894365 -0.246917859 0.0519991443 0.0440663248 -0.245685577 0.021018723 0.043967016 -0.245625943 0.051085718 0.0409200154 -0.246924922 0.0450636223 0.0439873822 -0.245736897 0.0210857186 0.0409199782 -0.246924937 0.0279365014 0.0439884141 -0.245739937 -0.103500009 -0.00187115779 -0.195230097 -0.078355737 0.0476815552 -0.214953274 0.00906212721 0.0439880155 -0.245737508 0.0270851068 0.0409201346 -0.246924669 0.0270620007 0.0439876691 -0.245737433 0.0740769431 0.0240428578 -0.185499191 0.144621149 0.0489274599 -0.221700847 0.0838006586 0.0275479853 -0.221779868 0.165142879 -0.0346472822 -0.136731014 -0.0566909686 0.0383079089 -0.22166276 -0.00998966396 0.0382345766 -0.223544061 0.0416082256 0.0401301421 -0.235494778 0.0097600352 0.0389153138 -0.223479331 0.0292499997 0.0412200689 -0.222956926 0.0553096943 0.0375030376 -0.222005859 -0.144591108 0.0500266366 -0.226610854 -0.14450033 0.0348056555 -0.192013115 -0.0521420278 0.0441683605 -0.246075451 -0.0399373658 0.0439878702 -0.245737821 -0.0339366235 0.0439873971 -0.245736778 -0.00393752614 0.0439870991 -0.245738551 0.0245000012 0.0439724885 -0.242000014 0.0395000018 0.0439724885 -0.242000014 0.0517526194 0.0440359302 -0.239642739 0.00350000011 0.0439724885 -0.242000014 0.00949999969 0.0439724885 -0.242000014 -0.0394999981 0.042446278 -0.242000014 -0.0154999997 0.0422282517 -0.242000014 -0.00935911015 0.0392435975 -0.223888993 0.152099282 0.0383544564 -0.236798972 0.160374418 0.0380459391 -0.238525555 -0.0292499997 0.0240195114 -0.228758588 0.122941077 0.0106737195 -0.246953294 0.103192784 0.0438840687 -0.24360773 0.0292499997 0.0240195189 -0.228758588 -0.00135313428 0.0405112989 -0.137047112 0.0549681857 -0.00497994805 -0.231611028 0.0549410209 -0.00370308547 -0.230822623 -0.121954851 -0.0315279439 0.125700921 -0.153530881 -0.0509575494 -0.136830837 -0.155249998 -0.0459142216 -0.102499999 0.0782178566 0.00663883612 0.234235421 0.0344999991 0.00749999983 0.238726899 0.0788230151 0.00470471056 0.233885109 -0.155249998 -0.0459142216 -0.104500003 -0.153750002 -0.0474142283 -0.103166677 -0.075677909 -0.00726476032 0.211038858 -0.0788230076 0.00600364711 0.233135179 -0.0747500062 -0.00408922834 0.217105448 -0.0135000059 -0.0213745367 0.187270284 0.0134999696 -0.0213244911 0.187241405 -0.075000003 -0.0496010445 0.136577368 0.00250972807 0.00646237377 0.23526302 -0.00250972947 0.00641425885 0.235290796 -0.0344999991 0.0087990379 0.237976894 0.153750002 0.0484142266 0.103500009 0.153750002 0.0484142192 -0.102499999 0.0859968811 -0.0499210469 0.0312422886 0.155278608 -0.0480842143 0.126499996 0.154821426 -0.0463428013 0.10400001 0.155249998 -0.0459142402 -0.103166677 -0.154416665 0.0477475598 0.103000008 -0.153750002 0.0484142192 -0.102499999 -0.078217864 0.00533990283 0.234985366 -0.153750002 -0.0474142209 0.104500003 -0.155249998 0.0469142199 0.104500003 -0.155249998 -0.045914229 0.103166677 0.0189119689 -0.0179055259 0.194723263 0.0183016397 -0.0161375329 0.194785476 0.0191227607 -0.0165357739 0.197095767 0.153750002 -0.047414232 -0.10383334 0.155486658 0.0507423803 -0.145780012 -0.153750002 -0.0474142209 0.102499999 -0.155249998 0.0469142385 -0.103166677 0.153534606 -0.0509564355 -0.136831224 0.00326064881 -0.0076673571 -0.226956278 -0.0034806903 -0.00599095318 -0.226859868 -0.0427991301 -0.0238281228 -0.199922591 -0.0548552088 -0.0036627478 -0.230892479 2.3405897e-11 0.0036079837 0.231985718 9.50080681e-10 0.00486854324 0.231169045 -0.0202880334 -0.0179055277 0.194723278 -0.0208983626 -0.0161375348 0.194785476 -0.0199659858 -0.016507579 0.197144583 -0.055051852 -0.00502203824 -0.231538132 -0.0796783119 -0.028834207 -0.190294206 -0.0182769261 -0.0173864439 0.19562231 -0.0196000021 -0.0152106443 0.196390897 -0.0185859036 -0.0165232997 0.194117323 0.0209641084 -0.0173327979 0.195715234 0.019600004 -0.0152106434 0.196390897 0.0206140988 -0.0165233091 0.194117323 -0.155249998 0.00937194284 0.172503397 -0.148578227 0.0518534519 0.197658747 0.0764999986 -0.0105288597 0.204500005 -5.28836211e-11 0.0596944019 0.135077491 0.0736603066 -0.0116295479 0.20650813 0.153750002 -0.0474142209 0.102499999 0.155249998 0.0469142199 0.102499999 0.154500008 0.0476642288 -0.103500009 0.148578227 0.0518534519 0.197658747 0.155249998 0.0469142199 0.104500003 -0.0805362761 -0.0561629683 -0.00933152623 0.0796567276 -0.0288031492 -0.190347999 0.0722711012 -0.0451146252 -0.162663147 -0.155249998 0.00897140522 0.172548607 0.0723533928 -0.00650181388 0.213350013 0.075052537 -0.0039981911 0.216936514 1.95008152e-08 -0.0118408315 0.203705326 -0.0731530637 -0.00712805754 0.212223694 -0.0764999986 -0.0105288597 0.204500005 0.155249998 0.00897140522 0.172548607 0.155249998 0.00937194284 0.172503397 0.155249998 0.00977248047 0.172548607 0.0636224374 -0.0203135405 -0.203265205 0.0664166287 -0.0204742607 -0.203429222 0.0650000125 -0.0173593909 -0.208669201 0.000133693771 -0.00528515456 -0.229618981 0.155776799 -0.0522061884 0.128957823 0.156999022 0.0465295687 0.199375242 -0.156999022 0.046529565 0.199375242 -0.15557 0.0507723764 -0.147500008 -0.155776799 -0.0522061884 0.128957823 -0.0664402992 -0.0179493874 -0.207968712 -0.0637609288 -0.0175758507 -0.20806928 0.10204564 0.0720074773 0.191929787 0.100467585 0.0560922548 0.172839716 0.0955891833 0.0537194721 0.204187855 0.128544524 0.0722520649 0.191722125 0.115028873 0.0552050732 0.175198823 0.1149638 0.0556910411 0.19007197 0.125292823 0.0650035664 0.174233332 0.129609108 0.0654953718 0.172983512 0.124865472 0.0618938357 0.167890325 0.104512498 0.0650755614 0.174068689 0.129230663 0.0559510998 0.172538757 0.133688927 0.0639785454 0.174234092 0.133239195 0.0609757639 0.1676272 0.105022117 0.0600674376 0.16770409 0.096858725 0.0615418218 0.167338535 0.0974321738 0.064625591 0.173850656 0.101095349 0.0656043589 0.171571746 0.134308323 0.0536628738 0.204232901 0.127945662 0.0606775433 0.188994974 0.107548356 0.0563662536 0.185573772 0.108569227 0.0630863309 0.174999997 0.112132035 0.0549855344 0.111505263 0.111784078 0.0567991696 -0.109738886 0.0973865315 0.0661199614 -0.174999997 0.0975500643 0.0552179255 0.174999997 0.0988836214 0.0589682534 -0.174999997 0.108285002 0.065674901 -0.174999997 0.101120614 0.0640089661 0.174999997 0.125546709 0.0629898012 0.174999997 0.121292152 0.0630387217 -0.174999997 0.129046977 0.0587690845 0.174999997 0.117899612 0.0667491555 0.174999997 0.132458538 0.0534326807 -0.174999997 0.130346105 0.0633418262 0.174999997 0.133521989 0.0657547861 -0.174999997 0.0954083055 0.068590872 0.174999997 0.126730666 0.058818724 -0.174999997 0.134619698 0.0685389712 0.174999997 0.103403747 0.0596154891 0.174999997 0.114469171 0.0529991686 0.106729373 0.117347777 0.0567991696 0.107555419 0.0977493972 0.056206923 -0.174999997 0.114469171 0.0529991686 -0.113270625 0.117978781 0.0551469959 -0.111511759 0.134432033 0.0531956218 0.174999997 0.117400631 0.0546458364 0.112102792 0.113817908 0.0544861257 -0.106923938 0.105115406 0.0603267476 -0.16742374 0.103676155 0.0568393543 -0.17443946 0.1034422 0.0636898354 -0.172876567 0.12848933 0.0653238222 -0.172377422 0.133019358 0.0609254763 -0.166523322 0.132828608 0.0628652126 -0.173029348 0.102231123 0.0719981343 -0.192109048 0.115033209 0.0555924326 -0.190012962 0.128296867 0.0722397417 -0.191940635 0.132603675 0.053298492 -0.17519179 0.128883258 0.0707591474 -0.174043506 0.125242189 0.061357595 -0.172996789 0.124543585 0.0604108162 -0.166561529 0.134608775 0.0549062379 -0.202630609 0.0963548422 0.0550702438 -0.202247575 0.100378439 0.0667990595 -0.173341349 0.0976224318 0.0592491291 -0.172974378 0.0969670117 0.0616702624 -0.16760774 0.0957617909 0.0538839847 -0.174922973 0.128600001 0.0564191826 -0.172283232</float_array>
          <technique_common>
            <accessor source="#positions_array" count="1028" stride="3">
              <param name="X" type="float" />
              <param name="Y" type="float" />
              <param name="Z" type="float" />
            </accessor>
          </technique_common>
        </source>
        <source id="normals">
          <float_array id="normals_array" count="9300">0.860075831 -0.0940084755 0.501429915 0.00190530648 0.152233571 0.988342702 -0.246629566 -0.100190274 0.963916838 -0.328204602 -0.0815724656 0.941078007 0.0589612983 0.998244464 -0.00561714778 -0.000778139802 0.138993591 -0.990293026 -0.703477085 0.133742273 -0.698020816 -0.698015869 -0.133763313 -0.703477919 -0.697526813 -0.13792789 -0.703158796 -0.985775173 -0.158018038 0.0572498739 0.00452535879 -0.999966562 0.00681597413 -0.00452818209 -0.999983013 0.00368105015 -0.000429990789 -0.999849558 0.0173396319 -0.00479793781 -0.999988019 -0.000928328664 0.00864066835 -0.999961615 0.0014614145 0.00394618372 -0.999992192 -0.000286784983 0.00460116239 -0.999987662 0.00190293416 0.00449250266 -0.999989748 -0.000525688578 -0.00594512746 -0.999982357 0.000394890638 3.75683544e-06 0.999907732 0.0135850487 -0.00398559636 0.999991953 0.000394398812 -0.00591883576 0.999962449 0.00633262517 0.0050479616 0.99998492 -0.00216611358 0.00461650873 0.999967277 0.00663959235 -0.0113380561 -0.999932945 0.00237010326 0.00461021392 0.999987662 0.00187742012 0.00448456546 0.999989748 -0.000532330945 -0.0112515548 0.999933839 0.00237327651 -0.00587967504 0.999982655 0.000390792819 0.00578217721 0.999977946 -0.00325376517 0.00193237129 0.154396057 0.988007128 0.00769534288 -0.990941107 -0.134076908 -0.703158021 0.137907267 -0.6975317 -0.550761223 -0.020201901 0.834418297 -7.10982495e-05 -0.99999994 0.000357580924 -0.0302273929 -0.999543011 0.000246047712 0 -1 0.000357843528 0.0623715445 0.19766961 0.978282452 -0.0210731272 -0.201844797 0.979190826 0.00309639564 -0.222098589 0.975019336 0.0876763016 -0.291222125 0.952629268 0.0329571515 0.990525186 0.133318529 -0.051362887 0.987130046 0.151446864 0.0500690453 0.990312994 0.129511669 -0.10593088 -0.128966197 0.985974789 1 -6.48461355e-06 -6.17607432e-09 0.992346704 0.123479344 -0.000908954593 0.997095346 0.0761626214 -3.19328774e-06 0.992204964 0.124613114 -0.000908501446 0.971244872 0.238082945 0 1 -8.3606883e-06 0 -0.0303029995 -0.999540627 0.000245767646 0 0 -0.99999994 -0.0664209127 0.985745907 0.154573843 -1 0 0 -0.99740988 0.0719269887 -3.04657374e-06 -1 2.80178742e-08 0 -0.992207944 0.124590307 -0.000871012802 -0.992342651 0.123512037 -0.000871835859 -0.973291278 0.229573742 0 0.662233472 0.7361148 0.139935181 0.737684309 0.669481993 0.0872682929 0.771848142 0.635349691 0.0241066292 -0.735131979 0.67247963 0.0857437998 -0.736928105 0.670183957 0.0882630497 -0.769125342 0.624434352 0.136117116 0.442450434 0.845776975 0.298159122 0.266776532 0.892427504 0.363872796 0.275590837 0.870474339 0.407828391 -0.485478461 0.704261363 0.518002391 0.959115624 0.251109093 0.130542651 0.900896251 -0.361261427 -0.240574703 -0.947496772 0.319758832 0.00204510591 -0.939852953 0.341339588 -0.0127938213 -0.924742699 0.380571038 -0.0040743635 -0.606827319 -0.794811189 -0.00597964553 -0.896988034 0.421495348 -0.133244932 -0.90603447 0.422713935 -0.0203605313 -0.816946387 -0.420862198 -0.394301564 -0.0268969871 -0.9996382 1.22545398e-05 0.0626414269 -0.997825205 0.0205173418 -0.0182155278 -0.998773217 0.0460450053 0.442255825 0.824697018 0.352540135 0.0426798575 -0.996027291 0.0781538561 -0.0352723897 -0.992987514 0.11283502 -0.685370982 0.727898359 0.0207496341 0.862990081 -0.350875527 -0.363503009 0.879094303 -0.351667851 -0.321749866 0.885037303 -0.351787448 -0.304884493 0.0695829391 0.952087522 -0.297804594 -0.16340515 0.061244078 0.984656274 0.17054823 0.0817811936 0.981949627 -0.95191288 0.305955231 -0.015912978 0.00877583027 0.106264681 0.994299173 0.0477796681 0.928944468 0.367122918 0.017441405 0.896188617 -0.443330288 -0.348658741 -0.466986507 0.812625706 -0.0228542574 -0.866143227 0.499273062 -0.00135101448 0.558221161 -0.829690993 -0.000532022386 0.557228267 -0.830359221 -0.000797421613 0.557550132 -0.830142856 -0.000132656452 0.556743622 -0.830684364 -0.740747929 -0.162617743 0.651803672 0.831386209 0.155556336 0.53347832 -0.763466239 -0.1325721 0.632095039 0.903730214 -0.351311117 -0.244646966 0.732307196 -0.0443149097 0.679530978 -0.981489182 0.188931793 -0.031364698 -0.987023056 0.120873958 -0.105711371 -0.998580635 0.0525926426 0.00841548201 -0.545403242 0.834563971 0.0777060091 -0.544373333 0.835154712 0.0785771683 -0.544269681 0.835213959 0.0786647275 0.231121764 -0.395708442 -0.888818085 0.377765328 -0.220640615 -0.899228036 0.413490921 -0.17208828 -0.894097805 0.264566749 -0.95429647 0.139006376 0.489201307 -0.865275443 0.109455213 0.34223482 -0.930585206 0.129948869 0.186687738 -0.442268461 -0.877237856 -0.993996918 -0.10752295 0.0202214606 -0.993618965 -0.10702455 0.0355947949 -0.993718743 -0.107132234 0.032339219 -0.91203177 -0.356092602 -0.20346044 -0.884088755 -0.426170468 -0.191744089 -0.902671814 -0.381242275 -0.199594632 0.355970472 0.932593942 0.0596110374 0.319307566 0.946313024 0.0503431335 0.310825437 0.949243844 0.048205886 -0.456018269 0.888019443 -0.0588965416 -0.40477109 0.914405048 -0.00488250423 -0.3604213 0.932141244 0.0347726904 0.57591176 -0.809181213 0.116410226 0.594164968 -0.792441547 0.137856618 0.771164954 -0.492434561 0.403500795 -0.543442011 0.835686684 0.0793638527 -0.0104671558 -0.655192971 -0.755388975 -0.299147755 -0.722026765 0.623849392 0.541522384 -0.832553864 -0.116651766 0.811659157 -0.579510033 0.0733308867 0.716026902 -0.698056996 -0.00468118954 0.00729280896 -0.999746978 -0.0212790631 -0.736711979 -0.674070001 -0.053712856 -0.545997381 -0.833556414 0.0840868577 -0.87790364 -0.464713991 -0.115438864 -0.571105838 0.819416702 -0.0489332005 0.449975431 -0.877499342 -0.165882155 0.377786696 -0.919481039 0.108773641 0.213159427 -0.966288626 0.144393876 0.262339801 -0.0586892739 0.963189185 -0.432780355 -0.882295132 -0.185085297 0.696960211 -0.458207816 -0.551626682 -0.37593013 0.30024749 0.876657248 -0.573806703 0.2319244 0.785466075 -0.6212731 0.211783409 0.754431844 0.00213097851 -0.964332342 0.264685541 -0.0620276704 -0.949692011 0.306981653 -0.184308007 -0.90517205 0.383006632 0.870943367 0.475264221 0.12482582 0.882525146 0.458352596 0.105176747 0.874594629 0.472015977 0.110838197 0.519773364 -0.283004642 -0.80606699 0.878586292 0.460449189 0.126777828 0.875965416 0.477801651 0.0662591532 0.875468671 0.477966309 0.0714328736 0.882890284 0.447298855 0.142928123 -0.941040635 0.336736381 -0.0324202552 -0.854530334 0.496991783 0.150920376 -0.881108701 0.424604595 -0.208226189 0.577754617 0.765016258 -0.28451702 0.473994732 0.824770749 -0.308354229 0.500458717 0.816762209 -0.287124455 0.536984682 -0.709563673 0.456253111 0.509132743 -0.731885552 0.452909857 0.462393582 -0.766210198 0.446222156 0.451736301 -0.7735219 0.444520295 0.663261056 0.687714159 -0.295184642 0.512271047 -0.857601643 0.0458017066 0.205947429 0.016141193 -0.978429914 0.133575484 0.0160633232 -0.990908384 0.587144256 0.0149285365 -0.809344709 0.636379898 0.0145165147 -0.771239161 -0.591040552 -0.796448112 -0.127833396 -0.0963648185 -0.9635005 0.249761462 0.119058378 0.945516527 -0.303024292 0.13739039 0.939151406 -0.314830899 -0.105061755 0.955359757 -0.276133657 -0.681979835 0.727928698 -0.0708750188 -0.58176899 0.80351758 -0.126112476 -0.486927092 -0.853911996 0.183674261 0.576739669 -0.667886734 0.470423788 0.509735286 -0.664543986 0.546398461 0.681464851 -0.656759858 0.322911859 0.980669498 0.00484694447 0.195611373 0.957442641 0.234376475 0.16843757 0.977624238 0.0986455232 0.185795635 0.941277385 0.297866225 0.158973426 -0.918069899 -0.338709682 -0.205969572 -0.91802299 -0.339222997 -0.205332905 0.361123741 0.930526078 0.0609176978 0.792384267 -0.609440207 -0.0266418327 0.632743359 -0.768688083 0.0935659036 0.777773678 -0.628391623 -0.0138580594 0.615954757 -0.780841649 0.104337037 -0.136330321 -0.382736057 0.913743436 0.155707479 -0.145589411 0.977015316 0.923065484 0.381496221 -0.049098596 0.918815017 0.389472306 -0.0639552325 0.931199253 0.364097089 -0.0173584688 0.671712637 0.298011959 0.678226352 0.951237679 0.302891314 -0.0583416 0.826004922 0.329502642 0.457322568 0.949854493 0.306286693 -0.0629683211 0.943407416 0.326792926 0.0564692654 0.804527283 -0.336053878 0.489697516 0.799818814 -0.467008829 0.377084434 0.800198376 -0.464130878 0.379822493 0.674207687 -0.68942821 -0.264825821 -0.161972925 0.149204463 -0.975450039 -0.584665298 -0.810112894 -0.0434000231 0.769271255 -0.589229047 0.247044116 0.701743484 -0.65134871 0.288618952 0.950092852 0.296579331 -0.0967694297 0.909287572 0.405370176 -0.094187282 -0.372228205 0.922576189 -0.101485737 -0.896903098 -0.442152202 -0.00813738257 -0.897715509 -0.439265698 0.0339496322 -0.992887914 -0.106416039 0.0533782206 0.972924769 -0.223940849 0.0571650714 0.255803764 0.959027648 -0.121780105 -0.261152357 0.948872626 -0.177314028 0.259499729 0.96483016 0.041984912 0.288238078 0.955497026 0.0628031567 0.280578524 0.958123088 0.0572352596 0.293445438 0.953653336 0.0665966272 -0.38934657 0.890859544 -0.234048039 -0.554404736 0.820790291 -0.137618139 -0.875172794 0.483156502 -0.025148768 -0.965162396 0.259724438 0.0316976868 -0.960440516 0.277126133 0.0274792984 -0.873166442 0.486722469 -0.0261081513 -0.109725721 -0.934527338 0.338553995 0.177979499 0.605864406 -0.775404215 -0.312651545 0.317727357 0.895152688 0.264712185 -0.961464882 0.0742474273 0.708373964 0.057069011 -0.703526437 0.127435103 -0.867085159 -0.4815844 0.355725765 -0.677750587 -0.643516302 -0.787532628 -0.614226341 -0.0501832813 -0.00673579983 0.998150468 -0.0604179651 -0.119275287 0.0853319094 -0.989187539 0.0426138118 0.669506133 0.741583228 0.994513512 -0.0742777437 -0.0736601055 -0.935622871 -0.351767182 0.029493032 -0.711532176 -0.70263803 -0.00466296449 -0.918894112 -0.393467277 0.0285829529 0.154885992 -0.980260372 0.12288186 0.53559494 -0.833716929 0.134365603 0.536283135 -0.833274364 0.13436617 0.2712152 -0.430749506 0.860753894 0.637096107 -0.0653378218 0.76801008 0.26004231 -0.439163327 0.859949768 -0.839419782 0.543479443 0.00212841551 -0.528540313 0.84890765 -0.000957341166 -0.317680895 0.948188365 -0.00421433058 -0.151112199 0.988516629 3.73635448e-05 -0.0802558661 0.996774256 3.2525546e-05 -0.112451039 -0.986523628 0.118852377 -0.642948151 -0.753895044 0.135128945 -0.643699229 -0.753255904 0.135117471 -0.205646858 -0.460156113 0.863693118 -0.062807247 -0.88168031 -0.467648387 0.854578257 0.518798411 -0.0233305562 0.83285898 0.553417265 -0.00867245812 0.821444333 0.570286572 -0.0015857293 0.805149078 0.593034923 -0.00666717207 0.819064021 0.573702097 -0.000263473863 0.798235059 0.602219999 -0.0123204598 0.7059232 0.707779825 -0.0268343594 0.799611211 0.600449383 -0.0090722898 -0.0195750929 -0.999500394 -0.0248157121 -0.0419800058 -0.995642364 -0.083270058 -0.0401548482 -0.998363376 -0.0407206416 0.0100905988 -0.999879003 -0.0118353665 0.0028373776 -0.999921501 -0.0122013753 0.00594846392 -0.999914229 -0.0116708921 0.00960008521 -0.999892354 -0.0110896705 0.0146045676 -0.9998402 -0.0103037115 0.0231184643 -0.999691963 -0.0090316236 0.0446980409 -0.998983204 -0.00588201359 0.0796948224 -0.996819198 -0.000409629487 0.0105765993 -0.999943972 0.000331104995 0.0134020243 -0.999908328 0.00193214323 0.00491060782 -0.999987781 -0.000562113768 0.000600901083 -0.999999702 0.000462934026 0.0441955477 -0.999022841 -0.000306271191 0.10101442 -0.994823277 -0.0110823512 0.00700130453 -0.999975383 -0.000424581813 0.0443697646 -0.999015152 0.00034287473 0.0275478251 -0.999608874 0.00482585048 -0.00151458383 -0.9998191 -0.0189584512 -0.057394743 -0.998240232 -0.0149065377 0.0407158732 -0.99840194 -0.0391884074 0.00930147618 -0.999919713 0.00860934705 0.00623760885 -0.999966681 0.0052570831 0.000405637926 -0.999984086 -0.00564142177 -0.00139063469 -0.999973357 -0.00717236241 0.00262281578 -0.999989152 -0.00384749891 0.00161983643 -0.999987841 -0.00465304917 0.00359723996 -0.999988854 -0.00307022827 0.00469911098 -0.99998641 -0.00224630162 0.00574705005 -0.999806643 0.018807631 0.0725204349 -0.996958733 0.0285307281 0.119387433 -0.992845774 -0.00196876447 0.0229832195 -0.998942614 0.0398178808 0.0178454071 -0.999794185 -0.0096481014 0.00149054802 -0.999948144 0.0100738211 -0.941449165 0.272639096 -0.198346585 0.0131842615 -0.999827743 -0.0130617823 -0.039865192 -0.999117851 -0.0131946802 -0.12809664 -0.99159354 0.0182622019 -0.0724661946 -0.996986508 0.0276870057 -0.0206078161 -0.998888195 0.0423993282 0.0158115365 -0.999807119 -0.0116530759 0.0721364096 -0.997259319 -0.0164385997 -0.00966423098 -0.999891102 -0.011151663 -0.00598821649 -0.999913096 -0.0117491316 -0.0128684603 -0.999866486 -0.010066947 -0.023273563 -0.999687672 -0.00910195336 -0.0147012183 -0.999838114 -0.010372242 -0.00772912521 -0.99996984 0.000790246879 -0.0449917354 -0.998969793 -0.00592399854 -0.0159167722 -0.999870956 0.00216989149 -0.0446606241 -0.999002218 0.000115915092 -0.00803931896 -0.999967575 -0.000360993494 -0.00417351816 -0.999989212 0.00203538523 -0.00667554652 -0.999973834 0.00280487421 0.000473470194 -0.999999344 -0.00110886001 0.000921133382 -0.999998868 -0.00115260226 -0.0120720128 -0.9997949 0.0162630714 0.030471053 0.999529064 -0.00362281664 0.00781512167 0.999969423 -6.63961109e-05 0.00481646322 0.999985754 -0.00231439015 0.00368714961 0.999988258 -0.00316115888 0.00268832617 0.999988675 -0.00391486892 0.00166038936 0.999987245 -0.00476854481 0.000415775285 0.999983251 -0.00577120204 -0.00142544403 0.999971926 -0.00735765789 0.00105270254 0.999998868 -0.00114095106 0.00570656685 0.999980748 0.00243118312 0.00257890415 0.999994636 0.00204412849 0.00350646512 0.999990046 0.00276273978 0.0114141237 0.9999336 0.00161799369 0.0213569477 0.999771893 0.000114564711 0.113661833 0.993438303 -0.0126970708 0.0212224089 0.999774754 -0.000104294108 0.00155770627 0.99999851 0.000834054139 0 1 -1.7999655e-05 0 1 -7.08044183e-07 0 1 1.90219094e-08 0 1 1.03294406e-06 0 1 2.86777122e-05 0 1 -1.74944653e-05 -0.0153902397 0.999872506 0.00425882638 0.0118806688 0.999925852 0.00265985797 0 1 7.61896899e-06 0.0088418657 0.999958873 -0.00203898828 0.0532260537 0.996832669 -0.0590905547 0.0205677021 0.999699235 -0.0133610126 0.0144627839 0.999884427 -0.00470367726 0.0115227904 0.999933124 -0.00100277155 0.0105821742 0.999943912 0.000405177387 0.0100002848 0.999947965 0.00203643297 0.00878864899 0.999952614 0.00418187073 0.00765523547 0.999950886 0.00629597483 0.00644071726 0.999941707 0.00867036637 0.00491986889 0.999918342 0.0117953327 0.0025810129 0.999856532 0.0167398956 -0.00248013018 0.999611139 0.0277737379 0.00340071344 0.999986649 0.00388010452 -5.7003952e-05 1 0.000113783266 -0.00209369231 0.999920368 0.0124453371 -0.00308209192 0.99996829 0.00734288199 -0.000823439157 0.999931335 0.011691683 0.845808625 0.509211361 -0.159095913 0.000112424183 0.999993801 0.00350031303 -0.000467542035 0.99999994 4.05467699e-06 0.00364949508 0.999992847 0.000928107766 0.00467538973 0.999989033 -0.000266111805 0.00229632179 0.999852538 0.0170159023 -0.000323056214 1 4.43363788e-05 -0.000194813387 1 7.84046933e-05 -0.000131420675 1 9.33513948e-05 -8.97580394e-05 1 0.000105477528 0.00232421421 0.999996066 0.00160331419 0.00466296077 0.999987543 0.00175860303 0.0422203057 0.998166561 0.0433693901 0.00973000284 0.999952257 -0.000876313192 0.00622796966 0.999958873 0.0065894546 0.06974186 0.993551075 0.0894008577 0.00140141579 0.999973118 -0.00719996169 -0.000407813612 0.999983668 -0.00569263147 -0.00162957993 0.999987721 -0.00468199654 -0.00651626848 0.999978304 -0.0010255056 -0.00263825688 0.999989152 -0.00384295057 -0.0115887951 0.999929547 0.00256481371 0.00678061787 -0.962164879 -0.2723836 -0.043557439 -0.998915434 0.0164553933 -0.71211952 -0.0581928864 -0.699642241 -8.03309958e-05 -0.998379886 0.0568990596 -0.214621723 -0.963053584 0.162681386 -0.784543455 -0.619939625 0.0129021555 -0.634665191 -0.77143842 -0.0456380285 -0.745122731 -0.666746378 0.0155335302 -0.951489091 -0.305012137 -0.040448606 0.154210627 -0.980371416 0.122844562 -0.895800531 0.444372028 -0.00865027122 -0.864135265 0.502429366 -0.0288974978 -0.823022723 0.56800586 -0.00170928088 -0.789406657 0.613861024 -0.00341985724 -0.72890383 0.684233189 -0.0228918567 0.642480433 -0.0580399558 0.764101028 -0.819663644 -0.572801352 -0.00708699739 -0.817494333 -0.575898349 -0.00664433045 -0.820881963 -0.571054637 -0.00702512776 -0.846244156 0.507604957 0.161889002 -0.850169063 0.495417237 0.178253278 -0.852083325 0.488931209 0.186816171 -0.855749965 0.475213259 0.20460771 0.852935672 -0.48888272 -0.183014572 0.854912519 -0.481372416 -0.193404853 0.852073491 -0.491974533 -0.178694814 0.850100577 -0.498690575 -0.16922386 0.854502797 0.485645771 0.184317946 0.858117938 0.472171754 0.201711133 0.852577806 0.492154837 0.175768584 0.848712444 0.504149199 0.159752265 0.750681937 -0.660484254 0.0154058384 0.708579481 -0.705624223 -0.00308889663 0.808441818 -0.588545144 0.00604670495 -0.846925974 -0.504477084 -0.167985991 -0.849346995 -0.496375263 -0.179503009 -0.850397646 -0.492631674 -0.184764355 -0.852778018 -0.483531922 -0.197399259 0.74165827 -0.670576036 0.0164570492 0.638385653 -0.768601477 -0.0414188541 0.699914157 -0.714222252 0.00259857369 0.822250485 -0.569125414 -0.000602256041 0.940128505 -0.338872343 -0.036384441 -0.126913473 -0.261349291 0.956864357 0.0417187884 -0.995646 -0.0833582729 0.0192345623 -0.999509692 -0.0247056689 -0.00833493005 -0.999799252 0.0182230342 0.0549818873 -0.994198143 -0.0924498737 0.0222404487 -0.997321606 -0.0696771443 -0.949313521 -0.312515855 -0.0337295905 -0.0225540157 -0.997290075 -0.0700273216 -0.0551533774 -0.994145155 -0.0929166302 0.0184829831 -0.99956584 0.022943968 0.900010407 -0.434748858 -0.0312214363 0.0421530753 -0.998991847 0.0154424552 -0.111190267 -0.986676574 0.118769139 -0.0301140714 0.99953872 -0.00392653607 -0.0701180398 0.663153768 0.745191753 -0.62598753 -0.639025152 -0.446974874 0.119064383 -0.0853735805 -0.989209294 -0.544646382 -0.804905891 0.235556319 0.0428450033 0.159695014 -0.986236155 0.00206634961 0.999997735 0.000400250836 0.014073329 0.999891579 0.00433657225 -0.00230155513 0.999997139 0.000570049626 -0.980711877 0.195376366 -0.00568534294 -0.92664665 -0.375743568 0.0119493706 -0.978766859 0.204889551 -0.00598011352 0.0408023 -0.999151647 0.00559099717 0.769487619 -0.638139963 -0.0258099232 0.441175461 -0.897418797 0.00194532447 0.932958603 0.359934241 0.00596113922 0.961243391 0.275684893 0.00299073546 0.932765067 0.360435158 0.00597896241 -0.999598026 -0.0217471775 0.0181868635 -0.932514131 -0.361133277 0.000345532346 -0.93007654 -0.367365748 -5.31923388e-06 0.580867767 0.813975811 -0.00599646149 0.590668619 0.806890965 -0.00613612728 0.580733299 0.814071774 -0.00599454716 -0.617541969 -0.582658112 -0.528347909 -0.973773181 0.227430537 0.00641219504 -0.773444057 0.633844614 0.0050288015 -0.978087008 0.20809713 0.00644348469 -0.714480877 -0.699572325 -0.0107539408 0.988753498 -0.149423093 -0.00626977393 0.99062556 0.136460587 0.00629102392 0.987671137 -0.156405166 -0.00657685287 -0.0496039242 0.998747885 0.00649597589 -0.372911036 0.927847683 -0.00598941045 -0.379208297 0.925290346 -0.00624239817 -1.75658477e-06 0 -1 -6.0187557e-07 0 -1 -1.26458349e-06 0 -1 -0.032344602 0.999475777 0.00139582029 0.103053316 0.994648159 0.00742566073 0.106434591 0.994290829 0.00757557061 0.25546667 -0.966815352 -0.00220715208 0.2416922 -0.970353007 -6.1323015e-05 0.267272204 -0.963620842 0.000645411317 0 0 1 -0.923784196 -0.382720202 0.0121639967 0.887154758 -0.461022943 0.0203541573 0.986240506 0.164563581 -0.0157675706 0.961927235 0.273290068 0.00290706777 0.21112439 0.977427006 0.00792945642 -5.81628115e-07 0 -1 -1.14107797e-06 0 -1 -1.42113834e-06 0 -1 -9.76699766e-07 0 -1 -5.20077243e-08 0 -1 -2.28812814e-06 0 -1 -6.8314388e-05 0 -1 -0.201137662 0.974098206 0.103325687 -0.210287049 0.972325027 0.101800993 -0.0723380595 0.989701331 0.123525128 0.938308656 0.309755534 -0.15371497 0.839654744 0.489447504 -0.235416785 0.910862088 0.37066853 -0.181480363 0.942266107 0.334824562 0.00522216968 0.000114665963 0.999656677 -0.0261983033 -0.0163822249 0.999567866 -0.0244077798 -0.23898907 0.971022129 0.000469665625 -0.0427489541 0.990873098 0.12783964 -0.952557683 0.304355115 -0.00134315959 -0.924879253 0.380260885 0.000240107256 -0.917931795 0.396737814 0.00059058133 -0.255426258 0.966825724 0.00236131647 0.686516166 0.727076113 -0.00747553539 0.34484458 0.9386186 -0.00879964046 0.684183836 0.729271114 -0.00749118021 0.343747884 0.939020753 -0.00880145561 -0.753705919 0.656072795 -0.0386766121 -0.707182944 0.69843024 -0.109943345 -0.786838412 0.616830349 0.0201465227 -0.999756455 -0.0117568234 0.0186770801 0.590877771 0.806737721 -0.00613911171 0.0627124608 -0.998020053 0.00480866572 0.0155935967 -0.99987793 0.000995603506 0.0741583705 -0.997238278 0.00404613931 0.0489422232 -0.998792648 0.00422122469 -0.0338460244 -0.995354831 0.0901287273 0.62495935 -0.780652165 0.00283605745 -0.0340348035 -0.999397874 -0.00674643693 -0.503055155 -0.864254177 0.000460385229 -0.500935793 -0.865484297 0.000506636745 -0.202477589 -0.979265809 0.00643188413 -0.0394075848 -0.993962586 0.102398545 -0.19581759 -0.980618477 0.00655236701 -0.66746521 0.726457298 -0.163554236 0.989603102 0.143673584 0.00660762005 -0.0731499866 -0.997301638 0.00621182658 -0.0408019871 0.999143958 0.00682310481 -0.953084409 0.302701294 -0.00137710362 0.161449865 0.986880541 0.000818968052 0 0 -1 -9.04724857e-07 0 -1 -0.769732535 0.63834691 0.00500359992 -0.0366994254 0.999325633 0.00120101392 1.42987255e-06 0 1 1.68409588e-06 0 1 0.795936644 0.546192884 -0.261071652 -0.177549586 -0.929271638 0.323929489 3.30944476e-06 0 1 -0.232300922 -0.908577859 0.347163498 0.192892328 -0.830842972 -0.522008121 0.228207365 -0.829237044 -0.510183632 0.193624139 -0.830821574 -0.521771312 0.0850848854 0.854148328 0.513021588 -0.116449974 0.963513792 -0.240998819 -0.0455100797 0.998813748 0.0173170008 0.293539405 0.955937684 -0.00422027847 0.157476529 -0.831295013 -0.533056974 0.453259468 0.846616924 0.278918743 -0.0431046896 -0.176591724 -0.983339906 -0.0826592371 -0.976323128 0.199901551 0.833760977 0.145238757 0.532680213 0.196106076 -0.282865554 0.938898087 -0.260587156 -0.951305628 -0.164656937 0.334151149 -0.710666955 -0.619108617 -0.0282692462 0.991000354 -0.13083978 0.30717513 0.948908269 -0.0722259805 0.109104693 0.988073468 -0.108660415 0.675009966 -0.737802982 -0.00287447032 -0.0181979276 0.956009388 -0.29277119 -0.0389207751 0.964569509 -0.260942131 -0.251021266 -0.397083968 0.88278681 0.750032544 0.0346955433 0.660490215 0.0821370408 0.987755239 0.132638529 0.0949965566 0.908688962 0.406522036 0.0810646936 0.990124762 0.114374042 -0.0271300878 -0.998775899 0.0413608663 -0.0863021612 -0.996098995 0.0184038263 -0.0374457277 -0.999106228 0.0196116734 0.155315191 -0.974111795 0.164266154 -0.0653584152 -0.994536579 0.0813957155 -0.0333382785 -0.994347036 0.100809149 -0.0318110101 -0.998357236 0.0476545058 1.36981052e-05 -0.999083638 0.0427986123 0.0106834164 -0.999020517 0.0429385267 0.704625666 -0.709579289 0 0.838614464 -0.539919615 0.0721982941 0.864805758 -0.494091094 0.0893586874 0.880860507 -0.462559134 0.100617364 0.880671203 -0.462948322 0.100484185 -0.0106326807 -0.999025643 0.0428325422 0.132205784 -0.989996731 0.0492748804 0.0225853883 -0.999713659 0.00790338218 0.0667374283 -0.996734321 0.0454625301 0.0393975303 -0.998253882 0.0440107994 0.0229389183 -0.998797894 0.0433210917 -0.039882388 -0.997679174 0.0551872067 -0.0452499911 -0.99824518 0.0381990522 -0.0499048978 -0.998451948 0.0245604105 -0.0545955896 -0.998438597 0.0118165249 -0.0562901646 -0.998411477 0.00245563057 0.0253389701 -0.998644173 0.0454737246 -0.0248452611 -0.999557197 0.0163737889 8.70902426e-08 -1 -2.75921275e-06 0.0398454778 -0.99006927 -0.134815097 0.114965506 -0.97720021 0.178501382 0.0956439078 -0.246166378 0.964496911 -0.128485203 -0.987647772 -0.0896850601 -0.0493482389 -0.9987517 -0.00773729663 -0.297700316 -0.930368125 -0.213985264 -0.0119504351 -0.999602914 -0.0255173538 -0.17200841 -0.931375444 -0.320862859 -0.417413354 -0.84054637 -0.345322937 -0.275941551 -0.865765393 -0.417500436 0.818684161 0.564801335 0.10371016 0.214679271 0.971090555 -0.104383767 0.816697836 0.567839622 0.102775618 0.437696964 0.897935927 0.0461783558 0.137084618 0.98780185 -0.0738617256 0.0675959289 0.99761492 -0.013969454 -0.0661873221 0.996385038 0.0532557778 -0.0502174012 0.996256232 0.0703677908 -0.0382938832 0.997967899 0.0509284548 -0.0841049701 0.993091583 0.0818261281 -0.0106326733 0.999024928 0.0428494513 0.0180686023 0.973219573 0.229166344 -0.00205792906 0.961508214 0.274768472 0.000105940446 0.947194517 0.320659548 -0.231948584 0.972294152 -0.0290500484 -0.294234753 0.955605507 0.0156244235 -0.252614588 0.967460394 -0.014360344 0.801938593 -0.590183616 0.0926164538 0.882325888 -0.468440503 0.0454374142 0.895723283 -0.443151116 0.0360140726 -0.088781096 0.994128346 -0.0618594736 -0.0758833066 0.985026598 -0.154804215 -0.02399721 0.999696016 0.00565271964 0.142324597 0.944344461 -0.296575785 0.0424092636 0.973213136 -0.225959346 -0.226519063 0.96965313 -0.0919884071 -0.00492079277 0.991734922 -0.1282098 -0.00140584109 0.999030888 0.0439930782 -0.720667899 0.693274736 0.00279952795 1.37272127e-05 0.999083698 0.0427988544 0.0106830401 0.999020755 0.0429360718 0.513442934 0.857671618 -0.0278512128 0.0229390617 0.998799026 0.0432948768 0.0393974483 0.998253882 0.0440106243 0.0667389035 0.996732771 0.0454922803 0.132203445 0.989997685 0.0492633022 0.0225853249 0.999713659 0.00790444575 0.225673795 0.973515153 -0.0366011746 0.15038611 0.986286283 -0.0679951608 0.106310494 0.99044311 -0.0878665298 0.0735895634 0.991781652 -0.104660235 0.0439297929 0.99153173 -0.122209154 0.0112839146 0.9894889 -0.14416711 -0.0335900076 0.983576179 -0.177339956 0.0209653061 0.998309731 -0.0542046428 0 1 4.31258428e-07 0.0453830995 0.855026126 0.516595364 -0.0136631085 0.999200761 0.0375673808 -0.530114174 0.845435917 0.0649386868 -0.0369268358 0.996768177 0.0713421702 0.0173445735 -0.911409736 0.411134422 -0.411624968 0.858509004 0.305822223 0.772342622 -0.504432321 -0.386050165 -0.125410572 -0.915298641 -0.382753968 0.0333864577 -0.990221918 -0.135446981 0 -1 -5.17579019e-06 0.0937016308 -0.98871094 -0.116921686 0.0867614523 -0.871618629 -0.48244521 0.0775647238 -0.855015695 -0.512768805 0.0871948898 -0.872378409 -0.480991662 -0.837902904 0.318687499 -0.443121791 -0.478983462 -0.387568593 0.787632823 0.0967947096 -0.888667583 -0.448219538 -0.422114015 0.894930422 -0.144635156 -0.357695401 0.93302232 -0.03902971 -0.118766867 0.94881624 0.292646796 0.0214341152 0.58955729 0.807442129 0.0395624079 0.433796793 0.900141776 0.0197293703 0.364486247 0.930999815 0.0163050443 0.603462636 0.797224641 0.0529706255 0.992169857 0.113106422 -0.0763758868 0.935872078 0.34396264 0.00695914449 -0.895277858 -0.445453882 -0.029817244 -0.884202719 -0.466150671 0.0344351865 0.0275792256 -0.999026299 -0.0324302167 -0.273779809 -0.961245537 -0.0510331616 -0.355355799 -0.933336973 -0.0568542518 -0.380668074 -0.922962308 0.0684494302 -0.916254461 -0.394705594 -0.120879367 -0.943426609 -0.308762878 -0.186808601 -0.897876978 -0.3986471 -0.0613712259 -0.972214282 -0.225904912 0.326826692 -0.801496625 -0.50078696 0.511261225 -0.671458662 -0.536428213 0.0315092206 -0.9951213 -0.0934924111 -0.30277124 0.937682092 0.170534283 -0.15090546 0.667229533 0.729405463 0.0727490559 0.99723655 -0.015061873 -0.117524102 0.873682857 0.472087234 -0.215608105 0.841064334 0.4961088 -0.209235489 0.855843723 0.473024249 0.455809802 0.708089769 0.539301634 -0.111189499 -0.864464045 -0.490243554 0.548175454 0.806983232 0.219731003 -0.195272073 0.979216516 -0.0548074208 0.0742855296 -0.973938048 -0.214304492 -0.0212877281 0.17899923 0.983618975 -0.975181162 -0.0685180277 0.210539624 0.787768722 -0.607841313 0.0997460559 0.0389207788 -0.964569628 -0.260942072 -0.291316539 0.781021714 0.55239445 -0.284825206 0.785901368 0.548847497 -0.275094688 0.810784161 0.516673982 0.00407423172 0.99845928 -0.0553389527 -0.781614006 0.613709152 -0.111537181 0.181686088 0.550933897 0.814531744 -0.0563544556 0.997397065 0.0449820533 0.123574905 -0.988620818 0.0857799798 0.122210763 -0.988976002 0.0836128071 0.120314412 -0.989458442 0.0806013122 0.874897718 -0.288689286 0.388860345 0.775051892 -0.118110918 0.620761156 0.857898295 -0.249179706 0.449355096 0.00736853061 -0.890343368 0.455229968 0.00267411512 -0.909758151 0.41512993 0.0061486247 -0.906737268 0.421651214 0.909853041 0.409175277 0.0688699707 0.545336008 -0.837085903 0.0435415097 -0.746015966 -0.333146751 -0.576605082 -0.0136360722 -0.238916993 0.970944285 0.822241545 0.125516653 0.555125475 0.859426081 0.399609119 0.318903178 0.850090206 0.464644939 0.247894526 0.367091894 -0.850076199 -0.3776429 -0.9073928 0.123636231 0.401686728 0.0354146063 -0.689431071 -0.723485053 0.0450308099 -0.682415843 -0.729575753 0.164813891 -0.584125698 -0.79475379 0.27310437 -0.925514221 -0.262369007 -0.69419229 -0.258604288 -0.671729803 -0.694910586 -0.225181848 -0.682929337 -0.6949476 -0.219271794 -0.684812248 -0.854701996 -0.252859414 -0.453372538 -0.860259652 -0.161001146 -0.483768523 -0.860205472 -0.122978747 -0.49489671 0.578317404 -0.419299573 0.699811995 -0.367706954 0.856471062 0.362282932 -0.316560179 0.807664931 0.497460634 -0.408447266 0.884419084 0.225773826 0.00447834842 0.974130034 0.225943729 -0.153819174 0.146316186 0.977205813 -0.123096339 0.201141924 0.97179693 -0.132492661 0.184551194 0.973851383 -0.103794165 0.234745994 0.966499329 0.125391871 -0.988137126 0.088667728 0.894048572 0.291513085 0.340142936 0.807313204 0.344341815 0.479243279 0.872837007 0.306911975 0.379421324 0.175100937 0.936158776 -0.304871231 0.0541083589 0.79450053 -0.604848146 0.169485092 0.914181113 -0.368167996 0.133327365 0.799629033 -0.585506022 0.32375434 0.698013008 -0.638718188 -0.883570731 -0.273224384 -0.380330533 -0.860823452 -0.296187699 -0.413830757 -0.864354551 -0.292783976 -0.40886268 0.20563966 0.929422438 -0.306408703 -0.155119449 0.960636675 -0.23046729 0.0568425059 0.883600771 -0.464778066 -0.0572552793 0.93351841 -0.353928387 -0.0760609135 0.913898528 -0.398753345 0.0498688892 0.883465111 -0.465835214 0.189203247 0.830908656 -0.52325213 -0.125933826 0.98555851 -0.113203861 5.67945244e-05 -0.928821445 0.370527476 0.895746589 -0.416618675 0.15513517 -0.852796614 -0.233141765 0.467314541 -0.807476044 -0.0604468696 0.586795211 -0.839927733 -0.167477697 0.516209841 -0.857905328 -0.273764402 0.434800625 -0.756369174 0.585790098 -0.291128427 0.805895925 0.0792216435 0.586732984 -0.967327118 0.0411797352 0.250165194 0.527548611 -0.512654603 0.677405119 -0.925332367 -0.370964348 -0.0783927515 1.09933089e-05 -0.861099243 0.508436859 1.04725368e-05 -0.861100435 0.508435071 9.47119224e-06 -0.861100733 0.508434474 4.8448419e-07 -0.861104131 0.508428633 0.0414388217 -0.790033281 0.611661911 0.147864595 -0.764604151 0.627309024 0.0884610638 -0.761930406 0.641589105 -0.0181071181 -0.814361811 0.580074906 0.0381463058 0.876445472 -0.47998783 2.91450815e-05 0.861113727 -0.508412302 -0.261172056 0.715373218 -0.648097396 0.149692535 0.908802927 -0.389447421 0.060115274 0.714390874 -0.697159827 0.168838575 0.616822124 -0.768780947 -0.0960034877 0.822573543 -0.560496271 -0.190511271 0.780417919 -0.595527828 -0.711268485 -0.10265664 -0.695383847 -0.179181486 0.957877278 -0.224421382 0.936857045 0.251842618 0.242639989 0.219293371 0.919173777 -0.327154398 -0.488546431 0.866081953 0.105945334 -0.533906639 0.840661287 -0.0907318518 -0.538920283 0.833676457 -0.120617181 -0.553198576 0.799792767 -0.233029708 0.0052270703 -0.883345783 0.468692571 -0.896382391 -0.259068042 -0.359697551 -0.0827567354 -0.765220702 -0.638426781 0.769200683 0.61131233 -0.186085239 0.501045883 0.44479987 -0.742365241 -0.994061649 0.101766236 -0.0385370664 -0.338026196 0.41767019 0.843380034 0.848254681 -0.293723792 -0.440670401 -0.332471967 0.569107234 -0.752050161 -0.69404 -0.262807041 -0.67025435 -0.853081465 -0.267223835 -0.448155493 0 -0.861104429 0.508428216 -1.98655107e-06 -0.861104667 0.508427858 -0.678033352 -0.64596957 -0.350705415 0 -0.86110431 0.508428335 -0.253896028 0.734899282 0.628855824 -0.068404749 0.109243251 -0.991658509 0.316397429 -0.397866845 -0.861158848 0.354527831 0.498205304 -0.791265786 -0.919996977 0.333199441 0.20635809 0.00476441113 -0.998250008 0.0589430742 0.00925641786 -0.998554528 0.0529439002 0.0115423454 -0.998688042 0.0498895831 -0.223899662 0.901889801 -0.369410008 -0.230243251 0.909088135 -0.347198367 -0.217436969 0.894178152 -0.391364992 0.90045923 0.434180707 0.0256915726 0.720448911 0.683419168 -0.117862143 0.712874293 0.693269193 -0.105774067 0.651441097 0.758507252 -0.0170642398 -0.984937906 0.152941436 0.0806612819 -0.973840594 0.227151185 -0.00606337003 -0.974719882 0.0255876686 0.221960589 0.952081978 0.305816382 0.00403293641 0.947228074 0.320000648 0.0189317875 0.943653703 0.330878377 0.00611179555 -0.73648417 0.667762041 -0.108096443 -0.732718706 0.670904994 -0.11406064 -0.668382406 0.71469146 -0.206109166 0.965239584 0.255393863 -0.0555557199 0.947880685 0.227579281 0.223002106 0.958285511 0.272345126 0.0867011473 0.00651410874 0.523026168 0.852291763 0.00283070328 0.518017888 0.855365098 0.00457065739 0.520386815 0.853918493 -7.1728442e-05 0.51405412 0.857757747 -0.937529445 -0.103285924 0.332220733 0.758333683 0.625387251 -0.183904305 -0.952001393 0.293550491 -0.0867258683 -0.0152316792 -0.00983528607 -0.99983561 -0.0970010683 -0.0192163121 -0.99509877 -0.0602646433 -0.23009637 -0.971300066 -0.0465334989 -0.318844169 -0.946664214 0.0274791401 -0.250333101 -0.967769682 0.764967144 -0.564845264 0.30947569 0.818208575 -0.56860894 0.0849625915 0.72690922 -0.553070247 0.407082617 0.0317267179 -0.289635092 -0.956611156 -0.124699272 0.799370944 -0.587755203 -0.121238649 0.872164667 -0.47395134 -0.119801246 0.890530288 -0.438866138 0.826405466 -0.563022614 0.00772115495 -0.0560433529 -0.358082682 -0.932006359 -0.843217313 -0.481058568 0.239931643 -0.894102395 0.175448805 -0.412066281 -0.11457517 0.935808957 -0.333367884 -0.234815732 0.914035201 -0.330758542 -0.786897659 0.616778553 -0.01939773 0.00664461032 0.120926358 -0.992639184 0.391014159 0.347627759 -0.852210581 -0.472042024 -0.195737571 -0.859571457 0.776018739 -0.361028373 -0.517158985 0.0161912795 -0.99891454 0.0436750315 0.23491469 -0.897268414 -0.373797148 0.762057126 0.0137705905 -0.647363305 -0.790013015 0.309115857 -0.529459 0.685268521 -0.212763339 -0.696519017 -0.89064014 0.443071365 0.102214903 -0.879079759 0.468128234 0.0898591429 -0.901124299 0.418259054 0.114167906 -0.328872949 -0.170402572 0.928873301 0.0939394906 0.661649704 -0.743905246 -0.0895966589 -0.776309669 0.623951793 0.144776464 -0.778627396 -0.610556483 -0.841061473 0.533872187 0.0871564597 -0.946519911 0.258850366 -0.192604989 -0.69149524 -0.716032982 0.0955570415 -0.718577385 -0.691485524 0.0741237476 -0.714872479 -0.694988549 0.0771252587 0.287116736 -0.84120065 0.458197981 0.642364383 -0.699078441 0.314097762 0.38492474 -0.842861533 0.376054972 -0.0913135111 -0.995232046 -0.0342791714 -0.0725046545 -0.996175349 -0.0487628542 -0.328120887 -0.941609681 0.0755508989 -0.479911298 -0.868929267 0.121025354 -0.148113817 0.45543924 0.877859592 -0.0267882533 0.402689606 0.91494453 -0.023877373 0.401333511 0.915620685 0.671310604 0.294412225 0.680193722 -0.179858327 0.802965879 0.568240106 -0.0887123346 0.840821981 0.533993065 -0.0925768241 0.839410484 0.535555482 0.380258322 -0.0249387026 0.924544036 0.378492147 0.829471946 0.410755455 0.51025033 -0.832156777 0.217162862 -0.0132015757 -0.999681115 -0.0215268191 0.48061806 -0.866892993 0.132298857 0.0234405883 0.87448585 0.484484404 0.56975311 0.168046609 0.804451287 -0.789778471 0.607072949 -0.0878204107 -0.788216352 0.61103344 -0.073165223 -0.849607408 0.474670559 0.229902253 -0.760675848 -0.0917141438 -0.642620206 -0.354395032 -0.928260982 0.112852842 -0.256782025 -0.957897246 0.128435791 -0.318405747 -0.940479696 0.118809491 0.833684385 -0.520653725 0.184092566 0.950891137 -0.211023062 0.22644043 0.169069633 -0.783481658 0.597973228 -0.110920429 -0.982667685 0.148529276 0.515796363 0.834385812 0.194304764 -0.347581446 0.93752557 -0.0152620319 -0.222480237 0.940740645 -0.255948335 -0.0886409879 0.979848623 -0.17899543 -0.201924548 0.948431611 -0.244343966 -0.98433882 -0.15370737 0.086320661 -0.924451113 -0.362700194 0.117638208 -0.872232676 -0.428564698 0.235674396 0.603761673 0.740527213 -0.295112699 -0.676749706 0.156305775 -0.719429135 0.359983683 0.92521441 -0.119959116 0.877888262 0.467281282 -0.104691803 0.870358407 -0.464316726 -0.163970113 0.869392276 -0.464211136 -0.169307813 0.869722188 -0.464248419 -0.167501435 0.870531857 -0.464334518 -0.162995681 -0.846942246 0.4274562 0.316180497 -0.784696281 0.616544425 0.0642234758 -0.870863616 0.207770631 0.445452482 -0.992160201 0.124965571 0.00134898652 0.198307037 0.904967248 -0.376442105 -0.156525359 0.458819211 0.874634087 -0.720942736 -0.265735447 -0.640020549 -0.15786688 -0.665536106 0.729479074 -0.596359611 -0.524338067 0.607803166 -0.981514752 -0.106833026 0.158794105 -0.660239577 0.729129851 -0.180148095 -0.716139674 0.617979884 -0.324414551 -0.767408848 0.492656469 -0.410333127 -0.676354289 -0.523659825 0.518001199 0.406996131 0.699157178 -0.587820828 -0.309165567 -0.945022166 0.10653571 -0.93023026 -0.310835779 0.19507122 -0.176174745 -0.502609372 0.846372426 0.463508397 -0.143592 0.874380529 -0.977574468 -0.0299103335 0.208454862 -0.30683291 0.327496022 0.893644214 -0.352646798 -0.513627708 0.782193542 -0.0636972189 -0.993937433 -0.0896168724 0.933455348 -0.312608331 -0.175889656 0.92679584 -0.332633287 -0.174369082 0.934654713 -0.325744659 -0.142516837 0.903204679 -0.428985029 0.0138950516 0.930061817 -0.355086803 -0.0943307355 -0.906184614 -0.422240674 -0.0232853331 -0.923365474 -0.379652917 0.057094574 -0.92440933 -0.377228498 0.0562679991 -0.885285974 -0.459431916 -0.072048828 -0.661996543 -0.65522337 -0.363927126 -0.830078721 -0.470911145 0.298683763 -0.0744901448 0.982508242 -0.170671389 0.899761379 -0.416456133 0.130360261 0.771893263 0.635723472 -0.00603060191 0.962649524 -0.138448969 0.232675329 0.0559643544 -0.982052028 0.180115953 -0.870984256 0.484481454 0.0816339776 -0.221791655 0.600964069 0.767887175 -0.333736062 -0.663259327 -0.669856191 0.607511699 0.78581804 -0.115843147 0.879348397 0.475893885 -0.0164756849 0.647837937 0.754580498 -0.104470961 0.883139431 0.46888724 -0.014476344 0.807218134 -0.540234327 0.237793386 -0.89870739 -0.389522016 -0.201488376 -0.0644618869 0.962565422 -0.263272464 -0.0279152375 0.965519845 -0.258828282 -0.48876521 0.823757052 -0.287285358 -0.695076823 0.609736025 0.380907089 -0.728389144 0.566148341 0.385908425 -0.831521153 0.391429782 0.394151419 0.069505401 -0.621059477 -0.780675411 0.875801325 0.177996114 0.448652864 0.00390625373 0.991837382 -0.127449214 -0.994510651 0.104092181 -0.0106504839 -0.194437042 0.655699193 0.72955662 -0.988321364 0.149850458 -0.0276706293 -0.688600719 -0.71851778 0.0977813974 -0.808057547 0.574415267 0.130729124 -0.559642971 0.826833785 -0.0560859814 0.95691669 0.239753097 -0.163795292 0.900856972 0.43164143 -0.0462852642 0.904038429 0.423035353 0.0612838976 0.855515897 0.513603508 -0.0656037927 0.856510282 0.494691551 0.147208735 0.883456588 0.420365095 -0.206875831 0.793778181 0.580113351 -0.182714835 -0.578054905 0.764800251 -0.284487456 -0.731529295 -0.680660963 -0.0395665541 -0.535648763 0.769373834 0.348057926 0.922486842 -0.233460501 0.307431668 1 5.35793151e-05 0 0.93257153 0.242529511 -0.267375737 -0.707004905 0.162110046 0.688377976 -0.65665096 0.753348172 0.0357215181 -0.596825182 0.798780143 -0.0758290589 -0.691049039 0.71401453 0.112402968 -0.0778296068 -0.838871419 0.538736701 -0.0200686306 -0.820311904 0.571564317 0.0819287226 -0.782436013 0.617318034 0.763116598 -0.49062264 -0.420645475 0.789830744 -0.194530606 -0.58165735 0.757223606 0.133926958 -0.639277697 0.777513027 -0.324429899 -0.538719535 -0.756531537 0.448405474 0.476017296 -0.0611109883 0.98896116 0.134986967 -0.191380441 -0.871857047 0.450820059 -0.151902616 -0.713885963 -0.683587849 -0.142546192 -0.708803356 -0.690853298 0.0496817268 -0.581979692 -0.81168431 0.527306676 -0.82286489 -0.211756945 0.543644071 -0.748502553 -0.379730374 0.542756498 -0.662223101 -0.516600311 -0.805641711 0.553043067 0.212332025 -0.754938364 -0.357685238 -0.549662948 0.635788143 0.247822061 -0.730997741 -0.765062928 0.42094481 0.487323552 -0.752849936 0.450305372 0.480043739 -0.764712512 0.421821564 0.487115204 0.0155314449 0.914481461 -0.404329538 0.879787028 -0.377004832 0.289555103 0.87430197 -0.406796694 0.264787704 0.873949051 -0.408311665 0.263618439 0.927210927 0.251634538 -0.277416229 0.962699413 -0.203888133 0.177875042 -0.176173761 -0.689169347 0.702857435 -0.261197299 -0.650586784 0.713100791 -0.442216843 -0.63111788 0.637286842 0.77221626 0.184527934 0.607973278 0.888141394 -0.286953032 -0.358974785 -0.767672658 -0.46548456 -0.440457493 -0.572302938 0.811767399 -0.11620304 -0.0777546167 -0.838021159 0.540069163 0.99906379 0.0153261963 -0.0404567495 -0.0338775963 -0.533427656 -0.845166922 0.77614069 0.431411594 0.459880054 0.924883008 0.220343396 -0.309903473 -0.746771574 -0.258996725 -0.612578988 0.026151279 -0.349267066 -0.936658263 -0.0624404661 0.724943995 0.685971975 -0.0464378037 0.70573318 0.706954122 -0.0450317562 0.704012215 0.708758771 0.745864809 0.178835988 -0.64164114 0.0917272046 0.695184529 -0.712954819 -0.101737484 0.785109878 -0.610943556 0.0478086323 0.685918152 -0.726106465 -3.36394151e-05 -0.861089885 0.508452773 -1.02369831e-05 -0.861098766 0.508437812 3.15575403e-06 -0.861104131 0.508428693 9.30059343e-07 -0.861103892 0.50842905 -1.74580036e-05 -0.861098588 0.50843817 0.929011524 -0.350060314 -0.119980715 -0.569957674 -0.459696054 0.681048989 0.0192592181 -0.99981451 -0.000123076432 -0.0491234548 -0.998695731 -0.0139158089 -0.0193530694 -0.999661446 -0.0173916016 -0.13166368 -0.987504363 -0.0866010189 0.491847128 -0.870103955 -0.0317125544 0.0521737225 -0.998342097 -0.0243110973 0.441685498 0.201887146 0.874159932 -5.01449858e-06 -0.861104727 0.50842756 0.526194215 -0.839221895 -0.137208566 0.699112117 -0.632509112 -0.333428293 0.691034496 -0.646721661 -0.322835058 0.0268567409 -0.770599484 0.636753619 0.512058079 -0.850090384 -0.123056382 -5.26932454e-05 -0.861076713 0.508475125 -6.40959915e-05 -0.861074328 0.508479118 0.784094393 -0.611632705 -0.105363533 0.357874364 0.655261874 -0.665250182 0.00320476154 0.793589592 -0.608445048 -0.364717335 -0.798482597 -0.478964478 -0.77264291 0.401412994 0.491823643 0.764497876 -0.332783014 -0.552085638 -0.162771553 0.912777126 -0.374624223 -0.977645278 0.127759948 -0.16699411 -0.763458252 0.609257698 0.214328021 -0.0395245291 0.697220385 0.71576637 -0.214963362 0.927287698 -0.306476951 0.118049242 0.944416881 -0.306824118 -0.313093841 0.90249455 -0.295762926 0.138699934 0.738301933 -0.660054922 0.192977116 0.894597769 -0.403056622 0.0553638935 0.972586334 -0.22585538 -0.612434089 0.771562636 -0.172091097 0.680310726 0.339662164 -0.649466693 0.0673895702 -0.169050604 0.983300805 -0.132236987 0.40392828 0.90518254 0.853182495 0.4552477 -0.254615873 0.309445769 0.9437114 0.116842166 -0.00147595746 0.882278681 -0.470725149 -0.129022285 0.836177111 -0.533067644 -0.0222738069 0.876104712 -0.481606036 0.0131959477 0.886321306 -0.462882668 -0.293170005 -0.817505956 0.495716989 -0.241314903 -0.813766956 0.528725386 -0.333303511 -0.818268299 0.468343616 0.592607319 -0.804630041 -0.0372444279 0.0915088803 0.782617748 0.615739882 0.0325696021 0.816226065 0.576813877 0.00737271458 0.829040647 0.559139609 0.889421284 -0.401937276 -0.217660621 0.879057109 -0.416255474 -0.232357368 0.886621237 -0.41658771 -0.200891525 -0.656794131 -0.0533749945 0.75217855 0.132486507 0.750377715 -0.647596002 0.112282872 0.747362196 -0.654860497 0.195779651 0.58131212 -0.789776266 0.455895066 -0.890000165 0.00771358144 -0.569845915 -0.819575071 -0.0597681589 -0.617413878 -0.698503852 -0.361790687 -0.115443245 -0.449576259 0.885750592 -0.420550317 -0.561589241 0.712569118 -0.0938424245 -0.442745745 0.891722918 0.0456167608 -0.942283988 0.331692457 0.151687354 -0.945062101 0.289566308 0.139257506 -0.943548977 0.30053708 0.109369062 -0.938868821 0.32644093 -0.710772574 0.179403692 0.680159271 -0.675120354 0.240699247 0.697335243 -0.723988891 0.154590085 0.672266185 0.16416277 -0.949667871 -0.266798675 0.15728417 -0.963596165 -0.216203898 0.161406487 -0.955683172 -0.246206567 -0.0300548431 0.985547006 0.166714594 0.0145441582 0.805687606 0.592161953 0.0189154502 0.777656734 0.628404558 -0.456230193 0.0826685429 -0.886013508 0.0210746955 -0.810893059 0.584814787 0.222608224 0.94510293 -0.239219576 0.00641624676 -0.392057598 0.919918299 0.94761622 0.0280998517 -0.318172753 0.218907371 -0.775900126 0.591657579 0.078794688 -0.478116095 0.874755025 0.060635414 -0.49773404 0.865207613 0.962527335 -0.233285666 0.138271242 0.996479332 0.00296592363 0.0837862343 0.978960514 -0.163095504 0.122621976 0.711865127 0.010701959 -0.702234745 0.334585816 0.611078858 -0.717380583 0.283281028 0.652135253 -0.703186691 0.48642841 0.46334219 -0.740743816 0.0938787982 -0.653319299 0.751239479 0.103090569 -0.470266581 0.876482546 0.26056847 0.808998942 -0.526901186 0.662968397 -0.616618991 0.424563229 0.923893392 -0.326854587 -0.198965296 0.779695272 -0.620829701 -0.081521526 0.0646605566 -0.997904837 -0.00219446723 0.0465832204 -0.976480484 -0.210513145 0.00703113526 -0.99669975 0.0808717161 0.0315365307 -0.42892316 -0.902790308 -0.360234141 -0.893640518 0.267652899 -0.161836237 -0.949088275 -0.270259976 -0.145412967 -0.977029681 -0.155782253 -0.125453264 -0.991639555 -0.0302089304 -0.873779893 -0.456988841 0.166342959 -0.886903822 -0.414027572 -0.204896554 -0.886730492 -0.408821076 -0.215810463 -0.884563923 -0.4196648 -0.203538895 0.873780012 -0.456988335 0.166343182 -0.886715889 0.459735423 -0.0487670116 0.0313969292 0.469422281 0.882415473 -0.0170030538 0.362642467 0.931773245 -0.0182771124 0.358817279 0.93322891 0.0398002826 0.49515146 0.86789453 0.0670483112 0.532865942 0.843539178 0.480935276 0.176566184 -0.85879308 -0.222552627 -0.751137912 0.621499836 -0.801081061 -0.534074724 -0.270246834 -0.938546836 -0.336836785 0.0753057748 -0.935474992 -0.330215991 -0.125872716 -0.920906126 0.355632097 -0.159554467 -0.304844946 -0.849138677 0.431315601 -0.220973775 0.975277543 0.00206874125 -0.216684431 0.969403684 -0.115344338 -0.135824725 0.990484357 -0.0221882723 -0.128950492 -0.456937283 0.880102336 -0.0171688367 -0.552416682 0.833391249 0.945240736 0.169334412 -0.279008716 0.406805784 0.851312816 -0.331323862 0.364938021 0.920931458 -0.136768267 0.362293065 0.923455 -0.126390457 -0.687817633 0.722670019 -0.0682261139 -0.530921698 0.84740752 -0.00476121809 -0.600036085 0.799112976 0.0370834842 -0.0690496862 0.92574507 -0.371790618 -0.0796313807 0.93815589 -0.336930811 -0.0780384019 0.945151925 -0.317171663 0.205187827 0.800257742 0.563458443 -0.921518683 -0.103185669 0.37437427 -0.196347997 -0.492719829 -0.847746789 -0.00994754955 -0.527822077 -0.849296749 -0.0564695634 -0.624658704 -0.778853416 0.312283695 0.948824286 0.0470268875 0.925729871 -0.273663551 0.261021942 0.773052514 -0.567846239 0.282737494 0.895113468 -0.35504967 0.269650787 -0.171122432 0.983752429 -0.0542970598 -0.0247644223 0.962962627 -0.26849544 -0.0964128673 0.981359482 -0.166246921 -0.897997975 0.318402261 -0.303677052 0.222229451 0.802719235 -0.553403914 0.108895324 0.783292651 -0.612041235 0.0695959628 0.879713953 -0.470382631 -0.680001915 -0.00181348529 -0.73320806 0.389172763 0.200933218 0.898982942 -0.989988208 -0.0651452839 -0.125218004 0.0671816468 0.226055682 0.971794963 0.920944035 0.355113834 -0.160487518 0.952811956 -0.297603756 0.0598454326 0.987055779 0.157710299 0.0291285515 0.348308533 0.937113583 0.0223421734 -0.361376733 0.925514042 -0.11327222 -0.362037987 0.924940109 -0.115820438 -0.304748207 0.949180365 0.0786450133 -0.816212356 -0.576998353 0.0295002256 0.872310758 0.0376562402 0.487499654 0.833952546 0.00908813532 0.551761329 0.822044611 0.0118253268 0.569300294 -0.10024187 -0.276018769 -0.955910623 -0.437075496 -0.0336153656 -0.898796439 -0.225026637 -0.123529479 -0.966490328 -0.653750658 -0.574415565 0.492602021 -0.176165953 -0.984149992 -0.0203579646 -0.585735023 0.804310679 -0.0999942198 -0.383484304 0.922537804 0.0431717224 -0.551107585 0.833468854 -0.0401265994 0.654104114 -0.736621141 -0.171863496 -0.0132678393 0.997232914 -0.0731466338 -0.332903087 0.939220905 -0.0839026272 0.925631642 -0.342192799 0.161586076 -0.985797882 0.108226337 0.128411025 -0.662603736 0.360776126 0.656351209 0.334503204 -0.224107727 0.915359616 -0.922733605 -0.252205938 -0.29147017 -0.867881775 -0.258625746 -0.424139142 -0.946785867 0.122152336 -0.297783822 -0.974753618 0.0962410271 0.201477051 0.668823659 0.117119201 -0.734137595 0.84132272 -0.401861727 -0.361501426 0.303571045 -0.940146029 -0.154822811 -0.133246854 -0.0547993742 0.989566684 0.366728306 -0.889518082 0.272521764 0.849550784 -0.298225075 0.435115337 0.125166416 -0.807744384 -0.576092422 0.272902697 -0.821685493 0.500356913 0.308241129 -0.823477864 0.476310372 0.201368362 -0.813682258 0.545318246 0.498691499 -0.475077838 -0.724988043 -0.0759740546 -0.957822263 -0.277136058 -0.0644321591 -0.997917056 -0.00316873239 -0.0461285226 -0.976447642 -0.21076557 -0.377935559 -0.816790879 0.435909778 -0.207284808 -0.977418423 -0.041063223 -0.00728831021 -0.996813715 0.0794319287 -0.957290113 -0.238250002 0.163806722 -0.0251992848 -0.947350025 -0.319206744 -0.00547522726 -0.992222667 -0.124355808 -0.0227138605 -0.986619115 -0.161452234 -0.65504694 -0.030294884 0.754980683 0.154277071 -0.968620479 -0.194866687 -0.0179603025 -0.924058497 -0.381829113 0.0169384312 -0.994705379 -0.101362288 0.156001091 -0.165491968 0.973794699 0.178855926 -0.400799215 0.898537993 0.164282039 -0.241095543 0.956495881 0.131114334 0.0280036163 0.990971565 -0.127443254 0.150743037 0.980323792 -0.158179417 0.167634502 0.973076463 -0.0354569964 0.0966835842 0.994683385 -0.303138584 0.227343261 0.925430775 -0.054639522 0.102793328 0.993200839 -0.156519279 0.0627471283 0.985679686 -0.0153371664 0.0642689988 0.997814715 -0.190288126 0.0697369576 0.979248226 -0.155444458 0.158383727 0.975064874 0.306259453 -0.853864074 0.420857936 0.236420825 -0.868233502 0.436206222 0.168046206 -0.877698779 0.448782146 0.137223512 -0.880532086 0.453687966 0.0577706955 0.291608304 0.954791665 0.0502144955 0.231063187 0.971642017 0.266550481 0.68200928 0.681039095 0.0676103905 0.870579779 -0.487359732 0.0957641974 0.902485609 -0.41993925 -0.414254248 0.900564134 0.13182421 0.146090493 0.746876597 0.648716271 0.878180683 -0.403582066 -0.256749094 0.884920478 -0.416351616 -0.208727315 0.88673079 -0.408842921 -0.215768024 0.886903584 -0.414041817 -0.204869181 0.325947523 -0.837140322 0.439265668 0.383298814 -0.895389438 0.226627037 0.4274683 -0.902536988 0.0519413128 0.87803489 -0.402058333 -0.259622186 0.902603745 -0.385796517 -0.190964714 0.0663241968 0.917759955 -0.39155817 0.735258639 0.47287181 0.485578984 -0.22060582 0.923592448 -0.313544363 -0.0990594774 -0.966049314 -0.238612413 -0.317016333 -0.948355019 -0.0111072538 -0.119554237 -0.547254205 -0.828383625 0.48926428 -0.805224776 -0.335012674 0.481791943 -0.565611243 -0.66929847 0.495592088 -0.686917722 -0.531537831 -0.834345222 -0.549556613 0.0430744439 -0.00227115559 -0.605756938 -0.795646489 -0.0487670414 -0.614179909 -0.787657917 -0.0555856973 -0.89930445 0.433776021 0.0281456076 -0.940236866 0.339355797 -0.0610672198 -0.89605248 0.439728051 -0.242607132 -0.570794642 0.784433126 0.0613719113 -0.997776628 -0.0259866323 0.0660180226 -0.997393489 -0.0291157532 0.0404913165 -0.999155998 -0.00690055871 0.204969257 -0.948586762 0.24118562 -0.16732958 0.821591735 -0.544965923 -0.0970555544 0.925888181 -0.365118355 -0.363602668 -0.311642796 -0.877879202 0.227137148 -0.589838982 -0.774918497 0.122254364 -0.874218583 -0.469889164 0.103562564 -0.873881221 -0.474980503 0.0979560018 -0.873716235 -0.476470888 0.293965518 0.113846138 -0.949011803 0.0751904175 -0.574953616 -0.81472379 -0.156645864 -0.605833054 -0.780018151 -0.0466020443 -0.995877326 -0.0778234527 0.964372814 -0.0453636944 -0.260628283 -0.426360071 -0.55285114 -0.715941727 0.124424145 -0.916101277 -0.381152183 0.317899197 -0.872941732 -0.370017409 0.0688071102 -0.921770751 -0.381581187 0.0911499783 0.0970191061 0.991099834 -0.0115298377 0.227570578 0.973693371 0.0636723563 0.132541984 0.98913008 -0.315407753 0.189567044 -0.92982918 0.559097946 -0.67856586 0.476400971 0.113936327 0.0672288314 0.991210759 -0.0546252131 -0.884664237 0.463017583 0.0917585567 -0.836184978 0.540716946 0.0203390736 0.768113554 0.639990568 -0.949766815 -0.268572778 0.160660043 0.588224411 -0.10770651 -0.801493168 0.117851764 -0.9197613 -0.374366134 0.337199897 -0.803282976 -0.490950793 0.206821114 -0.907268405 -0.36618188 -0.114381172 -0.77300185 0.624007344 0.211503848 0.691891551 -0.690327704 -0.00153095764 0.992564499 -0.12170995 0.0250016414 0.995406151 -0.0924210399 0.0325190537 0.988653779 0.146649867 0.0232803337 0.999540448 -0.0194150787 0.0350734219 0.992564082 -0.11656075 0.0415491164 0.99655968 -0.0717113093 0.0978508219 0.995102167 -0.0140377693 0.180120409 0.97722882 -0.11216265 0.220487475 0.971120656 -0.0911592394 0.962231755 -0.203202173 0.181159705 -0.55869472 0.813959181 -0.159156486 0.748026311 0.419931501 0.513920248 -0.954754233 0.27502659 0.113157585 -0.656198859 0.270481467 0.704445124 0.168277889 -0.796380579 0.580913544 -0.978533566 -0.182779655 0.0952029005 0.545368075 -0.565070748 -0.6190871 0.509213507 -0.628847122 -0.587582231 0.4656398 -0.483413428 -0.741276622 -0.0479768179 -0.933545589 0.355233639 0.564252675 0.736751437 -0.372580588 0.0241303686 -0.0221658759 -0.999463081 0.0418040492 0.346741617 -0.937028587 0.0226319246 -0.0503970794 -0.99847281 -0.0785407126 0.996538103 0.0272612609 -0.0705260187 0.997121692 0.027825959 -0.0241545867 0.999225855 0.0310515556 -0.00298798573 0.999467254 0.0325003788 -0.757585108 0.639072359 0.132857889 -0.480308801 0.864717901 0.14685531 -0.181621999 0.980457544 0.0756078735 0.0208105724 0.806441784 -0.590947092 -0.636774182 -0.691910267 0.340263069 -0.738930285 0.0621293932 0.670911431 -0.755466402 -0.556786776 -0.345338911 -0.742119789 -0.585987091 -0.325388014 -0.801445305 -0.52812463 -0.280659407 -0.541378498 -0.829237461 -0.138832822 -0.429785997 -0.902329624 -0.0329446606 -0.450297743 -0.891385078 -0.0516192205 0.264230967 -0.449040741 -0.85354811 0.270348936 -0.445180923 -0.853654146 0.333864033 -0.403153419 -0.852057517 -0.596208692 -0.77866143 -0.195503235 0.09209764 -0.659395933 0.746133447 -0.908282399 -0.353839964 -0.223205075 -0.812112212 -0.434989363 0.388919175 -0.0116896005 0.993743002 0.111076936 -0.0644899607 0.975020766 -0.212545618 0.022913333 0.955605507 0.293756992 0.00489116646 0.958154738 -0.286209136 0.0900304243 0.923968136 0.371722162 0.167291403 0.982976139 -0.0759702995 -0.22385487 0.958325326 -0.177487433 -0.210803568 0.620338202 0.755474925 -0.260462731 0.602415025 0.754490137 -0.36507535 0.55803746 0.745194077 -0.110288285 0.874677002 -0.471992165 0.0624951236 0.794557273 0.603964388 0.0957285985 -0.995245636 -0.017952444 0.0526969433 -0.998217463 0.0280158073 0.0126277627 -0.999271512 0.0360149033 -0.0651379526 -0.980122387 -0.187395662 -0.0517145321 -0.992820978 -0.107853346 -0.108404227 -0.99175185 0.068388097 0.787598252 -0.0248310063 0.615688503 -0.0801983923 0.996778131 -0.00127126975 -0.223306417 0.970295191 -0.0930666625 -0.182332262 0.976655781 -0.113570958 -0.0269412939 0.996572793 -0.078210406 -0.028678827 0.982985377 -0.181430906 -0.082512781 0.979034901 -0.186231852 0.000973119575 0.992555678 -0.121787533 -0.0720094219 0.871198893 0.485620379 -0.150231406 0.980055153 -0.130085856 0.0303873084 -0.831177413 0.555176318 0.0447191559 -0.816011548 0.576303244 0.0209841002 -0.830244422 0.557004511 0.255175918 0.715147972 -0.650729358 -0.497225612 -0.490346342 -0.715770245 0.0764864087 -0.957836211 -0.276947081 0.376118273 -0.822600901 0.426453859 0.207168594 -0.977482975 -0.0401038267 0.228842258 -0.470743567 -0.852074981 -0.168817908 -0.912300348 -0.373106688 0.0426387824 0.366393983 -0.929482341 0.0645921752 0.976149082 -0.207270011 0.0104509126 0.993317485 0.114940055 0.012373588 0.999923229 -0.000706977095 -0.00417999038 0.959905386 -0.280292958 -0.0973120481 0.929589748 0.35551843 -0.313790202 0.948075533 -0.0518500283 0.148238197 0.862447083 -0.48395291 0.0347590037 0.145133212 0.98880136 0.114538416 -0.115629151 0.98666662 0.22017239 -0.175467536 0.959549487 0.158713028 -0.142725021 0.976954341 0.224978954 0.95907104 -0.1719511 -0.19263421 0.313026398 -0.930003405 -0.101558842 0.986274481 0.130185515 -0.106982648 0.929962993 0.35174346 -0.00149067258 0.98881495 0.149139822 0.00789958425 0.997697353 0.0673615187 0.0507261716 0.997564018 0.0478841029 0.0424830578 0.990715861 -0.12914069 0.025188284 0.975844145 -0.217010796 -0.133227691 0.013016698 0.990999997 -0.132008806 0.0216881223 0.991011322 -0.130257934 0.0340173282 0.990896463 -0.135198087 -0.00115982175 0.990817904 0.0129367905 -0.712689877 0.701359868 0.117899105 -0.0387164056 0.992270529 -0.116546221 0.649157941 0.751672089 -0.904959619 0.0160059221 -0.425196499 -0.879232943 -0.42180869 -0.221420199 -0.878051043 -0.402220309 -0.259316653 -0.890042126 -0.400859922 -0.217109084 -0.868566573 -0.446129084 -0.215780035 -0.871619701 -0.439155012 -0.217765853 -0.904005051 -0.383079618 -0.189801916 -0.887052596 -0.415822744 -0.200572103 -0.462559223 -0.885852456 0.0361148454 0.130634427 0.152497426 0.97963208 -0.145555824 -0.00139431155 0.989349067 0.0410173051 0.0995479152 0.994186938 -0.146394253 -0.00157723168 0.98922503 -0.0485767275 0.0501208641 0.997561157 0.0532059856 0.102080323 0.993352294 0.161662608 0.169540748 0.972173452 0.307614714 0.229543045 0.923408508 0.158912688 0.160196796 0.974209249 0.00858284906 0.999799788 -0.0180771686 0.0778043717 -0.996359885 -0.0348336212 0.0763849989 -0.99651891 -0.0333980955 0.06948293 -0.997123837 -0.0302645043 0.0407743901 -0.461885214 -0.886002004 0.104019612 -0.458768189 -0.882446408 0.033103954 -0.46102649 -0.886768699 0.131985575 -0.542905986 -0.829356849 0.0971941948 -0.37111932 -0.923484623 4.25298676e-05 -0.499945253 -0.866056979 0.837246239 0.128026038 -0.531627715 -0.490594864 -0.64996177 -0.580402017 -0.157758012 0.691566527 0.704874635 -0.367735714 0.846984386 0.38391152 -0.291917086 0.802942574 0.519680262 0.365368545 0.930247843 0.0338349417 -0.0871147141 0.619435847 0.780198872 -0.93700695 -0.28380537 -0.203648403 0.175743282 -0.981156528 -0.0802888423 0.932414472 -0.318799973 0.170205325 0.0495936237 0.987555087 -0.149249732 0.991400182 0.0728511214 -0.108711876 -0.602286279 0.504835427 -0.618378937 0.745530248 -0.580588996 0.327262849 -0.106884591 -0.962612987 -0.248901471 0.00336877722 -0.997877717 -0.0650279522 -0.0855964199 -0.972398877 -0.21705696 0.0251407661 -0.998844385 -0.0409623533 0.927770257 0.0586454794 -0.368514597 -0.556277931 -0.741195083 0.375745475 0.221019283 -0.972237945 -0.0768367723 -0.276133806 -0.781479001 -0.559500456 0.00861848518 -0.998933792 -0.0453536473 0.949051142 -0.271003723 0.160806715 -0.510626793 -0.640310407 0.573814392 -0.495710701 -0.681669295 0.538142979 0.734593272 0.678470433 -0.00710807135 -0.0900361016 0.86419642 0.495033413 -0.0530032106 -0.607034385 0.792905867 0.292498827 0.714734852 -0.635294139 0.695658684 0.697115898 0.173460439 0.775713682 0.614397228 0.1441679 0.750172436 0.643014669 0.154186547 0.686956227 0.704987526 0.176306039 0.760568142 -0.521189928 0.387165457 -0.401021898 -0.779005826 0.482007474 -0.375356823 -0.745513678 0.550741971 -0.36119774 -0.726388514 0.584718645 0.591954768 0.791615307 -0.151442245 0.59552443 0.800196826 0.0709621087 0.5857777 0.806090474 -0.0841582194 -0.231642053 -0.537465751 0.810846746 -0.0881705284 -0.441109002 0.893111885 0.0534260385 -0.450973511 0.890936852 0.49009499 0.807075858 0.329295248 -0.972389817 0.0430170372 0.229363516 -0.0258729681 -0.775049806 0.631370187 0.0840094239 -0.0524205007 0.99508518 0.0910819918 -0.0386896878 0.995091558 -0.416660637 -0.759179056 0.500041187 0.0659008697 -0.153185174 0.985997677 -0.0242593754 -0.274785072 0.961199641 0.0256422982 -0.208189443 0.977752268 -0.361134917 -0.259491324 -0.895681798 -0.156690136 -0.442891747 0.882776976 -0.782169759 0.606032431 -0.144690424 0.0708752051 -0.87250793 -0.483432084 -0.475605398 -0.813252687 0.335290164 -0.506061971 0.0746367052 0.859261692 0.596532106 -0.7528193 0.278230816 -0.0131585179 -0.995441318 0.0944633186 -0.308550239 -0.940180063 -0.144423261 -0.217287332 0.0145000285 0.976000011 0.998369217 0.0500909016 -0.0273834467 -0.661121845 0.0110647175 -0.750196934 -0.592882276 -0.244726107 -0.767202556 -0.665698647 0.0385540798 -0.745223999 -0.681774199 0.199978024 -0.703699291 0.0138906892 0.973476708 0.228364035 -0.00137745996 0.985560536 0.169317469 -0.0202598926 0.995236754 0.0953588411 0.077305235 0.984824061 -0.155387983 -0.361760527 0.216432095 -0.906800032 -0.322896302 0.211397901 -0.922523141 -0.425009072 0.223954275 -0.877047241 -0.315166533 0.210360959 -0.925428689 -0.902183831 0.365529388 -0.229025245 0.0192165412 -0.999347746 -0.0305720195 0.611547589 -0.72946173 -0.306423128 -0.588477135 0.161204666 -0.792280078 0.528526068 -0.819202304 -0.222638503 0.527810633 -0.819834769 -0.222006306 0.536098301 -0.812402189 -0.229349688 0.54025054 -0.808590829 -0.233045489 -0.562042594 0.824352026 -0.0674675331 -0.549711287 0.720271587 -0.423115075 -0.56663239 0.798734844 -0.202361986 -0.222107664 -0.155822769 0.962490261 -0.552031934 0.833225489 0.0315612592 -0.692393959 0.721519649 0 -0.992324054 -0.0210737735 -0.121855691 -0.839758635 0.209219024 -0.501031637 0.998140395 0.0609578677 0 -0.870002985 -0.359325856 0.337608695 0.410948724 0.731472671 -0.5441221 -0.154552609 -0.829449117 0.536775172 -0.204894528 0.731109858 -0.650766253 0.197805136 0.463050991 0.863977373 -0.979602993 -0.146491617 -0.137543261 0.979781628 0.176529408 -0.0941561759 0.0316579379 0.922712147 0.38418749 0.87346071 0.017042879 0.486596197 -2.12648229e-05 -0.499943972 -0.866057754 -3.46178385e-05 -0.49993977 -0.866060138 -0.704378545 0.684091687 0.189392209 -0.889434278 0.442477018 0.114545844 0.516804576 -0.793225467 -0.322034776 -0.945414305 0.169951707 -0.278043211 -0.400511503 0.915604949 -0.0354679525 -0.482396454 0.868298769 -0.115546227 -0.552268744 0.832962453 0.0342452601 -0.440229923 0.85591948 0.27129209 0.0155424178 -0.999829054 -0.0100189429 0.0395971015 -0.999215722 0 0.0146871582 -0.999838352 -0.0103749568 -0.018400358 -0.999539316 -0.0241372939 -0.0460507609 0.988371193 -0.144919634 -0.221021503 -0.972236454 -0.0768489465 -0.113863841 -0.98232168 -0.148591042 -0.00881725363 -0.952503622 -0.304399669 0.080018945 -0.953390539 -0.290935755 0.00137777615 -0.985275745 -0.170966774 0.095902577 -0.967797756 -0.2327452 0.0893844143 -0.970718503 -0.222970977 -0.886211395 -0.185662657 -0.424451202 0.637861431 -0.58151406 0.504949629 -0.362635553 0.931921721 -0.00415360602 0.353533149 0.730351985 0.584465802 0.174550951 0.634964287 0.752563775 0.597307861 0.507078409 -0.621365368 -0.73859638 -0.582703233 0.339016706 0.932918072 0.345093727 -0.102831036 -0.115139134 0.972268522 -0.203560367 -0.193716079 0.33332032 0.922697961 0.0106979674 0.99291712 -0.118326224 0.0484504178 0.994237185 -0.0956299007 0.0346551128 0.992948711 -0.113366418 0.0770157427 0.986452341 0.144845694 0.107251577 0.929868162 0.35191229 0.43205598 -0.721263409 0.54139328 0.228879318 -0.826027572 0.51506567 0.297487289 -0.796218395 0.526818395 0.149456128 -0.854109704 0.498156071 0.406017661 -0.717990458 0.565366507 0.0821359307 0.881797373 0.464421093 -0.310678422 -0.434960186 0.845155954 -0.962267458 -0.203056768 0.181133181 -0.0960621685 0.916835785 -0.3875359 0.687702537 -0.725926101 -0.00982786343 -0.246857971 -0.805567265 0.538630307 -0.153964967 -0.841513455 0.517831802 -0.17754145 -0.833270729 0.523582816 -0.300239146 -0.780562878 0.54825002 -0.408741295 0.850646675 -0.330651909 0.257954508 -0.808014154 0.529691041 0.530037105 0.847896278 0.0115073342 0.609443247 0.736711919 0.292975217 0.617387593 0.77181989 0.152074471 0.473968387 0.875006437 -0.0985783264 0.410472512 0.911108792 -0.0373236313 0.596273124 0.802695096 -0.0117909256 0.981303573 0.162841991 -0.10259477 0.759843051 -0.112435699 0.64030993 -0.94406867 0.328723788 -0.0259827282 -0.0676131919 0.870579779 -0.487359464 0.178006947 0.384586453 -0.90576309 0.39931342 -0.35491547 -0.845330536 0.966517985 0.103391647 -0.234847188 -0.137386516 -0.544447124 -0.827467442 -0.109345362 -0.440860778 -0.890890241 -0.0417914614 -0.0370772406 0.99843812 -0.577933788 0.744831324 -0.333494693 -0.117851764 -0.9197613 -0.374366254 -0.134831011 -0.904126346 0.405433387 -0.211503938 0.691891432 -0.690327764 -0.106544375 0.952833772 -0.284176528 0.334776938 0.928809166 0.158864617 0.056575194 -0.314987302 -0.947408199 -0.103958264 0.929683626 -0.353385061 0.0091368733 0.848539233 -0.529053688 -0.0777404755 0.914759457 -0.39644897 0.0577781275 0.800420582 -0.596647859 0.800091565 0.541660726 -0.257792771 -0.0827443004 -0.779161274 0.621338189 -0.0297376011 -0.922804534 0.384119093 -0.0427249111 -0.899320424 0.435197949 -0.0602423698 -0.790684044 0.609253347 -0.0704271793 -0.996470392 0.0456800498 0.178964213 -0.343160987 0.922069609 0.00685980218 0.12788339 0.991765499 0.0301364902 0.168095008 0.985310078 0.0259900801 0.177511171 0.983775496 0.127921373 0.260130703 0.957062244 0.377374351 0.362649709 0.852099657 0.247957587 -0.457705319 -0.853828371 0.363436252 0.331972897 0.870464265 0.533233285 0.387023598 0.752246618 -0.0773032308 0.899819434 0.429359138 -0.596533477 -0.752818227 0.278230965 0.125441834 -0.991732299 -0.027043689 -0.0318677612 0.998271644 0.0493763201 0.0962982923 -0.369041502 -0.924410701 0.198859662 0.462018847 -0.864287794 -0.774379849 -0.530247867 0.345214576 -0.823286593 -0.383088917 0.418857992 -0.75612241 -0.56962651 0.322187245 -0.0898060575 0.944007158 0.317466974 -0.13772364 0.982591033 0.124687873 0.00152477447 0.997944057 0.0640726611 -0.5898965 -0.790376484 0.165309533 -0.392386228 -0.859847128 0.326643556 -0.593544006 -0.78648001 0.170747295 0.832786262 0.151589498 -0.532435477 0.794891119 0.0706079006 -0.602629662 0.788693368 0.0590635389 -0.611943066 -0.99947983 0.012381007 -0.0297777373 -0.932929695 -0.24346602 0.265266716 -0.985723615 -0.117924526 0.120178126 0.154921681 -0.860793471 -0.484802932 0.379302919 -0.681795835 -0.625526726 0.450086504 -0.614076257 -0.64833051 0.446986884 -0.750786245 0.486336082 0.672792614 -0.373420328 0.638676167 -0.208965048 0.53292644 -0.819953144 0.707005024 0.162112564 -0.688377321 0.117819697 0.991194069 -0.0604381263 0.721099913 -0.155827507 -0.675079823 -0.0297551155 -0.817574799 0.575053096 -0.216623396 -0.79166168 0.571267128 -0.0474302061 -0.799372733 0.59896034 0.259812355 0.699172735 0.666074336 0.267373532 0.696927011 0.665435314 0.273789525 0.694983184 0.664859116 -0.543644071 -0.748502553 0.379730374 0.193365499 -0.919565558 -0.342065543 0.0448644459 -0.892903328 -0.448007584 -0.972215772 -0.16671589 -0.164323702 -0.930360794 0.234342352 0.281979501 -0.956459463 -0.172361746 -0.235535055 0.977645814 0.127756193 0.166994065 -0.83939743 -0.300462872 0.452917367 -0.680311263 0.339661956 0.649466276 0.175437674 0.852310181 0.492736399 -0.00256194547 0.997132361 0.0756346658 0.00428314134 0.917497754 0.397717923 -0.0696971789 0.913155854 0.401607811 0.0425860994 0.883424342 0.466634691 0.351875722 0.936032414 0.00518096751 0.347018182 0.917871356 0.192589074 0.0283620954 0.871692717 0.489231318 0.114376657 0.767000556 0.631370127 0.392434984 0.779837966 0.487696171 0.264063418 0.798651993 0.540763915 -0.716983318 0.690270066 -0.0972735882 -0.745617628 0.666368663 0.00268531707 -0.742644668 0.669621766 -0.00924931467 -0.769035101 0.62696594 0.124494262 0.742032468 -0.210139215 0.636576295 0.176173091 -0.689169288 -0.702857554 0.261196792 -0.650587201 -0.713100672 0.442216963 -0.631118357 -0.637286186 -0.493551254 0.156217784 -0.855571806 0.651589811 0.750088394 0.113129139 0.754240096 0.000472785818 -0.656598389 -0.0550773107 -0.997386396 -0.0467633195 0.0253758337 -0.990497231 -0.135171786 -0.0204415601 -0.996170104 -0.0850129947 -0.109651305 -0.993870258 0.0140921157 0.739990294 0.656606913 0.14588277 -0.0268581938 -0.770598531 -0.636754751 -0.703859985 -0.614974022 0.35551092 -0.543576062 -0.819986701 0.179295599 -0.557988942 -0.806936324 0.193654552 -0.711825669 -0.59964782 0.365686655 -0.46166876 -0.821651816 -0.334290773 0.745699286 0.201260969 -0.635158718 5.12860242e-05 -0.861075461 -0.508477151 -0.846471846 0.528316081 -0.0660879463 0.296222299 0.687907815 0.662597239 0.654102623 0.751610816 -0.0850347131 0.612335622 0.790540636 0.00951373298 0.658445299 0.746484637 -0.0959710106 -0.93428278 0.0196861047 0.355989069 -0.0818818063 0.870456338 0.485387653 -0.341801256 0.665721118 0.663315415 -0.117568284 0.761553705 0.63734889 0.0298722349 0.518651187 -0.854463875 0.0629113168 0.575057805 -0.815690279 0.0539629497 0.560048103 -0.826700747 0.0197522212 0.500835538 -0.865316987 0.58991158 -0.805158436 -0.0610268936 -0.910897911 -0.29974854 -0.283576816 -0.903708994 -0.328246951 -0.274889141 -0.993730128 0.0517595783 0.0991027355 -0.994204462 0.0486623421 0.095861122 -0.393078953 0.833379269 -0.38854599 0.267780364 0.936869979 -0.224874452 -0.913568497 -0.273937374 0.300584376 -0.819728434 0.16358979 -0.548893094 -0.103927277 0.764835596 0.635787427 0.0779087916 0.779084802 0.622058749 -0.77166301 0.00657174364 0.635997534 -0.782302797 -0.0740869269 0.618476629 -0.781168342 -0.0630921423 0.621124387 -0.769975007 0.0165492408 0.637859404 0.59731698 0.801012278 0.0398956947 -0.0274102464 0.468570709 0.883000672 0.373048127 -0.650304914 0.661769271 -0.0495164804 0.358281076 0.932299793 1 0 0 0 -1 0 0 1 0 0 0.99999994 0 0 -0.99999994 0 0.707101762 0 0.707111776 0.707091808 0 0.707121789 0.707104087 0 0.707109571 -0.707105577 0 0.70710808 -0.707107067 0 0.707106411 -0.707107246 0 0.707106292 0 1 -7.55343379e-08 0 1 -3.64222956e-06 0 1 -3.71776332e-06 -0.7071141 0 -0.707099497 -0.707094073 0 -0.707119524 -0.707118571 0 -0.707094908 0 -1 4.72089603e-08 0 -1 2.27639339e-06 0.707106411 0 -0.707107246 0.707106709 0 -0.707106769 0.707106769 0 -0.707106769 0.707089543 0 0.707124114 -0.707105398 0 0.70710814 -0.707089543 0 -0.707124114 0 -1 2.32360208e-06 0.707106352 0 -0.707107246 -0.707101762 0 0.707111776 -0.707091808 0 0.707121789 -0.707104087 0 0.707109571 0 1 7.55324976e-08 0 1 3.64216453e-06 0.707106352 0 0.707107246 0.707106352 0 0.707107306 0.7071141 0 -0.707099497 0.707094073 0 -0.707119524 0.707118571 0 -0.707094908 -0.707105935 0 -0.707107604 -0.707107127 0 -0.707106411 -0.707107246 0 -0.707106292 -0.707089543 0 0.707124114 0 1 3.71769761e-06 0.707089543 0 -0.707124114 -0.707105815 0 -0.707107663 -0.0793479383 0.988477886 0.128900379 -0.0706115887 0.989391088 0.126961783 -0.0809234232 0.988304734 0.129249036 -0.141389713 -0.128382117 0.981594145 -0.0168555826 -0.0153099122 0.99974072 0.0168785248 0.0153193809 0.999740183 0.0002399527 -0.99999994 0.000358740042 0.10160993 -0.994823992 0.000731464475 0 -1 0.000357853394 0.141411945 0.128391147 0.981589675 -0.0689592734 0.989554822 0.126594126 0.101825252 -0.994801939 0.000732252258 1 1.83142117e-06 0 0.995078623 0.0990859717 -0.000729394145 0.997137547 0.0756097883 0.00011290369 0.994966805 0.100202598 -0.00072699954 0.971229792 0.23814407 0.000365213957 1 2.47031403e-06 0 -1 1.07262185e-05 0 -0.997405708 0.0719860569 -0.000117648997 -1 7.08320022e-06 -6.39603082e-09 -0.989029348 0.14771536 -0.00104271201 -0.973307014 0.229506701 -0.000365999324 -0.988871872 0.148766175 -0.00104360771 0.0623630099 0.197670534 0.978282809 -0.0240810085 -0.891157389 -0.453054935 -0.00637560664 -0.923216283 -0.384227931 -0.00133752788 -0.874607027 -0.484830678 -0.0175976604 -0.83480233 -0.550268352 0.714612424 -0.442466289 0.541805029 0.535514295 0.834999681 0.126490816 0.483217627 0.868595898 -0.109735519 0.530442894 0.842298508 0.0957263634 0.0136360843 -0.238917202 -0.970944166 -0.677131176 0.720926523 0.14750658 -0.874654353 -0.288036942 -0.389890403 -0.773726642 -0.116391674 -0.622735977 -0.85740447 -0.248150423 -0.450864673 -0.367091894 -0.850076199 0.3776429 0.383763671 0.828100085 -0.408626616 0.337312251 0.784191906 -0.520829558 0.417346656 0.853985727 -0.310692728 -0.0354146063 -0.689431071 0.723485053 -0.0450308099 -0.682415843 0.729575753 -0.164813891 -0.584125698 0.79475379 0.686131179 0.61979866 0.380885333 0.589778423 0.662343144 0.462020516 0.704670072 0.612248659 0.358596861 -0.35515067 -0.880369127 0.314353615 0.80012697 -0.0145449517 0.599654257 0.805788159 -0.199484169 0.557594299 0.798206091 -0.285850227 0.530242145 -0.870575249 0.0334158801 -0.490899235 -0.856571972 0.204740256 -0.473672748 -0.860401809 0.178711846 -0.477253437 0.694225907 -0.257620037 0.672073066 0.694956124 -0.216462433 0.685696721 0.69494915 -0.209105641 0.687982976 -0.167590201 -0.977031648 -0.131615832 -0.135533378 -0.987319767 -0.0826463848 -0.21297054 -0.956009269 -0.201717407 -0.0118474765 -0.91160357 -0.41089958 -0.0396723077 -0.877755463 -0.477463454 -0.044282876 0.793497205 0.606960595 -0.174391478 0.907009125 0.38330406 -0.124363132 0.799314678 0.587902963 -0.505191386 0.694029033 0.512937963 -0.641118884 -0.285064727 -0.71253407 0.809372663 0.548062384 0.21105352 0.549875796 0.798972964 0.243472606 -1.01279716e-06 -0.861104429 -0.508428216 -1.6228596e-06 -0.861104906 -0.508427382 -0.0424082391 -0.789888084 -0.611782908 0.0165717006 -0.818579078 -0.574154735 -0.0885166749 -0.761337519 -0.642285109 -6.13321663e-06 -0.861100793 -0.508434355 -0.749002576 -0.201467872 -0.631193876 0.967327118 0.0411797352 -0.250165313 -0.803636849 0.0687588528 -0.591134548 -0.177948788 0.936507225 0.302139848 0.0749255344 0.929329276 0.361570477 -0.213545159 0.925185919 0.31373468 0.0282755978 0.981232822 0.190742746 -0.0268717092 0.847765386 0.529690146 0.0720378608 0.900425673 0.429003656 0.109814607 0.831522346 0.544528604 0.126185298 0.84011215 0.527530909 -0.0625537708 0.71233958 0.699041605 -0.173698112 0.607646942 0.774980128 0.285402685 0.727400243 -0.624046683 -0.708503664 0.705691397 -0.00471800426 -0.691890538 0.72137022 0.0302085709 -0.805368483 0.4192397 -0.419070184 0.804073036 -0.508806169 0.307543188 -0.805181026 0.413300455 -0.42528379 -0.0345219523 0.876360416 0.480417252 1.19049237e-05 0.861100972 0.508433998 -0.290736496 0.927296102 0.235784143 -0.302268356 0.926747918 0.223096296 -0.895748436 -0.416614801 -0.155135274 -6.26892142e-06 -0.861100614 -0.508434594 -0.861660182 -0.117687248 -0.493651032 0.0734570995 -0.773642957 -0.629349411 0.650400579 -0.714717329 0.25721252 -0.149196759 -0.763552725 -0.628273427 0.896382451 -0.259068072 0.359697521 0.88357091 -0.273224235 0.380330116 0.864355147 -0.292783588 0.408861756 0.860823989 -0.296187282 0.413829744 0.913632333 0.168925628 0.369783998 0.0827567354 -0.765220702 0.638426781 -0.769200981 0.611311913 0.18608512 0.996965826 -0.0127989138 0.076781854 0.999957323 -0.00333890854 -0.00861381367 0.999521673 -0.00508440193 0.0305049289 0.862303853 0.0499924384 -0.503917456 0.936329484 0.0346641727 -0.349407434 0.7035833 0.610669971 0.363390535 0.878125131 0.0513849966 -0.475663513 0.724291384 -0.123337813 -0.67837292 0.756820202 -0.0930311233 -0.646968544 0.53654623 -0.264493138 -0.801349759 -0.797395587 -0.339186072 0.499112278 0.332230568 0.570493281 0.751106083 0.797162592 0.0104266135 0.60367465 -0.826832294 0.337933302 -0.449610204 0.69404 -0.262807041 0.67025435 -0.247011155 -0.93487221 -0.2549496 -0.0461746752 0.943153262 -0.32913512 0.139070615 -0.046717599 -0.98917979 0.0544651896 0.156421214 -0.986187637 0.0787369385 0.099563919 -0.991911054 0.0148181291 0.246981233 -0.968906999 0.119061694 -0.585755408 0.801695049 -0.0795475766 -0.683588743 0.725519598 -0.0404995568 -0.667171717 0.74380219 -0.331487924 -0.754479885 0.566459179 -0.0456427597 0.895807326 0.442092508 -0.187305495 0.847896576 0.495971918 -0.12307547 0.891141653 0.436713934 -0.363081276 0.760159194 0.538822711 -0.178161666 0.849585891 0.496449709 0.0173844323 0.926674187 0.375463367 0.00219458039 0.917232931 0.398345023 -0.149974033 0.976894855 0.152263686 0.00219260203 -0.990145206 0.140026867 0.00205689901 -0.973991215 -0.226576209 0.00219200458 -0.98828578 0.152598947 0.0611252598 -0.963077545 -0.262193382 0.0844352171 -0.760051131 -0.644354641 0.271156996 -0.7875911 -0.553330004 -0.000321108062 0.0075168754 -0.999971688 -0.00274176919 0.202920228 -0.979191482 0.000126171697 -0.134794965 -0.990873516 -0.000173169523 0.999991119 -0.00419973675 0.00307578244 0.999874055 -0.015570703 0.00270855264 0.999650419 -0.0263005272 -0.00037321655 0.993252158 -0.115974344 0.000240370297 0.999773502 -0.0212796535 -0.0534910411 0.996264994 -0.0677853003 -0.00997943524 0.958082616 -0.286318272 -0.136066794 0.350022554 -0.92680639 -0.124446064 0.467512101 -0.875183165 0.0072280732 0.543422997 -0.839427829 -0.0370285138 0.993871927 -0.104151428 0.865645409 0.436418861 -0.245350361 -0.0794579014 -0.925186634 -0.371101141 -0.0193092711 -0.899290442 -0.436925441 -0.113767423 -0.936477065 -0.331764519 0.00540731382 -0.883974075 0.467504591 -0.0119061936 -0.879700005 0.475380123 -0.0195451826 -0.859205663 0.511256993 -0.0822122842 -0.380678713 0.921045601 0.113413706 -0.948128283 -0.296968281 0.118396096 -0.930552959 -0.346487552 0.117880121 -0.93255204 -0.341249049 0.107494369 0.829271197 0.548410535 0.0294182338 0.84826529 0.528753698 0.143368557 0.799678743 0.583060324 -0.0805484876 0.695434511 0.714060783 0.995429933 0.00512527302 0.0953577608 0.995224416 0.00755246077 0.0973209143 0.995831788 0 0.0912093893 0.749009371 -0.660729468 0.0492075048 -0.739517808 0.652744651 -0.164431438 0.385682702 0.83379072 0.39502126 0.994094372 -0.0100455787 0.108052991 0.994448483 -0.0148189859 0.104175672 0.993225992 0 0.116198346 0.801491261 -0.219700366 0.556186557 -0.710561991 0.698362947 0.085969843 -0.680987239 -0.731967688 0.0219027549 0.00101240329 -0.967862666 -0.251477182 0.00279720104 -0.934470952 -0.356028408 -0.134818435 0.210069478 -0.968346417 -0.0283969902 0.157943249 -0.987039745 -0.00037097765 0.207314178 -0.978274345 -0.000654325762 0.360220671 -0.932866931 2.87236599e-05 0.196577758 -0.980488241 0.0130386315 0.147809461 -0.988929927 0.275065482 0.309381217 -0.910286903 0.228688881 0.323794186 -0.918073356 0.276887864 0.292063534 -0.915440857 -0.650937974 0.386723757 -0.653241634 0.646891117 0.3921929 -0.654000461 0.809274793 0.0506364703 -0.585243821 0.0312688835 0.368682712 -0.929029226 0.192733288 0.325531274 -0.925679862 0.160412818 0.3350223 -0.928454459 -0.329522312 0.38474074 0.862200439 0.691540837 -0.207537308 0.69188112 0.7621665 -0.312535673 0.566942334 0.802447319 -0.392055124 0.449856848 -0.000459632778 0.282184571 -0.959359944 -0.000423341728 0.334686041 -0.942329586 -0.000423522462 0.334431648 -0.942419887 -0.500378788 0.0132559761 0.865705132 -0.556496143 -0.00337888603 0.83084327 -0.180620551 0.096296683 0.978827417 -0.0011076238 0.911916792 0.410373688 0.160878837 0.906956732 0.389291167 0.0460924841 -0.711259127 -0.701417029 -0.000366678782 -0.649320841 -0.760514498 -0.00275849458 -0.639940202 -0.768419802 0.0204423591 0.949482501 -0.313153446 0.0265866928 0.954742014 -0.296244562 0.0635791719 0.979398847 -0.191665366 -0.158083826 0.889036894 -0.429677635 0.0712049454 -0.927410305 -0.36720565 0.0811778381 -0.923223197 -0.375591546 0.0953184441 -0.922735572 -0.373461485 -0.0211133491 -0.930421829 -0.36588186 -0.0157421883 -0.910637259 -0.412906766 -0.022885032 -0.932010889 -0.361707062 -0.0925848931 -0.932970703 -0.347841203 -0.0334827602 0.939487457 -0.340943128 -0.0575875901 0.807444036 -0.587126672 -0.0306599494 0.540214062 -0.840968966 -0.00232113595 0.202426121 -0.979294777 -0.00205615535 0.367772102 -0.92991358 -0.000410905253 0.00499616005 -0.999987423 9.9032377e-06 0.133060798 -0.991107881 0.0334655344 0.360317528 -0.932229221 -0.00308442209 0.227296606 -0.973820746 -0.00308777927 0.481930733 -0.876203895 0.000171017047 -0.0912711918 -0.995826066 0.0110433679 0.383460104 0.923491418 -0.00348532759 0.193141147 -0.981164753 -0.00349585759 0.486077607 -0.873908579 -0.000273932295 -0.0317310579 -0.9994964 0.080812715 -0.378719836 0.921976447 -0.946253777 -0.216123819 -0.240612224 -0.380583376 0.83122015 -0.405252099 -0.000435825292 0.224297389 -0.974520683 -0.00153919158 0.360221863 -0.932865441 -0.000171533902 0.35859859 -0.933491826 0.45402059 0.537702858 0.710451126 -0.220168173 0.510754108 0.83105731 0.99395889 -0.0442359187 0.100443542 0.996322989 0.0109621398 0.0849717632 0.159229845 0.624983072 0.764226377 0.285675108 0.695148408 0.659665406 0.222609043 0.662301242 0.715403557 -0.00286762044 0.515913486 0.856635928 0.867989182 -0.182435781 0.46185714 0.3255274 -0.322247565 0.888925493 0.00336704683 -0.942200959 -0.335031271 0.00465388829 -0.921344876 -0.388718277 0.0513429493 -0.952684999 -0.299591601 0.940662146 -0.15396297 -0.302407324 0.0797686949 0.441926122 -0.893497765 0.177955329 0.377173007 -0.908885241 -0.00219628518 0.490734786 -0.8713063 -0.768632293 0.20300135 -0.606625795 0.744631827 0.0788763538 -0.662798524 -0.803013444 0.185362756 -0.566400945 -0.291854531 0.369653732 -0.882143497 -0.247241452 0.364936769 -0.897603929 -0.0398493037 0.333509564 -0.941904128 0.342979759 0.720912695 0.602204084 0.831217349 0.164433181 -0.531073809 -0.296138942 -0.563826978 -0.77097404 -0.472795337 -0.203176573 -0.85742861 0.658967078 -0.541971385 -0.521564364 -0.334470659 0.346193969 -0.876515329 -0.0762288049 0.0766849443 -0.994137108 -0.00449974462 0.135894477 -0.99071312 -0.0328184068 0.367917925 -0.92927897 -0.00299539207 0.357366204 -0.933959544 -0.0906903371 -0.0790500864 0.992736697 0.0243917555 0.948646188 -0.315397173 0.0213443469 0.948619962 -0.315696895 0.0456463359 0.948581636 -0.313223749 0.853156984 -0.499177456 -0.151476204 0.161155879 0.357171804 0.920031011 0.157107279 0.351999938 0.922720611 0.133874685 0.248794645 0.95925951 0.0543548688 0.998438478 -0.0128951669 0.0599054284 0.997353077 -0.0412076488 0.0608338676 0.997089028 -0.0459650792 0.0488045365 0.998692691 0.0151984096 -0.238556728 0.426297575 -0.872560143 -0.00548152113 0.24688983 -0.969028056 -0.168472975 0.97389549 -0.152133465 0.147944391 -0.775914669 -0.613244593 0.448409706 -0.755392551 -0.477818936 -0.115340821 0.914284527 -0.388304353 0.0179819167 -0.55923003 0.828817487 0.0283975676 -0.620895565 0.78337872 0.0124358796 -0.525303006 0.850824416 -0.0256999806 -0.977846444 -0.207739756 -0.00415689638 -0.991827607 -0.1275177 -0.0358851291 -0.951405227 -0.305843472 0.25029102 -0.771097362 0.585459828 0.0344776921 -0.999358892 -0.0096518388 0.0361441597 0.412216902 -0.910368562 -0.0450588614 0.567408264 -0.822202921 0.0473476648 0.552224457 -0.832349896 0.0220593754 0.556874394 -0.830303669 0.107448965 0.539669573 -0.834991992 0.0482881516 0.535337448 -0.843256772 0.0108188968 0.428236842 -0.903601706 -0.0189914592 0.321752101 -0.946633458 -0.00927301776 0.200829327 -0.979582369 0.01768017 0.427449673 -0.903866231 1.32978612e-05 0.217273071 -0.976110876 -0.0458634123 0.704684556 -0.7080369 -0.0567883998 0.741811872 -0.668199122 -0.798253477 -0.0728296414 0.597902536 0.833294213 0.481239587 0.272082925 -0.303624809 -0.377351224 -0.874881804 -0.0904394314 -0.911671162 -0.400844693 -0.0365144685 -0.0499247722 0.99808526 0.0188191943 0.118770875 0.992743313 0.0436407328 0.180834696 0.982544839 -0.029910408 0.950168312 -0.310299039 -0.00692269392 0.921991169 -0.387148917 0.0158879496 0.996940672 -0.0765301734 -0.00255082268 0.971445382 -0.237249538 -0.0787673518 0.860296607 -0.503671825 -0.0404956974 0.90175873 -0.430338681 0.109365545 0.9918679 0.0650945827 0.119778275 0.972298145 -0.200722545 0.00746885128 0.987444043 -0.157792598 -0.0581200086 0.877322078 0.4763695 -0.131990492 0.943781376 0.303076595 0.0140913837 0.930721462 0.365457207 -0.0631492883 -0.864724636 0.498260409 -0.135004997 -0.87953639 0.456277728 0.103173926 -0.726516962 0.679358602 0.0189951304 0.997505069 -0.0679905638 0.0558396019 0.99793601 -0.0317113698 0.0977397636 0.9951635 0.00982955843 -8.70655713e-05 -0.997415662 0.0718462765 -8.49380085e-05 -0.998214126 0.0597370751 -5.21949551e-05 -0.992850602 -0.119363301 0.0160375629 0.0730577335 -0.997198761 0.0476933159 0.326651335 -0.943940818 -0.000894344645 -0.0610925183 -0.998131752 -0.00269314204 0.246641159 -0.969103158 -0.00271094148 0.24750267 -0.968883455 0.0208387468 0.981758177 -0.188988298 -0.00615014369 0.655885458 -0.754835427 -0.00663602026 0.774990499 -0.631937981 -0.00418093335 0.281291544 -0.959613144 -0.00416951254 0.279347509 -0.960180998 -0.0015088541 0.988743246 -0.149614424 0.00348612852 -0.915120065 -0.403166264 0.00362274121 -0.943543732 -0.331228077 0.00298833312 -0.805396914 -0.592728436 -0.00150896655 0.987325907 -0.158698529 -0.000671719608 0.519509494 -0.854464412 0.00298590609 -0.804846883 -0.593474865 0.00167483976 -0.984742582 -0.174009323 -0.000713271089 0.507911205 -0.861409128 -0.000477070251 0.255891472 -0.966705382 -0.00313602737 0.970697284 -0.240285113 -0.00323131285 0.969230056 -0.246135503 0.118403561 0.985272586 -0.123363174 0.00179629633 -0.998175621 0.0603498742 0.00179637631 -0.998137772 0.0609728023 0.0017504571 -0.994460046 -0.105100721 0.00165623624 -0.963341236 -0.268274128 -3.30825314e-05 -0.504864931 -0.86319834 -0.00204332732 0.987340033 -0.158604622 0.00219192565 -0.988091111 0.153854609 -0.0840992257 0.951564848 0.295722306 -0.155402526 0.920144081 0.359422863 -0.0765540153 0.966813147 0.243745357 0.574271917 0.286673397 0.766831219 0.582247078 0.581236541 0.568464816 0.701395333 0.551820159 0.451152921 0.589899838 0.579938948 0.561861992 -0.0343639925 0.979770422 0.197152242 -0.000895763165 0.98863852 0.150309905 0.219191581 -0.285596281 -0.932946801 -0.0271144863 -0.998844802 -0.0396712832 0.00382294902 -0.701701283 -0.712460876 -0.0523271747 -0.821751952 -0.567437828 0.107321583 -0.965006292 -0.239259407 -0.0062868325 -0.944556832 -0.328287721 -0.000110922883 -0.949056268 -0.315106571 -0.0545494407 -0.914970636 -0.399816275 -7.31980981e-05 -0.898485124 -0.439003825 0.0572511703 -0.927302241 -0.369909316 -3.91162257e-06 -0.126870036 -0.991919339 -0.00111531687 -0.112198204 -0.993685246 0.000524732517 -0.137112096 -0.990555465 0.00151360873 -0.953397691 -0.301712692 -0.00550893927 0.997852147 -0.0652739033 0.00151473726 -0.194228515 -0.980955184 0.00151624798 -0.194471002 -0.980907023 0.0011889087 -0.141996056 -0.989866555 0.000613960787 -0.050153736 -0.998741329 0.00234448793 -0.765117109 -0.643886805 -0.179663628 -0.966266692 -0.184525311 0.00475870818 -0.665408671 -0.746464074 0.00850100815 -0.562243819 -0.826927841 -0.0015371117 0.38032949 -0.924849808 -0.0129176872 0.999624252 -0.0241760649 -0.508533537 0.309044749 -0.803669751 0.0598570071 -0.964934945 -0.255573183 0.142518327 -0.980493963 -0.135351986 -0.212240547 -0.965727806 -0.149411082 -0.0138737457 -0.999811709 -0.0135719841 -0.280770868 -0.939489961 -0.196281046 -8.7193439e-05 -0.999999225 -0.00127720274 -0.000191474959 -0.999990106 -0.0044327681 -3.01564178e-05 -0.999991715 -0.00406542979 0.00637528161 -0.999820769 0.0178257562 0.133282945 -0.97018826 -0.202411279 0.238161445 -0.902777433 -0.358150929 -0.000187613201 -0.999992132 -0.00397557719 -0.000204529875 -0.999990702 -0.00429209787 0.0767122433 -0.98884511 0.127673954 0.0292270575 -0.99911499 -0.0302498862 0.0168248136 -0.998020887 -0.0605910048 3.42284147e-05 -0.999656618 0.0262042824 3.90283894e-05 -0.999659181 0.0261036549 2.61430378e-05 -0.999864042 0.0164876282 0.0750062764 -0.516029894 -0.853280246 -0.0536238216 -0.245947793 0.967798591 -0.0495122448 -0.994908214 -0.0877851397 -0.126957133 -0.949683189 -0.286328048 -0.138588145 -0.980302453 -0.140713647 0.000252043188 -0.94260186 -0.333918929 -0.0881875232 -0.973037601 -0.213121518 -0.212935269 -0.976641297 -0.0288155358 1.770573e-05 -0.999855757 0.016984418 -0.228635058 -0.898841381 -0.373911947 3.26816553e-05 -0.999991715 -0.00407474488 9.32006442e-05 -0.999991357 -0.00416444987 0.102709219 -0.96413964 -0.244715288 0.246388286 -0.968620837 -0.0326564461 0.00010452461 -0.999990821 -0.00429063383 0.320884138 -0.759151101 -0.566323996 0.114773259 -0.451209098 0.885007083 0.0430388413 0.15322414 0.987253845 -0.0979500562 -0.982971787 -0.155473948 -0.230808377 -0.907380044 -0.351267606 -0.122586451 -0.95220989 -0.279765606 -0.25417164 -0.966366112 -0.0391565897 -0.117125347 -0.460455894 -0.879921615 -0.0521827415 -0.414430887 -0.908583462 -0.331221521 -0.855856776 -0.397242188 0.23119776 -0.908907354 0.347037256 0.376228839 -0.907118022 0.188649595 0.319305003 -0.946828663 -0.039494317 0.27453512 -0.944396913 -0.180955395 0.0749492571 -0.294648975 0.952661872 0.0553796701 -0.190500855 0.980123699 -0.0767629594 -0.2640571 -0.961447477 -0.172748029 -0.947371304 -0.269528538 -0.256716758 -0.883085608 -0.392754972 -0.113612317 -0.97661829 -0.182507485 -0.00342894974 -0.999795973 -0.0199027658 0.000729671272 -0.399311036 -0.916815221 0.00484868698 -0.21834828 -0.975858927 0.0048007546 -0.220545992 -0.975364804 -0.000357575947 -0.44448629 -0.89578557 0.000172638756 0.716159999 -0.697936058 0 0.715048611 -0.699074805 0.000108110005 0.715692639 -0.698415339 0.00010733751 0.716624856 -0.697458863 -2.73291533e-07 0.717255354 -0.696810424 -0.347653002 -0.607378602 -0.714302838 0.00982322078 0.999908745 -0.00927341357 -0.00857621245 0.974542558 0.224038735 -0.0316858441 0.907342434 0.419196635 -8.78599676e-05 -0.997078538 0.0763837695 0.0372730531 -0.866196334 -0.498311758 -0.00140738545 -0.97951138 -0.201384142 -0.0450691581 -0.994024992 -0.0994142443 0.0610533431 -0.941075861 -0.332639068 -0.0214153193 0.138972551 0.990064681 -0.00617681351 0.619602561 0.784891367 -0.0183958784 0.335534781 0.941848159 -0.0207352005 0.0988660306 0.994884729 0.0250351354 -0.79441452 0.606859744 -0.0216787867 -0.962335765 0.27099815 0.0116311749 -0.855947435 0.516932011 0.155317023 0.946121454 0.284131616 -0.796510875 0.323038101 -0.511093736 -0.07989306 0.979247749 0.186254784 -0.120369159 0.969578445 0.213140681 -0.0260557327 0.988343835 0.149991527 0.0144178197 0.992381632 0.122356117 0.0296224505 -0.627967894 0.777675271 -0.52203089 0.265164614 -0.810661077 -0.38233611 -0.921076357 0.0737389848 0.434644401 -0.864728808 0.251651525 0.421103358 -0.85320586 0.307752848 0.418637246 -0.850935221 0.317257077 0.407058358 -0.839693308 0.359470099 -0.285819024 0.69065392 0.664307654 -0.700150013 -0.512245476 -0.497387618 0.0339098275 -0.919423699 -0.39180389 -0.0111073637 -0.995415688 -0.0949958116 0.0288997479 -0.210426465 0.977182388 -0.0419015214 -0.193090945 0.980285704 0.204292625 0.0662523806 0.976665318 0.153432325 0.326509476 0.93265754 0.205938354 0.0562439784 0.976947308 -0.0752754733 -0.811961591 0.578836739 -0.0857390314 0.652621269 -0.752817571 -0.0700372308 0.694540381 -0.716036558 0.714653909 -0.698617041 -0.0346974842 0.00240535196 0.995271146 -0.0971056446 0.35439375 -0.27266258 0.894460797 0.267648995 -0.628805757 0.730046213 0.293931484 -0.547733486 0.783321381 0.358456761 -0.245194107 0.900771081 0.150701001 0.338458478 0.928835273 0.913894355 0.141453058 -0.380510479 -0.849729359 -0.232141376 0.473360747 0.994842231 0.0117906807 0.100746743 -0.627593875 -0.777565241 0.0389650613 -0.298939884 0 0.954271972 0.391298234 -0.880675256 0.267014384 -0.996127605 -0.0100405291 0.0873441324 0.835993111 -0.165306479 0.523248851 -0.995292664 -0.0572576746 0.0781934038 0.994971454 -0.0230651796 0.0974671319 -0.995941699 -0.0547149479 0.0714588165 -0.995030344 -0.0238746442 0.0966677517 -0.995563865 -0.0356300063 0.0870806426 -0.993242562 0 0.116056472 0.994213402 -0.0446057245 0.0977251306 -0.994194746 -0.0440508202 0.098164551 0.0308884084 0.148220107 0.988471925 0.710929036 -0.698725939 0.0797609314 -0.872533262 0.171207428 -0.457573742 0.680181623 0.732654095 -0.0238911156 0.583476007 0.803379178 0.118901134 0.585065305 0.802530587 0.116804354 -0.890682101 -0.140662774 0.432318687 -0.807872951 -0.191411793 0.55740732 -0.788043022 -0.20139572 0.581745744 -0.00078576128 0.360253334 -0.932854176 0.000881775166 0.375631303 -0.92676878 -0.911818385 0.164144322 0.376356035 0.0217131469 -0.00172826124 -0.999762774 0.0017970819 -0.0047859489 -0.999986887 0.596561015 -0.0932244286 0.797135055 0.0631080866 0.984482348 0.163743764 0.0579040684 0.98826468 0.141350225 -0.0205133483 0.991407394 -0.12919198 -0.956916869 -0.0795938894 0.279239714 -0.0190818664 -0.854394436 0.519274533 0 0.929636061 -0.368479013 -0.0147601571 -0.907532573 -0.419722348 -0.0329159461 0.949638188 -0.311614692 0.582634151 0.175523177 -0.793554723 -0.643604279 0.763718665 -0.0500732698 -0.544456065 0.836256981 -0.0651296228 -0.667577922 0.743113518 -0.0460656621 0.990054429 0.0301879067 -0.137407139 0.139187932 0.988940179 0.0512249656 -0.707939744 -0.159374133 0.688055992 -0.35334599 -0.868807733 0.346871287 -0.869885266 0.239157021 0.43139711 -0.878526986 0.216961533 0.425579727 -0.874981523 0.226248637 0.428040773 -0.592269719 0.639760792 0.489819139 -0.0898178965 0.886674106 0.453587741 0.489552677 0.544308782 0.681224108 0.64637512 0.00529359747 -0.763001502 -0.68622297 -0.0451662876 0.725987554 0.111067064 0.990562499 0.0803124756 -0.0314795785 -0.980803251 0.192442045 0.144903854 0.364756912 -0.91975826 0.0404118225 0.358796656 -0.932540596 0.080576092 0.973905683 0.212167963 -0.130183503 -0.883676291 0.449631423 0.00504751457 0.324740529 -0.945789635 -0.0721104071 0.981405377 -0.177886575 0.00105460908 0.966469646 -0.256778449 -0.0974332914 0.983892858 -0.149872333 -0.148022249 0.984621942 -0.0927854329 -0.252868474 0.950253725 0.181866959 -0.124265596 0.978028417 -0.167387009 -0.246446624 0.968860328 -0.0239517149 0.119415388 0.983560324 -0.135458723 0.000487802346 0.999999702 -0.000545043033 0.137347832 0.978192985 -0.155801654 0.237410545 0.933330536 -0.269314915 -0.0912835896 0.967317879 -0.23656565 -0.000112190057 0.955188572 -0.295998007 -0.110675633 0.977857649 -0.17760995 -0.103789642 0.960593402 -0.257852703 0.474459261 0.844335854 0.248968452 -0.00111127994 0.998288155 -0.058477018 0.00431224145 0.995938122 -0.0899365619 -0.0116315074 0.999880075 0.0102278832 -0.000993294991 0.999682367 -0.0251852386 5.83446417e-05 0.998379827 -0.0569025576 0.130742118 0.51399219 0.847772717 -0.00733102346 0.999623537 -0.02643965 -0.117748402 0.462908 -0.878550768 0.0994506404 0.209249422 0.972792029 -0.077957496 0.524710059 -0.847703993 -0.00658995565 0.99979794 -0.0189917386 0.10299173 0.984654486 -0.140883595 0.213005424 0.976953804 -0.0137841962 0.0660138428 0.302772075 0.950774014 -0.0539587028 0.996580541 -0.0625747889 6.94913979e-05 0.999861956 -0.0166122336 0.000361985294 0.99994725 -0.0102645811 -0.0381731987 0.901260316 -0.43159321 -0.0788478628 0.984271109 -0.158092797 -0.0336327031 0.797304034 -0.602640271 -0.00631826743 0.999977648 -0.00218459428 -0.00366328727 0.990448773 -0.13783282 -0.000115359428 0.99984175 -0.0177911725 -0.0012392411 0.998439014 -0.0558387637 -0.00380961597 0.989747167 -0.142779395 7.64513097e-05 0.999916673 -0.0129069239 -0.0044348347 0.999982417 -0.00394455856 0.0146108596 -0.987528563 0.156759873 0.0591520816 0.203477561 -0.977291048 0.136236027 0.978567839 -0.154417202 0.00011246666 0.99999994 -2.97391125e-05 0.156067252 0.971774638 -0.176909581 0.266136646 0.915487766 -0.301750958 -0.0462121628 -0.845040143 0.532702029 0.278652161 0.164554596 -0.946189582 -0.309435368 0.6397807 -0.703512847 0.0179007184 -0.879438102 -0.475676537 -0.0579621866 -0.947095871 0.31567353 -0.0298553202 -0.918989718 -0.393149495 0.0711023659 -0.952900052 -0.294832349 -0.0129220737 0.240103975 -0.970661283 0.586455882 0.788870752 -0.183718592 -0.533266246 -0.538935125 -0.652055204 -0.0945432186 -0.994305968 -0.0491642766 -0.0919169039 -0.995728135 -0.00875874143 0.100150384 -0.994971931 -0.00091909949 0.138538629 -0.990356863 0.00067025522 0.150391847 -0.878043234 0.454337448 0.610874057 -0.569357395 -0.550149977 -0.0234320592 -0.928632379 -0.370260328 -0.358227223 -0.0332273766 -0.933042824 -0.710524678 0.702620685 -0.0384577326 -0.108318195 0.61648494 0.779880404 -0.930321753 0.36496073 0.036126703 0.22883518 0.403118342 0.886075556 -0.00179720728 0.360282898 -0.93284142 -0.75609386 -0.648815393 0.08579503 0.856601298 0.505786061 0.102051809 -0.395553946 0.335615665 -0.854926407 -0.610145867 0.788754165 0.0747595206 0.538557708 -0.840491891 0.0594048277 -0.571641147 0.750049829 0.33264327 -0.994829059 -0.0575501174 0.083685033 -0.588750839 0.578646183 0.564394414 0.633069992 -0.622201145 -0.460530311 -0.757326424 -0.240662619 0.607073486 -0.445055634 -0.84068805 -0.308494508 0.435997576 0.804148555 0.404043436 -0.300872296 0.798508644 0.521401703 -0.263404429 -0.640606582 0.721277475 -0.35386163 -0.2761015 0.893616199 -0.290708512 -0.558498621 0.776896298 -0.358455986 -0.245194241 0.900771379 0.308166683 -0.831621706 -0.461994112 -0.805099189 0.585260093 0.0963633358 0.74883157 -0.657336116 0.084620066 -0.925576568 0.328910291 0.187419295 -0.521538854 -0.350562871 -0.777883589 0.485946625 0.249184832 0.837712824 -0.366388887 0.369854569 -0.853795469 -0.393904895 0.918057978 0.0448157601 0.36640799 -0.93039763 0.0102683343 0.0509760045 0.353178978 -0.934165955 0.216193706 0.350030363 -0.911448777 -0.276578099 0.353513211 -0.893606663 0.352081597 0.612269163 0.707930088 -0.0386138298 0.369238198 -0.928532302 0.483445048 0.592224181 0.644632697 0.303464144 -0.373907954 0.876414478 0.0419123098 -0.130070776 0.990618527 0.100317597 0.122436047 0.987393498 4.96630605e-07 0.948187053 -0.317712724 0.248495325 -0.958601773 0.139041945 -0.0496638976 -0.990953863 0.124675594 0.236227378 -0.961749971 0.138685092 0.511778772 -0.84745419 0.141080871 0.481044561 0.85089314 0.211132392 0.0860718638 0.618310213 0.781206846 -0.373701632 -0.711969972 -0.594513118 -0.111486427 -0.602581441 -0.790231884 -0.275802672 -0.689670503 -0.66954273 -0.50339818 -0.729927003 -0.46238178 -0.545806885 -0.691153944 -0.473709881 -0.376139462 -0.915703058 0.141446531 -0.280627668 -0.949569941 0.139874786 -0.444118023 -0.884696126 0.141675219 -0.511779606 -0.847453833 0.14108026 -0.159222469 0.501286387 0.850505769 -0.190504909 0.536485255 0.82212615 -0.132350281 0.470288336 0.872532129 -0.21659781 -0.491000295 -0.843803346 -0.493352473 -0.265525818 -0.828311205 -0.351246595 -0.378846228 -0.856213331 -0.20715341 0.554813445 0.805772722 -0.327079833 -0.0746750608 -0.942041576 -0.357425272 -0.0992042422 -0.928657949 -0.336287886 -0.0820842311 -0.938175142 0.0015393073 0.612491548 -0.790475667 0.00162843883 0.611562371 -0.791194558 6.41372098e-05 0.627743483 -0.778420269 -0.0791268051 -0.572992086 -0.815732181 0 0.628401101 -0.777889431 -9.00756945e-08 -0.622803748 -0.782378137 -0.312778115 -0.0632244647 -0.947719634 0.533271551 0.845114589 0.0374544449 0.681909978 0.726757646 -0.0825957581 0.682920754 0.725704014 -0.0835038349 0.799105108 0.566228509 -0.202030703 -0.503312707 -0.238520443 0.83053261 -0.128989086 0.191615552 0.972957015 0.142823771 -0.474985123 -0.868326247 0.156125471 -0.4320032 -0.888255596 0.16094318 -0.415862262 -0.895073116 0.163802356 -0.406132102 -0.899013638 0.247815147 -0.472963393 -0.845513642 0.715945244 -0.281237662 0.639005482 0.916696608 0.0936587825 0.38845256 0.583723366 -0.647400677 -0.490040153 0.166351825 0.844528675 -0.509017229 -0.61868149 -0.52162379 0.587487698 -0.0867108479 0.311522961 0.946274042 -0.041757822 -0.133528411 0.990164936 0.894388378 -0.336580217 0.294590235 -0.0384551063 0.914620459 0.402480662 0.718638599 -0.354205102 0.598412454 0.390818179 0.913306296 -0.114598423 0.0982067212 -0.147527546 0.984170258 0.148919418 -0.569588065 -0.80832696 0.30709511 0.834540904 -0.457421184 0.108615696 0.850946903 -0.513898849 0.0997330993 0.85657078 -0.506300151 0.0297190323 0.856034398 -0.516063869 0.0111630931 0.842663407 -0.538325012 0.00547048356 0.865405619 -0.501042128 -0.0100262566 0.797637641 -0.60305351 0.0122076105 0.815495133 -0.578635216 -0.0011899987 0.860461056 -0.509514689 -0.823464394 0.567367971 -2.07041069e-08 -0.998393357 -0.0338751152 0.0454211496 -0.990336716 -0.138634086 0.00369261345 -0.987074554 0.159752309 0.01276467 0.924986124 0.379977077 0.00423342735 -0.00930090901 0.961436927 -0.274868309 -0.670254946 -0.0106582353 0.742054284 0.907991827 0.322842807 -0.267064124 0.630079687 -0.314550668 -0.709970057 0.446959198 -0.894554317 3.18509201e-08 0.446959198 -0.894554317 3.03843244e-08 0.446959108 -0.894554317 2.17886402e-08 0.411594242 0.0065449751 0.911343634 -0.0116201239 0.999873936 -0.0108289002 0.0299926568 -0.873904824 -0.485170871 0.179151878 0.679513335 0.711453676 0.097790733 0.86586386 0.490628928 0.0283799414 0.813873291 0.580348909 0.000721036398 0.524564326 -0.851370513 -0.000750586914 0.429934293 -0.902859807 0.000734203204 0.525385916 -0.850863814 -0.863785565 0.273963183 0.422869563 0.897084951 0.320383698 -0.30429092 -0.691658854 0.717430055 0.0830796435 -0.672377586 0.739764512 0.0256307852 -0.685082436 0.725776374 0.0625363588 -0.86563158 -0.489918262 -0.103257738 -0.849749207 -0.52138561 -0.0779962018 -0.637241125 -0.170304283 -0.75161171 0.999596834 -0.0279350113 0.00507994834 0.965198457 0.228297859 0.127562165 0.990984201 -0.117292017 -0.0647527799 0.141771019 0.769752443 0.622400284 0.818043411 -0.0130079025 -0.575009286 0.803034782 0.00855886284 0.595870674 -0.694980264 -0.718938291 -0.0114100296 -0.694812596 -0.719100654 -0.0113898488 -0.595020413 -0.80371058 0 -0.707103372 -0.707110226 0 0.802952051 -0.452225149 -0.388278723 -0.707110167 -0.707103312 0 0.287045211 0.0654732659 0.955676854 0.488928288 -0.814175785 -0.313156575 0.712109268 0.66933322 0.21188052 0.721742928 0.639045656 0.265909493 0.662959933 0.747831702 0.0350976102 -0.161078379 0.530869961 -0.83200407 0.0307662897 -0.998057365 0.0541748926 -0.0522125214 -0.995611489 -0.0776634812 0.0150264539 -0.999058485 0.0406978242 0.973493099 0.193741024 0.121555097 0.867950976 0.433776051 0.241866663 0.556917906 0.0119283814 -0.830481887 0.99979043 0.0204599258 -0.000783193333 0.999956191 -0.00845872797 -0.00400766591 0.999974608 -0.00650488073 -0.00292654429 -0.396641046 0.917973697 0 0.999320686 0.00698245456 0.0361849442 0.978348136 0.206008971 0.0198789313 0.946542621 0.322578728 0 0.0130865267 -0.879448414 0.475814253 -0.000788008154 -0.870701671 0.491810948 0.0138251493 -0.854039311 0.520024836 0.304038972 -0.873257458 0.380764484 -0.00481424015 -0.837234914 0.54682219 -0.00448231958 -0.870127499 0.492806256 -0.0198192354 -0.863241851 0.504401386 -0.0147191817 -0.956406355 0.291667938 -0.0438123718 -0.91355598 0.404346347 0.263802856 -0.874008536 0.40806514 0.0111103123 -0.857039213 0.515131414 -0.0683810785 -0.918881774 0.388562024 -0.198343992 -0.906615734 0.372434676 0.0686369166 -0.925604761 0.372216135 0.0639276952 -0.957195401 0.282294422 0.014098308 -0.906835616 0.421248734 -0.0899965167 -0.87727648 0.471472859 -0.214423776 0.0140277967 -0.976640046 -0.404498816 0.00197160733 -0.914536417 0.379148871 0.814350784 -0.439407408 0.383999974 0.812777817 -0.438105226 -0.944973767 0.303981841 -0.120911516 -0.559327483 0.731471777 -0.390002191 0.852624774 0.360867798 -0.37789613 0.00433645118 0.887495339 -0.460796297 0.000684911734 0.852579474 -0.522597194 0.0141630154 0.84375453 -0.536542356 0.00679653464 0.862039924 -0.50679481 0.0621941611 0.799819231 -0.597010076 -0.00853255577 0.881189644 -0.472685963 -0.0379959159 0.849773288 -0.52577728 0.0354122072 0.819931209 -0.571365714 0.0127960015 0.869728625 -0.493364364 0.00422339514 0.857032835 -0.515244603 0.0243204087 0.914865851 -0.403024793 0.0249624625 0.910443664 -0.412879169 0.796348929 -0.481503934 -0.366035789 0.0107662929 0.832355678 -0.55413723 0.0619476847 0.806602776 -0.587838769 1 4.33610587e-08 0 1 1.12818825e-07 0 1 1.56276727e-07 0 0.349588096 -0.545648038 0.761614323 -0.282933444 -0.76722163 0.575603843 -0.697903693 0.70864284 0.103709534 -0.999895036 -0.00148408755 0.0144108925 -0.999013841 -0.0400148816 -0.0192393549 -0.99947685 -0.0308855642 0.00959888566 -0.999991655 0.00404260121 -0.000493530883 -0.983484447 0.180970773 -0.00279122544 -0.997891724 0.0480234921 0.0436551273 -0.557920456 0.00917195529 0.829843819 0.119877934 0.942053318 0.313312739 -0.00394197414 -0.863600969 -0.504160523 -0.0626144707 -0.869379818 -0.490161479 -0.0493138023 -0.860435188 -0.507168055 -0.106912725 -0.892043769 -0.439121425 0.00930093136 -0.71876359 0.695192337 -0.303500354 -0.865843117 0.397747785 0.0116024138 -0.927497625 0.373648793 -0.0153124966 -0.910126567 0.414047182 0.0408151075 -0.876890481 0.478954196 -0.104425766 -0.854801476 -0.50834012 -0.0813114569 -0.788357735 -0.609820008 -0.0148677565 -0.907470942 -0.419851691 0.00971101224 -0.90291518 0.429709136 -0.859882653 -0.350410193 0.371233881 0.811815739 -0.555929363 0.178599209 0.78557539 -0.534801185 0.311221808 0.870786309 0.0138470046 0.491466612 -0.999709427 0.00796580594 -0.0227493905 -0.999408543 0.0269524958 -0.0213601198 0.128820464 0.90706867 0.400788605 0.0976439863 0.925959647 0.364779919 -0.160588041 0.832278907 0.530587733 0.0821586996 0.825903177 -0.557793677 -0.723508537 -0.0625800788 0.687472939 -0.726349831 -0.00458609406 0.68730998 -0.726253033 -0.00791275967 0.687381864 -0.698631465 -0.243348911 0.672826409 0.22430481 0.377708137 -0.898345113 0.230428085 0.388091177 -0.89234978 0.186109588 0.312952191 -0.931356013 0.999952853 -0.00786801707 -0.00568266911 0.0369740576 -0.999316216 9.98609195e-08 0.0456898287 -0.99894613 0.00437873648 0.209796995 -0.973852396 0.0871593878 0.239255056 -0.965574861 0.102088951 -0.513024628 0.853304327 -0.093153812 -0.999984443 -0.00504968083 -0.00236036815 -0.999970317 -0.00698858872 -0.00326667679 -0.999997735 -0.00192653341 -0.000900506915 0.446959078 -0.894554377 0 -0.23809132 -0.966067076 0.100133955 -1 -3.76558056e-08 0 -0.400812894 -0.00637371 0.916137755 0.730872691 0.484671742 0.48053965 -0.786650836 0.243277892 0.567447126 0.999927223 -0.0109167546 -0.00514662312 0.9997648 -0.0199403316 -0.00852776133 0.999819756 -0.0174056739 -0.00757803349 0.999947906 -0.00917354133 -0.00449342886 -0.99994725 -0.00935830176 -0.00423394982 -0.999806225 -0.0181943737 -0.00752522983 -0.999924839 -0.0112224398 -0.00492831366 -0.999744296 -0.0209354144 -0.00854620524 -0.947244465 -0.319875389 0.0201899223 -0.0445549712 -0.958047628 -0.283124596 0.381648391 0.324629366 -0.865424871 0.0787451938 0.996824622 0.0118217533 -0.0193684399 0.998906076 -0.042561654 2.22002673e-05 0.99995625 -0.00935001671 0.00155936717 0.997522712 -0.0703269243 0.0206811074 0.998864233 -0.0429236181 -0.0787262246 0.996825695 0.0118683688 -0.381648093 0.324629188 -0.86542511 0.837823868 -0.545623124 0.0186183862 0.0681687444 -0.961294889 -0.266955405 0.0047632358 -0.877829254 -0.478949904 0.129882962 -0.887014508 -0.443097889 0.0547161363 -0.881866813 -0.468313009 -0.0262396373 -0.966956615 -0.253587276 -0.00975455344 -0.880997837 -0.47301963 0.185817003 -0.488145381 -0.852752149 0.00760840718 -0.854189992 -0.51990521 -0.00988047384 -0.858620822 -0.512515903 -0.934907794 0.098236829 0.341023475 0.950670481 0.306321621 -0.0489158966 -0.234945595 -0.928222954 -0.28844887 -0.469701022 0.333532333 0.817396581 -0.000762572628 0.429140687 -0.903237283 0.28703928 0.0654645339 0.955679238 0.295048118 0.497696847 -0.81562525 0.863641202 0.274097025 0.423077792 -0.443415672 0.756670237 0.480450392 -0.832048297 -0.135167897 0.537982643 -0.710389793 -0.192878172 -0.676863611 -0.422609806 0.746029139 0.514627457 0.46666801 -0.503752053 0.726948977 0.998399079 0.00635113893 0.0562046617 0.0256762896 -0.580245912 0.814036548 0.469608128 -0.685685933 0.556150138 0.0827077776 -0.578774631 0.811282456 0.99977994 0.0202522241 -0.00545401545 0.696781158 -0.717185557 -0.0118681816 0.696696579 -0.717267931 -0.0118594738 0.696695745 -0.717268765 -0.0118593881 0.696342111 -0.717612624 -0.0118230078 -0.098205857 0.92607224 0.364342988 -0.616785109 0.779563367 0.108890049 -0.70008868 0.712231278 -0.0510149114 -0.758370996 0.616282761 -0.212294102 -0.600090504 0.788270235 0.136093885 -0.0704061463 -0.997510016 -0.00409635063 -0.0299770217 -0.999427021 -0.0157199111 -0.0620679818 -0.998058319 -0.00521325879 -0.721273243 -0.682778478 -0.116526395 -0.714322388 -0.692283332 -0.102407217 -0.731315613 -0.667975485 -0.137790486 0.238451377 0.595835924 -0.766890168 0.025291441 0.690937519 -0.722471893 -0.0113553936 0.730837405 -0.682457209 -0.748618901 -0.638836086 -0.177364975 -0.00537661836 0.733191848 0.680000544 -0.0120258071 0.855877042 0.517039537 0.00248392648 0.871242642 0.490846336 0.00282193185 0.737835407 -0.67497474 0.0009283697 0.867644131 0.497184902 -0.0126535194 0.845044851 0.53454566 -0.000278542109 0.611584842 0.791178703 -0.00573693356 0.858989537 0.511960983 0.711015224 -0.69902277 -0.0763185844 0.387962282 0.50411731 -0.771589875 -0.102497913 0.866631508 0.488307297 -0.0512497127 0.855213821 0.515735209 -0.556018531 -0.00190091645 0.831167698 0.707113624 0.707099915 0 -0.54862529 0.00872425269 -0.836022794 -0.395396441 -0.0127789192 0.918421686 -0.993946791 -0.0693010911 0.0852470994 -0.0256703123 -0.580245912 0.814036667 -0.997881413 0 0.0650589243 -0.998603821 0.0233373828 0.0473888554 -0.467817605 -0.506403744 0.724363208 -0.697487235 -0.716501534 -0.0117123229 -0.990845382 -0.118499778 -0.0646787733 0.726126254 0.677986324 -0.114346609 -0.959104359 0.251312405 -0.130233914 -0.735566318 0.671323299 -0.0909249187 -0.737689555 0.669474542 -0.0872807205 -0.771845877 0.635351419 -0.0241360757 -0.221252203 0.881453812 -0.417237043 0.735142171 0.672466934 -0.0857573226 0.73693639 0.670173526 -0.0882739276 0.769125342 0.624434352 -0.136117116 0.734520853 -0.503917336 0.454473644 0.8000741 -0.51078707 0.31460771 0.779494762 -0.509790242 0.364008009 -0.864394009 -0.426009774 0.267093122 0.424429208 0.813087046 -0.398433626 0.815381467 -0.421443582 0.396910965 -0.439934403 0.825995624 -0.352404386 0.486186713 0.705239654 -0.51600343 -0.863376081 -0.350148946 0.363286853 -0.879327953 -0.350923926 0.321923405 -0.885214508 -0.351040602 0.305230767 -0.689170361 0.705713212 -0.164356723 0.845238566 -0.505830169 0.172359094 0.00789950415 0.95106101 0.308902174 -0.0696683452 0.952324986 0.29702422 0.163260952 0.0611997992 -0.984682858 0.0941608027 0.771768034 0.62889415 -0.188285708 0.100968935 -0.976910293 0.685399771 0.727870286 -0.0207835063 -0.00877265725 0.106266811 -0.994298935 -0.903759241 -0.350573659 0.245596036 -0.829823196 -0.550184548 0.0932227597 0.0388126969 -0.992468834 -0.116185471 0.0491003953 -0.998776913 -0.00581126986 0.0827938244 -0.995090783 -0.0542177185 0.258207262 -0.832094789 -0.490863919 0.134238318 -0.935092747 -0.327996552 0.968471229 0.205866635 -0.14029412 -0.0477319285 0.92894882 -0.36711809 0.111203149 0.910584509 -0.398082405 0.0981044173 -0.976029873 0.194271073 0.152493149 -0.94667846 0.28380543 0.00134397205 0.558626413 0.829418361 0.000337828562 0.557407856 0.83023876 0.00066386105 0.557802856 0.829973161 -0.000152870532 0.556812942 0.830637872 0.730772376 0.00283399411 -0.68261528 -0.802308977 0.0594905503 -0.593937039 0.762038171 -0.134719759 -0.633362889 -0.730907083 -0.0425597094 -0.681148589 0.920382559 0.391015142 0.00175780361 0.980705917 0.195407718 0.00562851597 0.92921418 -0.369348764 -0.0119389426 0.978767753 0.204886839 0.00592468586 -0.0408023 -0.999151647 -0.00559099717 -0.620148659 -0.78444922 0.00742880208 -0.58207792 -0.813103259 0.00696201297 -0.769710958 -0.638325155 0.00926729385 -0.441170275 -0.897408247 0.0052373684 -0.996116936 0.0876293927 -0.00849303603 -0.962995231 0.269183576 -0.0134332832 -0.996260822 0.0859818086 -0.00844725873 -1.74858189e-06 0 1 -1.56433077e-06 0 1 -1.82252381e-06 0 1 0.685918808 0.727664649 -0.00443621865 0.768617451 0.639689267 -0.00499602966 0.685028672 0.728502631 -0.00443020789 0.999887943 -0.0138940727 -0.00557427015 0.996467888 -0.083936289 -0.00253025396 0.996293366 -0.0859863311 -0.00244069984 -0.580998898 0.813882291 0.00599832786 -0.600217581 0.799812257 0.00627255114 -0.580733299 0.814071774 0.00599454716 0.610367358 -0.57971251 0.539800942 0.714480877 -0.699572325 0.0107539408 -0.987763107 -0.155958101 -0.00108872214 -0.999202609 -0.0395755544 -0.0052832826 -0.987416208 -0.158139631 -0.00100921094 0.0498067103 0.998737812 -0.00648843218 0.379447073 0.925192356 0.00625199499 0.385850221 0.922538519 0.00650968216 -0.213464439 0.976873338 -0.0123034017 -0.108975142 0.99401474 -0.00768818473 -0.106434591 0.994290829 -0.00757557061 0.0351377316 -0.666924059 0.74429667 -0.208160341 0.974795282 0.0802710131 0.0573505722 0.998124897 -0.0213914812 0.120292358 0.992125809 -0.0348730609 0.926428616 -0.376274258 -0.0121533619 -0.887154758 -0.461022943 -0.0203541573 -0.961844325 0.273262054 -0.0135418065 1.14144984e-06 0 1 9.04724857e-07 0 1 2.28812814e-06 0 1 0.999909341 -0.0122274412 -0.00564633077 -0.600625932 0.799505532 0.00627839146 -0.0618933812 -0.998081625 -0.00151422201 -0.117613368 -0.993059456 -9.44710155e-06 -0.0600723885 -0.998164952 -0.00761455484 -0.0125094783 -0.9999156 -0.00350929936 0.488377362 -0.872632265 -0.000734234753 0.148964569 -0.988815367 -0.00733589102 -0.0960213318 -0.995130599 -0.0222469531 -0.0526008643 -0.998365641 -0.0223402996 -0.199085042 -0.971929908 0.125368714 0.469095677 -0.873441637 0.130571589 -0.0510084033 -0.998669982 -0.00750511698 -0.0261157136 -0.999658346 -0.00107235415 -0.160025656 -0.987024307 0.0132214287 -0.651508451 -0.758634329 -0.00329393591 0.777905226 0.626609623 -0.0471582599 0.770353913 0.636742353 -0.0333766751 0.786398113 0.614471376 -0.0632680207 -0.999316096 -0.0365818888 -0.0053899684 0.0731499866 -0.997301638 -0.00621182658 0.0408019871 0.999143958 -0.00682310481 0.668402672 -0.743774951 -0.00604367675 -0.277171314 0.955146909 0.104261898 0.142735794 0.989336967 -0.0289635751 0.198212788 0.974734843 -0.102973491 0.205219463 0.973406076 -0.101811342 0.100196682 0.987885714 -0.118501045 0.0776231214 0.98950386 -0.121887833 -0.840863585 0.485328853 0.239591986 -0.912610352 0.365293443 0.183583945 -0.940492094 0.302765071 0.154298171 -0.263914138 0.96438539 0.0176119506 -0.936627507 0.350286365 -0.00533972261 -0.165363625 0.986200869 -0.00791411288 0.762498677 0.646695137 -0.0195233412 -0.322834134 0.946419418 0.00826599542 -1.65274258e-07 0 1 0.769732535 0.63834691 -0.00500359992 -0.216786191 0.976139724 -0.0124495849 -0.795221269 0.544358611 0.267014682 0.966237664 0.0882246047 -0.24207671 0.988773525 0.0645164698 -0.134775713 0.989955246 0.0627166629 -0.126709163 0.505661726 0.830715656 0.232846946 -0.00753355771 0.120944783 0.99263072 0.966731727 0.253020585 0.0375541598 0.963981092 0.26160863 0.0479740389 0.977740347 0.209301516 -0.0147202378 -0.774419665 0.632608175 0.00900197867 -0.00486902846 -0.998255014 -0.0588473752 -0.00932129193 -0.998556197 -0.0529021882 -0.0115866121 -0.998688221 -0.0498758741 -0.662045717 0.738578141 -0.127270445 -0.585753322 0.777149379 -0.230069652 -0.441167086 0.809898555 -0.386569381 0.998067021 0.0440816693 -0.0438063182 0.668318391 0.697279394 0.259137124 0.670453906 0.698178232 0.251075178 0.674268544 0.69970721 0.236160696 -0.935441613 0.336155921 -0.109307922 -0.912016273 0.320481867 -0.255964339 -0.939452648 0.334556699 -0.0741656423 -0.942263007 0.334793538 -0.00732897408 -0.942968726 0.332855821 -0.00413053017 -0.943543553 0.331192136 -0.00610047532 0.810919344 -0.553830326 -0.188896045 -0.00628932845 0.5232535 -0.852153957 -0.00233562523 0.517876923 -0.855451882 -0.00420332793 0.520420372 -0.853899896 0.000782162184 0.513617098 -0.858019173 0.952106833 0.293199867 0.0867552012 -0.016193755 -0.998912573 -0.0437181555 -0.775393069 0.626735508 0.0772539005 0.676774919 0.585188806 0.44668749 0.552572787 0.171377614 -0.815654993 0.0575265214 -0.3093521 0.949205995 -0.0063508749 -0.257205784 0.966335833 0.01038766 -0.195789889 0.980590761 0.286727101 0.261706948 0.921573162 0.465252012 -0.205554426 0.860980749 0.0794352517 -0.364521801 0.927800477 -0.752485454 -0.561398864 -0.344379097 -0.791779637 -0.570055902 -0.219365641 -0.726878583 -0.553057015 -0.407155424 -0.0942348093 -0.0304820519 0.995083153 -0.504914284 0.286214232 0.814336061 -0.237501457 0.197863951 0.951022029 -0.803073525 -0.570770144 -0.171155527 0.67714417 0.700787902 0.224437281 -0.265122473 -0.890636444 0.36942783 0.820988536 0.0162397753 0.570713758 0.763294518 0.184464112 0.619156301 -0.879406273 -0.32910347 0.343999147 -0.792090416 -0.00338610681 0.610394359</float_array>
          <technique_common>
            <accessor source="#normals_array" count="3100" stride="3">
              <param name="X" type="float" />
              <param name="Y" type="float" />
              <param name="Z" type="float" />
            </accessor>
          </technique_common>
        </source>
        <vertices id="vertices">
          <input semantic="POSITION" source="#positions" />
        </vertices>
        <triangles material="scout_1a1f21" count="1939">
          <input semantic="VERTEX" source="#vertices" offset="0" />
          <input semantic="NORMAL" source="#normals" offset="1" />
          <p>25 60 26 61 27 62 27 63 28 64 29 65 30 66 31 67 32 68 33 69 28 69 34 69 29 70 35 70 36 70 37 71 30 71 32 71 25 72 38 73 31 74 39 75 40 75 37 75 40 76 39 77 31 74 28 78 35 78 34 78 35 79 38 80 41 81 42 82 43 82 33 82 44 83 41 81 38 80 44 83 36 84 41 81 25 60 30 66 26 61 27 63 26 85 28 64 29 86 43 87 35 88 36 84 35 79 41 81 43 89 28 89 33 89 26 90 35 90 28 90 30 91 37 91 26 91 25 72 44 92 38 73 31 74 38 73 40 76 25 93 27 93 29 93 28 94 43 94 29 94 31 67 30 66 25 60 38 95 35 95 26 95 37 96 40 96 38 96 37 97 38 97 26 97 25 98 29 99 44 100 36 101 44 100 29 99 32 102 31 102 37 102 31 103 39 103 37 103 42 104 33 104 35 104 42 105 35 88 43 87 35 106 33 106 34 106 45 107 46 108 47 109 48 110 49 111 50 112 51 113 52 114 53 115 46 116 54 117 55 118 51 113 56 119 52 114 46 120 57 121 58 122 54 123 49 124 53 125 47 126 59 127 60 128 61 129 50 130 62 131 50 132 63 133 48 134 50 112 49 111 55 135 56 136 64 136 62 136 65 137 47 137 46 137 58 138 64 139 51 140 47 141 60 141 66 141 63 142 61 143 62 144 67 145 58 145 68 145 51 140 69 146 58 138 70 147 63 147 49 147 55 118 57 148 46 116 53 149 49 149 48 149 62 150 53 150 48 150 50 151 53 151 62 151 64 152 53 153 52 154 70 155 71 156 72 157 56 158 62 159 52 160 64 161 52 161 67 161 63 162 58 163 67 164 63 162 67 164 52 160 48 165 52 160 62 159 63 162 52 160 48 165 60 166 46 108 45 107 60 166 45 107 66 167 47 168 66 168 73 168 47 169 73 170 45 171 74 172 65 173 71 174 65 173 46 175 71 174 75 176 74 176 71 176 76 177 63 133 50 132 60 178 59 179 70 180 46 181 60 178 70 180 69 182 51 182 77 182 65 183 72 183 75 183 70 184 65 185 75 186 61 129 70 187 50 130 70 187 74 188 50 130 61 143 63 142 70 189 75 190 72 191 46 192 50 193 55 194 53 195 55 194 58 196 53 195 53 125 68 197 54 123 68 197 58 198 54 123 47 126 65 199 59 127 49 200 76 201 55 202 75 203 55 202 76 201 55 204 54 204 58 204 56 205 68 205 64 205 51 206 57 207 77 208 77 209 57 210 78 211 69 212 79 213 57 210 79 213 78 211 57 210 70 214 59 215 45 216 70 184 45 171 73 170 65 185 70 184 73 170 73 217 66 217 65 217 68 218 56 218 67 218 59 219 65 219 66 219 59 215 66 220 45 216 46 192 69 221 75 190 69 212 57 210 75 222 51 206 53 223 57 207 49 224 63 224 76 224 62 144 64 225 63 142 64 225 58 226 63 142 57 121 53 227 58 122 74 228 75 228 76 228 50 229 74 229 76 229 57 230 55 230 75 230 78 231 79 232 77 233 69 234 77 233 79 232 72 235 65 236 74 188 74 188 70 187 72 235 54 237 46 238 70 239 70 239 49 240 54 237 46 241 58 241 69 241 72 242 71 242 46 242 64 152 68 243 53 153 70 155 75 244 71 156 259 571 260 572 261 573 262 574 263 574 264 574 265 575 266 576 267 577 261 573 268 578 259 571 264 579 269 579 270 579 271 580 272 580 273 580 274 581 275 581 276 581 264 582 277 582 278 582 270 583 279 583 278 583 271 584 279 584 270 584 273 585 272 585 260 585 280 586 281 587 274 588 282 589 283 589 274 589 284 590 285 590 264 590 276 591 283 591 282 591 273 592 260 592 268 592 261 593 260 593 286 593 278 594 271 595 262 596 287 597 288 598 283 599 288 598 263 600 283 599 289 601 290 602 291 603 289 601 292 604 293 605 294 606 295 607 296 608 295 607 289 609 297 610 296 608 295 607 297 610 292 604 289 601 298 611 299 612 297 613 289 601 300 614 299 612 289 601 301 615 300 614 289 601 298 611 289 601 291 603 302 616 301 615 289 601 293 605 302 616 289 601 291 603 290 602 303 617 303 617 290 602 304 618 304 618 290 602 305 619 305 619 290 602 306 620 306 620 290 602 307 621 290 602 287 597 308 622 307 621 290 602 309 623 309 623 290 602 308 622 310 624 309 623 308 622 308 622 311 625 310 624 263 600 281 626 283 599 312 627 281 627 261 627 261 628 308 622 275 629 261 628 275 629 312 630 275 631 283 599 281 626 283 599 308 622 287 597 263 632 270 633 269 634 289 635 295 636 313 637 314 638 295 636 267 577 295 636 261 639 276 640 295 636 314 638 313 637 315 641 290 642 316 643 290 642 289 644 316 643 316 643 289 644 317 645 286 646 264 647 281 648 280 649 286 650 312 651 261 652 280 653 276 654 263 655 288 656 282 657 318 658 288 656 319 659 288 656 320 660 319 659 288 656 318 658 321 661 321 661 322 662 282 657 288 656 321 661 282 657 282 663 274 663 263 663 323 664 317 645 289 644 324 665 323 664 289 644 264 666 274 588 281 587 325 667 324 665 289 644 326 668 325 667 289 644 327 669 326 668 289 644 328 670 327 669 289 644 313 671 328 670 289 644 267 577 295 636 329 672 329 672 295 636 330 673 330 673 295 636 331 674 331 674 295 636 332 675 332 675 295 636 333 676 333 676 295 636 334 677 334 677 295 636 335 678 335 678 295 636 265 575 265 575 295 636 336 679 295 636 276 640 336 679 337 680 336 679 276 640 276 640 266 576 337 680 286 646 281 648 312 681 274 682 276 682 280 682 320 660 288 683 287 684 318 658 319 659 322 662 319 659 320 660 322 662 322 662 321 661 318 658 320 660 287 684 322 662 282 657 322 662 287 684 276 640 282 657 287 684 276 640 287 684 290 642 276 640 290 642 266 576 315 641 316 643 317 645 290 642 315 641 266 576 336 679 337 680 265 575 337 680 266 576 265 575 315 641 317 645 323 664 323 664 324 665 325 667 325 667 326 668 323 664 326 668 327 669 323 664 327 669 328 670 313 671 313 671 314 638 315 641 314 638 267 577 266 576 315 641 314 638 266 576 267 577 329 672 330 673 330 673 331 674 267 577 331 674 332 675 267 577 332 675 333 676 334 677 334 677 335 678 265 575 315 641 323 664 327 669 327 669 313 671 315 641 332 675 334 677 267 577 334 677 265 575 267 577 263 600 261 685 281 626 269 686 278 686 279 686 261 687 273 687 268 687 269 634 285 688 263 632 293 605 292 604 303 617 292 604 298 611 303 617 298 611 291 603 303 617 303 617 304 618 305 619 305 619 306 620 307 621 307 621 309 623 294 689 309 623 310 624 294 689 310 624 311 625 294 689 303 617 305 619 293 605 305 619 307 621 293 605 301 615 302 616 293 605 299 612 300 614 301 615 296 690 297 613 299 612 295 691 294 689 311 625 294 689 296 690 307 621 296 690 299 612 307 621 299 612 301 615 293 605 293 605 307 621 299 612 261 628 295 691 308 622 311 625 308 622 295 691 338 692 286 693 339 694 286 695 260 695 339 695 260 696 272 696 339 696 272 697 338 692 339 694 340 698 268 699 272 700 272 701 271 702 278 703 278 703 340 704 272 701 274 705 283 705 275 705 272 700 268 699 338 706 269 634 279 707 277 708 285 688 269 634 277 708 279 709 271 710 277 711 271 710 273 712 277 711 261 713 263 632 285 688 273 714 261 715 340 716 261 713 285 688 284 717 261 713 284 717 340 718 340 716 277 719 273 714 276 720 275 720 308 720 262 721 264 721 270 721 278 594 262 596 270 722 338 723 259 724 286 725 264 726 285 726 277 726 263 727 262 727 271 727 271 728 270 728 263 728 280 649 312 651 275 729 280 730 275 730 281 730 278 703 277 731 340 704 274 732 264 732 263 732 286 733 280 653 261 652 276 734 308 734 283 734 259 724 268 735 340 736 259 724 340 736 284 737 264 647 286 646 284 738 286 725 259 724 284 737 264 739 278 739 269 739 259 740 338 740 260 740 338 741 268 741 260 741 341 742 342 743 343 744 344 745 345 746 343 747 346 748 347 749 348 750 349 751 347 751 350 751 351 752 352 752 353 752 351 753 354 753 352 753 355 754 352 754 356 754 357 755 358 756 359 757 360 758 361 758 355 758 354 759 351 759 362 759 363 760 343 761 358 762 358 763 341 763 364 763 365 764 361 765 357 766 366 767 367 768 355 769 368 770 350 770 346 770 341 771 369 772 364 773 344 774 359 774 365 774 358 775 343 776 359 777 343 776 365 778 359 777 341 742 368 779 342 743 353 780 352 781 362 782 344 783 357 783 345 783 364 784 369 785 342 786 366 787 347 787 349 787 356 788 352 789 370 790 344 791 342 786 369 785 359 792 344 791 369 785 350 793 366 794 364 795 366 794 359 792 364 795 371 796 349 797 350 793 364 795 371 796 350 793 364 795 359 792 363 798 359 792 369 785 363 798 348 750 347 749 366 799 343 747 342 800 344 745 341 801 349 802 348 803 348 803 368 804 341 801 349 805 346 805 348 805 357 755 361 806 358 756 360 807 370 807 361 807 362 808 367 808 341 808 362 809 341 809 354 809 354 810 341 811 358 812 358 812 370 813 354 810 361 814 343 815 345 816 345 816 367 817 361 814 355 818 356 819 351 820 355 818 351 820 353 821 360 822 355 823 357 824 357 824 359 825 360 822 356 819 360 822 351 820 360 822 359 825 351 820 362 826 351 826 359 826 362 827 359 792 366 794 353 780 362 782 366 828 366 829 355 818 353 821 355 830 367 831 357 832 367 831 345 833 357 832 350 834 347 749 346 748 360 835 356 788 370 790 363 760 369 836 343 761 355 837 361 837 352 837 368 838 346 838 349 838 349 839 371 839 368 839 349 840 341 840 366 840 363 841 358 841 364 841 357 842 344 842 365 842 365 764 343 843 361 765 366 767 341 844 367 768 370 813 358 812 361 845 352 846 361 814 367 817 367 847 362 847 352 847 352 848 354 810 370 813 341 771 343 849 369 772 342 850 368 850 364 850 368 851 371 851 364 851 368 852 348 852 366 852 350 853 368 853 366 853 372 854 373 855 374 856 375 857 376 858 377 859 378 860 376 860 379 860 376 861 380 862 381 863 373 864 382 865 375 866 383 867 384 868 374 869 381 870 384 871 385 872 386 873 387 874 388 875 372 876 374 877 382 878 384 879 382 878 374 877 389 880 390 880 385 880 376 861 382 881 380 862 373 864 372 882 382 865 381 883 385 884 390 885 381 883 390 885 383 886 383 886 373 887 381 883 391 888 379 889 373 890 379 891 381 883 373 887 383 867 388 875 384 868 389 892 385 893 388 894 378 895 379 889 391 888 388 875 383 867 386 873 390 885 386 896 383 886 377 897 391 897 375 897 391 898 376 898 378 898 388 894 385 893 384 899 376 858 375 857 382 900 381 870 380 901 384 871 380 902 382 902 384 902 376 903 381 903 379 903 375 904 391 904 373 904 390 905 389 905 388 905 374 856 373 855 383 906 387 907 386 907 390 907 377 908 376 908 391 908 390 909 388 909 387 909 392 910 393 910 394 910 395 911 396 912 397 913 398 914 399 914 395 914 399 915 400 915 395 915 400 916 399 916 401 916 402 917 403 917 397 917 404 918 405 918 406 918 398 919 401 919 407 919 407 920 401 921 408 922 409 923 410 924 411 925 412 926 402 927 413 928 412 926 413 928 414 929 415 930 410 931 412 932 416 933 417 933 418 933 419 934 418 935 420 936 419 937 416 937 418 937 410 938 419 938 412 938 419 939 410 924 409 923 405 940 421 940 406 940 409 923 416 941 419 939 418 935 409 942 420 936 418 943 416 943 409 943 399 944 397 945 403 946 402 947 399 947 413 947 398 948 396 949 404 950 422 951 423 952 424 953 415 954 404 950 396 949 398 955 395 955 397 955 400 956 398 956 397 956 425 957 404 958 394 959 425 960 394 961 393 962 392 963 394 963 426 963 406 964 422 964 404 964 396 965 398 965 407 965 411 966 407 966 422 966 415 967 412 968 414 969 414 969 397 970 415 967 408 971 401 972 403 946 403 946 410 973 408 971 401 972 399 944 403 946 402 974 419 974 420 974 404 975 427 975 405 975 415 930 396 976 410 931 402 977 397 977 414 977 409 923 424 953 407 978 409 923 407 978 420 979 428 980 429 980 407 980 429 981 420 982 407 983 407 984 402 984 428 984 407 985 411 985 410 985 425 986 407 986 404 986 424 953 409 923 411 925 425 960 393 962 426 987 405 988 427 988 392 988 426 989 423 989 392 989 423 990 405 990 392 990 400 991 401 991 398 991 421 992 404 992 430 992 412 926 419 993 402 927 399 994 398 995 408 996 408 996 410 997 413 998 408 996 413 998 399 994 404 999 407 1000 424 1001 424 1001 423 1002 404 999 404 999 423 1002 393 1003 423 1004 426 987 393 962 404 958 415 1005 394 959 397 1006 426 1006 394 1006 415 1007 397 1007 394 1007 422 951 405 1008 423 952 410 1009 402 1009 414 1009 410 1010 396 912 395 911 410 1011 395 1011 400 1011 410 1012 400 1012 397 1012 422 1013 408 1014 404 1015 398 1016 404 1015 408 1014 427 1017 404 1017 421 1017 392 1018 427 1018 421 1018 430 1019 404 1020 431 1021 404 1022 392 1023 431 1024 421 1025 431 1025 392 1025 399 1026 410 1026 397 1026 426 1027 397 1027 407 1027 425 960 426 987 407 1028 402 1029 410 1029 399 1029 407 1030 403 1030 402 1030 411 925 422 951 424 953 408 922 422 1031 407 920 429 981 428 1032 402 1033 402 1033 420 982 429 981 410 1034 403 1034 407 1034 422 1035 406 1036 430 1037 406 1036 421 1038 430 1037 421 1039 405 1039 431 1039 422 1035 430 1037 405 1040 430 1019 431 1021 405 1041 407 1042 397 1042 396 1042 392 1023 404 1022 393 1043 432 1044 433 1045 434 1046 435 1047 436 1047 437 1047 438 1048 439 1049 440 1050 441 1051 434 1052 433 1053 442 1054 443 1054 440 1054 444 1055 440 1056 445 1057 442 1058 446 1058 445 1058 447 1059 437 1059 438 1059 448 1060 441 1051 433 1053 438 1061 449 1062 450 1063 451 1064 437 1065 449 1066 452 1067 443 1067 442 1067 450 1068 447 1068 438 1068 435 1069 451 1069 453 1069 440 1070 454 1071 452 1072 439 1073 453 1073 455 1073 456 1074 457 1075 434 1076 457 1077 432 1044 434 1046 432 1044 456 1074 448 1078 456 1074 434 1076 448 1078 448 1078 433 1045 432 1044 435 1079 455 1080 436 1081 458 1082 435 1082 459 1082 442 1083 458 1083 459 1083 448 1084 460 1084 441 1084 438 1048 435 1085 439 1049 441 1051 447 1086 434 1052 440 1087 456 1087 447 1087 439 1088 435 1088 453 1088 455 1089 444 1089 439 1089 444 1090 445 1090 439 1090 458 1091 446 1091 435 1091 458 1092 445 1092 446 1092 441 1093 460 1094 432 1095 444 1055 456 1096 440 1056 457 1097 461 1098 447 1099 459 1100 438 1101 443 1102 443 1102 438 1101 456 1103 454 1104 443 1102 456 1103 452 1105 454 1105 456 1105 456 1106 444 1106 452 1106 461 1107 457 1108 438 1109 457 1108 456 1110 438 1109 435 1111 437 1065 451 1064 461 1107 438 1109 437 1112 447 1113 449 1113 437 1113 446 1114 459 1100 443 1102 446 1115 443 1116 452 1117 444 1118 455 1080 435 1079 452 1117 444 1119 446 1115 446 1120 444 1118 435 1079 435 1121 438 1101 459 1100 458 1122 442 1122 439 1122 442 1123 440 1123 439 1123 458 1124 439 1124 445 1124 438 1061 451 1125 449 1062 452 1072 445 1126 440 1070 445 1127 452 1127 442 1127 449 1128 447 1099 461 1098 461 1129 437 1129 436 1129 447 1130 456 1130 460 1130 456 1131 432 1095 460 1094 436 1132 440 1133 449 1128 447 1134 441 1134 432 1134 447 1099 432 1135 457 1097 461 1098 436 1132 449 1128 440 1133 447 1136 450 1137 450 1137 449 1128 440 1133 453 1138 451 1138 455 1138 436 1139 455 1139 451 1139 451 1140 438 1140 440 1140 440 1141 436 1141 451 1141 440 1142 443 1142 454 1142 442 1143 459 1143 446 1143 460 1144 448 1145 434 1146 460 1144 434 1146 447 1147 462 1148 463 1149 464 1150 465 1151 466 1151 467 1151 468 1152 469 1153 470 1154 471 1155 472 1156 473 1157 474 1158 475 1158 476 1158 477 1159 478 1160 479 1161 480 1162 481 1162 482 1162 483 1163 484 1163 485 1163 486 1164 468 1164 487 1164 488 1165 489 1166 490 1167 491 1168 492 1168 476 1168 493 1169 494 1170 495 1171 474 1172 496 1173 497 1174 483 1175 498 1176 499 1177 500 1178 501 1179 487 1180 486 1181 502 1181 503 1181 469 1182 500 1182 487 1182 504 1183 505 1183 463 1183 506 1184 507 1184 508 1184 474 1185 509 1185 510 1185 511 1186 512 1187 513 1188 491 1189 497 1190 475 1191 508 1192 507 1192 514 1192 515 1193 507 1194 506 1195 516 1196 517 1197 512 1187 518 1198 519 1198 520 1198 521 1199 520 1199 522 1199 514 1200 492 1200 494 1200 491 1201 468 1201 492 1201 488 1202 523 1203 524 1204 525 1205 526 1205 495 1205 465 1206 527 1206 528 1206 465 1207 529 1208 530 1209 521 1210 531 1210 518 1210 532 1211 533 1212 534 1213 535 1214 536 1214 537 1214 518 1215 531 1215 519 1215 538 1216 495 1217 539 1218 540 1219 538 1216 494 1220 541 1221 486 1221 542 1221 543 1222 544 1222 519 1222 519 1223 544 1224 545 1225 544 1226 521 1226 545 1226 546 1227 478 1227 477 1227 467 1228 547 1229 548 1230 549 1231 550 1232 488 1165 543 1233 545 1233 521 1233 543 1234 531 1235 545 1236 491 1237 482 1238 469 1239 506 1240 551 1241 494 1242 552 1243 553 1243 554 1243 514 1244 507 1244 555 1244 556 1245 480 1246 492 1247 545 1236 531 1235 522 1248 522 1249 557 1250 558 1251 558 1252 559 1253 560 1254 468 1255 561 1255 541 1255 562 1256 563 1257 564 1258 558 1259 479 1259 522 1259 554 1260 500 1260 469 1260 493 1261 565 1261 474 1261 566 1262 567 1262 526 1262 536 1263 566 1263 568 1263 568 1264 566 1264 526 1264 535 1265 537 1265 526 1265 482 1266 497 1266 556 1266 535 1267 568 1268 463 1269 491 1270 476 1270 569 1270 570 1271 505 1272 571 1273 537 1274 572 1275 526 1276 536 1277 463 1277 572 1277 573 1278 504 1278 463 1278 574 1279 484 1280 498 1281 575 1282 576 1282 577 1282 484 1280 578 1283 511 1284 491 1189 475 1191 474 1285 535 1286 526 1286 567 1286 552 1287 487 1287 553 1287 579 1288 580 1288 533 1288 493 1289 495 1289 476 1289 496 1290 475 1290 497 1290 570 1291 581 1291 575 1291 582 1292 463 1292 583 1292 583 1293 463 1293 564 1293 556 1294 584 1294 481 1294 502 1295 486 1295 487 1295 562 1296 585 1296 586 1296 483 1297 587 1297 464 1297 510 1298 509 1298 493 1298 552 1299 561 1299 569 1299 523 1300 527 1301 588 1302 587 1303 516 1303 464 1303 516 1304 512 1305 462 1306 464 1150 516 1307 462 1148 512 1305 589 1308 590 1309 462 1306 512 1305 590 1309 591 1310 513 1310 472 1310 511 1311 513 1312 592 1313 499 1314 511 1314 464 1314 499 1177 498 1176 511 1315 464 1316 511 1311 592 1313 513 1312 591 1317 592 1313 573 1318 463 1319 483 1320 573 1318 483 1320 574 1321 593 1322 590 1323 594 1324 594 1324 592 1325 591 1326 473 1327 593 1322 594 1324 589 1328 463 1329 473 1327 591 1326 590 1330 589 1328 473 1327 594 1324 591 1326 591 1326 589 1328 473 1327 563 1331 562 1332 571 1333 562 1332 570 1334 571 1333 470 1335 469 1336 571 1337 564 1258 582 1338 585 1339 564 1258 585 1339 562 1256 494 1340 469 1239 482 1238 468 1152 491 1341 469 1153 472 1156 513 1342 595 1343 595 1343 596 1344 593 1345 596 1346 470 1347 593 1348 471 1155 512 1349 472 1156 472 1156 595 1343 473 1157 595 1343 593 1345 473 1157 473 1157 517 1350 471 1155 559 1253 478 1351 560 1254 554 1352 553 1352 500 1352 491 1353 597 1353 497 1353 495 1354 569 1354 476 1354 503 1355 502 1355 569 1355 569 1356 487 1356 468 1356 541 1357 542 1358 468 1359 468 1360 494 1360 492 1360 492 1247 584 1361 476 1362 571 1363 486 1364 503 1365 488 1165 598 1366 489 1166 599 1367 600 1368 601 1369 493 1169 514 1370 494 1170 500 1371 553 1371 561 1371 569 1372 553 1372 487 1372 555 1373 556 1373 492 1373 514 1374 555 1374 492 1374 496 1375 555 1376 602 1377 496 1378 602 1378 514 1378 496 1379 514 1379 493 1379 556 1380 497 1380 584 1380 497 1381 476 1381 584 1381 493 1382 476 1382 565 1382 496 1383 565 1383 476 1383 586 1384 503 1385 582 1386 603 1387 564 1388 505 1389 564 1390 463 1390 505 1390 505 1391 585 1391 582 1391 505 1389 582 1392 603 1387 571 1393 502 1393 487 1393 500 1394 541 1394 501 1394 501 1179 571 1395 487 1180 589 1396 512 1396 471 1396 496 1397 476 1397 475 1397 479 1398 557 1399 604 1400 604 1401 478 1401 559 1401 479 1402 604 1402 559 1402 591 1403 472 1404 590 1405 590 1405 472 1404 592 1406 472 1404 512 1407 592 1406 512 1407 605 1408 592 1406 592 1406 605 1408 464 1409 498 1410 464 1409 605 1408 498 1410 483 1411 464 1409 534 1412 533 1412 606 1412 482 1238 491 1237 474 1413 597 1414 493 1414 474 1414 482 1415 555 1415 480 1415 474 1172 510 1416 496 1173 511 1186 605 1417 512 1187 482 1418 481 1418 584 1418 522 1419 560 1420 557 1399 468 1359 542 1358 522 1421 542 1422 486 1422 501 1422 463 1423 526 1423 539 1423 526 1424 538 1425 539 1426 600 1427 549 1428 522 1429 522 1429 549 1428 538 1430 539 1431 517 1432 463 1433 515 1193 602 1434 507 1194 515 1435 514 1435 602 1435 515 1436 508 1436 514 1436 522 1437 538 1438 525 1439 494 1440 468 1441 522 1442 525 1443 494 1444 520 1445 494 1440 522 1442 520 1446 516 1196 504 1447 517 1197 525 1439 520 1448 519 1223 545 1225 522 1437 519 1223 519 1223 522 1437 525 1439 546 1449 600 1449 478 1449 601 1450 549 1451 523 1452 523 1452 549 1451 524 1453 528 1454 601 1450 523 1452 607 1455 608 1455 588 1455 549 1451 607 1456 524 1453 588 1457 524 1458 607 1459 588 1460 465 1460 528 1460 588 1461 528 1454 523 1452 609 1462 490 1463 610 1464 527 1465 610 1464 489 1466 610 1464 490 1463 489 1466 489 1467 530 1209 529 1208 489 1468 529 1468 527 1468 527 1469 465 1470 530 1471 527 1469 530 1471 598 1472 610 1473 527 1469 598 1472 598 1472 488 1474 610 1473 611 1475 609 1475 524 1475 524 1476 610 1476 611 1476 610 1473 488 1474 611 1477 546 1478 477 1479 560 1480 560 1481 477 1159 479 1161 550 1482 528 1482 527 1482 488 1202 550 1483 523 1203 550 1484 527 1301 523 1300 608 1485 488 1202 524 1204 540 1486 494 1444 525 1443 495 1487 540 1487 525 1487 525 1488 538 1425 526 1424 517 1489 504 1490 462 1491 590 1492 517 1489 462 1491 462 1491 504 1490 587 1493 589 1494 471 1494 463 1494 587 1495 483 1495 463 1495 587 1496 463 1496 462 1496 463 1497 471 1498 590 1499 590 1492 471 1500 517 1489 552 1501 469 1501 487 1501 529 1502 465 1503 467 1228 529 1502 467 1228 548 1230 548 1230 612 1504 610 1505 612 1504 579 1506 610 1505 529 1502 548 1230 610 1505 534 1507 606 1508 610 1505 534 1507 610 1505 579 1506 465 1509 599 1510 613 1511 599 1510 465 1509 588 1512 529 1513 613 1513 524 1513 527 1514 529 1514 588 1514 524 1458 588 1457 529 1515 521 1516 522 1516 531 1516 611 1517 488 1518 607 1519 579 1520 490 1521 534 1213 490 1521 611 1517 534 1213 607 1519 549 1522 614 1523 607 1519 614 1523 611 1517 614 1523 532 1211 534 1213 611 1517 614 1523 534 1213 532 1524 469 1524 533 1524 532 1525 614 1526 606 1527 614 1526 588 1528 608 1529 606 1527 614 1526 609 1530 524 1531 532 1525 606 1527 610 1532 606 1527 609 1530 608 1529 524 1533 609 1530 608 1529 609 1530 614 1526 571 1534 501 1534 486 1534 600 1368 599 1367 588 1535 600 1368 588 1535 549 1536 588 1535 614 1537 549 1536 518 1538 520 1539 543 1540 520 1539 521 1541 544 1542 521 1543 518 1538 543 1540 544 1542 543 1540 520 1539 535 1544 463 1544 536 1544 538 1216 540 1219 495 1217 546 1545 601 1545 600 1545 524 1546 613 1547 546 1548 469 1549 532 1549 524 1549 469 1550 524 1546 546 1548 597 1551 474 1551 476 1551 517 1552 473 1552 463 1552 611 1553 490 1553 609 1553 550 1554 598 1472 530 1471 530 1555 489 1555 547 1555 528 1556 530 1556 601 1556 530 1557 528 1557 550 1557 485 1558 615 1559 499 1560 499 1560 615 1559 616 1561 574 1562 483 1562 485 1562 499 1563 574 1563 485 1563 596 1564 594 1564 590 1564 590 1565 616 1565 596 1565 596 1566 616 1561 615 1559 607 1567 488 1567 608 1567 598 1366 550 1568 489 1166 550 1568 547 1569 489 1166 470 1570 551 1570 491 1570 612 1504 548 1230 580 1571 549 1231 601 1572 550 1232 597 1573 476 1573 497 1573 469 1574 494 1575 538 1576 469 1574 538 1576 549 1577 531 1578 543 1578 519 1578 488 1165 490 1167 549 1231 490 1579 579 1580 469 1581 601 1582 546 1583 547 1584 533 1585 469 1581 579 1580 469 1586 549 1231 490 1167 601 1572 547 1587 550 1232 546 1583 466 1588 547 1584 482 1589 506 1589 494 1589 574 1590 499 1590 590 1590 463 1497 590 1499 499 1591 464 1592 463 1497 499 1591 560 1420 604 1400 557 1399 557 1593 617 1593 600 1593 557 1594 600 1595 559 1596 522 1597 479 1597 600 1597 479 1598 559 1596 600 1595 480 1599 556 1599 481 1599 555 1376 507 1600 602 1377 600 1601 617 1601 560 1601 617 1602 604 1602 560 1602 558 1251 557 1250 559 1603 479 1604 558 1604 560 1604 541 1605 500 1605 486 1605 478 1606 604 1606 617 1606 555 1607 482 1607 556 1607 581 1608 570 1609 562 1610 505 1611 581 1608 562 1610 562 1612 603 1613 503 1614 571 1615 569 1615 502 1615 503 1616 463 1617 582 1618 503 1616 569 1619 463 1617 496 1620 493 1620 509 1620 496 1621 509 1621 565 1621 463 1622 568 1622 526 1622 495 1623 526 1276 572 1275 463 1624 569 1625 495 1626 495 1626 572 1627 463 1624 511 1628 485 1629 571 1630 516 1631 511 1631 504 1631 571 1630 504 1632 511 1628 517 1197 470 1347 513 1188 470 1347 596 1346 513 1188 517 1197 513 1188 512 1187 576 1633 575 1633 618 1633 581 1634 576 1634 618 1634 482 1635 474 1635 497 1635 618 1636 575 1636 581 1636 491 1637 569 1637 470 1637 569 1638 468 1638 470 1638 563 1639 571 1363 503 1365 564 1258 563 1257 503 1640 493 1641 506 1641 508 1641 597 1642 491 1642 493 1642 482 1643 584 1643 506 1643 508 1644 510 1644 493 1644 570 1271 577 1645 505 1272 536 1646 567 1647 537 1274 517 1432 539 1431 470 1648 539 1431 495 1649 470 1648 504 1650 571 1650 505 1650 567 1651 536 1651 568 1651 511 1284 498 1281 484 1280 498 1281 504 1652 573 1653 573 1653 574 1279 498 1281 574 1279 571 1654 484 1280 571 1654 485 1655 484 1280 570 1656 575 1657 618 1658 570 1656 618 1658 577 1659 498 1410 605 1408 516 1660 606 1661 533 1662 524 1663 524 1663 533 1662 610 1664 610 1664 533 1662 580 1665 580 1665 466 1666 529 1667 610 1664 580 1665 529 1667 466 1668 465 1668 613 1668 466 1669 613 1669 529 1669 593 1670 470 1670 590 1670 574 1671 590 1672 571 1337 470 1335 571 1337 590 1672 498 1673 587 1673 504 1673 587 1674 498 1674 516 1674 616 1675 590 1675 592 1675 594 1676 595 1676 592 1676 592 1677 595 1677 616 1677 616 1678 595 1679 513 1680 513 1680 578 1283 616 1678 616 1678 578 1283 499 1681 578 1283 484 1280 499 1681 484 1280 483 1682 499 1681 511 1683 578 1684 485 1685 578 1684 615 1686 485 1685 516 1687 605 1417 511 1186 615 1688 578 1688 513 1688 513 1689 596 1689 615 1689 594 1690 596 1690 595 1690 506 1240 493 1691 551 1241 551 1692 493 1692 491 1692 466 1693 580 1694 548 1695 548 1695 547 1696 466 1693 567 1697 568 1268 535 1267 579 1698 612 1698 580 1698 530 1699 547 1700 467 1701 599 1702 601 1703 530 1699 546 1583 613 1704 467 1701 613 1704 599 1702 530 1699 467 1701 613 1704 530 1699 467 1701 466 1588 546 1583 576 1705 581 1705 577 1705 581 1706 505 1272 577 1645 522 1707 542 1707 560 1707 617 1708 557 1708 479 1708 617 1709 479 1161 478 1160 500 1710 561 1710 468 1710 468 1711 486 1711 500 1711 536 1712 572 1275 566 1713 572 1275 537 1274 566 1713 566 1713 537 1274 567 1647 586 1714 585 1714 503 1714 585 1715 505 1715 503 1715 586 1384 582 1386 564 1716 603 1717 562 1717 586 1717 586 1718 564 1718 603 1718 495 1719 494 1242 551 1241 551 1720 470 1720 495 1720 553 1721 569 1721 561 1721 501 1722 541 1723 560 1724 560 1724 541 1723 561 1725 542 1726 501 1726 560 1726 561 1727 552 1728 554 1729 560 1480 561 1727 469 1730 561 1727 554 1729 469 1730 569 1731 571 1731 469 1731 552 1732 569 1732 469 1732 469 1730 546 1478 560 1480 510 1733 508 1734 496 1735 496 1735 508 1734 515 1736 555 1737 496 1735 515 1736 480 1246 555 1738 584 1361 555 1737 515 1736 506 1739 584 1740 555 1737 506 1739 474 1741 565 1741 509 1741 582 1742 583 1742 603 1742 583 1743 564 1743 503 1743 603 1613 583 1744 503 1614 584 1361 492 1247 480 1246 505 1745 562 1745 503 1745 560 1746 478 1746 600 1746 619 1747 620 1748 621 1749 622 1750 623 1751 624 1752 625 1753 626 1754 627 1755 628 1756 621 1757 629 1758 630 1759 631 1760 628 1761 632 1762 633 1763 634 1764 635 1765 625 1765 636 1765 629 1766 631 1766 630 1766 637 1767 638 1767 635 1767 625 1768 639 1768 640 1768 641 1769 640 1769 621 1769 621 1770 627 1770 622 1770 621 1771 624 1772 623 1773 619 1774 642 1775 634 1776 626 1754 640 1777 624 1772 643 1778 642 1779 632 1762 643 1780 632 1781 644 1782 645 1783 640 1783 639 1783 619 1747 635 1784 620 1748 639 1785 646 1785 626 1785 626 1786 646 1786 627 1786 639 1787 622 1750 624 1752 622 1750 619 1788 641 1789 619 1788 633 1790 641 1789 633 1790 642 1791 644 1792 633 1790 644 1792 647 1793 647 1793 641 1789 633 1790 645 1794 639 1795 624 1796 622 1750 641 1789 623 1751 646 1797 620 1798 627 1799 620 1798 635 1800 627 1799 635 1801 638 1801 625 1801 625 1802 646 1803 639 1804 641 1805 624 1805 640 1805 637 1806 621 1806 631 1806 621 1757 620 1807 629 1758 645 1808 634 1809 621 1810 621 1810 640 1811 645 1808 621 1812 625 1812 627 1812 625 1753 640 1777 626 1754 620 1813 646 1803 625 1802 629 1814 620 1815 638 1816 631 1817 629 1814 638 1816 625 1818 621 1818 637 1818 638 1819 637 1819 631 1819 625 1802 638 1820 620 1813 621 1771 626 1754 624 1772 634 1821 633 1821 619 1821 642 1775 643 1822 634 1776 629 1823 635 1824 619 1825 629 1826 619 1826 628 1826 628 1827 619 1788 622 1750 630 1828 628 1827 622 1750 622 1750 636 1829 630 1828 642 1779 633 1763 632 1762 626 1830 621 1831 622 1832 622 1832 639 1833 626 1830 621 1834 623 1834 641 1834 644 1782 621 1835 643 1780 621 1835 634 1836 643 1780 632 1781 634 1837 644 1782 647 1838 644 1782 634 1837 619 1839 621 1839 642 1839 621 1840 644 1792 642 1791 628 1761 631 1760 621 1841 636 1842 625 1842 637 1842 636 1829 622 1750 627 1843 636 1829 627 1843 635 1844 630 1845 636 1846 637 1847 629 1848 630 1845 637 1847 635 1824 629 1823 637 1849 645 1794 624 1796 641 1850 641 1851 647 1851 634 1851 645 1794 641 1850 634 1852 684 1922 685 1923 686 1924 687 1925 684 1922 686 1924 688 1926 689 1926 690 1926 691 1927 692 1928 693 1929 692 1930 689 1930 694 1930 691 1931 695 1931 696 1931 697 1932 698 1933 699 1934 700 1935 701 1935 692 1935 702 1936 703 1937 704 1938 705 1939 699 1940 695 1941 687 1942 686 1943 706 1944 695 1945 702 1945 704 1945 696 1946 693 1947 692 1948 690 1949 689 1950 696 1951 707 1952 701 1953 691 1954 708 1955 699 1956 702 1957 684 1922 696 1958 685 1923 687 1925 704 1959 684 1922 704 1960 703 1961 708 1962 696 1963 684 1963 706 1963 684 1964 704 1964 706 1964 686 1943 685 1965 706 1944 693 1929 698 1966 691 1927 709 1967 695 1967 701 1967 689 1968 701 1969 693 1970 698 1971 693 1970 701 1969 693 1970 710 1972 689 1968 688 1973 709 1973 689 1973 700 1974 709 1974 701 1974 691 1975 701 1975 695 1975 697 1976 691 1976 698 1976 696 1977 697 1978 703 1961 697 1978 708 1962 703 1961 705 1979 696 1977 703 1961 711 1980 706 1980 704 1980 704 1981 696 1977 705 1979 691 1982 696 1983 700 1984 691 1982 700 1984 692 1985 702 1936 699 1986 703 1937 694 1987 700 1988 688 1989 700 1990 696 1990 688 1990 694 1987 688 1989 690 1991 692 1992 694 1993 690 1994 692 1992 690 1994 696 1995 699 1934 708 1996 697 1932 710 1972 693 1970 702 1997 710 1998 702 1998 688 1998 688 1999 702 1999 695 1999 695 2000 709 2000 688 2000 698 1971 701 1969 699 2001 700 2002 694 2003 709 2004 694 2003 689 2005 709 2004 688 2006 696 2006 710 2006 705 1939 703 2007 699 1940 692 2008 701 2008 689 2008 711 2009 712 2010 687 2011 712 2010 706 2012 685 2013 712 2010 685 2013 687 2011 706 1944 711 2014 687 1942 706 2015 712 2016 696 2017 712 2016 702 2018 696 2017 705 2019 695 2019 704 2019 691 2020 697 2020 707 2020 696 1946 702 2021 693 1947 696 1951 689 1950 710 2022 707 1952 699 2023 701 1953 712 2024 708 1955 702 1957 697 2025 696 2025 707 2025 695 2026 699 2027 696 2028 699 2027 707 2029 696 2028 708 2030 712 2031 704 2032 712 2031 711 2033 704 2032 687 2034 685 2035 696 1977 704 1981 687 2034 696 1977 713 2036 714 2037 715 2038 716 2039 717 2040 718 2041 719 2042 720 2043 721 2044 722 2045 723 2046 724 2047 725 2048 726 2049 727 2050 728 2051 729 2051 730 2051 731 2052 732 2053 733 2054 734 2055 735 2056 736 2057 737 2058 738 2059 736 2060 739 2061 740 2061 741 2061 742 2062 723 2062 716 2062 743 2063 744 2064 745 2065 746 2066 747 2067 748 2068 748 2069 749 2069 750 2069 751 2070 752 2071 753 2072 754 2073 749 2074 748 2075 749 2074 754 2073 755 2076 756 2077 757 2078 758 2079 759 2080 760 2080 761 2080 759 2081 761 2081 737 2081 762 2082 759 2082 763 2082 764 2083 765 2084 766 2085 767 2086 768 2086 769 2086 767 2087 770 2087 771 2087 767 2088 772 2088 751 2088 757 2089 773 2089 774 2089 760 2090 763 2090 775 2090 760 2091 737 2058 763 2092 776 2093 769 2094 768 2095 777 2096 778 2097 720 2098 757 2099 779 2099 780 2099 780 2100 773 2100 757 2100 774 2101 773 2101 781 2101 763 2102 759 2102 736 2102 765 2103 735 2104 734 2105 782 2106 783 2106 784 2106 785 2107 782 2108 786 2109 787 2110 774 2111 781 2112 788 2113 789 2114 723 2115 790 2116 715 2038 754 2117 791 2118 713 2119 792 2120 793 2121 784 2122 747 2123 794 2124 795 2124 796 2124 753 2125 797 2126 792 2127 742 2128 796 2129 798 2130 754 2131 714 2131 713 2131 782 2132 799 2133 786 2134 800 2135 721 2136 801 2137 802 2138 728 2139 725 2048 803 2140 732 2141 804 2142 805 2143 806 2143 743 2143 807 2144 732 2145 808 2146 809 2147 749 2147 810 2147 811 2148 812 2148 813 2148 718 2149 814 2149 713 2149 815 2150 816 2151 817 2152 801 2153 818 2153 819 2153 819 2154 730 2154 726 2154 820 2155 821 2155 802 2155 822 2156 823 2156 824 2156 731 2157 825 2158 803 2159 825 2160 826 2160 807 2160 826 2161 827 2161 828 2161 826 2162 829 2162 830 2162 802 2163 824 2164 831 2165 830 2166 832 2166 727 2166 828 2167 732 2168 833 2169 801 2170 721 2170 818 2170 730 2171 729 2171 726 2171 725 2172 728 2172 730 2172 831 2173 824 2174 834 2175 803 2159 825 2158 732 2176 731 2177 733 2177 835 2177 804 2178 732 2178 731 2178 808 2179 732 2179 825 2179 714 2180 836 2180 837 2180 726 2049 729 2181 838 2182 835 2183 839 2184 840 2185 742 2186 713 2186 723 2186 809 2187 746 2188 791 2189 755 2190 791 2190 841 2190 842 2191 789 2192 724 2193 792 2194 784 2195 791 2196 784 2195 792 2194 797 2197 791 2198 784 2199 786 2134 745 2200 791 2200 843 2200 791 2198 786 2134 799 2133 745 2201 844 2202 724 2047 739 2203 845 2203 716 2203 716 2204 741 2205 846 2206 741 2207 847 2208 846 2209 847 2210 716 2210 848 2210 846 2209 847 2208 848 2211 846 2212 739 2212 716 2212 848 2213 716 2214 849 2215 716 2214 850 2216 849 2215 784 2217 845 2218 782 2219 845 2218 846 2220 782 2219 806 2221 782 2219 846 2220 848 2222 850 2223 806 2221 850 2223 791 2224 806 2221 806 2221 846 2220 848 2222 713 2225 851 2225 792 2225 844 2226 745 2226 842 2226 754 2227 852 2227 741 2227 852 2228 851 2228 741 2228 715 2038 790 2116 713 2036 797 2229 851 2230 713 2231 842 2232 745 2233 744 2234 753 2235 792 2236 851 2237 842 2232 744 2234 789 2238 716 2239 789 2238 744 2234 837 2240 753 2235 851 2237 717 2040 837 2241 795 2242 717 2040 795 2242 718 2041 718 2041 742 2243 716 2039 810 2244 843 2245 791 2246 740 2247 849 2248 847 2249 829 2250 719 2251 732 2252 832 2253 829 2254 827 2255 719 2256 853 2257 776 2093 827 2258 829 2258 732 2258 719 2256 776 2093 768 2095 719 2256 768 2095 815 2150 719 2256 815 2150 817 2152 719 2259 817 2260 734 2261 719 2259 734 2261 736 2262 733 2054 732 2053 719 2263 719 2264 736 2265 738 2266 839 2267 733 2054 719 2263 823 2268 839 2268 719 2268 719 2264 738 2266 787 2269 834 2270 823 2270 719 2270 821 2271 834 2271 719 2271 719 2272 787 2110 781 2112 719 2273 781 2274 780 2275 728 2276 821 2277 719 2278 729 2279 728 2276 719 2278 719 2280 780 2280 720 2280 819 2281 729 2281 719 2281 721 2044 819 2282 719 2042 813 2283 724 2284 788 2285 791 2118 724 2047 723 2046 754 2286 741 2286 837 2286 754 2287 748 2288 797 2289 813 2283 788 2285 723 2290 811 2291 813 2283 723 2290 744 2292 830 2292 727 2292 853 2293 727 2294 775 2295 751 2070 753 2072 853 2296 771 2297 853 2293 769 2298 769 2298 853 2293 854 2299 854 2299 853 2293 816 2300 816 2300 853 2293 855 2301 727 2302 828 2303 833 2304 727 2302 833 2304 807 2144 855 2301 853 2293 765 2305 775 2295 765 2305 853 2293 727 2302 807 2144 808 2146 727 2302 808 2146 803 2140 760 2306 775 2306 727 2306 774 2307 760 2308 727 2309 727 2302 803 2140 804 2142 727 2302 804 2142 835 2183 757 2310 774 2307 727 2309 856 2311 757 2312 727 2313 727 2302 835 2183 840 2185 727 2314 840 2314 824 2314 801 2137 777 2096 727 2050 777 2096 856 2315 727 2050 727 2316 824 2316 802 2316 800 2135 801 2137 727 2050 838 2182 800 2135 727 2050 727 2050 802 2138 725 2048 726 2049 838 2182 727 2050 852 2317 797 2317 713 2317 820 2318 802 2163 831 2165 820 2318 831 2165 857 2319 857 2320 824 2321 840 2322 857 2323 835 2324 804 2325 857 2323 804 2325 858 2326 858 2327 803 2328 808 2329 858 2330 807 2330 833 2330 858 2326 828 2331 727 2332 858 2326 727 2332 859 2333 859 2334 772 2335 860 2336 858 2326 859 2333 857 2323 857 2337 859 2337 820 2337 820 2338 859 2338 861 2338 772 2339 853 2293 771 2297 772 2339 771 2297 770 2340 726 2341 725 2342 820 2343 861 2344 726 2341 820 2343 861 2345 859 2334 860 2336 770 2340 769 2298 854 2299 770 2340 854 2299 862 2346 800 2347 838 2348 861 2345 860 2336 800 2347 861 2345 772 2339 770 2340 862 2346 862 2349 816 2300 855 2301 862 2349 855 2301 766 2350 777 2351 801 2351 860 2351 818 2352 777 2352 860 2352 772 2353 862 2353 766 2353 818 2354 860 2354 772 2354 766 2355 765 2305 775 2295 766 2355 775 2295 762 2356 757 2312 856 2311 818 2357 758 2358 757 2312 818 2357 772 2359 766 2359 762 2359 758 2360 818 2360 772 2360 762 2361 763 2361 737 2361 762 2362 737 2362 761 2362 863 2363 773 2364 758 2365 772 2366 762 2366 761 2366 863 2367 758 2367 772 2367 863 2368 772 2368 761 2368 774 2369 863 2370 761 2371 774 2369 761 2371 760 2372 744 2373 752 2374 772 2375 772 2375 859 2376 744 2373 793 2377 809 2378 810 2379 810 2379 748 2380 793 2377 748 2380 750 2381 793 2377 754 2382 715 2382 836 2382 753 2383 719 2384 744 2385 719 2251 829 2250 744 2386 753 2125 744 2387 799 2388 753 2125 799 2388 785 2389 783 2390 797 2126 753 2125 753 2125 785 2389 783 2390 850 2391 848 2392 864 2393 850 2391 864 2393 846 2394 797 2395 743 2396 850 2397 797 2229 850 2391 846 2394 739 2398 846 2398 740 2398 846 2399 864 2399 740 2399 848 2400 849 2401 740 2402 740 2402 864 2403 848 2400 837 2404 741 2205 716 2204 795 2405 794 2405 814 2405 814 2406 718 2406 795 2406 718 2407 713 2408 796 2409 713 2408 794 2410 796 2409 713 2411 742 2411 798 2411 723 2412 798 2412 716 2412 795 2413 837 2413 716 2413 847 2208 741 2207 740 2414 797 2229 846 2394 845 2415 741 2416 797 2229 845 2415 865 2417 843 2418 866 2419 791 2246 746 2066 810 2244 747 2067 784 2420 748 2068 748 2068 810 2244 746 2066 720 2098 856 2315 777 2096 744 2234 837 2421 717 2422 751 2423 772 2423 752 2423 752 2424 719 2384 753 2383 741 2416 851 2230 797 2229 793 2425 747 2426 867 2427 793 2425 867 2427 749 2428 865 2417 743 2429 843 2418 818 2430 778 2430 777 2430 720 2431 818 2431 856 2431 779 2432 757 2078 756 2077 780 2433 756 2433 773 2433 756 2434 758 2434 773 2434 781 2435 773 2364 863 2363 774 2436 787 2436 863 2436 738 2437 760 2437 759 2437 775 2438 736 2438 762 2438 735 2439 765 2084 764 2083 734 2440 764 2441 855 2442 764 2441 766 2443 855 2442 817 2444 816 2444 862 2444 815 2445 862 2445 854 2445 739 2446 741 2416 845 2415 770 2447 767 2447 769 2447 771 2448 776 2448 767 2448 772 2449 767 2450 853 2451 751 2452 719 2453 767 2454 776 2093 771 2455 769 2094 734 2105 855 2456 765 2103 738 2059 737 2058 760 2091 782 2457 805 2457 783 2457 784 2199 783 2458 786 2134 786 2134 783 2458 785 2459 785 2107 805 2460 782 2108 837 2240 744 2461 727 2462 837 2240 727 2462 853 2463 853 2463 753 2235 837 2240 719 2453 751 2452 853 2464 784 2420 797 2465 748 2068 713 2119 791 2118 723 2046 793 2121 750 2466 784 2122 742 2128 718 2467 796 2129 782 2132 806 2468 799 2133 800 2469 819 2469 721 2469 841 2470 843 2471 810 2472 841 2473 723 2473 789 2473 847 2249 849 2248 850 2474 847 2475 850 2475 789 2475 847 2476 789 2476 716 2476 844 2477 842 2478 868 2479 844 2477 868 2479 724 2480 722 2481 724 2284 813 2283 812 2482 789 2482 813 2482 789 2483 722 2483 813 2483 789 2114 788 2113 722 2484 788 2485 811 2485 722 2485 743 2396 789 2486 850 2397 775 2487 763 2487 736 2487 802 2138 821 2488 728 2139 866 2489 869 2489 865 2489 869 2490 866 2490 842 2490 824 2174 823 2491 834 2175 863 2492 787 2493 738 2494 863 2492 738 2494 759 2495 737 2496 736 2496 759 2496 762 2497 736 2057 735 2056 762 2497 735 2056 764 2498 764 2499 734 2500 817 2501 764 2499 817 2501 862 2502 862 2503 815 2504 768 2505 862 2503 768 2505 767 2506 767 2450 776 2507 853 2451 719 2384 752 2424 767 2506 744 2508 829 2509 826 2510 752 2511 744 2511 819 2511 862 2503 767 2506 752 2424 826 2512 832 2512 827 2512 764 2513 862 2513 752 2513 744 2508 826 2510 825 2514 762 2515 764 2515 752 2515 759 2516 762 2516 752 2516 863 2517 759 2517 752 2517 744 2508 825 2514 731 2518 780 2275 781 2274 863 2519 756 2520 780 2275 863 2519 756 2521 863 2521 752 2521 720 2522 780 2523 779 2524 720 2522 779 2524 756 2525 818 2526 720 2522 756 2525 818 2526 756 2525 752 2527 744 2508 731 2518 822 2528 721 2529 720 2530 778 2531 818 2532 721 2529 778 2531 731 2518 839 2533 823 2534 731 2518 823 2534 822 2528 819 2535 818 2535 752 2535 744 2536 822 2536 820 2536 822 2537 834 2538 821 2539 822 2537 821 2539 820 2540 744 2541 820 2541 819 2541 819 2542 820 2542 730 2542 842 2543 866 2543 868 2543 806 2544 744 2064 743 2063 785 2389 799 2388 806 2545 805 2546 785 2546 806 2546 783 2390 805 2547 797 2126 743 2548 797 2548 805 2548 807 2549 826 2549 732 2549 852 2550 836 2550 715 2550 811 2551 723 2046 722 2045 744 2552 859 2553 830 2554 796 2555 795 2555 716 2555 811 2556 788 2556 812 2556 745 2201 724 2047 791 2118 798 2130 796 2129 716 2557 745 2558 843 2558 743 2558 810 2472 755 2559 841 2470 810 2560 749 2074 755 2076 714 2561 837 2561 715 2561 837 2562 852 2562 715 2562 815 2150 854 2563 816 2151 819 2564 860 2564 801 2564 860 2565 819 2565 800 2565 729 2181 819 2566 838 2182 819 2567 861 2567 838 2567 861 2568 819 2568 726 2568 725 2569 730 2569 820 2569 834 2570 822 2570 831 2570 822 2571 857 2571 831 2571 857 2572 822 2572 824 2572 839 2573 731 2573 840 2573 731 2574 857 2320 840 2322 857 2575 731 2575 835 2575 731 2576 858 2576 804 2576 746 2577 793 2578 870 2579 749 2580 870 2579 793 2578 858 2327 731 2581 803 2328 825 2582 858 2582 808 2582 858 2583 825 2583 807 2583 732 2584 826 2584 833 2584 826 2585 858 2585 833 2585 858 2586 826 2586 828 2586 832 2587 826 2587 727 2587 826 2588 859 2588 727 2588 859 2553 826 2589 830 2554 830 2590 829 2254 832 2253 828 2167 827 2591 732 2168 717 2422 716 2239 744 2234 744 2592 791 2198 799 2133 714 2593 754 2593 836 2593 835 2183 733 2594 839 2184 852 2595 754 2287 797 2289 806 2596 791 2596 744 2596 788 2597 724 2193 812 2598 724 2193 789 2192 812 2598 809 2187 793 2599 746 2188 809 2600 791 2601 870 2602 809 2600 870 2602 749 2603 841 2604 724 2604 843 2604 724 2605 866 2605 843 2605 743 2606 865 2607 724 2608 724 2608 841 2609 743 2606 841 2609 789 2610 743 2606 867 2611 784 2612 750 2613 749 2614 867 2611 750 2613 754 2615 716 2616 845 2617 754 2618 845 2619 784 2620 754 2615 841 2621 716 2616 870 2622 791 2623 755 2624 867 2625 747 2626 746 2627 754 2618 784 2620 867 2628 867 2625 746 2627 870 2629 754 2618 867 2628 870 2630 755 2624 754 2631 870 2622 716 2632 841 2633 850 2634 850 2634 841 2633 791 2635 841 2636 798 2636 723 2636 794 2637 713 2637 798 2637 798 2638 841 2639 794 2640 841 2639 754 2641 794 2640 713 2642 814 2642 754 2642 814 2643 794 2643 754 2643 724 2644 865 2644 842 2644 866 2645 724 2645 868 2645 865 2646 869 2646 842 2646 852 2647 713 2647 790 2647 837 2648 790 2648 754 2648 790 2649 836 2649 852 2649 790 2650 837 2650 836 2650 837 2651 851 2651 852 2651 871 2652 872 2652 873 2652 874 2653 875 2653 876 2653 877 2654 878 2654 879 2654 880 2655 871 2655 881 2655 882 2656 883 2657 884 2658 885 2659 886 2660 887 2661 888 2662 889 2663 890 2664 891 2665 892 2665 893 2665 894 2666 895 2667 896 2668 897 2669 874 2669 898 2669 877 2670 899 2670 878 2670 900 2671 901 2671 902 2671 903 2672 904 2672 905 2672 906 2673 907 2673 896 2673 881 2674 874 2675 908 2676 881 2677 909 2677 876 2677 894 2678 910 2678 893 2678 893 2679 871 2679 907 2679 911 2680 912 2681 913 2682 872 2683 914 2684 873 2685 915 2686 888 2686 916 2686 917 2687 918 2687 919 2687 871 2688 920 2689 921 2690 922 2691 923 2691 924 2691 925 2692 926 2692 927 2692 905 2693 926 2693 925 2693 928 2694 901 2695 929 2696 930 2697 931 2697 932 2697 933 2698 934 2698 895 2698 892 2699 896 2699 935 2699 936 2700 934 2701 937 2702 902 2703 908 2703 900 2703 919 2704 918 2704 923 2704 876 2705 880 2705 881 2705 917 2706 924 2706 918 2706 871 2707 938 2707 875 2707 871 2708 939 2709 872 2710 898 2711 871 2711 909 2711 938 2712 940 2713 893 2714 928 2694 941 2715 901 2695 941 2715 874 2716 901 2695 902 2717 901 2717 874 2717 909 2718 897 2719 902 2720 876 1853 909 2718 902 2720 876 2721 902 2721 874 2721 875 2722 880 2723 876 2724 879 2725 878 2726 942 2727 879 2725 942 2727 943 2728 915 2729 944 2730 878 2726 878 2726 944 2730 905 2731 885 2732 917 2733 874 2734 917 2733 919 2735 945 2736 917 2733 945 2736 882 2737 917 2733 882 2737 874 2734 893 2714 925 2738 886 2739 925 2738 903 2740 886 2739 882 2737 899 2741 874 2734 885 2732 874 2734 893 2714 886 2739 885 2732 893 2714 944 2730 886 2739 903 2740 942 2727 878 2726 905 2731 944 2730 903 2740 905 2731 905 2731 925 2738 942 2727 880 2742 909 2742 871 2742 897 2743 908 2743 902 2743 882 2656 946 2744 883 2657 883 2657 946 2744 874 2745 877 2746 893 2746 930 2746 930 2747 932 2747 877 2747 877 2748 932 2748 943 2748 916 2749 888 2662 877 2750 877 2750 943 2751 916 2749 916 2749 943 2751 944 2752 943 2751 942 2753 926 2754 944 2752 943 2751 926 2754 926 2754 904 2755 944 2752 944 2752 904 2755 886 2660 904 2755 927 2756 886 2660 916 2749 944 2752 890 2664 889 2663 916 2749 890 2664 883 2657 890 2664 884 2658 923 2757 890 2664 944 2752 890 2664 923 2757 884 2658 923 2757 918 2758 945 2759 918 2758 882 2760 945 2759 945 2759 884 2658 923 2757 905 2761 904 2761 926 2761 924 2762 923 2757 944 2752 944 2752 885 2659 924 2762 886 2660 927 2756 932 2763 918 2758 924 2762 885 2659 918 2758 885 2659 887 2661 927 2756 926 2754 942 2753 927 2756 942 2753 932 2763 932 2763 887 2661 886 2660 887 2661 882 2760 918 2758 877 2750 888 2662 890 2664 891 2764 933 1853 906 2765 891 2764 906 2765 892 2766 931 2767 929 2767 874 2767 936 2768 931 2768 893 2768 938 2769 871 2688 921 2690 894 2666 947 2770 937 2771 947 2770 948 54 937 2771 948 54 949 2772 937 2771 937 2771 895 2667 894 2666 934 2773 935 2774 896 2668 895 2667 934 2773 896 2668 896 2668 910 2775 894 2666 897 2776 900 2776 874 2776 874 2777 871 2777 898 2777 950 2778 951 2779 939 2780 952 2781 939 2780 951 2779 877 2782 890 2782 899 2782 899 2741 882 2737 884 2783 878 2726 899 2741 889 2784 888 2785 915 2729 878 2726 889 2784 888 2785 878 2726 889 2784 899 2741 915 2729 899 2741 884 2783 945 2736 899 2741 945 2736 919 2735 915 2729 899 2741 944 2730 899 2741 919 2735 944 2730 944 2730 919 2735 922 2786 922 2786 917 2733 885 2732 885 2732 944 2730 922 2786 911 2787 913 2788 953 2789 932 2790 942 2727 925 2738 925 2738 893 2714 932 2790 879 2791 943 2791 932 2791 893 2792 879 2792 932 2792 882 2793 887 2793 931 2793 900 2794 897 2794 901 2794 906 2795 935 2774 907 2796 940 2797 953 2798 912 2681 871 2799 893 2799 892 2799 871 2800 892 2800 935 2800 895 2801 891 2802 893 2803 933 2804 895 2801 893 2803 910 2805 871 2806 935 2807 910 2808 935 2808 906 2808 933 2809 893 2810 906 2811 893 2810 910 2812 906 2811 881 2813 871 2813 875 2813 908 2814 897 2815 898 2816 874 2675 900 2817 908 2676 875 2818 874 2818 881 2818 908 2814 898 2816 881 2819 881 2820 898 2820 909 2820 940 2821 939 2709 871 2708 893 2822 954 2822 894 2822 954 2823 910 2824 907 2825 907 2825 955 2826 954 2823 956 2827 957 2828 958 2829 958 2829 957 2828 875 2830 929 2831 957 2831 874 2831 957 2832 871 2832 874 2832 931 2833 936 2833 955 2833 955 2834 907 2835 931 2836 907 2835 871 2837 931 2836 957 2838 956 2839 931 2836 929 2840 931 2840 956 2840 957 2838 931 2836 871 2837 907 2841 936 2841 893 2841 921 2842 920 2843 959 2844 960 2845 959 2844 920 2843 959 2844 913 2846 921 2842 920 2843 872 2847 953 2789 939 2780 952 2781 872 2847 913 2848 960 2845 940 2849 960 2845 920 2843 940 2849 938 2712 921 2842 913 2846 939 2780 940 2850 950 2778 950 2778 940 2850 911 2787 938 2712 913 2846 940 2713 953 2789 940 2849 920 2843 952 2781 911 2787 872 2847 952 2781 950 2778 911 2787 953 2789 872 2847 911 2787 899 2851 883 2851 874 2851 877 2852 879 2852 893 2852 911 2787 940 2850 912 2853 931 2854 887 2854 932 2854 872 2683 920 2855 914 2684 903 2856 927 2856 904 2856 910 2805 940 2857 871 2806 915 2858 916 2858 889 2858 903 2859 925 2859 927 2859 871 2860 914 2860 920 2860 922 2861 919 2861 923 2861 917 2862 922 2862 924 2862 909 2718 880 2723 875 2722 929 2863 956 2863 928 2863 928 2694 956 2864 941 2715 956 2865 958 2866 941 2867 941 2867 958 2866 874 2734 909 2718 875 2722 957 2868 909 2718 957 2868 897 2719 957 2869 929 2870 897 2871 901 2872 897 2871 929 2870 890 2873 883 2873 899 2873 931 2874 946 2875 882 2876 874 2877 946 2875 931 2874 910 2878 954 2879 940 2713 954 2879 893 2714 940 2713 958 2880 875 2880 938 2880 958 2866 938 2712 874 2734 893 2714 874 2734 938 2712 871 2881 873 2882 952 2883 913 2884 871 2885 950 2886 871 2881 952 2883 951 2887 953 2888 913 2889 950 2890 871 2885 951 2891 950 2886 953 2888 950 2890 952 2892 953 2888 952 2892 873 2893 873 2893 914 2894 953 2888 953 2798 914 2895 912 2681 914 2896 871 2896 959 2896 871 2885 913 2884 959 2897 914 2895 959 2898 960 2899 912 2681 914 2895 960 2899 913 2682 912 2681 960 2899 937 2900 891 2900 895 2900 937 2901 934 2901 891 2901 933 2902 891 2902 934 2902 892 2903 906 2903 896 2903 949 2772 948 54 947 2770 947 2770 894 2666 954 2904 954 2905 955 2905 947 2905 947 2770 955 2906 949 2772 907 2907 910 2775 896 2668 955 2908 936 2908 949 2908 936 2700 907 2909 934 2701 907 2796 935 2774 934 2773 937 2771 949 2772 936 2910 930 2911 893 2911 931 2911 961 2912 962 2912 963 2912 964 2913 965 2914 966 2915 967 2916 968 2916 969 2916 966 2917 970 2918 961 2919 964 2920 971 2921 972 2922 971 2923 967 2923 969 2923 972 2924 973 2924 968 2924 970 2925 962 2925 974 2925 975 2926 976 2926 977 2926 977 2927 970 2927 974 2927 961 2928 976 2929 962 2930 964 2913 967 2931 965 2914 973 2932 972 2922 971 2921 971 2933 962 2933 965 2933 976 2934 970 2934 977 2934 970 2935 965 2935 962 2935 967 2936 972 2936 968 2936 965 2937 967 2937 971 2937 966 2917 965 2938 970 2918 964 2939 966 2939 961 2939 975 2940 962 2930 976 2929 971 2941 978 2941 979 2941 963 2942 962 2943 980 2944 979 2945 978 2946 980 2944 978 2946 963 2942 980 2944 964 2947 978 2947 971 2947 961 2948 970 2948 976 2948 972 2949 967 2949 964 2949 971 2950 979 2951 980 2944 971 2950 980 2944 962 2943 964 2952 961 2953 978 2954 963 2955 978 2954 961 2953 968 2956 971 2956 969 2956 973 2957 971 2957 968 2957 975 2958 977 2958 962 2958 977 2959 974 2959 962 2959 1008 3046 1009 3047 1010 3048 1011 3049 1012 3049 1013 3049 1014 3050 1015 3050 1016 3050 1017 3051 1016 3052 1018 3053 1011 3054 1019 3054 1020 3054 1021 3055 1017 3056 1022 3057 1018 3058 1015 3059 1009 3060 1009 3047 1014 3061 1010 3048 1014 3062 1023 3063 1010 3064 1024 3065 1025 3066 1023 3067 1026 3068 1014 3069 1022 3070 1012 3071 1027 3071 1013 3071 1021 3072 1022 3073 1016 3074 1014 3075 1016 3074 1022 3073 1017 3051 1021 3076 1016 3052 1022 3057 1017 3056 1026 3077 1018 3058 1016 3078 1015 3059 1009 3079 1015 3079 1014 3079 1017 3080 1018 3080 1013 3080 1026 3081 1017 3082 1009 3083 1023 3067 1026 3068 1024 3065 1011 3084 1013 3084 1018 3084 1017 3085 1013 3085 1027 3085 1024 3086 1026 3081 1009 3083 1027 3087 1019 3088 1017 3089 1017 3082 1019 3090 1009 3083 1019 3090 1011 3091 1018 3092 1019 3090 1018 3092 1009 3083 1020 3093 1019 3088 1027 3087 1008 3094 1010 3064 1023 3063 1026 3068 1023 3067 1014 3069 1025 3095 1024 3095 1009 3095 1027 3096 1011 3096 1020 3096 1009 3097 1023 3097 1025 3097 1009 3098 1008 3098 1023 3098 1027 3099 1012 3099 1011 3099</p>
        </triangles>
        <triangles material="scout_b8bab5" count="214">
          <input semantic="VERTEX" source="#vertices" offset="0" />
          <input semantic="NORMAL" source="#normals" offset="1" />
          <p>15 34 16 35 17 36 18 37 19 37 20 37 21 38 16 39 22 40 21 41 20 42 23 43 21 38 23 44 16 39 22 45 15 46 18 47 15 46 24 48 18 47 24 48 19 49 18 47 18 47 21 50 22 45 15 34 22 51 16 35 24 52 15 52 17 52 21 41 18 53 20 42 23 54 20 55 16 56 24 57 17 58 20 55 17 58 16 56 20 55 20 55 19 59 24 57 231 471 232 472 233 473 234 474 235 474 231 474 236 475 237 475 238 475 239 476 240 476 236 476 241 477 242 478 243 479 244 480 241 481 243 482 233 483 245 484 234 485 246 486 247 486 248 486 249 487 238 488 241 489 243 490 236 490 249 490 250 491 251 492 232 493 234 494 250 495 252 496 232 497 235 498 250 499 243 500 239 501 244 502 253 503 241 504 254 505 255 506 237 506 251 506 231 471 235 507 232 472 234 508 245 508 235 508 236 509 240 509 237 509 241 477 238 510 242 478 248 511 254 511 256 511 257 512 244 513 238 514 232 515 257 512 252 516 238 514 244 513 242 517 250 499 235 498 252 516 235 498 245 518 252 516 252 516 245 518 232 515 238 514 252 516 257 512 252 519 238 520 258 521 238 522 248 523 258 524 248 525 237 525 254 525 237 526 255 527 254 528 252 519 258 521 246 529 255 530 252 531 246 532 253 533 254 528 255 527 255 534 246 535 253 536 246 535 248 537 253 536 256 538 253 539 248 540 244 480 257 541 241 481 233 483 232 542 245 484 257 543 246 544 258 545 232 546 251 547 246 544 247 548 246 548 256 548 246 544 251 547 256 549 241 504 257 543 258 545 241 504 258 545 254 505 258 550 247 551 254 552 241 553 256 549 251 547 247 551 256 554 254 552 257 543 232 546 246 544 253 539 256 538 241 555 250 491 231 556 251 492 243 557 242 557 236 557 234 494 231 558 250 495 252 531 255 530 234 559 237 560 248 560 238 560 244 513 239 561 236 562 242 517 244 513 236 562 249 487 236 563 238 488 243 500 240 564 239 501 243 506 249 565 240 566 248 523 247 567 258 524 251 506 231 506 233 506 241 553 251 547 237 568 233 506 234 506 251 506 255 506 251 506 234 506 237 569 240 566 249 565 237 568 249 570 241 553 648 561 649 561 650 561 651 506 652 506 653 506 654 54 649 54 652 54 653 1853 648 1853 651 1853 652 1854 655 1854 653 1854 651 1855 650 1855 654 1855 648 561 655 561 649 561 651 506 654 506 652 506 654 54 650 54 649 54 653 1853 655 1853 648 1853 652 1854 649 1854 655 1854 651 1855 648 1855 650 1855 656 1855 657 1855 658 1856 659 561 657 561 660 561 661 506 658 506 662 506 658 54 663 54 662 54 659 1854 662 1854 663 1857 660 1853 661 1853 659 1853 656 1855 660 1856 657 1855 659 561 663 561 657 561 661 506 656 506 658 506 658 54 657 54 663 54 659 1854 661 1857 662 1854 660 1853 656 1853 661 1853 664 1858 665 1859 17 1860 656 1861 17 1862 665 1863 666 1864 665 1865 667 1866 666 1867 661 1868 656 1869 668 1870 17 1871 661 1854 667 1872 668 1873 666 1874 664 1858 667 1875 665 1859 656 1861 661 1876 17 1862 666 1864 656 1855 665 1865 666 1867 668 1877 661 1868 668 1870 664 1878 17 1871 667 1872 664 1879 668 1873 669 1880 670 1881 671 1882 671 1883 672 1884 669 1855 671 1885 662 1885 658 1886 673 1887 658 1888 662 1889 673 1870 670 1871 674 1878 672 1890 674 1891 669 1892 669 1880 674 1893 670 1881 671 1883 658 1894 672 1884 671 1885 670 1885 662 1885 673 1887 672 1895 658 1888 673 1870 662 1854 670 1871 672 1890 673 1896 674 1891 675 1897 676 1898 677 1899 678 1900 679 1901 677 1902 670 1903 678 1904 680 1905 677 1902 679 1901 675 1906 675 1897 681 1907 676 1898 670 1903 679 1908 678 1904 679 1909 670 1910 681 1911 670 1910 682 1912 681 1911 682 1912 683 1913 681 1911 681 1911 675 1914 679 1909 670 52 680 52 682 52 677 1915 676 1916 678 1917 680 1918 678 1917 676 1916 683 1919 682 1920 676 1916 682 1920 680 1918 676 1916 683 1921 676 1921 681 1921 981 2960 982 2960 983 2960 984 2961 985 2962 986 2963 987 2964 988 2964 984 2964 989 2965 990 2966 991 2967 992 2968 990 2966 989 2965 993 2969 994 2970 995 2971 985 2972 988 2973 996 2974 997 2975 991 2976 993 2977 998 2978 993 2979 995 2980 986 2981 999 2982 987 2983 982 2984 1000 2984 1001 2984 995 2985 989 2985 997 2985 996 2986 1002 2987 985 2988 987 2989 996 2990 981 2991 995 2992 992 2993 998 2994 983 2995 1003 2995 1004 2995 1002 2996 981 2997 983 2998 984 2961 988 2999 985 2962 987 3000 999 3000 988 3000 993 2969 991 3001 994 2970 998 3002 992 506 989 3003 994 3004 998 3002 989 3003 998 2978 1005 3005 993 2979 986 2981 985 3006 999 2982 1004 3007 993 3008 1005 3009 1004 3007 1005 3009 1006 3010 1004 3007 1006 3010 1000 3011 1007 3012 1004 3007 1000 3011 1002 3013 993 3014 1003 3015 993 3014 1004 3016 1003 3015 1005 3009 985 3017 982 3018 1006 3010 1005 3009 982 3018 1002 3013 1003 3015 1007 3019 985 3017 1002 3013 1007 3019 982 3018 985 3017 1007 3019 1000 3020 982 3020 1007 3020 983 3021 1007 3022 1003 3023 996 2986 984 3024 1002 2987 995 3025 994 3025 989 3025 987 2989 984 3026 996 2990 981 3027 1002 3027 987 3027 990 3028 1002 2996 1004 3029 981 3030 991 3031 1006 3032 1002 2996 983 2998 1004 3029 982 3033 981 3030 1006 3032 1001 3034 1006 3035 991 3036 991 3037 990 3037 1001 3037 1001 3038 990 3038 1004 3038 1001 3039 1004 3039 1007 3039 1001 3040 1007 3022 983 3021 982 3041 1001 3041 983 3041 1005 506 998 3002 991 506 985 506 1005 506 981 3042 991 506 998 3002 994 3004 996 2974 988 2973 981 3042 988 2973 999 506 981 3042 981 3042 999 506 985 506 991 506 981 3042 1005 506 997 2975 989 3043 991 2976 995 2992 990 3044 992 2993 995 561 997 561 990 561 1001 3034 1000 3045 1006 3035 1002 561 984 561 986 561 993 561 1002 52 990 561 986 561 987 52 1002 561 990 561 997 561 993 561</p>
        </triangles>
        <triangles material="scout_dbded4" count="340">
          <input semantic="VERTEX" source="#vertices" offset="0" />
          <input semantic="NORMAL" source="#normals" offset="1" />
          <p>0 0 1 0 2 0 2 1 3 2 4 3 5 4 6 4 7 4 6 5 8 5 9 5 10 6 9 7 8 8 11 9 10 9 0 9 8 10 5 11 12 12 12 12 5 11 13 13 5 11 7 14 3 15 10 16 8 10 14 17 14 17 8 10 12 12 3 15 1 18 13 13 3 15 13 13 5 11 12 19 13 20 6 21 13 20 7 22 6 21 6 21 9 23 12 19 0 24 10 16 1 18 14 17 13 13 1 18 14 17 1 18 10 16 9 23 11 25 14 26 11 25 0 27 2 28 14 26 12 19 9 23 14 26 11 25 2 28 13 20 14 26 2 28 7 22 13 20 4 29 13 20 2 28 4 29 2 1 1 30 3 2 6 31 5 31 8 31 10 6 11 32 9 7 4 3 3 2 7 33 80 245 81 245 82 245 83 246 84 246 85 246 83 247 86 247 87 247 88 248 87 248 86 248 89 249 90 249 91 249 92 250 93 250 94 250 95 251 96 251 97 251 98 252 99 252 100 252 101 253 84 254 102 255 97 256 103 257 104 258 103 259 102 260 104 261 105 262 106 263 107 264 108 265 80 266 107 264 106 263 108 265 107 264 109 267 110 268 111 269 106 270 111 270 110 270 112 271 107 271 80 271 83 272 85 273 96 274 85 273 101 275 113 276 101 275 114 277 113 276 115 278 103 279 96 274 96 274 85 273 113 276 113 276 115 278 96 274 94 280 84 281 116 282 117 283 118 284 119 285 119 285 120 286 117 283 120 286 121 287 117 283 121 287 122 288 123 289 123 289 124 290 117 283 124 290 125 291 117 283 125 291 126 292 127 293 128 294 129 295 130 296 125 291 127 293 117 283 128 294 130 296 131 297 130 296 132 298 131 297 121 287 123 289 117 283 132 298 133 299 131 297 127 293 128 294 134 300 117 283 127 293 134 300 135 301 117 283 134 300 133 299 136 302 137 303 137 303 138 304 139 305 138 304 140 306 139 305 133 299 137 303 141 307 139 305 142 308 137 303 142 308 141 307 137 303 141 307 143 309 144 310 131 297 145 311 134 300 141 307 144 310 131 297 133 299 141 307 131 297 146 312 135 301 134 300 128 294 131 297 134 300 146 312 134 300 147 313 146 312 147 313 148 314 148 314 147 313 149 315 149 315 147 313 134 300 149 315 134 300 90 316 134 317 91 317 90 317 90 316 150 318 149 315 149 315 150 318 151 319 150 318 152 320 151 319 153 321 154 322 152 320 154 322 151 319 152 320 153 321 152 320 155 323 156 324 153 321 155 323 157 325 158 326 159 327 160 328 161 329 162 330 161 329 157 325 162 330 162 330 163 331 160 328 164 332 165 333 166 334 165 333 162 330 166 334 167 335 168 336 164 332 169 337 170 338 167 335 155 323 171 339 166 334 166 334 169 337 167 335 167 335 164 332 166 334 162 330 157 325 159 327 155 323 166 334 159 327 166 334 162 330 159 327 150 318 155 323 152 320 159 327 156 324 155 323 98 340 100 340 172 340 173 341 174 342 175 343 175 343 176 344 177 345 177 345 178 346 179 347 179 347 180 348 181 349 180 348 182 350 181 349 182 350 183 351 181 349 181 349 184 352 185 353 185 353 186 354 173 341 186 354 187 355 188 356 185 353 173 341 179 347 187 355 189 357 190 358 190 358 191 359 187 355 191 359 188 356 187 355 188 356 192 360 193 361 188 356 193 361 194 362 181 349 185 353 179 347 175 343 177 345 173 341 177 345 179 347 173 341 134 363 145 364 173 341 188 356 194 362 195 365 186 354 188 356 173 341 134 363 173 341 188 356 134 363 188 356 196 366 188 356 195 365 196 366 134 363 196 366 197 367 134 363 197 367 198 368 134 363 198 368 199 369 134 363 199 369 200 370 134 363 200 370 201 371 134 363 201 371 202 372 134 363 202 372 203 373 134 363 203 373 204 374 134 363 204 374 205 375 134 363 205 375 206 376 134 363 206 376 207 377 134 363 207 377 208 378 134 363 208 378 209 379 134 363 209 379 108 265 209 379 210 380 108 265 89 381 91 382 151 383 155 384 150 384 89 384 155 385 89 381 151 383 211 386 212 387 108 265 212 387 80 266 108 265 148 388 149 389 91 382 148 388 91 382 134 363 108 265 148 388 134 363 213 390 211 386 108 265 214 391 213 390 108 265 215 392 214 391 108 265 216 393 215 392 108 265 210 380 216 393 108 265 149 389 151 383 91 382 155 385 151 383 154 394 101 395 85 396 217 397 217 397 85 396 93 398 84 399 93 398 85 396 217 397 218 400 219 401 219 401 220 402 221 403 220 402 222 404 221 403 221 403 171 405 155 385 217 397 219 401 221 403 221 403 155 385 217 397 217 397 155 385 101 395 154 394 101 395 155 385 89 406 150 406 90 406 99 407 98 407 172 407 94 408 93 408 84 408 223 409 171 339 145 311 113 410 114 410 102 410 102 255 84 254 113 411 84 254 83 412 97 413 84 254 97 413 113 411 97 413 115 414 113 411 97 256 96 415 103 257 224 416 105 262 107 264 107 264 112 417 109 418 109 418 111 419 225 420 107 264 109 418 224 416 111 419 106 263 105 262 111 419 105 262 225 420 225 420 224 416 109 418 103 259 101 421 102 260 97 413 104 422 115 414 104 422 102 423 114 424 114 424 115 414 104 422 83 425 87 426 97 427 87 426 95 428 97 427 114 277 101 275 103 279 103 279 115 278 114 277 96 429 95 430 86 431 83 432 96 429 86 431 226 433 172 434 100 435 100 435 112 436 226 433 227 437 80 438 106 439 112 440 99 441 109 442 99 441 172 443 109 442 226 444 112 445 80 438 80 438 227 437 224 446 110 447 226 444 225 448 226 444 80 438 224 446 227 437 106 439 110 447 225 448 227 437 110 447 226 444 224 446 225 448 108 449 106 449 148 449 80 450 82 451 136 302 148 314 106 452 135 301 146 312 148 314 135 301 82 451 228 453 229 454 82 451 229 454 145 311 223 409 145 311 229 454 82 451 145 311 136 302 145 311 131 297 144 310 145 311 144 310 143 309 145 311 143 309 141 307 145 311 141 307 142 308 145 311 142 308 139 305 145 311 139 305 140 306 145 311 140 306 138 304 138 304 137 303 136 302 145 311 138 304 136 302 135 301 106 452 125 291 106 455 80 455 136 455 125 291 106 452 126 292 135 301 125 291 124 290 135 301 124 290 123 289 135 301 123 289 122 288 118 284 117 283 135 301 119 285 118 284 135 301 120 286 119 285 135 301 121 287 120 286 135 301 122 288 121 287 135 301 126 292 106 452 136 302 128 294 127 293 126 292 129 295 128 294 126 292 130 296 129 295 136 302 129 295 126 292 136 302 136 302 133 299 132 298 132 298 130 296 136 302 171 339 230 456 94 280 223 409 229 454 228 453 171 339 223 409 230 456 223 409 228 453 92 457 223 409 92 457 230 456 92 457 94 280 230 456 171 339 94 280 116 282 166 334 171 339 169 337 169 337 171 339 170 338 170 338 171 339 167 335 167 335 171 339 116 282 168 336 167 335 116 282 164 332 168 336 116 282 165 333 164 332 116 282 162 330 165 333 116 282 162 330 116 282 101 458 101 459 116 459 84 459 156 324 159 327 158 326 156 324 158 326 157 325 156 324 157 325 161 329 156 324 161 329 160 328 156 324 160 328 163 331 156 324 163 331 162 330 156 324 162 330 101 458 153 321 156 324 154 322 154 322 156 324 101 458 88 460 86 460 95 460 109 267 226 461 110 268 87 462 88 462 95 462 172 463 226 463 109 463 100 464 99 464 112 464 82 465 81 465 228 465 224 466 227 466 105 466 105 467 227 467 225 467 202 372 201 371 214 391 201 371 200 370 211 386 214 391 201 371 211 386 200 370 199 369 198 368 198 368 197 367 196 366 196 366 195 365 192 360 195 365 194 362 192 360 194 362 193 361 192 360 192 360 188 356 191 359 192 360 191 359 190 358 200 370 198 368 192 360 198 368 196 366 192 360 203 373 202 372 214 391 205 375 204 374 203 373 207 377 206 376 205 375 209 379 208 378 205 375 208 378 207 377 205 375 216 393 210 380 209 379 214 391 215 392 216 393 211 386 213 390 214 391 80 266 212 387 187 355 186 354 80 266 187 355 212 387 211 386 200 370 214 391 216 393 205 375 216 393 209 379 205 375 205 375 203 373 214 391 192 360 190 358 189 357 192 360 189 357 212 387 189 357 187 355 212 387 200 370 192 360 212 387 80 266 186 354 185 353 228 468 81 469 145 364 93 398 92 470 171 405 217 397 93 398 171 405 218 400 217 397 171 405 219 401 218 400 171 405 220 402 219 401 171 405 222 404 220 402 171 405 171 405 221 403 222 404 80 266 185 353 184 352 80 266 184 352 181 349 80 266 181 349 183 351 80 266 183 351 182 350 81 469 80 266 182 350 81 469 182 350 180 348 81 469 180 348 145 364 180 348 179 347 145 364 179 347 178 346 145 364 178 346 177 345 145 364 177 345 176 344 145 364 176 344 175 343 145 364 174 342 173 341 145 364 175 343 174 342 145 364 92 470 228 468 145 364 92 470 145 364 171 405</p>
        </triangles>
      </mesh>
    </geometry>
  </library_geometries>
  <library_visual_scenes>
    <visual_scene id="scene">
      <node id="body">
        <instance_geometry url="#geometry">
          <bind_material>
            <technique_common>
              <instance_material symbol="scout_1a1f21" target="#scout_1a1f21" />
              <instance_material symbol="scout_b8bab5" target="#scout_b8bab5" />
              <instance_material symbol="scout_dbded4" target="#scout_dbded4" />
            </technique_common>
          </bind_material>
        </instance_geometry>
      </node>
    </visual_scene>
  </library_visual_scenes>
  <scene>
    <instance_visual_scene url="#scene" />
  </scene>
</COLLADA>