<?xml version='1.0' encoding='utf-8'?>
<COLLADA xmlns="http://www.collada.org/2005/11/COLLADASchema" version="1.4.1">
  <asset>
    <created>2026-09-14T00:00:00Z</created>
    <modified>2026-09-14T00:00:00Z</modified>
    <unit name="metre" meter="1" />
    <up_axis>Z_UP</up_axis>
  </asset>
  <library_effects>
    <effect id="scout_11141b_effect">
      <profile_COMMON>
        <technique sid="common">
          <phong>
            <emission>
              <color>0 0 0 1</color>
            </emission>
            <ambient>
              <color>0.0325 0.04 0.0525 1</color>
            </ambient>
            <diffuse>
              <color>0.065 0.08 0.105 1</color>
            </diffuse>
            <specular>
              <color>0.035 0.035 0.035 1</color>
            </specular>
            <shininess>
              <float>24</float>
            </shininess>
          </phong>
        </technique>
      </profile_COMMON>
    </effect>
    <effect id="scout_1a1f21_effect">
      <profile_COMMON>
        <technique sid="common">
          <phong>
            <emission>
              <color>0 0 0 1</color>
            </emission>
            <ambient>
              <color>0.05 0.06 0.065 1</color>
            </ambient>
            <diffuse>
              <color>0.1 0.12 0.13 1</color>
            </diffuse>
            <specular>
              <color>0.035 0.035 0.035 1</color>
            </specular>
            <shininess>
              <float>24</float>
            </shininess>
          </phong>
        </technique>
      </profile_COMMON>
    </effect>
    <effect id="scout_b8bab5_effect">
      <profile_COMMON>
        <technique sid="common">
          <phong>
            <emission>
              <color>0 0 0 1</color>
            </emission>
            <ambient>
              <color>0.36 0.365 0.355 1</color>
            </ambient>
            <diffuse>
              <color>0.72 0.73 0.71 1</color>
            </diffuse>
            <specular>
              <color>0.035 0.035 0.035 1</color>
            </specular>
            <shininess>
              <float>24</float>
            </shininess>
          </phong>
        </technique>
      </profile_COMMON>
    </effect>
    <effect id="scout_dbded4_effect">
      <profile_COMMON>
        <technique sid="common">
          <phong>
            <emission>
              <color>0 0 0 1</color>
            </emission>
            <ambient>
              <color>0.43 0.435 0.415 1</color>
            </ambient>
            <diffuse>
              <color>0.86 0.87 0.83 1</color>
            </diffuse>
            <specular>
              <color>0.035 0.035 0.035 1</color>
            </specular>
            <shininess>
              <float>24</float>
            </shininess>
          </phong>
        </technique>
      </profile_COMMON>
    </effect>
  </library_effects>
  <library_materials>
    <material id="scout_11141b" name="scout_11141b">
      <instance_effect url="#scout_11141b_effect" />
    </material>
    <material id="scout_1a1f21" name="scout_1a1f21">
      <instance_effect url="#scout_1a1f21_effect" />
    </material>
    <material id="scout_b8bab5" name="scout_b8bab5">
      <instance_effect url="#scout_b8bab5_effect" />
    </material>
    <material id="scout_dbded4" name="scout_dbded4">
      <instance_effect url="#scout_dbded4_effect" />
    </material>
  </library_materials>
  <library_geometries>
    <geometry id="geometry" name="payload">
      <mesh>
        <source id="positions">
          <float_array id="positions_array" count="2631">-0.0832260996 -0.123755202 0.00700000115 -0.0832260996 -0.123755202 0.0610000044 -0.0832260996 0.121244803 0.0610000044 -0.0832260996 0.121244803 0.00700000115 0.131773904 0.121244803 0.0610000044 0.131773904 0.121244803 0.00700000115 0.131773904 -0.123755202 0.0610000044 0.131773904 -0.123755202 0.00700000115 0.182595938 -0.0462501645 0.0963436216 0.182595938 -0.0462501645 0.120657608 0.182595938 -0.0366584361 0.120657608 0.182595938 -0.0366584361 0.0963436216 0.189093858 -0.0366584361 0.120657608 0.189093858 -0.0366584361 0.0963436216 0.189093858 -0.0462501645 0.120657608 0.189093858 -0.0462501645 0.0963436216 0.182595938 -0.0461792797 0.0959994495 0.182595938 -0.0461792797 0.121000618 0.182595938 0.0437448025 0.121000618 0.182595938 0.0437448025 0.0959994495 0.207595915 0.0437448025 0.121000618 0.207595915 0.0437448025 0.0959994495 0.207595915 -0.0461792797 0.121000618 0.207595915 -0.0461792797 0.0959994495 -0.0403600186 0.0515120365 0.190604791 0.0846936405 0.050679367 0.200640187 0.0847217366 0.0515478291 0.190604508 -0.032905858 -0.0659949481 0.188999996 -0.038770698 -0.0619109012 0.189750001 -0.0403928719 -0.0528813899 0.189302757 0.0846936405 -0.0520290248 0.199356079 -0.0125384526 -0.0063453191 0.200250015 -0.0111563597 -0.00125520001 0.200250015 -0.0334250741 -0.0658398047 0.190500006 -0.0403510369 0.0504847728 0.189266831 -0.0387707055 0.0594004877 0.189642861 -0.0331844538 0.063415803 0.189750001 -0.0346284062 -0.0108578224 0.20100002 -0.01756607 -0.00995910354 0.200250015 -0.0334250629 -0.010670593 0.199500009 -0.0403063595 0.0495186262 0.199356079 0.0847801492 0.0503709912 0.189302757 0.0846936405 0.0494676977 0.19937405 0.0847380906 -0.0530114658 0.18923676 -0.0403063595 -0.0531897657 0.200640187 0.0847472996 -0.0540224351 0.190604791 0.0846936405 -0.0530624501 0.200685114 -0.0125384526 0.00383491837 0.200250015 -0.0397037379 -0.0159331504 0.199500009 -0.0398909673 -0.0171364956 0.20100002 -0.0403063595 0.0505520478 0.200685114 -0.0403344557 -0.0540582277 0.190604508 -0.0403063595 -0.0519780964 0.19937405 0.083157979 -0.0619109012 0.189750001 0.0831579864 0.0594004877 0.189750001 0.0775717348 0.063415803 0.189750001 0.0775717497 -0.0659262016 0.189750001 -0.01756607 0.00744870258 0.200250015 -0.039890971 0.0146260951 0.199500009 -0.0331844538 0.00807379559 0.200166687 -0.0395147167 0.0127959577 0.20083335 -0.0863063633 -0.0865000486 0.14199999 -0.0863063633 -0.0865000486 0.173999995 -0.0863063633 -0.0126103535 0.173999995 -0.0863063633 -0.0126103535 0.14199999 -0.0123063624 -0.0126103535 0.173999995 -0.0123063624 -0.0126103535 0.14199999 -0.0123063624 -0.0865000486 0.173999995 -0.0123063624 -0.0865000486 0.14199999 0.0272634774 -0.0462348238 0.14199999 0.0272634774 -0.0462348238 0.155000001 0.0272634774 0.0447730199 0.155000001 0.0272634774 0.0447730199 0.14199999 0.106834099 0.0447730199 0.155000001 0.106834099 0.0447730199 0.14199999 0.106834099 -0.0462348238 0.155000001 0.106834099 -0.0462348238 0.14199999 -0.0863063633 0.0100999549 0.14199999 -0.0863063633 0.0100999549 0.173999995 -0.0863063633 0.08398965 0.173999995 -0.0863063633 0.08398965 0.14199999 -0.0123063624 0.08398965 0.173999995 -0.0123063624 0.08398965 0.14199999 -0.0123063624 0.0100999549 0.173999995 -0.0123063624 0.0100999549 0.14199999 0.0578436404 -0.00125520001 0.200800002 0.0486764573 -0.0294688921 0.200800002 0.0246764552 -0.0469059125 0.200800002 -0.00498917559 -0.0469059125 0.200800002 -0.0289891753 -0.0294688921 0.200800002 -0.0381563604 -0.00125520001 0.200800002 -0.0289891753 0.0269584917 0.200800002 -0.00498917559 0.0443955138 0.200800002 0.0246764552 0.0443955138 0.200800002 0.0486764573 0.0269584917 0.200800002 0.0498899817 0.0278401691 0.221000001 0.0593436398 -0.00125520001 0.221000001 0.0251399819 0.0458220989 0.221000001 -0.00545270136 0.0458220989 0.221000001 -0.0302027017 0.0278401691 0.221000001 -0.0396563597 -0.00125520001 0.221000001 -0.0302027017 -0.0303505696 0.221000001 -0.00545270136 -0.0483324975 0.221000001 0.0251399819 -0.0483324975 0.221000001 0.0498899817 -0.0303505696 0.221000001 0.0478674397 0.026370706 0.300799996 0.0568436384 -0.00125520001 0.300799996 0.0243674386 0.0434444547 0.300799996 -0.00468015857 0.0434444547 0.300799996 -0.0281801596 0.026370706 0.300799996 -0.0371563584 -0.00125520001 0.300799996 -0.0281801596 -0.0288811065 0.300799996 -0.00468015857 -0.045954857 0.300799996 0.0243674386 -0.045954857 0.300799996 0.0478674397 -0.0288811065 0.300799996 -0.0277049597 -0.0054428596 0.197300002 -0.026267942 0.00501903286 0.107300006 -0.0264829565 -0.00702522369 0.107300006 -0.0166077651 0.00293245981 0.197300002 -0.0157554448 0.00145619852 0.107300006 -0.0178297684 -0.00702522369 0.197300002 -0.0264829565 0.0045148232 0.197300002 -0.017594073 -0.0062151649 0.107300006 -0.149329484 -0.0512552001 0.0627008677 -0.149329484 -0.0512552001 0.157354176 -0.149329484 0.0487448014 0.157354176 -0.149329484 0.0487448014 0.0627008677 -0.0888924003 0.0487448014 0.157354176 -0.0888924003 0.0487448014 0.0627008677 -0.0888924003 -0.0512552001 0.157354176 -0.0888924003 -0.0512552001 0.0627008677 0.0993885025 -0.0456862077 0.187000006 0.093493633 -0.0489633158 0.188999996 0.0989614055 0.0433919951 0.188999996 0.111377001 -0.0900722146 0.142847314 0.120693639 -0.0964586958 0.186585039 0.120693639 -0.0982440859 0.187907025 0.113358073 0.0951322764 0.134418204 0.117864795 0.0942566842 0.100585528 0.114822812 0.0962091982 0.102621779 0.111227214 0.0891614184 0.142885804 0.108693644 0.0933605283 0.186915845 0.114693642 0.0955426469 0.188188002 -0.0817858726 0.0952091962 0.103581809 -0.0831599981 0.0890281647 0.0968068317 -0.0793160349 0.0952091962 0.103216201 -0.0507352985 -0.0812302008 0.142000005 -0.0501313545 -0.0806262568 0.142000005 -0.0613924973 -0.0724690035 0.140914291 -0.0581313558 -0.0102551999 0.140000001 -0.0878957435 -0.0122572249 0.142000005 -0.00254636118 -0.00242728717 0.141666666 -0.0864206254 -0.0978091732 0.0966606885 -0.0744502991 -0.0981851071 0.096927464 -0.0793160349 -0.0977195948 0.103216201 -0.068122983 0.0683953539 0.188999996 -0.0706478879 0.0699653625 0.187000006 -0.0685254484 0.0801784098 0.18844445 -0.0116501143 -0.0132651478 0.140000015 0.0331477709 -0.0188801996 0.142000005 -0.0119121689 -0.0159761347 0.142000005 -0.103211612 0.0645154789 0.142697975 -0.0301601049 0.0331250727 0.140791684 -0.0485114641 0.0151907066 0.140000001 0.0471864529 0.0365828201 0.141017556 0.0475746952 0.0553622693 0.142000005 0.0331477709 0.0351198018 0.142000005 0.0929897502 -0.0723033696 0.140000015 0.10630592 -0.0924842358 0.13896741 0.0981900543 -0.081063576 0.141471699 0.0469496958 -0.0592052005 0.140000001 0.0893626809 -0.0354971066 0.14085716 -0.011029969 -0.0231694728 0.142000005 0.105443634 -0.0947195962 0.142000005 -0.0764389783 -0.098044008 0.14376311 -0.0720620453 -0.0925727338 0.138930589 -0.012135827 0.0224273615 0.142000005 -0.0137604894 0.0351198018 0.140000015 -0.00876048952 0.0443207622 0.142000005 0.114750266 0.0529282652 0.142000005 0.11369364 0.00604479993 0.142000005 0.12515904 0.0585321113 0.140444458 -0.0121358288 -0.0519377626 0.140000015 0.0420958288 -0.0472800247 0.142000005 -0.0137130832 -0.0562954284 0.141259268 0.0986457765 0.0780980885 0.140925929 -0.0177602991 0.070960328 0.140000015 0.0230109468 0.052300714 0.142000005 -0.0507352985 -0.0812302008 0.140000001 -0.0509563573 -0.0820551962 0.140000001 -0.0173796769 0.0835563689 0.141241387 -0.0792893171 -0.0980529264 0.181750074 -0.0744503066 -0.0977487788 0.188524216 -0.0864503086 -0.0981917903 0.188323095 0.108694009 0.0958950296 0.140518263 0.108693682 0.0938479602 0.141058713 0.125099272 0.0944743603 0.14220877 0.108693868 -0.0984247699 0.140325725 0.121596128 -0.0979813263 0.14168109 0.108693637 -0.0947195962 0.142000005 0.116823837 -0.0913154334 0.0967369452 0.113358073 -0.0977965146 0.134418204 0.115827896 -0.0976669639 0.134783819 -0.0288774185 -0.0597051978 0.188999996 -0.0286563616 -0.0588801987 0.188999996 -0.0317353047 -0.0597051978 0.188999996 0.0491949245 0.010461634 0.187926829 0.032469891 0.0379346013 0.187916666 0.0919936299 0.0464529172 0.187000006 -0.0883341953 -0.0981251746 0.141109005 -0.0804502964 -0.0976873338 0.135378242 -0.0816113055 -0.0974254757 0.181750074 -0.0744503066 -0.0961532816 0.186788544 -0.0772683024 0.0942550525 0.146585181 -0.0842273608 0.0508033 0.190713465 -0.0870838091 0.0915211216 0.142593324 0.0984017551 0.0749869794 0.187793657 -0.0691218451 0.0896591991 0.187000006 -0.0700003058 0.0905376598 0.187000006 0.0315231122 0.0314273648 0.140000015 0.0304571725 0.0480853692 0.140000015 0.0371608958 -0.0263952743 0.140326545 0.0331477746 0.016369801 0.140000015 0.0331477746 0.0171198007 0.142000005 -0.00842833146 0.0672091991 0.188999996 0.0874047652 0.0422054417 0.188999996 0.108693644 -0.0975869596 0.188577071 0.108693644 -0.0962756053 0.186748579 -0.0792893171 0.0948758647 0.181750074 -0.0805794746 0.0962091982 0.148621783 -0.0744503066 0.0929384455 0.188078105 0.114693642 0.0951769352 0.182378218 0.11355938 0.0952091962 0.149216205 0.120693639 0.0956747085 0.142927468 0.116029225 0.095286116 0.14958182 0.108693644 -0.096127592 0.144270763 -0.0803354904 -0.0967195928 0.148609728 0.11355938 -0.0977195948 0.149216205 0.116029225 -0.097642675 0.14958182 0.115827896 0.0951565653 0.134783819 -0.0448545627 0.079544805 0.138666689 -0.0526518859 0.0831262469 0.138910905 -0.050326094 0.0750825703 0.138545468 -0.07077571 0.0915112123 0.14264518 -0.0720624998 0.0901291072 0.139107093 -0.0829496011 -0.0916124284 0.0968147665 0.114471421 -0.0982872769 0.0971820876 0.12163569 -0.0964579284 0.139780357 -0.0744502991 0.0956747085 0.096927464 0.11690551 -0.0543330126 0.187714294 0.120693639 -0.0982381329 0.142953455 -0.0864206254 0.0951215103 0.0965834782 -0.0517632104 -0.0788986385 0.140000001 -0.0467301123 -0.0782609656 0.138730779 -0.0513292477 -0.0851705 0.138724506 -0.0581313558 0.00774479937 0.140000001 -0.0106842099 0.0104229823 0.140000015 -0.0873426571 0.00910937879 0.141600013 -0.0880349874 0.0954589099 0.14125222 0.114693642 -0.0977195948 0.102621779 -0.0817858726 -0.0977965146 0.103581809 -0.0885211229 -0.0963191614 0.139868364 -0.010973311 0.0206222758 0.141052648 0.0323346965 -0.00125520001 0.142000005 0.0321672298 -0.000630200084 0.142000005 -0.0468495078 -0.0130986385 0.140000001 -0.0476520956 -0.0205126889 0.138641328 -0.0512281768 -0.0118739298 0.138928592 -0.0493063666 -0.080405198 0.142000005 -0.0181905571 -0.0855738297 0.140903234 -0.0355264284 -0.0697515234 0.142000005 -0.0163035169 -0.072826311 0.140900016 -0.0507352985 -0.082880199 0.142000005 -0.0509563573 -0.0820551962 0.142000005 -0.0876602083 -0.0124927573 0.140000015 -0.0744503066 0.0959514529 0.187264934 0.124631569 0.0929836705 0.140328988 0.140634835 -0.0608659051 0.140000015 0.131283224 -0.0586778633 0.141037047 -0.0478774197 0.0129197994 0.140000001 -0.0484813638 0.0123158582 0.140000001 -0.047656361 0.0137447994 0.140000001 -0.0493063666 0.0120947994 0.140000001 -0.0501313545 0.0123158582 0.140000001 -0.0507352985 0.0145697994 0.140000001 -0.0507352985 0.0129197994 0.140000001 -0.0509563573 0.0137447994 0.140000001 -0.0478774197 0.0145697994 0.140000001 -0.0503168367 -0.0197227895 0.141111121 -0.010973311 -0.0411326736 0.141384616 -0.0120347701 -0.0339621976 0.141040012 0.0331477709 -0.0372552015 0.140975624 -0.0493063666 0.0120947994 0.142000005 -0.0501313545 0.0123158582 0.142000005 -0.0493063666 0.0153948003 0.142000005 -0.0509563573 0.0137447994 0.142000005 -0.0507352985 0.0129197994 0.142000005 -0.0501313545 0.0151737416 0.142000005 -0.0507352985 0.0145697994 0.142000005 -0.0425629131 0.0718663484 0.141307697 0.045699697 0.0564448014 0.142000005 0.0458671637 0.055819802 0.142000005 0.0463246964 0.0553622693 0.142000005 0.074583903 0.0447698012 0.142000005 0.0761839077 0.0463698022 0.142000005 0.0753839016 0.0449841619 0.142000005 0.075969547 0.0455697998 0.142000005 0.0469496958 0.0551947989 0.142000005 -0.0493063666 0.0778947994 0.140000001 -0.0501313545 0.0781158581 0.140000001 -0.0507352985 0.0787198022 0.140000001 -0.0509563573 0.0795447975 0.140000001 -0.0507352985 0.0803698003 0.140000001 -0.0501313545 0.0809737444 0.140000001 0.105443642 0.0884592012 0.138593748 -0.0118693868 0.0561487861 0.1408889 0.0737839043 0.0477554426 0.140000001 0.0731982663 0.0471698008 0.140000001 0.074583903 0.0479697995 0.140000001 0.0753839016 0.0477554426 0.140000001 0.075969547 0.0471698008 0.140000001 0.0761839077 0.0463698022 0.140000001 0.075969547 0.0455697998 0.140000001 0.0753839016 0.0449841619 0.140000001 0.1036397 -0.000172668297 0.140000001 0.103014693 -5.20008416e-06 0.140000001 0.104097225 -0.000630200084 0.140000001 0.104264699 -0.00125520001 0.140000001 0.115077034 -0.0555016361 0.140600011 0.104097225 -0.0018802 0.140000001 -0.0507352985 -0.082880199 0.140000001 -0.0501313545 -0.0806262568 0.140000001 -0.0108913537 -0.023097707 0.140000015 -0.0493063666 -0.080405198 0.140000001 -0.0302703045 -0.0611254312 0.140000015 -0.0509563573 -0.0162551999 0.140000001 -0.0478774197 -0.017080199 0.140000001 -0.0501313545 -0.0176841412 0.140000001 -0.0507352985 -0.017080199 0.140000001 -0.0484813638 -0.0176841412 0.140000001 -0.0493063666 -0.0179051999 0.140000001 0.0331003666 -0.0562954284 0.140311122 0.0469496958 -0.0567051992 0.140000001 0.0458671637 -0.0573301986 0.140000001 0.0463246964 -0.0568726659 0.140000001 0.0458671637 -0.0585802011 0.140000001 0.045699697 -0.057955198 0.140000001 0.0463246964 -0.0590377301 0.140000001 -0.0786304325 -0.0924878716 0.142682031 -0.0108913528 0.0489022918 0.140000015 -0.0816113055 0.0955033153 0.181750074 -0.0864503086 0.0957711935 0.188025266 0.116065115 0.0899796337 0.0964180753 -0.0804502964 0.0952091962 0.135378242 -0.0526883006 0.0102387648 0.138966367 -0.0512101538 0.0172626954 0.140000001 -0.046372503 0.0173493437 0.138536051 -0.0288774185 -0.0580551997 0.188999996 -0.0294813607 -0.0574512556 0.188999996 -0.0303063616 -0.0572302006 0.188999996 -0.0311313607 -0.0574512556 0.188999996 -0.0317353047 -0.0580551997 0.188999996 -0.0319563597 -0.0588801987 0.188999996 -0.0554620363 -0.0165769979 0.188194811 -0.0692832619 -0.0716188326 0.188999996 -0.0559919327 -0.091701895 0.18741177 -0.0201563612 -0.0697195977 0.188999996 -0.0294813607 -0.0603091419 0.188999996 0.106043629 -0.00393987866 0.187000006 0.104908951 -0.00280520017 0.187000006 0.10449364 -0.00125520001 0.187000006 0.110278316 -0.00280520017 0.187000006 0.121088833 0.0930662602 0.187697724 0.109143637 -0.00393987866 0.187000006 0.107593633 -0.0043552001 0.187000006 0.0515936427 -0.00125520001 0.187000006 0.0514261685 -0.000630200084 0.187000006 0.0509686358 -0.000172668297 0.187000006 0.0503436364 -5.20008416e-06 0.187000006 0.049718637 -0.000172668297 0.187000006 0.0128747262 0.000494799984 0.187000006 0.0115936399 0.00177588896 0.187000006 0.00413413439 0.0411815979 0.18803449 0.00984364003 0.0022448001 0.187000006 -0.0712003037 0.0860591978 0.187000006 -0.0691218451 0.0872591957 0.187000006 -0.0700003058 0.086380735 0.187000006 -0.0688003078 0.0884592012 0.187000006 -0.0712003037 0.0908591971 0.187000006 -0.0724003091 0.0905376598 0.187000006 -0.0133238863 0.00588536309 0.188130438 -0.00932382792 0.0331938304 0.187000006 -0.00932382792 0.0344438292 0.187000006 -0.00915636122 0.0338188298 0.187000006 0.0480322279 -0.0573301986 0.142000005 0.0475746952 -0.0568726659 0.142000005 0.0469496958 -0.0567051992 0.142000005 0.0463246964 -0.0568726659 0.142000005 0.0458671637 -0.0573301986 0.142000005 0.045699697 -0.057955198 0.142000005 -0.0864503086 -0.0965005979 0.186512634 -0.0478774197 0.0803698003 0.142000005 -0.0484813638 0.0809737444 0.142000005 -0.0493063666 0.0811948031 0.142000005 -0.0501313545 0.0809737444 0.142000005 -0.0507352985 0.0803698003 0.142000005 -0.0509563573 0.0795447975 0.142000005 -0.0507352985 0.0787198022 0.142000005 -0.0501313545 0.0781158581 0.142000005 -0.0493063666 0.0778947994 0.142000005 0.0862264559 0.0348003581 0.141428575 0.0961496979 0.0551947989 0.142000005 0.102389693 -0.000172668297 0.142000005 0.0731982663 -0.0480801985 0.142000005 0.0729839057 -0.0488802008 0.142000005 0.0731982663 -0.0496801995 0.142000005 0.0737839043 -0.0502658412 0.142000005 0.074583903 -0.0504801981 0.142000005 0.0955246985 -0.0568726659 0.142000005 0.0950671658 -0.0573301986 0.142000005 0.0948996991 -0.057955198 0.142000005 0.09723223 -0.0585802011 0.142000005 0.103014693 -0.00250519998 0.142000005 0.0950671658 -0.0585802011 0.142000005 0.0955246985 -0.0590377301 0.142000005 0.0961496979 -0.0592052005 0.142000005 0.0967746973 -0.0590377301 0.142000005 0.1036397 -0.00233773189 0.142000005 0.104097225 -0.0018802 0.142000005 0.104264699 -0.00125520001 0.142000005 0.104097225 -0.000630200084 0.142000005 0.1036397 -0.000172668297 0.142000005 0.103014693 -5.20008416e-06 0.142000005 0.0967746973 0.0553622693 0.142000005 0.0967746973 0.0575273335 0.142000005 0.09723223 0.055819802 0.142000005 0.0973996967 0.0564448014 0.142000005 0.09723223 0.0570698008 0.142000005 0.140562996 -0.061222516 0.142000005 0.0938285887 -0.0704073906 0.187709674 0.0876797885 -0.0449278764 0.187000006 0.0732646957 0.0555448011 0.188999996 0.0738686323 0.054940857 0.188999996 0.0746936351 0.054719802 0.188999996 0.0755186379 0.054940857 0.188999996 0.0718686357 0.0449948013 0.188999996 0.023647774 0.0557448007 0.188999996 0.0225496925 0.0568428785 0.188999996 0.0240496956 0.0542448014 0.188999996 0.021049697 0.0572448 0.188999996 -0.000950302987 0.0482448004 0.188999996 0.0240496956 0.0482448004 0.188999996 -0.000950302987 0.0542448014 0.188999996 -0.00135222822 0.0557448007 0.188999996 -0.00245030224 0.0568428785 0.188999996 -0.00395030528 0.0572448 0.188999996 0.103365175 0.0872591957 0.188999996 0.103043638 0.0884592012 0.188999996 0.103365175 0.0896591991 0.188999996 -0.0294813607 0.054940857 0.188999996 -0.00695030391 0.0542448014 0.188999996 -0.0288774185 0.0555448011 0.188999996 -0.00654837862 0.0557448007 0.188999996 -0.0286563616 0.0563698001 0.188999996 -0.0054503046 0.0568428785 0.188999996 -0.0294813607 0.0577987432 0.188999996 -0.0288774185 0.0571947992 0.188999996 -0.0710621327 0.0556680709 0.141200006 0.108693644 -0.0983675644 0.143476143 0.114693642 -0.0977518559 0.182378218 -0.0064503029 -0.0190051999 0.188999996 -0.0070753023 -0.0191726685 0.188999996 -0.00753283501 -0.0196301993 0.188999996 -0.00770030543 -0.0202551987 0.188999996 -0.0110313613 -0.0352466963 0.188999996 -0.01040636 -0.0350792296 0.188999996 -0.00978136063 -0.0352466963 0.188999996 0.0041357656 -0.0437332168 0.18803449 -0.00932382792 -0.035704229 0.188999996 -0.00915636122 -0.0363292284 0.188999996 -0.00932382792 -0.0369542278 0.188999996 -0.00978136063 -0.0374117605 0.188999996 -0.000950302987 -0.050755199 0.188999996 -0.01040636 -0.0375792272 0.188999996 -0.0110313613 -0.0374117605 0.188999996 -0.00135222822 -0.0582551993 0.188999996 -0.000950302987 -0.0567552 0.188999996 -0.00395030528 -0.0597551987 0.188999996 -0.00245030224 -0.0593532771 0.188999996 0.0184516199 -0.0492551997 0.188999996 0.0180496946 -0.050755199 0.188999996 0.0195496976 -0.048157122 0.188999996 0.0180496946 -0.0567552 0.188999996 0.0240496956 -0.050755199 0.188999996 0.021049697 -0.0477552004 0.188999996 0.0225496925 -0.048157122 0.188999996 0.023647774 -0.0492551997 0.188999996 -0.0114888921 -0.0369542278 0.188999996 0.0732646957 -0.0580551997 0.188999996 0.0746936351 -0.0572302006 0.188999996 0.0738686323 -0.0574512556 0.188999996 0.0960600451 -0.0812003091 0.188374996 0.00809364021 -0.00428628922 0.188999996 0.00984364003 -0.00475520035 0.188999996 0.00984364003 0.0022448001 0.188999996 0.049718637 -0.00233773189 0.188999996 0.0503436364 -0.00250519998 0.188999996 0.0509686358 -0.00233773189 0.188999996 0.0514261685 -0.0018802 0.188999996 0.0515936427 -0.00125520001 0.188999996 0.0623186417 0.00204479997 0.188999996 -0.00582530349 0.0188273322 0.188999996 -0.00536777079 0.0183698013 0.188999996 -0.00520030409 0.0177448001 0.188999996 -0.00536777079 0.0171198007 0.188999996 -0.00582530349 0.0166622698 0.188999996 -0.0064503029 0.0164948013 0.188999996 -0.0070753023 0.0166622698 0.188999996 -0.0070753023 0.0188273322 0.188999996 -0.0064503029 0.0189948007 0.188999996 -0.01040636 0.032568831 0.188999996 -0.00978136063 0.0327362977 0.188999996 -0.00932382792 0.0331938304 0.188999996 -0.00915636122 0.0338188298 0.188999996 -0.01040636 0.0350688286 0.188999996 -0.00932382792 0.0344438292 0.188999996 -0.00978136063 0.0349013619 0.188999996 -0.0110313613 0.0349013619 0.188999996 -0.0114888921 0.0344438292 0.188999996 -0.0116563607 0.0338188298 0.188999996 -0.0114888921 0.0331938304 0.188999996 -0.00753283501 0.0183698013 0.188999996 -0.00770030543 0.0177448001 0.188999996 -0.00753283501 0.0171198007 0.188999996 -0.0114888921 -0.035704229 0.187000006 -0.0116563607 -0.0363292284 0.187000006 -0.0303063616 -0.0572302006 0.187000006 0.107522093 -0.0897695944 0.187000006 0.10784363 -0.0909695998 0.187000006 -0.0114888921 -0.0369542278 0.187000006 -0.0110313613 -0.0374117605 0.187000006 -0.00978136063 -0.0352466963 0.187000006 -0.01040636 -0.0350792296 0.187000006 -0.0064503029 -0.0215051994 0.187000006 -0.00582530349 -0.0213377308 0.187000006 -0.00932382792 -0.035704229 0.187000006 -0.00915636122 -0.0363292284 0.187000006 -0.00932382792 -0.0369542278 0.187000006 -0.00978136063 -0.0374117605 0.187000006 -0.00395030528 -0.0477552004 0.187000006 -0.00245030224 -0.048157122 0.187000006 0.0342027918 -0.0389145091 0.18803449 -0.00135222822 -0.0492551997 0.187000006 -0.01040636 -0.0375792272 0.187000006 -0.0054503046 -0.048157122 0.187000006 -0.00654837862 -0.0492551997 0.187000006 0.10664364 -0.0888911337 0.187000006 0.107522093 -0.0921695977 0.187000006 0.10664364 -0.0930480585 0.187000006 0.105443634 -0.0933695957 0.187000006 -0.00695030391 -0.050755199 0.187000006 -0.0294813607 -0.0574512556 0.187000006 -0.0288774185 -0.0580551997 0.187000006 -0.0286563616 -0.0588801987 0.187000006 -0.0288774185 -0.0597051978 0.187000006 -0.0294813607 -0.0603091419 0.187000006 0.104243629 -0.0930480585 0.187000006 0.103365175 -0.0921695977 0.187000006 0.103365175 -0.0897695944 0.187000006 0.103043638 -0.0909695998 0.187000006 0.0491949245 -0.0129720336 0.188069761 -0.149388909 -0.135880202 0.0788371116 -0.161359385 -0.137018025 0.0303330272 -0.126473546 -0.136255205 0.141796529 -0.115624569 -0.131955698 0.190982178 -0.167804465 -0.132361218 0.0476249233 -0.121988177 0.0362448022 0.146549046 -0.147851765 0.0362448022 0.0761492848 -0.165331826 0.130399495 0.042972289 -0.112096272 0.130399555 0.191001251 -0.147679493 -0.0387552008 0.0760865808 -0.12211138 -0.0387551971 0.146593884 -0.103011943 -0.136917889 0.190641329 0.104775727 0.0831857622 0.123998828 0.111613967 0.0610698909 0.110705696 0.104745701 0.0832090601 0.096494846 -0.0692765862 0.0488397405 0.0921689272 0.111614011 0.0364238434 0.110927545 -0.0689954907 0.0488339886 0.128282011 -0.0686716363 0.00952719338 0.110295698 0.109763496 0.00952719152 0.110204309 -0.0688153356 0.0877021775 0.110295698 0.00105494796 0.0837351903 0.110059939 0.0530309118 0.0837063417 0.110059939 0.111669302 0.0348055474 0.107198663 0.111095399 0.062715739 0.103987254 0.108144455 0.0288655926 0.0987524912 0.107774958 0.0237448029 0.125377893 -0.066119723 0.0347447991 0.124761201 -0.0669319555 0.0237448029 0.125129029 0.109110318 0.0237105582 0.100293718 -0.0696915761 0.0372140892 0.0999144763 -0.071005024 0.0487447977 0.0992916673 -0.0833900496 0.0568907261 0.0984999985 0.11411348 0.0509368703 0.0984999985 0.113881215 0.0469800755 0.0992500037 -0.0674104393 0.0738147795 0.0997422785 -0.0669319555 0.0627448112 0.125129029 0.0456316881 0.0739101619 0.152239978 0.118994929 0.0264992192 0.0992500037 -0.0656985566 0.0627448112 0.124002315 -0.068571128 0.0344558433 0.098445788 -0.0692109764 0.0628692433 0.0999195278 0.112175763 0.0588440858 0.0997071564 -0.0688584223 0.0237342902 0.103879102 0.106648229 0.0237448029 0.124144502 0.117838003 0.0472123399 0.100000009 0.118587345 0.0718574077 0.0993225873 -0.0776141584 0.0258643832 0.099318184 -0.0776799098 0.0712884292 0.100000009 -0.0770121813 0.0505299382 0.0993437544 0.11815653 0.0482876599 0.0984999985 0.107774958 0.0627448112 0.125377893 -0.0686594769 0.0630121231 0.0984506607 -0.0896379054 -0.0152389789 0.0940000042 -0.0962979347 -0.015593702 0.0910000056 -0.0882446393 -0.0123475092 0.0910000056 -0.0926654786 -0.094097577 0.0940000042 -0.0936788246 -0.090390116 0.0910000056 -0.0870315582 -0.0942849666 0.0924347863 0.107719041 0.115262896 0.0160000008 0.109581843 0.11754147 0.0130000003 0.110891752 0.109812744 0.0130000003 -0.118688524 -0.100982405 0.0958572999 -0.147033975 -0.136076555 0.0187454801 -0.14705798 -0.138168231 0.0175483674 0.119654082 0.0468555093 0.0940000042 0.116971321 0.044056721 0.0910000056 0.117807589 0.053015288 0.0910000056 0.127302349 0.0908790529 0.0940000042 0.128294975 0.0889210254 0.0910000056 0.120680705 0.0908790529 0.0910000056 0.112371653 0.0453779586 0.0940000042 0.111336157 0.049345132 0.0910000056 0.114240952 -0.112697087 0.0160000008 0.113586485 -0.119604558 0.0145652182 0.114885166 -0.113694079 0.0130000003 0.0902375355 -0.13584289 0.0178817417 0.0689371824 -0.126844317 0.0435095131 0.0689371824 -0.125046566 0.0426331088 -0.0754731297 0.0827239528 0.0950000063 -0.0754731223 0.0867656544 0.0949999988 -0.0990520194 0.0727778673 0.0960000008 0.125349417 -0.0873235464 0.0940000042 0.127424106 -0.09306629 0.0910000056 0.123161547 -0.0867057741 0.0910000056 -0.147205502 0.135604486 0.0175515339 -0.145612851 0.0958580598 0.0169999991 -0.147077858 0.13348864 0.0187373981 0.0839659721 0.11754147 0.0160000008 0.0839674696 0.117312521 0.0130000003 0.0776633918 0.112942293 0.0130000003 0.115377292 0.0536092222 0.0940000042 0.087108545 0.0721496046 0.0940000042 0.0917145908 0.0684365928 0.0953750014 -0.0909334794 -0.0987551957 0.0960000008 0.119815715 -0.100552581 0.0959263518 -0.0844437853 -0.111149028 0.0734229311 -0.0905147493 -0.118027791 0.0570305884 -0.0905271396 -0.119818062 0.0579223558 -0.0909415781 0.013340422 0.0940000042 -0.0883727372 0.00753534446 0.0921111181 -0.0941402614 0.0140297441 0.0910000056 -0.125381798 -0.124756753 0.0179999992 0.0905796736 -0.124756746 0.0160000008 0.0908723548 -0.125049427 0.0179999992 -0.0868560374 0.0917870402 0.0940000042 -0.0872188732 0.0853594542 0.0926200077 -0.0897304416 0.0928634852 0.0910000056 -0.0708361715 0.0506485887 0.0940000042 -0.07120841 0.0449251086 0.0910000056 -0.0737816021 0.0532506593 0.0926875025 0.119883679 -0.0908426121 0.0940000042 0.121211201 -0.0936575234 0.0910000056 0.185430497 0.133549258 0.0186635796 0.184660673 0.0958580598 0.0170000009 0.185229018 0.135615692 0.0176794697 0.0792580917 0.110117048 0.0160000008 0.0839817524 0.110557608 0.0130000003 -0.0936788321 0.0878797174 0.0940000042 -0.0919958204 0.0851982832 0.0910000056 0.126791343 -0.0941696987 0.0940000042 -0.0941402614 -0.00597025594 0.0910000056 0.0777190477 -0.114737101 0.0160000008 0.0840413272 -0.112566665 0.0130000003 0.0778193995 -0.117372759 0.0130000003 0.0851398334 -0.114184655 0.0160000008 0.0832117945 -0.119878247 0.0145849064 0.113291219 0.11001157 0.0160000008 0.115527302 0.115039863 0.0145483874 0.209709883 -0.0559748225 0.0949090943 0.120085724 -0.0997296199 0.0939689726 0.119936138 0.0971202925 0.0940050185 0.138042778 -0.0433437154 0.0946363658 0.139272377 0.0374996476 0.0960000008 0.136680752 0.0419855304 0.0944761932 0.0896292403 -0.0581907891 0.0952000022 0.0904431716 -0.072562404 0.0940000042 0.0871085525 -0.0746600032 0.0960000008 -0.0909415781 -0.00665957807 0.0940000042 -0.0984850004 -0.0115523702 0.0940000042 -0.107985958 -0.0284442976 0.0948750004 -0.104108475 -0.0518532768 0.0960000008 -0.104108475 -0.0518532768 0.0940000042 -0.10079103 -0.0272817872 0.0940000042 -0.0782794654 0.0458593182 0.0940000042 -0.0789525062 0.0489995666 0.0910000056 -0.100978605 -0.075025484 0.0940000042 -0.106657945 -0.0704372674 0.0954999998 0.192645937 -0.00475520035 0.0940000042 0.196145937 -0.00125520001 0.0940000042 0.219645947 -0.029529525 0.0946000069 -0.125706047 -0.136891872 0.0181838907 -0.125674471 -0.125049442 0.0160000008 -0.0974630341 0.0107952561 0.0940000042 -0.0962979347 0.00440629851 0.0910000056 -0.118732363 -0.0998149216 0.0939447582 -0.118608475 -0.00695520034 0.0960000008 0.119688071 0.0889210254 0.0940000042 0.123991527 0.0844679326 0.0926730782 0.0898958445 0.133415759 0.0186785199 0.0908723548 0.122539029 0.0160000008 0.0905796736 0.122246347 0.0179999992 -0.0703459233 0.046855513 0.0940000042 -0.125381798 0.122246355 0.0160000008 -0.125674471 0.122539036 0.0179999992 -0.0883584768 -0.0909551978 0.0960000008 -0.0754731223 -0.089276053 0.0950476229 -0.0754731297 -0.0852343515 0.0950526372 0.119468309 0.0978734866 0.0960014835 0.124616526 0.0895273313 0.0960000008 0.21768786 0.0430894829 0.0955625027 -0.0860503614 -0.0884881541 0.0910000056 0.0462432802 0.0473129675 0.092625007 0.0506459363 0.0532205105 0.0930869579 0.0550485887 0.0473129675 0.0926666707 -0.111001909 0.115450732 0.0571673252 -0.0905147493 0.117315143 0.057906989 -0.111064225 0.117210828 0.0581209846 -0.111049317 -0.119745217 0.058071766 0.0579483919 0.1065915 0.0799042061 0.0424703546 0.109283984 0.0743811652 0.0427777097 0.106712185 0.0763798654 0.0689371899 0.123375118 0.0430420935 -0.100829408 -0.0275054462 0.0960000008 -0.118925869 0.0973672718 0.0939195156 -0.118933022 0.0985197201 0.0957263112 -0.0891570523 -0.0868706852 0.0940000042 0.047508657 0.00188207917 0.0927368477 0.0537832119 0.00188207917 0.0925000086 0.047508657 -0.00439247955 0.0930000022 0.185476437 -0.138112113 0.0176744703 -0.145612851 -0.0983684584 0.0170000009 0.184660673 -0.0983684584 0.0170000009 0.185478449 -0.136051223 0.0186949745 0.0579483919 -0.107304156 0.0790278018 0.112141378 -0.108057193 0.079765141 0.0578969568 -0.109147131 0.079811424 0.0998962298 -0.132891178 0.0288236383 0.0885810778 -0.138151288 0.0191732552 -0.103196815 -0.108081616 0.0797150433 0.0380550288 -0.108057208 0.0797651261 -0.0949240699 0.00389215653 0.0940000042 0.107820779 0.0825185999 0.0960000008 0.109331578 0.0853342935 0.0947272778 0.126795828 -0.0454810038 0.0960000008 0.12500155 -0.0425954089 0.0940000042 0.112141393 0.105477653 0.0797314346 -0.125656649 0.134205818 0.0179550946 0.0894908756 0.135526136 0.0180224087 0.107764117 -0.117154479 0.0160000008 0.107396521 -0.116013743 0.0130000003 -0.111019835 -0.117938086 0.057214573 -0.116670288 -0.125945449 0.043071311 0.0849791095 0.112338863 0.0160000008 0.0866626203 0.0538701676 0.0960000008 -0.100815468 0.0248724464 0.0948000029 -0.0990928784 -0.0561340973 0.0948181823 0.12443199 0.0394704752 0.0948461592 0.114820935 0.0473158583 0.0960000008 0.114216991 0.0495698005 0.0960000008 0.114216991 0.0479198024 0.0960000008 0.113995932 0.0487448014 0.0960000008 -0.118608475 0.0493198 0.0960000008 -0.0956084803 0.0532447994 0.0960000008 -0.102022275 0.0548113957 0.0944000036 -0.104659393 0.0695383102 0.0945000052 0.122908987 0.0890697986 0.0960000008 0.12274152 0.0884447992 0.0960000008 0.12336652 0.0895273313 0.0960000008 0.122908987 0.0878197998 0.0960000008 0.123991519 0.089694798 0.0960000008 0.109501563 -0.0872552022 0.0949999988 -0.0885259435 -0.0915801972 0.0960000008 -0.0889834762 -0.0920377299 0.0960000008 -0.0896084756 -0.0922051966 0.0960000008 -0.090233475 -0.0920377299 0.0960000008 0.156838238 -0.0328532793 0.0960000008 0.152268454 0.0275556948 0.0949999988 0.124616526 0.0873622671 0.0960000008 0.125241518 0.0884447992 0.0960000008 0.125074044 0.0890697986 0.0960000008 0.125074044 0.0878197998 0.0960000008 0.11564593 0.0470947996 0.0960000008 0.114820935 0.0501737408 0.0960000008 0.11564593 0.0503947996 0.0960000008 0.116470933 0.0501737408 0.0960000008 -0.0844437853 0.108638637 0.0734229162 0.0998962373 0.130311638 0.0287899319 0.0578969531 0.10483899 0.0789350197 0.154116854 -0.132723153 0.0291683208 -0.107985958 0.025933899 0.0948888883 -0.0949271321 -0.0102051999 0.0940000042 0.0855234787 0.0539888404 0.0940000042 0.02030899 -0.0206301995 0.0940000042 -0.0710321218 -0.00442735059 0.0929285735 0.0207665209 -0.0201726668 0.0940000042 -0.072925128 0.0479198024 0.0940000042 -0.0735290647 0.0473158583 0.0940000042 -0.0743540674 0.0470947996 0.0940000042 -0.0751790702 0.0473158583 0.0940000042 -0.0757830068 0.0479198024 0.0940000042 -0.0760040656 0.0487448014 0.0940000042 -0.0757830068 0.0495698005 0.0940000042 -0.0751790702 0.0501737408 0.0940000042 -0.0743540674 0.0503947996 0.0940000042 -0.0735290647 0.0501737408 0.0940000042 -0.072925128 0.0495698005 0.0940000042 -0.100815468 0.0476171561 0.0948571488 -0.107985958 0.0465557016 0.0948571488 -0.0912898257 -0.0123052001 0.0940000042 0.0213915221 -0.0200052001 0.0940000042 -0.0941584781 -0.00943654682 0.0940000042 -0.0931084752 -0.00915519986 0.0940000042 -0.0920584798 -0.00943654682 0.0940000042 -0.0912898257 -0.0102051999 0.0940000042 -0.0910084769 -0.0112552 0.0940000042 -0.0785709694 -0.0032877326 0.0922692344 0.0537832119 -0.00439247955 0.0933478326 0.0226415209 -0.0212551989 0.0940000042 0.0220165215 -0.0201726668 0.0940000042 0.0220165215 -0.022337731 0.0940000042 0.113138929 -0.00506945187 0.0926956534 0.0213915221 -0.0225051995 0.0940000042 0.0224740524 -0.0218802001 0.0940000042 0.12018387 -0.0012551999 0.0924210548 0.0224740524 -0.0206301995 0.0940000042 0.209709883 0.0534644239 0.0940000042 0.159438938 0.0286171585 0.0949166715 0.157204762 -0.0328532793 0.0940000042 0.19089593 -0.00428628922 0.0940000042 0.189614847 -0.00300520007 0.0940000042 0.189145938 -0.00125520001 0.0940000042 0.192645937 0.0022448001 0.0940000042 0.189614847 0.000494799984 0.0940000042 0.19089593 0.00177588896 0.0940000042 0.19439593 0.00177588896 0.0940000042 0.195677027 0.000494799984 0.0940000042 -0.0734115094 0.00312550506 0.0932500064 0.113138929 0.00255905185 0.0925000086 -0.0905271396 0.115509905 0.0570459515 -0.103196815 0.105571225 0.0797150433 -0.116670288 0.123435043 0.0430713147 -0.119892932 0.127821073 0.0340743139 0.154116854 0.130246043 0.0291845482 0.0424538888 -0.110891916 0.0739503354 -0.119892932 -0.130331472 0.0340743139</float_array>
          <technique_common>
            <accessor source="#positions_array" count="877" stride="3">
              <param name="X" type="float" />
              <param name="Y" type="float" />
              <param name="Z" type="float" />
            </accessor>
          </technique_common>
        </source>
        <source id="normals">
          <float_array id="normals_array" count="4350">-1 0 0 0 1 0 1 0 0 0 -1 0 0 0 -0.99999994 0 0 0.99999994 0 0 -1 0 0 1 -0.00094424159 0.995536804 0.0943691432 -0.000320568477 0.996238351 0.0866549164 -0.000284900569 0.996276617 0.0862135887 -0.0324826762 0.0014868899 -0.999471247 -0.18187578 -0.0812126249 -0.97996217 -0.0457813106 -0.00307450746 -0.998946726 -0.00665725674 0.00557662267 -0.99996227 -0.00635003578 0.0130456667 -0.999894738 -0.00837906823 6.29601273e-05 -0.999964893 -0.577557027 -0.808017612 -0.116341546 -0.0027735217 0.0388734303 -0.999240279 -0.0127529884 0.0443909764 -0.998932838 -0.00198626285 0.0383034758 -0.999264181 -0.0486736819 0.995176911 0.0851689726 -0.00085299951 -0.995475531 -0.0950140581 -0.000417995645 -0.995973706 -0.0896447003 -0.000392911985 -0.996001661 -0.0893350244 0.000423565303 0.995967567 -0.0897132531 0.000953489623 0.9953565 -0.0962529704 0.000983731239 0.995320201 -0.0966260508 0.000320558902 -0.996238232 0.0866555646 0.000944216794 -0.995536923 0.0943686217 0.000979888486 -0.995494902 0.0948096365 -0.00294854352 -0.00232793973 0.999992967 -0.00272585195 -0.00613402436 0.999977469 -0.00390228373 0.000157899922 0.999992311 -0.706696093 0.592316687 0.386964411 -0.000979914214 0.995494843 0.0948102251 0.999998748 -0.00011207546 0.00155943062 0.992723584 0.108054787 -0.0531410389 0.992954254 0.106081076 -0.0528065711 0.999998212 -0.00137502758 0.0013161985 0.999993861 0.00277002086 0.00215250882 0.999991536 0.00335024227 0.00240414729 0.994937301 -0.0776102021 -0.0638466999 0.99266839 -0.0939184651 -0.076084733 -0.992954135 -0.106083289 -0.0528052114 -0.999937713 0.00943857525 0.00594890956 -0.999917626 0.00851721503 0.00960448571 -0.993412495 0.0125825722 -0.113901116 -0.993957937 0.0127407853 -0.109019585 -0.992723465 -0.108057089 -0.0531396344 0.973443449 -0.180929169 -0.140258655 -0.0309981406 0.0901676938 0.995444059 0.0227617882 0.0854200199 0.996085048 -0.0200670324 0.0836467519 0.996293426 0.0901858285 0.125470459 0.987989724 0.0146646118 0.0805941001 0.996639132 -0.122649647 0.144444183 0.981882334 0.976066351 0.181298494 -0.120104469 -0.973379552 0.178593263 -0.143654764 -0.992821813 0.0915542021 -0.0769587457 -0.994844973 0.0771995112 -0.0657548159 0.0139287515 -0.0474211201 -0.998777866 0.015848862 -0.0435465947 -0.998925626 0.0473600328 -0.065889895 -0.996702373 0.00932966266 -0.0150921214 -0.999842584 -0.00657567056 -0.00539065059 -0.99996382 -0.00620801654 -0.0131862117 -0.999893725 -0.0112833101 -0.0331450999 -0.999386847 0.00931290071 0.0147216693 -0.999848247 0.0362656377 -0.0089347614 -0.999302208 -0.00757980114 0.0218058024 -0.999733508 0.0498132035 -0.0594348796 -0.996988475 0.0262884311 -0.0226691384 -0.999397337 -0.497518152 -0.575289428 -0.649243891 0.00131005852 -0.0998970121 -0.994996905 0.00718473829 0.0382289551 -0.9992432 0.00961321406 0.0397816636 -0.999162138 0.0407868586 0.056737069 -0.997555673 -0.000877819897 -0.995446265 -0.095320344 -7.92766223e-05 -0.994697034 0.102848254 -0.999836147 -0.0133547345 0.0122186998 -0.96601522 -0.010434866 0.258274138 -0.96947366 -0.0110455481 0.244946748 -0.999838233 -0.0141979624 0.0110402694 0.000392913411 0.996001661 -0.0893348828 0.0226414036 -0.0851773024 0.996108592 -0.0576892979 -0.0472768992 0.997214556 0.0149115995 -0.077767387 0.996859968 -0.246909276 -0.153289855 0.956837595 -0.0359782465 -0.0299600363 0.998903394 0.0899855271 -0.125194013 0.98804301 -0.97606653 -0.181299165 -0.120102279 0.000284891896 -0.996276557 0.0862143114 0.038976416 -0.0168361142 0.999098241 0.0106211053 0.0029918123 0.999939084 0.0033902342 0.00561838876 0.999978483 -0.00317015056 0.00276994845 0.999991119 -0.00309924106 0.00576386927 0.999978602 0.00815202575 -0.00525522884 0.999952972 0.020610651 -0.0244388245 0.999488771 -0.00274400972 -0.019041514 0.999814928 -0.011468146 -0.154838398 0.987873256 0.045904655 -0.0384754576 0.998204529 -0.592322171 0.706691086 -0.386965454 -6.87699924e-08 0 -1 0.948693633 0.308249176 -0.0704475492 0.95086354 0.308954179 -0.0201454777 0.586324871 0.807006896 -0.0704476535 0.587665975 0.808852792 -0.0201455317 0.587665975 0.808852911 -0.0201455317 0 0.997515559 -0.0704475865 0 0.999797046 -0.0201455057 -0.586325049 0.807006836 -0.070447579 -0.587666094 0.808852732 -0.0201454908 -0.587666035 0.808852732 -0.0201454908 -0.948693573 0.308249414 -0.0704475939 -0.95086354 0.308954328 -0.0201455038 -0.948693573 -0.308249414 -0.0704475939 -0.95086354 -0.308954328 -0.0201455057 -0.586324811 -0.807007015 -0.0704474971 -0.587665915 -0.808852911 -0.0201454628 0 -0.997515559 -0.0704475865 0 -0.999797046 -0.0201455057 0.586324632 -0.807007134 -0.0704473853 0.587665856 -0.808852971 -0.02014542 0.948693633 -0.308249176 -0.0704475492 0.95086354 -0.308954149 -0.0201454833 0.950634718 0.308879763 0.0297817998 0.587524414 0.808658183 0.0297818091 0 0.999556363 0.0297817849 -0.587524533 0.808658123 0.0297818091 -0.950634599 0.308879822 0.029781796 -0.950634658 -0.308879793 0.0297817886 -0.587524414 -0.808658123 0.0297817849 0 -0.999556363 0.0297817849 0.587524474 -0.808658123 0.0297817588 0.950634718 -0.308879703 0.0297817905 -1.43455011e-07 0 1 -0.993577123 0.11312449 -0.00271430565 -0.999597013 0.0252205282 -0.0130287288 -0.999744236 0.0178476404 -0.0138881337 0.171008185 0.985259414 0.00448718155 0.320955664 0.947011769 -0.0124942111 0.309794366 0.950737476 -0.0112098325 1.15536091e-06 0 1 4.06365871e-06 0 1 1.16672982e-06 0 1 0.991707444 -0.128062218 0.0107885944 0.972459078 -0.233073279 0.000448899402 0.974273145 -0.225366935 0.00121694407 -0.992552519 0.121805243 -0.0016888614 -0.142838046 -0.989650786 0.0137333926 -0.158199698 -0.987290025 0.0152103622 0.0735120103 -0.997269332 -0.00706792064 0.992489576 -0.121798053 0.0113969436 0.0907521471 -0.995835304 -0.0087255016 0.15821518 0.987386942 0.00590964733 -5.4525384e-07 0 -1 1.33510059e-06 0 -1 -5.24790494e-07 0 -1 -2.17831189e-06 0 -1 -1.74156798e-06 0 0.99999994 -0.330980748 0.0195950959 -0.94343406 0.958568215 -0.169513449 -0.228937268 0.997849762 -0.0390022919 -0.0526756272 0.995640755 -0.0555024482 -0.0749598891 0.564680934 0.823547006 0.053905569 -0.31944561 0.941411257 -0.108163752 0.0976817161 -0.744996667 0.659877419 -0.00655032462 0.0354856774 0.99934876 -0.0218428839 0.0472256541 0.998645425 -0.015305303 0.0612010248 0.998008072 -0.0936256349 0.800332725 -0.592200756 -0.0764825344 0.985448241 -0.151796639 -0.0937713236 0.793795586 -0.600912213 -0.00553983497 -0.999839783 0.0170244891 -0.0580610633 -0.997893393 0.0289447568 -0.0541526005 -0.9984712 0.0110735046 0.614623487 -0.0161900036 -0.788654506 0.600494385 -0.0117133427 -0.799543083 0.305693895 -0.100323685 -0.946829677 -0.0380797163 -0.590847254 -0.805884242 -0.0302935429 0.025614582 -0.999212801 -0.0210498851 0.0227447245 -0.999519706 -0.00244655879 0.0250577256 -0.999682963 0.0409033336 -0.0373783 0.99846375 0.00802320614 -0.00541689713 0.999953151 0.0275391154 -0.011266754 0.999557197 -0.814732969 -0.52499789 -0.246145189 0.00426323758 0.00299081556 -0.99998641 -0.00983809028 0.00598791381 -0.9999336 -0.00257069548 -0.0378843471 -0.999278843 0.991548419 0.082331568 0.100265957 0.969819129 0.105146177 0.219988599 0.951988935 0.116752356 0.282994777 0.000355971366 -0.803405821 -0.595431805 0.00489347428 -0.664188385 -0.747549236 0.00485061528 -0.665747583 -0.746161163 0.486187756 -0.0749558434 -0.870633721 0.064605847 -0.00212205807 0.997908592 0.101896808 -0.00864231586 0.994757414 0.167991042 -0.0340385996 0.985200644 0.0137994708 -0.0631677061 -0.997907579 0.0606756359 -0.297310531 -0.952850878 0.0819029137 -0.165436968 -0.982813597 -0.0100787021 0.0175084025 0.999795914 -0.012769118 0.0789391696 0.996797621 -0.00586132891 0.0359289981 0.999337137 0.00159141805 0.0438710414 -0.999035895 -0.0347802751 0.0184553973 -0.999224544 -0.00205899775 0.0245795399 -0.999695778 -0.0418175459 -0.190469831 0.980802 0.0920587257 0.0949055403 -0.991220534 0.0215919111 0.0282159504 -0.999368548 0.0311101843 -0.0647299886 -0.997417748 -0.00914635509 -0.999108672 -0.0412087366 0.0444084071 -0.998927176 0.0131269693 0.0490178131 -0.998595238 -0.0201197602 -0.077293098 0.254513144 0.963975549 -0.0517801605 0.0878685936 0.994785428 -0.0347229913 0.0222155768 0.999150038 -0.0813046098 -0.410426736 0.908261836 -0.0125828814 -0.0735868216 0.99720943 -0.000669480476 -0.0730472729 0.997328222 -0.883240521 -0.40792194 -0.231269941 0.0685445815 0.699854195 -0.710989296 0.1994562 0.810734153 -0.550388336 0.195814937 0.808149278 -0.555473924 -0.00364460633 0.00279815122 0.99998945 -0.0275530573 0.0484149456 -0.99844718 -0.00352653884 -0.00978679862 -0.999945879 -0.00568069145 0.0132722463 -0.999895751 -0.0188441891 -0.999247551 -0.0338997021 0.0345632248 -0.999092698 -0.0248817168 -0.0126065407 -0.999849141 -0.0119549474 0.222256005 0.822485924 -0.523563802 0.134693503 0.980167329 -0.14536044 0.0442809425 0.951872051 -0.303280264 0.43129462 -0.675944507 -0.597565055 -0.0111794658 -0.00453884574 -0.999927223 0.00296067609 0.00227199309 -0.999993086 0.00666640094 0.201295182 -0.979507923 -0.145750031 0.519999564 -0.841639698 -0.0781794265 0.311259091 -0.947103858 -0.020104887 0.207071781 -0.978119135 0.109089792 0.930740595 -0.349029183 0.0130437249 0.76322484 0.646001339 0.015818771 0.796093643 0.6049667 -0.00648446986 0.176606059 0.984260201 0.0479988866 -0.467487603 -0.882695615 0.379605889 0.0253520142 0.924800873 -0.000657449884 -0.812039196 -0.583602488 0.000834128063 -0.736850917 -0.676054776 -0.000669830362 -0.812616885 -0.582797945 -0.498279333 -0.866914034 -0.0133326827 -0.373326182 -0.927686274 -0.00507796463 -0.514779925 -0.857200503 -0.0144525627 -0.366456687 -0.930423558 -0.00463480642 0.88131094 0.471603453 -0.0296855737 -0.11038845 0.992927134 -0.0437050015 -0.0701200813 0.997497082 0.00909860805 -0.097140722 0.995220661 -0.00997360703 0 -0.84988153 -0.526973844 0.358940035 0.93275255 0.0336857215 -0.462106258 0.437665105 0.771302164 -0.264893174 0.571335733 0.776792884 -0.134499669 0.611192584 0.779970229 0.0562280528 0.998341918 -0.0123229772 0.122955926 0.991957903 -0.0300243255 0.118150204 0.992896497 -0.0140393544 0.0120432787 -0.0419062302 0.999048948 -0.285092235 -0.0228810944 0.958226919 -0.0153242452 0.933220863 -0.358976275 0.611375749 0.790989101 0.0235762615 0.677111447 -0.710595012 -0.191245511 0.902494192 -0.345054835 -0.257762551 0.935746133 -0.322141141 -0.143541902 0.917805433 -0.32205078 -0.232199222 0.934930146 -0.324608982 -0.14329873 0.0135141974 0.998594522 0.0512479059 0.262991875 0.959500968 0.100961365 -0.0177287329 0.998031318 0.0601600148 0.989532769 0.0858743861 0.11597643 0.659137249 0.752022684 9.95003065e-05 -0.892512798 -0.432131827 0.129162982 0.0296765398 -0.0207509156 -0.99934417 -0.261531562 0.174942225 -0.949208319 -0.0489743017 -0.258913189 -0.964658201 -0.000251645513 -0.0299630575 -0.999550939 0.0101531576 -0.00428283727 -0.999939322 -0.0557806566 -0.02369803 -0.998161793 -0.880917013 -0.472425878 -0.0282688104 -0.889249563 0.428689212 -0.159563884 0.965875924 -0.102837011 0.237714604 0.612765312 0.789781153 0.0276490413 -0.321763039 0.935228407 0.147703931 -0.939038396 0.342267305 0.0325568952 -0.514618754 0.857208312 -0.0190092102 0.0753948092 0.742509484 0.665578961 -0.208900839 0.76539284 -0.608715177 0.989236057 0.140161067 -0.0420331471 0.238662913 0.961531818 0.136002168 0.359690905 -0.199384198 0.911519766 0.0309070256 -0.00298811961 0.999517798 0.0214216579 0.00477158744 0.999759138 0.0145905055 0.00397647498 0.999885678 0.273179173 0.144708171 -0.951016665 -0.00447868323 0.0213803239 0.999761343 0.0207952224 0.113181323 0.993356705 -0.0186770875 0.108822085 0.993885756 0.0558508113 -0.0080154324 0.998407006 -0.139542654 0.19122906 0.971575677 0.0383720733 0.0221290141 0.99901849 0.0435367748 -0.00524633564 0.999038041 0.0194165353 0.136012405 -0.990516782 0.00934572332 0.144313633 -0.989487827 -0.0749618411 0.989278853 -0.125332221 0.40257144 0.913564622 -0.0577580817 0.0215845834 -0.99970752 -0.0109043438 -0.0749696866 -0.254721403 0.964103937 0.0643496886 0.0755739212 -0.995061636 -0.104034983 0.0244813636 -0.994272292 -0.031285923 -0.0091502713 -0.999468625 -0.0635419115 0.0221572816 -0.997733235 3.32466952e-05 -1.59878439e-07 -1 -7.37105074e-06 -3.67290767e-07 -1 3.30388275e-06 4.60062566e-09 -1 -5.74670094e-06 0 -1 -4.25530607e-06 0 -1 -0.00997319631 0.0205760561 -0.999738574 1.24685648e-05 0 -1 -1.63840434e-06 0 -1 -1.49766367e-06 2.03157185e-07 -1 -0.0160915144 0.0168432239 -0.99972862 0.00856563821 -0.0288543627 0.999546945 0.00579979457 0.0161347892 0.999853015 -0.000783973548 -0.0290747564 0.999576926 -0.0176674258 -0.0597858652 0.998054862 -0.0678315386 0.000385417428 0.997696757 -0.00350559689 0.00243659946 0.99999088 0.0188022833 -0.0189012382 0.999644518 -0.0198239386 0.0242153499 0.999510169 -0.00911865756 -0.0148607511 0.999848008 -0.0370747484 0.0287529267 0.998898745 -0.0170097537 0.00792222098 0.999823987 -0.00318500027 -0.0226663072 0.999738038 -0.00676011248 0.00331547577 0.999971688 -0.00498479372 -0.014864346 0.999877095 0.00898694154 0.0130695859 0.999874234 -0.00829132646 0.00258789933 0.99996227 -0.00593616534 -0.00418786472 0.999973595 -0.00274522766 0.000161889286 0.999996245 -0.0124135343 0.00521409931 0.999909401 0.24638401 -0.321219921 0.914391935 -0.0199327357 0.0298857577 0.999354541 -0.0227186959 0.0177068822 0.999585032 0.0197860934 -0.0419157259 0.998925209 -0.00589425815 0.0447046384 0.998982906 -6.47728757e-06 0 1 -8.62351862e-06 0 1 -0.0244491417 -0.0102666188 0.999648392 0.00256744586 -0.0102933226 0.999943733 0.0105979936 -0.0214127973 0.999714553 0.0213474389 -0.0106111467 0.999715865 0.0226610973 0.0121628214 -0.999669194 -0.0277747419 -0.141163006 -0.989596665 0.00594093604 -0.0592448562 -0.998225808 -0.0221665259 -0.0107983481 -0.999695957 0.00372620625 -0.0168632623 -0.999850869 0.0191154443 -0.0115664275 -0.999750376 0.0298611969 -0.00560315838 -0.999538302 0.0578932092 -0.166114554 -0.984405577 -0.0244763792 0.428019494 -0.903437972 -0.022658458 0.148831829 -0.988602877 -0.0355135016 -0.099183172 -0.994435251 -0.0126158176 -0.211692661 -0.977254868 0.014630462 -0.196625054 -0.980369568 -0.0128275137 -0.0305718146 -0.999450266 0.0142655214 -0.00480937492 -0.999886632 -0.000954949239 0.0147270346 -0.999891102 -0.0088376943 -0.0146358525 -0.99985379 -0.00292383903 0.0202545188 -0.999790549 0.00359492656 0.0122508109 -0.999918461 0.00456689252 0.00304462225 -0.99998498 0.0053500263 -0.000284039328 -0.999985635 0.00672960235 -0.00553923845 -0.999962032 0.00360258529 -0.067075856 -0.997741401 0.00225354847 0.00358945923 -0.999991059 -0.0358911306 0.00419924734 -0.999346852 0.00588049088 0.00229689945 -0.999980092 0.0168377645 -0.00195824075 -0.999856293 0.0136185857 0.0202078726 -0.99970305 -0.000884383451 -0.00932965614 -0.999956131 -0.0367265716 0.433926582 -0.900199413 0.026388973 -0.00486105867 -0.999639988 0.031723991 -0.0508391373 -0.99820286 0.145126462 -0.010920953 -0.989352882 0.0331647284 0.0324321426 -0.9989236 0.0374215506 0.0352116115 -0.998679042 -0.00322604552 0.215430021 -0.976513982 -0.05673315 0.130538538 -0.989818692 0.0137920035 0.164737999 -0.986240923 0.0301608462 0.0179996751 -0.999382913 -0.0034365363 0.211856231 -0.977294803 -0.0184021927 0.0398126021 -0.999037683 0.016613083 -0.0411010534 -0.999016941 -0.0161990747 -0.0172710922 -0.99971962 -0.112828076 0.00798988901 -0.993582428 -0.00390215078 0.0152594997 -0.999875963 -0.0508889593 -0.0312831514 -0.998214245 -0.113477908 -0.135700181 -0.984229743 -0.0133519601 -0.103038527 -0.994587779 0.0174016748 -0.165237308 -0.986100316 -0.0168212913 -0.00924275443 -0.999815822 -0.17888923 -0.260511965 -0.94875294 -3.98956727e-05 0 -1 0.029651789 -0.324050695 -0.945574939 -0.0222717319 -0.140341625 -0.989852607 0.136781752 -0.0975410789 -0.985787272 0.039635174 0.00246465951 -0.999211133 0.0328100473 0.0530051924 -0.998055041 -0.0192892514 -0.0188937448 -0.999635458 0.00411747256 0.00756059401 -0.999962866 -0.0134327253 0.00957302004 -0.999863982 -0.0120778074 0.0369712077 -0.999243379 -0.0165658668 -0.0131932069 -0.999775708 -0.0144463293 -0.000412365654 -0.999895573 -0.0437268391 -0.146723509 -0.988210559 0.0224657264 0.0105155557 -0.999692321 0.0879812166 0.129276156 -0.98769778 0.0514005534 -0.0941115767 -0.994233906 0 0.179362416 -0.983783007 0.994471073 0.0767420828 0.0716788769 0.000328855589 -0.804996908 -0.593278944 0 -0.80494988 -0.5933429 0.0883301049 -0.0207363553 0.995875359 -0.00730148098 -0.169884592 -0.985436976 -0.0224309638 -0.162417263 0.986467123 -0.0271041449 -0.0392095484 0.998863339 0.102016829 0.0437187627 0.993821621 0.997882247 -0.0478897057 -0.0440188162 0.935510457 0.348413587 -0.0585509352 0.998647213 -0.0260260962 -0.0450149402 0.932497859 0.356363416 -0.0587610342 0.701279819 -0.70125699 -0.128239498 0.154455334 -0.576403022 -0.802435756 -0.134808227 -0.491626292 -0.86030829 -0.408028364 -0.408015102 -0.816723108 -0.936698079 -0.250976682 -0.244146168 -0.0373706035 -0.0961019397 -0.994669735 0.0280012451 -0.0188893266 -0.999429405 -0.0100318119 0.0551961772 -0.998425126 0.847719908 0.175802276 -0.500464261 0.0421546809 -0.143764958 -0.988713562 0.00625920482 -0.0209809877 0.99976033 -0.0869827792 -0.548283696 0.831756592 -0.0769088045 -0.469232589 0.879719138 -0.269835413 0.961648047 0.0492125526 0.00243617711 0.788120151 -0.615516543 0.0419081934 0.9899773 -0.134865314 0.240753829 0.89095217 -0.385021865 0.0863662288 0.994284093 -0.0627695844 0.0207025092 0.999429107 -0.0267001186 -0.539097846 0.839245915 -0.0709929839 0.502897143 0.863674581 0.0340667255 0.215975508 -0.975347817 0.0452889092 0.00705138547 -0.993831754 -0.110674269 -0.289741158 -0.956853032 -0.0219650343 -0.068173036 0.264572024 0.961953342 -0.986350179 -0.0418849178 -0.159245238 0.193035945 0.978827178 0.068077296 -0.0240793936 0.999599397 0.0148720164 -0.0121278353 0.999916375 -0.00449578743 0.10923332 0.989074051 0.0989978909 -0.2871387 0.198335126 -0.937131047 0.297328293 -0.954679787 0.0135022374 -0.136519521 -0.982034862 -0.130268753 0.14223586 -0.98347187 -0.112035878 0.828124404 -0.544577479 0.132835895 0.86358887 -0.487767845 0.127659172 0.906784654 -0.421576679 0.00385415996 0.983974934 -0.173450783 -0.0413307399 0.830544889 -0.556101084 0.0307676662 0.806956112 -0.589403093 0.0377614684 -0.915434957 0.329152048 0.231598288 -0.512076318 -0.858750105 -0.0180596188 -0.0239321515 -0.10588786 -0.99409008 0.189327836 -0.358406156 -0.914166272 -0.545056999 -0.838334441 -0.0104048727 -0.491898358 -0.870629191 -0.00638886774 -0.956243455 0.241647229 0.164939865 0.96709615 0.0202526785 -0.253603697 0.970863938 -0.00242882385 -0.239619404 0.981007457 -0.0933672115 -0.170020148 0.215742871 0.975503922 0.0429774523 0.0485060886 0.998336732 0.0311586466 0.0672366619 0.997707248 0.00771217095 -0.986428857 -0.0375381373 -0.159840539 0.894317269 0.392413706 -0.214960814 -0.171889931 -0.978878856 -0.110679604 0.00178131298 -0.998892546 -0.0470164232 0.0851386413 -0.99543649 -0.0430993848 -0.00579795009 -0.999392688 -0.0343611799 0.112476587 -0.993511379 -0.01685513 -0.942453265 0.310002923 -0.125219792 -0.839167774 -0.22400482 0.495600015 0.243356675 0.839402795 -0.485983938 -7.23071253e-07 0 1 -0.00191012968 0.00514622871 0.99998492 0.00149660453 0.0124735078 0.999921083 -0.00492045842 0.00856570806 0.999951184 -0.0112296203 0.00489006191 0.999925017 -0.0332927406 -0.00739679951 0.999418259 -0.016989436 0.017142605 0.999708712 0.0053690006 0.0114360899 0.999920189 -0.0380897336 -0.00168534834 0.999272883 -0.0019914459 0.0859393403 0.996298373 0.00525098946 -0.0448385663 0.998980463 1.55408441e-06 0 1 2.63291759e-06 0 -1 -1.49695406e-05 0 -1 0.0016569756 0.00216764072 -0.999996305 0.0165190324 -0.0121325916 -0.999789953 0.0425319187 -0.00138349528 -0.999094069 0.0290808696 -0.0276022106 -0.999195874 0.00515776547 -0.00747349299 -0.999958813 0.00321168429 -0.00401701266 -0.999986708 0.0346693434 0.00287280558 -0.999394715 0.0191614106 0.216211826 -0.97615844 0.0447373763 -0.0745321587 -0.996214628 -0.00160078681 0.0195390191 -0.999807835 -0.160576269 -0.0524226539 -0.985630333 0.0460103601 0.0581677742 -0.997245967 0.0012186307 0.0516158231 -0.998666286 -0.0131198503 0.00473712431 -0.999902725 0.0144116785 0.000889164163 -0.999895751 0.0144185526 0.0180328898 -0.999733388 0.0149241909 -0.0116712367 -0.99982053 -0.00658155605 0.0128256725 -0.999896049 -0.047650218 -0.0602994896 -0.997042298 0.00262651336 -0.00187780429 -0.999994755 0.00228570565 -0.00688420562 -0.999973655 0.0027670539 4.86049285e-05 -0.999996185 0.0687146261 0.357661337 -0.931319833 -0.114560828 -0.090093486 -0.989322484 -0.192270085 0.123599865 -0.973527253 -0.0470779017 0.0152419005 -0.998774886 -0.00656536361 -0.00683795568 -0.999955058 0.0151754888 0.0226741787 -0.999627709 0.0481743626 -0.00524588162 -0.998825133 0.00401318073 0.0113683091 0.999927282 0.0426581651 0.0395570807 0.998306334 7.24006384e-07 0 1 -0.105833188 -0.203174055 0.973406196 0.0176935233 0.0128126573 0.999761343 -0.011753615 0.00246895687 0.999927878 -0.0455607884 -0.576651037 0.815719128 -0.99622494 -0.0800640285 0.0335519947 -0.993271053 0.010314879 -0.115352653 -0.996283948 -0.0590235703 0.0627267063 -0.992940247 0.0103836283 -0.11816065 0.0853372216 0.00469720643 0.99634105 -0.485128671 0.87225312 0.0618432537 -0.832954466 0.540086746 0.120387301 -0.409272105 0.911064625 0.0495743714 0.0831708536 0.990678728 -0.107881106 0.743828952 -0.212236792 -0.633777618 -0.0522536188 -0.193399176 -0.979727745 0.991766751 -0.0332443453 0.123667262 -0.081595473 -0.933205962 0.349955499 -0.731295884 -0.0467955396 0.680453122 -0.990234971 -0.132424518 -0.0435727574 -0.870298982 0.4889566 -0.0591700748 0.563676476 -0.0689730272 0.823110938 0.0252768453 -0.00961317774 0.999634266 0.0113783991 0.0339791849 0.99935776 0.0124650253 -0.00555235939 0.999906898 0.00827311724 -0.019514244 0.99977529 0.0141866645 -0.00825586729 0.999865294 0.00295145856 -0.0118657416 0.999925256 -0.0147874979 -0.00720144017 0.999864757 -0.00720561296 -0.0140544809 0.999875307 0.0274577849 -0.0344932117 0.999027669 -0.00333120092 -0.119152799 0.992870331 -0.00987218879 -0.0272480473 0.999579906 -0.00714661181 0.0144181587 0.999870479 -0.0160552617 0.0241662562 0.999579012 -0.0286163408 -0.00223984639 0.999588013 0.012282718 0.0663499609 0.997720778 0.0028999364 0.036907319 0.999314547 -0.0294259526 -0.00355352322 0.999560595 -0.00863057375 0.00499441847 0.99995029 4.68762937e-06 0 1 0.0142227979 0.00933429971 0.99985528 0.0176803246 0.0451036207 0.998825788 -0.0479982346 0.0178959221 0.998687088 -0.0111186169 0.0019529704 0.999936283 0.100749694 0.0589868017 0.993161619 -0.0232918523 -0.0130669251 0.999643326 -0.089062959 -0.0259345435 0.995688319 -0.0119890543 -0.015437671 0.999808967 -0.000285030459 -0.0141223306 0.999900281 0.000628301001 -0.00863866415 0.999962509 0.00899428222 -0.0134187266 0.999869525 0.00943809189 -0.0107210129 0.999898016 2.97277402e-05 0 1 -8.3557444e-07 0 1 -2.99660701e-06 0 1 -1.42622275e-05 0 1 -0.117543384 0.0536388606 0.991618097 0.00977083948 0.0203631744 0.999744952 -0.237600505 0.229145974 -0.94394815 0.0128216352 0.157241106 0.987477005 0.00796514284 0.403171271 0.915089846 0.0681337863 0.996854126 0.040493615 -0.0219405759 0.16171816 -0.986593068 0.986717463 -0.162369892 0.00495377183 0.974136233 -0.225739732 -0.00999968965 -0.193921968 0.036287643 0.980345547 -0.000989308814 -0.0151421875 0.999884903 0.31598258 -0.0149168503 -0.948647797 0.0310491752 0.479401499 0.877046287 -0.00662345532 0.517166495 -0.85585916 0.000845933333 -0.736211479 -0.676750958 0.187839404 -0.266958654 -0.945224464 -0.00230859756 -0.822392821 0.568915486 -0.99866426 -0.0482653975 0.0184404962 0.0185493845 0.0949770361 0.995306671 0.0571644567 0.260138541 0.963877618 0.0259334203 0.0845602304 0.996080816 0.00256340322 0.0299329832 0.999548614 6.45971295e-06 0 1 -1.30434398e-06 0 1 0.0368299298 0.00388720632 0.99931401 -4.19618518e-05 -0.0111602945 0.999937773 0.0365322493 0.00971505512 0.999285281 2.01473284e-07 0 1 -3.00121542e-07 0 1 2.42530882e-06 0 1 0.00390873151 0.0137712862 0.99989754 0.0174425356 -0.0324690826 0.999320507 3.3115262e-07 0 1 6.16678165e-07 0 1 1.00573034e-05 0 1 -4.27673012e-06 0 1 -1.67454766e-06 0 1 -0.0336927287 -0.0166150481 0.999294102 -0.744627178 0.199501827 0.636968791 0.0212457757 0.0440975837 0.998801291 -0.00619293377 -0.0754315108 0.997131705 -0.026989324 -0.00722278981 0.999609649 0.0193239655 0.0441792645 0.998836756 0.0119574405 0.0134971635 0.999837399 1.61436574e-07 0 1 1.51691722e-06 0 1 4.07949256e-06 0 1 -4.80402829e-09 0 1 6.85411896e-06 0 1 -5.29633212e-07 0 1 -9.57122325e-07 0 1 -0.0588386282 -0.998260617 0.00370876305 -0.629320264 -0.769875586 0.106054738 0.155413061 -0.987691641 0.017664481 0.789646089 -0.612743795 0.0316851921 0.996567488 0.0215709414 0.0799241364 -0.390652835 -0.920534194 -0.00267815497 -0.0419087596 -0.0399477333 0.998322546 -0.059312012 -0.0266089905 0.99788481 -0.000415513787 -0.00973159261 0.999952614 -0.0990908965 0.0151575962 0.99496299 -0.10643705 -0.0119044026 0.994248152 -0.0763417408 0.0144717153 0.996976733 -0.730257332 -0.034706112 0.682289958 -0.04884528 0.0283990894 0.998402596 -0.0018199879 0.0423288271 0.999102056 -0.0977570489 0.110163532 0.989094317 0.0367809124 0.0261680707 0.998980641 -0.0411210842 -0.0597653724 -0.997365057 -0.0604688302 -0.0509492904 -0.996868968 0.0111302994 0.0210533086 0.999716401 0.569852769 0.108181387 0.814594686 -0.0226494484 0.0219607353 0.999502242 0.523583353 0.851277769 0.0344468839 -0.923257589 -0.306457222 0.231688052 -0.190770194 0.981468081 -0.0180882066 -0.180892348 0.981909871 -0.0559540652 -0.268765658 0.963205516 -0.000419005577 -0.77128607 0.63581419 -0.0292931646 -0.84707123 0.53047055 -0.0327304639 -0.851546228 0.523244023 -0.0329367816 -0.502512097 0.402543873 0.765140474 -0.414466739 0.378241777 0.827738166 0.364025891 0.929993093 0.0509710349 0.566195488 -0.822570205 -0.0529233068 0.282384783 -0.959242702 -0.0105921039 0.161846384 -0.971216321 -0.174770132 0.150934905 -0.970337927 -0.188846514 -0.770830989 0.636366785 -0.0292727873 0.892183304 -0.441893816 0.0934812203 -0.0822680816 -0.705301642 0.704117537 -0.435329944 -0.88353318 0.172791928 0.00129557087 -0.928970397 -0.370151669 0.224399671 -0.0250340719 -0.974175572 -0.351169497 -0.935934842 -0.0265693516 -0.896818578 -0.393181115 -0.202793032 -0.848611176 0.514475822 0.123180658 0.215186238 0.976140022 0.0290756188 0.972588599 -0.170708299 0.157892436 -0.0363055058 -0.374853373 -0.926373005 -0.20721297 0.978282154 -0.00518183317 0.0136405509 0.994919062 -0.0997495279 -0.114293389 0.983625293 -0.139350176 -0.89133352 -0.435403347 0.126287445 -0.22938332 -0.0850409046 -0.969613969 -0.0412916206 -0.997510433 0.0571650192 -0.0557670742 -0.998416483 -0.00738552073 -0.0708249807 -0.996698499 0.0396977998 -0.0691638663 -0.997510493 -0.0137508186 -0.0302778576 -0.999465406 -0.0123346103 0.0598581135 -0.996536434 0.0577256419 0.0574439727 -0.996309578 0.0637752563 -1 0 2.68952158e-06 -1 0 1.00676232e-06 -1 -5.85818185e-08 1.2998654e-06 -1 -6.77314983e-06 0 -1 -7.35039748e-06 0 0.302756727 0.953064382 0.00258262153 0.307917207 0.951407373 0.00331546576 0.15358083 0.979735613 -0.128573045 0.0137646198 -0.0136581995 0.999812007 -0.00791305676 0.00802334305 0.999936461 -0.00936896913 0.00672805496 0.999933422 0.00597833237 -0.00678716181 0.999959052 -0.00809384696 0.00200105901 0.99996525 4.73987456e-07 0 1 -1.19952865e-05 0 1 0.0326063745 0.0594661348 0.997697651 0.0319168866 0.00054806174 0.99949038 0.0449938886 0.00492504518 0.998975098 0.0321251526 -0.019099066 0.999301374 0.0180126075 -0.00334505993 0.999832153 0.0190473497 0.033186134 0.999267697 -2.89594027e-06 0 1 -2.89219624e-05 0 1 -1.00558782e-06 0 1 -8.11875566e-07 0 1 -1.00571224e-05 0 1 -0.0316626132 0.0197341852 0.999303699 -0.0132624628 0.0137714371 0.999817193 -0.0187208168 0.0676820725 0.997531295 0.00460084155 -0.0164214093 0.999854565 0.0129001671 0.0146010667 0.999810219 -0.0186031256 0.0907123834 0.99570334 0.0180352386 0.0380685963 0.999112308 0.0355864353 0.0180354472 0.999203801 -0.0062888707 0.00330668781 0.999974787 -0.000347453228 -0.0456441492 0.998957694 0.0140959527 -0.0267199893 0.999543607 -0.00750096794 0.0131091895 0.999885976 0.0359477326 -0.00738403574 0.999326408 0.0249035954 -0.0229082908 0.999427378 0.027308315 0.0124906981 0.999549031 0.0562554598 0.00923475809 0.998373628 -0.00399349583 0.0233181231 0.999720097 -0.0247391853 0.248451129 0.968328416 -0.00422538398 -0.00563971838 0.999975204 0.00281250314 -0.0166990589 0.999856591 -0.000250929239 0.0138102034 0.999904573 -0.00376179628 -0.0389607511 0.999233663 0.00122956396 -0.0518047288 0.998656452 0.0461813845 -0.0583783612 0.997225761 0.0206845663 -0.0400966629 0.998981655 -2.94926986e-06 0 1 -0.0201982912 0.00815626699 0.999762714 -0.0144992582 0.0588736869 0.998160124 0.0323104113 -0.0642045438 0.997413516 0.0270007551 0.0185159855 0.999463916 0.051453609 0.0208271313 0.998458207 0.0271565262 0.0187571254 0.999455214 1.3544196e-05 0 1 -0.012606224 -0.0381720886 0.999191701 -0.0285173934 0.00617425935 0.999574244 0.0109557472 -0.0887243524 0.995995998 -0.034789484 -0.0603181385 0.99757278 -3.01431501e-05 0 1 8.96169922e-07 0 1 2.00988488e-05 0 1 0.0290986355 0.00171735534 0.999575078 0.0449780598 -0.00490026269 0.998975933 2.58570799e-06 0 1 0.0321931504 0.0191450007 0.999298215 0.0180441961 0.00333615881 0.999831617 -3.73385956e-06 0 1 0.0112567944 0.0047436473 0.999925375 0.00364050502 -0.00928863697 0.99995023 0.0288180392 0.0447173007 0.998583972 -0.080015786 -0.0124116074 0.99671638 -0.289735436 0.0673943907 0.954731047 -0.0819876418 -0.0348240659 0.996024787 0.0272017773 0.0146221574 -0.999523044 -0.0175169855 0.0176598839 -0.999690533 0.00471796561 0.0713560432 -0.997439802 0.0197815429 0.0573677458 -0.998157144 -0.0122834686 0.00377936731 -0.999917448 -0.00937513541 0.00495756278 -0.999943733 -0.0150475595 0.00638322672 -0.999866426 -0.0179979913 0.0288810115 -0.999420762 -0.00754020642 0.00846645888 -0.999935687 -0.0161523577 0.0556498319 -0.998319685 -0.0224566869 0.00576975103 -0.999731183 -7.16944123e-06 0 -1 -1.06061007e-05 0 -1 0.0265572686 0.00251283892 -0.99964416 1.34481616e-05 0 -1 -0.00333788595 0.0201673657 -0.999791026 0.00597945601 -0.0123891123 -0.999905348 0.0187674873 0.100708999 -0.994738877 0.0965396836 0.0882497057 -0.991409123 0.0482089669 0.00527230976 -0.998823345 0.0344363675 -0.0204582792 -0.999197423 0.0198833998 -0.00419138651 -0.999793589 0.0307975635 0.0336456858 -0.998959124 0.0365982465 0.0805701837 -0.996076763 0.00147260434 0.0319567807 -0.999488115 0.0235006344 0.0380268134 -0.999000371 -1.02395579e-05 0 -1 -6.31407488e-07 0 -1 -2.80693166e-06 0 -1 0.00320781022 0.0128229717 -0.99991262 -0.0536313914 0.020273421 -0.998355031 -0.0188587923 0.033377748 -0.999264836 0.0111620631 0.0627102107 -0.997969389 0.0022031595 -0.00619976129 -0.999978364 8.22940547e-06 0 -1 0.00189782062 -0.00130880543 -0.999997318 0.00317850965 -0.00225750543 -0.99999243 -0.00182730146 -0.00769020431 -0.999968827 0.0413620248 -0.0343433805 -0.998553872 0.00153296371 0.0382425748 -0.99926734 -0.00151046086 -0.00111702329 -0.999998271 -0.0195178054 0.0237041544 -0.999528468 -0.0975991637 0.0593698621 -0.993453324 -0.00151024666 1.51864742e-06 -0.999998868 0.603301167 -0.788389623 -0.120289072 0.935622454 -0.260072052 -0.238690391 -0.00551658077 -0.0524671301 -0.998607397 0.0401893593 0.00357999094 -0.999185681 -0.0659959763 0.0500215217 -0.996565282 -0.0370508321 0.00224639173 -0.999310911 -0.0262963194 -0.170938507 -0.984930754 -0.0241452493 -0.0604075156 -0.99788177 -0.0313254632 -0.0783712566 -0.996432006 0.728419185 0.0907347053 -0.679097056 -0.0174341612 -0.0195994172 -0.999655902 -3.52671195e-05 -0.0301276371 -0.999545991 -0.960490704 -0.203382805 -0.189981773 -0.887088895 0.337321401 0.315099388 0.0726109669 -0.00551690254 0.99734509 0.0615533963 0.0206122808 0.997890949 7.97890698e-06 0.0552080348 0.998474896 -0.0073700184 -0.0402779877 0.999161363 -0.00491376687 -0.00268736132 0.999984324 -0.0115327863 -0.0912813097 0.995758414 0.0377080888 0.0560652837 0.997714818 -0.334563643 -0.935279965 0.115406066 -0.341559082 -0.933900476 0.10567496 -0.317220688 -0.940984309 0.117981568 -0.369842768 -0.914940536 0.16155538 -0.374036342 -0.920070469 0.116478033 0.946323335 0.0313704386 -0.321695626 0.917824566 0.0180448797 -0.396575928 0.934177101 0.0476831347 -0.353609324 0.945234418 0.052762758 -0.322099388 0.93747431 0.0210496597 -0.347417355 0.930159748 0.00811829139 -0.367065281 0.940312147 0.026289681 -0.339296252 0.939057946 0.0291563589 -0.342519999 -0.93679446 0.00262035662 -0.349870205 -0.940479994 0.0133911911 0.339584976 -0.939597428 0.0148967123 0.341957211 -0.940054357 0.0141190216 0.340732157 -0.940923452 0.0126293944 0.338383585 -0.340142757 -0.928205788 0.150787532 0.0268464647 -0.000433689245 0.999639452 0.955238283 0.295836419 -0.000792483974 0.0270974915 -0.363428652 -0.931227922 0.115465268 -0.251214325 -0.961019874 0.103527285 0.00560615677 -0.994610846 0.0518725477 -0.0396121368 0.997867823 0.0667039156 0.00304011418 0.997768164 0.053675577 -0.381460488 0.922825456 0.000511921651 -0.0269148964 0.999637604 0.0922746658 0.0652233064 0.993595183 0.0106892753 0.999875665 0.0115932832 0.0538024232 0.925310612 0.37537387 0.0542030558 0.998433948 0.0138448924 0.0519332066 0.935470104 -0.349569291 0.010706584 0.999893367 -0.00993238296 0.00132295478 0.999999106 0.000373623159 0.0597857237 0.418986052 0.906022251 -0.0803892091 -0.531642973 0.843144894 0.121735282 -0.509141386 -0.852030218 -0.0609680489 0.422520399 -0.904300511 -0.999935746 0.00823743269 0.00778456731 -0.999968112 -0.0017988839 0.00778322201 -0.999968112 -0.00180125062 0.00778322155 -0.999900103 -0.0117991734 0.00778110093 0.0906737074 -0.0434904769 -0.994930565 -0.000465025514 -0.418731123 -0.908110082 -0.944054663 0.24267076 0.22331956 -0.928389072 0.0235817097 0.370860755 -0.942033172 0.263282508 0.207980275 -0.00142360409 0.0335251763 0.999436855 0.965578258 -0.254912585 0.0517507456 -0.109750547 0.0411391295 0.993107438 -0.228890717 0.0264869109 0.973091662 -0.0306416005 0.0504284911 0.998257458 0.633210957 -0.179860145 -0.752790928 -0.184553206 0.899618745 0.395760328 0.0186596029 -0.123051025 -0.992224932 0.00574715016 -0.0788731724 -0.996868074 -0.0193069298 -0.289711922 -0.956919193 0.195109099 -0.887005806 -0.418513 0.799182713 -0.0131727029 0.600943685 0.93171978 0.00214500586 0.363171637 0.781405807 -0.0147610893 0.623848617 0.863189459 0.105055347 0.493829131 0.899001598 0.112927735 0.423135281 0.885751784 0.109951213 0.450948417 -0.990486205 0.0422410257 0.130968854 -0.993927419 0.00230748998 0.110013634 -0.995305002 -0.0349738225 0.0902493 0.054365851 0.880302608 -0.47128731 0.00446448755 0.0273408666 0.999616206 -0.218582943 -0.0149619104 0.975703597 -0.884158432 0.46531865 0.0417413116 0.194055095 0.0647299588 -0.978852749 0.030854499 -0.0271077454 -0.999156237 0.104825601 -0.00291342288 -0.994486332 0.745382726 0.0816543847 0.6616171 -0.79607147 -0.398978949 -0.455067188 -0.0297282413 0.964066923 -0.263991088 0.905408144 0.41512984 -0.0889010057 0.977359474 0.0439121611 0.206978619 0.0517841317 0.848189592 0.527155459 -0.00054519414 -0.923854649 0.382743269 -0.93505609 -0.13999176 -0.325687647 -0.230373785 -0.019476423 -0.972907245 -0.0500382893 0.0552938767 -0.99721545 -0.332831591 -0.000868872681 -0.942985952 -0.160729185 -0.0401312895 -0.986182332 -0.108107284 -0.0269925818 -0.993772686 -0.661676228 0.170592934 -0.73012507 -0.626433492 0.120512754 -0.770102441 -0.661768973 0.170536086 -0.730054319 -0.982533634 0.163077533 0.0896291733 0.267224848 -0.0184058305 0.963458419 0.00872794632 -0.0288223904 0.999546409 0.0347944982 -0.0235126223 0.999117851 -0.291959494 0.160250902 0.942910016 -0.403422594 0.235146835 0.884282887 -0.166600138 0.0646008402 0.983906031 -0.843398035 0.130293295 -0.521251738 -0.378308207 0.00690471148 0.925653934 0.988208652 -0.100442253 -0.115564145 -0.055681061 0.125282928 -0.990557313 0.936092913 0.00283636362 0.351741403 0.122518674 -0.0365395434 -0.991793334 0.433926374 -0.126375273 -0.892041028 0.350481361 -0.102316953 -0.930964053 -0.0551904216 0.124827184 -0.99064225 0.0529937074 -0.0164647046 -0.998459101 0.121171124 0.984241843 -0.128785193 0.0305772591 -0.0223452821 0.999282598 -0.185864598 0.56061703 0.806946695 -0.169868827 0.719542205 0.673352599 -0.181129798 0.619655311 0.763688028 -0.619656444 0.111394085 -0.776928067 0.0225745887 0.034457881 -0.999151111 -0.584617853 0.0665292814 -0.808576345 0.773722172 0.00796630885 -0.633474946 0.993100047 -0.0730863735 -0.0917093828 -0.985708117 0.0777808726 0.149430737 -0.000661314174 -0.999999583 0.000639832986 -7.04717934e-07 -0.99999994 0.000494469074 -3.99196637e-07 -0.99999994 0.000491954212 -0.972124219 -0.212050006 -0.100046754 -0.000652629824 -0.999999583 0.00059537834 -0.00141213683 -0.999998152 0.00128977594 -0.0547477417 -0.828646123 -0.557089031 0.624703944 0.00661981991 0.780833602 0.744218171 0.0173908994 0.667710066 0.735527337 0.0165585335 0.677292705 0.240097925 -0.552237153 0.798365295 0.594009578 0.0040504518 0.80444783 0.56315738 -0.254228145 0.786270916 0.173906311 -0.984291196 -0.0304519087 -0.00081113237 -0.999997139 -0.00225666165 0.17033799 -0.984930933 -0.0299347285 -0.00230681361 -0.999994099 -0.00252597849 -1.07233445e-05 -0.999999046 0.00135202438 -0.982647419 -0.105739824 -0.152391449 -1.0763908e-05 -0.999999046 0.00135714666 -0.153056279 0.818265378 0.554089904 -0.116449535 -0.177715793 0.977167666 0.303355128 -0.752577543 -0.584467709 -0.223552316 -0.649313271 -0.726922691 -0.0883221999 -0.473555923 -0.876324058 -0.042829074 -0.408899307 -0.911573946 -0.792872727 -0.134378254 -0.594386578 -0.981812537 0.148788035 0.117924094 -0.975871682 -0.0985224918 0.194853649 -0.966228366 -0.11956165 0.228271276 0.776094615 -0.0724477991 -0.626441061 0.218247011 0.848712087 -0.481721967 -0.553220809 -0.589497864 -0.588590562 0.956792355 -0.143220112 0.253053993 -0.738433719 0.134147137 -0.660848081 -0.785976946 -0.249826014 -0.565532684 -0.784874082 -0.271537244 -0.556992173 0.0205287412 0.0501283444 0.998531759 0.0141257783 -0.0303739626 0.999438763 -0.0318757482 -0.198845237 0.979512453 0.745616615 0.499683529 -0.440876782 -0.964368522 0.0772616416 0.253029585 -0.998558581 -0.0405018143 0.0352196246 -0.970643103 0.0703535005 0.230005041 -0.568599582 0.820207417 -0.0628832504 -0.42824325 0.755102515 -0.496415138 -0.0112376092 -0.35947898 -0.933085561 0.0225814227 -0.153943285 -0.987821639 -0.0687776282 -0.0135973012 -0.997539341 0.00717351306 -0.0239984877 0.999686301 0.00148058229 0.00577926449 0.999982238 -0.0184722226 0.0250221491 0.999516249 -0.945995629 0.14976652 0.287510484 0.653028667 0.479671746 -0.586062074 0.00132493908 -0.989712059 0.143067002 -0.0013248371 -0.989713609 -0.143056378 -0.0013391535 -0.989489019 -0.144602269 0.736329496 0.102043502 -0.668884218 0.46591717 -0.0349307247 -0.884138584 0.590561986 0.0235152915 -0.806649625 0.697065294 0.296782404 -0.652702153 0.546382666 0.250982553 -0.799045503 0.328413457 0.284085602 -0.900799692 -0.796362638 0.223424658 -0.562039077 0.975220501 -0.0101647032 -0.221001238 -0.290178269 -0.768843174 -0.569804132 -0.752020359 0.222252041 -0.620539606 0.0895220116 -0.940731227 -0.327124506 0.991428077 0.0534521379 -0.119219139 0.959382951 0.113171808 -0.258411378 0.999997616 0.00211405219 0.000337826903 8.25684765e-07 0 -1 -0.497101754 0.643544078 -0.582014501 -1.70613063e-07 0 -1 0.8832376 -0.192859918 -0.427429914 0.705201685 -0.46749109 -0.533050358 0.420832664 -0.855518997 -0.301640749 0.591406167 0.392986923 0.704130709 -0.0789974034 -0.0156113515 0.99675262 -0.217064828 0.0948193073 0.971541107 -0.065991573 -0.0577443503 0.996147871 -0.0589814708 0.00584765757 -0.998241901 -0.165780678 -0.00993245095 -0.986112654 -0.53251332 0.0404355898 -0.845455348 -1.63742368e-06 0 1 0.986557424 0.163414523 0 -0.991010904 0.133780941 -0.000209562335 -0.991042852 0.133488566 -0.00386503944 -0.991008699 0.133797646 0 -0.35971579 -0.683693826 -0.634954631 -0.0300302692 0.14631781 -0.98878175 -0.103515871 0.190982074 -0.976119995 0.0094449427 0.321268708 -0.946941078 0.00565064559 -0.00639222655 -0.999963641 0.0216443017 0.00326755038 -0.999760449 0.0182977282 -0.00739374291 -0.999805212 0.989648402 -0.028572781 -0.140640423 -0.745359361 0.167115495 -0.645377159 -0.981256604 0.153437093 0.116586536 -0.998202682 5.35597565e-06 0.0599286705 -0.677918017 -0.49251467 -0.545762241 -0.979338586 -0.126729906 0.157592848 -0.989463866 -0.0559501164 -0.133531988 -0.987062514 -0.0512014478 -0.151940599 -0.0237024948 0.188753173 0.981738448 -0.133342236 0.130009323 0.982505739 -0.140234515 0.126211315 0.98204124 0.122840174 0.23347412 -0.964572489 -0.00132483849 0.989714444 0.143050373 0.00132490392 0.989713669 -0.14305608 0.00133922021 0.989489079 -0.144601867 0.03865337 0.01629599 0.999119759 0.0341704451 0.0509961806 0.998114049 0.0243401062 -0.0107148262 0.999646306 -0.0293047503 -0.0388247557 0.998816252 0.00321206357 0.0020744144 0.999992728 0.0276807062 0.0387860835 0.998864055 0.0622596182 -0.249713108 -0.966316223 -0.00351972971 0.0411771573 -0.999145627 0.00592474081 0.0811940506 -0.996680737 0.0132271433 0.0459136181 -0.998857856 0.0112724248 -0.473314375 0.880821466 0.00690516364 -0.43339467 0.901177824 0.0115738967 -0.476042241 0.879346192 -1.55774455e-06 0 -1 0.0082154572 0.444728374 0.895627797 0.00986421201 0.429507136 0.903009593 0.00809854269 0.445802063 0.895094991 -0.151758462 0.530905426 0.83373189 -0.0325296894 0.79849261 0.601125121 -0.107283756 0.591977656 0.798782051 -0.0343701579 0.913982868 0.40429461 0.145869404 -0.983480632 -0.107182086 -0.982847095 -0.155650899 0.0989157408 -0.98183465 -0.161705837 0.0992566496 -0.191339016 0.767432928 -0.611911654 -0.0186645743 -0.0198304523 -0.99962914 -0.0103512239 -0.0514992699 -0.998619437 0.0244170744 -0.0948699489 -0.995190203 -0.687880337 0.154232398 -0.709248185 0.740658522 0.576747239 0.344655812 -0.998467743 0.0356711745 -0.0423056036 0.998924255 0.0197908059 -0.0419383384 0.00708017033 -0.391446322 -0.920173645 0.800592422 0.21541293 0.559150338 -0.0104276231 -0.352162749 -0.935880661 0.0132042244 -0.0363764055 -0.999250948 -0.0133658787 -0.480888575 -0.876679957 0.010186892 -0.903618693 0.428216606 0.0319444872 -0.903260469 0.427902132 -0.0134330699 -0.905567586 0.423989207 0.123101257 -0.214957431 0.968834043 -0.000557847146 -0.030155547 -0.999545038 -0.0119199064 -0.0252608266 -0.999609768 -0.0276127756 0.0168543197 -0.999476612 0.386370718 -0.863232017 -0.324881554 0.0231766477 0.213503614 0.976667285 0.018423019 0.117951363 0.992848456 0.62213248 0.57514888 -0.531182647 0.142694652 0.743510306 0.653322756 -0.00771406759 0.566387653 0.824102819 -0.176767156 -0.781041026 0.5989393 -0.218248889 0.84871304 0.481719404 -0.0235519223 -0.867973626 -0.49605149 -0.0431995802 -0.908101201 -0.416516483 -0.0252679251 -0.871840477 -0.489137709 0.520996094 -0.0307208635 0.853006065 0.427123368 -0.0678987652 0.901640356 0.70812726 0.0543836616 0.70398742 -0.363280386 -0.754237354 0.546949089 -0.470725834 0.731116354 0.493848264 -0.687612116 0.333811402 0.644794226 -0.0276156962 -0.0166747104 -0.999479532 -0.0331577919 0.0616923906 -0.997544229 -0.0138725406 0.020021243 -0.999703288 0.028981816 0.161915481 -0.986379027 0.0127566978 0.00736606354 -0.99989146 0.000158092604 0.0282715596 -0.999600232 -0.00368315517 0.153486222 -0.988143921 0.0137668792 0.0290295202 -0.999483764 -0.529474139 0.769353628 0.357424378 0.846286476 0.128594086 0.516974747 -0.640413761 -0.33738786 -0.689956367 0.952592492 -0.142938316 -0.268581778 -0.732435763 0.154610649 -0.663048685 3.92006285e-08 -0.438200474 -0.898877323 -0.311523199 0.798215449 0.51556313 0.989441276 -0.000954675779 0.144931257 0.332195967 -0.855384231 0.397446454 0.0331394039 0.0064487909 0.999429941 -0.00798055436 -0.0471996032 0.998853564 0.0605294853 -0.00666588033 0.99814415 -0.0113957599 -0.0318670608 0.99942714 0.00753024919 0.00183663599 0.999970019 -0.00600963924 0.00537508912 0.999967515 0.00276456284 0.000880385342 0.999995768 0.122842625 -0.0387041755 0.991671145 0.0290803835 -0.0511329584 0.998268366 0.0974088758 -0.0246859733 0.994938254 -0.024028087 -0.101000689 0.994596183 -0.0112718511 -0.0011278392 0.999935806 -0.0100658853 -0.00872136001 0.999911249 -0.00343841547 0.00750372745 0.999965906 -8.43033649e-06 0 1 2.51998767e-06 0 1 0.0741454512 0.0712470785 0.994699061 -0.0147092985 0.684341311 0.729013443 -0.0139496764 0.352125287 0.935848951 0.0146036716 -0.0143872639 0.999789894 0.000996495597 -0.0864625946 0.996254563 0.000123817998 -4.96523608e-05 1 0.000975729607 0.000253409089 0.999999464 5.80264968e-05 -8.08621626e-05 1 -0.043451149 -0.0944348946 0.994582355 -9.0207659e-06 -0.000112538539 1 0.0275032241 -0.029520914 0.999185741 -0.0240275152 0.0209999643 0.999490678 0.0392690338 -0.0122433808 0.999153674 -9.11470761e-06 0 1 -2.71429462e-06 0 1 -0.0053949412 0.00748714805 0.999957442 0.0183836557 -0.00145967386 0.999829948 0.0225962829 -0.00589874433 0.999727249 0.0101343151 -0.0125391064 0.999870062 -0.192166656 0.457172364 -0.868369341 -0.0501816198 -0.012529375 0.998661458 0.0581645183 -0.0243471488 0.998010039 -0.0287351701 -0.0720268637 0.996988654 0.00290188752 0.000286288181 0.999995768 0.00494333869 0.00440234784 0.999978125 0.00213523326 -0.00128015655 0.99999696 0.00977023598 -0.101103388 0.994827926 -0.00707392581 0.00272213016 0.999971211 0.0199858844 -0.0207507722 0.999584913 0.941751659 0.198350042 0.271589965 -0.611287057 0.387622505 0.689983189 -0.0646361187 0.868232429 0.491929412 -0.477981955 -0.667744517 0.570657969 0.752850115 0.0120101152 -0.658082485 0.293238521 -0.0171586405 -0.955885291 0.0249471106 -0.0297992434 -0.999244571 -0.390426069 0.681744099 0.618702292 0.160106927 -0.789116263 0.593010366 -0.00815528259 0.868879259 0.494956791 0.800560951 -0.307834923 0.51413995 0.00823207945 -0.431853145 0.901906312 0.73129952 0.463097095 0.500741541 -0.430543721 0.663782418 0.611575902 0.00133925537 -0.98948735 0.144612864 0.106709927 -0.849823058 0.516152799 0.00606466038 -0.898943782 0.438022017 0.00046030301 -0.903896034 0.427751958 0.00520690717 -0.898314953 0.43932119 0.000840333814 -0.907135427 0.420837969 0.930849254 0.120311178 -0.345028937 -0.0181412287 -0.0305989701 -0.999367118 -0.0107105924 -0.0240002591 -0.999654591 0.0249377266 -0.0231977962 -0.999419808 0.00604134146 -0.069925949 -0.997533917 0.0445767865 -0.0152665246 -0.998889327 0.120936401 -0.0260248091 -0.992318988 0.0183352288 0.00920710806 -0.999789476 0.0529393889 0.00496575376 -0.998585403 0.00676587829 -0.00809527002 -0.999944329 0.00538897514 0.0262463596 -0.999641001 -0.0577810705 0.00777170667 -0.998299062 -0.0324239098 0.00570238661 -0.999457955 0.0129827661 0.0446409322 -0.998918772 0.399009109 -0.128024712 -0.907965481 0.0622847825 -0.0556508861 -0.996505737 0.00213069748 -0.00732163154 -0.999970853 0.0177626535 -0.0103004733 -0.999789178 0.00309192599 -0.031480398 -0.999499559 -0.00683900295 0.00697762799 -0.999952257 -0.00727848569 0.00987900142 -0.999924719 -0.00865526404 0.00300985691 -0.999958038 -0.0105759241 -0.0132554267 -0.999856174 -0.0167848412 -0.0163019896 -0.999726236 -0.00907419994 -0.000452187844 -0.999958694 -0.00783492438 0.00529493345 -0.999955297 -0.00584152667 0.016502453 -0.999846756 -0.0047678221 0.0196064208 -0.999796391 -0.00397661701 -0.012345979 -0.999915838 -0.0045386022 -0.00265743467 -0.999986172 -0.0430159084 -0.0297780149 -0.998630524 -0.0197809525 -0.0436096601 -0.998852849 0.0452643819 -0.0137230596 -0.998880744 -0.0445175432 0.0125568658 -0.998929739 0.0125782816 -0.0582510605 -0.998222709 -0.0308355819 0.0188058391 -0.999347568 -0.00814475212 0.0120182615 -0.999894679 -0.032721173 -0.0131747657 -0.999377668 -0.0352560543 -0.0851301476 -0.995745838 -0.0598663315 -0.0350043252 -0.997592509 -0.0871772692 0.0105884904 -0.996136546 0.0145625873 -0.0605332442 -0.998059928 0.0121674333 -0.0903428197 -0.995836437 -0.0149010448 -0.00159623171 -0.999887645 -0.00954766199 -0.0215181485 -0.999722838 -0.00262457761 -0.00100320624 -0.999996066 -0.0126799233 -0.0353574492 -0.999294341 -0.00106474967 -0.0147215473 -0.999891102 -0.024578277 0.0223161969 -0.999448776 0.188288897 0.00488537876 -0.982101619 -0.0170680862 -0.00959751476 -0.999808311 -0.60263139 0.479936808 0.637570381 0.898498893 0.174971476 -0.402597398 0.184640497 0.195922136 0.963079631 0.6978001 -0.471893877 0.538879633 -0.031678725 -0.0781524703 0.996437967 0.0720682442 0.00902824104 0.997358859 -0.0855795592 -0.122845016 0.98872906 0.090146035 -0.0596563779 0.994140267 0.0661823675 -0.153316066 0.985958457 -0.58893919 -0.624922693 0.512466729 0.147925869 0.2575562 0.954873145 0.425539494 0.875109732 -0.23043257 -0.880030692 -0.323670119 0.347539693 0.756689906 -0.533109426 0.37843734 -0.021724103 0.998711288 0.0458671078 -0.0238693021 0.997064114 0.072757408 0.00678252243 0.954910398 -0.296816885 0.00732356077 0.952941 -0.303067029 -0.0024347133 0.709630191 0.704570115 -0.98289299 0.0384104289 -0.180127904 0.980686069 0.0771615803 0.179724202 0.269731879 0.0457163639 -0.96184957 -0.991044402 0.133470461 -0.00409083162 -0.819618106 0.30506897 0.484932184 -0.00897459593 0.697478771 0.716549218 -6.14619466e-06 0 -1 -1.30631304e-06 0 -1 -2.49836148e-06 0 -1 0.00148640759 0.0103231454 -0.999945581 -0.00794985425 0.00783889834 -0.999937713 -0.00614095526 0.0127198417 -0.999900281 0.0096432874 0.0166158117 -0.999815404 0.0227223486 0.00964330137 -0.999695361 0.113371275 -0.0310120787 -0.993068576 -0.00969126821 -0.0191516839 -0.999769628 0.26159066 -0.12699461 0.956787646 -0.991857648 -0.00102032896 0.127347276 0.175773486 -0.227555126 -0.957769454 0.0157410391 0.055173669 -0.998352706 -0.975068808 -0.131546021 0.178707585 0.00874359068 0.0153820962 -0.999843478 -0.429644108 -0.860273659 -0.274472535 -0.277054459 -0.664871216 0.693676531 4.54532426e-07 0 1 -0.448635638 -0.0579838604 0.891831815 -0.00133915467 0.989489853 0.144596174 0.00282007572 -0.0487541556 0.998806834 0.00659475941 -0.43052882 0.902552724 -0.945996463 -0.134243548 0.295075089 -0.986673832 0.0563587099 0.152638331 0.951791525 0.171492681 -0.254328668 0.00998155493 0.42841813 0.903525472 -0.00172618893 0.911691427 0.410872012 0.0416747555 0.926082969 0.375011325 0.00245783268 0.906207144 0.422826827 0.0206232872 0.920212746 0.390874922 0.0541049168 0.934833705 0.350939691 -0.000159432006 0.903768778 0.428020805 0.00329789566 0.901256621 0.433273256 0.0103620263 0.903344393 0.428790808 -0.00498403609 0.910244465 0.4140414 0.00291591091 0.902045667 0.43163085 0.00453868415 0.901395619 0.432972759 0.00326287723 0.905554652 0.424217045 0.00136751856 0.906173348 0.422904372 0.0319393612 0.902753651 0.428970486 0.00201297388 0.914686382 0.404159427 0.00201622932 0.914676189 0.404182285 0.0200128052 0.909183502 0.415914446 -0.21970807 0.209073007 0.952899158 -0.276498854 0.892632306 -0.356027931 -0.0738978162 -0.287373453 -0.954963684 0.00715301326 0.483778805 -0.875161052 0.0132935802 0.0651592985 -0.997786343 -0.0107783452 0.0242446866 -0.999647915 -0.0145971421 0.0331311971 -0.999344409 0.00757973455 -0.0124219554 -0.999894083 -0.0211058818 0.0413991213 -0.998919725 0.000847368443 -0.0108996965 -0.999940217 0.0179797802 -0.0573312528 -0.998193264 -0.00923101604 -0.0163823105 -0.999823153 0.0419300869 -0.0206023976 -0.998908043 0.000812295359 -0.0149425231 -0.999888062 0.0247018225 -0.00960391946 -0.99964869 0.0158072058 -0.944389641 -0.328448266 -0.0820375234 -0.974217713 -0.210165501 -0.00397270825 -0.894493461 -0.447063506 -0.00566351973 -0.888738215 -0.458380133 -0.00501774671 -0.922775626 -0.385305047 -0.00118725118 -0.885834932 -0.463999122 0.0989265516 -0.852393985 -0.513456941 -0.0335858129 -0.920654416 -0.388931245 0.0412210897 -0.904625237 -0.424209893 0.0174073745 -0.927435279 -0.373578399 0.0611507259 -0.896135032 -0.439548254 0.0292869192 -0.886913776 -0.461005688 0.0276042167 -0.884692013 -0.465357989 0.0378821082 -0.882920682 -0.467991412 0.0344176739 -0.945307732 -0.324358881 0.0183899682 -0.247022733 0.968835175 -0.741458774 0.270742774 0.613952219 0.147644669 -0.214535564 0.965492368 -0.00158897287 -0.0453142859 0.998971522 0.000240833586 -0.0606214516 0.99816072 -6.78047945e-05 -0.0455790646 0.998960733 -0.00143998233 -0.0429943167 0.99907428 0.00464080973 -0.0409447961 0.999150634 0.0363685265 0.00379073271 0.999331236 0.0192410834 -0.0296916515 0.999373853 0.0117513863 -0.0302726123 0.999472618 0.617184341 -0.349624932 0.704872966 -0.00174953963 0.043594107 0.999047756 0.00450654654 0.0412888601 0.999137104 -0.00289120222 0.0228793025 0.999734044 0.00922617968 0.0349618085 0.999346018 0.0158692077 0.0354524665 0.999245346 0.0268706232 0.014428677 0.999534667 -0.00856076181 -0.0104519092 0.999908745 -0.00259168935 0.0408299491 0.999162734 0.0595922768 -0.231733948 0.970952153 0.084367156 -0.272365272 -0.958488107 -0.00301309675 -0.908429921 0.418026268 0.0433347598 -0.925988734 0.37505585 0.0203190334 -0.894186616 0.447232962 0.0240188595 -0.890702784 0.45395115 0.0151013257 -0.885090947 0.465172887 -0.0302235372 -0.899246931 0.436395943 -0.000260701607 -0.872733653 0.488196462 -0.0403865688 -0.85343045 0.519639671 -0.00421021646 -0.910355806 0.413805068 2.09747282e-06 0 1 0.0172286276 -0.917251289 0.397936106 0.0446054749 -0.929053783 0.367245704 0.00197783392 -0.904805541 0.42582044 0.0604824014 0.894759536 -0.442433506 0.0249493532 0.920783877 -0.389274389 0.0438278243 0.901091516 -0.431408405 0.0273158513 0.884511054 -0.465718865 0.0957547501 0.853809416 -0.511703491 0.0553206541 0.950002909 -0.307301193 0.0258727167 0.907737911 -0.4187392 0.0327942744 0.952415705 -0.303033084 -0.00302696344 0.888853431 -0.45818162 -0.0413577631 0.928415954 -0.369233459 -0.0300692618 0.897743523 -0.439491093 -0.000260527566 0.92213732 -0.386862427 -0.0144740529 0.874036729 -0.485644281 0.0316459499 0.885773659 -0.463037401 -0.0408838578 0.910394788 -0.411715627 -0.0300429631 0.923561096 -0.382272631 0.0421955027 0.88322854 -0.467040628 -0.025817208 0.871503294 -0.489709735 -0.0219538268 0.867767811 -0.496484578 0.0400846787 -0.181311876 -0.982608438 -0.0299781691 -0.0688295811 -0.997177899 0.0126705198 -0.00728203263 -0.999893188 0.322581887 -0.0953363925 -0.941728234 1.06014181e-06 0 -0.99999994 0.151940331 -0.0340664349 -0.987802327 0.171622157 -0.0723387748 0.982503414 0.34860751 -0.146938145 0.925679147 0.183446318 -0.0773226619 0.979984045</float_array>
          <technique_common>
            <accessor source="#normals_array" count="1450" stride="3">
              <param name="X" type="float" />
              <param name="Y" type="float" />
              <param name="Z" type="float" />
            </accessor>
          </technique_common>
        </source>
        <vertices id="vertices">
          <input semantic="POSITION" source="#positions" />
        </vertices>
        <triangles material="scout_11141b" count="22">
          <input semantic="VERTEX" source="#vertices" offset="0" />
          <input semantic="NORMAL" source="#normals" offset="1" />
          <p>21 2 20 2 22 2 21 2 22 2 23 2 96 106 95 106 105 127 96 106 105 127 106 127 95 109 97 108 107 128 95 109 107 128 105 128 97 111 98 111 108 129 97 111 108 129 107 129 98 114 99 113 109 130 98 114 109 130 108 130 99 116 100 116 110 131 99 116 110 131 109 131 100 118 101 118 111 132 100 118 111 132 110 132 101 120 102 120 112 133 101 120 112 133 111 133 102 122 103 122 113 134 102 122 113 134 112 134 103 124 104 124 114 135 103 124 114 135 113 135 104 126 96 126 106 136 104 126 106 136 114 136</p>
        </triangles>
        <triangles material="scout_1a1f21" count="154">
          <input semantic="VERTEX" source="#vertices" offset="0" />
          <input semantic="NORMAL" source="#normals" offset="1" />
          <p>0 0 1 0 2 0 0 0 2 0 3 0 3 1 2 1 4 1 3 1 4 1 5 1 5 2 4 2 6 2 5 2 6 2 7 2 7 3 6 3 1 3 7 3 1 3 0 3 3 4 5 4 7 4 3 4 7 4 0 4 4 5 2 5 1 5 4 5 1 5 6 5 61 0 62 0 63 0 61 0 63 0 64 0 64 1 63 1 65 1 64 1 65 1 66 1 66 2 65 2 67 2 66 2 67 2 68 2 68 3 67 3 62 3 68 3 62 3 61 3 64 6 66 6 68 6 64 6 68 6 61 6 65 7 63 7 62 7 65 7 62 7 67 7 69 0 70 0 71 0 69 0 71 0 72 0 72 1 71 1 73 1 72 1 73 1 74 1 74 2 73 2 75 2 74 2 75 2 76 2 76 3 75 3 70 3 76 3 70 3 69 3 72 6 74 6 76 6 72 6 76 6 69 6 73 7 71 7 70 7 73 7 70 7 75 7 77 0 78 0 79 0 77 0 79 0 80 0 80 1 79 1 81 1 80 1 81 1 82 1 82 2 81 2 83 2 82 2 83 2 84 2 84 3 83 3 78 3 84 3 78 3 77 3 80 6 82 6 84 6 80 6 84 6 77 6 81 7 79 7 78 7 81 7 78 7 83 7 571 864 572 865 573 866 574 867 575 868 573 866 576 869 577 870 578 871 578 871 579 872 576 869 580 873 578 871 577 870 580 873 577 870 576 869 580 873 576 869 581 874 579 872 582 875 576 869 576 869 582 875 581 874 581 874 582 875 572 876 580 873 581 874 572 876 578 877 572 877 575 877 571 864 575 868 572 865 578 878 575 879 574 880 574 880 579 881 578 878 580 873 572 876 578 871 573 866 572 865 582 882 575 868 571 864 573 866 573 866 582 882 574 867 579 883 574 883 582 883 583 884 584 884 585 884 586 885 584 886 587 887 587 888 588 889 589 890 589 890 590 891 587 888 587 888 584 892 588 889 585 893 591 894 592 895 591 896 583 897 592 895 585 893 592 895 593 898 593 898 592 895 583 897 583 897 585 893 593 898 588 889 584 892 591 899 583 900 591 900 584 900 584 886 586 885 585 901 591 902 585 902 586 902 591 903 586 904 588 905 589 906 588 905 586 904 590 907 589 908 586 885 586 885 587 887 590 907 594 909 595 910 596 911 597 912 598 912 599 912 600 913 594 913 597 913 601 914 602 915 603 916 596 917 604 917 605 917 606 918 607 918 608 918 596 919 609 920 600 921 610 922 606 922 608 922 611 923 612 924 601 925 613 926 594 927 605 928 599 929 601 930 614 931 598 932 615 932 614 932 613 933 616 933 617 933 603 934 618 934 619 934 594 909 596 911 615 935 601 936 603 937 620 938 605 928 604 939 613 926 613 940 621 940 616 940 595 941 610 941 608 941 598 942 611 942 601 942 594 943 613 943 595 943 597 944 594 944 598 944 608 945 607 945 622 945 614 946 602 946 611 946 602 947 623 948 611 949 621 950 609 920 605 951 605 951 609 920 596 919 596 952 595 953 604 954 606 955 612 955 607 955 620 956 602 957 619 958 619 958 618 959 620 956 618 959 614 960 601 961 601 961 620 956 618 959 612 962 606 962 602 962 601 914 612 963 602 915 610 964 623 964 606 964 606 965 603 965 619 965 611 923 623 966 612 924 602 967 614 968 618 969 603 937 606 970 623 948 603 971 602 967 618 969 603 937 623 948 620 938 623 948 602 947 620 938 608 972 622 972 613 972 606 973 619 958 602 957 594 974 616 975 605 976 604 954 595 953 617 977 621 978 604 978 617 978 608 979 617 977 595 953 617 980 609 980 621 980 611 981 598 981 614 981 599 929 598 982 601 930 597 983 599 984 614 985 615 986 596 986 600 986 615 987 600 988 597 983 597 983 614 985 615 987 598 989 594 989 615 989 616 990 594 991 609 992 600 993 609 993 594 993 609 992 617 994 616 990 617 995 608 995 613 995 623 996 610 997 612 998 607 999 612 998 610 997 622 1000 607 999 610 997 595 1001 613 1001 622 1001 622 1000 610 997 595 1002 616 975 621 1003 605 976 613 1004 604 1004 621 1004</p>
        </triangles>
        <triangles material="scout_b8bab5" count="1592">
          <input semantic="VERTEX" source="#vertices" offset="0" />
          <input semantic="NORMAL" source="#normals" offset="1" />
          <p>24 8 25 9 26 10 27 11 28 12 29 13 30 14 31 15 32 16 33 17 28 17 27 17 34 18 35 19 36 20 37 21 38 21 39 21 40 22 41 23 42 24 29 25 30 26 43 27 44 28 45 29 46 30 25 31 47 32 32 33 48 34 49 34 37 34 24 8 50 35 25 9 42 36 41 37 26 38 26 38 25 39 42 36 25 39 46 40 30 41 46 40 45 42 30 41 43 43 30 41 45 42 30 41 42 36 25 39 51 44 44 45 52 46 44 45 49 47 48 48 44 45 48 48 52 46 52 46 29 49 51 44 53 50 43 43 45 42 24 51 26 52 36 53 26 52 54 54 55 55 55 55 36 53 26 52 36 53 35 56 24 51 54 57 26 38 41 37 35 58 34 59 24 60 56 61 27 11 43 62 29 13 43 62 27 11 43 62 53 63 56 61 40 64 42 65 47 66 42 65 30 14 32 16 40 64 47 66 57 67 30 14 52 68 31 15 52 68 48 69 38 70 39 71 38 70 48 69 58 72 40 64 57 67 59 73 60 73 58 73 57 67 59 74 58 72 52 68 38 70 31 15 47 66 42 65 32 16 36 20 55 75 41 76 54 77 41 76 55 75 41 76 34 18 36 20 40 22 34 78 41 23 56 79 33 79 27 79 34 59 40 80 24 60 40 80 58 81 60 82 60 82 50 83 40 80 50 83 24 60 40 80 29 25 52 84 30 26 45 85 51 86 56 87 51 86 28 88 33 89 33 89 56 87 51 86 56 87 53 90 45 85 28 91 51 44 29 49 44 28 51 92 45 29 49 93 44 94 38 95 44 94 46 96 31 97 46 96 25 31 32 33 44 94 31 97 38 95 25 31 50 98 47 32 50 98 60 99 57 100 59 101 57 100 60 99 49 93 38 95 37 102 50 98 57 100 47 32 31 97 46 96 32 33 39 103 48 103 37 103 85 104 86 104 87 104 87 104 88 104 89 104 89 104 90 104 91 104 91 104 92 104 93 104 93 104 94 104 85 104 85 104 87 104 89 104 89 104 91 104 93 104 89 104 93 104 85 104 85 105 94 105 95 106 85 105 95 106 96 106 94 107 93 107 97 108 94 107 97 108 95 109 93 110 92 110 98 111 93 110 98 111 97 111 92 112 91 112 99 113 92 112 99 113 98 114 91 115 90 115 100 116 91 115 100 116 99 116 90 117 89 117 101 118 90 117 101 118 100 118 89 119 88 119 102 120 89 119 102 120 101 120 88 121 87 121 103 122 88 121 103 122 102 122 87 123 86 123 104 124 87 123 104 124 103 124 86 125 85 125 96 126 86 125 96 126 104 126 114 137 106 137 105 137 105 137 107 137 108 137 108 137 109 137 110 137 110 137 111 137 112 137 112 137 113 137 114 137 114 137 105 137 108 137 108 137 110 137 112 137 108 137 112 137 114 137 115 138 116 139 117 140 118 141 119 142 116 143 120 144 118 145 121 146 120 147 122 148 119 149 115 138 121 150 116 139 120 151 115 152 117 153 118 154 120 147 119 149 117 153 122 155 120 151 121 156 118 141 116 143 116 157 119 158 122 159 122 159 117 160 116 157 121 146 115 161 120 144 123 0 124 0 125 0 123 0 125 0 126 0 126 1 125 1 127 1 126 1 127 1 128 1 128 2 127 2 129 2 128 2 129 2 130 2 130 3 129 3 124 3 130 3 124 3 123 3 126 4 128 4 130 4 126 4 130 4 123 4 127 5 125 5 124 5 127 5 124 5 129 5 131 162 132 162 133 162 134 163 135 164 136 165 137 166 138 166 139 166 140 167 141 167 142 167 143 168 144 168 145 168 146 169 147 170 148 171 149 172 150 173 151 174 152 175 153 176 154 177 155 178 156 179 157 180 158 181 159 181 160 181 161 182 162 183 163 184 164 185 165 186 166 187 167 188 168 188 169 188 170 189 171 190 167 191 172 192 158 193 160 194 173 195 174 196 175 197 176 198 177 198 178 198 179 199 180 200 181 201 182 202 183 203 184 204 185 205 186 206 187 207 148 208 188 209 189 210 177 211 166 211 178 211 187 212 186 213 190 214 191 215 192 216 193 217 194 218 195 219 196 220 197 221 198 222 199 223 197 224 168 224 200 224 201 225 168 226 202 227 203 7 204 7 205 228 206 229 207 230 208 231 174 232 209 233 210 234 191 235 211 236 212 237 213 238 214 238 215 238 216 239 217 240 218 241 219 242 176 242 166 242 220 243 178 243 187 243 221 244 172 244 159 244 222 245 176 245 223 245 156 246 155 247 224 248 225 249 208 249 133 249 208 250 225 250 132 250 226 251 212 252 227 253 213 254 228 255 229 256 228 255 213 254 230 257 231 258 232 258 142 258 233 259 234 260 142 261 235 262 173 262 199 262 211 263 174 263 236 263 134 264 237 265 238 266 239 267 137 268 194 269 240 270 241 270 242 270 133 271 208 271 131 271 243 272 195 272 244 272 174 273 153 273 245 273 245 274 175 274 174 274 198 275 246 276 247 277 247 277 246 276 200 278 145 279 243 280 248 281 249 282 136 165 135 164 136 283 250 283 134 283 142 284 195 284 140 284 251 285 248 285 144 285 252 286 253 286 254 286 255 287 256 288 151 289 255 287 151 289 257 290 258 291 251 291 144 291 144 292 161 292 258 292 200 293 168 293 259 293 168 294 201 294 259 294 202 295 247 295 200 295 259 296 202 296 200 296 175 297 154 297 210 297 260 298 154 298 245 298 261 299 175 299 210 299 210 300 260 300 245 300 210 301 245 301 261 301 166 187 262 302 223 303 166 187 223 303 164 185 263 304 164 185 264 305 223 303 264 305 164 185 265 306 266 306 267 306 268 307 269 308 270 309 269 308 271 310 270 309 147 170 268 307 148 171 268 307 270 309 148 171 174 311 272 312 273 313 174 311 273 313 146 169 148 171 174 311 146 169 158 314 149 315 151 289 149 172 274 316 150 173 229 317 275 317 243 317 154 177 260 318 152 175 158 319 221 319 159 319 276 320 277 321 181 322 277 321 278 323 181 322 279 324 280 325 281 326 280 325 282 327 281 326 282 327 283 328 284 329 283 328 285 330 284 329 285 330 286 331 284 329 284 329 255 287 161 182 255 287 257 290 161 182 163 184 287 332 281 326 163 184 281 326 284 329 281 326 282 327 284 329 256 333 163 184 162 183 284 329 161 182 163 184 288 334 289 335 290 336 288 334 290 336 172 337 290 336 291 338 172 337 151 339 150 340 288 334 172 337 160 341 288 334 160 341 151 339 288 334 159 342 172 337 291 338 159 342 291 338 183 343 183 343 164 185 263 304 159 342 183 343 263 304 160 341 159 342 151 339 159 342 263 304 264 305 264 305 223 303 151 339 223 303 176 344 151 339 159 342 264 305 151 339 292 345 257 346 151 339 293 347 292 345 294 348 292 345 151 339 176 344 295 349 296 350 293 347 297 351 298 352 295 349 176 344 294 348 292 345 294 348 297 351 293 347 297 351 295 349 293 347 262 302 166 187 176 353 162 354 176 344 178 355 178 355 299 356 162 354 187 207 178 5 166 187 300 357 187 207 301 358 301 358 187 207 166 187 302 359 301 358 166 187 164 185 303 360 304 361 303 360 305 362 304 361 305 362 306 363 304 361 304 361 179 199 165 186 307 7 302 359 166 187 304 361 165 186 164 185 165 186 307 7 166 187 153 364 152 364 245 364 190 214 186 213 308 365 308 365 309 366 310 367 310 367 311 368 312 369 310 367 312 369 313 370 190 214 308 365 313 370 308 365 310 367 313 370 190 214 313 370 244 371 195 372 276 320 314 373 185 374 190 375 314 373 190 214 244 371 195 376 315 377 162 183 186 213 315 377 186 213 220 378 186 213 185 374 220 378 220 378 185 374 316 379 316 379 317 380 220 378 316 379 185 374 318 381 318 381 185 374 319 382 319 382 185 374 181 322 320 383 319 382 181 322 321 384 320 383 181 322 322 385 321 384 181 322 181 322 323 386 322 385 324 387 325 388 181 322 326 389 324 387 181 322 327 390 326 389 181 322 328 391 329 392 327 390 328 391 327 390 181 322 195 372 314 373 190 393 185 374 314 373 181 322 222 394 164 395 221 396 314 373 276 320 181 322 171 190 328 391 167 191 328 391 278 323 247 397 277 321 247 397 278 323 247 397 168 398 328 391 328 391 168 398 167 191 151 289 256 288 222 394 168 399 175 400 269 401 330 402 189 210 188 209 168 399 269 401 169 403 330 402 188 209 331 404 151 289 222 394 221 396 221 396 158 314 151 289 332 405 221 406 291 407 330 402 331 404 333 408 333 408 148 208 334 409 333 408 334 409 269 401 330 402 333 408 269 401 335 410 149 411 336 412 149 411 158 413 336 412 337 414 338 415 335 410 339 6 340 416 337 414 288 417 336 412 158 413 336 412 339 6 337 414 336 412 337 414 335 410 158 413 332 405 334 409 288 417 158 413 334 409 334 409 332 405 290 418 334 409 182 202 184 204 334 409 184 204 271 419 334 409 271 419 269 401 290 418 289 420 334 409 184 204 341 421 167 191 184 204 167 191 271 419 175 400 330 402 269 401 291 407 290 418 332 405 291 407 221 406 341 421 342 422 341 421 221 406 221 406 171 190 342 422 343 423 344 424 342 422 345 425 346 426 342 422 346 426 343 423 342 422 170 189 347 427 345 425 171 190 170 189 342 422 170 189 345 425 342 422 334 409 289 420 182 202 289 420 291 407 182 202 341 421 182 202 291 407 341 421 342 422 344 424 341 421 343 423 346 426 344 424 343 423 341 421 346 426 345 425 341 421 345 425 347 427 341 421 347 427 170 189 167 191 341 421 347 427 167 191 199 428 134 429 250 430 199 428 173 431 134 429 172 192 332 432 158 193 175 197 168 433 173 195 168 433 199 434 173 195 328 435 181 201 180 200 169 436 271 419 167 191 182 437 341 438 183 439 192 440 174 441 212 442 212 442 174 441 348 443 339 444 336 444 288 444 340 416 339 445 288 446 340 416 288 446 337 414 337 414 288 446 338 447 338 448 288 448 335 448 149 411 335 410 288 449 274 450 149 411 288 449 261 451 274 450 148 208 274 450 288 449 148 208 175 400 261 451 148 208 148 208 333 408 331 404 175 400 148 208 189 210 330 402 175 400 189 210 148 208 331 404 188 209 178 452 349 452 315 452 177 453 220 453 166 453 315 454 220 455 187 456 275 457 229 457 228 457 229 458 243 458 215 458 275 459 228 460 350 461 351 462 275 459 350 461 229 463 215 463 351 463 350 461 229 464 351 462 193 217 174 465 211 466 191 215 174 467 192 216 193 217 211 466 191 215 270 309 334 468 148 171 194 469 352 469 195 469 243 280 145 279 353 470 248 281 251 471 145 279 143 472 145 279 251 471 258 473 243 280 353 470 353 470 143 472 251 471 353 470 251 471 258 473 354 474 355 474 356 474 137 475 239 476 195 477 352 478 138 479 137 475 195 477 352 478 137 475 144 480 143 481 353 482 161 483 144 480 353 482 145 484 144 484 244 484 353 485 145 485 244 485 161 486 353 487 244 371 139 488 138 489 239 476 352 490 196 490 138 490 196 491 276 492 138 493 194 269 137 268 139 494 139 495 239 267 196 496 352 497 194 497 139 497 139 498 196 498 352 498 276 499 195 477 239 476 138 489 276 499 239 476 198 500 197 501 202 502 197 501 201 503 202 502 246 504 197 504 200 504 197 505 199 505 168 505 168 226 247 506 202 227 357 507 358 508 359 509 359 509 360 510 361 511 361 511 362 512 359 509 362 512 205 228 359 509 363 513 193 514 364 515 193 514 365 516 364 515 357 507 359 509 204 7 359 509 205 228 204 7 205 228 363 513 364 515 364 515 366 517 205 228 366 517 367 518 205 228 367 518 203 7 205 228 368 519 369 520 370 521 370 521 131 522 208 231 368 519 370 521 371 523 370 521 208 231 372 524 371 523 370 521 372 524 373 525 374 526 371 523 374 526 368 519 371 523 372 524 249 527 371 523 141 528 372 524 216 239 216 239 372 524 208 231 208 231 375 529 376 530 208 231 376 530 206 229 156 531 216 239 207 230 216 239 208 231 207 230 376 530 377 532 206 229 378 533 379 534 206 229 379 534 380 535 206 229 377 532 378 533 206 229 380 535 381 536 382 537 381 536 383 538 382 537 382 537 206 229 380 535 384 539 216 239 157 180 385 540 386 541 384 539 217 240 387 542 384 539 387 542 385 540 384 539 388 543 218 241 217 240 214 544 389 545 384 539 389 545 388 543 384 539 388 543 217 240 384 539 384 539 157 180 156 179 390 546 214 544 391 547 384 539 156 531 214 544 392 548 393 549 391 547 392 548 391 547 214 544 382 537 392 548 156 531 156 531 392 548 214 544 207 230 382 537 156 531 210 234 154 177 174 232 154 177 153 176 174 232 209 233 152 175 260 318 209 233 260 318 210 234 394 550 395 551 396 552 396 552 397 7 398 7 396 552 398 7 399 553 394 550 396 552 399 553 183 343 289 335 184 554 394 550 399 553 169 555 399 553 183 439 341 438 169 555 399 553 341 438 169 556 270 556 271 556 209 557 150 558 261 559 150 558 274 560 261 559 257 561 258 561 161 561 212 562 236 563 191 564 211 236 400 565 212 237 228 566 230 566 214 566 350 567 228 567 214 567 213 568 350 568 214 568 262 569 222 569 223 569 166 570 220 570 219 570 152 571 209 557 261 559 152 572 261 572 245 572 176 353 256 573 262 302 401 574 402 575 403 576 403 576 404 577 405 578 405 578 406 579 407 580 407 580 408 581 409 582 299 356 178 355 315 454 407 580 409 582 401 574 409 582 299 356 401 574 403 576 405 578 401 574 405 578 407 580 401 574 299 356 315 454 187 456 190 583 401 574 299 356 300 357 301 358 302 359 302 359 307 7 165 186 179 199 304 361 410 584 304 361 306 363 410 584 300 357 302 359 165 186 306 363 305 362 410 584 300 357 165 186 185 205 165 186 179 199 411 585 305 362 303 360 410 584 303 360 164 185 410 584 179 199 410 584 180 200 410 584 171 586 412 587 187 456 190 583 299 356 171 586 221 588 413 589 413 589 414 590 415 591 415 591 416 592 417 593 415 591 417 593 413 589 171 586 413 589 417 593 418 594 419 595 420 596 171 586 418 594 421 597 171 586 198 222 422 598 418 594 420 596 423 599 423 599 424 600 418 594 424 600 425 601 418 594 425 601 426 602 421 597 421 597 198 222 171 586 422 598 427 603 428 604 428 604 429 605 430 606 430 606 431 607 432 608 412 587 180 200 410 584 430 606 432 608 412 587 422 598 428 604 430 606 425 601 421 597 418 594 412 587 171 586 422 598 422 598 430 606 412 587 411 585 433 7 434 609 433 7 435 7 434 609 435 7 436 7 434 609 436 7 437 610 434 609 434 609 185 205 411 585 411 585 185 205 165 186 300 357 185 205 187 207 230 611 141 528 218 241 216 239 384 539 386 541 216 239 386 541 385 540 141 528 216 239 218 241 388 543 389 545 230 611 389 545 214 544 230 611 216 239 385 540 387 542 216 239 387 542 217 240 218 241 388 543 230 611 219 612 177 612 176 612 220 613 349 613 178 613 221 614 332 614 172 614 222 394 256 288 176 615 247 277 277 616 438 617 438 617 198 275 247 277 276 492 196 491 277 616 196 491 438 617 277 616 216 618 156 246 224 248 366 517 364 515 365 516 366 517 365 516 439 619 132 620 440 620 208 620 132 621 131 621 440 621 142 622 141 528 230 611 226 251 192 623 212 252 195 624 233 624 140 624 215 625 243 625 213 625 351 626 215 626 214 626 230 627 275 628 351 629 441 630 442 631 443 632 444 633 445 634 216 618 445 634 133 635 216 618 441 630 443 632 444 633 446 636 447 637 448 638 447 637 449 639 448 638 450 640 445 634 451 641 451 641 448 638 449 639 450 640 451 641 449 639 452 642 450 640 449 639 453 643 452 642 449 639 454 644 453 643 449 639 455 645 454 644 224 248 454 644 449 639 224 248 133 635 456 646 216 618 457 647 458 647 216 647 458 648 230 627 216 649 456 646 457 650 216 618 230 627 157 651 216 649 459 652 460 653 461 654 460 653 462 655 463 656 461 654 460 653 463 656 462 655 464 657 224 248 463 656 462 655 224 248 464 657 455 645 224 248 224 248 465 658 466 659 466 659 463 656 224 248 216 618 224 248 449 639 216 618 449 639 441 630 216 618 441 630 444 633 198 500 202 502 259 660 246 661 198 661 259 661 201 503 197 501 246 662 259 663 201 663 246 663 243 664 275 664 230 664 230 665 213 665 243 665 243 666 258 667 467 668 258 667 257 346 467 668 257 346 292 345 293 347 257 346 293 347 296 350 196 220 195 219 179 199 179 199 195 219 185 205 438 669 196 670 278 671 278 672 196 672 181 672 198 673 438 669 278 671 257 346 296 350 295 349 257 346 295 349 467 668 173 674 199 223 169 555 150 340 209 675 148 171 209 675 174 311 148 171 295 349 298 352 467 668 298 352 297 351 467 668 148 171 288 334 150 340 297 351 294 348 161 676 467 677 297 678 161 486 294 348 176 344 162 354 161 676 294 348 162 354 146 169 273 313 272 312 174 311 173 674 269 308 147 170 146 169 272 312 268 307 147 170 272 312 269 308 268 307 272 312 269 308 272 312 174 311 169 555 269 308 173 674 169 555 199 223 198 222 243 666 467 668 406 579 467 668 299 356 409 582 467 668 409 582 408 581 395 551 394 550 221 588 394 550 169 555 417 593 396 552 395 551 183 439 394 550 417 593 416 592 467 668 408 581 407 580 467 668 407 580 406 579 183 439 399 553 398 7 183 439 398 7 397 7 397 7 396 552 183 439 394 550 416 592 415 591 184 554 289 335 270 679 270 679 169 555 184 554 169 555 341 438 184 554 288 334 270 679 289 335 221 588 183 439 395 551 413 589 221 588 414 590 414 590 221 588 415 591 415 591 221 588 394 550 291 338 289 335 183 343 418 594 171 586 419 595 171 586 417 593 420 596 419 595 171 586 420 596 423 599 420 596 169 555 420 596 417 593 169 555 424 600 423 599 169 555 425 601 424 600 169 555 243 666 406 579 405 578 425 601 169 555 426 602 426 602 169 555 198 222 198 222 421 597 426 602 243 666 405 578 404 577 243 666 404 577 403 576 427 603 422 598 328 435 422 680 198 680 328 680 428 604 427 603 328 435 243 666 403 576 190 583 403 576 402 575 190 583 402 575 401 574 190 583 190 583 185 205 243 666 429 605 428 604 180 200 195 219 243 666 185 205 180 200 412 587 432 608 180 200 432 608 431 607 180 200 431 607 430 606 180 200 430 606 429 605 428 604 328 435 180 200 181 201 196 220 179 199 278 671 328 681 198 673 185 205 434 609 437 610 185 205 437 610 179 199 437 610 436 7 179 199 436 7 435 7 179 199 435 7 433 7 179 199 433 7 411 585 179 199 350 461 213 682 229 464 154 683 175 683 245 683 232 684 234 260 233 259 232 684 233 259 195 685 232 684 195 685 142 686 234 687 231 688 142 689 235 690 134 264 173 691 233 692 142 692 372 692 233 693 372 693 140 693 232 694 231 695 141 696 140 697 231 688 234 687 232 698 141 698 140 698 140 699 234 699 232 699 231 700 140 700 372 700 372 701 141 696 231 695 164 395 183 702 221 396 236 703 174 467 191 215 174 704 193 704 348 704 236 563 212 562 348 705 400 565 211 236 236 706 348 707 400 707 236 707 468 708 199 428 250 430 238 709 469 710 135 711 238 712 135 712 134 712 134 264 235 690 237 265 334 409 270 713 288 417 250 714 469 715 238 716 136 717 226 718 469 715 250 714 238 716 237 719 468 720 250 714 237 719 237 719 469 715 226 718 237 719 226 718 468 720 199 721 468 722 235 723 468 722 226 724 235 723 235 723 226 724 227 725 469 715 250 714 136 717 237 726 235 727 227 728 469 710 237 726 227 728 227 728 135 711 469 710 470 729 471 730 472 731 472 731 473 732 470 729 473 732 474 733 475 734 473 732 475 734 476 735 470 729 473 732 477 736 473 732 476 735 478 737 473 732 478 737 477 736 478 737 479 738 477 736 480 739 477 736 479 738 477 736 480 739 481 740 477 736 481 740 482 741 481 740 483 742 482 741 483 742 484 743 482 741 485 744 486 7 487 745 486 7 482 741 487 745 487 745 488 746 485 744 489 747 490 748 491 749 490 748 492 750 493 751 491 749 490 748 494 752 494 752 490 748 495 753 487 745 482 741 484 743 495 753 490 748 496 754 496 754 490 748 493 751 487 745 484 743 357 507 484 743 497 755 358 508 484 743 358 508 357 507 497 755 363 513 358 508 358 508 363 513 359 509 498 756 493 751 492 750 499 757 500 758 498 756 249 759 132 760 439 619 132 760 499 757 439 619 226 761 136 762 249 759 226 761 249 759 501 763 249 759 439 619 501 763 499 757 498 756 439 619 498 756 492 750 439 619 492 750 487 745 366 517 439 619 492 750 366 517 193 514 192 764 365 516 192 764 226 761 501 763 365 516 192 764 501 763 502 765 503 766 504 767 503 766 505 768 504 767 505 768 506 769 507 770 507 770 508 771 509 772 509 772 510 773 504 767 504 767 206 774 382 775 382 775 511 776 512 777 382 775 512 777 513 778 507 770 509 772 505 768 509 772 504 767 505 768 504 767 382 775 513 778 504 767 513 778 514 779 502 765 504 767 363 513 504 767 514 779 515 780 504 767 515 780 390 781 515 780 516 782 390 781 516 782 517 783 390 781 504 767 390 781 363 513 518 7 519 784 520 785 520 785 521 786 522 787 522 787 523 788 524 789 523 788 525 790 524 789 525 790 526 791 524 789 524 789 527 7 528 792 528 792 529 793 530 794 530 794 214 795 390 781 530 794 390 781 531 796 532 797 390 781 533 798 524 789 528 792 530 794 531 796 518 7 520 785 520 785 522 787 524 789 524 789 530 794 520 785 390 781 532 797 531 796 520 785 530 794 531 796 533 798 390 781 517 783 363 513 205 228 362 512 359 509 363 513 360 510 363 513 362 512 361 511 363 513 361 511 360 510 487 745 357 507 204 7 487 745 204 7 366 517 204 7 203 7 366 517 203 7 367 518 366 517 400 799 363 800 365 801 400 799 365 801 212 802 363 800 534 803 535 804 363 800 535 804 536 805 249 527 135 806 537 807 135 806 227 808 538 809 535 804 539 810 536 805 539 810 540 811 536 805 135 806 538 809 537 807 541 812 542 813 543 814 543 814 544 815 477 816 543 814 477 816 541 812 545 817 541 812 477 816 546 818 545 817 477 816 546 818 477 816 547 819 547 819 477 816 548 820 548 820 477 816 549 821 549 821 477 816 550 822 477 816 551 823 552 824 553 825 548 820 554 826 477 816 552 824 550 822 540 811 553 825 555 827 548 820 549 821 554 826 537 807 556 828 249 527 557 829 538 809 227 808 553 825 554 826 555 827 558 830 557 829 227 808 559 831 558 830 227 808 540 811 555 827 560 832 536 805 540 811 560 832 536 805 561 6 562 833 562 833 563 834 564 835 565 836 439 837 365 801 562 833 564 835 536 805 564 835 565 836 536 805 565 836 365 801 536 805 536 805 365 801 363 800 559 831 227 808 566 838 227 808 212 802 566 838 567 839 566 838 365 801 566 838 212 802 365 801 131 522 568 840 501 841 568 840 569 842 365 801 569 842 567 839 365 801 439 837 131 522 501 841 501 841 568 840 365 801 248 843 243 843 144 843 144 844 243 844 244 844 325 388 324 387 326 389 326 389 327 390 329 392 329 392 328 391 171 190 329 392 171 190 325 388 325 388 326 389 329 392 321 384 322 385 323 386 319 382 320 383 323 386 320 383 321 384 323 386 316 379 318 381 317 380 318 381 319 382 317 380 325 388 171 190 410 845 317 380 319 382 323 386 220 378 317 380 164 395 317 380 323 386 164 395 181 322 325 388 410 845 323 386 181 322 410 845 323 386 410 845 164 395 222 394 219 846 164 395 164 395 219 846 220 378 349 847 220 6 177 848 349 847 177 848 162 183 315 377 349 847 162 183 308 365 186 213 299 849 299 849 186 213 162 183 309 366 308 365 299 849 244 371 313 370 312 369 312 369 311 368 244 371 311 368 310 367 467 677 244 371 311 368 467 677 310 367 309 366 467 677 177 850 219 846 222 394 177 850 222 394 262 851 177 852 262 852 256 852 177 848 256 333 162 183 467 677 161 486 244 371 255 287 284 329 286 331 255 287 286 331 285 330 256 333 255 287 280 325 280 325 255 287 282 327 255 287 285 330 283 328 255 287 283 328 282 327 299 849 467 677 309 366 280 325 279 324 256 333 279 324 281 326 256 333 281 326 287 332 256 333 287 332 163 184 256 333 560 832 555 827 552 824 555 827 554 826 552 824 554 826 549 821 552 824 549 821 550 822 552 824 552 824 551 823 439 837 561 6 536 805 560 832 561 6 560 832 562 833 560 832 552 824 439 837 562 833 560 832 563 834 563 834 560 832 439 837 564 835 563 834 439 837 439 837 565 836 564 835 439 837 551 823 440 853 567 839 569 842 566 838 569 842 568 840 566 838 551 823 570 854 440 853 566 838 568 840 556 828 568 840 131 522 249 527 558 830 559 831 538 809 559 831 566 838 538 809 538 809 557 829 558 830 556 828 537 807 538 809 249 527 556 828 568 840 556 828 538 809 566 838 371 523 249 527 373 525 373 525 249 527 374 526 374 526 249 527 131 522 368 519 374 526 131 522 369 520 368 519 131 522 131 522 370 521 369 520 570 854 477 816 380 535 570 854 380 535 379 534 477 816 544 815 380 535 542 813 541 812 545 817 545 817 546 818 553 825 546 818 547 819 553 825 547 819 548 820 553 825 553 825 540 811 539 810 539 810 535 804 534 803 534 803 363 800 543 814 543 814 363 800 544 815 553 825 539 810 534 803 542 813 545 817 553 825 553 825 534 803 542 813 542 813 534 803 543 814 363 800 390 546 383 538 544 815 363 800 383 538 390 546 391 547 383 538 393 549 392 548 382 537 391 547 393 549 382 537 383 538 391 547 382 537 380 535 544 815 383 538 383 538 381 536 380 535 379 534 378 533 377 532 379 534 377 532 376 530 570 854 379 534 375 529 379 534 376 530 375 529 375 529 208 231 570 854 208 231 440 853 570 854 439 837 440 853 131 522 348 855 193 855 400 855 193 856 363 856 400 856 456 646 372 857 142 858 142 858 230 627 458 648 458 648 457 650 456 646 456 646 133 635 372 857 133 635 132 760 372 857 142 858 458 648 456 646 249 759 372 857 132 760 500 758 499 757 132 760 493 751 498 756 551 859 498 756 500 758 551 859 496 754 493 751 551 859 495 753 496 754 551 859 494 752 495 753 551 859 500 758 132 760 551 859 488 746 487 745 492 750 485 744 488 746 492 750 485 744 492 750 486 7 492 750 490 748 486 7 477 736 482 741 490 748 482 741 486 7 490 748 490 748 489 747 477 736 551 859 477 736 491 749 491 749 477 736 489 747 551 859 491 749 494 752 570 860 551 859 132 760 570 860 132 760 510 773 132 760 225 861 510 773 225 861 133 635 445 634 445 634 444 633 443 632 442 631 441 630 445 634 441 630 449 639 447 637 443 632 442 631 445 634 477 736 570 860 503 766 503 766 570 860 505 768 471 730 470 729 502 765 470 729 477 736 502 765 476 735 475 734 481 740 475 734 474 733 481 740 479 738 478 737 476 735 481 740 480 739 479 738 484 743 483 742 497 755 483 742 481 740 497 755 481 740 479 738 476 735 363 513 497 755 474 733 497 755 481 740 474 733 503 766 502 765 477 736 502 765 363 513 471 730 506 769 505 768 570 860 363 513 474 733 473 732 510 773 509 772 508 771 510 773 508 771 570 860 508 771 507 770 570 860 504 767 510 773 206 774 207 862 206 774 445 634 206 774 510 773 225 861 363 513 473 732 472 731 363 513 472 731 471 730 519 784 511 776 522 787 521 786 520 785 519 784 522 787 521 786 519 784 511 776 382 775 522 787 523 788 522 787 382 775 525 790 523 788 382 775 526 791 525 790 382 775 524 789 526 791 450 640 526 791 382 775 450 640 527 7 524 789 460 653 524 789 450 640 460 653 507 770 506 769 570 860 441 630 447 637 446 636 441 630 446 636 445 634 448 638 451 641 445 634 446 636 448 638 445 634 206 774 225 861 445 634 450 640 452 642 460 653 452 642 453 643 454 644 452 642 454 644 455 645 452 642 455 645 464 657 207 862 445 634 450 640 452 642 464 657 462 655 382 775 207 862 450 640 452 642 462 655 460 653 528 792 527 7 459 652 460 653 459 652 527 7 459 652 461 654 463 656 463 656 466 659 465 658 465 658 224 248 155 863 465 658 155 863 459 652 459 652 155 863 214 795 459 652 463 656 465 658 214 795 530 794 529 793 529 793 528 792 459 652 529 793 459 652 214 795 351 629 214 795 157 651 351 629 157 651 230 627 157 651 214 795 155 863 194 269 196 496 239 267 624 1005 625 1005 626 1005 627 1006 628 1007 629 1008 630 1009 631 1009 632 1009 633 1010 634 1011 635 1012 636 1013 637 1013 638 1013 639 1014 640 1014 641 1014 642 1015 643 1015 637 1015 644 1016 645 1016 646 1016 647 1017 648 1018 649 1019 650 1020 651 1021 652 1022 653 1023 654 1023 655 1023 656 1024 657 1025 658 1026 659 1027 660 1027 661 1027 662 1028 638 1028 643 1028 652 1029 663 1030 664 1031 665 1032 633 1033 666 1034 667 1035 668 1035 669 1035 670 1036 671 1036 672 1036 673 1037 674 1038 675 1039 676 1040 677 1041 678 1042 679 1043 680 1044 681 1045 682 1046 655 1046 683 1046 684 1047 685 1047 686 1047 687 1048 661 1048 688 1048 689 1049 678 1049 690 1049 691 1050 683 1050 654 1050 659 1051 688 1052 660 1053 692 1054 626 1054 625 1054 693 1055 694 1055 695 1055 660 1056 688 1056 661 1056 696 1057 697 1057 694 1057 698 1058 632 1058 699 1058 700 1059 666 1059 701 1059 686 1060 702 1060 684 1060 703 1061 704 1062 705 1063 706 1064 707 1065 708 1066 624 1067 709 1067 710 1067 711 1068 712 1068 713 1068 712 1069 714 1070 713 1071 715 1072 716 1072 680 1072 717 1073 718 1074 708 1075 719 1076 720 1077 721 1078 722 1079 723 1079 673 1079 724 1080 672 1080 725 1080 726 1081 633 1010 727 1082 728 1083 641 1083 729 1083 730 1084 731 1085 732 1086 715 1087 733 1088 681 1089 681 1045 680 1044 716 1090 732 1091 734 1092 735 1093 736 1094 737 1095 738 1096 739 1097 740 1098 741 1099 742 1100 629 1008 628 1007 743 1101 744 1102 745 1103 746 1104 747 1105 748 1106 655 1107 654 1107 683 1107 668 1108 749 1109 669 1110 750 1111 751 1112 752 1113 751 1112 750 1111 753 1114 711 1115 714 1115 754 1115 656 1024 755 1116 756 1117 757 1118 742 1118 628 1118 682 7 691 7 653 7 758 1119 759 1120 760 1121 710 1122 692 1122 625 1122 761 1123 701 1123 666 1123 634 1011 762 1124 635 1012 761 1125 763 1125 764 1125 765 1126 766 1126 767 1126 767 1127 768 1127 765 1127 647 1128 761 1129 769 1130 633 1131 770 1132 771 1133 677 1134 676 1134 689 1134 674 1135 723 1136 762 1137 772 1138 725 1138 671 1138 650 1020 773 1139 774 1140 709 1141 626 1141 692 1141 630 1142 699 1142 631 1142 775 1143 703 1143 776 1143 677 1144 689 1144 690 1144 728 1145 639 1145 641 1145 777 1146 684 1147 702 1148 757 1149 629 1150 742 1151 633 1010 726 1081 634 1011 691 1152 682 1152 683 1152 682 1153 653 1153 655 1153 627 1154 757 1154 628 1154 657 1155 656 1156 734 1157 656 1156 778 1158 734 1157 685 1159 657 1155 731 1160 731 1160 657 1155 734 1157 731 1160 779 1161 686 1162 731 1160 686 1162 685 1159 780 1163 644 1163 781 1163 709 1164 624 1164 626 1164 779 1165 730 1165 753 1165 749 1166 782 1166 770 1166 647 1017 769 1167 648 1018 783 1168 649 1168 648 1168 724 1169 670 1169 672 1169 735 1170 734 1170 778 1170 784 1171 687 1171 688 1171 727 1172 633 1033 711 1173 633 1033 712 1174 711 1173 727 1172 711 1173 754 1175 785 1176 786 1177 754 1175 706 1178 785 1176 787 1179 785 1176 706 1178 788 1180 785 1176 754 1175 787 1179 754 1175 712 1174 787 1179 712 1174 633 1033 718 1181 712 1174 718 1181 787 1179 785 1176 788 1180 789 1182 788 1180 706 1178 775 1183 664 1184 785 1176 790 1185 791 1186 785 1176 789 1182 785 1176 791 1186 792 1187 793 1188 794 1189 795 1190 756 1191 793 1188 796 1192 739 1097 756 1191 774 1140 793 1188 795 1190 796 1192 797 1193 798 1194 799 1195 798 1194 800 1196 799 1195 800 1196 739 1097 774 1140 774 1140 756 1191 651 1021 756 1191 796 1192 652 1022 801 1197 799 1195 800 1196 718 1181 738 1096 708 1198 738 1096 802 1199 708 1198 708 1198 802 1199 706 1178 706 1178 802 1199 775 1183 802 1199 737 1095 666 1034 737 1095 736 1094 803 1200 737 1095 803 1200 665 1032 665 1032 803 1200 804 1201 666 1034 737 1095 665 1032 805 1202 806 1203 665 1032 804 1201 805 1202 665 1032 666 1034 700 1204 775 1183 700 1204 721 1205 807 1206 700 1204 807 1206 775 1183 775 1207 807 1207 703 1207 807 1208 808 1209 704 1062 807 1208 704 1062 703 1061 740 1098 801 1197 809 1210 801 1197 800 1196 809 1210 810 1211 811 1212 809 1210 811 1212 740 1098 809 1210 809 1210 812 1213 810 1211 774 1140 741 1099 809 1210 774 1140 809 1210 800 1196 666 1034 775 1183 802 1199 788 1180 813 1214 789 1182 785 1176 792 1187 790 1185 664 1184 790 1185 814 1215 664 1184 814 1215 773 1139 814 1215 815 7 773 1139 815 7 816 1216 773 1139 652 1022 664 1184 650 1020 664 1184 773 1139 650 1020 756 1191 652 1022 651 1021 653 1217 691 1217 654 1217 687 1218 659 1218 661 1218 693 1219 696 1219 694 1219 697 1220 693 1220 695 1220 775 1221 776 1222 788 1223 689 1224 676 1224 678 1224 636 1225 642 1225 637 1225 817 1226 752 1113 751 1112 818 1227 750 1227 819 1227 652 1022 796 1192 663 1228 662 1229 636 1229 638 1229 710 1230 709 1230 692 1230 673 1037 723 1231 674 1038 733 1232 715 1232 680 1232 761 1233 666 1234 820 1235 666 1234 766 1236 820 1235 679 1043 733 1237 680 1044 702 1238 774 1239 755 1240 774 1239 651 1241 755 1240 713 1242 726 1243 711 1244 726 1243 755 1240 821 1245 711 1244 726 1243 821 1245 755 1240 651 1241 796 1246 651 1241 650 1247 796 1246 714 1248 711 1244 822 1249 822 1249 711 1244 821 1245 745 1103 744 1102 823 1250 726 1243 713 1242 718 1251 718 1251 713 1242 787 1252 824 1253 787 1252 825 1254 825 1254 787 1252 714 1248 713 1242 714 1248 787 1252 826 1255 824 1253 825 1254 743 1101 827 1256 744 1102 827 1256 828 1257 829 1258 829 1258 830 1259 831 1260 831 1260 832 1261 833 1262 833 1262 834 1263 835 1264 835 1264 836 1265 837 1266 795 1267 838 1268 839 1269 796 1246 795 1267 839 1269 796 1246 839 1269 755 1240 833 1262 835 1264 837 1266 829 1258 831 1260 827 1256 831 1260 833 1262 827 1256 827 1256 833 1262 837 1266 825 1254 714 1248 840 1270 841 1271 826 1255 760 1121 827 1256 837 1266 744 1102 821 1245 786 1272 822 1249 822 1249 842 1273 840 1270 842 1273 843 1274 840 1270 843 1274 844 1275 840 1270 844 1275 845 1276 840 1270 845 1276 846 1277 840 1270 840 1270 847 1278 825 1254 825 1254 760 1121 826 1255 760 1121 848 1279 849 1280 841 1271 760 1121 850 1281 848 1279 776 1222 851 1282 848 1279 852 1283 776 1222 776 1222 853 1284 851 1282 851 1282 854 1285 848 1279 788 1223 776 1222 855 1286 854 1285 849 1280 848 1279 849 1280 856 1287 760 1121 852 1283 855 1286 776 1222 856 1287 850 1281 760 1121 822 1249 840 1270 714 1248 839 1269 821 1245 755 1240 774 1239 823 1250 664 1031 774 1239 664 1031 663 1030 796 1246 650 1247 663 1030 650 1247 774 1239 663 1030 715 1288 681 1288 716 1288 659 1051 784 1289 688 1052 630 1290 698 1290 699 1290 639 1291 729 1291 640 1291 786 1177 785 1176 794 1292 727 1172 754 1175 821 1293 838 1294 786 1177 794 1292 754 1175 786 1177 821 1293 838 1294 794 1292 793 1295 839 1296 838 1294 793 1295 793 1295 727 1172 821 1293 793 1295 821 1293 839 1296 698 1297 630 1297 632 1297 741 1099 857 1298 739 1097 857 1299 702 1299 739 1299 772 1300 724 1300 725 1300 686 1301 739 1301 702 1301 785 1302 823 1303 744 1304 744 1304 795 1305 785 1302 795 1190 794 1189 785 1306 807 1307 858 1307 859 1307 808 1308 807 1308 859 1308 699 1309 632 1309 631 1309 712 1069 754 1310 714 1070 785 1311 664 1311 823 1311 708 1312 707 1312 717 1312 719 1076 860 1313 861 1314 861 1314 862 1315 863 1316 862 1315 864 1317 863 1316 864 1317 865 1318 863 1316 863 1316 866 1319 720 1077 866 1319 867 1320 720 1077 720 1077 741 1321 721 1078 719 1076 861 1314 863 1316 719 1076 863 1316 720 1077 721 1078 859 1322 719 1076 629 1150 757 1149 627 1323 756 1117 755 1116 793 1324 755 1116 726 1081 793 1324 727 1082 793 1324 726 1081 697 1325 695 1325 694 1325 847 1278 868 1326 825 1254 730 1084 779 1327 731 1085 852 1283 869 1328 855 1286 645 1329 780 1329 781 1329 624 1330 710 1330 625 1330 687 1331 784 1331 659 1331 733 1088 679 1332 681 1089 732 1091 731 1333 734 1092 806 1203 805 1202 736 1094 805 1202 804 1201 736 1094 804 1201 803 1200 736 1094 665 1032 806 1203 633 1033 633 1033 806 1203 718 1181 806 1203 736 1094 718 1181 738 1096 718 1181 736 1094 816 1216 815 7 814 1215 814 1215 790 1185 792 1187 792 1187 791 1186 789 1182 792 1187 789 1182 816 1216 789 1182 813 1214 816 1216 816 1216 814 1215 792 1187 773 1139 816 1216 741 1099 774 1140 773 1139 741 1099 813 1214 788 1180 816 1216 788 1180 705 1063 816 1216 816 1216 705 1063 741 1099 741 1099 705 1063 704 1062 812 1213 809 1210 741 1099 810 1211 812 1213 741 1099 741 1099 704 1062 858 1334 704 1062 808 1209 858 1334 811 1212 810 1211 741 1099 740 1098 811 1212 741 1099 739 1097 800 1196 798 1194 721 1205 741 1099 807 1206 739 1097 798 1194 797 1193 739 1097 797 1193 799 1195 858 1334 807 1206 741 1099 739 1097 799 1195 801 1197 739 1097 801 1197 740 1098 746 1104 870 1335 747 1105 747 1336 870 1336 817 1336 675 1337 674 1337 647 1337 871 1338 746 1338 748 1338 668 1108 782 1339 749 1109 817 1226 751 1112 747 1340 751 1112 753 1114 747 1340 753 1114 872 1341 747 1340 872 1341 873 1342 656 1343 873 1342 778 1344 656 1343 779 1345 750 1111 818 1346 656 1343 756 1347 748 1348 872 1341 656 1343 748 1348 779 1345 818 1346 874 1349 686 1350 779 1345 874 1349 748 1348 747 1340 872 1341 739 1351 686 1350 874 1349 739 1351 874 1349 777 1352 871 1353 748 1348 756 1347 756 1347 739 1354 752 1355 739 1351 777 1352 750 1356 739 1357 750 1111 752 1113 752 1355 871 1353 756 1347 750 1111 779 1345 753 1114 646 1358 781 1358 644 1358 641 1359 640 1359 729 1359 777 1360 819 1360 750 1360 737 1361 802 1362 726 1363 721 1078 700 1364 859 1322 700 1364 701 1365 703 1366 701 1365 726 1363 802 1362 859 1322 700 1364 703 1366 701 1365 802 1362 703 1366 738 1367 737 1361 717 1073 860 1313 719 1076 859 1322 861 1314 860 1313 859 1322 861 1314 859 1322 862 1315 859 1322 858 1368 864 1317 862 1315 859 1322 864 1317 864 1317 858 1368 865 1318 865 1318 858 1368 863 1316 863 1316 858 1368 857 1369 866 1319 863 1316 741 1321 741 1321 720 1077 867 1320 857 1369 741 1321 863 1316 866 1319 741 1321 867 1320 702 1238 857 1369 705 1370 823 1250 774 1239 705 1370 705 1370 774 1239 702 1238 745 1103 823 1250 869 1328 743 1101 745 1103 758 1119 758 1119 745 1103 759 1120 857 1369 858 1368 705 1370 858 1368 808 1371 705 1370 828 1257 827 1256 868 1326 827 1256 743 1101 868 1326 829 1258 828 1257 868 1326 802 1362 738 1367 707 1065 738 1367 717 1073 707 1065 744 1102 837 1266 836 1265 744 1102 836 1265 835 1264 795 1267 744 1102 835 1264 786 1272 838 1268 830 1259 838 1268 795 1267 831 1260 832 1261 795 1267 833 1262 795 1267 835 1264 834 1263 795 1267 834 1263 833 1262 795 1267 832 1261 831 1260 838 1268 831 1260 830 1259 822 1249 786 1272 842 1273 786 1272 830 1259 829 1258 786 1272 829 1258 868 1326 843 1274 842 1273 786 1272 844 1275 843 1274 847 1278 843 1274 786 1272 847 1278 845 1276 844 1275 847 1278 823 1250 705 1370 788 1223 847 1278 840 1270 846 1277 847 1278 846 1277 845 1276 868 1326 847 1278 786 1272 707 1065 706 1064 776 1222 824 1253 826 1255 841 1271 841 1271 850 1281 856 1287 856 1287 849 1280 854 1285 854 1285 851 1282 853 1284 853 1284 776 1222 706 1064 856 1287 854 1285 853 1284 824 1253 841 1271 856 1287 758 1119 760 1121 825 1254 758 1119 825 1254 868 1326 758 1119 868 1326 743 1101 787 1252 824 1253 853 1284 824 1253 856 1287 853 1284 706 1064 787 1252 853 1284 776 1222 703 1366 802 1362 707 1065 776 1222 802 1362 852 1283 848 1279 759 1120 869 1328 852 1283 759 1120 869 1328 759 1120 745 1103 788 1223 869 1328 823 1250 859 1322 703 1366 705 1370 808 1371 859 1322 705 1370 788 1223 855 1286 869 1328 656 1024 658 1026 755 1116 818 1372 819 1373 753 1374 819 1373 752 1375 753 1374 752 1375 817 1376 870 1377 752 1375 870 1377 753 1374 753 1374 870 1377 872 1378 684 1147 777 1146 874 1379 658 1380 778 1381 873 1382 819 1373 777 1146 702 1148 755 1383 658 1380 746 1384 872 1378 658 1380 873 1382 658 1380 872 1378 746 1384 819 1373 702 1148 752 1375 702 1148 755 1383 752 1375 871 1385 752 1375 755 1383 684 1147 874 1379 730 1386 874 1379 818 1372 730 1386 871 1385 755 1383 746 1384 746 1384 872 1378 870 1377 753 1374 730 1386 818 1372 697 1387 696 1387 693 1387 642 1388 662 1388 643 1388 848 1279 760 1121 759 1120 645 1389 644 1389 780 1389 684 1390 730 1391 732 1392 684 1390 732 1392 685 1393 657 1394 685 1393 732 1392 778 1395 658 1396 735 1397 658 1396 657 1394 735 1397 657 1394 732 1392 735 1397 717 1073 737 1361 726 1363 726 1363 718 1074 717 1073 761 1398 764 1398 701 1398 763 1399 762 1400 675 1401 675 1401 762 1400 673 1402 762 1400 634 1403 673 1402 634 1403 722 1404 673 1402 675 1401 647 1405 764 1406 675 1401 764 1406 763 1399 639 1407 728 1407 729 1407 645 1408 781 1408 646 1408 669 1409 783 1410 648 1411 761 1233 820 1235 769 1412 820 1235 768 1413 769 1412 669 1409 648 1411 875 1414 648 1411 769 1412 768 1413 875 1414 667 1415 669 1409 648 1411 768 1413 767 1416 648 1411 767 1416 875 1414 875 1414 767 1416 771 1133 633 1131 749 1417 770 1132 767 1416 766 1236 666 1234 767 1416 666 1234 771 1133 666 1234 633 1131 771 1133 642 1418 636 1418 662 1418 749 1417 633 1131 635 1419 635 1419 722 1420 876 1421 876 1421 783 1410 635 1419 749 1417 635 1419 783 1410 783 1410 669 1409 749 1417 876 1422 722 1423 634 1424 634 1424 782 1425 783 1426 783 1426 876 1422 634 1424 647 1427 649 1428 768 1429 649 1428 783 1426 668 1430 783 1426 782 1425 668 1430 765 1431 768 1429 649 1428 765 1431 649 1428 875 1432 649 1428 668 1430 875 1432 667 1433 875 1432 668 1430 765 1431 875 1432 771 1434 634 1424 726 1435 782 1425 764 1436 647 1427 820 1437 647 1427 768 1429 820 1437 770 1438 782 1425 726 1435 770 1438 726 1435 771 1434 726 1435 701 1439 771 1434 764 1436 820 1437 701 1439 820 1437 766 1440 701 1439 765 1431 771 1434 701 1439 766 1440 765 1431 701 1439 723 1136 722 1441 635 1442 635 1442 762 1137 723 1136 762 1137 763 1443 674 1135 761 1129 647 1128 674 1135 761 1129 674 1135 763 1443 677 1041 690 1444 678 1042 637 1445 643 1445 638 1445 725 1446 672 1446 671 1446 772 1447 671 1448 670 1449 724 7 772 1447 670 1449</p>
        </triangles>
        <triangles material="scout_dbded4" count="22">
          <input semantic="VERTEX" source="#vertices" offset="0" />
          <input semantic="NORMAL" source="#normals" offset="1" />
          <p>8 0 9 0 10 0 8 0 10 0 11 0 11 1 10 1 12 1 11 1 12 1 13 1 13 2 12 2 14 2 13 2 14 2 15 2 15 3 14 3 9 3 15 3 9 3 8 3 11 6 13 6 15 6 11 6 15 6 8 6 12 7 10 7 9 7 12 7 9 7 14 7 16 0 17 0 18 0 16 0 18 0 19 0 19 1 18 1 20 1 19 1 20 1 21 1 23 3 22 3 17 3 23 3 17 3 16 3 19 6 21 6 23 6 19 6 23 6 16 6 20 7 18 7 17 7 20 7 17 7 22 7</p>
        </triangles>
      </mesh>
    </geometry>
  </library_geometries>
  <library_visual_scenes>
    <visual_scene id="scene">
      <node id="payload">
        <instance_geometry url="#geometry">
          <bind_material>
            <technique_common>
              <instance_material symbol="scout_11141b" target="#scout_11141b" />
              <instance_material symbol="scout_1a1f21" target="#scout_1a1f21" />
              <instance_material symbol="scout_b8bab5" target="#scout_b8bab5" />
              <instance_material symbol="scout_dbded4" target="#scout_dbded4" />
            </technique_common>
          </bind_material>
        </instance_geometry>
      </node>
    </visual_scene>
  </library_visual_scenes>
  <scene>
    <instance_visual_scene url="#scene" />
  </scene>
</COLLADA>