<?xml version='1.0' encoding='utf-8'?>
<COLLADA xmlns="http://www.collada.org/2005/11/COLLADASchema" version="1.4.1">
  <asset>
    <created>2026-09-14T00:00:00Z</created>
    <modified>2026-09-14T00:00:00Z</modified>
    <unit name="metre" meter="1" />
    <up_axis>Z_UP</up_axis>
  </asset>
  <library_effects>
    <effect id="scout_11141b_effect">
      <profile_COMMON>
        <technique sid="common">
          <phong>
            <emission>
              <color>0 0 0 1</color>
            </emission>
            <ambient>
              <color>0.0325 0.04 0.0525 1</color>
            </ambient>
            <diffuse>
              <color>0.065 0.08 0.105 1</color>
            </diffuse>
            <specular>
              <color>0.035 0.035 0.035 1</color>
            </specular>
            <shininess>
              <float>24</float>
            </shininess>
          </phong>
        </technique>
      </profile_COMMON>
    </effect>
    <effect id="scout_1a1f21_effect">
      <profile_COMMON>
        <technique sid="common">
          <phong>
            <emission>
              <color>0 0 0 1</color>
            </emission>
            <ambient>
              <color>0.05 0.06 0.065 1</color>
            </ambient>
            <diffuse>
              <color>0.1 0.12 0.13 1</color>
            </diffuse>
            <specular>
              <color>0.035 0.035 0.035 1</color>
            </specular>
            <shininess>
              <float>24</float>
            </shininess>
          </phong>
        </technique>
      </profile_COMMON>
    </effect>
    <effect id="scout_b8bab5_effect">
      <profile_COMMON>
        <technique sid="common">
          <phong>
            <emission>
              <color>0 0 0 1</color>
            </emission>
            <ambient>
              <color>0.36 0.365 0.355 1</color>
            </ambient>
            <diffuse>
              <color>0.72 0.73 0.71 1</color>
            </diffuse>
            <specular>
              <color>0.035 0.035 0.035 1</color>
            </specular>
            <shininess>
              <float>24</float>
            </shininess>
          </phong>
        </technique>
      </profile_COMMON>
    </effect>
    <effect id="scout_dbded4_effect">
      <profile_COMMON>
        <technique sid="common">
          <phong>
            <emission>
              <color>0 0 0 1</color>
            </emission>
            <ambient>
              <color>0.43 0.435 0.415 1</color>
            </ambient>
            <diffuse>
              <color>0.86 0.87 0.83 1</color>
            </diffuse>
            <specular>
              <color>0.035 0.035 0.035 1</color>
            </specular>
            <shininess>
              <float>24</float>
            </shininess>
          </phong>
        </technique>
      </profile_COMMON>
    </effect>
  </library_effects>
  <library_materials>
    <material id="scout_11141b" name="scout_11141b">
      <instance_effect url="#scout_11141b_effect" />
    </material>
    <material id="scout_1a1f21" name="scout_1a1f21">
      <instance_effect url="#scout_1a1f21_effect" />
    </material>
    <material id="scout_b8bab5" name="scout_b8bab5">
      <instance_effect url="#scout_b8bab5_effect" />
    </material>
    <material id="scout_dbded4" name="scout_dbded4">
      <instance_effect url="#scout_dbded4_effect" />
    </material>
  </library_materials>
  <library_geometries>
    <geometry id="geometry" name="payload">
      <mesh>
        <source id="positions">
          <float_array id="positions_array" count="14838">-0.0822260976 -0.1227552 0.00700000115 -0.0822260976 -0.123755202 0.00800000131 -0.0832260996 -0.1227552 0.00800000131 -0.0822260976 -0.123755202 0.0600000061 -0.0822260976 -0.1227552 0.0610000044 -0.0832260996 -0.1227552 0.0600000061 -0.0822260976 0.120244801 0.00700000115 -0.0832260996 0.120244801 0.00800000131 -0.0822260976 0.121244803 0.00800000131 -0.0822260976 0.120244801 0.0610000044 -0.0822260976 0.121244803 0.0600000061 -0.0832260996 0.120244801 0.0600000061 0.130773902 -0.1227552 0.00700000115 0.131773904 -0.1227552 0.00800000131 0.130773902 -0.123755202 0.00800000131 0.130773902 -0.1227552 0.0610000044 0.130773902 -0.123755202 0.0600000061 0.131773904 -0.1227552 0.0600000061 0.130773902 0.120244801 0.00700000115 0.130773902 0.121244803 0.00800000131 0.131773904 0.120244801 0.00800000131 0.130773902 0.120244801 0.0610000044 0.131773904 0.120244801 0.0600000061 0.130773902 0.121244803 0.0600000061 0.182595879 -0.0366681851 0.0995374918 0.182638139 -0.0417672396 0.103500545 0.182636261 -0.0428614318 0.110735968 0.189045951 -0.0394622907 0.119624689 0.188949734 -0.0367526747 0.120596327 0.186101913 -0.0366600007 0.120660715 0.185817271 -0.0386801697 0.119980238 0.185842112 -0.0411589369 0.118593216 0.189045981 -0.0434215069 0.11648123 0.185913071 -0.0433383286 0.116525128 0.185600773 -0.0446095951 0.114642821 0.189045966 -0.0454705879 0.112710908 0.18611154 -0.0456129722 0.112485252 0.185609505 -0.046118129 0.110139668 0.189046204 -0.0461933911 0.109433725 0.185924411 -0.0459014401 0.105548777 0.189045921 -0.0457630306 0.105095513 0.185979918 -0.0462501012 0.108030334 0.185352772 -0.0451220311 0.103504054 0.18621175 -0.0442274325 0.101607032 0.189045876 -0.0435718186 0.10067644 0.185853481 -0.0423591174 0.0994358212 0.18583481 -0.0405591577 0.0980212986 0.189045891 -0.0396589413 0.0974864662 0.185853094 -0.0385949686 0.0969795138 0.188926116 -0.0367286913 0.0963956192 0.185400382 -0.0366587304 0.0963875949 0.183482587 -0.0388422422 0.118581742 0.184352338 -0.0366600007 0.120171674 0.18267484 -0.0366577171 0.117929295 0.184424952 -0.0393220671 0.11919456 0.183393598 -0.0410062633 0.116876654 0.184462592 -0.0424660444 0.11676655 0.183622003 -0.0443976521 0.104764327 0.184382617 -0.0437412933 0.101908155 0.1832885 -0.0406149365 0.0998597965 0.184467748 -0.0412718914 0.0990849063 0.184038132 -0.0382567942 0.0975757018 0.183242798 -0.0366594791 0.0978091061 0.183557361 -0.0437102541 0.113812938 0.183262438 -0.0426918231 0.102361783 0.182895213 -0.0422388613 0.114144653 0.182664663 -0.0390237384 0.116552427 0.182860181 -0.0437174663 0.106660888 0.18363744 -0.0449067615 0.110239558 0.184408635 -0.0449421741 0.112726375 0.184663266 -0.0457446948 0.106909148 0.183818072 -0.045137357 0.107233554 0.182995901 0.0373845436 0.0997455269 0.182687923 0.0328615457 0.0987791047 0.182719067 0.0403978638 0.1043685 0.193546593 -0.0156355277 0.103500001 0.193687946 -0.0168628562 0.0970000029 0.193670914 -0.0168049447 0.103500001 0.203595936 -0.010944684 0.107290216 0.203095943 -0.0126127386 0.106327154 0.203095943 -0.0110808676 0.107217945 0.203595936 -0.0138052003 0.106681347 0.203095943 -0.0139817502 0.106792308 0.203095928 -0.0138052003 0.106681347 0.204595953 0.033246506 0.109294876 0.203595936 0.033246506 0.107705124 0.203595936 0.0332222804 0.109353356 0.203095928 -0.0116552003 0.108499996 0.203595936 -0.0119847609 0.109266371 0.203595936 -0.0116552003 0.108499996 0.20759593 0.0312447995 0.116999999 0.207345933 0.0348105952 0.116308063 0.207095936 0.0312447995 0.116999999 0.203595936 -0.0138052003 0.110318653 0.203095943 -0.0128788035 0.110591285 0.203095928 -0.0138052003 0.110318653 0.203595936 -0.0133052003 0.107547373 0.203262746 -0.0140156262 0.108464755 0.203095928 -0.0133052003 0.107547373 0.189440876 -0.0138442675 0.0960000008 0.193687946 -0.0138628557 0.0970000029 0.196708173 -0.0138113452 0.0960000008 0.203595936 0.0156948008 0.107547373 0.204119235 0.0158510469 0.108567849 0.203274876 0.0149871213 0.10853444 0.203595936 -0.0110808657 0.109782062 0.203095928 -0.0108552007 0.108499996 0.203595936 -0.0108552007 0.108499996 0.203595936 0.0168450903 0.107393257 0.203095943 0.0162287597 0.107454389 0.203095943 0.017107686 0.107849233 0.204222605 -0.0127552012 0.108500004 0.203245401 -0.0121277515 0.107413225 0.203595936 -0.0111466274 0.107349358 0.203595936 -0.0128809344 0.10641063 0.203595936 -0.0146368332 0.107890934 0.193546593 0.016118655 0.113499999 0.193676114 0.0173761491 0.119999997 0.193670914 0.0172880739 0.113499999 0.204659462 0.0307710432 0.108320124 0.203595936 0.0309131946 0.108989298 0.203595936 0.0310557038 0.107874252 0.203595936 0.0147545533 0.109853648 0.203095928 0.0151948007 0.110318653 0.203095943 0.0139938025 0.108337633 0.203595936 0.0166899059 0.106359415 0.203095928 0.0151948007 0.106681347 0.203095943 0.0160388481 0.106391534 0.203095928 -0.0106552001 0.108499996 0.203595936 -0.0106552001 0.108499996 0.203595936 0.0153320441 0.108982608 0.203095943 0.015843939 0.109368093 0.203595936 0.0164238866 0.109571785 0.203595936 0.0121273724 0.107876867 0.203095943 0.0126812356 0.106588431 0.203095943 0.0134299649 0.10543111 0.203595936 -0.0129946237 0.107574292 0.203095943 -0.0134818079 0.107758284 0.203595936 -0.0137643078 0.108873948 0.203095943 0.0152236996 0.106734879 0.203595936 0.01452995 0.107366845 0.203288913 -0.012156968 0.109603189 0.203095928 0.0173448008 0.108499996 0.203394726 0.0169376098 0.109562278 0.203595936 0.0173448008 0.108499996 0.203595936 -0.0120097371 0.107925653 0.203095943 -0.0121288141 0.10752368 0.203595936 -0.0128280735 0.107374571 0.203595936 -0.0143111255 0.109935939 0.203095943 -0.0148028545 0.109088704 0.20334594 -0.0103289038 0.105316341 0.203059018 -0.0137236379 0.103961438 0.203315988 -0.0114700533 0.103546456 0.203095943 -0.0132327657 0.109496944 0.203095943 0.0128589896 0.1109244 0.203095943 0.0121185854 0.108748831 0.203095943 0.0179587528 0.107059374 0.203595936 0.0201915707 0.109729059 0.203095943 0.019767493 0.110617824 0.203095943 0.0183312669 0.112341277 0.203295946 0.0126637407 0.110411577 0.203595936 0.0144862561 0.109350085 0.203095943 0.0161717273 0.110601112 0.203595936 0.0157211088 0.110381722 0.203595936 0.0172061268 0.108938813 0.203595936 0.0133911064 0.111510202 0.203095943 0.0156087792 0.112603061 0.203595936 0.0174418539 0.112425841 0.20759593 -0.0337551981 0.100000001 0.20731023 -0.0361499414 0.100344315 0.207095936 -0.0337551981 0.100000001 0.203595936 0.0131949857 0.105781414 0.203095943 0.0123119019 0.108417928 0.203095928 0.0156948008 0.107547373 0.203595936 0.0197475068 0.110545948 0.203095943 0.0128756408 0.110589288 0.203095928 0.0201448016 0.108499996 0.203595936 0.0201448016 0.108499996 0.203595936 0.0152555937 0.104512647 0.203095943 0.015861813 0.104459211 0.203595936 0.0161511302 0.104536727 0.203095943 0.0144336959 0.105032466 0.189577624 0.0294003319 0.113500044 0.193670914 0.029288074 0.113499999 0.193681344 0.0293628108 0.119999997 0.196708173 -0.0168113448 0.0960000008 0.189440876 -0.016844267 0.0960000008 0.203095928 0.0183448009 0.108499996 0.203595936 0.0179191362 0.109782062 0.203595936 0.0183448009 0.108499996 0.203595936 0.0203448012 0.108499996 0.203095943 0.0199171361 0.106668241 0.203095928 0.0203448012 0.108499996 0.1893837 0.00418865774 0.103500001 0.189568013 0.00539394142 0.0960000008 0.189617157 0.0054094228 0.103500001 0.203595936 0.0141402017 0.109264016 0.203095943 0.0143007087 0.109253176 0.203595936 0.0151948007 0.106681347 0.203095943 0.014050412 0.107897647 0.203595936 0.0194983222 0.105950065 0.203095943 0.0176717248 0.104656428 0.203595936 0.0181448013 0.108499996 0.203095943 0.01791225 0.107436463 0.203595936 0.0178544093 0.107150272 0.203095928 -0.0133052003 0.109452628 0.203095943 -0.0138769289 0.108842336 0.203095943 0.0149861835 0.108466499 0.193546593 -0.0276355278 0.103500001 0.193687946 -0.0288628563 0.0970000029 0.193670914 -0.0288049448 0.103500001 0.186813697 -0.0348392501 0.0960401222 0.190401971 -0.0352750495 0.120845392 0.186706081 -0.0347679555 0.120985642 0.188645929 -0.00520520005 0.108499996 0.188545927 0.00274480018 0.108499996 0.188545927 -0.00525519997 0.108499996 0.189623073 -0.00656457851 0.120907672 0.19671011 -0.00481108902 0.120251693 0.189385712 -0.00483170897 0.120915443 0.203595936 0.0156948008 0.109452628 0.203095943 0.0162620172 0.109640472 0.203095928 0.0156948008 0.109452628 0.203595936 0.0176314898 0.104573362 0.186645925 0.00279480009 0.0960000008 0.189440876 0.00715573225 0.0960000008 0.203595936 0.0151948007 0.110318653 0.203095943 -0.0117495023 0.108620502 0.203095928 0.0181448013 0.108499996 0.193687946 -0.0108628562 0.0970000029 0.196708173 -0.0108113457 0.0960000008 0.189440876 -0.0108442679 0.0960000008 0.203595936 0.0151753649 0.108165659 0.203095943 0.0152953258 0.108387008 0.19652611 0.0130889658 0.120202087 0.196470514 0.0114154313 0.12035013 0.196730062 0.0101981321 0.120320283 0.186646625 0.0290479492 0.0959983245 0.189568013 0.0143939406 0.0960000008 0.189440876 0.0131557323 0.0960000008 0.189560324 -0.0319208428 0.120932966 0.196709454 -0.0318108983 0.120230295 0.189489543 -0.0305958521 0.120935477 0.196711004 -0.0198104698 0.120242827 0.196691707 -0.0217137244 0.12018545 0.196713388 -0.0228094291 0.120240189 0.203360647 0.0144859524 0.112201035 0.203095943 0.0174875017 0.11229372 0.203429267 0.0179839209 0.112242036 0.189385995 -0.0288318079 0.120933674 0.189623669 -0.0275643747 0.120923795 0.189385921 -0.0258317776 0.120930456 0.189623654 -0.0245643761 0.12092267 0.189559996 -0.0229207762 0.120920837 0.189479768 -0.0216138214 0.120924823 0.186650515 -0.0102055417 0.120999888 0.189385831 -0.0198317468 0.120924182 0.189623281 -0.0185645074 0.12091393 0.189559832 -0.0169206969 0.120911658 0.189479679 -0.0156138642 0.120915882 0.189385772 -0.0138317347 0.120918177 0.189623162 -0.0125645567 0.120909274 0.189385787 -0.0108317118 0.120916285 0.189623177 -0.00956454594 0.120908871 0.188523889 -0.00912754145 0.120948948 0.189385712 -0.00783171039 0.12091659 0.196711957 -0.00781022245 0.120247111 0.189161986 0.0223767068 0.120939501 0.186835185 0.00807854719 0.120997928 0.188581169 0.00659833755 0.120946407 0.186645329 0.0321709476 0.120995216 0.189871281 0.0234830882 0.120908871 0.189386368 0.0251680855 0.120934494 0.189623058 0.0264354069 0.120922685 0.189398274 0.0281391479 0.120940506 0.189624518 0.02943586 0.120935179 0.193755016 0.0379401296 0.118839189 0.186645791 0.0372679457 0.119631231 0.19736217 0.0331406184 0.120262846 0.196403399 0.0418602824 0.114170253 0.186646029 0.0430848971 0.113411307 0.194300875 0.0426130109 0.103811659 0.186645925 0.043277245 0.10439039 0.196991786 0.0431267545 0.109563261 0.196017489 0.0383949988 0.0987592116 0.186645925 0.0392042287 0.0987366363 0.195811331 0.0343142338 0.0967669114 0.186646238 0.0339179598 0.0961568058 0.191749245 0.0285423175 0.0961180776 0.196712002 -0.0108102681 0.120245606 0.207591057 0.0332286656 0.0984626636 0.198653087 -0.028124433 0.0968833193 0.198612228 0.0257016625 0.096875295 0.199826851 -0.0352855586 0.0971073583 0.196391135 -0.0300776064 0.0965840966 0.191276625 -0.03112684 0.0960967541 0.190517232 -0.0353550278 0.0961693674 0.186646312 -0.0315450132 0.0959983468 0.203958005 -0.0328141339 0.108449578 0.203269675 -0.033398889 0.107349776 0.203095943 -0.0325761065 0.108585052 0.19671084 0.0281892605 0.120232664 0.193435699 0.0280326027 0.119999997 0.196693927 -0.00671485346 0.120190509 0.204595953 0.0332222804 0.107646644 0.203595936 0.0320981592 0.106522523 0.207595795 -0.0351454876 0.0985428914 0.196724802 -0.0277478918 0.0970000029 0.196708173 -0.0288113467 0.0960000008 0.196500763 -0.0288988557 0.0970000029 0.186880216 0.00326585537 0.12100222 0.188501909 -0.008794453 0.120943189 0.188294888 0.00722802198 0.120956935 0.196724802 0.0262521077 0.0970000029 0.196708173 0.0251886565 0.0960000008 0.196500763 0.0251011476 0.0970000029 0.19677031 -0.0127688581 0.120215595 0.196526647 -0.0139110452 0.12020725 0.196729988 -0.0168019012 0.120317765 0.189633593 0.0174463056 0.120917283 0.196711585 0.0191897061 0.120238252 0.18957372 0.0190620273 0.120920159 0.189251199 0.0112418653 0.120925263 0.189251199 0.00824186113 0.120924927 0.189797461 0.0100065507 0.120905079 0.196769744 0.0142314984 0.12021371 0.196711332 0.0251897965 0.120235577 0.207593963 0.0342003033 0.118297338 0.207596049 -0.0360566117 0.118430674 0.18947956 -0.000613907236 0.120913647 0.189559653 -0.00192064559 0.120906718 0.19669418 0.023285199 0.120187275 0.19671005 0.0221895203 0.120221548 0.196691334 0.0292858481 0.120162614 0.19064714 -0.0403470211 0.119159676 0.190645948 -0.0448804833 0.11416889 0.199600562 -0.0415206626 0.117186829 0.189251378 0.00224190019 0.120925039 0.18977192 0.0040094601 0.120902516 0.189263746 0.00525814481 0.120923594 0.207596242 -0.0436897613 0.106464759 0.199547097 -0.0450351834 0.111349091 0.200726047 -0.0449617542 0.106427357 0.199782625 -0.0401392616 0.0988037735 0.190646961 -0.0448086895 0.102707922 0.190647438 -0.0403951481 0.0978608802 0.189397633 0.0161393024 0.120923005 0.189296544 0.0132051352 0.120926298 0.189479366 0.0203860272 0.120924152 0.193676099 0.00837614853 0.119999997 0.19669497 0.00828494225 0.12019781 0.189722791 0.01446932 0.120908953 0.189795867 0.00100691745 0.120899409 0.196711719 0.016189646 0.120242618 0.19649978 0.0100905998 0.12000069 0.193435699 0.0100325998 0.119999997 0.196711451 0.00718973717 0.120243922 0.189617157 -0.0229262933 0.0960000008 0.193687946 -0.0228628553 0.0970000029 0.196708173 -0.0228113439 0.0960000008 0.196694419 0.00528506003 0.120195106 0.189797655 0.00700650597 0.120903902 0.196712062 0.00418987917 0.120247371 0.196711987 0.00118980906 0.120247155 0.196693048 -0.000714537397 0.120185703 0.196694046 -0.00971500762 0.120189741 0.196714088 -0.0288095567 0.120259874 0.200127587 -0.0358707123 0.119812787 0.20759815 -0.042505607 0.113964505 0.207597077 -0.0404412262 0.10080453 0.19965665 -0.0436498001 0.102606602 0.207590997 0.0384492129 0.115627132 0.207594544 0.0411767662 0.110600524 0.186545938 0.0214987677 0.107105225 0.186545938 0.0199049227 0.108596653 0.186598212 0.00789833907 0.108499892 0.19679381 -0.0247847196 0.120250262 0.207587391 0.0409556217 0.1054736 0.207591459 0.0387331396 0.101690799 0.196276486 0.0276214089 0.0965749323 0.193546593 -0.0288813449 0.113499999 0.193681344 -0.0276371911 0.119999997 0.193670914 -0.0277119279 0.113499999 0.196724802 -0.0187478922 0.0970000029 0.196708173 -0.0198113434 0.0960000008 0.196500763 -0.0198988542 0.0970000029 0.196694896 0.0262844935 0.120189071 0.196470648 -0.0305846371 0.120348163 0.18527557 0.00768106105 0.120890379 0.186185852 0.0027618804 0.120986551 0.184834421 -0.00917535648 0.120675497 0.18689023 -0.0101141389 0.121008486 0.186877832 0.00245599076 0.120996155 0.193546593 0.0131186545 0.113499999 0.193676099 0.0143761486 0.119999997 0.193670914 0.0142880715 0.113499999 0.193546593 0.0101186559 0.113499999 0.193676099 0.01137615 0.119999997 0.193670914 0.011288072 0.113499999 0.190546215 -0.0414007604 0.0983916447 0.189145967 -0.0401708707 0.0977364555 0.188999191 -0.0366323628 0.0963638276 0.190337181 -0.0353504196 0.0961758494 0.189145699 -0.0450014621 0.102724269 0.190545782 -0.0460613109 0.105908275 0.189145178 -0.0461884886 0.110378772 0.190547943 -0.0451236144 0.114117384 0.189144984 -0.0422827825 0.117939189 0.190545693 -0.0395193174 0.119563393 0.190358758 -0.0353485234 0.120827518 0.189026237 -0.0366572067 0.120624021 0.186680436 -0.0348520726 0.120965637 0.184645578 -0.0365219191 0.120581843 0.18665804 -0.0348604992 0.0960333794 0.184656054 -0.0365100913 0.0964116827 0.186544448 0.0346955545 0.09614072 0.184931293 0.0335185602 0.0963119939 0.184725046 0.0378217325 0.0982189253 0.186546519 0.0415714122 0.101181485 0.184742168 0.0412130989 0.10141062 0.184697926 0.043428909 0.107237145 0.186545923 0.0435724594 0.106143288 0.186543614 0.0437521189 0.108912855 0.186578676 0.0437448025 0.108418971 0.186545938 0.0437448025 0.108382329 0.186564237 0.0437448025 0.10839697 0.184880733 0.0428821445 0.112384334 0.186544374 0.04262897 0.114003949 0.203095943 -0.0296393745 0.107741781 0.20334594 -0.0301695392 0.110275157 0.203448877 -0.029821232 0.107477792 0.183958605 0.0403362289 0.116081357 0.186545625 0.0390874594 0.11834842 0.184740067 0.0379637219 0.118698202 0.186545908 0.0338161923 0.12089365 0.184605375 0.033344809 0.120625429 0.184666842 0.00672406377 0.120542221 0.186422408 0.00806231052 0.121060275 0.18647632 -0.0103186816 0.121071599 0.184609234 -0.00881717447 0.120508157 0.196687296 -0.0258299727 0.12017668 0.182653829 0.0387261398 0.11447639 0.183058903 0.0418499559 0.10931883 0.18332921 0.0336589552 0.119546987 0.182686374 0.03334108 0.118159711 0.182650521 -0.00260827062 0.117850848 0.183462068 -0.0365317129 0.119603157 0.189577594 -0.00359968841 0.113500044 0.193670914 -0.00371192768 0.113499999 0.193681344 -0.00363719044 0.119999997 0.183677077 0.0319886692 0.09691035 0.183565199 -0.0365425609 0.0972701237 0.182706714 -0.0365516543 0.0988945514 0.182690442 -0.036551971 0.118090048 0.196724802 0.011252108 0.0970000029 0.196708173 0.010188655 0.0960000008 0.196500763 0.0101011461 0.0970000029 0.189623043 -0.00356458873 0.120906614 0.196711019 -0.00181045278 0.120240733 0.196724802 0.0202521104 0.0970000029 0.196708173 0.0191886555 0.0960000008 0.196500763 0.0191011485 0.0970000029 0.207095951 -0.0345946439 0.103310965 0.203116849 -0.0377044491 0.105573453 0.207095951 -0.0389496684 0.107694857 0.193546593 -0.00788134523 0.113499999 0.193681344 -0.00663719047 0.119999997 0.193670914 -0.00671192771 0.113499999 0.207417369 0.0351493582 0.116163149 0.207295939 0.0386648811 0.112764411 0.193546593 -0.0186355263 0.103500001 0.193687946 -0.0198628549 0.0970000029 0.193670914 -0.0198049434 0.103500001 0.186422184 0.00250640884 0.108499952 0.203595936 0.0166011937 0.107594252 0.193687946 0.019137146 0.0970000029 0.207095951 -0.0185202826 0.10235934 0.203595936 -0.00699011795 0.10235934 0.203595936 -0.0184304491 0.102415368 0.1906472 -0.0462255627 0.108292751 0.193546593 -0.00188134494 0.113499999 0.193681344 -0.0006371903 0.119999997 0.193670914 -0.000711927714 0.113499999 0.186601758 -0.0100980774 0.108499914 0.184855908 -0.00930516701 0.108500272 0.188284278 -0.00934872776 0.10850025 0.188347623 0.00706988899 0.108500041 0.184823036 0.00704463199 0.108500093 0.198561266 0.0256707929 0.0960002467 0.195894435 0.0277307294 0.0960033536 0.1893837 -0.0228113402 0.103500001 0.1893837 -0.0217055269 0.0960000008 0.189617157 -0.0215905774 0.103500001 0.188645929 0.0026947998 0.108499996 0.1893837 0.0221886598 0.103500001 0.189568013 0.0233939439 0.0960000008 0.189617157 0.0234094262 0.103500001 0.186716542 0.00329128234 0.108499914 0.187008932 0.00272460072 0.108499981 0.189506412 0.0203735419 0.113500014 0.193670914 0.0202880744 0.113499999 0.193681344 0.0203628112 0.119999997 0.193965778 -0.00515325787 0.0960000008 0.196295872 -0.00312705687 0.108500198 0.196577415 -0.00266647828 0.0960000753 0.196500763 0.0161011461 0.0970000029 0.193687946 0.0161371455 0.0970000029 0.196724802 0.0172521099 0.0970000029 0.196724802 0.0142521067 0.0970000029 0.196708173 0.0131886546 0.0960000008 0.196500763 0.0131011456 0.0970000029 0.20334594 0.017701393 0.109956592 0.189577579 -0.02459969 0.113500044 0.193670914 -0.0247119274 0.113499999 0.193681344 -0.0246371906 0.119999997 0.203595936 -0.0142454477 0.109853648 0.203095943 -0.0150061976 0.108337633 0.196728125 0.011242155 0.11999964 0.207095936 -0.0337551981 0.116999999 0.20759593 -0.0337551981 0.116999999 0.186860323 -0.0223284103 0.10838189 0.196693927 0.00228512636 0.120190434 0.203595936 -0.0133052003 0.109452628 0.204595953 0.0320981592 0.110477485 0.203595936 0.0320396759 0.110501707 0.203595936 0.0194185395 0.105892509 0.193676099 -0.0306238513 0.119999997 0.196728155 -0.0307578798 0.119999662 0.207095951 0.0110503295 0.107694864 0.203111827 0.0116291195 0.110457815 0.207095951 0.0129882004 0.112414129 0.195952445 -0.03023725 0.0960015208 0.203595936 -0.0125864837 0.109643258 0.203095943 -0.011849463 0.109217733 0.203784302 0.0168028753 0.107568771 0.203095943 0.0169080049 0.107521407 0.1967282 -0.0277579334 0.119999625 0.196470588 -0.0275846235 0.120347053 0.189415708 -0.0288229045 0.113500021 0.189577579 -0.0275996961 0.113500044 0.196499765 -0.0169094075 0.120000698 0.193441272 -0.0169615317 0.119999997 0.193546593 0.0281186569 0.113499999 0.189440876 -0.00784426741 0.0960000008 0.193687946 -0.00786285568 0.0970000029 0.196708173 -0.00781134563 0.0960000008 0.203326702 0.0159464553 0.110509843 0.189415693 -0.025822904 0.113500021 0.19669351 0.0172850993 0.120182857 0.189415678 0.028177103 0.113500021 0.207429275 -0.0414183326 0.104595423 0.207295939 -0.0422647223 0.109411448 0.189415693 0.0251770969 0.113500021 0.189577594 0.0264003146 0.113500044 0.182595938 -0.0243841764 0.107153788 0.186545938 -0.0231262259 0.107153788 0.182595938 -0.0224153213 0.108596653 0.193681344 0.0263628103 0.119999997 0.189506426 0.0233735368 0.113500014 0.193670914 0.0232880767 0.113499999 0.193681344 0.0233628135 0.119999997 0.189489126 0.0221310109 0.113500021 0.189489111 0.0191310197 0.113500021 0.203295946 -0.0368459187 0.105879746 0.203429267 -0.0378739908 0.107890993 0.203095943 0.0171931665 0.109133698 0.189415678 0.0161771085 0.113500021 0.189577594 0.0174003188 0.113500044 0.186716601 0.0226122718 0.108866416 0.187615857 0.0213271081 0.109836206 0.186645925 0.0207673591 0.109834902 0.189489111 0.0131310187 0.113500021 0.189506426 0.0143735381 0.113500014 0.189489111 0.0101310164 0.113500021 0.189506426 0.0113735469 0.113500014 0.193435699 0.0130326012 0.119999997 0.189489111 0.00713101635 0.113500021 0.189506426 0.00837354455 0.113500021 0.189415678 0.00417710841 0.113500021 0.189577579 0.0054003112 0.113500044 0.207095951 -0.00810630433 0.114853874 0.203595936 -0.0174040943 0.114853874 0.203595936 -0.00806844048 0.114801034 0.193676099 0.00537614897 0.119999997 0.189489111 0.00113102153 0.113500021 0.189506412 0.00237353356 0.113500014 0.193435699 0.00403260021 0.119999997 0.189489111 -0.00186898373 0.113500021 0.189506426 -0.00062645477 0.113500021 0.189415693 -0.00482289912 0.113500021 0.196694806 -0.00371541944 0.12018431 0.189415693 -0.00782290008 0.113500021 0.189577594 -0.00659968844 0.113500044 0.189415693 -0.0108229052 0.113500021 0.189577594 -0.00959968474 0.113500044 0.189415693 -0.0138229048 0.113500021 0.189577594 -0.0125996852 0.113500044 0.189489126 -0.0168689899 0.113500021 0.189506412 -0.0156264659 0.113500014 0.19672814 -0.0157578625 0.119999632 0.196470588 -0.0155846113 0.120348468 0.189577565 -0.0185997002 0.113500044 0.193978965 -0.0192584358 0.113499999 0.193681344 -0.0186371896 0.119999997 0.189415708 -0.0198228993 0.113500021 0.196708173 0.016188655 0.0960000008 0.189440876 0.0161557328 0.0960000008 0.189506397 -0.0216264725 0.113500021 0.193670914 -0.0217119269 0.113499999 0.193681344 -0.0216371901 0.119999997 0.193546593 0.022118656 0.113499999 0.189489141 -0.0228689946 0.113500021 0.186645925 -0.0242326446 0.109834902 0.182595938 0.0207673591 0.109834902 0.182595938 0.020023115 0.108105659 0.182595938 0.0224664882 0.108894341 0.186545938 0.0220961664 0.109717816 0.193546593 -0.0108813448 0.113499999 0.193681344 -0.00963719096 0.119999997 0.193670914 -0.00971192773 0.113499999 0.193546593 -0.022881344 0.113499999 0.193546593 -0.0168813448 0.113499999 0.193681344 -0.015637191 0.119999997 0.193670914 -0.0157119278 0.113499999 0.193546593 0.011364473 0.103500001 0.193687946 0.0101371445 0.0970000029 0.193670914 0.0101950569 0.103500001 0.20334594 -0.035514053 0.112201035 0.203095943 -0.0325125046 0.11229372 0.203429267 -0.032016091 0.112242043 0.193546593 -0.0138813453 0.113499999 0.193681344 -0.0126371905 0.119999997 0.193670914 -0.0127119273 0.113499999 0.1893837 -0.0168113429 0.103500001 0.189568013 -0.0156060597 0.0960000008 0.189617157 -0.0155905774 0.103500001 0.193546593 0.00711865444 0.113499999 0.193670914 0.00828807242 0.113499999 0.204657733 0.031299632 0.109048307 0.203595936 0.0318173096 0.108734973 0.193546593 -0.0258813463 0.113499999 0.193546593 0.00111865532 0.113499999 0.193676099 0.00237614918 0.119999997 0.193670914 0.0022880726 0.113499999 0.203595936 -0.0139427399 0.110202298 0.193546593 0.0203644745 0.103500001 0.193670914 0.0191950575 0.103500001 0.193546593 0.00411865534 0.113499999 0.193670914 0.0052880724 0.113499999 0.207095951 -0.0214320496 0.112131678 0.207095951 -0.0174419601 0.114801034 0.203429267 -0.0131365592 0.104454286 0.203332886 -0.016460672 0.105444543 0.203058988 0.0117223654 0.107530944 0.194806457 -0.00483541749 0.0960000008 0.196674317 -0.00108501303 0.0960000008 0.196500763 0.0221011471 0.0970000029 0.193687946 0.0221371464 0.0970000029 0.196724802 0.0232521109 0.0970000029 0.193546593 0.0191186573 0.113499999 0.189440876 0.0191557333 0.0960000008 0.203095943 -0.00863937568 0.107741781 0.20334594 -0.00916954502 0.110275164 0.203448877 -0.00882123224 0.107477792 0.189489186 -0.0318690203 0.113500021 0.189506367 -0.0306264926 0.113500014 0.182595938 0.0217222441 0.107165106 0.189568013 -0.0276060589 0.0960000008 0.193448707 -0.0275631659 0.0970000029 0.189617157 -0.0275905784 0.103500001 0.203595936 0.0163872577 0.110672846 0.203095943 0.0180553142 0.109709799 0.20472683 0.0315354019 0.108127534 0.20334594 -0.0145140598 0.112201028 0.203095943 -0.0115125002 0.11229372 0.203429267 -0.0110160913 0.112242043 0.196724802 -0.0157478917 0.0970000029 0.196500763 -0.0168988556 0.0970000029 0.193546593 0.00536447344 0.103500001 0.193687946 0.00413714442 0.0970000029 0.193670914 0.00419505639 0.103500001 0.189568013 -0.0246060584 0.0960000008 0.193448707 -0.0245631672 0.0970000029 0.189617157 -0.0245905779 0.103500001 0.207095951 0.031935893 0.11216516 0.207095951 0.0347590223 0.10919673 0.182595938 -0.025824381 0.100000001 0.207095951 0.0154053587 0.103310965 0.203111827 0.0129564842 0.104715228 0.196474716 0.0264094267 0.0960000008 0.193448707 0.0264368355 0.0970000029 0.1893837 0.0251886602 0.103500001 0.189568013 0.0263939425 0.0960000008 0.189617157 0.0264094248 0.103500001 0.187615857 -0.0250913985 0.10858231 0.186645925 -0.0243841764 0.107153788 0.203595936 0.0340327136 0.106249943 0.207095951 0.033814501 0.106003635 0.193448707 0.0234368369 0.0970000029 0.193687946 0.0251371451 0.0970000029 0.203764215 -0.0346344858 0.109164327 0.203269675 -0.033398889 0.109650232 0.203095943 -0.0350578986 0.108387016 0.1893837 -0.0198113415 0.103500001 0.189568013 -0.0186060574 0.0960000008 0.189617157 -0.0185905769 0.103500001 0.196724802 0.00525210844 0.0970000029 0.196708173 0.00418865494 0.0960000008 0.196500763 0.00410114555 0.0970000029 0.196474716 0.0204094276 0.0960000008 0.193448707 0.0204368364 0.0970000029 0.189568013 0.0173939411 0.0960000008 0.193448707 0.0174368341 0.0970000029 0.189617157 0.0174094234 0.103500001 0.207095951 0.0276896693 0.109627843 0.203595936 0.0306500737 0.11203292 0.189440876 0.00415573269 0.0960000008 0.207095951 -0.0036423225 0.106050789 0.207095951 -0.00707995193 0.102415368 0.193448707 0.0144368345 0.0970000029 0.189617157 0.0144094229 0.103500001 0.207381651 -0.0376597568 0.116163149 0.196474716 0.0114094252 0.0960000008 0.193448707 0.0114368349 0.0970000029 0.196474716 0.00840942468 0.0960000008 0.196724802 0.00825210847 0.0970000029 0.193448707 0.00843683351 0.0970000029 0.1893837 0.0071886573 0.103500001 0.189568013 0.00839394145 0.0960000008 0.189617157 0.00840942282 0.103500001 0.196474716 0.00540942512 0.0960000008 0.193448707 0.00543683441 0.0970000029 0.196724802 -0.00974789262 0.0970000029 0.196500763 -0.0108988546 0.0970000029 0.196474716 -0.00659057545 0.0960000008 0.196724802 -0.00674789213 0.0970000029 0.193448707 -0.00656316616 0.0970000029 0.1893837 0.0101886578 0.103500001 0.189568013 0.0113939419 0.0960000008 0.189617157 0.0114094233 0.103500001 0.203095943 0.0169465281 0.109149501 0.1893837 -0.00781134283 0.103500001 0.189568013 -0.00660605915 0.0960000008 0.189617157 -0.00659057731 0.103500001 0.196474716 -0.00959057547 0.0960000008 0.193448707 -0.00956316665 0.0970000029 0.203111827 0.0146112517 0.11324016 0.207095951 0.0181447659 0.113401122 0.203595936 -0.0149781639 0.108013578 0.189568013 -0.0126060583 0.0960000008 0.193448707 -0.0125631662 0.0970000029 0.189617157 -0.0125905778 0.103500001 0.1893837 -0.0138113424 0.103500001 0.203429267 0.0192880891 0.105807416 0.2030617 0.0158099402 0.10387741 0.203095943 0.0196240526 0.106031083 0.193546593 -0.0048813452 0.113499999 0.196474716 -0.0155905755 0.0960000008 0.193448707 -0.0155631658 0.0970000029 0.196724802 -0.0127478922 0.0970000029 0.196500763 -0.0138988551 0.0970000029 0.189440876 -0.0258442685 0.0960000008 0.193687946 -0.025862854 0.0970000029 0.196708173 -0.0258113444 0.0960000008 0.189440876 0.0251557343 0.0960000008 0.193448693 -0.0185631644 0.0970000029 0.1893837 -0.028811343 0.103500001 0.196500763 -0.0228988547 0.0970000029 0.196724802 -0.0217478909 0.0970000029 0.203111827 -0.029751841 0.11151839 0.203595936 -0.0138769289 0.108157672 0.203453079 -0.0132390549 0.106572479 0.203453079 0.0157609433 0.106572486 0.203095943 0.0175109189 0.106631771 0.196474716 -0.0215905737 0.0960000008 0.193448707 -0.0215631649 0.0970000029 0.193546593 -0.0246355273 0.103500001 0.193670914 -0.0258049443 0.103500001 0.203429267 -0.0162512716 0.106421545 0.203295946 -0.0163362585 0.110411577 0.20334594 -0.0169519316 0.107981838 0.203595936 0.0145466411 0.112302326 0.204595953 0.0292430967 0.107705124 0.203595936 0.0292430967 0.109294876 0.203595936 0.0292673204 0.107646644 0.193546593 -0.0126355262 0.103500001 0.193670914 -0.0138049442 0.103500001 0.193546593 0.00836447347 0.103500001 0.193687946 0.00713714398 0.0970000029 0.193670914 0.00719505595 0.103500001 0.196500763 -0.00789885502 0.0970000029 0.207095951 0.0296966564 0.105106734 0.203595936 0.0275727529 0.109153487 0.193546593 0.0173644759 0.103500001 0.193670914 0.016195057 0.103500001 0.192095906 -0.00381848076 0.0960000008 0.194417715 -0.00318510039 0.106014669 0.194590777 -0.00301318872 0.0960000008 0.203295946 -0.0130535439 0.110509843 0.196374491 0.000396394491 0.108500145 0.195363596 0.00222386536 0.0960000008 0.186645925 -0.00530520035 0.0960000008 0.188645929 -0.00530520035 0.108499996 0.195093125 -3.64020925e-05 0.106040679 0.195140809 -0.000449883519 0.0960000008 0.192448556 0.00148104969 0.0960000008 0.186695933 -0.00520520005 0.0960000008 0.186695933 0.0026947998 0.0960000008 0.189909697 -0.00145257392 0.0960000008 0.192645937 -0.00125520001 0.10753382 0.189917207 -0.0010871056 0.106040679 0.192076474 0.00130202842 0.106014676 0.191860482 -0.00375455013 0.106014676 0.204595953 0.0320396759 0.106498294 0.203595936 0.030449925 0.106498301 0.189440876 0.0221557338 0.0960000008 0.196708173 0.022188656 0.0960000008 0.188347012 -0.0237552002 0.108499996 0.187642962 -0.023297295 0.109827474 0.187615857 -0.0238375086 0.107163802 0.186545938 -0.0232777577 0.109834902 0.182595938 -0.0242326446 0.109834902 0.188347012 0.0212448016 0.108499996 0.187069327 0.0198041406 0.108489186 0.187642962 0.0215119757 0.107121423 0.207095951 -0.0295221061 0.111329637 0.203114852 -0.0288328305 0.107544377 0.207095951 -0.029079536 0.106098138 0.20334594 0.0198304597 0.110275157 0.207095951 -0.0220122635 0.106446944 0.203595936 -0.0217387602 0.111600444 0.203343526 -0.0102390544 0.112858094 0.203401402 -0.00781740434 0.109549567 0.203595936 -0.0040783505 0.112131685 0.198575467 -0.0281557273 0.0960002244 0.193687946 0.013137145 0.0970000029 0.1893837 -0.0108113429 0.103500001 0.189568013 -0.00960605871 0.0960000008 0.189617157 -0.00959057733 0.103500001 0.203595936 0.0344267152 0.110445879 0.20740363 0.0351493657 0.100836858 0.207095936 0.0312447995 0.100000001 0.20759593 0.0312447995 0.100000001 0.207095951 0.0202440321 0.105348483 0.203111827 0.0188281946 0.104203068 0.203111827 0.0202481579 0.11151839 0.207095951 0.0212628413 0.109363236 0.207095951 -0.0330255292 0.113539197 0.204595953 0.0317636505 0.108940318 0.204595953 0.0313667059 0.10783051 0.196694449 0.0202849265 0.120188639 0.193546593 -0.0216355249 0.103500001 0.193670914 -0.0228049438 0.103500001 0.207095951 -0.0370118022 0.112414129 0.203111827 -0.0333195366 0.113494776 0.203595936 -0.0126127396 0.110672846 0.203095943 -0.0109446868 0.109709799 0.193546593 -0.00963552669 0.103500001 0.193670914 -0.0108049437 0.103500001 0.203111827 -0.0311718062 0.104203068 0.203595936 0.0121449726 0.108172156 0.186545938 -0.0250950791 0.108596653 0.196724802 -0.0247478914 0.0970000029 0.196500763 -0.0258988533 0.0970000029 0.203368664 -0.0317900963 0.107665546 0.203095943 -0.0336082838 0.106463388 0.203429267 -0.0336767361 0.106398419 0.203595936 -0.021868078 0.106050789 0.203595936 -0.0352789573 0.107122652 0.203245938 -0.0357720703 0.108015999 0.203429267 -0.0322710201 0.109977372 0.203095943 -0.0317185856 0.108646907 0.203811839 -0.0345315747 0.107832387 0.1893837 0.0161886588 0.103500001 0.196708173 0.0071886545 0.0960000008 0.194591701 0.00238109939 0.0960000008 0.207095951 -0.00377164059 0.111600444 0.193546593 0.0143644726 0.103500001 0.193670914 0.0131950555 0.103500001 0.20744209 -0.0422449745 0.110202715 0.207373723 -0.0393763632 0.102012858 0.193546593 -0.00663552666 0.103500001 0.193670914 -0.00780494465 0.103500001 0.193546593 0.023364475 0.103500001 0.193670914 0.0221950579 0.103500001 0.203114852 0.0211671703 0.107544377 0.203595936 0.0301534515 0.104933493 0.186645925 0.0217222441 0.107165106 0.203335941 -0.0112986155 0.1099566 0.203095943 -0.0114890821 0.106631771 0.204595953 0.0303914417 0.106522523 0.189440876 -0.0288442671 0.0960000008 0.203295946 -0.0317013338 0.105031602 0.203429267 0.0158634428 0.104454286 0.203295946 0.013154082 0.105879746 0.204595953 0.0292673204 0.109353356 0.203595936 0.0303914417 0.110477477 0.204595953 0.0304499231 0.110501707 0.189440876 -0.0198442675 0.0960000008 0.196500763 0.00710114511 0.0970000029 0.204595953 0.0306040496 0.108729176 0.189440876 0.0101557327 0.0960000008 0.1893837 0.0131886574 0.103500001 0.1893837 -0.0258113425 0.103500001 0.203595936 -0.00349813653 0.106446937 0.1893837 0.0191886593 0.103500001 0.189568013 0.0203939434 0.0960000008 0.189617157 0.0204094239 0.103500001 0.203111827 -0.0371755138 0.11216592 0.207167372 -0.0418393798 0.105720207 0.20728825 -0.0384709127 0.11583782 0.203095943 -0.0112288259 0.109802358 0.19772093 -0.0117584355 0.0960000008 0.193435699 0.0160326008 0.119999997 0.203095943 0.0179249197 0.109496154 0.193972319 -0.00505220005 0.108499996 0.203595936 -0.0118494676 0.107782267 0.196474716 0.0174094252 0.0960000008 0.203595936 0.020222811 0.107458815 0.203444168 -0.00850484613 0.10583657 0.203260645 -0.0139627587 0.113317139 0.203379586 -0.0177973434 0.108500004 0.2034273 -0.0163556263 0.111985758 0.193978965 0.025741566 0.113499999 0.193441272 -0.0139615322 0.119999997 0.203381658 0.01749493 0.106877752 0.196474716 -0.012590575 0.0960000008 0.196474716 -0.0185905751 0.0960000008 0.19772093 -0.0237584356 0.0960000008 0.196474716 -0.0245905761 0.0960000008 0.196474716 -0.0275905766 0.0960000008 0.198183432 0.0122415647 0.0960000008 0.196474716 0.0144094247 0.0960000008 0.196474716 0.0234094281 0.0960000008 0.188645929 0.00279480009 0.108499996 0.193441272 -0.00496153207 0.119999997 0.193441272 -0.0289615337 0.119999997 0.193441272 0.0250384696 0.119999997 0.193441272 -0.0079615321 0.119999997 0.203111827 -0.0352198146 0.103704959 0.20748055 0.0386648811 0.10423559 0.207417369 0.0398739092 0.108499996 0.207381651 -0.0376597606 0.100836858 0.207512602 -0.041175276 0.112764418 0.193978965 -0.0312584378 0.113499999 0.193441272 -0.0319615304 0.119999997 0.203395933 -0.0147851715 0.108228482 0.193441272 -0.00196153205 0.119999997 0.196693867 -0.01871478 0.12018685 0.186670929 -0.00525519997 0.108499996 0.203295946 -0.0335796028 0.110495247 0.193441272 -0.0199615322 0.119999997 0.203381658 0.0142148277 0.108228482 0.193441272 -0.0259615313 0.119999997 0.193435699 0.0190326013 0.119999997 0.203295946 -0.0373362601 0.110411577 0.203111827 -0.0387681499 0.108411193 0.203381658 -0.0339862332 0.104389071 0.193441272 -0.0229615308 0.119999997 0.193435699 0.00103260018 0.119999997 0.193441272 -0.0109615326 0.119999997 0.193441272 0.0220384691 0.119999997 0.203395933 -0.0115050692 0.106877759 0.193435699 0.00703260023 0.119999997 0.203116849 0.0177196227 0.113188945 0.193978965 0.025741566 0.103500001 0.207495928 0.0344379693 0.100570008 0.203368664 -0.0352117904 0.1099566 0.194068179 0.00252712821 0.108499996 0.20731023 0.0380912572 0.103198908 0.207262605 0.0398285426 0.108499996 0.207429275 0.0384659059 0.113140717 0.0764153302 -0.0607849061 0.190500006 0.0762009248 -0.0611042939 0.188999996 0.0731863603 -0.0611042939 0.190500006 0.0771110356 -0.0577077307 0.190500006 -0.04035981 0.0515206382 0.190585956 0.0846936405 0.0505532101 0.200833902 0.0847215876 0.051559303 0.190583348 0.083343856 -0.0615903959 0.188999996 0.0847470909 -0.0540310368 0.190585956 0.0829330012 -0.0622052886 0.190500006 -0.012818737 0.0399669446 0.199500009 -0.0149073591 0.0375535637 0.199500009 -0.0403063595 0.0495186262 0.199356079 0.0721832737 -0.0583415367 0.188999996 -0.0277960002 -0.059418872 0.188999996 -0.0285846796 -0.0569754951 0.188999996 0.0771110356 0.0575422682 0.190500006 0.0764153227 0.0544650927 0.190500006 -0.0103131337 -0.0397996791 0.20100002 -0.012493982 -0.0424773432 0.199500009 -0.012818736 -0.0424773432 0.20100002 0.00672991853 0.000855001505 0.20100002 0.0114850998 0.00212914939 0.199500009 0.0109477853 0.00216552615 0.20100002 0.073521167 0.0539524108 0.188999996 0.0731863603 0.0541457124 0.190500006 0.0721832737 0.0569084696 0.188999996 0.0722502619 0.0571584664 0.190500006 0.0722502619 -0.0580915362 0.190500006 -0.0320280455 -0.0569754951 0.190500006 -0.0318136476 -0.0566561148 0.188999996 -0.0287990756 -0.0566561148 0.190500006 0.0833438635 0.0590799861 0.190500006 0.0847788006 0.0504236668 0.189187452 0.0829330087 0.0596948676 0.188999996 -0.0389565825 0.0590799861 0.188999996 -0.0385457315 0.0596948676 0.190500006 0.053243693 -0.00270141894 0.20100002 0.0528130308 -0.000270319695 0.199500009 0.0529754087 1.09230286e-05 0.20100002 0.032181263 -0.0424773432 0.20100002 0.0319169722 -0.042569574 0.199500009 0.0302349348 -0.040678829 0.20100002 0.0765983313 0.0546481013 0.188999996 0.0769177303 0.0578770861 0.188999996 -0.0127409305 -0.00661026314 0.20100002 -0.0175886676 -0.00999813247 0.199500009 -0.0175353829 -0.00990610197 0.20100002 0.0729719549 -0.0607849061 0.188999996 0.0778123513 -0.0658398047 0.188999996 0.0846936405 0.049442403 0.199420422 0.034211874 0.0389820673 0.199500009 0.0305276792 0.0392570645 0.199500009 -0.012371161 0.00354646402 0.20100002 -0.0111563588 -0.00125520001 0.199499995 -0.0111563588 -0.00125520001 0.201000005 -0.0334250741 -0.0658398047 0.190500006 -0.0385457203 -0.0622052848 0.188999996 -0.032905858 -0.0659949481 0.188999996 0.0318911485 0.0398246497 0.20100002 0.0098436391 0.0487448014 0.201000005 -0.014999589 0.0372892804 0.20100002 -0.012493982 0.0399669446 0.20100002 -0.0403063595 0.050554771 0.200667426 0.0300004128 0.0372892804 0.20100002 -0.0116714882 0.0356853344 0.20100002 -0.0297676828 -0.0613905638 0.190500006 -0.0325304456 -0.0603874847 0.188999996 -0.0327237509 -0.0600526705 0.190500006 0.0741549581 0.0588801652 0.190500006 0.0133581487 -0.000501056202 0.20100002 0.0133581487 -0.00200934382 0.199500009 0.0114850998 -0.00463955011 0.20100002 0.00743327755 -0.00392178167 0.199500009 0.00717706 -0.00366556412 0.20100002 -0.0285846796 0.0544650964 0.190500006 -0.0287990756 0.0541457161 0.188999996 -0.0310950428 0.0539264306 0.190500006 0.0566596016 0.000285916962 0.20100002 0.0561097637 -0.0031234317 0.199500009 0.0558285192 -0.00328580895 0.20100002 0.0533974208 -0.00285514863 0.199500009 0.0343742482 0.0387008265 0.20100002 0.0741549581 -0.0563698411 0.190500006 0.0346868671 -0.0397996791 0.20100002 -0.0173495244 0.00737094646 0.20100002 -0.0127409305 0.00409986265 0.199500009 -0.0329058394 -0.0105154514 0.20100002 -0.0334250629 -0.010670593 0.199500009 0.0772931203 0.0634845495 0.188999996 -0.0303063598 0.0637447983 0.190500006 0.0778123364 0.0633294061 0.190500006 0.0772931352 -0.0659949407 0.190500006 -0.0403919145 -0.0529186763 0.189221144 0.0846936405 -0.0520208403 0.199373811 0.0847379193 -0.0530244634 0.189212784 0.0739049613 0.058813177 0.188999996 -0.0308450405 0.0588801652 0.190500006 -0.0297676884 0.0588801652 0.188999996 -0.0278889704 0.0575422719 0.190500006 -0.0278629865 -0.0596688725 0.190500006 -0.0295176841 -0.0613235757 0.188999996 -0.0329861194 0.0565631054 0.190500006 -0.0322110578 0.0580914915 0.188999996 -0.0325304456 0.0548625141 0.188999996 -0.0389565788 -0.0615903959 0.190500006 -0.0334250592 0.0633294061 0.188999996 -0.0341331922 0.0629835948 0.190500006 -0.0131088439 -0.0381176397 0.20100002 -0.0116714882 -0.038195733 0.199500009 0.0769177303 -0.0573729128 0.188999996 0.00645929063 0.000386260246 0.199500009 -0.0403063595 -0.0531533249 0.200719133 0.0846936405 -0.0529900566 0.200817838 -0.014999589 -0.0397996791 0.199500009 -0.0149073591 -0.0400639623 0.20100002 0.0739049539 -0.0564368293 0.188999996 -0.0131088439 0.0356072411 0.199500009 0.0339435972 0.0362697318 0.199500009 0.0333285183 0.0356853381 0.20100002 0.0563847609 0.000560761429 0.199500009 0.0313587636 -0.038195733 0.20100002 0.032181263 -0.0379753485 0.199500009 -0.0105476547 0.0381684266 0.20100002 -0.0103131337 0.0372892804 0.199500009 -0.0331593454 0.00803043041 0.20100002 -0.0178168193 0.00751057314 0.199500009 -0.012371161 -0.00605686475 0.199500009 0.0302349348 -0.0397738554 0.199500009 -0.0373774283 -0.0131841311 0.200625017 0.0313587636 0.0356853344 0.199500009 -0.0373774245 0.0106737297 0.200625017 -0.0332185514 0.00813268591 0.199500009 0.0846936405 -0.00994798541 0.199499995 -0.0403343104 -0.0540697016 0.190583348 -0.0403063595 -0.0519625954 0.199402466 -0.0398909673 -0.0171364956 0.20100002 -0.0400461107 -0.0176557098 0.199500009 -0.039890971 0.0146260951 0.199500009 -0.00210636063 0.0487448014 0.199499995 -0.0105476547 -0.0406788252 0.199500009 0.0345946401 -0.0400639623 0.199500009 -0.0403506346 0.0505140647 0.189212784 -0.0400461107 0.0151453102 0.20100002 0.0109477863 -0.00467592664 0.199500009 -0.0278629865 0.0571584739 0.188999996 -0.0123055065 -0.0643690601 0.156748727 -0.0108647365 -0.0642993078 0.142264783 -0.0109857693 -0.0644859299 0.156282738 -0.0103947222 -0.035259001 0.142584085 -0.0110117523 -0.0352769457 0.142060235 -0.010857855 -0.0346852355 0.14258942 -0.0123055074 -0.0347413346 0.142251283 -0.0108655039 -0.063961409 0.156877264 -0.0123055847 -0.0348064825 0.15681386 -0.0123055847 -0.0643039197 0.14218615 -0.0103945769 -0.0639575869 0.156314582 -0.0108717978 -0.0346765853 0.156407967 -0.0105409054 -0.03513382 0.15671508 -0.0104168132 -0.0639644787 0.142606094 -0.0853063613 -0.0855000466 0.14199999 -0.0853063613 -0.0865000486 0.142999992 -0.0863063633 -0.0855000466 0.142999992 -0.0853063613 -0.0865000486 0.172999993 -0.0853063613 -0.0855000466 0.173999995 -0.0863063633 -0.0855000466 0.172999993 -0.0853063613 -0.0136103537 0.14199999 -0.0863063633 -0.0136103537 0.142999992 -0.0853063613 -0.0126103535 0.142999992 -0.0853063613 -0.0136103537 0.173999995 -0.0853063613 -0.0126103535 0.172999993 -0.0863063633 -0.0136103537 0.172999993 -0.0133063626 -0.0855000466 0.14199999 -0.0123063624 -0.0855000466 0.142999992 -0.0133063626 -0.0865000486 0.142999992 -0.0133063626 -0.0855000466 0.173999995 -0.0133063626 -0.0865000486 0.172999993 -0.0123063624 -0.0855000466 0.172999993 -0.0133063626 -0.0136103537 0.14199999 -0.0133063626 -0.0126103535 0.142999992 -0.0123063624 -0.0136103537 0.142999992 -0.0133063626 -0.0136103537 0.173999995 -0.0123063624 -0.0136103537 0.172999993 -0.0133063626 -0.0126103535 0.172999993 -0.0562261008 0.0222448017 0.0364999995 -0.0562261008 0.0212448016 0.0374999978 -0.0572260991 0.0222448017 0.0374999978 -0.0562261008 0.0212448016 0.0585000031 -0.0562261008 0.0222448017 0.0595000014 -0.0572260991 0.0222448017 0.0585000031 -0.0562261008 0.108244799 0.0364999995 -0.0572260991 0.108244799 0.0374999978 -0.0562261008 0.109244801 0.0374999978 -0.0562261008 0.108244799 0.0595000014 -0.0562261008 0.109244801 0.0585000031 -0.0572260991 0.108244799 0.0585000031 0.00977390446 0.0222448017 0.0364999995 0.0107739046 0.0222448017 0.0374999978 0.00977390446 0.0212448016 0.0374999978 0.00977390446 0.0222448017 0.0595000014 0.00977390446 0.0212448016 0.0585000031 0.0107739046 0.0222448017 0.0585000031 0.00977390446 0.108244799 0.0364999995 0.00977390446 0.109244801 0.0374999978 0.0107739046 0.108244799 0.0374999978 0.00977390446 0.108244799 0.0595000014 0.0107739046 0.108244799 0.0585000031 0.00977390446 0.109244801 0.0585000031 0.0282634776 -0.0452348255 0.14199999 0.0282634776 -0.0462348238 0.142999992 0.0272634774 -0.0452348255 0.142999992 0.0282634776 -0.0462348238 0.153999999 0.0282634776 -0.0452348255 0.155000001 0.0272634774 -0.0452348255 0.153999999 0.0282634776 0.0437730215 0.14199999 0.0272634774 0.0437730215 0.142999992 0.0282634776 0.0447730199 0.142999992 0.0282634776 0.0437730215 0.155000001 0.0282634776 0.0447730199 0.153999999 0.0272634774 0.0437730215 0.153999999 0.105834097 -0.0452348255 0.14199999 0.106834099 -0.0452348255 0.142999992 0.105834097 -0.0462348238 0.142999992 0.105834097 -0.0452348255 0.155000001 0.105834097 -0.0462348238 0.153999999 0.106834099 -0.0452348255 0.153999999 0.105834097 0.0437730215 0.14199999 0.105834097 0.0447730199 0.142999992 0.106834099 0.0437730215 0.142999992 0.105834097 0.0437730215 0.155000001 0.106834099 0.0437730215 0.153999999 0.105834097 0.0447730199 0.153999999 0.0615074523 0.0447641909 0.148003459 0.0615074523 0.0437641926 0.149003461 0.060507454 0.0447641909 0.149003461 0.0615074523 0.0437641926 0.159995779 0.0615074523 0.0447641909 0.160995781 0.060507454 0.0447641909 0.159995779 0.0615074523 0.0922703445 0.148003459 0.060507454 0.0922703445 0.149003461 0.0615074523 0.0932703465 0.149003461 0.0615074523 0.0922703445 0.160995781 0.0615074523 0.0932703465 0.159995779 0.060507454 0.0922703445 0.159995779 0.0725037828 0.0447641909 0.148003459 0.0735037848 0.0447641909 0.149003461 0.0725037828 0.0437641926 0.149003461 0.0725037828 0.0447641909 0.160995781 0.0725037828 0.0437641926 0.159995779 0.0735037848 0.0447641909 0.159995779 0.0725037828 0.0922703445 0.148003459 0.0725037828 0.0932703465 0.149003461 0.0735037848 0.0922703445 0.149003461 0.0725037828 0.0922703445 0.160995781 0.0735037848 0.0922703445 0.159995779 0.0725037828 0.0932703465 0.159995779 -0.0103947213 0.0613409989 0.142584085 -0.0110117532 0.0613230579 0.142060235 -0.010857855 0.0619147681 0.14258942 -0.0109857647 0.0321140811 0.156282738 -0.0103945779 0.0326424167 0.156314582 -0.0108655058 0.0326385982 0.156877264 -0.0123055847 0.0618586689 0.142251283 -0.0108647309 0.0617889054 0.156735241 -0.0123055074 0.061793521 0.15681386 -0.0104168104 0.0614540726 0.156393901 -0.0104168132 0.0326355249 0.142606094 -0.0108647421 0.0323006921 0.142264783 -0.0123055847 0.0322309397 0.156748727 -0.0123055065 0.0322960801 0.14218615 -0.0853063613 0.0110999551 0.14199999 -0.0853063613 0.0100999549 0.142999992 -0.0863063633 0.0110999551 0.142999992 -0.0853063613 0.0100999549 0.172999993 -0.0853063613 0.0110999551 0.173999995 -0.0863063633 0.0110999551 0.172999993 -0.0853063613 0.082989648 0.14199999 -0.0863063633 0.082989648 0.142999992 -0.0853063613 0.08398965 0.142999992 -0.0853063613 0.082989648 0.173999995 -0.0853063613 0.08398965 0.172999993 -0.0863063633 0.082989648 0.172999993 -0.0133063626 0.0110999551 0.14199999 -0.0123063624 0.0110999551 0.142999992 -0.0133063626 0.0100999549 0.142999992 -0.0133063626 0.0110999551 0.173999995 -0.0133063626 0.0100999549 0.172999993 -0.0123063624 0.0110999551 0.172999993 -0.0133063626 0.082989648 0.14199999 -0.0133063626 0.08398965 0.142999992 -0.0123063624 0.082989648 0.142999992 -0.0133063626 0.082989648 0.173999995 -0.0123063624 0.082989648 0.172999993 -0.0133063626 0.08398965 0.172999993 -0.0808260962 -0.0238552 0.0084999986 -0.0808260962 -0.0248552002 0.00949999876 -0.0818260983 -0.0238552 0.00949999876 -0.0808260962 -0.0248552002 0.0329999998 -0.0808260962 -0.0238552 0.0339999981 -0.0818260983 -0.0238552 0.0329999998 -0.0808260962 0.0213448014 0.0084999986 -0.0818260983 0.0213448014 0.00949999876 -0.0808260962 0.0223448016 0.00949999876 -0.0808260962 0.0213448014 0.0339999981 -0.0808260962 0.0223448016 0.0329999998 -0.0818260983 0.0213448014 0.0329999998 -0.0356260948 -0.0238552 0.0084999986 -0.0346260965 -0.0238552 0.00949999876 -0.0356260948 -0.0248552002 0.00949999876 -0.0356260948 -0.0238552 0.0339999981 -0.0356260948 -0.0248552002 0.0329999998 -0.0346260965 -0.0238552 0.0329999998 -0.0356260948 0.0213448014 0.0084999986 -0.0356260948 0.0223448016 0.00949999876 -0.0346260965 0.0213448014 0.00949999876 -0.0356260948 0.0213448014 0.0339999981 -0.0346260965 0.0213448014 0.0329999998 -0.0356260948 0.0223448016 0.0329999998 0.0578436404 -0.00125520001 0.200800002 0.0576125085 -0.00596002256 0.200800002 0.0569213331 -0.0106195351 0.200800002 0.0557767749 -0.0151888644 0.200800002 0.0541898571 -0.0196240041 0.200800002 0.0521758609 -0.0238822438 0.200800002 0.04975418 -0.0279225707 0.200800002 0.0469481423 -0.0317060761 0.200800002 0.0437847637 -0.0351963267 0.200800002 0.0402945168 -0.0383597016 0.200800002 0.0365110114 -0.041165743 0.200800002 0.0324706845 -0.0435874201 0.200800002 0.0282124449 -0.0456014164 0.200800002 0.0237773042 -0.0471883379 0.200800002 0.0192079749 -0.0483328924 0.200800002 0.0145484628 -0.0490240678 0.200800002 0.00984364003 -0.0492551997 0.200800002 0.00513881724 -0.0490240678 0.200800002 0.000479304552 -0.0483328924 0.200800002 -0.00409002462 -0.0471883379 0.200800002 -0.0085251648 -0.0456014164 0.200800002 -0.0127834035 -0.0435874201 0.200800002 -0.0168237314 -0.041165743 0.200800002 -0.0206072368 -0.0383597016 0.200800002 -0.0240974855 -0.0351963267 0.200800002 -0.0272608623 -0.0317060761 0.200800002 -0.0300669018 -0.0279225707 0.200800002 -0.0324885808 -0.0238822438 0.200800002 -0.034502577 -0.0196240041 0.200800002 -0.0360894948 -0.0151888644 0.200800002 -0.037234053 -0.0106195351 0.200800002 -0.0379252285 -0.00596002256 0.200800002 -0.0381563604 -0.00125520001 0.200800002 -0.0379252285 0.00344962277 0.200800002 -0.037234053 0.00810913555 0.200800002 -0.0360894948 0.0126784649 0.200800002 -0.034502577 0.0171136055 0.200800002 -0.0324885808 0.0213718433 0.200800002 -0.0300669018 0.0254121721 0.200800002 -0.0272608623 0.0291956775 0.200800002 -0.0240974855 0.0326859243 0.200800002 -0.0206072368 0.035849303 0.200800002 -0.0168237314 0.0386553407 0.200800002 -0.0127834035 0.0410770215 0.200800002 -0.0085251648 0.0430910178 0.200800002 -0.00409002462 0.0446779355 0.200800002 0.000479304552 0.0458224937 0.200800002 0.00513881724 0.0465136655 0.200800002 0.00984364003 0.0467448011 0.200800002 0.0145484628 0.0465136655 0.200800002 0.0192079749 0.0458224937 0.200800002 0.0237773042 0.0446779355 0.200800002 0.0282124449 0.0430910178 0.200800002 0.0324706845 0.0410770215 0.200800002 0.0365110114 0.0386553407 0.200800002 0.0402945168 0.035849303 0.200800002 0.0437847637 0.0326859243 0.200800002 0.0469481423 0.0291956775 0.200800002 0.04975418 0.0254121721 0.200800002 0.0521758609 0.0213718433 0.200800002 0.0541898571 0.0171136055 0.200800002 0.0557767749 0.0126784649 0.200800002 0.0569213331 0.00810913555 0.200800002 0.0576125085 0.00344962277 0.200800002 0.0596028753 0.0036456571 0.202999994 0.0598436408 -0.00125520001 0.202999994 0.0588829033 0.00849931594 0.202999994 0.0576906577 0.0132590337 0.202999994 0.056037616 0.017878972 0.202999994 0.0539397039 0.022314636 0.202999994 0.0514171198 0.0265233126 0.202999994 0.0484941639 0.0304644648 0.202999994 0.0451989807 0.0341001377 0.202999994 0.041563306 0.0373953208 0.202999994 0.03762215 0.0403182805 0.202999994 0.0334134772 0.0428408645 0.202999994 0.0289778113 0.0449387766 0.202999994 0.0243578739 0.0465918183 0.202999994 0.0195981562 0.047784064 0.202999994 0.0147444969 0.0485040359 0.202999994 0.00984364003 0.0487448014 0.202999994 0.00494278315 0.0485040359 0.202999994 8.9123896e-05 0.047784064 0.202999994 -0.00467059389 0.0465918183 0.202999994 -0.00929053128 0.0449387766 0.202999994 -0.0137261972 0.0428408645 0.202999994 -0.0179348718 0.0403182805 0.202999994 -0.0218760241 0.0373953208 0.202999994 -0.0255116988 0.0341001377 0.202999994 -0.028806882 0.0304644648 0.202999994 -0.0317298397 0.0265233126 0.202999994 -0.0342524238 0.022314636 0.202999994 -0.0363503359 0.017878972 0.202999994 -0.0380033776 0.0132590337 0.202999994 -0.0391956232 0.00849931594 0.202999994 -0.0399155952 0.0036456571 0.202999994 -0.0401563607 -0.00125520001 0.202999994 -0.0399155952 -0.00615605712 0.202999994 -0.0391956232 -0.0110097164 0.202999994 -0.0380033776 -0.0157694332 0.202999994 -0.0363503359 -0.0203893725 0.202999994 -0.0342524238 -0.0248250365 0.202999994 -0.0317298397 -0.0290337112 0.202999994 -0.028806882 -0.0329748653 0.202999994 -0.0255116988 -0.03661054 0.202999994 -0.0218760241 -0.0399057232 0.202999994 -0.0179348718 -0.0428286791 0.202999994 -0.0137261972 -0.0453512631 0.202999994 -0.00929053128 -0.0474491753 0.202999994 -0.00467059389 -0.049102217 0.202999994 8.9123896e-05 -0.0502944626 0.202999994 0.00494278315 -0.0510144345 0.202999994 0.00984364003 -0.0512552001 0.202999994 0.0147444969 -0.0510144345 0.202999994 0.0195981562 -0.0502944626 0.202999994 0.0243578739 -0.049102217 0.202999994 0.0289778113 -0.0474491753 0.202999994 0.0334134772 -0.0453512631 0.202999994 0.03762215 -0.0428286791 0.202999994 0.041563306 -0.0399057232 0.202999994 0.0451989807 -0.03661054 0.202999994 0.0484941639 -0.0329748653 0.202999994 0.0514171198 -0.0290337112 0.202999994 0.0539397039 -0.0248250365 0.202999994 0.056037616 -0.0203893725 0.202999994 0.0576906577 -0.0157694332 0.202999994 0.0588829033 -0.0110097164 0.202999994 0.0596028753 -0.00615605712 0.202999994 0.0596028753 0.0036456571 0.217999995 0.0598436408 -0.00125520001 0.217999995 0.0588829033 0.00849931594 0.217999995 0.0576906577 0.0132590337 0.217999995 0.056037616 0.017878972 0.217999995 0.0539397039 0.022314636 0.217999995 0.0514171198 0.0265233126 0.217999995 0.0484941639 0.0304644648 0.217999995 0.0451989807 0.0341001377 0.217999995 0.041563306 0.0373953208 0.217999995 0.03762215 0.0403182805 0.217999995 0.0334134772 0.0428408645 0.217999995 0.0289778113 0.0449387766 0.217999995 0.0243578739 0.0465918183 0.217999995 0.0195981562 0.047784064 0.217999995 0.0147444969 0.0485040359 0.217999995 0.00984364003 0.0487448014 0.217999995 0.00494278315 0.0485040359 0.217999995 8.9123896e-05 0.047784064 0.217999995 -0.00467059389 0.0465918183 0.217999995 -0.00929053128 0.0449387766 0.217999995 -0.0137261972 0.0428408645 0.217999995 -0.0179348718 0.0403182805 0.217999995 -0.0218760241 0.0373953208 0.217999995 -0.0255116988 0.0341001377 0.217999995 -0.028806882 0.0304644648 0.217999995 -0.0317298397 0.0265233126 0.217999995 -0.0342524238 0.022314636 0.217999995 -0.0363503359 0.017878972 0.217999995 -0.0380033776 0.0132590337 0.217999995 -0.0391956232 0.00849931594 0.217999995 -0.0399155952 0.0036456571 0.217999995 -0.0401563607 -0.00125520001 0.217999995 -0.0399155952 -0.00615605712 0.217999995 -0.0391956232 -0.0110097164 0.217999995 -0.0380033776 -0.0157694332 0.217999995 -0.0363503359 -0.0203893725 0.217999995 -0.0342524238 -0.0248250365 0.217999995 -0.0317298397 -0.0290337112 0.217999995 -0.028806882 -0.0329748653 0.217999995 -0.0255116988 -0.03661054 0.217999995 -0.0218760241 -0.0399057232 0.217999995 -0.0179348718 -0.0428286791 0.217999995 -0.0137261972 -0.0453512631 0.217999995 -0.00929053128 -0.0474491753 0.217999995 -0.00467059389 -0.049102217 0.217999995 8.9123896e-05 -0.0502944626 0.217999995 0.00494278315 -0.0510144345 0.217999995 0.00984364003 -0.0512552001 0.217999995 0.0147444969 -0.0510144345 0.217999995 0.0195981562 -0.0502944626 0.217999995 0.0243578739 -0.049102217 0.217999995 0.0289778113 -0.0474491753 0.217999995 0.0334134772 -0.0453512631 0.217999995 0.03762215 -0.0428286791 0.217999995 0.041563306 -0.0399057232 0.217999995 0.0451989807 -0.03661054 0.217999995 0.0484941639 -0.0329748653 0.217999995 0.0514171198 -0.0290337112 0.217999995 0.0539397039 -0.0248250365 0.217999995 0.056037616 -0.0203893725 0.217999995 0.0576906577 -0.0157694332 0.217999995 0.0588829033 -0.0110097164 0.217999995 0.0596028753 -0.00615605712 0.217999995 0.0591052845 0.00359664834 0.221000001 0.0593436398 -0.00125520001 0.221000001 0.0583925098 0.00840177108 0.221000001 0.0572121851 0.0131138917 0.221000001 0.0555756763 0.0176876299 0.221000001 0.0534987412 0.0220789388 0.221000001 0.0510013849 0.026245527 0.221000001 0.0481076576 0.0301472675 0.221000001 0.0448454246 0.0337465852 0.221000001 0.0412461087 0.0370088182 0.221000001 0.0373443663 0.0399025455 0.221000001 0.0331777781 0.0423999019 0.221000001 0.0287864693 0.0444768369 0.221000001 0.024212731 0.0461133458 0.221000001 0.0195006113 0.0472936705 0.221000001 0.0146954888 0.0480064452 0.221000001 0.00984364003 0.0482448004 0.221000001 0.00499179168 0.0480064452 0.221000001 0.000186669058 0.0472936705 0.221000001 -0.00452545146 0.0461133458 0.221000001 -0.00909919012 0.0444768369 0.221000001 -0.0134904981 0.0423999019 0.221000001 -0.0176570863 0.0399025455 0.221000001 -0.0215588268 0.0370088182 0.221000001 -0.0251581464 0.0337465852 0.221000001 -0.0284203775 0.0301472675 0.221000001 -0.0313141048 0.026245527 0.221000001 -0.0338114612 0.0220789388 0.221000001 -0.0358883962 0.0176876299 0.221000001 -0.0375249051 0.0131138917 0.221000001 -0.0387052298 0.00840177108 0.221000001 -0.0394180045 0.00359664834 0.221000001 -0.0396563597 -0.00125520001 0.221000001 -0.0394180045 -0.0061070486 0.221000001 -0.0387052298 -0.0109121706 0.221000001 -0.0375249051 -0.0156242913 0.221000001 -0.0358883962 -0.0201980304 0.221000001 -0.0338114612 -0.0245893393 0.221000001 -0.0313141048 -0.0287559275 0.221000001 -0.0284203775 -0.032657668 0.221000001 -0.0251581464 -0.0362569839 0.221000001 -0.0215588268 -0.0395192169 0.221000001 -0.0176570863 -0.0424129441 0.221000001 -0.0134904981 -0.0449103042 0.221000001 -0.00909919012 -0.0469872355 0.221000001 -0.00452545146 -0.0486237481 0.221000001 0.000186669058 -0.0498040728 0.221000001 0.00499179168 -0.0505168438 0.221000001 0.00984364003 -0.050755199 0.221000001 0.0146954888 -0.0505168438 0.221000001 0.0195006113 -0.0498040728 0.221000001 0.024212731 -0.0486237481 0.221000001 0.0287864693 -0.0469872355 0.221000001 0.0331777781 -0.0449103042 0.221000001 0.0373443663 -0.0424129441 0.221000001 0.0412461087 -0.0395192169 0.221000001 0.0448454246 -0.0362569839 0.221000001 0.0481076576 -0.032657668 0.221000001 0.0510013849 -0.0287559275 0.221000001 0.0534987412 -0.0245893393 0.221000001 0.0555756763 -0.0201980304 0.221000001 0.0572121851 -0.0156242913 0.221000001 0.0583925098 -0.0109121706 0.221000001 0.0591052845 -0.0061070486 0.221000001 0.0591052845 0.00359664834 0.284000009 0.0593436398 -0.00125520001 0.284000009 0.0583925098 0.00840177108 0.284000009 0.0572121851 0.0131138917 0.284000009 0.0555756763 0.0176876299 0.284000009 0.0534987412 0.0220789388 0.284000009 0.0510013849 0.026245527 0.284000009 0.0481076576 0.0301472675 0.284000009 0.0448454246 0.0337465852 0.284000009 0.0412461087 0.0370088182 0.284000009 0.0373443663 0.0399025455 0.284000009 0.0331777781 0.0423999019 0.284000009 0.0287864693 0.0444768369 0.284000009 0.024212731 0.0461133458 0.284000009 0.0195006113 0.0472936705 0.284000009 0.0146954888 0.0480064452 0.284000009 0.00984364003 0.0482448004 0.284000009 0.00499179168 0.0480064452 0.284000009 0.000186669058 0.0472936705 0.284000009 -0.00452545146 0.0461133458 0.284000009 -0.00909919012 0.0444768369 0.284000009 -0.0134904981 0.0423999019 0.284000009 -0.0176570863 0.0399025455 0.284000009 -0.0215588268 0.0370088182 0.284000009 -0.0251581464 0.0337465852 0.284000009 -0.0284203775 0.0301472675 0.284000009 -0.0313141048 0.026245527 0.284000009 -0.0338114612 0.0220789388 0.284000009 -0.0358883962 0.0176876299 0.284000009 -0.0375249051 0.0131138917 0.284000009 -0.0387052298 0.00840177108 0.284000009 -0.0394180045 0.00359664834 0.284000009 -0.0396563597 -0.00125520001 0.284000009 -0.0394180045 -0.0061070486 0.284000009 -0.0387052298 -0.0109121706 0.284000009 -0.0375249051 -0.0156242913 0.284000009 -0.0358883962 -0.0201980304 0.284000009 -0.0338114612 -0.0245893393 0.284000009 -0.0313141048 -0.0287559275 0.284000009 -0.0284203775 -0.032657668 0.284000009 -0.0251581464 -0.0362569839 0.284000009 -0.0215588268 -0.0395192169 0.284000009 -0.0176570863 -0.0424129441 0.284000009 -0.0134904981 -0.0449103042 0.284000009 -0.00909919012 -0.0469872355 0.284000009 -0.00452545146 -0.0486237481 0.284000009 0.000186669058 -0.0498040728 0.284000009 0.00499179168 -0.0505168438 0.284000009 0.00984364003 -0.050755199 0.284000009 0.0146954888 -0.0505168438 0.284000009 0.0195006113 -0.0498040728 0.284000009 0.024212731 -0.0486237481 0.284000009 0.0287864693 -0.0469872355 0.284000009 0.0331777781 -0.0449103042 0.284000009 0.0373443663 -0.0424129441 0.284000009 0.0412461087 -0.0395192169 0.284000009 0.0448454246 -0.0362569839 0.284000009 0.0481076576 -0.032657668 0.284000009 0.0510013849 -0.0287559275 0.284000009 0.0534987412 -0.0245893393 0.284000009 0.0555756763 -0.0201980304 0.284000009 0.0572121851 -0.0156242913 0.284000009 0.0583925098 -0.0109121706 0.284000009 0.0591052845 -0.0061070486 0.284000009 0.0591052845 0.00359664834 0.284999996 0.0593436398 -0.00125520001 0.284999996 0.0583925098 0.00840177108 0.284999996 0.0572121851 0.0131138917 0.284999996 0.0555756763 0.0176876299 0.284999996 0.0534987412 0.0220789388 0.284999996 0.0510013849 0.026245527 0.284999996 0.0481076576 0.0301472675 0.284999996 0.0448454246 0.0337465852 0.284999996 0.0412461087 0.0370088182 0.284999996 0.0373443663 0.0399025455 0.284999996 0.0331777781 0.0423999019 0.284999996 0.0287864693 0.0444768369 0.284999996 0.024212731 0.0461133458 0.284999996 0.0195006113 0.0472936705 0.284999996 0.0146954888 0.0480064452 0.284999996 0.00984364003 0.0482448004 0.284999996 0.00499179168 0.0480064452 0.284999996 0.000186669058 0.0472936705 0.284999996 -0.00452545146 0.0461133458 0.284999996 -0.00909919012 0.0444768369 0.284999996 -0.0134904981 0.0423999019 0.284999996 -0.0176570863 0.0399025455 0.284999996 -0.0215588268 0.0370088182 0.284999996 -0.0251581464 0.0337465852 0.284999996 -0.0284203775 0.0301472675 0.284999996 -0.0313141048 0.026245527 0.284999996 -0.0338114612 0.0220789388 0.284999996 -0.0358883962 0.0176876299 0.284999996 -0.0375249051 0.0131138917 0.284999996 -0.0387052298 0.00840177108 0.284999996 -0.0394180045 0.00359664834 0.284999996 -0.0396563597 -0.00125520001 0.284999996 -0.0394180045 -0.0061070486 0.284999996 -0.0387052298 -0.0109121706 0.284999996 -0.0375249051 -0.0156242913 0.284999996 -0.0358883962 -0.0201980304 0.284999996 -0.0338114612 -0.0245893393 0.284999996 -0.0313141048 -0.0287559275 0.284999996 -0.0284203775 -0.032657668 0.284999996 -0.0251581464 -0.0362569839 0.284999996 -0.0215588268 -0.0395192169 0.284999996 -0.0176570863 -0.0424129441 0.284999996 -0.0134904981 -0.0449103042 0.284999996 -0.00909919012 -0.0469872355 0.284999996 -0.00452545146 -0.0486237481 0.284999996 0.000186669058 -0.0498040728 0.284999996 0.00499179168 -0.0505168438 0.284999996 0.00984364003 -0.050755199 0.284999996 0.0146954888 -0.0505168438 0.284999996 0.0195006113 -0.0498040728 0.284999996 0.024212731 -0.0486237481 0.284999996 0.0287864693 -0.0469872355 0.284999996 0.0331777781 -0.0449103042 0.284999996 0.0373443663 -0.0424129441 0.284999996 0.0412461087 -0.0395192169 0.284999996 0.0448454246 -0.0362569839 0.284999996 0.0481076576 -0.032657668 0.284999996 0.0510013849 -0.0287559275 0.284999996 0.0534987412 -0.0245893393 0.284999996 0.0555756763 -0.0201980304 0.284999996 0.0572121851 -0.0156242913 0.284999996 0.0583925098 -0.0109121706 0.284999996 0.0591052845 -0.0061070486 0.284999996 0.0591052845 0.00359664834 0.297800004 0.0593436398 -0.00125520001 0.297800004 0.0583925098 0.00840177108 0.297800004 0.0572121851 0.0131138917 0.297800004 0.0555756763 0.0176876299 0.297800004 0.0534987412 0.0220789388 0.297800004 0.0510013849 0.026245527 0.297800004 0.0481076576 0.0301472675 0.297800004 0.0448454246 0.0337465852 0.297800004 0.0412461087 0.0370088182 0.297800004 0.0373443663 0.0399025455 0.297800004 0.0331777781 0.0423999019 0.297800004 0.0287864693 0.0444768369 0.297800004 0.024212731 0.0461133458 0.297800004 0.0195006113 0.0472936705 0.297800004 0.0146954888 0.0480064452 0.297800004 0.00984364003 0.0482448004 0.297800004 0.00499179168 0.0480064452 0.297800004 0.000186669058 0.0472936705 0.297800004 -0.00452545146 0.0461133458 0.297800004 -0.00909919012 0.0444768369 0.297800004 -0.0134904981 0.0423999019 0.297800004 -0.0176570863 0.0399025455 0.297800004 -0.0215588268 0.0370088182 0.297800004 -0.0251581464 0.0337465852 0.297800004 -0.0284203775 0.0301472675 0.297800004 -0.0313141048 0.026245527 0.297800004 -0.0338114612 0.0220789388 0.297800004 -0.0358883962 0.0176876299 0.297800004 -0.0375249051 0.0131138917 0.297800004 -0.0387052298 0.00840177108 0.297800004 -0.0394180045 0.00359664834 0.297800004 -0.0396563597 -0.00125520001 0.297800004 -0.0394180045 -0.0061070486 0.297800004 -0.0387052298 -0.0109121706 0.297800004 -0.0375249051 -0.0156242913 0.297800004 -0.0358883962 -0.0201980304 0.297800004 -0.0338114612 -0.0245893393 0.297800004 -0.0313141048 -0.0287559275 0.297800004 -0.0284203775 -0.032657668 0.297800004 -0.0251581464 -0.0362569839 0.297800004 -0.0215588268 -0.0395192169 0.297800004 -0.0176570863 -0.0424129441 0.297800004 -0.0134904981 -0.0449103042 0.297800004 -0.00909919012 -0.0469872355 0.297800004 -0.00452545146 -0.0486237481 0.297800004 0.000186669058 -0.0498040728 0.297800004 0.00499179168 -0.0505168438 0.297800004 0.00984364003 -0.050755199 0.297800004 0.0146954888 -0.0505168438 0.297800004 0.0195006113 -0.0498040728 0.297800004 0.024212731 -0.0486237481 0.297800004 0.0287864693 -0.0469872355 0.297800004 0.0331777781 -0.0449103042 0.297800004 0.0373443663 -0.0424129441 0.297800004 0.0412461087 -0.0395192169 0.297800004 0.0448454246 -0.0362569839 0.297800004 0.0481076576 -0.032657668 0.297800004 0.0510013849 -0.0287559275 0.297800004 0.0534987412 -0.0245893393 0.297800004 0.0555756763 -0.0201980304 0.297800004 0.0572121851 -0.0156242913 0.297800004 0.0583925098 -0.0109121706 0.297800004 0.0591052845 -0.0061070486 0.297800004 0.0566173233 0.0033516055 0.300799996 0.0568436384 -0.00125520001 0.300799996 0.0559405498 0.00791404489 0.300799996 0.0548198372 0.01238818 0.300799996 0.0532659777 0.0167309213 0.300799996 0.0512939394 0.0209004469 0.300799996 0.0489227101 0.0248566009 0.300799996 0.0461751297 0.0285612848 0.300799996 0.0430776589 0.0319788195 0.300799996 0.039660126 0.0350762904 0.300799996 0.0359554403 0.0378238708 0.300799996 0.0319992863 0.0401951 0.300799996 0.0278297607 0.0421671383 0.300799996 0.0234870203 0.0437209941 0.300799996 0.0190128852 0.0448417068 0.300799996 0.0144504458 0.045518484 0.300799996 0.00984364003 0.0457447991 0.300799996 0.00523683429 0.045518484 0.300799996 0.000674394891 0.0448417068 0.300799996 -0.00379973976 0.0437209941 0.300799996 -0.00814248156 0.0421671383 0.300799996 -0.0123120062 0.0401951 0.300799996 -0.0162681602 0.0378238708 0.300799996 -0.019972844 0.0350762904 0.300799996 -0.0233903788 0.0319788195 0.300799996 -0.0264878515 0.0285612848 0.300799996 -0.0292354319 0.0248566009 0.300799996 -0.0316066593 0.0209004469 0.300799996 -0.0335786976 0.0167309213 0.300799996 -0.0351325572 0.01238818 0.300799996 -0.0362532698 0.00791404489 0.300799996 -0.0369300433 0.0033516055 0.300799996 -0.0371563584 -0.00125520001 0.300799996 -0.0369300433 -0.00586200552 0.300799996 -0.0362532698 -0.0104244454 0.300799996 -0.0351325572 -0.0148985796 0.300799996 -0.0335786976 -0.0192413218 0.300799996 -0.0316066593 -0.0234108474 0.300799996 -0.0292354319 -0.0273670014 0.300799996 -0.0264878515 -0.0310716853 0.300799996 -0.0233903788 -0.0344892181 0.300799996 -0.019972844 -0.0375866927 0.300799996 -0.0162681602 -0.0403342731 0.300799996 -0.0123120062 -0.0427054986 0.300799996 -0.00814248156 -0.0446775369 0.300799996 -0.00379973976 -0.0462313965 0.300799996 0.000674394891 -0.0473521091 0.300799996 0.00523683429 -0.0480288826 0.300799996 0.00984364003 -0.0482552014 0.300799996 0.0144504458 -0.0480288826 0.300799996 0.0190128852 -0.0473521091 0.300799996 0.0234870203 -0.0462313965 0.300799996 0.0278297607 -0.0446775369 0.300799996 0.0319992863 -0.0427054986 0.300799996 0.0359554403 -0.0403342731 0.300799996 0.039660126 -0.0375866927 0.300799996 0.0430776589 -0.0344892181 0.300799996 0.0461751297 -0.0310716853 0.300799996 0.0489227101 -0.0273670014 0.300799996 0.0512939394 -0.0234108474 0.300799996 0.0532659777 -0.0192413218 0.300799996 0.0548198372 -0.0148985796 0.300799996 0.0559405498 -0.0104244454 0.300799996 0.0566173233 -0.00586200552 0.300799996 -0.0277049597 -0.0054428596 0.197300002 -0.0277049597 0.00293245935 0.107300006 -0.0278332066 -0.00488688936 0.107300006 -0.0166077651 0.00293245981 0.197300002 -0.0172498208 0.00313704181 0.107300006 -0.0212210156 0.00526331551 0.107300006 -0.023091713 0.00526331551 0.197300002 -0.023091713 -0.007773716 0.107300006 -0.017594073 -0.0062151649 0.107300006 -0.0212210156 -0.007773716 0.197300002 -0.0278332066 0.00237648911 0.197300002 -0.0164795183 -0.0048868903 0.197300002 -0.0155744562 -0.00104441226 0.107300006 0.029273903 -0.0717552006 0.0420200005 0.029273903 -0.0727552027 0.0430199988 0.0282739028 -0.0717552006 0.0430199988 0.029273903 -0.0727552027 0.0563200004 0.029273903 -0.0717552006 0.0573199987 0.0282739028 -0.0717552006 0.0563200004 0.029273903 0.0262448061 0.0420200005 0.0282739028 0.0262448061 0.0430199988 0.029273903 0.0272448063 0.0430199988 0.029273903 0.0262448061 0.0573199987 0.029273903 0.0272448063 0.0563200004 0.0282739028 0.0262448061 0.0563200004 0.114273883 -0.0717552006 0.0420200005 0.115273885 -0.0717552006 0.0430199988 0.114273883 -0.0727552027 0.0430199988 0.114273883 -0.0717552006 0.0573199987 0.114273883 -0.0727552027 0.0563200004 0.115273885 -0.0717552006 0.0563200004 0.114273883 0.0262448061 0.0420200005 0.114273883 0.0272448063 0.0430199988 0.115273885 0.0262448061 0.0430199988 0.114273883 0.0262448061 0.0573199987 0.115273885 0.0262448061 0.0563200004 0.114273883 0.0272448063 0.0563200004 0.0293738898 -0.0740052015 0.057319995 0.0293738898 -0.0750052035 0.0583199933 0.0283738896 -0.0740052015 0.0583199933 0.0293738898 -0.0750052035 0.0823199898 0.0293738898 -0.0740052015 0.0833199918 0.0283738896 -0.0740052015 0.0823199898 0.0293738898 0.0284947921 0.057319995 0.0283738896 0.0284947921 0.0583199933 0.0293738898 0.0294947922 0.0583199933 0.0293738898 0.0284947921 0.0833199918 0.0293738898 0.0294947922 0.0823199898 0.0283738896 0.0284947921 0.0823199898 0.114473887 -0.0740052015 0.057319995 0.115473889 -0.0740052015 0.0583199933 0.114473887 -0.0750052035 0.0583199933 0.114473887 -0.0740052015 0.0833199918 0.114473887 -0.0750052035 0.0823199898 0.115473889 -0.0740052015 0.0823199898 0.114473887 0.0284947921 0.057319995 0.114473887 0.0294947922 0.0583199933 0.115473889 0.0284947921 0.0583199933 0.114473887 0.0284947921 0.0833199918 0.115473889 0.0284947921 0.0823199898 0.114473887 0.0294947922 0.0823199898 0.0335642621 -0.0673795268 0.0420199968 0.0315339491 -0.0671799034 0.0380199999 0.030338889 -0.0691692084 0.042019967 0.0309025496 -0.0677012801 0.0410199985 0.0305492058 -0.0693845898 0.0380199999 0.0328367986 -0.0703599975 0.0380199999 0.0333497897 -0.0701009929 0.0420199968 0.0336452611 -0.0698091239 0.0410199985 0.0339896753 -0.0681383163 0.0380199999 0.0313543342 -0.0700952634 0.0600839965 0.033751417 -0.068644613 0.0599805377 0.032053113 -0.0672678873 0.0599717759 0.112523906 -0.0665901303 0.0420200005 0.110023908 -0.0665901303 0.0380199999 0.109989338 -0.0675593242 0.0420200042 0.110444792 -0.0702715889 0.0420200117 0.110932998 -0.0713139102 0.0380199999 0.112349786 -0.0701009929 0.0420199968 0.112779506 -0.0685466826 0.0410199985 0.111175179 -0.0703386366 0.0410199985 0.109811902 -0.06867937 0.0410199985 0.112551123 -0.0672890022 0.0380199999 0.111065425 -0.0672495961 0.0410199985 0.109596461 -0.0683107078 0.0380199999 0.113000073 -0.0686760843 0.0380199999 0.111372672 -0.0703386366 0.0380199999 0.10877391 -0.0687551945 0.0420200005 0.113773905 -0.0687551945 0.0420200005 0.1112324 -0.0702173635 0.0599545874 0.110616893 -0.0673780739 0.0599896759 0.109931961 -0.0692706928 0.0599660166 0.112607054 -0.0693078488 0.0599407218 0.112267353 -0.0674003288 0.0420199931 0.112490527 -0.0679674521 0.0599441752 0.110452063 0.021284489 0.0420200713 0.112523906 0.021079734 0.0380199999 0.112523906 0.021079734 0.0420200005 0.112463385 0.0221949685 0.0380199999 0.112463377 0.0242946297 0.0410199985 0.112301379 0.024587689 0.0380199999 0.112564363 0.0226195045 0.0599800386 0.113020085 0.0233785193 0.0420200042 0.113773905 0.0232447982 0.0380199999 0.110086985 0.0220211428 0.0380199999 0.110356696 0.0220327582 0.0410199985 0.112057716 0.0245656595 0.0599709786 0.1106131 0.0247771535 0.0420200229 0.110436544 0.0247408412 0.0380199999 0.110061839 0.0241619907 0.0410199985 0.112523906 0.0254098624 0.0420200005 0.110932626 0.0217704158 0.0599529669 0.110086992 0.0221635494 0.042019967 0.108887546 0.0242289193 0.0420200042 0.109855518 0.0238134786 0.0599661656 0.112254068 0.0221573934 0.0410199985 0.10877391 0.0232447982 0.0380199999 0.0339647979 0.0230099875 0.0380199999 0.0332799666 0.0245590936 0.0410199985 0.032788638 0.0247454867 0.0380199999 0.0311949737 0.0218524113 0.0420200005 0.0328975581 0.0216243155 0.0380199999 0.0333497897 0.0218990128 0.0420199968 0.0308100432 0.0230360255 0.0599562749 0.0316131115 0.0247771535 0.0420200229 0.0309521891 0.0238743089 0.0410199985 0.0305295065 0.0232430212 0.0380199999 0.0324468017 0.0217476077 0.0599461868 0.0337032601 0.0230730735 0.0599625036 0.0328923166 0.0245922022 0.0599677116 0.0340372436 0.023428848 0.0420200042 0.0335239135 0.0254098624 0.0380199999 0.0335239135 0.0254098624 0.0420200005 0.0313567035 0.0220327415 0.0410199985 0.0332540795 0.0221573934 0.0410199985 0.0310239159 0.0254098624 0.0380199999 0.0298875533 0.0242289193 0.0420200042 0.0310239159 0.021079734 0.0380199999 0.0314380191 0.0243609641 0.0599687099 0.104773901 -0.0740052015 0.0395199992 0.0508488975 -0.0750052035 0.0395199992 0.0508488975 -0.0740052015 0.0395199992 0.0268738978 -0.0750052035 0.0430200025 0.0421739183 -0.0750344619 0.0574419759 0.117073901 -0.0750052035 0.0575202033 0.116562001 -0.0739883557 0.0573383681 0.117524542 -0.0745413154 0.0573384129 0.0457404964 0.0245733857 0.0583343506 0.0469188206 0.0250841361 0.0593260266 0.0475629307 0.0233780649 0.0593339242 0.116220258 -0.0750052035 0.0861949399 0.117495142 0.0295947939 0.0849445388 0.116119243 0.0295947939 0.086207211 0.117573909 -0.00840519276 0.0394203998 0.11714533 0.011594804 0.0394204035 0.117555708 0.0290245134 0.0573602021 0.0368755274 -0.0131751187 0.0852241889 0.03773579 -0.0141204763 0.0853002518 0.02817389 -0.0177052021 0.0852202028 0.101973914 0.0296466444 0.0576063506 0.041973915 0.0295947939 0.0573201999 0.041973915 0.02876205 0.059173163 0.117358588 0.0294273235 0.0380201973 0.0932989046 0.0290947929 0.0395202003 0.0270738956 0.0285947919 0.0523202047 0.0269738995 0.0295947939 0.0430202 0.0269738995 0.0285947919 0.0430202 0.0266739093 0.0284948051 0.0414204001 0.0271739028 0.0135948071 0.0414204001 0.0261739157 0.0135948071 0.0414204001 0.0449739061 0.0215947926 0.0583200008 0.0989738926 0.0215947926 0.0593199991 0.0449739061 0.0215947926 0.0593199991 0.0375968367 -0.0129381521 0.0806744769 0.0378738903 -0.00700685568 0.0859970599 0.037833035 -0.0132505978 0.0862182602 0.11642997 0.0295947939 0.0849940255 0.116564006 0.0285759158 0.0573319644 0.116573893 -0.00840519276 0.0394203998 0.0368752889 -0.0431751013 0.0852224231 0.0368739031 -0.0511406586 0.0851475894 0.0273461938 -0.0750052035 0.0850744098 0.108599946 -0.0129338056 0.0809577554 0.108873896 -0.0061063976 0.0850719959 0.108625136 -0.0136252409 0.0852102786 0.0486780219 0.0270483103 0.0583707988 0.0487326235 0.0258493219 0.059340246 0.0963540971 0.0223195516 0.0583290346 0.0982072875 0.0246162098 0.0583343618 0.0989738926 0.0215947926 0.0583200008 0.108599946 -0.0579338111 0.0809577554 0.0378738903 -0.0520068593 0.0859970599 0.0375968367 -0.0579381585 0.0806744769 0.0501727611 0.0232075304 0.0583441816 0.117073901 -0.00840519276 0.0380199999 0.0508488975 -0.0745052025 0.0380199663 0.0379242823 -0.0141815916 0.08620774 0.107823938 -0.0141908582 0.0861966237 0.108873896 -0.0511396714 0.0851546675 0.108705103 -0.0584714785 0.0852095634 0.0266739093 0.0284948051 0.0574202053 0.0271739028 0.0288614687 0.0518201999 0.0261739157 0.0292281304 0.0518201999 0.09820728 -0.0699837655 0.0583343692 0.0963848531 -0.0687884539 0.0593339279 0.0967008993 -0.0678929687 0.0583242588 0.102173887 -0.0750619993 0.057517644 0.0421739183 -0.0736820325 0.0592738315 0.047246892 0.0224825572 0.0583242588 0.108599946 -0.027933808 0.0809577554 0.0378738903 -0.0220068563 0.0859970599 0.0375968367 -0.0279381555 0.0806744769 0.0451739095 -0.0670052022 0.0593199991 0.099173896 -0.0670052022 0.0583200008 0.0451739095 -0.0670052022 0.0583200008 0.0940040275 -0.0714564994 0.0583235249 0.0967048779 -0.0711156875 0.0593631938 0.0963541046 -0.0722804442 0.0583290383 0.041973915 0.0284987874 0.0580181479 0.0266739093 0.0290947929 0.0380201899 0.102173887 -0.0738437027 0.0580897667 0.107873909 -0.0220898185 0.0860471204 0.037833035 -0.0582506023 0.0862182602 0.0934588313 0.0238639172 0.0583462976 0.0963276923 0.0233320501 0.0593379475 0.037833035 -0.0282505993 0.0862182602 0.048786588 -0.0677261204 0.0583315901 0.0494721793 -0.0699932724 0.0593270995 0.0478168093 -0.0686492696 0.0593499653 0.0266739093 -0.0739051998 0.038020201 0.0271739028 -0.0739051998 0.0431202017 0.0261739157 -0.0739051998 0.0431202017 0.0266739093 -0.0750052035 0.0431202017 0.0271739028 -0.0746385381 0.0520202033 0.0261739157 -0.0742718652 0.0520202033 0.0938991383 -0.0685051382 0.0583372004 0.0268738978 -0.0740052015 0.0523199998 0.0268738978 -0.0740052015 0.0430200025 0.0965111554 0.025836248 0.0593909696 0.0956169143 0.0270475894 0.0583499037 0.0470716134 -0.0722600222 0.0583597012 0.0474391282 -0.071242258 0.0593951307 0.0505051352 -0.0705252215 0.0583399236 0.0377526842 -0.059155006 0.0852992013 0.0368755274 -0.0581751242 0.0852241889 0.107933111 -0.0583364777 0.0862119198 0.0421739183 -0.0700051934 0.0583200008 0.0421739183 -0.0700051934 0.0593199991 0.037833035 -0.0432506017 0.0862182602 0.0377526842 -0.0441550054 0.0852992013 0.0375968367 -0.0429381579 0.0806744769 0.108873896 -0.0360905193 0.0851341933 0.108599946 -0.0429338105 0.0809577554 0.107932456 -0.043336384 0.0862139091 0.108704545 -0.0434714146 0.0852120519 0.0266739093 -0.0739051998 0.0574202053 0.0271739028 -0.0624051988 0.0394203998 0.0262443591 0.0295947939 0.0848680511 0.0264739059 -0.0745052025 0.0380199887 0.03773579 -0.0291204788 0.0853002518 0.0368753746 -0.0281751063 0.0852230489 0.108625434 -0.0286252704 0.0852089599 0.108873896 -0.0211418848 0.0851387978 0.107933111 -0.0283364784 0.0862119198 0.0944626108 0.0243693572 0.0593358465 0.10691911 0.00191192143 0.0822465941 0.107850857 0.00223042094 0.0813390538 0.106879584 0.00173932232 0.0861884356 0.107865192 0.00154175097 0.0852260143 0.0264739059 -0.0745052025 0.0573199987 0.0268738978 -0.0750052035 0.0523199998 0.0368739031 0.00179480086 0.0822202042 0.0363741443 0.000791272265 0.0803579912 0.0366239063 0.000794798834 0.0852202028 0.035873916 0.00809757505 0.0852202028 0.0368739031 0.00779479789 0.0862201974 0.0368739031 0.000794798834 0.0862201974 0.107873909 0.0011281328 0.0862201974 0.107933111 -0.0133364759 0.0862119198 0.0379242823 -0.029181594 0.08620774 0.0276055336 0.0295947939 0.0861942992 0.0378738903 -0.0370068587 0.0859970599 0.107823521 -0.04419275 0.0861965865 0.0379237495 -0.044177305 0.0862092525 0.104773901 -0.0750052035 0.0395199992 0.104773901 -0.0745052025 0.0380199999 0.117379345 -0.0748106465 0.0380199999 0.107873909 0.00809757505 0.0852202028 0.0492935143 0.0239629764 0.0593248494 0.0421739183 -0.0738568455 0.0581063628 0.0368739031 -0.036140658 0.0851475894 0.107873909 -0.0070898179 0.0860471204 0.106873892 0.00779479789 0.0862201974 0.117503464 -0.0750052035 0.084867999 0.117073901 0.0295947939 0.0575202033 0.117073901 0.011594804 0.038020201 0.115573905 -0.0177052021 0.0852202028 0.0273550283 0.0295947939 0.0850390643 0.0368739031 -0.00613885559 0.0851604939 0.0266739093 0.0295947939 0.0574202053 0.101973914 0.0284447521 0.0581107289 0.0785989091 0.0290947929 0.0380201675 0.0785989091 0.0290947929 0.0395202003 0.0268739033 0.0295947939 0.0523202047 0.0932989046 0.0290947929 0.0380201675 0.0266739093 0.0290947929 0.0573201999 0.116396151 -0.0750052035 0.0850898549 0.101973914 0.0280719418 0.0592981614 0.101973914 0.0245947912 0.0587485731 0.0419738926 0.0245948657 0.0587485656 0.107873909 -0.0520846024 0.0860845223 0.107825585 -0.0591929071 0.0861861929 0.0265382063 -0.0750052035 0.0859844685 0.0379234329 -0.0591773354 0.0862078071 0.116552375 0.0285780504 0.038020201 0.116554447 -0.0739857331 0.0380199999 0.0460638478 -0.0688698292 0.058332447 0.0368739031 -0.0211483669 0.0850923285 0.107823938 -0.0291908588 0.0861966237 0.0266739093 -0.0750052035 0.0574202053 0.099173896 -0.0670052022 0.0593199991 0.102173887 -0.0700051934 0.0588200018 0.0944031775 -0.0699163303 0.0593553148 0.102173887 -0.0736116096 0.0592727661 0.0261739157 -0.0624051988 0.0394203998 0.0266739093 -0.0624051988 0.038020201 0.0266739093 0.0135948081 0.0394204035 0.0263405796 0.0293197967 0.0431202017 0.0271739028 0.0284948051 0.0431202017 0.107873909 -0.037089821 0.0860471204 -0.131358176 -0.0192001779 0.100369669 -0.0923023075 -0.0251926035 0.102302998 -0.130791008 -0.0192352682 0.102344193 -0.115887292 0.0485632084 0.149418995 -0.121272892 0.0483589694 0.140469775 -0.117747508 0.0484970808 0.150155708 -0.118278362 -0.0381637141 0.142849579 -0.119866699 -0.0367535241 0.144333273 -0.120006919 -0.0405217558 0.143948004 -0.115887292 -0.0510736071 0.149418995 -0.121272899 -0.050869368 0.140469775 -0.119417205 -0.0507772975 0.139720634 -0.0894256532 0.00524825184 0.102302998 -0.0894930214 -0.00790459663 0.100302994 -0.0896389633 0.00546155358 0.100302994 -0.142710894 0.0342431255 0.075721778 -0.144846961 0.0339831449 0.0757005364 -0.144228891 0.0368914045 0.0773987025 -0.138283014 -0.0436685644 0.0878872424 -0.14312239 -0.0507547967 0.0804387704 -0.14134419 -0.0508888289 0.0794767439 -0.113419227 0.0305964872 0.156199917 -0.117722258 0.0219420251 0.150225073 -0.116526611 0.0190215614 0.147662491 -0.116091803 0.0459253006 0.154704705 -0.114233389 0.0458640233 0.153963059 -0.148282841 0.0460933782 0.0662605464 -0.144885555 0.0484798998 0.0697468817 -0.146543264 0.0456845947 0.0651923716 -0.0890675336 0.0192996264 0.102302998 -0.0893899798 0.020263914 0.100302994 -0.0921269804 0.0225824974 0.102302998 -0.117945187 -0.0408914946 0.143764973 -0.118718117 -0.0401117615 0.147488981 -0.116937041 -0.0403047204 0.14653483 -0.132059202 0.0187448002 0.10498704 -0.133938581 0.0167447999 0.105671078 -0.133938581 0.0187448002 0.105671078 -0.147393391 0.0408300348 0.0628566965 -0.149259418 0.028779665 0.0635774583 -0.149238884 0.0412466228 0.0636338443 -0.122415178 0.0411581658 0.131483763 -0.119417205 0.0482669026 0.139720634 -0.14134419 0.0483784303 0.0794767365 -0.146622479 0.0485789776 0.070822373 -0.14312239 0.0482443981 0.0804387704 -0.1013816 0.0106167868 0.100302994 -0.100644812 0.00635274779 0.102302998 -0.100560091 0.00639660191 0.100302994 -0.0894930214 0.0120954039 0.100302994 -0.133933976 0.0351424925 0.0998361111 -0.132444724 0.0336090811 0.109775446 -0.130132854 0.0336090811 0.110279605 -0.1303491 -0.0360558219 0.109685503 -0.133445263 -0.0361059047 0.10702651 -0.135096133 -0.038642928 0.0966431424 -0.14927277 -0.0433404408 0.0635407418 -0.147386432 -0.031445343 0.0628758371 -0.147359505 -0.0437569842 0.0629497916 -0.143468797 -0.041158013 0.0736394525 -0.145798355 -0.0376999788 0.0730866268 -0.145415157 -0.0409308523 0.0741394833 -0.119880944 0.00930664502 0.144294143 -0.0892628059 -0.0226177629 0.100302994 -0.0891466141 -0.0219544116 0.102302998 -0.113380045 -0.033287216 0.156307578 -0.115189582 -0.0435386747 0.157183543 -0.113332815 -0.0435946919 0.156437367 -0.142422736 0.0369546078 0.0765134469 -0.143926963 0.0369546041 0.0723806024 -0.145261511 0.0385064557 0.0745616108 -0.145879582 0.0355981961 0.0728634447 -0.143174857 0.0386196151 0.0744470358 -0.11842481 -0.00188742671 0.142447218 -0.120128341 -0.00769017544 0.143614411 -0.117159091 -0.018492179 0.145924762 -0.125602081 0.0361325108 0.122727804 -0.128643602 0.0351424925 0.120218933 -0.125293434 0.0391590409 0.12942344 -0.113310196 0.0410282537 0.156499505 -0.115252778 0.0308922902 0.1570099 -0.116792686 0.0374781899 0.14693144 -0.119967468 0.0381904766 0.14405641 -0.117929451 0.0383014567 0.143808186 -0.133915186 -0.0205684081 0.105738856 -0.146583408 -0.0285405777 0.0650821179 -0.149027914 -0.029502159 0.0642135069 -0.146583408 0.0260301791 0.0650821179 -0.116819926 -0.0375677906 0.146856591 -0.10111095 0.0108928531 0.102302998 -0.0895636752 0.0121660652 0.102302998 -0.1013816 -0.00938321464 0.100302994 -0.146690294 -0.0510736071 0.0706360489 -0.146403462 -0.0486037843 0.0655765161 -0.144830063 -0.0510074794 0.069899343 -0.100644812 -0.0136472527 0.102302998 -0.0896389633 -0.0145384474 0.100302994 -0.100560091 -0.0136033986 0.100302994 -0.10111095 -0.00910714734 0.102302998 -0.0895636752 -0.00783393625 0.102302998 -0.143741116 0.0345891565 0.0728912205 -0.147355452 0.0287519917 0.0629609376 -0.148422658 -0.0481950007 0.0658764243 -0.128643602 -0.0376528911 0.120218933 -0.143174857 -0.0363803841 0.0744470358 -0.144846961 -0.0364935435 0.0757005364 -0.116174124 -0.0486037694 0.154478535 -0.114154927 -0.0481950045 0.154178619 -0.117730618 -0.0364935435 0.144354522 -0.122415178 -0.0436685644 0.131483763 -0.125472292 -0.0413114578 0.128931999 -0.125602067 -0.0386429243 0.122727856 -0.143926963 -0.0380453989 0.0723806098 -0.142331168 -0.0387552008 0.0767650381 -0.134058431 -0.0192551985 0.10299477 -0.133923247 0.0167447999 0.102647148 -0.132287756 0.0167447999 0.104250245 -0.130685046 0.0167172421 0.102331772 -0.131238326 0.016716063 0.100374192 -0.118836462 -0.0370995514 0.147163823 -0.144228891 -0.0394018032 0.0773987025 -0.148468092 0.0261056144 0.0657515973 -0.137478352 0.0394405536 0.0900980532 -0.13812387 0.0373098031 0.0941720828 -0.118437864 -0.0215865355 0.148258984 -0.115290925 -0.0332179032 0.1569051 -0.0931311548 0.0227420293 0.100302994 -0.0894256532 -0.0147517491 0.102302998 -0.117900349 0.00922630262 0.143888146 -0.0929757208 -0.0251981597 0.100302994 -0.117747508 -0.0510074832 0.150155693 -0.138984665 -0.0413114503 0.0918071046 -0.117162436 0.034069147 0.145915568 -0.118267462 0.0351895839 0.142879531 -0.119866699 0.0342431255 0.144333273 -0.118718117 0.0348882377 0.147488981 -0.115212202 0.0410843231 0.157121405 -0.118816428 0.0377943218 0.147218868 -0.132059202 -0.0212551989 0.10498704 -0.132257402 -0.0192551985 0.104413323 0.102261059 -0.0023672455 0.142000005 0.10209737 -0.00233612745 0.140000015 0.10209737 -0.000174272689 0.142000005 -0.03799266 0.0254310928 0.142000005 -0.0431834199 0.0219627284 0.140000001 -0.0431834199 0.0219627284 0.142000005 -0.00459672045 -0.0477427654 0.188999996 -0.00145866093 -0.0487526208 0.187000006 -0.00127886469 -0.0490400903 0.188999996 -0.0509189889 -0.0167757254 0.140000015 -0.0494339429 -0.0180238411 0.142000005 -0.0491787829 -0.0180238411 0.140000015 0.0594787784 -0.0420560837 0.142000005 0.0526489578 -0.0385761149 0.140000001 0.0526489578 -0.0385761149 0.142000005 0.103928737 -0.0904806256 0.143999994 0.102353871 -0.0887383297 0.143999994 0.101681098 -0.0915766507 0.143999994 -0.0554292984 0.0219627284 0.142000005 -0.0606200732 0.0254310928 0.140000001 -0.0606200732 0.0254310928 0.142000005 -0.0453521721 -0.0831626281 0.140000015 -0.0477107465 -0.081131272 0.140000015 -0.0486977734 -0.083795689 0.140000015 0.10619729 -0.0898575634 0.142000005 0.106555693 -0.0902159661 0.136999995 0.106665328 -0.0913639441 0.142000005 0.123351611 0.086803928 0.0980000049 0.122444861 0.0891861245 0.0960000008 0.122806154 0.0897995457 0.0980000049 0.124277614 0.09001562 0.0960000008 0.125673175 0.0887741148 0.0980000049 -0.0490203761 -0.0837806165 0.137500018 -0.0474724099 -0.0818648115 0.137500018 0.108693644 0.0925276205 0.143982157 0.120693639 0.0940141231 0.144585207 0.108693644 0.0941619575 0.145393595 -0.0320684239 0.0570000336 0.188999996 -0.0309365932 0.0581318662 0.187000006 -0.0297858361 0.0579824299 0.188999996 -0.0879411027 -0.0906546786 0.0980000049 -0.0744502991 -0.096430622 0.098402746 -0.0747099966 -0.0895274282 0.0980000049 -0.0453521721 0.0126373759 0.140000015 -0.0458134972 0.0115856566 0.137500018 -0.0453521721 0.0148522248 0.137500018 -0.0533110499 -0.0829632431 0.140000015 -0.0533888973 -0.0824967325 0.137500018 -0.0519887581 -0.0851109177 0.137500018 -0.03799266 -0.0703689083 0.142000005 -0.0431834199 -0.0738372728 0.140000001 -0.0431834199 -0.0738372728 0.142000005 0.104686491 0.0861135572 0.188999996 0.10379082 0.0866306797 0.187000006 0.103033692 0.0879420713 0.188999996 -0.00778520247 -0.0197777562 0.188999996 -0.00553297205 -0.0191742722 0.187000006 -0.00536937453 -0.0193378702 0.188999996 -0.0477909893 -0.0152048264 0.137500018 -0.0503017604 -0.0147712342 0.140000015 -0.0499939695 -0.0146876341 0.137500018 0.10254278 -0.0923765749 0.140000015 0.103158005 -0.0889035687 0.136999995 0.102774739 -0.0927783474 0.136999995 -0.00533825951 0.0169911589 0.188999996 -0.00671963906 0.0164896213 0.187000006 -0.00684463885 0.0165231153 0.188999996 0.0732257441 0.0553749837 0.187000006 0.0732668117 0.0551589206 0.188999996 0.0752141774 0.0547571741 0.187000006 0.0158482324 0.0375178531 0.187000006 0.00168289046 0.0372549891 0.188999996 0.0174623299 0.0372332446 0.188999996 0.0319455452 -0.00220754929 0.142000005 0.0301673673 -0.00233612978 0.140000015 0.0303310528 -0.00236724271 0.142000005 -0.0529270694 -0.0144050186 0.137500018 -0.0510548092 -0.0162127987 0.137500018 -0.0532003567 -0.0177056659 0.137500018 -0.0337633751 0.0321800262 0.142000005 -0.03799266 0.0254310928 0.140000001 -0.0453521721 -0.0809477717 0.137500018 -0.0459622927 -0.0845218152 0.137500018 -0.0648899525 -0.0632143989 0.142000005 -0.0648899525 -0.0350959972 0.140000015 -0.064641729 -0.0342652611 0.142000005 -0.0532003567 -0.014804733 0.140000015 -0.0507736057 -0.0173718333 0.140000015 0.0964036733 -0.0593499802 0.142000005 0.0949280187 -0.058349546 0.140000015 0.0948098227 -0.0578585453 0.142000005 0.116017178 0.0962091982 0.149610043 0.120693639 0.0961502194 0.144971982 0.113550961 0.0962091982 0.149181396 0.11598099 0.0942091942 0.103515349 0.115904361 0.0962091982 0.103299558 0.11348293 0.0942091942 0.103299558 0.0133436397 -0.00125520001 0.188999996 0.0125102168 -0.00366556598 0.187000006 0.0122539988 -0.00392178353 0.188999996 0.125234962 -0.0873946995 0.0960000008 0.110822879 -0.0874455795 0.0980000049 0.126446858 -0.087855041 0.0980000049 -0.0934361741 -0.0917776078 0.0980000049 -0.0921738446 -0.087855041 0.0960000008 -0.0933356956 -0.0921526104 0.0960000008 -0.070291765 0.0764174759 0.188999996 -0.0663426816 0.0806883723 0.187000006 -0.0658608004 0.0808823407 0.188999996 -0.0508512259 0.0833059251 0.140000015 -0.0503973886 0.0834617317 0.137500018 -0.0532076396 0.0811347589 0.137500018 -0.0491952822 -0.0778438449 0.140000015 -0.047736153 -0.0782079399 0.137500018 -0.051980719 -0.0788000971 0.137500018 -0.0498869903 0.0120950397 0.137500018 -0.0476712845 0.0128926393 0.140000015 -0.0476075262 0.0130281299 0.137500018 0.00908949599 0.00225930824 0.188999996 0.0122539988 0.00141138316 0.187000006 0.0125102168 0.00115516561 0.188999996 0.0964036658 0.0550500229 0.142000005 0.0947549269 0.0566987731 0.140000015 0.0948148072 0.0569222532 0.142000005 -0.047736153 0.0756975412 0.140000015 -0.0491952822 0.0753334463 0.137500018 -0.0458134934 0.077385664 0.137500018 0.113313407 0.0962091982 0.134336159 0.10869357 0.0961693302 0.138849661 0.115748748 0.0962091982 0.13485302 0.0292589124 -0.0415234342 0.140000015 -0.00987162907 -0.0415234342 0.142000005 0.0292803105 -0.0414435714 0.142000005 -0.0766508207 -0.0874986127 0.0980000049 -0.0746434405 -0.0895452574 0.0960000008 -0.0769089758 -0.0873946995 0.0960000008 -0.0500758812 -0.0177842248 0.137500018 -0.0483337045 -0.017708743 0.140000015 -0.0482245572 -0.0176294409 0.137500018 -0.00957751274 0.00728126988 0.142000005 -0.0833413228 0.00821173564 0.140000015 -0.00953471288 0.00712153828 0.140000015 -0.0792395771 -0.0967195928 0.103299558 -0.0792395771 -0.0987195969 0.134700462 -0.079395175 -0.0967195928 0.134853005 -0.047736153 0.00989753567 0.140000015 -0.0508512296 0.00998367742 0.137500018 -0.0482153706 0.00982786901 0.137500018 0.127608702 -0.0897865817 0.0960000008 -0.0532003567 0.0151952682 0.140000015 -0.0529270694 0.0155949825 0.137500018 -0.0532003567 0.0122943325 0.137500018 -0.0506957285 0.0757569522 0.140000015 -0.0526867285 0.0772134513 0.137500018 -0.0483512692 0.0151653206 0.137500018 -0.0486344695 0.0153894108 0.140000015 -0.0499939732 0.0153123662 0.137500018 0.113406301 -0.0987195969 0.134484679 0.115748748 -0.0967195928 0.13485302 0.115904354 -0.0987195969 0.134700462 -0.0508512259 0.0175059251 0.140000015 -0.047736153 0.017592065 0.137500018 -0.0510271899 0.017428739 0.137500018 -0.0482153706 0.0834617317 0.140000015 -0.0474430323 0.0832040459 0.137500018 0.0958803594 -0.056700021 0.142000005 0.0956722498 -0.0566203035 0.140000015 0.0973583981 -0.057368964 0.142000005 0.103377618 -0.0886839554 0.140000015 0.106090032 -0.0879571587 0.136999995 0.0747076198 0.0480848476 0.142000005 0.0762989596 0.0464935154 0.140000015 0.0762989596 0.0462460853 0.142000005 0.0457696132 0.0223736875 0.188999996 0.0504733436 0.012415967 0.187000006 0.0504209436 0.012153009 0.188999996 0.11363852 -0.0987195969 0.181852996 0.108693644 -0.0986672118 0.185913101 0.108693644 -0.0986688063 0.14498876 0.0326108523 0.0306988042 0.187000006 0.0339255333 0.0297200605 0.188999996 0.0476838425 -0.0130985267 0.188999996 0.0504209436 -0.0146634085 0.187000006 0.0504733436 -0.0149263684 0.188999996 -0.00569665851 0.0188568439 0.188999996 -0.00524160825 0.0171585642 0.187000006 -0.0191251673 0.0797329694 0.142000005 -0.0143449558 0.0847971812 0.140000015 -0.0143830022 0.0846551955 0.142000005 -0.012681067 0.033775188 0.142000005 -0.0120595274 0.0369948037 0.140000015 -0.0108913537 0.0385873094 0.142000005 -0.0897904709 -0.0926310495 0.0980000049 -0.0911855102 -0.0914586037 0.0960000008 -0.0913320705 -0.0908497423 0.0980000049 -0.00399594288 -0.00125520001 0.142000005 -0.00520171504 -0.00575520005 0.140000001 -0.00520171504 -0.00575520005 0.142000005 -0.0453521721 -0.0173626244 0.140000015 -0.0458134972 -0.0184143428 0.137500018 -0.0453521721 -0.0151477763 0.137500018 -0.0493738279 -0.0803075507 0.137500018 0.113406301 0.0942091942 0.134484679 0.115904354 0.0942091942 0.134700462 0.00908949599 -0.00476970896 0.187000006 0.00873949565 -0.00467592664 0.188999996 -0.0479167663 0.0784827918 0.137500018 -0.0477107465 0.0804687366 0.140000015 -0.047785081 0.0803294927 0.137500018 -0.047736153 -0.0201024637 0.140000015 -0.0508512259 -0.0200163238 0.137500018 -0.0482153706 -0.0201721303 0.137500018 0.0238264836 -0.0579947941 0.188999996 0.021996107 -0.0596872531 0.187000006 0.0216961075 -0.0597676374 0.188999996 0.108693644 -0.0970996171 0.188295752 0.120693639 -0.0986688063 0.186011255 0.120693639 -0.0963793546 0.188808337 0.0314468108 0.0369948 0.142000005 0.0320683494 0.033775188 0.140000015 0.0319477729 0.0333251916 0.142000005 -0.0722812265 -0.0918869302 0.142000005 -0.0719539598 -0.0898575634 0.136999995 -0.0720611662 -0.0900172666 0.142000005 -0.012681067 0.0157751851 0.142000005 -0.0120595274 0.0189948007 0.140000001 -0.0108913537 0.0205873083 0.142000005 0.114711203 -0.044275485 0.188999996 0.10972853 -0.00361702987 0.188999996 0.106615677 -0.00428498536 0.188999996 0.0921041369 0.067536056 0.188999996 0.0925860181 0.0677300319 0.187000006 -0.0201563612 0.0672091991 0.187000006 0.0460323617 0.0575257316 0.142000005 0.0475359373 0.0576534979 0.140000015 0.0483444743 0.0566987693 0.142000005 -0.0606200732 0.0678585097 0.142000005 -0.0554292984 0.0713268742 0.140000001 -0.0554292984 0.0713268742 0.142000005 -0.0120595274 -0.0215051994 0.142000005 -0.0125604896 -0.0178355854 0.142000005 -0.0125604905 -0.0358355865 0.142000005 -0.0906051546 -0.0895906687 0.0960000008 -0.0900046006 -0.0894131735 0.0980000049 -0.0606200732 -0.0279414915 0.142000005 -0.0554292984 -0.024473127 0.140000001 -0.0554292984 -0.024473127 0.142000005 0.108693644 0.0939419568 0.0984637365 0.10869363 0.0941873193 0.138479367 -0.00109038362 -0.0577882603 0.187000006 0.0183782559 -0.049040094 0.187000006 0.0185580514 -0.0587577783 0.187000006 0.0765347406 -0.0592154376 0.187000006 0.0765347406 -0.0585449599 0.188999996 0.0740634054 -0.0571181364 0.187000006 -0.0317742564 -0.057885386 0.188999996 -0.0290954839 -0.0574533753 0.187000006 -0.0293115508 -0.057412304 0.188999996 -0.0123621318 0.00324479979 0.188999996 -0.0111563616 -0.00125520001 0.187000006 -0.0111563616 -0.00125520001 0.188999996 -0.0606200732 -0.0279414915 0.140000001 -0.0689041689 0.0851499289 0.143999994 -0.083991617 0.0848843008 0.142000005 -0.0686017275 0.0853533298 0.142000005 -0.0744502991 0.0939380229 0.0962410569 -0.0864206254 0.0922091976 0.0960000008 -0.0864206254 0.0945892259 0.0967042521 0.108693644 -0.096448414 0.0962410495 0.120693639 -0.0947195962 0.0960000008 0.120693646 -0.0970996246 0.0967042521 -0.0918145031 0.0851198956 0.0960000008 -0.0769089833 0.0848843008 0.0980000049 -0.0921738446 0.0853446424 0.0980000049 -0.0491787829 0.0777761638 0.140000015 -0.0474652611 0.0798800364 0.142000005 -0.0475443006 0.0801750347 0.140000015 -0.00957751367 -0.00979167037 0.140000015 -0.00849594455 -0.00904942863 0.142000005 -0.0728617609 -0.0908497497 0.143999994 -0.0721348226 -0.0895906612 0.142000005 -0.0715342835 -0.0894131735 0.143999994 -0.0458134934 -0.014096057 0.140000015 -0.047736153 -0.0124079352 0.137500018 0.0174623299 -0.0397436433 0.187000006 0.032610856 -0.0332092047 0.188999996 0.0158482324 -0.0400282517 0.188999996 0.114729211 0.0418304577 0.188999996 0.120681524 0.0713068172 0.187000006 0.120663427 0.0712478533 0.188999996 -0.0661090985 -0.0833590701 0.188999996 -0.069512479 -0.0802195966 0.187000006 -0.069512479 -0.0802195966 0.188999996 0.11369364 0.00604479993 0.142000005 0.114045851 -0.0524941459 0.142000005 0.114087462 -0.0528768189 0.140000015 0.0292589106 -0.023523435 0.140000015 -0.00987162907 -0.023523435 0.142000005 0.0302786361 -0.023097707 0.142000005 0.103875533 -0.00220755697 0.142000005 0.129693642 -0.0581834018 0.142000005 0.124875851 -0.0593766756 0.140000015 0.124511428 -0.0593766756 0.142000005 -0.0431834199 0.0713268742 0.140000001 -0.0493063666 0.0725447983 0.140000001 0.104908951 -0.00280520017 0.188999996 0.104835771 -0.00312424405 0.187000006 0.104835771 0.000613843906 0.188999996 -0.0864503086 0.0941838026 0.185505629 -0.0744503066 0.0940639228 0.186146706 -0.0864503086 0.092988044 0.186940655 0.0123438686 0.041672051 0.188999996 0.02217618 0.0399383493 0.187000006 0.02217618 0.0399383493 0.188999996 -0.0164376013 0.0070751654 0.188999996 -0.0123621318 0.00324479979 0.187000006 0.104851604 -0.0926248729 0.143999994 0.103782177 -0.0910894498 0.142000005 -0.0458134972 0.015903946 0.140000015 0.116041899 0.0942091942 0.149562299 0.116041899 0.0962091982 0.181437716 0.115980998 -0.0967195928 0.181484655 0.116073892 -0.0987195969 0.181336135 0.067049697 -0.0432551987 0.142000005 0.0594787784 -0.0420560837 0.140000001 0.0320683494 -0.0542855859 0.142000005 0.0320683494 -0.0562248155 0.140000015 0.0302786361 -0.0590977073 0.142000005 0.140642539 0.0585149936 0.142000005 0.14051263 -0.0612099245 0.142000005 0.140562996 -0.0612225197 0.140000015 -0.0688546747 -0.0917267352 0.188999996 -0.0697533116 -0.0931047201 0.187000006 -0.0706831738 -0.0933795422 0.188999996 -0.0498572029 -0.0804407522 0.140000015 -0.0509189889 -0.0815346837 0.142000005 -0.0510750003 -0.0821827799 0.140000015 -0.0705539063 -0.0879571661 0.136999995 -0.0700882524 -0.0902159661 0.136999995 -0.0496618859 0.0812016428 0.142000005 -0.0503017604 0.0810287669 0.140000015 0.092352435 -0.0833590701 0.187000006 0.0923857242 -0.0832348317 0.188999996 0.0964190438 0.0576999821 0.140000015 0.0972306356 0.0573621318 0.142000005 -0.0728531331 -0.0927981138 0.187000006 -0.0730288252 -0.0926224217 0.188999996 -0.0908081234 0.0897995457 0.0980000049 -0.0902626663 0.0901144668 0.0960000008 -0.0881718397 0.0891861245 0.0980000049 0.104108743 -0.0904921591 0.142000005 0.10469 -0.0898575634 0.136999995 0.0730201453 0.046874553 0.142000005 0.073036775 0.0471201874 0.140000015 -0.079395175 0.0942091942 0.103147008 -0.0817376524 0.0962091982 0.103515342 -0.0818305463 0.0942091942 0.103663862 0.107853577 0.0889763311 0.188999996 0.107853577 0.0879420713 0.187000006 0.107096449 0.0866306797 0.188999996 -0.0510548092 0.0137872035 0.137500018 -0.0500124395 0.0121447081 0.140000015 0.108693644 -0.0968536586 0.142539918 0.120693639 -0.0958608091 0.142114267 0.120693639 -0.0985836387 0.14441818 -0.0744503066 0.0945892185 0.188295767 -0.0864503086 0.0961584076 0.186011255 -0.0864503086 0.0938689634 0.188808337 0.0133436397 -0.00125520001 0.187000006 -0.0167379323 -0.00979167037 0.187000006 -0.0618938617 -0.0107221371 0.188999996 -0.0166951325 -0.00963193923 0.188999996 -0.067437768 0.0890662521 0.143999994 -0.0700193867 0.0895266384 0.143999994 -0.0698213726 0.0875246823 0.143999994 -0.00987162907 -0.0329869688 0.140000015 0.0292589124 -0.0329869688 0.142000005 -0.00989302807 -0.0330668315 0.142000005 -0.0493063666 0.0725447983 0.142000005 -0.0431834199 0.0713268742 0.142000005 0.0764622763 0.0564973801 0.187000006 0.0759507343 0.057506118 0.188999996 0.0740634128 0.0581318699 0.187000006 -0.0744502991 0.0939202234 0.098402746 -0.0747293159 0.0869097263 0.0980000049 -0.0510750003 0.0796723813 0.142000005 -0.0509189889 0.0790242851 0.140000015 -0.0818099901 -0.0987195969 0.181342363 -0.0815698355 -0.0967195928 0.181848302 -0.0793307796 -0.0987195969 0.181848302 0.0868706033 -0.0331559516 0.142000005 0.0814504325 -0.0385761149 0.140000001 0.0814504325 -0.0385761149 0.142000005 0.122255847 0.0937030315 0.14189668 0.140586793 0.0587747879 0.140000015 0.122536913 0.0927028582 0.139982671 -0.0511474684 0.0140800336 0.140000015 -0.05073319 0.0125339264 0.142000005 -0.0486761369 0.0119827362 0.140000015 0.122454353 -0.0955906436 0.141970173 0.092352435 -0.0700801238 0.188999996 0.0957558081 -0.0732195973 0.187000006 0.0957558081 -0.0732195973 0.188999996 -0.0741011724 -0.09237656 0.140000015 -0.0705538988 -0.0939820334 0.140000015 -0.0744502991 -0.0947195962 0.140000001 0.0427786224 0.0212734565 0.142000005 0.0472287796 0.0306455381 0.140000001 0.0472287796 0.0306455381 0.142000005 -0.0705539063 0.0854467675 0.140000015 -0.073869206 0.086650461 0.136999995 -0.0693915486 0.0857903063 0.136999995 -0.0478384681 0.0127499923 0.142000005 -0.0476937369 0.0142653259 0.140000015 0.105724588 0.00150266208 0.187000006 0.108571596 0.00177458662 0.188999996 -0.0182345696 0.0732091963 0.142000005 -0.0191251673 0.074685432 0.140000015 0.0914484859 -0.0873460546 0.142000005 -0.0140611893 -0.0873460546 0.140000015 -0.014611912 -0.0871243775 0.142000005 0.114437684 0.0508767515 0.142000005 0.11869365 0.055405058 0.140000015 0.118693642 0.0554050542 0.142000005 0.0917322561 0.0847971737 0.142000005 -0.0193395279 -0.0814433619 0.142000005 -0.0182345696 -0.075719595 0.140000001 -0.0182345696 -0.075719595 0.142000005 0.0914484933 0.0695827454 0.142000005 -0.0140611995 0.0695827454 0.140000015 -0.0146119194 0.06980443 0.142000005 0.133320078 -0.0540100522 0.140000015 0.133098394 -0.0545607805 0.142000005 0.133467451 0.0512368754 0.142000005 0.0956218392 0.0812092051 0.140000015 0.0956218392 0.0812091976 0.142000005 0.0292589124 0.0124765653 0.140000015 -0.00987162907 0.0124765653 0.142000005 0.0302786361 0.0129022934 0.142000005 -0.00987163186 -0.0595234334 0.142000005 -0.0108913537 -0.0590977073 0.140000015 -0.012681067 -0.0562248155 0.142000005 -0.0702539012 0.0913912505 0.140000015 -0.0682682618 0.0894056335 0.136999995 -0.0705539063 0.0914716348 0.136999995 0.106390037 0.0913912579 0.140000015 0.108659357 0.0886911675 0.136999995 0.106090032 0.0914716423 0.136999995 0.0393520333 -0.0325322673 0.188999996 0.0313436426 -0.0384942926 0.187000006 0.0313436426 -0.0384942926 0.188999996 -0.00987162814 -0.0149869658 0.140000015 -0.009893029 -0.0150668314 0.142000005 -0.0108913537 -0.041097708 0.140000015 -0.0120595274 -0.0395051986 0.142000005 0.0965124518 0.0746854544 0.142000005 0.0919992179 0.06980443 0.140000015 0.0319477729 -0.0358355902 0.140000015 0.0320683494 -0.0362855867 0.142000005 0.124511421 0.056866277 0.140000015 0.124875851 0.056866277 0.142000005 -0.0125604896 0.0153251858 0.140000015 -0.0498869866 0.0778950378 0.137500018 -0.0483337045 0.0780912638 0.140000015 0.0292589106 -0.0509869643 0.142000005 0.0302786361 -0.0514126904 0.140000015 -0.0108913537 -0.023097707 0.140000015 -0.0682682618 -0.0919160321 0.140000015 -0.0689146444 -0.0930356085 0.136999995 -0.0682682618 -0.0900231674 0.136999995 -0.012995949 -0.0102552008 0.142000005 -0.00987162814 0.0484765656 0.142000005 -0.0108913528 0.0489022918 0.140000015 -0.012681067 0.0517751873 0.142000005 0.0292589106 0.0484765656 0.140000015 0.0302786361 0.0489022918 0.142000005 0.129693642 0.0556730032 0.142000005 0.133281603 0.0517834201 0.140000015 0.0292589106 0.0304765683 0.140000015 0.0292803086 0.0305564348 0.142000005 0.0320683494 0.0537144169 0.142000005 0.0320683494 0.0517751873 0.140000015 -0.00987162814 0.0304765683 0.142000005 -0.0125604896 0.0333251879 0.140000015 0.067049697 0.0407448001 0.142000005 0.074620612 0.0395456851 0.140000001 0.074620612 0.0395456851 0.142000005 0.102845065 -0.0878637359 0.142000005 0.105758555 -0.0892400742 0.142000005 0.0911434144 -0.0238640495 0.140000015 0.0911434144 0.0213536508 0.142000005 0.0909006819 0.0223742444 0.140000015 -0.00987162907 0.0390130356 0.140000015 0.0292589124 0.0390130356 0.142000005 -0.0897790864 0.0926772356 0.142030001 -0.0898977667 0.0853341967 0.140000001 -0.0896150321 0.014629744 0.142000005 0.0868706107 0.0306455381 0.142000005 0.0314468108 -0.0395051986 0.140000001 0.0314468108 -0.0395051986 0.142000005 -0.081737645 -0.0987195969 0.134484679 -0.0674918666 -0.0918486416 0.143999994 -0.0686017349 -0.0940754637 0.142000005 -0.0674918666 -0.0900905579 0.142000005 0.107252389 -0.0936385021 0.136999995 0.10750968 -0.0932552293 0.140000015 0.106103159 -0.0944997594 0.140000015 -0.0744503066 0.0943432674 0.142539918 -0.0864503086 0.0933504179 0.142114267 -0.0864503086 0.09607324 0.14441818 0.0956218392 -0.075719595 0.142000005 0.0967268124 -0.081443347 0.140000015 0.0965124518 -0.0822433457 0.142000005 -0.0818305388 -0.0967195928 0.134336144 -0.0818305463 -0.0987195969 0.103663862 -0.0817376524 -0.0967195928 0.103515342 -0.0694905967 0.0920611396 0.140000015 -0.0744503662 0.092739664 0.140006796 -0.0744503066 0.0922091976 0.142000005 -0.0704466626 -0.0898575559 0.142000005 0.0481583923 -0.0573689602 0.142000005 0.048030626 -0.0588725321 0.140000015 0.0475359298 -0.0591638982 0.142000005 -0.0793076381 0.0942091942 0.149181396 -0.0790454149 0.0962091982 0.181297824 -0.0793208554 0.0962091982 0.149258435 0.0912853479 -0.0470966548 0.188999996 0.0870144591 -0.0431475714 0.187000006 0.0868204907 -0.0426656827 0.188999996 0.104108743 0.0889366418 0.142000005 0.105347 0.0897990763 0.136999995 0.105837964 0.0896808878 0.142000005 0.0292589143 0.0570130348 0.142000005 0.0302786361 0.0565873086 0.140000015 0.0292589106 0.0210130364 0.142000005 0.0302786361 0.0205873083 0.140000015 0.0320683494 0.0177144147 0.142000005 0.104221955 -0.0913639441 0.136999995 0.108659357 0.0882272348 0.140000015 0.106390037 0.0855271444 0.136999995 0.0302786361 0.0385873094 0.140000015 0.0216961056 0.0452323668 0.188999996 0.0183164701 0.0464284718 0.187000006 0.0183782559 0.0465296917 0.188999996 0.02217618 -0.0424487479 0.188999996 0.0123438686 -0.0441824496 0.187000006 0.012343877 -0.0441824496 0.188999996 0.103158005 0.0863931701 0.140000015 0.10254278 0.0898661762 0.136999995 0.103377618 0.0861735567 0.136999995 0.118693642 -0.0579154529 0.142000005 -0.073869206 0.0902679414 0.140000015 -0.0734859332 0.0905252397 0.136999995 -0.0716777444 0.087124303 0.142000005 -0.0724219829 0.0880648419 0.136999995 -0.0723123476 0.0892128423 0.142000005 0.073364906 -0.0499820895 0.142000005 0.072875239 -0.0494913347 0.140000015 0.0731604919 -0.0479155369 0.142000005 0.105563477 -0.0926310495 0.142000005 0.10700006 -0.0913035795 0.142000005 0.108693637 -0.0947195962 0.142000005 -0.00932543166 0.0347361602 0.188999996 -0.00965271518 0.0327067897 0.187000006 -0.00982012227 0.032610137 0.188999996 0.0759675056 -0.0477060191 0.142000005 0.0755485743 -0.0503036156 0.140000015 0.0753342882 -0.0504273288 0.142000005 0.120500498 -0.0895452574 0.142000005 0.118493117 -0.0874986127 0.143999994 0.120433949 -0.0895274356 0.143999994 -0.00145866105 -0.058757782 0.188999996 -0.00300388597 -0.0596872494 0.187000006 -0.00489671994 -0.0596872494 0.188999996 -0.0836960301 -0.0107702343 0.140000015 -0.0891537294 -0.0161232557 0.142000005 -0.0830128565 -0.0105379391 0.142000005 -0.0491537377 0.0812497288 0.137500018 -0.0510816351 0.0800428838 0.137500018 -0.0792545527 -0.0987195969 0.149330378 -0.0816460624 -0.0967195928 0.149330378 -0.0817577615 -0.0987195969 0.149469018 -0.0510353632 0.0143853044 0.140000015 -0.033970993 -0.0640451163 0.142000005 -0.03799266 -0.0703689083 0.140000001 -0.00778520294 0.0182222463 0.188999996 -0.005864067 0.0189534966 0.187000006 0.0974895805 -0.0578585453 0.140000015 0.048030626 0.055527471 0.140000015 0.0464722514 0.0551099032 0.142000005 -0.0507173166 -0.0830243751 0.137500018 -0.0337227695 -0.0632143691 0.140000015 -0.0337227695 -0.0350960307 0.142000005 -0.0339709967 -0.0342652798 0.140000015 -0.03799266 0.0678585097 0.140000001 -0.03799266 0.0678585097 0.142000005 -0.0508512296 -0.0124940779 0.140000015 -0.0510271937 -0.0125712631 0.137500018 -0.0695795491 -0.0874455795 0.142000005 -0.070030801 -0.0873753652 0.143999994 -0.0679564625 -0.0889689252 0.143999994 -0.0817985609 0.0962091982 0.149562299 -0.0817738399 0.0942091942 0.149610043 -0.0339709967 0.0615347214 0.140000015 -0.0337227695 0.0607039668 0.142000005 -0.03799266 -0.0279414915 0.142000005 0.108972661 0.0869097114 0.0960000008 0.120693639 0.0922091976 0.0960000008 -0.0735459477 -0.0902124643 0.188999996 -0.0735210106 -0.0898440257 0.187000006 -0.0717174485 -0.0885596499 0.188999996 0.0458376519 -0.0587088428 0.140000015 0.0459973402 -0.0588160418 0.142000005 0.106378153 0.0898381248 0.143999994 0.10700006 0.0881252289 0.142000005 0.106958531 0.0879702196 0.143999994 -0.0744503066 0.0922091976 0.187000006 0.108693637 0.0922091976 0.188999996 0.108693644 0.092637226 0.187014744 -0.0864206254 0.0922091976 0.0979999974 -0.0864206254 0.0940803289 0.0988675281 -0.0304339454 0.0546011627 0.188999996 -0.0319189876 0.055849269 0.187000006 0.106390037 -0.088037543 0.140000015 0.108375698 -0.0900231898 0.136999995 -0.0480492637 0.0148811135 0.142000005 -0.00987163186 0.0570130348 0.140000015 -0.0108913537 0.0565873086 0.142000005 -0.0493063666 -0.0750551969 0.142000005 -0.0554292984 -0.0738372728 0.140000001 -0.0554292984 -0.0738372728 0.142000005 0.102774739 0.0902679488 0.140000015 -0.0865910724 0.0961834341 0.138703451 -0.0866602808 0.0942337513 0.138250247 -0.0883651823 0.0947625041 0.141078889 -0.0895553008 0.0925414711 0.140061125 -0.0744502172 0.0961637869 0.138991892 -0.0744506717 0.0944024324 0.141408011 -0.0744502321 0.0941891819 0.138417363 0.121105947 0.0941825584 0.138646811 0.12085031 0.0961982906 0.138712898 0.108693801 0.0944718048 0.141415805 0.108693637 0.0922091976 0.142000005 0.108693607 0.0926398113 0.140014082 -0.0839916319 -0.0873946995 0.143999994 0.10027048 -0.0427138209 0.188999996 0.0957019255 -0.0470966548 0.187000006 0.0969936326 -0.0463173762 0.188999996 0.0526489578 0.0360657163 0.140000001 0.0526489578 0.0360657163 0.142000005 -0.0895507708 -0.0926310569 0.0960000008 -0.0725406632 0.0873217136 0.143999994 -0.0744503066 0.0924995914 0.143949926 -0.0842497721 0.0849882141 0.143999994 0.129693642 0.0556730032 0.140000001 0.127674907 0.0893632844 0.0980000049 0.126542225 0.0853533372 0.0960000008 0.127567187 0.0897260755 0.0960000008 -0.081737645 0.0942091942 0.134484679 -0.079395175 0.0962091982 0.134853005 -0.0792395771 0.0942091942 0.134700462 -0.090961948 0.0920341015 0.0980000049 -0.0886031836 0.0872782841 0.0980000049 -0.0908081234 0.0871188417 0.0960000008 -0.0906051546 0.0870802701 0.0980000049 0.0238951854 0.0471053198 0.188999996 0.0219961051 0.0453127511 0.187000006 0.0320683494 0.0157751869 0.140000015 0.126239777 0.0851499289 0.0980000049 0.111152329 0.0848843008 0.0960000008 -0.0818305388 0.0962091982 0.134336144 -0.0792395771 0.0962091982 0.103299558 0.101820096 0.0871923268 0.142000005 0.103894167 0.0849882141 0.143999994 0.101712376 0.0875551254 0.143999994 -0.0661090985 0.0675697252 0.188999996 -0.069512479 0.0707091987 0.187000006 -0.069512479 0.0707091987 0.188999996 0.0472287796 -0.0331559367 0.142000005 0.0428228192 -0.023899667 0.140000015 0.042955976 -0.023864042 0.142000005 -0.0687903613 0.0889763311 0.188999996 -0.0687903613 0.0879420713 0.187000006 -0.0695474893 0.0866306871 0.188999996 0.0814504325 0.0360657163 0.142000005 0.0868706107 0.0306455381 0.140000001 0.110894173 0.0849882141 0.0980000049 -0.0493063666 0.0207448006 0.140000001 -0.0493063666 0.0207448006 0.142000005 -0.0500801913 0.0153402779 0.142000005 0.0204032864 -0.0477427654 0.188999996 0.0216961056 -0.0477427654 0.187000006 0.023721138 -0.0490400903 0.188999996 -0.0285377223 0.0562422201 0.188999996 -0.0301787797 0.0546011627 0.187000006 -0.0864503086 -0.0986688063 0.14498876 -0.0744503066 -0.0969947428 0.142594963 -0.0744503066 -0.0986672118 0.145086899 -0.0880153477 -0.0903775692 0.0960000008 -0.070479326 -0.0752113163 0.187000006 -0.070291765 -0.0745113194 0.188999996 -0.0474652573 -0.0159199648 0.142000005 -0.0475443006 -0.0156249721 0.140000015 0.106090032 0.0854467601 0.140000015 0.113406293 0.0962091982 0.103515342 0.121061094 -0.0986041576 0.139509916 0.121051237 -0.0967114344 0.138705596 0.122498736 -0.0952166319 0.139971241 0.10869357 -0.0986761674 0.138963237 0.108693764 -0.0969506726 0.141372502 0.108693562 -0.0952688232 0.140009478 0.108693592 -0.0966963097 0.138428956 -0.0898372531 -0.095299378 0.141994044 -0.089818269 -0.0948313177 0.140033334 -0.0879532099 -0.097798489 0.140553311 -0.0867749006 -0.0967612565 0.138345256 -0.086692594 -0.0987239555 0.138632953 -0.0744499564 -0.0970027894 0.141397879 -0.0744502991 -0.0947195962 0.142000005 -0.0744504705 -0.0986810103 0.138852894 -0.0744504705 -0.0965812132 0.13914986 0.123216718 -0.0894708112 0.0980000049 0.123823792 -0.0893081501 0.0960000008 0.125673175 -0.0906546786 0.0980000049 -0.0700882599 -0.0917232335 0.142000005 0.108919628 -0.0893488303 0.0960000008 0.108849414 -0.0898000896 0.0980000049 0.123628721 -0.0926991254 0.0960000008 0.123823784 -0.0926310495 0.0980000049 -0.067706272 0.0136128357 0.187000006 -0.062248569 0.00825983286 0.188999996 -0.0679833665 0.0143012358 0.188999996 0.120693646 0.0961584076 0.0989887491 0.108693644 0.0942308754 0.0963725373 0.108693644 0.0961568132 0.099086903 -0.0721348301 0.0898381323 0.142000005 -0.071927242 0.0899579749 0.143999994 0.103875533 -0.000302843284 0.140000015 0.1042234 -0.000668971275 0.142000005 0.11598099 -0.0987195969 0.103515349 0.115904361 -0.0967195928 0.103299558 0.11348293 -0.0987195969 0.103299558 0.127608702 -0.0921526104 0.0980000049 0.126446858 -0.0940841585 0.0960000008 -0.0554293022 0.0219627302 0.140000015 -0.0918145105 -0.0876303017 0.0980000049 0.118234955 0.0848843008 0.143999994 0.104152322 0.0848843008 0.142000005 0.118493102 0.0849882141 0.142000005 -0.0126810679 -0.0542855859 0.140000015 -0.0108913528 -0.0514126904 0.142000005 -0.0912201032 -0.0944405869 0.0980000049 -0.090961948 -0.0945445001 0.0960000008 0.108693644 -0.0986606181 0.0989719853 0.120693646 -0.0986672118 0.099086903 0.120693639 -0.0947195962 0.0979999974 0.108693644 -0.096506089 0.0985600725 0.120693646 -0.0965907276 0.0988675356 -0.0864206254 -0.0966942012 0.0994943753 -0.0864206254 -0.0950002894 0.0979349837 -0.0864206254 -0.0968536735 0.0965399146 -0.0706831738 -0.0885596499 0.187000006 -0.0693717971 -0.0893167779 0.188999996 -0.0864206254 -0.0986688063 0.0989887565 -0.0744502991 -0.0967412665 0.0963725373 -0.0744502991 -0.0986672118 0.099086903 -0.0508806966 -0.0813832209 0.137500018 -0.0511300638 -0.0823268592 0.140000015 -0.0688546747 -0.0902124643 0.187000006 0.120693639 0.0960904881 0.18655771 0.108693644 0.0961502194 0.186028033 0.108693644 0.0943432674 0.188460097 -0.00520171504 0.00324479979 0.142000005 -0.00399594288 -0.00125520001 0.140000001 -0.0263063647 -0.0102551999 0.140000001 0.123628721 0.0867296755 0.0960000008 -0.0532076433 0.0779548511 0.140000015 -0.00330388802 0.0452323668 0.188999996 -0.00459672045 0.0452323668 0.187000006 -0.00662174262 0.0465296917 0.188999996 -0.0509632006 -0.0166107249 0.142000005 -0.0697015226 0.0877322629 0.142000005 0.110706493 -0.000587254239 0.188999996 0.110706493 -0.00192314608 0.187000006 0.120693639 0.0940550342 0.142324716 0.108693644 0.094589211 0.142704248 -0.0486761369 -0.0838172659 0.140000015 -0.0475443006 -0.0826854333 0.142000005 -0.0478384681 -0.0810603946 0.140000015 -0.0658568889 -0.0699070469 0.187000006 -0.0201563612 -0.0697195977 0.188999996 -0.0744503066 -0.0966942012 0.185505643 -0.0864503086 -0.0966669247 0.185769513 -0.0744503066 -0.0950133428 0.187044904 -0.0864206254 -0.0947195962 0.0960000008 -0.0510271899 -0.0199391376 0.140000015 0.120693646 0.0924995914 0.097949937 0.125234947 0.0920341015 0.0960000008 -0.00672709243 0.0470052175 0.187000006 -0.0114872903 0.0347361602 0.187000006 -0.00987162814 -0.0509869643 0.140000015 -0.0741011724 -0.0895626396 0.136999995 -0.0726072639 -0.0938704759 0.136999995 0.0458376519 0.0556911603 0.140000015 -0.0606200732 -0.0703689083 0.140000001 -0.0606200732 -0.0703689083 0.142000005 -0.0707228631 -0.0923044905 0.136999995 0.0460323654 -0.0568742715 0.142000005 -0.00619633449 -0.0216499772 0.188999996 -0.00784508325 -0.0200012345 0.187000006 0.104468852 -0.0873171911 0.143999994 0.0393520333 0.0300218686 0.188999996 0.0457696132 0.0223736875 0.187000006 0.0868706107 -0.0331559367 0.140000001 -0.0146119157 -0.0723148286 0.140000015 -0.0140611921 -0.0720931441 0.142000005 -0.00597285433 -0.021590095 0.187000006 -0.00982012227 -0.0351205356 0.187000006 -0.0113587081 -0.0354683846 0.187000006 -0.0453521721 0.078437373 0.140000015 -0.0453521721 0.0806522295 0.137500018 0.0919992179 -0.0723148286 0.142000005 0.0956218392 -0.075719595 0.140000001 0.0301673673 -0.000174270404 0.142000005 0.0292589143 -0.0595234334 0.140000015 0.0594787784 0.0395456851 0.140000001 0.0594787784 0.0395456851 0.142000005 0.0914485008 -0.0720931515 0.140000015 -0.00784508325 0.017998768 0.187000006 0.0313436426 0.035983894 0.188999996 0.0393520333 0.0300218686 0.187000006 -0.0458134934 -0.0798960626 0.140000015 0.106200777 0.0908048376 0.188999996 0.106569216 0.0907798931 0.187000006 -0.0113587081 0.032957986 0.188999996 -0.011518403 0.0345724747 0.188999996 0.120693639 -0.0966901034 0.185514018 0.108693644 -0.0965743214 0.186146706 0.120693639 -0.0954984426 0.186940655 0.102845065 0.0915650651 0.142000005 -0.0862571746 0.0870348588 0.142000005 -0.0861906186 0.0870170221 0.143999994 0.0742588267 0.0445844866 0.140000015 0.0739727765 0.0446611345 0.142000005 -0.0695795417 -0.0944936126 0.143999994 -0.0744503066 -0.0947195962 0.143999994 0.074620612 -0.0420560837 0.142000005 0.067049697 -0.0432551987 0.140000001 0.113550968 0.0942091942 0.181818619 0.116017178 0.0942091942 0.181389958 -0.0842497796 -0.0874986127 0.142000005 -0.0861712992 -0.08942011 0.143999994 0.0974895805 0.0565414578 0.140000015 0.125234947 -0.0945445001 0.0980000049 0.00116684113 -0.04310029 0.188999996 0.000912163814 -0.0429797694 0.187000006 0.00129092834 -0.0399551317 0.188999996 0.0183782559 -0.0584703088 0.188999996 0.0899936333 0.0438069776 0.188999996 0.0912853479 0.0445862561 0.187000006 0.0957019255 0.0445862561 0.188999996 0.106200777 0.0861135572 0.187000006 -0.011267202 -0.0353768766 0.188999996 -0.00965271518 -0.0352171883 0.188999996 -0.0290954858 -0.0603070296 0.188999996 -0.0879411027 0.08814428 0.0960000008 0.0967226624 -0.0782278553 0.187000006 0.0965351015 -0.0789278597 0.188999996 0.0476838425 0.0105881263 0.187000006 0.0476351157 0.0106879016 0.188999996 0.0292589106 -0.0149869658 0.142000005 -0.0526867285 -0.0797238499 0.140000015 0.10379082 0.0902877152 0.188999996 -0.079395175 -0.0987195969 0.103147008 -0.0285377223 0.0564973839 0.187000006 -0.0507736057 0.0784281716 0.140000015 0.1042234 -0.00184142892 0.140000015 0.0921041369 0.0808823407 0.187000006 0.0925860181 0.0806883723 0.188999996 0.0814504325 0.0360657163 0.140000001 0.0302786361 -0.0154126938 0.140000015 0.0320683494 -0.0182855856 0.142000005 0.113313407 -0.0967195928 0.134336159 0.113564178 0.0942091942 0.149258435 0.114711419 0.0416537635 0.187000006 0.114693634 0.00204479997 0.188999996 -0.0713201538 -0.0926310495 0.143999994 -0.0727152079 -0.0914585665 0.142000005 -0.00520171504 0.00324479979 0.140000001 -0.069545038 -0.0903775617 0.142000005 -0.0694707856 -0.0906546712 0.143999994 -0.0468951836 -0.0852900743 0.140000015 -0.0492034964 -0.0861602575 0.137500018 0.122387215 -0.0913035721 0.0980000049 0.0219961051 0.0571768545 0.188999996 0.0238951854 0.055384282 0.187000006 0.0238419417 0.0553985499 0.188999996 0.100493632 -0.0103484057 0.187000006 0.100328319 0.039867226 0.188999996 0.108693644 0.0961642563 0.145105138 0.0868204907 0.0401552841 0.187000006 0.125493109 0.0919301882 0.0980000049 0.108571596 -0.00428498676 0.187000006 0.108693644 0.0941838026 0.185505629 0.0957558081 0.0707091987 0.188999996 0.00168289 -0.0397653878 0.187000006 -0.0864503086 -0.0964523479 0.144463733 -0.0744503066 -0.0965907276 0.144867539 0.104318053 -0.0886489004 0.188999996 0.106569216 -0.0886489004 0.187000006 0.107764326 -0.0898440257 0.188999996 0.0870144591 0.040637169 0.188999996 -0.0733354315 0.0899062008 0.188999996 -0.0719574392 0.0908048376 0.187000006 -0.0704431757 0.0908048376 0.188999996 0.107764326 -0.0920951813 0.187000006 0.106569216 -0.0932902917 0.188999996 -0.0726473108 0.0863240734 0.188999996 -0.0736102611 0.0889763311 0.187000006 0.103122942 -0.0920951813 0.188999996 0.103122942 -0.0898440182 0.187000006 -0.0493063666 -0.0232551992 0.140000001 -0.0493063666 -0.0232551992 0.142000005 -0.0648493469 0.0321800001 0.140000015 -0.0646857396 0.0320852697 0.142000005 -0.0794115439 0.0942091942 0.181879222 -0.0693049952 0.0918599442 0.143999994 -0.0674918666 0.089338243 0.142000005 -0.0695795417 0.091983214 0.142000005 0.0965351015 0.076417461 0.187000006 0.0967226624 0.0757174566 0.188999996 -0.0695474893 0.0902877152 0.187000006 0.103122942 0.0895847827 0.187000006 0.104318053 -0.0932902917 0.187000006 -0.0864503086 -0.0986008868 0.18655771 -0.0744503066 -0.0986749977 0.185998574 -0.0744503066 -0.0968536586 0.188460097 -0.0710804611 -0.0926310495 0.142000005 0.0909006819 -0.024884643 0.142000005 0.120693639 0.0939419568 0.186536267 -0.0698604211 0.0883625522 0.142000005 -0.0707228631 0.087124303 0.136999995 0.0457696132 -0.0248840861 0.188999996 0.0393520333 -0.0325322673 0.187000006 -0.0701328516 0.0896401033 0.142000005 -0.0494339429 0.0777761638 0.142000005 -0.0704431757 0.0861135572 0.187000006 -0.0431834199 -0.024473127 0.142000005 -0.03799266 -0.0279414915 0.140000001 -0.0661423877 -0.0702043623 0.188999996 0.106783524 0.0883625448 0.142000005 0.106838427 0.0882052407 0.136999995 0.105347 0.0871193185 0.142000005 0.00642291503 -0.00235934835 0.187000006 0.00681255013 -0.00300520007 0.188999996 -0.0723377988 0.0871188492 0.142000005 0.074620612 -0.0420560837 0.140000001 -0.0864503086 0.0939684659 0.144476727 -0.0648493469 0.0611095987 0.142000005 -0.0606200732 0.0678585097 0.140000001 -0.0818552077 0.0942091942 0.181297809 -0.0814890712 0.0962091982 0.181879222 -0.012681067 0.0537144169 0.140000015 -0.0933356956 0.0896422118 0.0980000049 0.0182729065 -0.0495156161 0.188999996 -0.0708059743 0.0896808878 0.142000005 -0.0700882599 0.0892128348 0.136999995 0.0472287796 -0.0331559367 0.140000001 -0.0719539523 0.0895712301 0.136999995 0.120414622 0.0869097263 0.143999994 0.113406293 -0.0967195928 0.103515342 0.116073892 -0.0967195928 0.14966388 0.122387215 -0.0906356275 0.0960000008 0.105563477 0.0867977515 0.142000005 0.0478105433 -0.0570028499 0.140000015 0.118234962 -0.0873946995 0.142000005 0.105347 -0.0923094749 0.142000005 -0.067706272 -0.0161232352 0.188999996 -0.0625822693 -0.0109992409 0.187000006 -0.0679833665 -0.0168116353 0.187000006 0.105323792 0.0867977515 0.143999994 0.103714101 0.0887741148 0.142000005 0.103788354 0.0890512243 0.143999994 -0.0503011681 -0.0835230947 0.142000005 -0.012681067 -0.0182855856 0.140000015 -0.0191251691 -0.0822433606 0.140000015 -0.0684503019 0.0247448012 0.187000006 -0.0684503019 0.0247447956 0.188999996 0.120693639 0.0932204872 0.188949198 -0.0766508281 0.0849882141 0.0960000008 -0.00929431804 -0.0370828733 0.188999996 -0.00932543166 -0.0372465588 0.187000006 -0.0114872903 -0.0372465588 0.188999996 0.100133106 0.0404035933 0.187000006 -0.033557497 0.0329905488 0.140000015 0.103548326 -0.0943703428 0.143999994 0.101735204 -0.0918486416 0.142000005 0.103822879 -0.0944936126 0.142000005 0.0957558081 0.0707091987 0.187000006 0.0322933942 -0.000668962311 0.142000005 0.0322933942 -0.001841438 0.140000015 0.10972853 0.00110662973 0.187000006 -0.0864503086 -0.0958051533 0.188912928 -0.0744503066 -0.0947196037 0.188999996 0.108693644 -0.0950099826 0.143949926 0.00129092904 0.0374447331 0.187000006 0.000912164105 0.0404693745 0.188999996 0.103147507 0.0917684734 0.143999994 -0.0493063666 -0.0750551969 0.140000001 -0.064641729 -0.0640451387 0.140000015 0.120693646 0.0941838026 0.0994943753 0.113564178 0.0962091982 0.18174158 0.0320683494 -0.0202248134 0.140000015 -0.0791428611 -0.0967195928 0.149469003 -0.079090625 -0.0967195928 0.181342363 -0.0123621318 -0.00575520005 0.188999996 0.107105091 -0.0910894424 0.143999994 0.108456083 -0.0903231874 0.140000015 0.115980998 -0.0987195969 0.149515361 0.11363852 -0.0967195928 0.149147004 0.113482915 -0.0987195969 0.149299562 0.105563484 -0.0893081501 0.143999994 -0.0431834199 -0.024473127 0.140000001 0.113482915 -0.0967195928 0.181700453 0.00642291503 -0.000151051543 0.188999996 0.00873949565 0.00216552615 0.187000006 -0.0500801913 -0.0146597233 0.142000005 -0.0744502991 0.0961502194 0.0989719778 -0.0864206254 0.0961642563 0.0991051346 -0.012681067 -0.0362855867 0.140000015 -0.0912201032 0.0919301882 0.0960000008 -0.0934361741 0.0892672092 0.0960000008 0.0500896685 0.000139576965 0.188999996 0.0509298705 -4.65028534e-05 0.187000006 0.0515988246 -0.000985872466 0.188999996 0.0457696132 -0.0248840861 0.187000006 0.0509298705 -0.00246389722 0.188999996 0.0500896685 -0.0026499771 0.187000006 0.0491349436 -0.00184143789 0.188999996 -0.011267202 0.032866478 0.187000006 -0.0840297267 0.00848883763 0.142000005 -0.0893827379 0.0139465574 0.140000015 -0.0510271937 0.0100608626 0.140000015 -0.0732663199 -0.0886839554 0.140000015 -0.0458134972 0.081703946 0.140000015 -0.0682682618 0.0875127688 0.140000015 0.0491349436 -0.000668962311 0.187000006 0.0424276628 0.0201756507 0.188999996 -0.0684503019 -0.0272551998 0.188999996 -0.0684503019 -0.0272551998 0.187000006 0.0919992179 -0.08712437 0.140000015 0.0339255333 -0.0322304592 0.187000006 0.0424276628 -0.0226860493 0.188999996 0.0123438686 0.041672051 0.187000006 0.0424276628 -0.0226860493 0.187000006 0.0515988246 -0.00152452756 0.187000006 0.02217618 -0.0424487479 0.187000006 0.0761615261 0.0553749874 0.188999996 -0.00655981619 -0.0586669073 0.187000006 -0.00674255099 -0.0579089373 0.188999996 0.0313436426 0.035983894 0.187000006 0.118693642 -0.0579154529 0.140000001 -0.0864503086 0.0717481226 0.188999996 -0.0491787829 -0.0802865624 0.142000005 -0.0864503086 -0.0742584914 0.187000006 0.0184401833 0.0561565086 0.188999996 0.0216961075 0.0572572388 0.187000006 -0.0646857396 0.0612043291 0.140000015 -0.00681022322 0.0552778617 0.187000006 0.0734827593 -0.0574533716 0.188999996 0.0734827667 -0.0603070296 0.187000006 0.106170565 0.0899579749 0.142000005 -0.00110481237 0.047105331 0.188999996 -0.001340791 0.0561565086 0.187000006 -0.00138863444 0.0464255065 0.187000006 0.0967268124 0.075485453 0.140000015 0.0238419417 0.0470910519 0.187000006 -0.00644194661 0.0562473834 0.188999996 -0.0048967218 0.0571768507 0.187000006 -0.0030038876 0.0571768507 0.188999996 -0.0315634646 -0.0600165129 0.188999996 -0.0315172374 -0.0603070296 0.187000006 0.0239096135 -0.0577882752 0.187000006 0.0238264836 -0.0495156087 0.187000006 0.0740634128 -0.0606422648 0.188999996 0.0424276628 0.0201756507 0.187000006 -0.00115805608 0.0553985387 0.188999996 -0.0067957947 -0.0496157296 0.188999996 -0.00674255053 -0.0496014617 0.187000006 0.0744601861 -0.0471651554 0.140000015 -0.00489671901 -0.0478231497 0.187000006 -0.0693915486 -0.088300705 0.140000015 0.129693642 -0.0581834018 0.140000001 -0.0477107465 -0.0153312683 0.140000015 -0.0123621318 -0.00575520005 0.187000006 0.10592109 -0.0923044905 0.136999995 -0.00987162907 0.0210130364 0.140000015 -0.0170571674 0.00732455775 0.187000006 -0.070479326 0.075717479 0.187000006 0.0319455452 -0.0003028512 0.140000015 0.104103766 0.0883625448 0.136999995 0.067049697 0.0407448001 0.140000001 -0.0494092405 -0.0861602575 0.140000015 0.0969936326 0.0438069776 0.187000006 0.120518535 0.0871678814 0.142000005 -0.0482153706 -0.0123382695 0.140000015 -0.0529270694 -0.0181053802 0.140000015 0.0427942686 0.020851478 0.140000015 0.0292803105 -0.0330668315 0.140000015 0.0962463543 -0.0592950806 0.140000015 -0.0529270694 0.0118946191 0.140000015 0.111274146 -0.0873753652 0.0960000008 -0.00929431804 0.0345724747 0.187000006 0.0962463543 0.0551049225 0.140000015 -0.0482153706 0.0176617317 0.140000015 0.0749286637 0.0479764342 0.140000015 0.0476351157 -0.0131983021 0.187000006 -0.0182345696 0.0812091976 0.140000001 -0.0724219829 -0.091363959 0.136999995 0.125605106 -0.0908497497 0.0960000008 -0.0661423877 0.0676939636 0.187000006 -0.0744503066 0.0961584076 0.144988745 -0.0744503066 0.0941838026 0.145494372 -0.0744503066 0.0961642563 0.185894877 -0.0744503066 0.0922091976 0.188999996 -0.0418063551 -0.0947195962 0.142000005 0.108693644 -0.0966942012 0.145494372 0.120693639 -0.0964788646 0.144476727 0.108868748 0.0871678591 0.0980000049 -0.0315634646 -0.0577438846 0.187000006 -0.0661423877 -0.0832348391 0.187000006 0.114160575 0.0501883402 0.140000015 0.102261059 -0.00014315483 0.140000015 0.0917702988 0.0846551955 0.140000015 -0.0734859332 0.0863931626 0.140000015 -0.00989302713 0.0305564348 0.140000015 -0.0290492587 -0.0600165129 0.187000006 0.00116684183 0.0405898914 0.187000006 0.0761476755 -0.0483754463 0.140000015 -0.0746254027 0.087167874 0.0960000008 0.125605106 0.0885790512 0.0960000008 0.0739198029 0.0579652824 0.188999996 -0.0894308388 -0.0168116707 0.140000015 0.105174325 0.0872040093 0.136999995 -0.0864503086 -0.0952139124 0.186980128 0.0923857242 -0.0702043623 0.187000006 0.120693646 0.0943432823 0.0965399221 -0.009893029 0.0125564309 0.140000015 -0.0864503086 0.0717481226 0.187000006 -0.0728531331 0.0866306797 0.187000006 0.0899936333 -0.0463173762 0.187000006 0.0461960509 -0.0568431579 0.140000015 0.120675854 -0.0738462508 0.188999996 0.12065807 -0.0736695603 0.187000006 0.114709161 -0.0442146957 0.187000006 0.100166775 -0.0426656976 0.187000006 0.045997344 0.0573056452 0.140000015 0.108693637 -0.0947195962 0.187000006 0.0266951527 -0.0947195962 0.187000006 -0.0864503086 -0.0964484066 0.142241046 -0.062296126 0.00843731407 0.187000006 -0.0528356172 0.0815639719 0.140000015 -0.0518503636 -0.0851866901 0.140000015 0.0184880272 0.0560640991 0.187000006 -0.011518403 -0.0370828733 0.187000006 0.00681255013 0.000494799984 0.187000006 0.0623186417 -0.00901661254 0.187000006 0.0951356813 0.0481073 0.140000001 0.0303310528 -0.00014315758 0.140000015 -0.0864503086 -0.0742585212 0.188999996 -0.086275205 -0.0896782652 0.142000005 0.101181135 -0.0947195962 0.188999996 0.108693637 -0.0947195962 0.188999996 -0.102731816 -0.134654343 0.191410974 -0.114980608 -0.137497693 0.192843348 -0.103799939 -0.137579098 0.188476324 -0.119948409 0.0354709625 0.144108772 -0.125668839 0.0361361504 0.146011725 -0.124892473 0.0344925374 0.148249358 -0.119791366 -0.0374980904 0.144540235 -0.125045389 -0.0369521379 0.14766179 -0.125698507 -0.0393596441 0.146034777 -0.119700544 0.037753012 0.14478977 -0.125045389 0.0380478613 0.14766179 -0.165453881 0.125390381 0.0540117323 -0.164889082 0.127067581 0.0555910133 -0.172028989 0.134987295 0.0361042432 -0.151374459 -0.132755205 0.0795597956 -0.124488004 -0.132755205 0.141073838 -0.128459111 -0.132755205 0.142519206 -0.144458592 -0.0387551971 0.0767675787 -0.15012157 -0.0391992293 0.0787389502 -0.150447652 -0.0371733941 0.0779324695 -0.144611165 0.0375402756 0.0763484165 -0.161725149 0.132143945 0.029328119 -0.160760805 0.134898558 0.0319776498 -0.144713998 0.0347769037 0.076065883 -0.150157928 0.0358115174 0.0787095055 -0.114923544 0.134872794 0.193000123 -0.102770977 0.132310778 0.191303372 -0.103764959 0.135011345 0.188572437 -0.116572268 -0.129577994 0.188363984 -0.164883852 -0.129577994 0.0555891171 -0.161694795 -0.13467814 0.0294115134 -0.145599931 -0.0395290367 0.0736318156 -0.144902244 -0.0404137485 0.0755486712 -0.173001453 -0.134654358 0.0334323607 -0.172971115 0.132167712 0.0335157439 -0.145590052 0.0371492915 0.0736589357 -0.150874943 0.0378603153 0.0767093524 -0.151320338 0.0361361504 0.0755347684 -0.11989072 -0.0399660841 0.144267246 -0.124911293 -0.0403722525 0.14807409 -0.147403359 -0.1377552 0.0781144276 -0.160722464 -0.137558296 0.0320829675 -0.124488004 -0.1377552 0.141073838 -0.11598058 0.125390396 0.189933509 -0.116567276 0.127067581 0.188362181 -0.1451689 -0.0369140916 0.0748160481 -0.151374459 -0.1377552 0.0795597956 -0.147403359 -0.132755205 0.0781144276 -0.128459111 -0.1377552 0.142519206 -0.124506414 0.0366780795 0.149186447 -0.125972509 0.0362448022 0.147999227 -0.11886692 0.0371492878 0.147080153 -0.150273442 0.0374579318 0.0783216879 -0.171912163 -0.137613833 0.0364252068 -0.145442888 0.0349876992 0.0740632862 -0.150679931 0.0344810188 0.0772942826 -0.125972509 -0.0387552008 0.147999227 -0.124462336 -0.0388638452 0.149326548 -0.151103258 -0.0399683304 0.0760417506 -0.150562808 -0.0403722562 0.0775971189 -0.151624024 -0.0387552008 0.0775222704 -0.151245803 -0.0378877036 0.0757856518 -0.113999903 0.131966576 0.19553782 -0.151624024 0.0362448022 0.0775222704 -0.114038482 -0.134678125 0.195431828 -0.165461764 -0.127900764 0.0540145971 -0.119062483 -0.037287306 0.146542847 -0.118900679 -0.039750006 0.146987393 -0.119138062 0.0346493274 0.146335185 -0.115977965 -0.127900779 0.189932555 0.0507779345 0.0837448016 0.107731797 0.0507779345 0.0737448037 0.110487461 0.0507779345 0.0737448037 0.107731797 0.0656571686 0.0837448016 0.110487461 0.0656571686 0.0737448037 0.107731797 0.0656571686 0.0737448037 0.110487461 0.105450347 0.0169823896 0.0960440859 0.105594546 0.0386821516 0.0969056711 0.105507091 0.0169675294 0.0969272181 0.0660377517 0.083744809 0.112678051 0.0507779345 0.0837448016 0.110487461 0.0146947466 0.0837448016 0.110487461 0.0146947466 0.0737448037 0.107731797 0.0146947466 0.0737448037 0.110487461 0.106438309 0.0806778744 0.12283133 0.105850391 0.0821908712 0.0976462811 0.105823882 0.0822397992 0.122844413 0.107012704 0.0387861431 0.0947988704 0.106057592 0.0587029867 0.0945427269 0.107035764 0.0587034598 0.0948121846 -0.064954564 0.0387836732 0.0945446938 0.106063828 0.0387813412 0.0945544392 0.105992712 0.016263444 0.123302929 0.105859004 0.0153109152 0.122841738 0.106419004 0.0167921614 0.12284296 -0.0638747588 0.0157430936 0.124446064 -0.0629343614 0.0145375384 0.123572789 -0.0628564656 0.0145561537 0.124453805 -0.00968606863 0.0837448016 0.110487461 -0.00968606863 0.0737448037 0.107731797 -0.00968606863 0.0737448037 0.110487461 0.104984321 0.0157936923 0.124465764 0.105443537 0.0169834886 0.124455631 0.102340549 0.0138525451 0.124460906 -0.000184484961 0.0837448016 0.107731797 -0.000184484961 0.0737448037 0.110487461 -0.000184484961 0.0737448037 0.107731797 0.106438302 0.0168117117 0.0976686701 0.106542081 0.0386993885 0.122843683 -0.000184484961 0.0837448016 0.110487461 -0.0629101247 0.0829702541 0.123573855 -0.0619065128 0.0841475055 0.123323143 -0.0640779138 0.0830032751 0.123107657 -0.0669083297 0.0387833305 0.12401706 -0.0666552112 0.0587034523 0.124966778 -0.0668986291 0.058711987 0.124013856 -0.0654502213 0.0386993885 0.0976563245 -0.0649874881 0.0168698989 0.0971933976 -0.0653271452 0.0167921558 0.0976570398 0.106171213 0.0387064926 0.123337388 0.10551136 0.0169747844 0.123569876 -0.0653464422 0.0168117117 0.122831337 0.102540709 0.012875733 0.122863635 0.103992 0.0134403436 0.0976462811 0.104644552 0.0138307242 0.122846611 -0.064509742 0.038684722 0.0969164297 -0.0644189268 0.0169731546 0.0969290808 0.102312408 0.013779317 0.123570308 0.1042732 0.0140112955 0.123308919 0.103564024 0.0142656267 0.123570733 -0.0647246614 0.0152400685 0.122853719 -0.0640779138 0.0144863287 0.0973923504 -0.0634541884 0.0137500782 0.122821338 -0.0245653037 0.0837448016 0.107731797 -0.0245653037 0.0737448037 0.110487461 -0.0245653037 0.0737448037 0.107731797 0.104325786 0.0140761286 0.097181581 0.102326967 0.0137836775 0.0969278589 0.104026444 0.0145378653 0.0969268084 0.105943806 0.0161915924 0.09718775 0.105490886 0.0146857137 0.0976500139 -0.0639413893 0.0817487836 0.123570733 -0.0636436641 0.0821485519 0.124450706 -0.0647671446 0.015310918 0.0976582691 0.102419019 0.01323565 0.123314761 -0.0612349845 0.0137836933 0.123572253 -0.0618006922 0.0132771181 0.123302311 0.105021365 0.0157241542 0.0969225913 -0.0653464422 0.0806778893 0.0976686627 -0.0654521734 0.0587950908 0.12283916 -0.0653271452 0.0806974396 0.12284296 -0.0629101023 0.0145189241 0.0969272107 -0.0612484887 0.0138513967 0.0960412771 -0.0612203889 0.0137793301 0.09692958 -0.065926753 0.0587032177 0.094802238 -0.0649522021 0.0587095954 0.0945512429 0.105166115 0.0830050781 0.0973738357 0.104564711 0.0837206841 0.122849979 0.103501096 0.0143042821 0.096041888 0.102411531 0.0132069755 0.0971966609 0.107035764 0.0387861468 0.125687823 0.107733749 0.0587034523 0.124989852 0.107012697 0.0587034561 0.125701144 0.104004703 0.014597429 0.124450713 -0.00927622337 0.0847447962 0.112648785 -0.00920035038 0.083744809 0.108089149 -0.00930549018 0.083744809 0.112678051 0.108004078 0.0387809239 0.0965016261 0.10774707 0.0587034561 0.0955332443 0.107994184 0.0587128736 0.0965016931 -0.0613857731 0.0128589766 0.122838981 -0.0639315769 0.0157209989 0.1235663 -0.06495893 0.016807301 0.123313934 -0.0640546978 0.0148443682 0.123308919 -0.0611814521 0.0138398893 0.124460161 0.106044427 0.0387844779 0.125959799 -0.0649525672 0.058705125 0.125959799 -0.0649523512 0.0387767255 0.125948265 -0.0249458831 0.0847447962 0.112678051 -0.0612789243 0.0846878067 0.122786507 -0.0636436641 0.0153410546 0.0960492939 -0.063945502 0.0157451201 0.0969337001 0.104753196 0.015264512 0.123572789 0.104001574 0.0829708129 0.0969268084 0.102969863 0.0841662139 0.0971884504 0.106163397 0.038705349 0.0971623585 0.0503777117 0.0847447962 0.107831575 0.0660482571 0.0847447962 0.107840717 0.102354579 0.0846948549 0.097720854 0.106544033 0.0587950908 0.097660847 0.106079347 0.0806197152 0.0971933976 0.106419004 0.0806974396 0.0976570472 0.107733741 0.0387861468 0.0955101624 -0.064357385 0.0805070549 0.0960417911 -0.0645044744 0.058803644 0.0969056934 -0.0644144043 0.0805242807 0.0969257727 -0.061182119 0.083650738 0.0960420594 0.102313817 0.083709687 0.0969284698 0.102340348 0.0836382061 0.0960412771 -0.0659208447 0.0387861468 0.125701144 -0.0659439117 0.0587034561 0.125687823 -0.0645039231 0.0386807062 0.12358775 -0.0650617257 0.0387075059 0.123350799 -0.0636800751 0.0822004601 0.0969268084 -0.064987503 0.0806197077 0.123306602 0.10604421 0.0587128736 0.125948265 -0.0647671446 0.0821786895 0.122841746 -0.0666418821 0.0387861468 0.124989845 0.105037369 0.0817444772 0.0969337001 0.104734577 0.0821472034 0.0960461944 0.103498861 0.0831841454 0.124462321 0.102329023 0.0837050825 0.12357372 0.102273986 0.083650738 0.12445794 -0.0614488386 0.012875732 0.0976363719 0.105510786 0.0805164427 0.0969290808 0.105536468 0.0587890111 0.0960094705 0.105442189 0.0805057213 0.0960417166 -0.0643584877 0.0169823859 0.124455914 -0.0644143894 0.0169653967 0.123574309 0.10654407 0.0386957228 0.0976577178 0.102452971 0.0128527908 0.0976786241 0.104064241 0.0840091333 0.0976582691 -0.0654522106 0.0386957228 0.12284229 -0.0644439012 0.0386994332 0.0960094258 -0.0643480569 0.0169845168 0.0960372537 -0.0629723817 0.0840091333 0.122841738 -0.0636615232 0.0834240392 0.0973855481 0.106157467 0.0587850362 0.123343505 0.10654062 0.0587902553 0.122846171 0.106053002 0.08070454 0.123306364 0.104771934 0.0822004527 0.123573184 0.105506256 0.0805242881 0.123574227 0.108005725 0.058705125 0.123998515 0.107995979 0.0387800261 0.123998448 0.103545614 0.0832362399 0.123566292 0.102873139 0.0842084214 0.123312257 0.102338955 0.0846908912 0.122777298 0.104691744 0.0152865881 0.0960461944 -0.0612371527 0.0837050825 0.0969262794 -0.0624120235 0.0831867829 0.0960471556 -0.0624537542 0.0832362324 0.0969337001 0.105451576 0.0805073902 0.124453351 0.10559763 0.058804512 0.123588666 -0.0245653037 0.0837448016 0.110487461 0.105146565 0.0826452374 0.123308919 0.10774707 0.0387861468 0.12496677 -0.0647320151 0.0822397992 0.0976555869 -0.0645081028 0.0588074289 0.123584628 -0.0644189268 0.0805164501 0.123570919 -0.0648519546 0.0812980086 0.09718775 0.102273993 0.013838863 0.0960420594 -0.0612742044 0.0842766464 0.0971889123 -0.0659441724 0.0387861691 0.094812192 -0.0666418895 0.0587034337 0.0955099091 -0.0612219535 0.083709687 0.12357153 -0.0612484775 0.0836382061 0.12445873 0.0151045928 0.0847447962 0.112648785 0.0151804658 0.083744809 0.108089149 0.015075326 0.083744809 0.112678051 -0.0612470843 0.0846908912 0.0977227166 0.104691744 0.0822030157 0.124453805 -0.065071471 0.0587841161 0.0971624553 -0.065448761 0.0587902553 0.0976538211 -0.0644444153 0.0587889105 0.124491051 -0.0643480644 0.0805050805 0.124462746 0.103548013 0.0831557736 0.0960376784 -0.0669114217 0.058703173 0.0965012237 -0.0669040754 0.0387829356 0.0964995399 -0.0629114062 0.0840444937 0.0976555943 -0.0629723668 0.0134804659 0.0976582617 -0.0619065054 0.0133421039 0.0971768573 -0.00958043709 0.083744809 0.107726566 -0.0249655265 0.0847447962 0.107831575 0.105599962 0.0588074289 0.0969153792 0.0412763506 0.0737448037 0.110487461 0.0263971183 0.0737448037 0.107731797 0.0263971183 0.0737448037 0.110487461 -0.024975149 0.083744809 0.112648785 0.0259968974 0.0847447962 0.107831575 0.0259872749 0.083744809 0.112648785 0.0259711277 0.083744809 0.107912414 0.0263971183 0.0837448016 0.110487461 -0.0636014342 0.0822035894 0.0960492939 -0.000565063558 0.0847447962 0.112678051 -0.000594330195 0.083744809 0.112648785 -0.0249912962 0.083744809 0.107912414 -0.00058470777 0.0847447962 0.107831575 -0.000610475603 0.083744809 0.107912414 0.0503680892 0.083744809 0.112648785 0.0503519438 0.083744809 0.107912414 0.0147996219 0.083744809 0.10772571 0.0416861959 0.0847447962 0.112648785 0.0417620689 0.083744809 0.108089149 0.04165693 0.083744809 0.112678051 0.0660670102 0.0847447962 0.112648785 0.0661428869 0.083744809 0.108089149 0.0263971183 0.0837448016 0.107731797 0.065762043 0.083744809 0.10772571 0.041381225 0.083744809 0.10772571 0.0412763506 0.0737448037 0.107731797 -0.066651836 0.0387863815 0.0955273286 0.0260165408 0.0847447962 0.112678051 0.105536468 0.0387005918 0.124490537 0.0412763506 0.0837448016 0.110487461 0.0503973588 0.0847447962 0.112678051 0.105535887 0.03870048 0.096009247 -0.0644432828 0.0386993103 0.124490798 -0.0650726035 0.0387085937 0.0971527919 0.105601281 0.0386860929 0.123586819 -0.0624559373 0.0143281687 0.0960471556 -0.00929498393 0.0847447962 0.107840717 0.0150858322 0.0847447962 0.107840717 0.0416674353 0.0847447962 0.107840709 0.106169194 0.0587798283 0.0971545056 -0.0644478723 0.0587912276 0.0960119888 0.105535358 0.0587903932 0.124490269 -0.0650773421 0.058779832 0.123345502 -0.0624559261 0.083161436 0.124452844 0.106648229 0.0627448112 0.124144502 -0.0655563623 0.0737447962 0.124144509 0.106790431 0.0737447962 0.124002308 0.111054048 0.034867581 0.0999954045 0.111036666 0.0626489371 0.098489061 0.111015819 0.0348310508 0.0984945372 -0.0678040609 0.0347447991 0.0989689082 -0.0663144812 0.0237448029 0.100553811 -0.0686947182 0.0236881021 0.0985326022 -0.0673738122 0.0237448029 0.123829409 -0.0653834268 0.0347447991 0.125819758 -0.0673116967 0.0347447991 0.123846047 0.106475316 0.0237448029 0.125819758 -0.0654000789 0.0237448029 0.125757635 0.109609202 0.0236469805 0.098568365 0.107406348 0.0347447991 0.100553818 0.108895928 0.0347447991 0.0989689082 -0.0653834268 0.0737447962 0.125819758 0.106475316 0.0627448112 0.125819758 0.106491961 0.0737447962 0.125757635 0.108766459 0.0237448029 0.101135589 0.108465679 0.0347447991 0.123829395 0.108403556 0.0237448029 0.123846039 -0.0678929985 0.0627448112 0.100664929 -0.0689722821 0.0737948269 0.100020736 -0.069959648 0.06262777 0.099990733 0.108895928 0.0627448037 0.0989689082 0.107406348 0.0737447962 0.100553818 0.109724596 0.0737964958 0.098570019 0.108989462 0.0347447991 0.100614101 0.110257626 0.0236994233 0.100010291 -0.076737836 0.0467876606 0.100000009 -0.0723702908 0.0467876606 0.0984999985 -0.0761693567 0.0466506071 0.0984999985 0.119937733 0.0296652224 0.0984999985 0.119937733 0.0678243786 0.100000009 0.119813621 0.0292498432 0.100000009 0.113470286 0.0498000272 0.0984999985 0.114590712 0.0465691425 0.0984999985 -0.0676474646 0.0737447962 0.101311319 -0.0673738122 0.0627448112 0.123829409 -0.0673116967 0.0737447962 0.123846047 0.116414078 0.0248246286 0.100000009 -0.0716050193 0.048035007 0.100000009 -0.0729387626 0.0466506109 0.100000009 -0.0699354783 0.0348482989 0.0999908671 -0.0656985566 0.0627448112 0.124002315 -0.066217497 0.0737447962 0.100794762 0.107309356 0.0627448112 0.100794777 -0.0685173199 0.0738426149 0.098568365 -0.0753222331 0.0726649761 0.100000009 -0.0699468106 0.0348409116 0.0984858349 -0.0723702908 0.0507019386 0.100000009 -0.076737836 0.0507019386 0.0984999985 -0.0729387626 0.0508389845 0.0984999985 -0.0735490248 0.0240771156 0.100000009 -0.0753222406 0.0248246361 0.0984999985 0.108465679 0.0737447962 0.123829395 0.108880989 0.0627448112 0.100775398 0.109081596 0.0737447962 0.100435667 0.111027345 0.062636584 0.0999918655 0.113470286 0.047689572 0.100000009 -0.066217497 0.0347447991 0.100794762 -0.0656985566 0.0237448029 0.124002315 -0.0677731261 0.0347447991 0.100856587 -0.0680015981 0.0237448029 0.100447498 -0.0655563623 0.0347447991 0.124144509 0.106648229 0.0237448029 0.124144502 0.11635574 0.0509438403 0.100000009 0.117905259 0.049229607 0.100000009 0.108403556 0.0627448112 0.123846039 -0.0678040609 0.0627448037 0.0989689082 -0.069929935 0.0626569614 0.0984952822 -0.076710932 0.0260879491 0.100000001 -0.0787217617 0.0292498749 0.0984999985 0.117802784 0.0714016557 0.100000001 0.119813621 0.0682397559 0.0984999985 0.11641407 0.0726649836 0.0984999985 -0.0663144812 0.0627448112 0.100553811 -0.0758141428 0.0723362863 0.0984999985 -0.0787217617 0.0682397261 0.100000009 0.114096418 0.0504590347 0.100000009 0.116130739 0.0510041267 0.0984999985 0.114428334 0.0735162944 0.100000009 -0.0788458809 0.0678243414 0.0984999985 -0.0788458809 0.0296652634 0.100000009 0.116905995 0.0251533147 0.0984999985 -0.0775031075 0.0494545922 0.100000009 -0.0761693642 0.0508389883 0.100000009 -0.0716050193 0.0494545922 0.0984999985 0.106790431 0.0347447991 0.124002308 0.107309356 0.0237448029 0.100794777 -0.0775031075 0.048035007 0.0984999985 0.11736016 0.0471952781 0.0984999985 0.116701156 0.0465691425 0.100000009 0.117844976 0.0494546033 0.0984999985 0.106491961 0.0347447991 0.125757635 -0.0654000789 0.0627448112 0.125757635 0.124852344 -0.0900028348 0.0940000042 0.123722173 -0.0897000208 0.0960000008 0.12359719 -0.0897335112 0.0940000042 -0.0939677805 0.00425194763 0.0940000042 -0.096681796 0.00581692299 0.0910000056 -0.0937545598 0.00421636691 0.0910000056 0.0829349831 0.114407361 0.0160000008 0.082527563 0.114856839 0.0179999992 0.0810202509 0.114856839 0.0160000008 -0.106358483 -0.0273580849 0.0960000008 -0.104108475 -0.0267551988 0.0940000042 -0.104108475 -0.0267551988 0.0960000008 0.119645931 -0.00125520001 0.0940000042 0.119110033 -0.00325520011 0.0910000056 0.119645931 -0.00125520001 0.0910000056 -0.0963509679 0.110832781 0.0160000008 -0.0942760929 0.111233324 0.0179999992 -0.0935166478 0.111747637 0.0160000008 0.123784617 -0.0873681158 0.0940000042 0.126358062 -0.0882515833 0.0910000056 0.123907454 -0.0873984173 0.0910000056 0.0506459326 0.00274480018 0.0940000042 0.0534006357 0.00179232226 0.0910000056 0.0506459326 0.00274480018 0.0910000056 -0.111107893 0.116942219 0.0586719662 -0.111099295 0.11526636 0.0575455241 -0.110640481 0.117316693 0.0579038262 0.126149803 0.0913708732 0.0910000056 0.124379352 0.08969073 0.0910000056 0.123323172 0.0919392481 0.0910000056 0.123645931 -0.0372552052 0.0960000008 0.123645931 -0.0372551978 0.0940000042 0.123645931 0.00469479989 0.0940000042 -0.0759666935 0.0482242778 0.0940000042 -0.0756111667 0.0476084836 0.0960000008 -0.0747096017 0.0470879599 0.0940000042 -0.0887476355 0.0893971547 0.0940000042 -0.0895118266 0.0897846818 0.0960000008 -0.0900028124 0.0896664932 0.0940000042 0.126731575 -0.0931812003 0.0940000042 0.125225917 -0.094291985 0.0910000056 0.126822069 -0.093064934 0.0910000056 0.135645926 0.0416730046 0.0960000008 0.138574138 0.0387447998 0.0940000042 0.138574138 0.0387447998 0.0960000008 0.0493888333 0.0476084873 0.0960000008 0.0490333065 0.0482242778 0.0910000056 0.0491780378 0.0497396067 0.0960000008 0.122719236 -0.0910848454 0.0940000042 0.123411916 -0.0897065103 0.0940000042 0.120564215 -0.0900005624 0.0940000042 -0.0930325985 0.00657327008 0.0910000056 -0.0913644433 0.00744879059 0.0940000042 -0.0912782326 0.00757368142 0.0910000056 0.122651637 0.0883481503 0.0940000042 0.123894878 0.0871049166 0.0960000008 0.12408819 0.0871049166 0.0940000042 -0.0908301696 -0.0905608684 0.0960000008 -0.0898778215 -0.0897000208 0.0960000008 -0.0956084803 -0.0757552013 0.0960000008 -0.0910491049 -0.0106797265 0.0910000056 -0.0920321345 -0.00936766714 0.0940000042 -0.0921665058 -0.00929714274 0.0910000056 -0.0910397321 0.00933108293 0.0940000042 -0.0910491049 0.009320274 0.0910000056 0.124862656 -0.089939937 0.0910000056 0.123174734 -0.0898957253 0.0910000056 0.0201363415 -0.0215245374 0.0960000008 0.020439174 -0.0203943532 0.0940000042 0.0205306802 -0.020302847 0.0960000008 -0.0910187811 -0.0152562298 0.0940000042 -0.0926117823 -0.0158480573 0.0910000056 -0.0893930048 -0.014000426 0.0910000056 -0.0729433224 0.0525582545 0.0940000042 -0.0712225884 0.0512888096 0.0910000056 -0.0728108212 0.05247261 0.0910000056 0.0812740475 -0.117489785 0.0159999933 0.0823601559 -0.117463894 0.0179999992 0.0830230638 -0.11670886 0.0160000008 -0.0860165581 0.0883547962 0.0940000042 -0.0871095061 0.085863106 0.0910000056 -0.0861149728 0.0879365131 0.0910000056 -0.096681796 -0.00832732301 0.0940000042 -0.0939677805 -0.00676234812 0.0910000056 -0.0968239531 -0.00850996934 0.0910000056 -0.0756111667 0.0498811156 0.0940000042 -0.0758219659 0.0497396104 0.0960000008 -0.0885705203 -0.0113499109 0.0940000042 -0.0885723308 -0.0103809256 0.0910000056 -0.0921665058 0.0107028577 0.0910000056 -0.094299376 0.0106146149 0.0940000042 -0.0941848233 0.0106323324 0.0910000056 0.12273144 -0.0911736339 0.0910000056 0.154119387 0.129093543 0.0291820671 0.153995216 0.130746871 0.0303547531 0.153716952 0.131245196 0.0293325372 0.053400632 0.0456972793 0.0940000042 0.0506459326 0.0447448008 0.0910000056 0.0526459329 0.0452806987 0.0910000056 0.080501616 -0.116384827 0.0160000008 0.0805676877 -0.115591727 0.0130000003 0.0810491368 -0.115130775 0.0160000008 -0.0921074599 0.0858631134 0.0940000042 -0.0929765403 0.0871933401 0.0910000056 -0.0914772674 0.0854497105 0.0910000056 0.158395931 -0.0311523136 0.0960000008 0.15614593 -0.0317552015 0.0940000042 0.15614593 -0.0317552015 0.0960000008 -0.0911337361 -0.0942084491 0.0940000042 -0.0925401375 -0.09297093 0.0910000056 -0.0906838626 -0.094346568 0.0910000056 -0.110401645 0.115554102 0.0569552891 -0.0905147493 0.117315143 0.057906989 0.118066832 0.0454780161 0.0940000042 0.117343374 0.0450846292 0.0910000056 0.119305186 0.046881482 0.0910000056 -0.0770241246 0.0517695285 0.0940000042 -0.075117901 0.0527384467 0.0910000056 -0.0771479756 0.0516555123 0.0910000056 -0.0893930048 -0.00850997493 0.0940000042 -0.0906794593 -0.00732571259 0.0910000056 -0.0927246436 0.0902335271 0.0940000042 -0.0913752317 0.0915329084 0.0910000056 -0.0928994417 0.0897966027 0.0910000056 0.138574138 -0.0412551984 0.0960000008 0.135645926 -0.0441834033 0.0940000042 0.135645926 -0.0441834033 0.0960000008 0.0486459322 0.0452806987 0.0940000042 0.0471818298 0.0467448011 0.0910000056 0.0486459322 0.0452806987 0.0910000056 -0.0920321345 0.0106323343 0.0940000042 0.153716952 -0.131957829 0.0284561347 0.153379023 -0.133799136 0.029243242 0.154119387 -0.133401692 0.0300584715 -0.10426873 -0.0607552007 0.0960000008 -0.100608476 -0.0570949465 0.0940000042 -0.100608476 -0.0570949465 0.0960000008 0.0226467028 -0.0209858622 0.0960000008 0.0223438721 -0.0221160445 0.0940000042 0.0222523659 -0.0222075507 0.0960000008 -0.100608476 0.0719050542 0.0960000008 -0.0956084877 0.0732448027 0.0940000042 -0.0956084803 0.0732448027 0.0960000008 0.0827262625 0.112883963 0.0160000008 0.0828859508 0.112991162 0.0179999992 0.127621606 0.0886512399 0.0940000042 0.127583444 0.0885347947 0.0910000056 0.12302839 0.0876034349 0.0910000056 0.123174734 0.0873853341 0.0940000042 0.124132194 0.0871475115 0.0910000056 -0.0952733234 -0.0110687818 0.0910000056 -0.0952591375 -0.0114103211 0.0940000042 -0.0946645215 -0.0127218012 0.0910000056 -0.0883656889 0.0881431326 0.0910000056 -0.088306196 0.0884447098 0.0940000042 -0.0886297598 0.0893078521 0.0910000056 -0.126445889 0.125045016 0.0179999992 -0.126554295 0.131490365 0.015988607 -0.126550496 0.131393254 0.0179965775 -0.110665269 -0.119833194 0.057891313 -0.111019827 -0.117938094 0.0572145768 -0.111101769 -0.119439058 0.0586997792 -0.0930325985 -0.0134267313 0.0910000056 -0.0913644433 -0.0125512099 0.0940000042 -0.0912782326 -0.0124263195 0.0910000056 0.0851811543 0.112475656 0.0160000008 0.0827573612 0.110244393 0.0130000003 0.084942013 0.112125888 0.0130000003 -0.0917267501 -0.0880967528 0.0940000042 -0.0896925479 -0.0873984173 0.0910000056 -0.0921074599 -0.088373512 0.0910000056 -0.0895244032 -0.0873984173 0.0940000042 -0.0872419477 -0.0882515833 0.0910000056 -0.0752159432 0.00276138098 0.0940000042 -0.0743540674 0.00274480018 0.0910000056 -0.076354064 0.00220890157 0.0910000056 0.112891242 0.00179232378 0.0940000042 0.116507813 0.00276138168 0.0910000056 0.112598419 0.00149950373 0.0910000056 0.0821617246 -0.115009271 0.0130000003 0.0825681388 -0.115219854 0.0160000008 -0.0730338991 0.0475976318 0.0910000056 -0.0726999566 0.0488289483 0.0940000042 -0.07278651 0.049432423 0.0910000056 -0.0894549266 0.0870767385 0.0910000056 -0.0887373462 0.0874295384 0.0940000042 -0.0928917825 0.112829939 0.0179999992 -0.0928260982 0.113744803 0.0160000008 -0.0885331109 -0.0943465754 0.0940000042 -0.0880832151 -0.0942084417 0.0910000056 0.19089593 0.00177588896 0.0960000008 0.193400085 0.00225930894 0.0940000042 0.193750083 0.00216552638 0.0960000008 0.114942022 -0.114636295 0.0160000008 0.115297459 -0.11647325 0.0130000003 0.114862002 -0.11448843 0.0130000003 0.120623447 0.089696236 0.0940000042 0.121317767 0.090791896 0.0910000056 0.120399602 0.0883547887 0.0910000056 0.0787176415 -0.11814446 0.0160000008 0.116782248 1.9027907e-06 0.0910000056 0.115125418 0.000357428158 0.0910000056 0.120564215 -0.0919098407 0.0910000056 0.120897211 -0.0928644612 0.0940000042 0.080982253 -0.112786621 0.0160000008 0.0831256881 -0.112964228 0.0130000003 0.0805224404 -0.112887137 0.0130000003 -0.0883097053 -0.091081433 0.0910000056 -0.088306196 -0.0909552872 0.0940000042 -0.0888988897 -0.0898601115 0.0910000056 -0.0704446658 -0.0025170783 0.0940000042 -0.0723540634 -0.00471930159 0.0910000056 -0.0708899647 -0.00325520011 0.0910000056 0.0903094411 0.122809269 0.0160000008 0.0915662199 0.124785475 0.0179999992 0.0916437879 0.125045091 0.0160000008 -0.0739985332 -0.0029120394 0.0960000008 -0.0747096017 -0.0029120394 0.0910000056 -0.0756111667 -0.00239151786 0.0960000008 -0.0844495818 0.10773626 0.0729918927 0.0420540012 0.109413952 0.0741145685 -0.084437184 0.109541506 0.0738529339 -0.0702490136 0.048641935 0.0940000042 -0.0705115423 0.0475146845 0.0910000056 -0.0703891963 0.0494917706 0.0910000056 0.0498721041 0.000340278639 0.0960000008 0.0510014556 0.000401639525 0.0910000056 0.0519030355 -0.000118886761 0.0960000008 -0.0891230255 0.0896560326 0.0940000042 -0.0902943686 0.0896384194 0.0910000056 0.17398338 0.111747652 0.0160000008 0.174608216 0.112829916 0.0179999992 0.174608201 0.114659689 0.0160000008 -0.090850018 -0.0913568735 0.0910000056 -0.0902943686 -0.0921488181 0.0940000042 -0.0894549191 -0.0923232585 0.0910000056 -0.118626937 0.0963661373 0.0939999521 -0.108296856 0.0454754196 0.0940000042 -0.108465031 0.0271642599 0.0940000042 0.111220047 -0.115073688 0.0160000008 0.112322122 -0.115099788 0.0130000003 0.112401702 -0.115141012 0.0160000008 0.1227853 0.0891082808 0.0910000056 0.12516278 -0.0916015506 0.0910000056 0.125035644 -0.0901725292 0.0940000042 0.169564441 -0.114258051 0.0160000008 0.168861881 -0.116880074 0.0179999992 0.16893959 -0.117170073 0.0160000008 0.116782248 -0.00251230295 0.0960000008 0.115773514 -0.00302384072 0.0910000056 0.115125418 -0.00286782836 0.0960000008 0.110470042 -0.116203383 0.0160000008 0.111128047 -0.115121357 0.0130000003 0.123490855 -0.0921957493 0.0940000042 0.123596996 -0.0922334716 0.0910000056 -0.0905147493 -0.118027791 0.0570305884 -0.0905271396 -0.119818062 0.0579223558 0.125066891 -0.0943465754 0.0940000042 0.122344308 -0.0941966102 0.0910000056 0.126358062 0.0857411847 0.0940000042 0.123784617 0.0848577172 0.0910000056 0.126490504 0.0858631134 0.0910000056 0.12284749 0.0892105401 0.0940000042 0.112615928 0.114833921 0.0160000008 0.112992525 0.114132755 0.0130000003 0.112968445 0.11320287 0.0160000008 0.0916284174 0.131475106 0.0179641061 0.124659881 0.0919392481 0.0940000042 -0.0892141461 -0.0921768844 0.0940000042 -0.088386789 -0.0913495347 0.0960000008 0.127583444 -0.0910451934 0.0940000042 0.127583444 -0.0908652171 0.0910000056 -0.0864923149 -0.0927439183 0.0940000042 -0.0864692852 -0.0925702676 0.0910000056 0.108556584 0.0834947973 0.0960000008 0.107424513 0.0824308097 0.0940000042 0.107252404 0.0823615342 0.0960000008 -0.0885705203 0.00865008961 0.0940000042 -0.0893930048 0.00599957537 0.0910000056 -0.0885723308 0.00961907394 0.0910000056 -0.0915085375 0.0101910196 0.0960000008 -0.092655994 0.0108535048 0.0940000042 0.124385878 -0.0921768844 0.0940000042 0.125170112 -0.0915941447 0.0940000042 0.134334296 -0.0917782187 0.0940000042 -0.0860707834 -0.0905776992 0.0910000056 0.0803999752 0.117111169 0.0160000008 0.0808192715 0.117172122 0.0130000003 0.0789154693 0.115863092 0.0130000003 -0.0741048679 0.0447178856 0.0940000042 -0.0752620623 0.0447401069 0.0910000056 -0.0720226914 0.0453644581 0.0910000056 0.115895137 0.0447178856 0.0940000042 0.115396731 0.0447178856 0.0910000056 -0.0732157007 0.0500231609 0.0940000042 -0.0740947053 0.0504367836 0.0910000056 0.17468591 -0.116880104 0.0160000008 0.173983365 -0.114258036 0.0179999992 0.174285382 -0.114805199 0.0160000008 -0.0976827294 -0.011901184 0.0940000042 -0.0976446345 -0.0121294875 0.0910000056 0.120700546 0.0870930329 0.0940000042 0.121431641 0.0859740078 0.0910000056 0.0999300852 0.129488409 0.0283720996 0.153379038 0.129490972 0.0283668377 0.12199939 -0.0880406946 0.0910000056 0.125362203 0.0883168131 0.0910000056 0.124476992 0.0896560326 0.0940000042 -0.0871095136 -0.0883735046 0.0940000042 0.112634748 0.114697151 0.0160000008 0.112527549 0.114856847 0.0179999992 0.111020252 0.114856847 0.0160000008 0.0489890948 -0.00161072542 0.0960000008 0.0493888333 -0.000118887452 0.0910000056 -0.0906794593 0.0126742879 0.0910000056 -0.0945546925 0.0103447493 0.0960000008 -0.0947084278 0.0101910168 0.0940000042 0.115285292 -0.116620064 0.0160000008 0.114477538 -0.118621722 0.0130000003 -0.0759523213 0.0837356076 0.0960000008 -0.0759523287 0.0857539922 0.0940000042 -0.0758588612 0.0859480798 0.0960000008 0.113562636 0.116860963 0.0160000008 0.115233824 0.11471381 0.0130000003 0.113404311 0.116946645 0.0130000003 0.113279648 -0.11303176 0.0160000008 0.112855077 -0.112828679 0.0130000003 -0.100608476 0.0545845479 0.0960000008 -0.10426873 0.0582448021 0.0940000042 -0.10426873 0.0582448021 0.0960000008 -0.147521719 -0.134817645 0.0181092191 -0.147726104 -0.106255196 0.0160000008 -0.147678658 -0.13431403 0.016010087 0.0810939223 -0.11978332 0.0160000008 0.0796387196 -0.119145013 0.0130000003 0.0821514055 -0.119792901 0.0130000003 0.111274056 -0.117489785 0.0159999933 0.112360142 -0.117463902 0.0179999992 0.112726256 -0.117116049 0.0160000008 0.110518724 0.113475464 0.0179999992 0.110661864 0.112991162 0.0160000008 0.112209842 -0.117497355 0.0130000133 0.112685956 -0.11721617 0.0160000008 0.112276338 -0.11981295 0.0160000008 0.112151414 -0.119792901 0.0130000003 -0.0894549266 -0.0895871446 0.0940000042 -0.0904252753 -0.0898957253 0.0910000056 0.11564593 -0.00525520043 0.0940000042 0.112891242 -0.0043027238 0.0910000056 0.11564593 -0.00525520043 0.0910000056 0.0828180164 0.112962134 0.0130000003 0.0826859474 0.112783827 0.0160000008 0.108915456 0.111626528 0.0160000008 0.10821712 0.11366073 0.0130000003 0.109381363 0.111006945 0.0130000003 0.0786057934 0.112125888 0.0160000008 0.0782016888 0.113358483 0.0130000003 0.0796387345 0.110854976 0.0130000003 -0.106358483 0.0476419143 0.0960000008 -0.104108475 0.0482448004 0.0940000042 -0.104108475 0.0482448004 0.0960000008 -0.0864923149 0.0902335271 0.0910000056 0.110692725 -0.112828679 0.0160000008 0.110558175 -0.11294084 0.0130000003 0.108915456 -0.114136927 0.0130000003 -0.0782709941 0.0498358198 0.0940000042 -0.0781965852 0.0499749333 0.0910000056 -0.0927476585 -0.0925702974 0.0940000042 -0.0931600556 -0.0907452703 0.0910000056 0.111378938 0.112468153 0.0130000031 0.111274064 0.112510219 0.0159999933 0.112372905 0.112623781 0.0160000008 0.110982254 0.117213391 0.0160000008 0.110819265 0.117172122 0.0130000003 0.108901888 0.0852834731 0.0960000008 0.108556584 0.0834947973 0.0940000042 -0.122875743 -0.12398532 0.0179999992 0.0880736485 -0.12398532 0.0160000008 0.0883332565 -0.124062896 0.0179999992 -0.0941848233 -0.0131427348 0.0940000042 -0.118608475 -0.0246302001 0.0940000042 -0.118666649 -0.0992490128 0.0939769894 -0.11863675 -0.0996382162 0.0959751233 -0.0932165682 -0.0158282127 0.0940000042 -0.0958319977 -0.0149303339 0.0910000056 0.0848301724 0.115634046 0.0160000008 0.0851811469 0.115013957 0.0130000003 0.0831256583 0.117035791 0.0130000003 -0.104108475 0.0242448002 0.0960000008 -0.106358483 0.0248476863 0.0940000042 -0.106358483 0.0248476863 0.0960000008 -0.0945546925 0.00714485068 0.0940000042 -0.0931084752 0.00664479937 0.0960000008 -0.0931084752 0.00664479937 0.0940000042 -0.0759523287 -0.0882643908 0.0960000008 -0.0759523213 -0.0862460062 0.0940000042 -0.0758588538 -0.0860519111 0.0960000008 -0.0711191744 0.0511559509 0.0940000042 0.186713681 0.131538182 0.0180017687 0.186773911 0.103744797 0.0160000008 0.186677352 0.13195321 0.0160236713 0.172398761 -0.113343172 0.0160000008 0.17114906 -0.113343172 0.0179999992 0.120700546 -0.089603439 0.0910000056 0.111073464 0.114814803 0.0160000008 0.112161726 0.114990734 0.0130000003 0.186773911 0.103744797 0.0179999992 0.185434163 0.0987448022 0.0160000008 0.111040227 -0.117294602 0.0130000003 0.110470042 -0.116307005 0.0130000003 0.0863915235 -0.0570949465 0.0960000008 0.0900517777 -0.0607552007 0.0940000042 0.0900517777 -0.0607552007 0.0960000008 0.0811960548 0.112494864 0.0129999919 0.0816214085 0.112485133 0.0160000008 -0.0766854361 0.0453644544 0.0940000042 -0.0782709941 0.0476537757 0.0910000056 -0.0772657022 0.0459841453 0.0910000056 0.0804334134 0.113431364 0.0160000008 -0.074823454 0.0470986702 0.0910000056 -0.0747478157 0.0470407456 0.0940000042 0.0782794654 -0.115586862 0.0160000008 0.0786057934 -0.114636287 0.0130000003 0.0782794654 -0.116923541 0.0130000003 0.0805676877 0.114408284 0.0130000003 0.0812200382 0.114926316 0.0160000008 0.0534006357 -0.0043027224 0.0940000042 0.0526459329 -0.00471930159 0.0910000056 0.0541100353 -0.00325520011 0.0910000056 0.186773911 -0.106255196 0.0179999992 0.185434163 -0.101255201 0.0179999992 0.0792270452 -0.113810517 0.0160000008 -0.0947084278 -0.0127014183 0.0960000008 -0.0945546925 -0.0128551498 0.0940000042 -0.0886297598 -0.0918182507 0.0940000042 0.122769825 -0.0905608684 0.0960000008 0.122736335 -0.0906858668 0.0940000042 0.0579182506 -0.10934443 0.0794067159 0.0998640582 -0.131984383 0.0284016747 0.0580424257 -0.107691124 0.0782340169 0.131645933 0.0427448004 0.0960000008 0.135645926 0.0416730046 0.0940000042 0.10821712 0.113828875 0.0160000008 0.108915463 0.115863085 0.0130000003 0.124852344 0.0893971696 0.0940000042 0.123722173 0.0896999836 0.0960000008 0.123597175 0.0896664858 0.0940000042 -0.147726104 -0.106255196 0.0179999992 -0.146386355 -0.101255201 0.0160000008 0.124862656 0.0874295384 0.0940000042 -0.0977232456 -0.114045739 0.0179999992 -0.0948112234 -0.113420881 0.0179999992 -0.137726098 -0.0962551981 0.0179999992 0.0822098404 -0.117497355 0.0130000133 0.0823729187 -0.117376208 0.0160000008 0.0808896199 -0.117202058 0.0130000003 -0.0952733234 0.00893121772 0.0910000056 0.11311049 -0.116198882 0.0130000003 0.113022566 -0.116013788 0.0160000008 0.117645934 -0.00471930159 0.0940000042 0.117645934 -0.00471930159 0.0910000056 0.113877296 -0.00138278201 0.0910000056 0.113877296 -0.00112761813 0.0960000008 -0.0716494769 0.0456549451 0.0940000042 -0.10426873 -0.0707551986 0.0960000008 -0.105608478 -0.0657551959 0.0940000042 -0.105608478 -0.0657551959 0.0960000008 0.139645934 -0.0372551717 0.0960000008 0.138574138 -0.0412551984 0.0940000042 -0.0892141461 0.0872231126 0.0940000042 -0.0882686004 0.0883481428 0.0960000008 0.125213221 0.0880504847 0.0960000008 0.125293806 0.0884447172 0.0940000042 0.112818018 0.112962134 0.0130000003 0.111612186 0.0488289744 0.0940000042 0.112190403 0.0508876741 0.0910000056 0.111613795 0.0479676947 0.0910000056 0.121655241 -0.0883085579 0.0940000042 -0.0744973794 -0.0848912448 0.0940000042 -0.0743493736 -0.0848404989 0.0960000008 0.0506459326 -0.00525520043 0.0910000056 0.116903037 0.0476084873 0.0940000042 0.117241412 0.0495186336 0.0960000008 0.117296144 0.0490266792 0.0940000042 0.117350861 0.0485921763 0.0910000056 0.116834775 0.0499353036 0.0910000056 -0.0723540634 0.00220890157 0.0940000042 -0.0704446658 6.67815993e-06 0.0910000056 -0.0723540634 0.00220890157 0.0910000056 -0.0758976787 0.0494140685 0.0940000042 -0.0759374499 0.0481760018 0.0940000042 -0.086934723 0.090791896 0.0940000042 -0.088813968 0.0919489115 0.0910000056 0.0466459319 -0.00125520001 0.0910000056 0.0471818298 -0.00325520011 0.0940000042 0.0466459319 -0.00125520001 0.0940000042 -0.0758076087 0.0497174598 0.0910000056 -0.0758976787 0.0480755493 0.0910000056 -0.0743601173 -0.0896973461 0.0960000008 -0.0758588538 -0.0884584859 0.0940000042 0.0416866615 -0.110177368 0.0731340274 -0.0844495744 -0.112044409 0.073868297 0.0421426669 -0.111893579 0.0741776973 0.11399617 0.0493254215 0.0910000056 0.11399617 0.0481641851 0.0940000042 0.114317276 0.0477126762 0.0910000056 -0.123135358 -0.124062896 0.0160000008 -0.12511155 -0.125319675 0.0179999992 -0.12511155 -0.125319675 0.0160000008 -0.0778181702 0.000744800025 0.0940000042 -0.0778181702 0.000744800025 0.0910000056 -0.12511155 0.122809269 0.0160000008 -0.123135351 0.12155249 0.0179999992 -0.122875735 0.121474922 0.0160000008 0.195677027 -0.00300520007 0.0960000008 0.193750069 -0.00467592897 0.0940000042 0.19340007 -0.00476971036 0.0960000008 0.116782248 0.0500019006 0.0940000042 0.115290418 0.0504016392 0.0960000008 0.115125418 0.0503574274 0.0940000042 0.0783139914 0.114713818 0.0160000008 -0.0759666935 -0.00177572411 0.0910000056 -0.0759666935 -0.000734676025 0.0960000008 -0.0931019858 0.0879365206 0.0940000042 0.0883332491 0.12155249 0.0160000008 0.0903094411 0.122809269 0.0179999992 0.18251659 -0.137733221 0.021126816 0.121531554 -0.100552954 0.0928764045 0.121531554 -0.102350704 0.0937528089 -0.101858474 -0.0273580849 0.0940000042 -0.101858474 -0.0273580849 0.0960000008 0.10742452 -0.0849412158 0.0960000008 0.108556584 -0.086005196 0.0940000042 0.108556584 -0.086005196 0.0960000008 0.117645934 0.00220890157 0.0940000042 0.119110033 0.000744800025 0.0910000056 0.115278013 0.11453931 0.0160000008 0.114942022 0.112125896 0.0130000003 0.110470042 0.113692984 0.0130000003 0.110470042 0.113796607 0.0160000008 0.115600683 0.0470336527 0.0910000056 0.116993248 0.0476889499 0.0940000042 0.11673373 0.0474888235 0.0910000056 -0.104108475 -0.050755199 0.0960000008 -0.106358483 -0.050152313 0.0940000042 -0.106358483 -0.050152313 0.0960000008 -0.0952591375 0.00858967844 0.0940000042 -0.0947084278 0.00729858177 0.0960000008 0.0536934584 0.0514995009 0.0940000042 0.0546459332 0.0487448014 0.0910000056 0.0534006394 0.0517923199 0.0910000056 0.119110033 -0.00325520011 0.0940000042 0.119640261 0.0962518752 0.0960044637 0.124943852 0.0893056616 0.0960000008 0.209709913 0.0534643643 0.0960000008 -0.0730969757 -0.000118877491 0.0960000008 -0.0727585927 -0.00202903361 0.0910000056 -0.0727414489 -0.00177572726 0.0960000008 0.125213221 -0.0913495123 0.0960000008 -0.0947084278 -0.00980898272 0.0940000042 -0.095208481 -0.0112552 0.0960000008 -0.0935166553 0.115741968 0.0179999992 -0.0937289521 0.115954265 0.0160000008 -0.142726094 -0.0975949466 0.0179999992 -0.137726098 -0.0962551981 0.0160000008 -0.142726094 -0.0975949466 0.0160000008 -0.119115464 -0.101865433 0.0946509168 -0.14610143 -0.135941565 0.0201972332 -0.14593856 -0.137810737 0.0208584294 0.0998640582 0.13127175 0.029278079 0.0580618382 0.105206415 0.0781813115 -0.105608478 0.0632447973 0.0960000008 -0.10426873 0.0682448 0.0960000008 -0.118680798 0.0970699117 0.0959475189 0.116430618 0.0502660982 0.0940000042 0.115476377 0.0504481308 0.0910000056 0.0806618631 0.112991162 0.0160000008 0.0813795552 0.112523124 0.0179999992 0.219645947 0.0270191319 0.0960000008 0.219645932 -0.0295295697 0.0960000008 0.219645947 -0.0295295175 0.0940000042 0.112360142 -0.115046509 0.0160000008 0.110913053 -0.115302861 0.0179999992 0.110821553 -0.115394361 0.0160000008 0.0222523697 -0.0942075476 0.0960000008 0.0206378736 -0.0943672433 0.0960000008 0.119624741 -0.0987901911 0.0960084647 -0.0872419477 0.0857411847 0.0940000042 -0.0895244032 0.0848880187 0.0910000056 0.126490504 -0.088373512 0.0940000042 0.173983365 0.115741961 0.0179999992 0.172398761 0.116656825 0.0160000008 0.121999383 0.085530296 0.0940000042 -0.119901277 -0.131230876 0.0345114544 -0.116670296 -0.125046566 0.0426331088 -0.116670296 -0.126844317 0.0435095131 0.112107538 0.104641423 0.0793402717 0.0586880036 0.106429376 0.0802367702 0.11217358 0.10645359 0.0801870972 -0.0756159425 -0.00516460184 0.0940000042 -0.0778181702 -0.00325520011 0.0910000056 -0.0752159432 -0.00527178124 0.0910000056 0.181773901 0.095084548 0.0179999992 0.176773906 0.0937447995 0.0160000008 0.181773901 0.095084548 0.0160000008 0.0466459319 0.0487448014 0.0940000042 0.0475984104 0.0514995009 0.0910000056 0.0466459319 0.0487448014 0.0910000056 -0.100608476 -0.0744154528 0.0960000008 -0.10426873 -0.0707551986 0.0940000042 -0.101858474 -0.050152313 0.0960000008 -0.104108475 -0.050755199 0.0940000042 -0.0968239531 0.00599957025 0.0940000042 -0.097646445 0.00865008961 0.0910000056 -0.124989673 0.133398637 0.0200091079 -0.119901277 0.128720477 0.0345114507 -0.119880907 0.126921445 0.0336376429 -0.0735802352 0.000340279832 0.0910000056 -0.0756111667 -0.00011888241 0.0910000056 0.0490333065 -0.00177572563 0.0910000056 0.0478912331 -0.0043027224 0.0910000056 0.16893959 0.112829931 0.0160000008 0.170859054 0.110910483 0.0179999992 0.171149045 0.110832773 0.0160000008 0.118501894 0.051695317 0.0940000042 0.119495161 0.0501750149 0.0910000056 0.11749611 0.0523655042 0.0910000056 -0.103202596 -0.107179239 0.0792840272 -0.103190199 -0.108984485 0.0801450685 -0.0985604152 0.112829953 0.0160000008 -0.137726098 0.0937447995 0.0160000008 0.0583206713 -0.107192792 0.0792562291 0.112107545 -0.108949572 0.080216676 0.0586586259 -0.108947001 0.0802219361 0.0506459326 -0.00525520043 0.0940000042 -0.124840736 -0.135855183 0.0203577485 -0.124917127 -0.137850881 0.0206512641 0.114583924 0.0501343943 0.0940000042 -0.108398363 -0.0297056008 0.0940000042 -0.10827367 -0.0481145866 0.0940000042 -0.095208481 0.00874479953 0.0960000008 0.0841664523 -0.118993044 0.0160000008 0.0844775364 -0.118621714 0.0130000003 0.11217358 -0.107166238 0.0793106928 0.0209971853 -0.0224768892 0.0960000008 0.0201698337 -0.0216495376 0.0940000042 -0.0747096017 0.000401639263 0.0960000008 0.0877075046 0.13526094 0.0210238583 0.0689371824 0.12253616 0.0426331088 0.0689371824 0.124333918 0.0435095131 0.186714962 -0.134568855 0.0160275549 0.186698228 -0.134139121 0.0180057399 -0.126368314 -0.127295822 0.0179999992 -0.126445889 -0.12755543 0.0160000008 -0.0985604152 -0.117170051 0.0160000008 -0.0966409668 -0.119089514 0.0179999992 -0.0963509679 -0.119167224 0.0160000008 0.0806618556 -0.11700885 0.0160000008 -0.0960025787 -0.0147975627 0.0940000042 -0.0957260951 -0.113355197 0.0160000008 -0.097935535 -0.114258029 0.0160000008 -0.103226505 0.104682758 0.079255484 -0.103164978 0.106460966 0.08017198 0.113029093 -0.115985885 0.0179999992 -0.0928260982 -0.116255201 0.0160000008 -0.0932146236 -0.114805199 0.0179999992 -0.0937289521 -0.114045739 0.0160000008 0.209709883 -0.0559748225 0.0940000042 0.209709898 -0.0559747927 0.0960000008 0.0541100353 0.0467448011 0.0910000056 0.0852852911 -0.116620064 0.0160000008 0.0852974579 -0.11647325 0.0130000003 0.0522585623 -0.00073467457 0.0910000056 0.052113831 -0.00225000805 0.0960000008 -0.101858474 0.0248476863 0.0960000008 -0.104108475 0.0242448002 0.0940000042 0.107252412 -0.0848719403 0.0940000042 0.0863915235 -0.0744154528 0.0940000042 0.0900517777 -0.0707551986 0.0940000042 0.0201698337 -0.0936495438 0.0940000042 0.0202794801 -0.0925015584 0.0960000008 -0.094299376 -0.00938538555 0.0940000042 -0.0941848233 -0.00936766807 0.0910000056 0.0832796544 -0.11303176 0.0160000008 0.0848619938 -0.114488423 0.0130000003 0.084942013 -0.114636287 0.0160000008 -0.074349381 0.087159507 0.0960000008 0.107252426 0.0871280655 0.0940000042 0.107424527 0.08705879 0.0960000008 0.109242976 -0.118865654 0.0160000008 0.10821712 -0.116339266 0.0130000003 0.109381355 -0.118993044 0.0130000003 0.127645925 0.0416730046 0.0960000008 0.131645933 0.0427448004 0.0940000042 -0.0942760929 -0.118766673 0.0179999992 -0.0935166478 -0.118252359 0.0160000008 0.111093901 0.110216685 0.0160000008 0.112757355 0.110244393 0.0130000003 0.083110489 -0.116198882 0.0130000003 -0.0957897305 -0.00281770015 0.0960000008 -0.0916622654 0.00714485114 0.0960000008 0.11100024 0.114763118 0.0130000003 0.0863915235 -0.0744154528 0.0960000008 0.0813915208 -0.0757552013 0.0940000042 0.0813915208 -0.0757552013 0.0960000008 -0.0886561275 -0.0900943652 0.0960000008 -0.0887476355 -0.0900028497 0.0940000042 0.209709898 0.0534643941 0.0940000042 0.219645932 0.027019171 0.0940000042 -0.10426873 -0.0607552007 0.0940000042 -0.108376719 0.0454540215 0.0960000008 -0.106358483 0.0476419143 0.0940000042 -0.0957260951 0.1166448 0.0160000008 -0.0963509604 0.116656817 0.0179999992 -0.097935535 0.115741968 0.0160000008 -0.0956084952 -0.0757552013 0.0940000042 0.139645934 0.0347447991 0.0960000008 0.139645934 0.0347447991 0.0940000042 -0.0956084803 -0.055755198 0.0940000042 0.0813915208 -0.055755198 0.0940000042 0.0813915208 -0.055755198 0.0960000008 -0.0904693231 0.0874924436 0.0940000042 -0.0893391445 0.0871896148 0.0960000008 0.107341103 -0.0896264464 0.0940000042 -0.0743493885 -0.0896699056 0.0940000042 -0.0931084752 -0.0133552002 0.0940000042 -0.0916622654 -0.0128551489 0.0960000008 -0.0915085375 -0.0127014201 0.0940000042 0.0999301001 -0.133796558 0.0292484965 -0.0744973794 0.0871087611 0.0940000042 0.119562864 0.0476537831 0.0940000042 -0.0723540634 -0.00471930159 0.0940000042 -0.0915085375 0.00729857991 0.0940000042 0.0863915235 -0.0570949465 0.0940000042 0.1088349 0.0855334774 0.0940000042 -0.137726098 0.0937447995 0.0179999992 -0.142726094 0.095084548 0.0160000008 -0.0744973719 0.0823808461 0.0960000008 -0.0758588538 0.0835415125 0.0940000042 0.15185605 0.0262943879 0.0940000042 0.151980743 0.0266041718 0.0960000008 0.15177317 -0.0286569707 0.0960000008 0.131645933 -0.0452551991 0.0960000008 0.127645925 -0.0441834033 0.0940000042 0.127645925 -0.0441834033 0.0960000008 0.0900517777 0.0582448021 0.0960000008 0.0863915235 0.0545845479 0.0940000042 0.0863915235 0.0545845479 0.0960000008 0.153895929 -0.0311523136 0.0960000008 0.151877701 -0.0289644077 0.0940000042 0.196160451 -0.000501041242 0.0960000008 0.196160451 -0.00200935872 0.0940000042 0.153895929 0.0286419149 0.0940000042 0.153895929 0.0286419149 0.0960000008 -0.100608476 0.0719050542 0.0940000042 0.0900517777 0.0682448 0.0960000008 0.0913915262 0.0632447973 0.0940000042 0.0913915262 0.0632447973 0.0960000008 -0.108608484 -0.0312552005 0.0960000008 -0.108005598 -0.0290051997 0.0960000008 -0.0251062755 0.0532447994 0.0940000042 -0.0822334811 0.0532447994 0.0960000008 -0.026281273 0.0532447994 0.0960000008 0.131645933 -0.0452551991 0.0940000042 -0.0956084803 0.0532447994 0.0960000008 -0.100608476 0.0545845479 0.0940000042 0.0813915208 0.0732448027 0.0940000042 -0.10426873 0.0682448 0.0940000042 0.19089593 -0.00428628922 0.0940000042 0.18997936 -0.00366556877 0.0960000008 0.0541100353 0.000744800025 0.0940000042 0.0546459332 -0.00125520001 0.0910000056 0.158395931 0.0286419149 0.0960000008 0.160414174 0.0264540147 0.0940000042 0.160518706 0.0261465926 0.0960000008 -0.0998186022 0.0271951947 0.0940000042 -0.0998186022 0.045294404 0.0960000008 -0.0999432877 0.0456041805 0.0940000042 0.160311118 -0.0291145742 0.0960000008 0.158395931 -0.0311523136 0.0940000042 0.169564441 0.115741946 0.0160000008 0.168861881 0.11311993 0.0179999992 -0.108398363 0.0271952022 0.0960000008 0.0813915208 0.0532447994 0.0940000042 0.0813915208 0.0532447994 0.0960000008 -0.108398363 -0.0478047989 0.0960000008 0.0863915235 0.0719050542 0.0960000008 0.0900517777 0.0682448 0.0940000042 0.0813915208 0.0732448027 0.0960000008 0.0863915235 0.0719050542 0.0940000042 -0.101858474 0.0476419143 0.0940000042 -0.101858474 0.0476419143 0.0960000008 0.0502904095 -0.00291203987 0.0910000056 0.0501254126 -0.00286782905 0.0960000008 0.124717727 0.0387447998 0.0960000008 0.127645925 0.0416730046 0.0940000042 -0.0910084769 -0.0112552 0.0960000008 -0.0910397321 -0.0106689176 0.0940000042 -0.0735802352 0.0503402799 0.0940000042 0.123039164 -0.0918160379 0.0960000008 0.123130672 -0.0919075459 0.0940000042 -0.0913723409 0.00455101253 0.0940000042 -0.0926473513 0.00668208348 0.0940000042 -0.0910084769 0.00874479953 0.0960000008 -0.0937545598 -0.0067267674 0.0940000042 0.0913915262 -0.0657551959 0.0960000008 0.0900517777 -0.0707551986 0.0960000008 -0.0915801525 0.00449752994 0.0910000056 0.186773911 -0.106255196 0.0160000008 0.185434163 -0.101255201 0.0160000008 0.119110033 0.000744800025 0.0940000042 -0.09086366 -0.0906858668 0.0940000042 -0.0905608311 -0.0918160453 0.0960000008 -0.0904693231 -0.0919075459 0.0940000042 -0.0893391371 -0.0922103822 0.0960000008 0.124717727 -0.0412551984 0.0940000042 0.124717727 -0.0412551984 0.0960000008 -0.090002805 -0.0897335038 0.0940000042 -0.0896925479 0.0848880187 0.0940000042 -0.0908301622 0.0888391435 0.0960000008 -0.09086366 0.0887141377 0.0940000042 0.0506459326 0.0527448021 0.0940000042 0.0506459326 0.0527448021 0.0910000056 0.113948509 0.0450846255 0.0940000042 0.113225035 0.0454780199 0.0910000056 -0.0908500105 -0.0905535296 0.0940000042 -0.0931084752 -0.0133552002 0.0960000008 0.0522414148 0.0495186299 0.0960000008 0.0519030355 0.047608491 0.0910000056 0.051419761 0.0471493229 0.0960000008 0.122651637 0.0885414556 0.0960000008 -0.0999432951 0.0268854201 0.0960000008 -0.101858474 0.0248476863 0.0940000042 0.110661857 -0.11700885 0.0160000008 -0.0735802352 0.0471493192 0.0960000008 -0.0730969757 0.0476084799 0.0940000042 -0.0726972371 0.0491003245 0.0960000008 -0.0946645215 0.00727819884 0.0910000056 0.113877296 0.0486172214 0.0940000042 0.115125418 0.0471321717 0.0960000008 0.115290411 0.0470879599 0.0940000042 0.116782248 0.0474876985 0.0960000008 0.0502904095 0.0470879599 0.0910000056 0.0823601559 -0.115046509 0.0160000008 0.0806618631 -0.11550156 0.0179999992 0.0808215514 -0.115394361 0.0160000008 0.0510014556 0.0504016392 0.0910000056 0.0506459326 0.0503947996 0.0960000008 0.112190396 0.0466019362 0.0940000042 0.08787404 -0.137876734 0.0206240546 -0.097646445 0.00883951038 0.0940000042 -0.0968239531 0.0114900302 0.0910000056 0.0471818298 0.0467448011 0.0940000042 0.115773514 0.000513440464 0.0960000008 0.117302775 -0.000899674662 0.0960000008 -0.0909588188 0.091706641 0.0940000042 -0.0997519344 -0.0296746567 0.0940000042 -0.0998186022 -0.0297055934 0.0960000008 -0.0905608237 0.0875839517 0.0960000008 0.0916437879 -0.12755549 0.0179999992 0.0916394517 -0.134289518 0.0159783252 0.0915556028 -0.134082124 0.0179735869 0.0903094411 -0.125319675 0.0160000008 0.0478912331 0.00179232226 0.0940000042 0.0486459322 0.00220890157 0.0910000056 0.0471818298 0.000744800025 0.0910000056 -0.0986381173 -0.116880052 0.0179999992 0.0519030355 -0.00239151274 0.0910000056 0.115476377 0.0470414758 0.0940000042 0.0830290914 -0.115985863 0.0179999992 0.0211221855 -0.0225103814 0.0940000042 0.189225212 -0.00235934602 0.0940000042 0.189225212 -0.00015105393 0.0960000008 0.0226467047 -0.0929858685 0.0960000008 0.0226002168 -0.0938414335 0.0940000042 0.0546459332 0.0487448014 0.0940000042 0.0506459326 0.0447448008 0.0940000042 0.181773901 -0.0975949466 0.0179999992 0.181773901 -0.0975949466 0.0160000008 0.110565208 -0.116841443 0.0179999992 0.123645931 0.0347447991 0.0960000008 0.124717727 0.0387447998 0.0940000042 -0.092655994 -0.00914649572 0.0940000042 -0.0945546925 -0.00965525117 0.0960000008 0.11164593 -0.00125520001 0.0940000042 0.11164593 -0.00125520001 0.0910000056 -0.119234554 0.0994219109 0.0945244282 -0.119173668 0.0977283046 0.0934401229 0.119646259 0.0962442532 0.093999058 0.120107926 0.0982703939 0.0954991803 0.120054446 0.0971861631 0.093793802 0.121449403 0.0997918174 0.0938546732 0.121469744 0.098021321 0.0929203555 -0.0893930048 0.0114900256 0.0940000042 0.116062924 0.0527578145 0.0940000042 0.114538483 0.0526989885 0.0910000056 0.173223898 0.111233324 0.0179999992 0.17114906 0.116656825 0.0179999992 0.10821712 -0.116171129 0.0160000008 0.153895929 -0.0311523136 0.0940000042 0.0871932283 -0.135652959 0.0208764039 0.0689371824 -0.126844317 0.0435095131 0.0689371824 -0.125046566 0.0426331088 -0.146386355 0.0987448022 0.0179999992 -0.147726104 0.103744797 0.0160000008 -0.146386355 0.0987448022 0.0160000008 -0.146386355 -0.101255201 0.0179999992 -0.0985604152 0.114659652 0.0179999992 -0.0956084803 -0.055755198 0.0960000008 -0.0998402387 -0.0479644202 0.0960000008 -0.101858474 -0.050152313 0.0940000042 0.109018721 0.115995757 0.0160000008 0.0825750232 0.110198215 0.0160000008 -0.0966409668 0.110910483 0.0179999992 -0.0931365862 -0.0902751982 0.0940000042 -0.147612035 0.132856384 0.0161359422 -0.147726104 0.103744797 0.0179999992 -0.147630468 0.131842747 0.0180398282 0.112885952 0.112991169 0.0179999992 0.111379564 0.112523116 0.0179999992 0.0805187225 0.113475464 0.0179999992 0.080913052 0.114697151 0.0179999992 0.176773906 0.0937447995 0.0179999992 -0.0748234466 0.0503909364 0.0940000042 0.0423277244 0.108900987 0.0751668066 0.0380583033 0.104645006 0.0793329254 0.0380509496 0.106449224 0.0801960602 0.0914714187 0.132226303 0.0160749033 0.089876838 0.134331912 0.0173357055 0.0894639716 0.133103147 0.0189394206 0.088899456 0.135164961 0.0188163705 0.0876550898 0.133310884 0.0204928461 -0.0915085375 -0.00980898086 0.0960000008 -0.125075445 0.135476053 0.0198315214 -0.125910938 0.133879945 0.0168289617 -0.125875771 0.132691428 0.0184819531 -0.146976545 0.133152366 0.0190021396 -0.146748215 0.135202631 0.0187288467 -0.145818502 0.135154352 0.021281369 -0.145851016 0.13327609 0.0205810592 0.185769141 0.132776409 0.0185659621 0.184036881 0.13334018 0.0196071174 0.181946725 0.133142561 0.0208764039 0.181946725 0.134940311 0.0217528082 0.184129417 0.135296255 0.0191125162 0.185664788 0.134347662 0.0172841698 0.0478912294 0.0517923199 0.0940000042 -0.0941848233 0.00685726618 0.0940000042 0.112295501 0.0510485321 0.0940000042 -0.116670296 0.12253616 0.0426331088 -0.116670296 0.124333918 0.0435095131 0.0546459332 -0.00125520001 0.0940000042 0.122372635 0.0916129202 0.0940000042 -0.106358483 -0.0273580849 0.0940000042 0.18997936 0.0011551684 0.0940000042 0.057932578 0.10681437 0.0794470459 0.0582320057 0.104713164 0.0791931078 0.0206378773 -0.0921431631 0.0940000042 0.0217858646 -0.0920335203 0.0960000008 0.15614593 0.029244801 0.0960000008 0.158395931 0.0286419149 0.0940000042 -0.119189501 -0.100341551 0.0932728797 0.120300166 -0.10108155 0.0952778459 0.120212868 -0.0998402387 0.0936969742 0.119656697 -0.0987736061 0.0940030143 -0.026281273 -0.0987551957 0.0960000008 0.0900517777 0.0582448021 0.0940000042 0.108901888 -0.0877938718 0.0940000042 0.1088349 -0.0880438685 0.0960000008 -0.0251062755 -0.0987551957 0.0940000042 0.12494386 -0.0900943428 0.0960000008 0.171149045 -0.119167224 0.0160000008 0.173223898 -0.118766673 0.0179999992 0.173223898 -0.118766673 0.0160000008 0.174608216 -0.117170088 0.0179999992 -0.0928917825 -0.117170066 0.0179999992 0.117302775 -0.00161072542 0.0910000056 0.0821617246 0.114990734 0.0130000003 0.0824017003 0.114858985 0.0160000008 0.170859054 -0.119089521 0.0179999992 -0.105608478 0.0632447973 0.0940000042 0.113877296 0.0488723852 0.0960000008 -0.126368329 0.124785438 0.0160000008 -0.12511155 0.122809269 0.0179999992 0.0829925165 0.114132755 0.0130000003 0.15614593 0.029244801 0.0940000042 -0.100608476 -0.0744154528 0.0940000042 0.0880736411 0.121474922 0.0179999992 0.0821682513 -0.115033522 0.0179999992 0.114862002 0.111978032 0.0160000008 -0.126410902 -0.134835273 0.0160932653 -0.126454175 -0.134222433 0.0179931521 -0.125645474 -0.137166262 0.0176513586 -0.125590175 -0.135584608 0.0189189669 0.176773906 -0.0962551981 0.0160000008 0.0211221706 -0.0945103839 0.0940000042 0.0913915262 -0.0657551959 0.0940000042 0.107352987 -0.0895820707 0.0960000008 0.0887261778 -0.135874584 0.0195678882 0.0891005918 -0.137574285 0.0184614733 0.0900676697 -0.136593133 0.0170848221 0.0900676697 -0.135224164 0.0185424108 0.185938805 -0.136539757 0.0170012079 0.1854904 -0.135514289 0.0187531263 0.184786573 -0.137536913 0.0183523446 0.182373717 -0.135764942 0.0206391029 -0.14673236 -0.137649834 0.0187342856 -0.14728649 -0.136665702 0.0170670599 -0.0908779725 0.0881429091 0.0940000042 -0.0908500105 0.0880431309 0.0910000056 -0.0937545598 0.0132732326 0.0940000042 -0.0939677805 0.0132376514 0.0910000056 0.0915662199 -0.127295882 0.0160000008 0.0903094411 -0.125319675 0.0179999992 0.185434163 0.0987448022 0.0179999992 0.0380871966 -0.107166238 0.0793106928 0.0423128344 -0.111400329 0.0751894936 0.0380211622 -0.108949572 0.080216676 -0.142726094 0.095084548 0.0179999992 0.195677027 0.000494799984 0.0940000042 -0.0783540681 -0.00125520001 0.0940000042 -0.0783540681 -0.00125520001 0.0910000056 -0.0743493587 0.0823300928 0.0940000042 -0.090078719 0.0872555077 0.0940000042 0.12426088 -0.0922103822 0.0960000008 0.0417160578 0.107659735 0.0731488615 0.0424420983 0.107281983 0.0739237517 -0.0778181702 -0.00325520011 0.0940000042 0.176773906 -0.0962551981 0.0179999992 -0.0781965852 0.0475146621 0.0940000042 -0.096681796 0.0116726775 0.0940000042 0.0216608644 -0.02000002 0.0940000042 0.0217858627 -0.0200335141 0.0960000008 0.112598419 -0.00400990387 0.0940000042 0.0222523659 -0.0923028514 0.0940000042 0.0226132087 -0.0208608638 0.0940000042 -0.0915801525 0.0129920701 0.0940000042 0.0526459329 0.00220890157 0.0940000042 -0.0893392265 0.00615310762 0.0940000042 0.123645931 0.0347447991 0.0940000042 0.12305367 -0.0943586454 0.0940000042 0.0522585623 0.0492653288 0.0910000056 -0.0822334811 -0.0987551957 0.0960000008 -0.0893392265 -0.0138468938 0.0940000042 0.0493888296 0.0498811118 0.0910000056 -0.0889401287 0.0919392481 0.0940000042 -0.0915801525 -0.00700793043 0.0940000042 -0.0926473513 -0.0133179184 0.0940000042 0.126436204 0.090991661 0.0940000042 -0.0905271396 0.115509905 0.0570459515 -0.0752626956 0.0526757762 0.0940000042 -0.0844371766 -0.110254146 0.0729765296 0.0424420945 -0.109792374 0.0739237517 -0.119880907 -0.129431844 0.0336376466 0.153995216 -0.131459504 0.0294783432 0.0829896182 0.117059171 0.0160000008 0.113389 0.11060562 0.0160000008 0.114102699 0.0524726138 0.0940000042 0.0800292268 0.110675745 0.0160000008 0.11564593 0.00274480018 0.0940000042 -0.0730067566 0.0476889461 0.0940000042 0.169262424 -0.114805199 0.0179999992 -0.0861149728 -0.0904469118 0.0940000042 0.112168245 -0.115033522 0.0179999992 0.123907454 0.0848880187 0.0940000042 -0.0931084752 0.0108447997 0.0960000008 0.114529066 -0.118506178 0.0160000008 0.110913053 0.114697151 0.0179999992 -0.0904605687 0.089433074 0.0940000042 -0.118608475 -0.0246302001 0.0960000008 0.10885939 -0.114263073 0.0160000008 0.0486459322 -0.00471930159 0.0940000042 -0.0931084752 -0.00915519986 0.0960000008 0.139645934 -0.0372551978 0.0940000042 0.119549565 0.0496724211 0.0940000042 -0.0708899647 0.000744796824 0.0940000042 -0.0822334811 0.0962447971 0.0960000008 -0.0738335401 0.0503574274 0.0960000008 0.0808215514 -0.117116041 0.0179999992 -0.0833562687 -0.0987551957 0.0940000042 -0.0956084803 0.0532447994 0.0940000042 0.160435811 -0.0288048014 0.0940000042 -0.0999201089 -0.0479858182 0.0940000042 0.169262424 0.115194798 0.0179999992 -0.0982375666 0.112294801 0.0179999992</float_array>
          <technique_common>
            <accessor source="#positions_array" count="4946" stride="3">
              <param name="X" type="float" />
              <param name="Y" type="float" />
              <param name="Z" type="float" />
            </accessor>
          </technique_common>
        </source>
        <source id="normals">
          <float_array id="normals_array" count="34068">-0.577350616 -0.577345848 -0.577354252 -0.577347517 -0.577347517 0.577355921 -0.577350616 0.577345848 -0.577354252 -0.577347517 0.577347517 0.577355921 0.577353418 -0.577340305 -0.577357113 0.577350318 -0.577341914 0.577358723 0.577353418 0.577340305 -0.577357113 0.577350318 0.577341914 0.577358723 -0.707106233 0 -0.707107306 -0.707104862 -0.707108676 0 -0.707105756 0 0.707107842 -0.707104862 0.707108676 0 0 0.707105339 -0.707108259 0 0.707104683 0.707108915 0.707107961 0.707105517 0 0.707106233 0 -0.707107306 0.707105756 0 0.707107842 0.707107961 -0.707105517 0 0 -0.707105339 -0.707108259 0 -0.707104683 0.707108915 0 0 -1 -1 0 0 0 -0.99999994 0 0 0 1 0 0.99999994 0 1 0 0 -0.964907765 -0.136413783 -0.224375203 -0.972530067 -0.199025184 -0.120723836 -0.967324018 -0.246641293 0.0587578677 0.0266455524 -0.472064316 0.881161332 0.0103077758 -0.337197125 0.94137758 -0.106783733 -0.308088779 0.9453457 -0.153050974 -0.383916616 0.910595119 -0.170483217 -0.592449069 0.787362397 0.0310138576 -0.768993616 0.63850373 -0.163417742 -0.752568781 0.637914479 -0.238128498 -0.844197154 0.480235457 0.0327527039 -0.937799156 0.345629722 -0.125953943 -0.942062318 0.310892582 -0.258124352 -0.957279205 0.130339205 0.033024963 -0.997076809 0.0689001679 -0.154144332 -0.960103929 -0.233323693 0.0324095637 -0.958693445 -0.282588929 -0.14158161 -0.988951087 -0.0439349748 -0.275624186 -0.88259387 -0.380866528 -0.102250211 -0.843170941 -0.527832866 0.0297857374 -0.784124196 -0.619888842 -0.163666323 -0.686173677 -0.708787024 -0.167103067 -0.535933077 -0.827558041 0.0311912522 -0.491281182 -0.87044239 -0.163733974 -0.390398979 -0.905969083 0.019817207 -0.328114539 -0.944430113 -0.249657899 -0.282586813 -0.926183403 -0.768193841 -0.290320575 0.570606947 -0.511580348 -0.251842558 0.821499169 -0.931775928 -0.10952197 0.346119344 -0.474742532 -0.425982594 0.770167708 -0.78129214 -0.415155768 0.466077566 -0.508568823 -0.630525708 0.586340368 -0.720562279 -0.653218746 -0.23258394 -0.524332523 -0.704577565 -0.478169203 -0.820713401 -0.365703493 -0.438965261 -0.491315365 -0.552972972 -0.672926605 -0.570717454 -0.327929884 -0.75282371 -0.770564139 -0.210623592 -0.601555228 -0.730301678 -0.603124738 0.320780158 -0.821627557 -0.47119087 -0.3207919 -0.922033727 -0.322071493 0.214764163 -0.970049202 -0.142307162 0.196858197 1 6.38349593e-06 -3.74773322e-06 1 1.57999129e-05 -2.38311054e-06 1 1.31757247e-06 -9.43867599e-06 -0.91983372 -0.387480766 -0.0613560528 -0.729111791 -0.677759647 0.0950678512 -0.515447795 -0.80687511 0.288558722 -0.462635428 -0.879515409 -0.111449763 -0.705608428 -0.706480324 -0.0547938943 0.00394409103 0.999970973 0.00651033549 0.0100007476 0.999944687 0.00326070259 0.0181723088 0.999650896 0.0191799998 0.014385324 0.999890506 -0.00348844728 0.0133380163 0.999893546 0.0059213615 -0.000359913131 0.999999106 0.00128503249 0.0271275379 0.999080539 -0.0332007967 0.0192286186 0.999768615 -0.00964440033 0.999624372 0.0274004396 -0.000613811135 0.99917978 0.0404842161 -0.000935002172 0.999348164 0.0361001939 -0.000382241211 0.999703765 0.0243379027 -0.000218892077 1 0.000194256063 1.88713584e-05 1 -0.000137786395 -7.90552876e-05 -0.85492903 0.302854151 -0.421159953 -0.956062376 0.0676157847 -0.285259217 -0.910577476 0.379405916 -0.164011896 -0.993332148 -0.115287907 0.000171154141 -0.984957874 -0.172434852 0.0111441296 -0.994397461 -0.105693094 -0.00166376913 0.0650901049 0.484253228 -0.87250334 0.305006415 0.405972689 -0.861485481 -0.0119557837 0.50266844 -0.864396632 0.0890829638 -0.698564887 -0.709979713 0.0692526996 -0.664065421 -0.744460285 0 -0.532134473 -0.846659899 -0.00725744106 0.999963284 0.0045644762 0.00725769345 0.999963284 -0.0045644599 -0.0233565941 0.999619246 0.0146896411 0.0811365023 0.933752358 0.348602027 0.141937703 0.939599335 0.311459184 0 0.918666005 0.395035297 0 0.190476328 0.981691837 -0.00147480669 -0.283049792 0.959104061 -0.00373440259 -0.284173548 0.958765566 0 -0.282315314 0.959321737 0 -0.790646732 -0.61227262 0.00394599466 0.999990463 0.00182936806 -0.000409926753 0.999695063 0.0246885158 0.00870618317 0.996942937 0.0776463524 0.841878295 -0.391136795 -0.371823698 0.812078357 -0.570590794 -0.122289784 0.715119362 -0.698999166 0.00211562403 0.207265705 -0.946474433 -0.247441143 0.0638164431 -0.978305995 -0.197091132 0 -0.984859765 -0.173352882 -0.524873018 0.348809808 -0.776427746 0.788992345 0.30720526 -0.532086432 0.778555512 0.162717164 -0.606114149 0.788992345 0.307205319 -0.532086432 -0.044834394 -0.980737388 0.190115795 -0.137867421 -0.964878857 0.223609746 -0.188577846 -0.951997519 0.241120771 -0.64114511 0.494644344 0.586736739 -0.993366063 0.114969499 -0.00244624354 -0.985684276 0.168108657 -0.0128799779 -0.994395435 0.105723262 -0.000636893616 -0.207720131 -0.97029531 -0.124013528 -0.201896787 -0.810336471 0.550084054 -0.114598773 -0.779983461 0.615217745 -0.261366606 -0.825401425 0.500399709 0.186128318 -0.26589492 -0.945862651 0.0728677064 -0.233165696 -0.969703078 0.340529442 -0.305326581 -0.889278114 0.0521976985 0.953673184 0.296281755 0.167746723 0.953313649 0.251105934 0 0.94905746 0.315102935 -0.18885383 0.466329336 -0.864217043 -0.281836808 -0.45673874 0.843775868 0.171200648 -0.854640663 -0.490183383 0.425149351 -0.759936571 -0.491675079 0.0162167028 -0.881128967 -0.472597927 -0.545522511 0.721119046 0.427074343 -0.48791948 0.368961543 0.791076422 0 0.910268068 0.414019346 0 0.933743358 0.357943088 -0.560720742 -0.27822578 0.779860675 -0.216106817 -0.124256372 -0.968430758 -0.162819117 -0.180661127 -0.969974995 -0.310206026 -0.0191380326 -0.950476706 -0.219246373 -0.717113376 0.66157341 -0.12950626 -0.676431477 0.725030065 -0.290565729 -0.743119597 0.602780879 0.993305981 -0.104008861 0.0502519459 -0.702769697 0.153201103 -0.69472599 0.508788168 -0.814430952 0.278992623 0.525175214 -0.80390352 0.279159606 0.500748813 -0.819439054 0.278873146 -0.0208119545 -0.741704226 -0.670404196 -0.124529377 -0.796155095 -0.592139721 0 -0.766703069 -0.642001927 -0.438922971 0.295196861 -0.848649204 0.437393367 0.690832376 0.575706244 0.998661935 -0.0435337275 0.0279122405 0.991553545 0.12930055 0.010147389 0.992713988 0.0809037238 -0.0892941356 -0.0237906687 0.591295958 -0.806103647 0.150457531 0.617616773 -0.771953404 0.234365717 0.623275459 -0.746056616 0.0344846919 0.963571846 0.265217006 0.0374734513 0.964326262 0.262050539 0 0.953520954 0.30132696 -0.755731046 0.1443827 -0.63876766 0 -0.142311156 -0.989821911 -0.389214486 -0.89141047 -0.232162654 0.63411212 0.688980222 0.351010114 0.0365281738 -0.148271427 -0.988271832 0.0235788319 -0.142808825 -0.989469349 0.0906734467 -0.17082493 -0.981120408 -0.135400489 -0.626108408 -0.767889977 -0.0257632956 0.962444663 -0.270252734 -0.319215387 0.896832824 -0.306255519 -0.345899612 0.886194766 -0.308240563 -0.0555485599 -0.98259908 -0.177238226 -0.00967744272 -0.982056975 -0.188336074 0 -0.981663287 -0.190623164 -0.330930799 -0.350206077 -0.876265049 0.734841228 -0.0182222985 0.677994311 -0.0236632805 -0.999677956 0.0091688754 -0.0274126679 -0.999557674 0.0115369074 -0.0225995164 -0.999651611 -0.0136337085 -0.000409875676 0.999695063 0.0246868171 0.0087061841 0.996943116 0.077645041 0.00394616509 0.999990582 0.00182892836 0.0521977171 0.953672647 0.296283692 0.167746708 0.95331347 0.25110659 0 0.949056745 0.315105379 -0.0700032189 0.975483596 -0.208641753 -0.213991076 0.962570548 -0.166330174 0 0.973811567 -0.227356479 0.00565711688 -0.283892423 -0.958839417 0.00223956769 -0.282202572 -0.959352195 0.00734626222 -0.284726143 -0.958580792 0.983850121 -0.178935334 -0.0045783706 0.993786097 -0.111111984 0.00656477688 0.982183635 -0.18782638 -0.00604808377 -0.255221009 -0.862580478 0.436826169 -0.0535176322 -0.718693674 0.693264246 -0.284973323 -0.858959973 0.425415158 -0.00937377475 -0.726322234 -0.68729037 -0.0264776517 -0.722584248 -0.690775573 0 -0.728272438 -0.685287714 0.64124459 0.402320236 0.653409302 -0.111239612 0.915321469 -0.387056231 -0.216943905 0.917310953 -0.333880037 0 0.899721324 -0.436464936 -0.424953908 0.597776473 -0.6797629 -0.15136078 0.386176378 -0.909921885 -0.454892457 0.594281375 -0.663251579 0.00200024969 -0.977111161 0.212720126 0.00580104208 -0.977467537 0.211005986 0.00729769003 -0.977603257 0.210329995 0.144270748 -0.882828832 0.44698894 0.0459118001 -0.762871325 0.644918263 0.164696679 -0.86448729 0.47490716 -0.0252114423 -0.785015762 -0.618962526 -0.055806756 -0.775804579 -0.628500521 0 -0.791944504 -0.610593021 -0.993332148 -0.115287907 0.000171128122 -0.984957874 -0.172434852 0.0111441277 -0.994397461 -0.105693094 -0.00166379882 -0.13781248 -0.990455091 0.00253426121 -0.136047974 -0.990699589 0.00227493676 -0.135845885 -0.990727425 0.00224523921 4.55377631e-07 0 1 7.28425221e-05 0 1 0.0569125116 0.00088383985 0.998378813 0.0986564234 -0.0265933666 0.994766176 0.0506844483 0.00295902789 0.998710334 0.0834366232 -0.246225819 0.965614319 0.115489416 -0.219049394 0.968854785 0 -0.314360768 0.949303508 -0.10065823 0.334662527 -0.936946571 0.103885889 0.0347584076 -0.993981719 1.99675605e-06 0 -1 3.92319562e-05 -1.27837047e-05 -1 7.08842379e-07 0 -1 -0.00431006076 -0.279775679 0.960055709 -0.0114247007 -0.283115178 0.959017813 0 -0.277744114 0.960655034 -0.443283111 -0.896226227 0.0166945569 -0.34946841 -0.931857049 0.0975416973 -0.158287108 -0.956669211 0.244395673 0.0728894174 -0.976997793 -0.200405568 0.0261380486 -0.982732773 -0.183174893 0 -0.984860003 -0.173351526 -0.00040999928 0.999695063 0.0246892031 0.00870568678 0.996942759 0.0776491687 0.00394599466 0.999990463 0.00182912522 0.150517851 0.970910549 -0.186218306 0.274988353 0.917483866 -0.287410378 0.371277243 0.854059458 -0.36432901 -0.0678988248 0.0364897102 0.997024655 0.304158211 0.068664737 0.950143635 0.219674274 0.0553249456 0.974003255 -0.0857448429 0.983784318 0.157531619 -0.284873992 0.930102527 0.231853575 0 0.992318392 0.123710841 0.033551503 0.0342525505 -0.998849869 0.00026828167 -2.22377639e-05 -1 0.000680439698 4.40923686e-05 -0.999999821 0.0454378687 -0.00463261874 0.998956442 0.0280452669 -0.00903403386 0.99956584 0.0778753385 -0.106860243 0.99121958 0.119475707 -0.0106226597 0.992780328 0.0414414443 0.00466588698 0.999130011 -0.936765432 -0.00105059717 0.349956274 -0.174932614 0.0149695445 -0.984466672 0.0319760926 0.00638285233 0.999468267 0.0512207709 0.00786251854 0.998656332 0.0323576145 0.00672846241 0.999453723 0.0436543971 0.00315622706 0.999041677 0.0495139398 0.000882580702 0.998773038 0.048889298 -0.000436118396 0.998804092 0.0298311338 -0.00124004763 0.999554157 0.0530584529 0.00312108221 0.998586595 0.0525345616 -0.00149167795 0.998618007 0.0511965267 0.00305788661 0.998683929 0.0507055372 0.00421968242 0.998704791 0.0517027006 0.00157215435 0.99866128 0.0543301553 0.00252795243 0.998519838 0.0489205346 0.00166726043 0.998801291 0.0576391853 0.000581470842 0.998337328 0.034116976 -0.0014667284 0.999416888 0.0526918173 0.00265479321 0.998607337 0.0990379751 -0.0249483492 0.994770885 0.0466010608 0.00172507274 0.998912096 0.0285355803 -0.000560061948 0.999592662 0.0130137447 -4.0064464e-05 0.999915302 0.0428648479 0.134821057 0.989942372 0.066234149 0.00833458267 0.997769237 -0.00837887451 -0.0184649546 0.999794364 0.0565373786 0.00238890294 0.998397589 0.0365433209 -0.0056777033 0.999315917 0.0480600931 0.0160861183 0.998714864 0.081777826 0.564814448 0.821155846 0.0322896466 0.504107833 0.863036931 0.125572205 0.174308389 0.97665149 0.116022974 0.862420976 0.492715627 0.0285901166 0.924859822 0.379232019 0.0962282717 0.915131927 -0.391501904 0.0283311605 0.952855766 -0.302097976 0.115556218 0.991104722 0.06601616 0.110901654 0.613868475 -0.781579435 0.0438778251 0.642009735 -0.765439868 0.110546619 0.241174206 -0.964165151 0.0542779267 0.232917175 -0.970980644 0.0339636281 0.065835461 -0.997252285 0.242814571 -0.00652298378 0.970050871 0.180375874 0.24808307 -0.951797962 0.169907108 -0.0028989641 -0.985455811 0.1638401 0.01257989 -0.986406684 0.146968365 -0.170891672 -0.974267006 0.118540227 -0.0215398427 -0.992715538 0.0361951068 -0.0354341827 -0.998716354 0.0741296187 -0.124045365 -0.989503682 0.0333454758 -0.0109793013 -0.999383628 0.0197768975 -0.0137983738 -0.999709129 0.145980209 0.83270973 -0.534120142 0.0223617963 0.999601185 -0.0172447283 -0.0296040755 0.971037626 -0.237085715 -0.00898227375 0.989752173 -0.142513037 -0.958408713 -0.00102664204 0.285397232 -0.00725815678 0.710308552 -0.703853011 0.00725178793 0.703851521 -0.710310042 -0.0233515818 0.717227161 -0.696448147 0.19518061 -0.187477425 -0.962682068 0.0711376742 -0.00129071064 0.997465611 0.0079557877 -0.000506590935 0.999968231 -0.998978972 -0.0216638632 0.0396450683 -0.999818325 0.018763857 -0.0033323667 -0.964874446 0.187818602 -0.183688417 0.00236591231 0.00665951287 0.999974966 0.0390541069 0.000904848101 0.999236643 -0.00850621983 0.0144658145 0.999859154 -0.998978913 -0.0216650199 0.0396464095 -0.999818444 0.018762555 -0.00333089288 0.10272374 -0.0121830571 0.994635284 -0.0641913787 0.0326689817 0.997402728 0.218259379 0.0526002683 0.974472225 -0.0805967897 0.00991243497 0.996697545 -0.0370185114 0.00336728245 0.999308884 0.0527083799 -0.00167074101 0.99860853 0.101648316 -0.0253389459 0.994497657 0.0518878177 1.66500777e-05 0.998652875 -0.993951023 0.0126992529 0.109087802 0.971411169 -0.0120352097 0.237098143 0.100147985 -0.0254255794 0.994647622 0.101512261 -0.0310071968 0.994351029 0.0380483903 -0.000848482596 0.999275565 0.107813366 -0.00291865622 0.994166911 0.0512752272 -0.00477592042 0.998673141 0.0626231432 -0.0112888692 0.997973442 -0.0824466571 0.00744089345 0.996567726 0.219208404 -0.0262587611 0.975324631 -0.0677412674 0.0190591682 0.997520864 0.182361543 0.277876586 0.943148434 0.205916196 -0.272196472 0.939950883 0.0583537258 -0.00452170661 0.998285711 0.0661953762 -2.99162784e-05 0.997806728 0.103919312 -0.0204330124 0.994375765 -0.427770466 0.0220681541 0.903617918 -0.306007206 0.0253360365 0.951691985 -0.0810436159 0.0255753603 0.996382356 -0.187772751 0.0283216797 0.981804073 -0.0676707253 0.0230591446 0.997441173 0.0829061046 -0.530553639 0.843587279 0.0762530416 -0.883662581 0.461872071 0.146559358 -0.659743905 0.737060606 0.0466918051 -0.00432537263 0.998899996 0.0647973642 -0.00636499142 0.997878075 0.0540277846 -0.0048017283 0.998527884 0.230757385 -0.955816209 -0.182116255 0.146823749 -0.954436719 0.259794623 0.151910141 -0.973472416 -0.171098605 0.136822507 -0.543154955 -0.828409553 0.0894827992 -0.875287175 -0.475252926 0.0982722938 -0.538826466 -0.836665154 0.0621944629 0.00225399667 0.998061538 0.0598290451 0.00273542269 0.998204947 0.0631742552 0.00241685053 0.997999549 -0.00506882276 -0.990645289 -0.136367813 -0.0153871588 -0.976410031 -0.215375677 0.0235973857 -0.999203444 -0.0321803465 0.0626638383 0.00240692985 0.998031795 0.0662123784 -0.00415035384 0.997796953 0.160385072 -0.00859892648 0.987017095 -0.151904076 0.00609592954 0.988376439 -0.0762029663 0.0135570737 0.997000158 -0.0214572679 0.960940719 -0.275921285 -0.0179382041 0.951469719 -0.307219148 -0.0232521687 0.99700743 -0.0737261996 0.101683661 -0.0116715645 0.994748294 -0.803453624 0.023622524 0.594898462 0.793616533 -0.0203458145 0.608077943 -0.0124006234 0.999839306 -0.0129468897 -0.0112533607 0.999933958 0.0023283218 0.00597862294 0.997567713 0.0694480464 0.0959870815 -0.0251458399 0.995064914 0.063926287 -0.008800718 0.997915804 -0.0743310153 0.00113146484 0.997233033 -0.0208514128 -6.27346089e-05 0.999782562 -0.0503130592 0.000594956393 0.998733282 -0.0204617977 -7.142916e-05 0.999790668 0.0998904556 -0.0330840535 0.994448185 0.0990821868 -0.0297739264 0.994633734 -0.952958167 -0.000162306838 0.303102016 -1 3.37171477e-05 0 -0.999997675 0.0021517498 0 -1 3.57512472e-05 0 0.122784823 0.00859732833 0.992396057 0.146355197 -0.21242395 0.96615541 0.229112118 -0.824769199 0.516975284 0.216238424 -0.645724118 -0.732312262 0.137020528 -0.84147352 -0.522635341 0.184029177 0.710856795 0.6788342 0.192714274 0.957253039 0.215702936 0.99990809 0.00512862438 0.0125461249 0.999975324 0.00146741839 0.0068785036 0.989993095 0.0178227276 0.139985621 0.11309173 0.00195972691 0.993582666 0.174878672 0.942941427 -0.283335268 0.181391716 0.702605247 -0.688071847 0.128833577 0.0729844496 -0.988976836 -0.993351638 0.115110591 -0.00144366734 -0.985355854 0.170078814 -0.0121283811 -0.994398773 0.105693154 0.000380203623 -0.998978853 -0.0216662958 0.0396474265 -0.999818444 0.0187614467 -0.00332998834 -0.964874685 0.18781805 -0.183687881 0.0974691212 -0.0196814854 0.995043933 0.284704924 0.008634381 0.958576381 -0.0400640853 0.0138507076 0.999101102 -0.0972926468 -0.00181318494 0.995254219 -0.162576556 -0.00730490917 0.986668885 -0.0711338297 -0.00344188348 0.997460842 -0.0153624481 -0.00393977528 0.999874234 -0.993369102 0.114943296 -0.00244821981 -0.985684872 0.168105274 -0.0128803365 -0.994398654 0.105693117 -0.000639156147 -0.993369102 0.11494346 -0.0024482063 -0.985684872 0.168105289 -0.0128803793 -0.994398654 0.105693296 -0.000639130245 -0.180179998 -0.61801219 -0.765242517 0.0154278111 -0.456364632 -0.889659047 0.0937657505 -0.254745632 -0.962451339 0.100659721 -0.24640581 -0.963925242 -0.29209736 -0.687001646 -0.665362954 0.485245675 -0.743144155 -0.460731447 -0.370985717 -0.917665422 -0.142336503 0.411936939 -0.905337572 0.103304386 -0.481095344 -0.778876364 0.402366579 0.477186203 -0.612336159 0.630347311 0.070715867 -0.223182067 0.972208261 0.0385988653 -0.246077374 0.968481362 -0.136236876 -0.407032669 0.903196454 -0.185265079 -0.426446229 0.885336459 -0.0944676995 -0.103564598 0.990126371 -0.388704032 -0.0500040464 0.920004725 -0.0976698548 -0.0988517031 -0.990297437 -0.378986806 -0.0473659188 -0.92418915 -0.219463766 0.295033842 -0.929941297 -0.404312104 0.167740107 -0.899107873 -0.349482358 0.518209696 -0.780590057 -0.197864071 0.805689335 -0.558313966 -0.478138477 0.729743242 -0.488731533 -0.471515775 0.874293983 -0.115251698 -0.230382979 0.935927033 -0.266391277 -0.207255617 0.974423289 0.0868587643 -0.176880807 0.984060168 0.0184080936 -0.288841903 0.934511244 0.207988217 0 1 0 -0.436119884 0.860059261 0.264759362 -0.233186081 0.861583889 0.450885147 0.945213616 0.323335379 0.0450043157 0.912903547 0.405267954 0.0486319102 0.526295483 0.841195524 0.124109522 -0.602667034 0.616963923 0.506110609 -0.196961135 0.627272129 0.75348258 -0.445988894 0.472837299 0.759946585 -0.171712711 0.229392052 0.958067894 -0.402128726 0.158732593 0.901718616 0.0539374128 -0.00299707544 0.998539925 -0.275588423 -0.00327390339 0.961270154 -0.283584028 0.00188981567 0.958945453 -0.523357034 -0.00126728253 0.852112591 0.122912981 0.0697722659 0.989961743 -0.957146645 0.227541417 0.179151297 -0.85732609 0.511790037 0.0553440489 0.0875038579 -0.0579661429 0.994476259 0.0856646821 -0.0652154237 0.994187295 -0.551122248 -0.219600439 -0.805009305 -0.773666203 0.173270985 0.609440506 -0.968234658 0.0762330517 0.238138974 -0.978594065 -0.000693583686 0.20579882 0.153091654 -0.00273584318 0.988208294 -0.781207621 0.00160838244 0.624269128 -0.0236338768 -0.999678731 0.00915346667 -0.0274082292 -0.999557734 0.0115370732 -0.0226441529 -0.999634564 -0.0147660021 -0.693630695 0.070309028 -0.716891348 -0.884120882 -0.00101631181 -0.467257053 -0.351356208 0.936014712 0.020622611 -0.969982147 -0.00497241737 -0.243125424 -0.971916556 -0.0017985747 0.23531881 -0.998978913 -0.0216650609 0.0396462828 -0.999818444 0.0187627319 -0.00333129428 -0.964874387 0.187818587 -0.183688775 -0.616185367 0.00124377233 -0.787600219 0.0536355972 3.29056238e-05 0.998560607 0.0997262374 -0.0253798161 0.994691193 -0.998978913 -0.0216648411 0.0396459065 -0.999818444 0.0187631994 -0.00333196297 -0.964874029 0.187819406 -0.183689967 -0.0952484235 0.662449837 0.743026197 -0.033181861 0.77648896 0.629256427 -0.0501849279 0.817376614 0.573913813 -0.993351579 0.115110837 -0.00144363043 -0.985355854 0.170078859 -0.0121284202 -0.994398713 0.105693452 0.000380251178 0.989491522 -0.0938840061 -0.109965317 0.996000111 -0.0469108298 -0.0760463923 0.990901649 -0.11741209 -0.0657909587 -0.99333173 -0.115291297 0.000171367326 -0.984953761 -0.172458112 0.0111458534 -0.994397461 -0.105693094 -0.00166381372 0.999980569 -0.0039165183 -0.00484822458 0.999059021 0.0121867079 0.0416235179 0.999999702 -0.000430725719 0.000686525076 -0.581369936 -0.742002368 0.33382839 1 6.39427381e-05 -2.19369449e-05 0.99965781 0.02614378 -0.000867122726 0.999423444 0.0338198207 -0.00302196201 0.00998003222 0.00302909897 0.999945581 -0.00998030044 -0.0030290524 0.999945581 0.0161336642 0.00489678513 0.999857843 0 0 -0.99999994 -0.999704957 -0.0233995523 -0.00651643099 -0.99999994 -0.000192613472 -0.000132807749 -0.99997896 -0.00591795286 0.00267157704 -0.993351638 0.115110718 -0.00144364056 -0.985355675 0.17007935 -0.0121284276 -0.994398773 0.105693206 0.000380242855 -0.0290452465 -0.80601573 0.59118098 -0.0180925354 -0.800729632 0.598752677 -0.0405676737 -0.811401367 0.583079934 0.607573092 0.794135273 -0.0142905712 0.413437068 0.910310924 0.0200988799 0.440643787 0.897547126 0.0155630251 0.629984736 0.776384473 -0.0186104123 -0.416576445 -0.909056604 0.00895709079 -0.413848221 -0.910306811 0.00843420532 -0.416244268 -0.909209311 0.00889339298 -0.413498491 -0.910466313 0.00836722739 0.614526331 -0.788636982 0.0202293172 0.406823307 -0.91344595 -0.0105550932 0.431673765 -0.902001917 -0.00708538108 0.633940756 -0.773029029 0.0233480018 0.175985977 0.983966112 0.0289784353 0.427971184 0.903740704 -0.00966053735 0.00368815963 0.99983722 -0.0176612679 0.093196325 0.99527055 0.0274015386 -0.433197916 0.900784314 -0.0304465797 0.60864979 -0.793328822 -0.0132244043 0.453563839 -0.891106725 0.0144447433 0.589691103 -0.807571173 -0.00965646747 0.433327049 -0.901060402 0.0178279597 0.999870241 -0.00132404047 0.0160542745 0.999910235 -0.00373598025 0.0128700333 0.999848604 -0.000304949732 0.0173995923 0.499986529 0.852898419 -0.150259256 0.634114504 0.768343806 -0.0868703946 0.331982046 0.942365229 -0.0416619293 0.999646783 -0.0262830332 -0.00393912056 0.999720097 0.0223549698 0.0077467165 0.999963045 -0.00613876013 0.00602237228 0.98845005 -0.149926469 -0.0221058838 0.98845005 0.149926007 0.022105813 0.981824934 -0.187758595 -0.0276840348 -0.406828165 0.913455963 0.00943979714 -0.490396082 0.87148875 -0.00435823621 -0.416956544 0.90889293 0.00780335674 -0.498868763 0.866658092 -0.00579663273 -0.99980408 0.0196282361 -0.00258012768 -0.999976218 0.00123208796 -0.00677750306 -0.999951959 0 -0.00980264693 -0.454267859 -0.890704572 0.0169132203 -0.62718159 -0.778763771 -0.013048471 -0.427906901 -0.90357548 0.0211423691 -0.646853924 -0.762430012 -0.0167476311 0.9838503 -0.178935036 -0.00457834825 0.993786097 -0.111111946 0.00656480156 0.982183695 -0.187826037 -0.00604806049 0.587511539 -0.809161961 -0.00933706388 0.606209338 -0.795265257 -0.00795321073 0.927349448 -0.373452902 0.0235792343 0.936029196 -0.351040393 0.024898367 -0.948079824 -0.317736119 0.0137241045 -0.892901421 -0.449950337 0.0164874177 -0.999879897 -0.0120215677 -0.00977507699 -0.99994117 0.00299018808 -0.0104256636 -0.348513275 0.937233627 0.011479049 -0.348492295 0.937166691 0.0164881274 -0.237668052 0.971321285 0.00698672002 0.404416293 0.914508104 -0.0110564055 -0.0149132824 -0.999857306 0.00792822707 -0.0205174144 -0.999722958 0.0115283113 -0.0169835407 -0.99895829 -0.0423531085 -0.681974411 0.731325805 0.00857950561 -0.647293985 0.762234926 -0.00289471541 -0.689542413 0.724159479 0.0111517096 2.74027661e-06 0 -1 9.82400252e-07 0 -1 -0.998978913 -0.0216638558 0.0396446325 -0.999818444 0.0187635776 -0.00333241257 0.999230742 0.029114278 -0.0262736343 0.999281824 0.0375241414 -0.00526984828 0.998357534 7.76166853e-05 -0.0572906509 -0.0236449633 -0.999678433 0.0091607105 -0.0274077505 -0.999557734 0.0115371281 -0.032043647 -0.99793309 -0.0557022803 -0.201896727 -0.810336351 0.550084174 -0.114598759 -0.779983401 0.615217865 -0.261366576 -0.825401366 0.500399947 0.000155979447 0.000881360844 0.999999642 -0.000146338032 0.000229742625 0.99999994 5.851081e-05 0.00067127595 0.999999821 -0.999668062 0.0193484351 -0.0170111898 -0.999973834 -0.0057870918 0.00434246473 -0.999176025 -0.0332709104 0.0232448652 0.0977633744 -0.028357856 0.994805574 0.0983553678 -0.0306696445 0.994678617 0 -0.812691927 -0.582693517 0.849900901 0.0917877853 0.518886745 0.897306025 0.329949766 0.293214887 0.925101101 0.231071606 0.301320165 0.193366423 0.979406238 0.0580748953 0 -0.13001582 0.991512001 -0.663292408 0.0149272317 0.748211503 -0.0072542876 0.703855574 0.710306048 0.00725922687 0.710310936 0.703850627 -0.0233515818 0.696452558 0.71722275 -0.0916917846 -0.984813273 0.147429243 -0.433505535 -0.872162104 0.226729259 -0.478124917 -0.846083701 0.235667288 -0.055246681 0.0522732846 0.997103512 -0.0112018809 0.162786812 0.986597657 0.0094931433 0.213776931 0.976836383 -0.0352184474 0.982517362 0.182809398 0.0500463992 0.919339538 -0.390269399 -0.00858948193 0.829347134 -0.558667719 0.187893435 -0.974142849 0.125466451 0.323252261 -0.946179628 0.015873732 0.517888486 -0.845048785 -0.132981494 -0.476925015 0.173893645 0.861570477 0.0490911379 -0.0112202987 -0.998731315 0.0231791176 0.00490057794 -0.999719322 0.0653624088 -0.0213525165 -0.9976331 -0.00526778633 -0.997044683 0.0766430795 -0.0357957892 -0.904617071 0.424719393 -0.032078702 -0.917355478 0.396774203 0.983884692 -0.17875278 -0.00427467376 0.99134922 -0.131195411 0.00380545249 0.990566015 -0.13700752 0.002821289 0.982852101 -0.184321225 -0.00522485562 -0.825779855 -0.125019014 -0.549961805 -0.0187105779 0.957621515 -0.287421376 -0.0161258113 0.950418353 -0.310555577 -0.0151489936 0.994034052 -0.108013213 -0.993297577 0.115575381 -0.00153344299 -0.984848917 0.172949553 -0.0126864389 -0.994398773 0.105693154 0.000380233367 0.00394597044 0.999990463 0.00182919891 -0.000409934059 0.999695063 0.0246892776 0.00870618224 0.996942818 0.0776470676 -0.0153676197 -0.999787748 0.0137202749 0.905246317 0.342735052 -0.251120925 0.880771637 0.376750261 -0.286880612 0.838580072 0.395584852 -0.374561131 0.983874917 -0.178807229 -0.00427296711 0.991348505 -0.13120082 0.0038155145 0.990564167 -0.137020856 0.00283000991 0.982841671 -0.184377581 -0.00522348378 -0.0274351891 -0.998630941 -0.0445360839 -0.0168537199 -0.999855638 0.00219674618 -0.0243915413 -0.999412835 -0.0240603592 0.985840619 -0.167620435 -0.00465183379 0.991347969 -0.131249428 0.00164931302 0.990739048 -0.135777056 0.000866767426 0.985103488 -0.171878055 -0.00539167924 0.992709279 0.103050768 0.062520586 0.985377192 0.168181434 -0.0273293946 0.989447951 0.139195815 0.0402149633 0.98400116 -0.178112477 -0.00421488192 0.991348088 -0.131204695 0.00375144719 0.990575969 -0.136936054 0.00278132362 0.982985556 -0.183610663 -0.00515260734 0.184998795 -0.58090651 0.792668283 -0.0614865832 0.0414457954 0.99724704 -0.070274353 0.0187619962 0.997351229 -0.0643337518 0.0341093838 0.997345328 -0.0229800437 -0.999649942 0.0131106945 -0.0205156691 -0.999723077 0.0115278801 -0.0263592489 -0.999499142 0.0175108835 0.870299995 -0.4918558 -0.0256088749 0.99891758 -0.0139105637 0.0443851165 0.996713102 -0.0723481625 0.0364530906 0.840953946 -0.540073037 -0.0334281251 0.997409821 0.0711251572 -0.0107118152 0.999988258 -0.00439551473 0.0020550699 0.998024702 0.0621468797 -0.00919361971 0.999896288 -0.0139278173 0.0036659725 0.992089927 -0.0834505633 -0.0937736928 0.988959134 -0.14457044 -0.0325454511 0.970709145 -0.178518847 -0.160794139 0.0527971126 0.519867539 0.852613747 0.189491645 0.576013267 0.795174003 -0.0340500437 0.477770686 0.877824366 0.984938025 -0.172820836 -0.00547799328 0.991353571 -0.131206021 0.001741666 0.990647554 -0.136443347 0.000835509156 0.984063923 -0.177702427 -0.00632783072 0.264406472 -0.456174433 -0.849702299 0.957251191 -0.288674325 -0.0183636267 0.999563515 -0.0139191421 0.0260581356 0.998615921 -0.0483898483 0.0206082333 0.947224677 -0.319705814 -0.0235290211 -0.0346395597 -0.924268782 0.380167186 0.0262381881 -0.999464095 -0.0195738729 0.0152473832 -0.999694228 -0.0194652919 0.913928688 0.404669851 -0.0312548727 0.999071598 0.0335787013 0.0269891061 0.931194007 0.363694966 -0.0245717503 0.999321461 -0.0139176585 0.034102641 0.0161595717 0.999855161 0.00532741006 0.0359513722 0.999029815 -0.0254334621 0.00819784682 0.992050111 -0.125576153 -0.831826985 -0.164380521 -0.530134797 -0.825680792 0.164238349 0.539700925 0.913867772 0.404805511 -0.0312766023 0.999071717 0.0335749313 0.0269871503 0.93115294 0.363798857 -0.0245884471 0.999320924 -0.0139467549 0.0341040939 0.99668026 -0.0751418024 0.0313392915 0.94417876 0.328200936 -0.0284713972 0.925427139 0.377212346 -0.0359923728 0.990584493 -0.131120801 0.0393664092 -0.00800014753 -0.2997199 -0.953993738 0.00799533818 0.299720556 -0.953993499 0.0112145506 -0.295834482 -0.955173373 0.0783417448 -0.382065207 0.920808733 -0.016395187 -0.978957593 -0.203404173 0.0199105684 -0.99927175 -0.0325527079 -0.00747333374 -0.991580486 -0.129276574 0.914330184 0.403771043 -0.0311333165 0.999075413 0.0334716961 0.0269832872 0.931560755 0.362762868 -0.0244460702 0.999322593 -0.0138930259 0.0340777598 0.00920666661 0.999820828 0.0165339708 -0.0043524052 0.999958813 0.00796966441 -0.021503726 0.997294664 -0.0702915341 0.998082817 0.0612234212 -0.00907880068 0.999981761 -0.00561761018 0.00223686709 0.998550773 0.0532600433 -0.00773035176 0.999896049 -0.0139507595 0.00364718982 0.983916104 -0.178581685 -0.00420867885 0.991350174 -0.131186754 0.00385219627 0.990567923 -0.136992618 0.00286806095 0.982885957 -0.184142992 -0.00515862182 -0.073829703 0.0232794676 0.996999085 -0.0640667751 0.0484222509 0.996770144 -0.0593766794 0.0604458414 0.996403813 0.983912587 -0.178601205 -0.00421143603 0.991349459 -0.131191909 0.00385160046 0.990567088 -0.136998653 0.00286735361 0.982882142 -0.184163526 -0.00516151823 0.983912826 -0.178599581 -0.0042240778 0.991345644 -0.131221056 0.00384186977 0.990563631 -0.137023896 0.00285728462 0.982883811 -0.184153944 -0.00517375953 -0.0828945041 -0.061573144 0.994654357 -0.0602403283 -0.0039531989 0.998176098 -0.0760917664 -0.0442101695 0.996120214 0.983911633 -0.178606316 -0.00422170898 0.991346598 -0.131213784 0.00384252705 0.990564585 -0.137017339 0.00285832444 0.982881665 -0.184165344 -0.0051717055 0.915058792 -0.226592422 0.333651155 0.998082459 0.0612270497 -0.00909429137 0.99998194 -0.00559010403 0.00221846346 0.998549521 0.0532795936 -0.00774840871 0.999896526 -0.0139180403 0.00362804905 -0.830737889 -0.163613871 -0.53207618 -0.823807418 0.163915411 0.54265368 -0.101400815 -0.993136406 0.0582919829 -0.147449195 -0.985199571 0.0874103084 -0.0383878462 -0.999255478 -0.00387338968 0.983904302 -0.178645879 -0.00423590932 0.991346955 -0.131211206 0.00383311999 0.990564823 -0.137015551 0.00284907548 0.98287344 -0.184208915 -0.0051863133 -0.000410012959 0.999695063 0.0246868674 0.00870616827 0.996942937 0.0776460245 0.00394581491 0.999990463 0.0018289279 -0.0149230631 -0.999857128 0.00793679524 -0.020514084 -0.999723077 0.0115283215 -0.0168298483 -0.998997569 -0.0414790474 -0.993351638 0.115110241 -0.00144365663 -0.985355854 0.170078769 -0.0121284667 -0.994398773 0.105692752 0.000380231912 0.998078525 0.0612893589 -0.00910210796 0.999981999 -0.00558028137 0.00220279908 0.998545885 0.0533470996 -0.00775909377 0.999896765 -0.0139045855 0.00360969082 -0.999974847 -0.00648555532 -0.00286243088 -0.999795914 0.0112706088 -0.0167633314 0.0764009207 0.91585499 -0.394173086 0.135722503 -0.479823112 -0.866804004 -0.993351638 0.115110673 -0.00144363218 -0.985355735 0.17007935 -0.0121283699 -0.994398773 0.105693154 0.000380242651 -0.993351638 0.115110576 -0.00144359702 -0.985355854 0.170078814 -0.0121283717 -0.994398773 0.105693154 0.000380281708 -0.993351638 0.115110576 -0.00144360412 -0.985355854 0.170078814 -0.0121284621 -0.994398773 0.105693154 0.00038028913 -0.993332148 -0.115287945 0.000171166641 -0.984957874 -0.172434852 0.0111441324 -0.994397461 -0.105693132 -0.00166375481 -0.176006794 0.0157322902 -0.984263182 -0.993351638 0.115110584 -0.00144361681 -0.985355854 0.170078829 -0.0121284192 -0.994398773 0.105693154 0.000380266836 0.983850121 -0.178935528 -0.00457832124 0.993786216 -0.111111894 0.00656470843 0.982183635 -0.187826633 -0.00604801858 -0.993369102 0.114943109 -0.00244820351 -0.985684872 0.16810523 -0.0128803542 -0.994398654 0.105692916 -0.000639133563 -0.150322825 0.267710239 0.951700747 -0.993351638 0.115110576 -0.00144363276 -0.985355854 0.170078814 -0.0121283755 -0.994398773 0.105693154 0.000380240817 -0.993369102 0.114943318 -0.00244820327 -0.985684991 0.168104768 -0.0128803132 -0.994398654 0.105693221 -0.000639137696 -0.733408689 -0.098767288 -0.672574699 -0.993332148 -0.115287907 0.000171076215 -0.984957874 -0.172434852 0.0111441202 -0.994397461 -0.105693094 -0.0016638583 -0.993369102 0.114943318 -0.0024481928 -0.985684991 0.168104768 -0.0128803123 -0.994398654 0.105693221 -0.000639125588 0.0415349975 0.583983958 -0.810701907 -0.0112210233 0.29583481 -0.955173194 0.921279967 0.0961076096 -0.376837581 0.999879897 -0.00746283587 -0.0135870604 0.840579093 -0.0804218277 -0.535685658 0.982607007 -0.180494547 0.0436480045 0.984075785 -0.176205441 -0.0233784597 0.900315344 -0.434687495 0.0218880754 0.866292 -0.498301864 -0.0351197049 0.998296022 0.0410240628 -0.0415001139 -6.85068017e-07 0 -1 -2.45599836e-07 0 -1 -0.993297577 0.115575396 -0.00153344567 -0.984848917 0.172949553 -0.0126865273 -0.994398773 0.105693154 0.000380248239 -0.0149222342 -0.999857128 0.0079349298 -0.0205160733 -0.999723077 0.011528099 0.00104833313 -0.998408496 0.056386061 -0.472918838 0.327777773 0.817868888 0.00394580606 0.999990463 0.0018289783 -0.000410090957 0.999695063 0.024688296 0.00870566256 0.996943116 0.0776452571 0.526250124 0.841225088 0.124101028 0.998532355 0.0533732437 -0.00918452814 0.999979734 -0.0062818313 0.00103090773 0.998896658 0.0462817699 -0.00797018129 0.99990207 -0.0138058225 0.00231934036 -0.824340522 -0.107125357 -0.555865943 -0.999998748 0.00122961763 0.000969384331 -0.999982238 -0.00136188488 -0.00579607813 0.00594507623 0.550192535 0.835016668 -0.0386216827 0.629503369 0.776037276 0.0406280495 0.483902901 0.874178052 0.00920062326 -0.999931872 0.00718533807 -0.00103310565 -0.999965906 0.00820003077 -0.00392583944 -0.999970973 -0.00653107744 -0.258739859 0.42364198 0.86809051 -0.0531297587 0.487297386 0.87161839 -0.299624175 0.408089012 0.862373888 -0.166888863 0.738404334 -0.653381288 -0.176006526 0.0157338586 -0.984263241 -0.998978853 -0.021665208 0.0396462455 -0.999818444 0.0187625904 -0.00333139044 -0.964874566 0.187818021 -0.183688611 -0.993332028 -0.115288094 0.000171150445 -0.984957933 -0.17243436 0.0111440467 -0.994397461 -0.105693422 -0.00166375935 0.00920020696 -0.999931872 0.00718500279 -0.0010332329 -0.999965906 0.00819917768 -0.00392600009 -0.999970973 -0.00653107744 -0.124125041 -0.936072409 0.329183072 -0.0852700472 -0.958417177 0.272333592 -0.166188493 -0.905766547 0.389831126 0.999512076 -0.0253026541 -0.0183136575 0.998847544 -0.0479946546 -0.000245218194 -0.998961866 -0.00305209332 -0.0454529673 -0.0391181521 0.173852697 0.983994365 0.0127897421 0.670303583 0.741976798 -0.0456639156 -0.992774367 -0.110968143 -0.0557311103 -0.988360703 -0.141552508 -0.0192603227 -0.999810755 -0.00271975924 0.983850121 -0.178935304 -0.00457831752 0.993786216 -0.111111984 0.00656476151 0.982183635 -0.187826335 -0.00604802091 0.629928648 0.775415659 -0.043823991 0.0518104434 -0.982200325 0.1805498 0.047301244 -0.981462836 0.185723692 -0.0397927053 -0.958168268 0.283425868 0.00920058973 -0.999931872 0.0071856766 -0.00103307352 -0.999965906 0.00820117351 -0.00392617099 -0.999970973 -0.00653107744 -0.998978972 -0.0216638409 0.0396454595 -0.999818325 0.0187638793 -0.0033320575 0.133576855 0.991038322 -0.000431210705 0.132171437 0.991226852 -0.000217393914 0.133737087 0.991016746 -0.000455589674 -0.515440702 -0.484313935 0.70693773 -0.00510658231 0.820316553 -0.571887136 0.327515155 0.790697753 -0.517233908 0.0138991727 0.821159124 -0.570529997 0.983850181 -0.178935155 -0.00457830215 0.993786216 -0.111111954 0.00656476663 0.982183635 -0.187826172 -0.00604800368 -0.998978853 -0.0216657706 0.0396470465 -0.999818444 0.0187618807 -0.00333036273 -0.964875042 0.187816933 -0.183686972 -0.0456630066 -0.992774367 -0.110968515 -0.0557300188 -0.988360822 -0.141552523 -0.00103298353 -0.999965906 0.00819838699 0.00920058973 -0.999931872 0.00718491804 -0.00103289017 -0.999965906 0.00819987804 -0.0039255619 -0.999970973 -0.00653049862 -0.0266698916 0.611144781 -0.791069329 -0.0637890771 0.582755089 -0.810140371 -0.154149115 0.506816626 -0.84815979 -0.000409986969 0.999695063 0.0246886052 0.00870568864 0.996942818 0.0776477009 0.00394599466 0.999990463 0.00182927062 0.016035391 -0.748168588 0.663314879 -0.00173375127 -0.739925265 0.672686815 -0.0296322461 -0.726278067 0.686762035 0.00920080207 -0.999931872 0.00718533807 -0.00103308726 -0.999965906 0.00819987897 -0.00392593909 -0.999970973 -0.00653107744 0 0.209570289 -0.977793634 -0.0456639566 -0.992774725 -0.110964395 -0.0557311475 -0.988361359 -0.141548201 -0.00103313418 -0.999965906 0.00820053276 -0.0456630588 -0.992774725 -0.110964403 -0.055730056 -0.988361418 -0.141548216 -0.00103313499 -0.999965906 0.00820053462 -0.999880135 -0.0153902844 -0.00165762333 -0.999579906 -0.0289777573 0.000489974977 -1 3.12571319e-05 -4.78148722e-05 0.983850121 -0.178935334 -0.00457836548 0.993786097 -0.111111984 0.00656477781 0.982183635 -0.18782638 -0.00604807772 -0.0456630141 -0.992774665 -0.110965475 -0.0557300486 -0.988361359 -0.141549304 -0.00103296118 -0.999965906 0.00819987152 0.0531791523 0.959780157 -0.275670379 0.235151783 0.796012223 -0.557734847 0 0.96591413 -0.258862972 -0.998978913 -0.0216650516 0.0396466441 -0.999818444 0.0187627506 -0.0033309299 -0.304437965 -0.936698139 0.172957376 -0.0010329592 -0.999965906 0.00819994137 0.983850121 -0.178935334 -0.00457836501 0.993786097 -0.111111984 0.0065647345 0.982183635 -0.18782638 -0.00604807166 -0.000961675716 -0.629051566 -0.777362943 0.983850121 -0.178935453 -0.00457834685 0.993786216 -0.111112013 0.00656473776 0.982183516 -0.187826499 -0.00604805071 -0.0456630476 -0.992774546 -0.110966645 -0.0557300374 -0.98836112 -0.141550362 -0.00103313383 -0.999965906 0.00819902588 -0.12603876 0.18649359 -0.974337995 -0.0489454456 0.100454137 -0.993737042 -0.046374891 -0.35213691 -0.934798956 -0.725496233 -0.648043156 -0.231722653 0.00920043699 -0.999931872 0.00718491804 -0.00103310379 -0.999965906 0.00819974672 -0.00392575562 -0.999970973 -0.00653124833 0.983850181 -0.178935155 -0.00457837293 0.993786216 -0.111111954 0.00656471588 0.982183635 -0.187826172 -0.00604807679 -0.0875384435 0.490412027 -0.867083132 -0.993351579 0.115110837 -0.00144362217 -0.985355854 0.170078859 -0.0121283978 -0.994398713 0.105693452 0.000380256737 -0.0456630476 -0.992774725 -0.110964403 -0.00103299774 -0.999965906 0.00820053648 -0.0169917978 -0.998063505 0.0598360747 -0.0397486985 -0.906148851 0.421086997 -0.0356644616 -0.920172215 0.389886111 -0.998978853 -0.0216656681 0.0396470428 -0.999818444 0.0187620502 -0.00333042606 -0.964875042 0.187817231 -0.183687076 0.0039454042 0.999990463 0.00182853872 -0.00041029547 0.999695063 0.0246869661 0.0087060947 0.996942937 0.0776467696 0.00394621398 0.999990463 0.00182980695 -0.0161085147 0.999772489 0.0139829004 0.00870568771 0.996942759 0.0776493847 0.778547823 0.443563104 -0.443976521 -0.842601299 0.188948974 0.504302919 0.0092006214 -0.999931872 0.00718478346 -0.00103313394 -0.999965906 0.00819936022 -0.00392593024 -0.999970973 -0.00653132703 0.983850181 -0.178935155 -0.00457842229 0.993786216 -0.111111954 0.00656475266 0.982183635 -0.187826172 -0.00604813779 0.965779424 0.222070739 0.133994982 -0.312333703 -0.841272712 -0.441257209 -0.424563497 -0.850657105 -0.310045481 0.902211785 0.335197568 0.271397412 0.750062406 0.581927121 0.314272374 0.973316431 0.229315981 0.00832884479 -0.19712387 -0.0637734085 -0.978302181 -0.0957749933 -0.129366368 -0.986960709 -0.261432737 -0.0206514876 -0.965000689 -0.0432448164 -0.993676126 -0.103622749 0.0122291157 -0.999326289 0.0346057899 0.0411653072 0.928183079 -0.369839966 0.0758516714 0.916707039 -0.392294317 0 0.939563334 -0.342375427 -0.993332148 -0.115288094 0.000171106527 -0.984957933 -0.17243436 0.0111440876 -0.994397461 -0.105693437 -0.00166381162 0.998568475 -0.0534516908 0.00198488659 0.992147326 0.111061923 -0.0575237758 0.999901593 -0.00234564021 0.0138278101 -0.0615030043 0.0498370491 0.996861935 -0.0727335885 0.0208765399 0.997132897 -0.0651464984 0.040463537 0.997055054 0.625669718 0.0746641457 0.776506722 -0.00725702196 -0.999963284 -0.0045644762 0.00725699682 -0.999963284 0.0045644599 -0.0233549401 -0.999619246 -0.0146896411 -0.993332148 -0.115287989 0.000171120802 -0.984958053 -0.172434345 0.0111440895 -0.994397461 -0.105693296 -0.00166379835 -0.993332207 -0.11528793 0.000171157866 -0.984958053 -0.172434345 0.0111441184 -0.994397461 -0.105693221 -0.00166375993 -0.998978853 -0.0216657706 0.0396470726 -0.999818444 0.0187618714 -0.00333038112 -0.964874983 0.187816918 -0.18368715 0.0187382195 0.878540039 0.477301031 -0.0187429711 0.891879141 0.451885134 -0.0852113515 0.910666883 0.40425837 -0.993332148 -0.115287818 0.000171097403 -0.984957933 -0.172434285 0.0111441733 -0.994397461 -0.105693094 -0.00166384352 -0.29283601 0.956133902 0.0074205026 -0.23199521 0.972686172 -0.00773142884 -0.307155043 0.951595604 0.0110271815 0 -0.246513903 0.969139338 -0.92401576 -0.381201148 -0.0296730082 -0.946398377 -0.321650773 0.0295111481 -0.979978979 -0.196474493 0.0322339125 -0.99951601 0.0222977176 -0.0216905698 0.0131406002 -0.999895632 -0.00599688198 -0.0563080348 -0.998375475 0.00870162249 0.255828023 -0.965776622 -0.0427492373 -0.016193185 0.999866426 0.00221147574 0.250091732 0.967315793 -0.0418834686 0.186513126 0.981799364 -0.0358169116 -0.97765559 0.209792823 -0.0132841645 -0.977651596 0.209810942 -0.013291047 -0.977656841 0.20978725 -0.0132820476 -0.582540154 -0.8122226 0.0306812488 -0.44256556 -0.89653635 -0.0189284738 -0.549025834 -0.835604548 0.0183203202 0.226575643 -0.973200798 -0.0392892994 0.249570474 -0.967496514 -0.0408058986 0.0434926935 -0.999028027 -0.00716344872 4.89417175e-07 0 -1 -1.26173802e-06 0 -1 7.54186033e-07 0 -1 -3.62724336e-07 0 -1 0.423090994 -0.391273499 -0.817250967 -0.23009105 -0.534393609 -0.813315213 -0.562042832 0.127312243 -0.817251086 0.466461033 0.347750217 -0.813316584 -0.120938636 0.543064356 -0.830936253 -0.495731711 -0.456398726 0.738884509 -0.510374904 -0.448069632 0.733996511 -0.414799035 -0.498567253 0.761165142 -0.00726999249 0.00456309784 -0.999963105 0.00724533107 -0.00456761755 -0.999963343 -0.0233692769 0.0146901896 -0.999619007 -0.0601928718 0.0486168116 0.997002184 -0.0711212158 0.0203906447 0.9972592 -0.0637436509 0.039466206 0.997185588 0.000487892219 2.59445551e-05 -0.999999881 0.000106321808 -1.05483068e-05 -1 4.94394626e-05 7.85959128e-06 -1 -0.755999863 0.380884677 -0.532344937 -0.639797449 0.444695681 -0.62682128 -0.611908197 0.457176775 -0.645412803 -0.689987719 -0.705580115 0.161473185 -0.691542089 -0.709225953 0.136997059 -0.65187031 -0.646405041 0.396516889 -0.683237135 -0.721313715 -0.113549635 -0.791420519 0.457990617 0.404843152 -0.579040587 0.610857069 0.539968193 -0.652607083 0.567698717 0.501818836 0.243809536 0.968999505 -0.0399599709 0.226199627 0.973365903 -0.0373173058 0.0258035958 0.999649882 -0.00584470015 0.7500301 0.661377132 0.00592486234 0.794484854 0.607093334 -0.015213497 0.734389663 0.67860496 0.0129318852 0.134874776 -0.557934523 -0.818851471 0.516267002 -0.555503309 -0.651831686 -0.680869102 0.606924236 -0.409951538 -0.569363177 0.64975661 -0.503628671 -0.555911481 0.653663278 -0.513504386 -0.648178875 -0.759982228 -0.0478668921 -0.650607646 -0.691732228 -0.313394755 -0.561942875 -0.825579405 0.0513701476 -0.418431491 -0.851868153 0.315017015 -0.667842686 0.588882089 0.455196857 -0.0225536786 -0.987484515 -0.156095073 -0.0342523307 -0.988975585 -0.144062638 -0.0919793025 -0.992216706 -0.0839390606 0 0.960500658 0.278277516 0.00282746996 0.998690426 -0.051082015 -0.0318185054 0.996712685 -0.0745071396 -0.0715824217 0.992279649 -0.101277858 0.999736011 -0.010072764 -0.0206498671 0.996152163 -0.0828639045 -0.028539164 0.998654664 -0.0468617976 -0.0222009625 0.65079546 -0.757086396 -0.0573183373 -0.000410016743 0.999695063 0.0246879384 0.00870616827 0.996942937 0.0776459947 0.00394581491 0.999990463 0.0018290258 0.041703891 -0.814807713 -0.578229427 0.3391819 -0.807263255 -0.482992411 0 -0.809573412 -0.587018549 1 -4.41076509e-06 0 1 -4.72805505e-06 0 1 -2.07048561e-06 0 0 -0.209555969 0.977796674 0 -0.0878836438 0.996130764 -0.126033381 -0.384993255 0.914273381 -0.0158330072 -0.269392252 0.9629004 0.0286603197 -0.81585139 -0.577550948 -0.0409502015 -0.980152488 -0.193969592 0.0184774175 -0.508804262 -0.860683858 0.0174619649 -0.509719014 -0.860163748 -0.00930870976 -0.533429384 -0.845793486 0.0434884839 -0.285567462 0.957371354 0.0213651303 -0.410321385 0.911690712 0 -0.521889865 0.8530128 -0.118825659 -0.934914708 0.334387541 0.054266803 -0.868508816 0.49269411 0.0849780291 -0.851147592 0.518002391 0.0999320298 -0.0137903448 0.994898677 0.200530097 -0.0185686927 0.979511499 -0.993332148 -0.11528784 0.000171132226 -0.984957933 -0.172434285 0.0111441771 -0.994397461 -0.105693094 -0.00166380627 0.0184753966 0.299156725 -0.954025149 0.0174599197 0.298158109 -0.95435679 -0.0093128942 0.271612853 -0.962361515 -0.3014808 0.407352239 0.862075031 -0.0641195476 0.484481305 0.872448623 -0.346266329 0.389067888 0.853654385 -0.993332148 -0.115288027 0.000171149775 -0.984958053 -0.172434345 0.0111441398 -0.994397461 -0.105693333 -0.00166377285 -0.0209619142 -0.648944855 0.760546565 0.00382019626 -0.501205266 0.865319967 -0.0352826789 -0.290308356 0.956282496 0.389243245 -0.884541392 0.257052988 0.196399525 0.978961647 -0.0553289652 -0.998978853 -0.0216660686 0.0396476276 -0.999818444 0.0187617913 -0.00332998391 0.0475928262 -0.555883169 0.829896808 0.753167987 -0.65746963 0.0217167065 0.745213032 -0.666599989 0.0173752252 0.75594461 -0.654222727 0.0232474227 0.00173499167 0.739924252 0.672688007 -0.0160338562 0.748168468 0.663315117 -0.0421551764 0.759653211 0.64896065 -0.998978853 -0.0216652732 0.0396469906 -0.999818444 0.0187626258 -0.00333057018 -0.964874804 0.18781808 -0.18368715 0.361305654 0.896430671 0.256651878 -0.816887438 -0.305995286 -0.488939404 -0.672356486 -0.728033721 -0.133804217 0.795556962 -0.605877697 0.00116219092 0.795621336 -0.605780602 -0.00406823214 0.785746038 -0.593505263 -0.174226031 0 0.917057872 -0.398754299 0.96522516 -0.000106673266 0.261420071 0.995091736 -0.0948380977 0.0282522589 0.950412869 0.0206639618 0.310303509 0.983850121 -0.178935304 -0.00457836641 0.993786216 -0.111111984 0.00656471355 0.982183635 -0.187826335 -0.0060480698 0.00394599466 0.999990463 0.0018291733 -0.000409986882 0.999695063 0.0246885307 0.0087056905 0.996942937 0.0776469111 -0.0236343052 -0.999678731 0.00915372558 -0.0274082292 -0.999557734 0.0115371002 -0.0225304458 -0.999644995 -0.0142245721 0.919476151 0.392719328 0.0183048081 0.833640277 0.551417589 -0.0313443914 -0.0415332466 -0.583981991 -0.810703397 -0.0686229691 -0.598868966 -0.797901571 -0.993332028 -0.115288034 0.000171112973 -0.984957933 -0.172434896 0.0111440355 -0.994397461 -0.105693273 -0.00166379788 0.999257803 -0.0379989818 -0.00632226514 0.999631584 -0.0151873361 -0.0224953461 0.999764919 -0.0196418725 0.00918058492 -0.993332148 -0.115288064 0.000171142266 -0.984957933 -0.172434345 0.0111440895 -0.994397461 -0.105693385 -0.00166377367 -0.0641016513 0.0410184674 0.997100055 -0.0727467388 0.0188949276 0.997171462 -0.0669330657 0.0337853581 0.99718529 0.0583310053 0.955051482 -0.290644258 0.507810712 0.793843806 -0.334574908 0 0.959924638 -0.280258 -0.993332148 -0.115287907 0.000171173262 -0.984957874 -0.172434852 0.011144042 -0.994397461 -0.105693094 -0.00166373188 0.999761641 -0.0214194581 0.0042148307 0.999942422 0.0105413022 -0.00201974739 0.999312043 -0.0308154095 0.0206340756 -0.0086577367 -0.272922546 0.961997092 -0.0219650883 -0.261096358 0.965062797 -0.0759196356 -0.212205693 0.974271476 0.158101037 0.584347069 0.79595387 0.98827064 0.1496481 0.0304395147 0.990304172 -0.0431303568 -0.132050663 0 -0.956652939 -0.2912305 0.0415326245 -0.814791083 -0.578265131 0.324459106 -0.809624851 -0.489115387 0 -0.809573352 -0.587018788 -0.709572971 0.674859583 -0.202659264 0 0.914729118 0.404067576 0 -0.246515006 0.96913898 0.0415322892 0.908183277 -0.416507244 0.324456066 0.828410327 -0.456579268 0 0.91315341 -0.407616079 -0.998978853 -0.0216651727 0.0396474078 -0.999818444 0.0187629499 -0.00333062932 1 1.85189526e-06 5.48070557e-06 1 3.6456278e-08 1.6993019e-05 0.99927032 0.037372984 0.00788423605 -0.00725934282 -0.703853309 -0.710308135 0.00724947453 -0.710306764 -0.703854918 -0.0233515818 -0.696452558 -0.71722275 0.097956799 -0.0589524843 0.993443072 0.00394618372 0.999990463 0.00182922103 -0.000409806904 0.999695063 0.0246881805 0.00870621018 0.996942759 0.0776489452 0.00394580606 0.999990463 0.00182853872 -0.00041004736 0.999695063 0.0246867407 0.0087061543 0.996942997 0.0776452869 -0.0451753698 0.793430746 -0.606981754 0.0122832255 -0.556272984 -0.830908835 -0.0122865327 -0.579656482 -0.814768374 -0.174443543 -0.713510036 -0.678581476 0.802179456 0.299564183 0.516497254 0.802241445 0.294881672 0.519089103 0.790943801 0.133178785 0.597219706 0.782013416 -0.600222886 0.167891085 0.0583697148 0.900164068 -0.431622118 0.119546697 0.882443488 -0.454974711 0 0.913162351 -0.407596201 0.844341516 -0.0386925526 -0.534406483 0.958399713 -0.235304654 -0.161560431 0.875839233 -0.047940243 -0.480215937 0.680421472 -0.675944149 0.283065617 0 0.914741874 0.404038638 0 -0.956661105 -0.291203737 0.934005678 0.318938404 0.16097112 0.889413357 -0.142809421 -0.434222698 -0.00725382427 -0.710310042 0.703851521 0.00726006087 -0.703852236 0.710309267 -0.0233516525 -0.717229307 0.696445823 0.981516063 0.0131630916 0.190926537 1.49719199e-06 0 -1 1.34305685e-06 0 -1 1 -1.28680381e-06 0 1 -2.70720307e-06 0 1 -4.97289989e-07 0 -0.00725325756 -0.00456780288 0.999963284 0.00726138894 0.0045627458 0.999963164 -0.0233517867 -0.0146947037 0.999619305 0.00394578837 0.999990582 0.00182956445 -0.000410115288 0.999695003 0.02469052 0.00870612543 0.996942937 0.0776459351 -0.998978853 -0.0216657985 0.0396469682 -0.999818444 0.0187619161 -0.00333049032 1 6.46342596e-06 0 1 -7.06984736e-07 0 -0.0521977656 0.953673303 -0.296281308 -0.167744413 0.953314245 -0.25110507 0 0.94905746 -0.315103114 -0.204405174 0.746341407 0.633397996 -0.000409998989 0.999695063 0.0246885233 0.00870568957 0.996942937 0.0776465982 0.983850062 -0.178935543 -0.00457831705 0.993786097 -0.111112013 0.00656474056 0.983850181 -0.178935155 -0.00457827421 0.993786216 -0.111111954 0.00656472705 0.982183635 -0.187826172 -0.00604796689 0.0318187177 -0.996712744 -0.0745070651 -0.00282745413 -0.998690486 -0.051081717 -0.0437790528 -0.998770177 -0.0232732315 0.983850181 -0.178935155 -0.00457833475 0.993786216 -0.111111954 0.00656476244 0.982183635 -0.187826172 -0.00604804 0.99571979 -0.0736372024 0.0558529906 0.25597024 0.420169324 0.870595753 0.878928483 0.265951931 0.395922154 0.70878166 0.432146847 0.557563961 -0.196631104 0.175642818 -0.964616954 -0.0218969062 -0.0318130739 -0.999253929 -0.0200988557 -0.0339254588 -0.999222279 -0.197124362 -0.063774541 -0.978302002 -0.0957749337 -0.129366502 -0.986960769 -0.261433095 -0.020653639 -0.965000689 0.0649702698 -0.979099333 0.192726016 0.0130757587 -0.913083851 0.407562107 -0.0213297419 0.922623873 -0.385110527 -0.0202013291 0.923005164 -0.384256899 -0.014343868 0.924952149 -0.379812896 0 -0.984683514 -0.174351528 0.0417012312 0.908158779 -0.416543782 0.339158952 0.821920097 -0.457622617 0 0.913152814 -0.407617331 1.49782454e-06 6.17391152e-06 -1 -2.38659283e-07 0 -1 3.05831127e-05 3.30071416e-05 -1 -0.998444259 -0.054751046 -0.0105532203 -0.999993622 -0.00344995898 0.000966495194 -0.999400914 -0.0345895253 0.00118501182 -1 8.69281564e-07 4.87447505e-06 -1 5.21159054e-05 0.000292238663 -1 1.72208856e-05 9.65656945e-05 -0.99999994 1.6775708e-05 -3.30519397e-05 -1 -5.09164965e-05 0 -1 -6.91767564e-05 1.19622382e-05 -1 -5.70380325e-05 3.0911558e-06 -1 0 7.43780959e-07 -1 0 -1.16230794e-05 -1 -4.33921059e-06 7.14201974e-07 -0.983400941 -0.180994287 0.0127942357 0.350190401 0.387415856 -0.852804542 0.117528118 -0.745354295 -0.656227171 0.0233568475 0.999619305 -0.0146896252 0.229510993 0.939498723 0.254297048 -0.00484888395 -0.284727156 0.958596289 -0.0216539521 -0.99919641 -0.0337277353 -0.0168803353 -0.999806643 -0.0100865103 -0.0127866659 -0.999892473 -0.00717864884 -0.0194629543 -0.999774575 0.00848691724 -0.0289011505 -0.998978853 0.0347261913 -0.018619705 -0.99979198 0.00832095183 -0.00483472459 -0.999862492 0.01586169 0.0433672965 -0.998908937 0.0173220802 0.000250377518 1.57016002e-05 -1 0.00124991091 -0.000109950808 -0.999999225 0.00182907144 -0.000162588491 -0.999998331 0.000100622114 -1.45094441e-06 -1 0.571556449 0.505054533 -0.646717191 0.00105319754 0.999973357 -0.00722755538 -0.00149232068 0.999959171 -0.00891317893 0.0127457669 0.995878994 0.0897917673 0.263614208 -0.927219093 -0.266030788 -1 -0.000149459302 2.61125388e-05 -1 -0.000195150511 3.78998193e-05 -1 5.0164258e-06 -1.13353399e-05 -1 3.97686881e-06 -1.62828553e-06 -1 9.29139969e-06 -6.12881331e-06 -0.999999583 0.000771381427 -0.000508820289 -0.99999994 0.000214312982 -0.000141365599 -1 0 8.26552641e-05 0.442825079 0.844263017 0.301870912 0 -0.984859467 0.173354775 -0.98426044 0.176131338 -0.0144604715 0.253223777 -0.782608688 0.568683982 0.208036646 -0.966249704 0.151928246 0 -0.726179361 0.687505364 -1 3.10984115e-06 6.69088195e-07 -1 0 5.11688768e-06 -1 0 3.06290713e-06 -1 9.698756e-06 0 -1 0 4.35753391e-05 -1 0 8.37071923e-07 -1 0 3.636162e-05 -1 -4.46088015e-05 -5.68126779e-05 0.430935383 -0.481146127 -0.76340884 0 -0.210505053 -0.977592766 0.225316763 0.947534621 0.226738676 0.637731731 -0.76970464 0.0292076431 7.07066465e-06 -4.18828404e-06 1 1.15832154e-05 -1.96470683e-05 1 1.05508152e-05 -1.61103417e-05 1 6.01569855e-06 -5.74252454e-07 1 0.253930569 0.371967286 -0.892837942 0.266308695 0.762515903 -0.589617848 0.258523822 0.542732298 -0.799129009 -0.960042059 -0.183604091 0.211207926 0 -0.340524793 -0.940235555 0 -0.603287518 0.797523737 0.132174715 0.893541038 -0.429085165 0.985902429 -0.0202152673 0.1660956 0.990995049 -0.110609621 0.0754602104 0.90171814 -0.423748046 0.0856857151 0.997920454 -0.0515040495 -0.0387568846 0.994855046 0.0262871198 0.0978388339 0.998148084 0.00693848217 -0.0604339689 0.999619961 0.0275257491 0.00149449229 0.998739123 0.0499072857 -0.00542891398 0.997273147 0.0591923371 -0.0440752991 0.340238065 0.787582338 -0.513762593 0.527120471 -0.802625 0.27917251 -0.017394416 -0.999846339 0.00215955917 -0.101391703 -0.993137777 0.0582832173 -0.0384847671 -0.999250233 -0.00423408486 -0.147453323 -0.985199034 0.0874098092 -0.0242190212 -0.99931705 -0.0279084109 0.990321338 0.0905848145 -0.105158009 0.991912723 -0.0640928 0.109549858 1 3.38322457e-06 0 -0.0595907234 0.583510339 -0.809916496 0.0653516129 0.970462978 0.232230037 -0.960041285 -0.183606133 0.211209744 -0.566698134 0.807632387 0.16304256 -0.999991417 -0.00228553405 -0.00346688437 -0.999994278 -0.00318171573 -0.00119733682 -0.999886811 0.0148572624 -0.002395947 0.192468449 0.16765596 0.966875017 -0.342570752 -0.531187654 0.774909675 0 -0.13279444 -0.991143525 0.0906515792 -0.429580718 -0.898466885 0.70461154 0.448405564 0.549959242 0.0849780291 0.964411438 -0.25037834 -0.0644377097 -0.982450604 -0.175038397 0.330511153 -0.494834512 -0.803679705 -0.338265389 0.350545883 0.87332356 1 -3.58950419e-05 0 1 0.000105478583 0 1 8.31678844e-05 0 1 8.43508169e-05 0 1 -1.04774631e-06 0 1 -9.0758067e-06 0 -0.0672162846 0.0121856686 0.997663975 -0.0676787272 0.0111491652 0.997644842 0.587395132 -0.792745888 -0.162852928 1 -8.66648918e-07 0 -0.0241173189 -0.99935621 -0.026560545 -0.0174587313 -0.999844849 0.00236342661 0.656893611 0.447262675 -0.606998265 0.00105327135 0.999973357 -0.00722752325 -0.00149232068 0.999959171 -0.00891312864 0.0127457678 0.995879114 0.0897909701 0.25334686 -0.724471092 0.64105916 -0.38976261 0.91465795 -0.107172891 0 -0.281092912 -0.959680557 0.658790469 0.744725645 -0.106670976 0.994738758 -0.102128886 0.00803174358 0 -0.707142711 0.707070768 -0.0505569056 -0.716928005 -0.695311546 0.40545693 -0.445293218 0.798322439 0.999999702 0.000671308022 0 1 7.02696616e-06 0 0.999918103 -0.012794463 0 1 -3.10522273e-06 0 0.999999881 0.000315656536 0 1 0.000282494264 0 -0.299540222 0.633442283 0.713460863 -0.100203522 -0.886538923 -0.451672345 -0.374712646 0.89494127 -0.242219642 -1 -6.2872321e-05 0 -1 -9.21847641e-06 0 -1 -4.9181861e-05 0 -1 -4.17206829e-05 0 -1 -8.02302602e-05 0 -1 0 7.03609658e-06 -1 0 -6.5494379e-07 -1 0 -4.33400857e-07 -1 0 -8.13511178e-06 -1 -3.0654337e-05 0 -0.960041285 -0.183606133 0.211209565 -1 -9.73980423e-06 -9.09180017e-06 -1 -3.18343227e-05 -6.84860643e-05 0 -0.976916671 0.213620722 0 -0.783400655 0.621516943 0.125316903 0.676815033 -0.725408137 -0.0968921334 -0.762043536 -0.640235603 -0.138023451 -0.990425646 0.00256527192 7.36793372e-05 0 1 0.100163482 -0.0328081027 0.994429946 -1 -2.27621895e-05 3.92151378e-06 -1 -4.97137517e-05 6.63788114e-06 -0.611865282 0.694945812 0.377718359 0 -0.928292274 0.371851265 0.184573472 -0.158525273 0.969949722 0.136499822 0.0253071189 -0.990316749 -2.50020767e-05 0 -1 1.70726235e-05 0 -1 4.91537639e-06 0 -1 -0.0148143005 -0.284700096 0.958502233 0.111265674 -0.970427215 -0.214221567 0.00105305354 0.999973357 -0.00722758891 -0.00149254908 0.999959171 -0.00891296566 0.0127451178 0.995878637 0.0897951201 5.97316603e-06 -4.1882704e-06 1 5.79163225e-06 -1.96471501e-05 0.99999994 5.83316523e-06 -1.61103417e-05 1 6.01560578e-06 -5.74243643e-07 1 0.44006297 -0.59923321 0.668778062 4.93285279e-06 6.91452954e-07 1 0 5.94483345e-06 1 1.0729201e-06 4.80219705e-06 1 6.13173415e-06 -5.85329133e-07 1 -0.331049562 0.910390973 0.248182386 3.69335157e-06 0 -1 1.92158694e-07 0 -1 1.51326799e-06 0 -1 4.30795268e-07 0 -1 0.000246348762 1.61080334e-05 -0.999999881 -7.14787404e-07 0 -1 0.000243201488 1.52311322e-05 -1 4.00824465e-05 2.96976032e-05 -1 4.62431271e-05 1.01293908e-05 -1 0.000281222747 1.63601035e-05 -1 0.000857356761 -8.21271897e-05 -0.999999583 -2.54826991e-05 0 -1 -1.17282925e-05 0 -1 2.14084093e-06 0 -1 0.000135177921 -2.56412454e-06 -1 2.42015121e-05 0 -1 -3.56012265e-06 0 -1 6.03995759e-05 -5.37675714e-06 -1 0.00599699793 -0.0145390676 -0.99987632 0.000337244506 1.17972986e-05 -0.999999881 0.0004171459 -1.56496262e-05 -0.999999881 0.000488344464 -4.03921913e-05 -0.999999881 9.53769995e-06 9.04193826e-07 -1 0.000187367739 -0.000217304856 -1 1.15823795e-07 0 -1 7.25554344e-07 0 -1 0.000127293213 -3.52615971e-05 -1 -4.11753172e-06 0 -1 -6.20206606e-07 0 -1 0.000273462821 0.000447725557 -0.999999762 -0.00189388811 0.0126431398 -0.999918222 0.000644645654 0.00222978787 -0.999997377 9.24541237e-05 2.30775072e-07 -1 0.00777467806 0.0186265856 -0.999796331 -0.000414245209 0 -0.999999881 -3.17440426e-05 3.88319904e-06 -1 3.79058947e-05 1.52490848e-05 -1 6.44929605e-05 6.65636162e-06 -1 5.06772631e-05 -8.70845361e-06 -1 6.55293934e-06 -5.83445444e-06 -1 0.000297301682 -2.37138975e-05 -1 0.000499275106 3.19195678e-05 -0.999999881 0.000278283755 -2.31560589e-05 -1 0.000568349729 3.76729295e-05 -0.999999821 0 -1.01017094e-05 1 -0.954559982 0.00038493934 0.298018724 0.100480109 -0.0308950078 0.994459271 -0.970887899 0.001172469 0.239531249 0.0141457915 0.999809086 0.0134778973 0.0188982617 0.999765813 0.0105377249 0.655417144 0.709138513 0.259905845 0.0233451594 0.696446776 -0.71722877 0.434752911 0.636506736 0.637062907 -0.952839136 -4.88778414e-06 0.303476095 0.102746934 -0.0298924614 0.994258344 0.25431177 -0.0187926013 0.966939688 -0.941533446 0.000173602777 0.336919397 -0.0714828074 0.0132005224 0.997354507 -0.432094663 0.0340620577 0.901184738 0.325227469 0.0515155941 0.94423151 0.462662727 0.0288931523 0.886063457 0.292306453 0.0706853196 0.953708887 -0.00268136035 -0.999994159 0.00212060218 -0.0205177907 -0.999697506 0.0135624474 0 -1.92363168e-05 1 -0.0157471243 -0.976050079 -0.216975093 0.0235898253 -0.999203801 -0.0321747959 -0.00529919285 -0.990500152 -0.137409881 -0.00268271822 -0.999994159 0.00212336774 -0.0205151029 -0.999697506 0.0135625666 0.00304611889 0.999907076 0.0132900989 0.00107060536 0.99989444 0.0144895222 -0.00662327744 0.999975681 0.00215681037 -0.0051568076 0.988420665 -0.151651263 0.0141459592 0.999820948 0.0125632733 0.0205852222 0.999751329 0.0085738739 0.0270788167 0.999396324 -0.0217656977 -0.0253386721 0.968034685 -0.249533489 -0.163492277 -0.871341944 0.462637395 -0.946361244 0.000168703875 0.323110372 -0.00517320307 0.999922276 -0.011350615 -0.00149189634 0.999959171 -0.00891355891 0.0127457548 0.9958781 0.089801833 0.0956843942 -0.0263569336 0.995062768 0.783176124 -0.267860472 -0.561147034 -0.227871612 0.00362545624 0.97368449 0.0676320568 -0.00145380385 0.997709274 0.950173616 -0.0194898508 0.311111301 -0.823374331 0.0149829574 0.567300975 -0.999997139 0.00238662795 0 0.194762081 -0.0730979592 -0.97812295 0.977753878 0.0251196679 0.208246127 -0.953892291 -0.00169334607 0.300144255 -0.9838714 0.178348646 -0.013741699 0.0964791253 -0.0235810056 0.995055676 0.0773653239 -0.996841192 -0.0179521311 -0.98426044 0.176131338 -0.0144605739 -0.98426044 0.176131338 -0.0144606251 -0.982067823 0.178048268 -0.0619817711 -0.0242079105 -0.999305189 -0.028340064 -0.0173983257 -0.99984622 0.00218688278 -0.176790923 0.448322117 -0.876214743 5.97319286e-06 -4.18826858e-06 1 5.7915795e-06 -1.96469719e-05 1 5.83312976e-06 -1.61102344e-05 1 6.01565171e-06 -5.7424802e-07 1 0.687260985 -0.514832675 -0.512464166 -0.00543646794 0.988261342 -0.152675644 0.0141456882 0.999820948 0.0125634093 0.0205850713 0.999751329 0.00857389346 0.0270530637 0.999395132 -0.0218512006 -0.0257880166 0.967605054 -0.251148045 0.999996483 0.00224089273 -0.00144155358 0.999991894 0.000379986275 0.00400676019 0.999993801 -0.00200050115 -0.002901081 0.999990284 0.00195446867 0.00394253014 0.999947846 0.00985373277 -0.00266801333 0.999969959 0.00650294218 0.00420792121 0.999972165 0.00741851749 -0.000821059861 0.100923143 -0.0303147994 0.994432271 -5.07024538e-07 0 -1 -3.17065815e-06 0 -1 -2.53815051e-06 0 -1 -0.0152717121 0.600947261 0.799142838 -0.9838714 0.178348646 -0.0137417512 0.996328235 -0.0665123388 0.0539086834 0.996576726 -0.0767832547 0.0306483712 0.997062981 -0.0659713969 0.0388993211 0.989838004 -0.140755832 -0.0202118438 0.994958103 -0.0995166898 0.0124414833 0.997690737 0.00255568023 -0.0678726733 0.999914944 0.0057876925 -0.0116826976 0.995331943 -0.0577795617 0.0773032233 0.998743653 0.011646159 0.0487392209 0.999899268 0.0101444442 0.00992407277 0.997669339 -0.00840258226 -0.0677140579 0.999842703 -0.00932823122 -0.0150889214 0.993035793 0.0827085748 0.0838995203 0.9987607 -0.0171994902 0.0467034467 0.993713796 0.0603147 0.0943138301 0.999819398 -0.0138055505 0.0130590536 0.996729255 0.064976573 -0.0480508432 0.991884887 0.0761216134 -0.101832546 0.996768653 0.0538249463 -0.0596240163 -0.983396173 -0.181020513 0.0127961859 1 -4.18030686e-05 -2.67477699e-05 0.999993145 -0.00220225961 0.00297787017 1 9.76681258e-06 5.01080431e-05 0.999997675 0.000134021873 0.00216244673 0.999997199 0.00019460429 0.00234049535 1 0.000107834501 -0.000153795481 1 8.7247965e-05 -0.000139562035 0.999998152 -0.00133341248 0.00139723683 0.999954641 -0.000237896529 0.00951849669 -0.983002663 0.172571242 -0.0626499504 -0.0173990633 -0.99984616 0.00222785608 -0.0236372072 -0.999678671 0.00915495772 -0.0225618854 -0.999643028 -0.014311336 -0.0274091177 -0.999557734 0.0115371281 -0.02407334 -0.999328613 -0.0276175011 -0.960041225 -0.183606118 0.211209908 0.895538092 0.365288585 -0.254117429 0.979404092 0.199097112 0.0335852206 0.878629327 0.397527009 -0.26454255 0.281111568 -0.513609111 0.810667634 0.999414265 0.0342094637 -0.000877392653 0.999044895 0.0435623936 -0.00340596004 0.999999642 0.000740057323 -0.000347655092 -0.0161339324 -0.00489673857 0.999857783 -0.999499857 -0.0316002928 -0.00121391832 -0.99889493 -0.0467820913 -0.00451415079 -0.999638319 -0.0264973268 -0.00459856074 -1 0.000209506354 9.71744303e-05 -0.983871222 0.178349212 -0.0137417568 0 -0.791641772 0.610985637 0.999788702 0.00201092195 0.0204566214 0.63856107 0.766884923 -0.0642429888 0.998943925 0.0458028018 0.0036475237 0.999716997 0.019941045 0.0129699064 0.997856736 -0.0637848526 -0.0146116754 0.687261462 -0.514833033 -0.51246345 0.00714915385 0.995174229 -0.0978633016 0.0141445389 0.999821067 0.0125631392 0.0205825865 0.999751389 0.00857452303 0.0291283 0.999495745 -0.0126362061 -0.00522510428 0.986684501 -0.162561834 -0.999930859 -0.0116353063 -0.00167028012 -0.997445703 -0.0695957318 0.016079342 -0.999594986 -0.0282499678 0.00343241915 -0.995869398 0.0890777633 0.0175857432 -0.999346077 0.036134135 0.00129721675 0.994738758 -0.102128886 0.00803176779 -0.0212856755 -0.997196853 -0.0717313588 -0.00642764196 -0.999970853 -0.00410545338 -0.637988985 0.770022869 -0.00589144137 3.45347394e-06 0 -1 -3.2082346e-06 0 -1 -9.2595468e-07 0 -1 -4.48370247e-06 0 -1 -0.960714638 -0.000851202523 0.277536929 -0.999050915 0.0256995615 0.0351686627 -0.999681234 0.0147057567 0.0205249228 -0.999864936 0.00941005442 0.0134709394 -0.999996483 -0.00201176689 -0.00174341036 1 -2.35862335e-05 0 1 -3.1849162e-05 0 1 -2.81826597e-05 0 1 -1.0273654e-05 0 1 -9.5774385e-07 0 0.997821808 -0.0432869121 -0.0497786663 0.957127988 -0.107469134 0.268991619 -0.039494615 -0.994675577 -0.0951884687 -0.018839566 -0.999814689 -0.00394991972 0.00304636126 0.999918699 0.0123848207 0.00617100857 0.999926031 0.0104850465 -0.0159627479 0.994049013 -0.107757993 0.00802624784 0.999910235 -0.010728172 -0.0320497677 0.982865095 -0.181519076 -0.99999553 -0.00184616342 -0.00235980935 -0.997959018 0.0114578716 -0.0628215373 -0.999982238 -0.000558631844 0.00593637489 -0.999899209 -0.00263809622 0.0139557701 -0.990106821 0.00781178148 -0.140098229 -0.999994099 -0.0022868067 0.00257803896 -0.970990717 -0.201943815 -0.128045231 -0.999790311 -0.0204663537 -0.000650029804 -0.999993145 -0.000301447639 0.00369553268 -0.999994338 -0.00321301143 0.000957330863 -0.999992907 -0.00256668404 0.00277150585 1 -6.37577841e-07 0 1 2.9981391e-05 0 -0.00023408985 4.06013423e-05 0.999999881 -0.999980211 -0.00628156075 -5.3062493e-05 -0.995491683 0.0778063685 -0.05424444 -0.999381483 -0.0318608806 0.0148857851 -0.999896228 0.0142754409 0.0019429971 -0.999991894 0.00334450766 -0.00225051399 0.995209813 -0.0745569915 -0.0632345974 0.999964476 0.00832183287 0.00133763382 0.995174766 -0.00315742427 -0.0980671793 0.00024415864 3.83403894e-05 -1 0.000679357036 -6.74443727e-05 -0.999999702 0.000452474633 -5.93426284e-06 -0.999999881 -0.0241037328 0.990057707 -0.138581276 -0.122184902 0.987781525 0.0967395455 -0.067897588 0.995683074 0.0632866845 0.0270070173 0.999396682 -0.0218373463 -0.0261097383 0.967769444 -0.250480562 0.43634358 -0.883674443 0.169480607 0.0233565234 0.717227519 0.696447432 0 -0.992364585 0.123339638 -0.0708573833 0.0124410437 0.997408867 0.350010514 -0.884984612 0.307074815 0 0.0193059649 -0.999813676 -0.99998188 0.00053224375 0.00599926105 -0.999984145 -0.00312418537 0.00469707418 -0.999981999 0.00574395526 0.0016808568 -0.0147110866 -0.999791145 0.0141889714 -0.0236437079 -0.999678493 0.00916087814 -0.0274063833 -0.999557734 0.0115370192 -0.945213139 0.126719996 0.300855726 -1 -0.000106056381 0.000205397781 -0.999058843 0.0166965835 0.0400338434 -1 -4.78564834e-06 2.87485022e-06 -1 0 -3.53673895e-05 -1 0.000149173735 -3.55174188e-06 -1 2.45848314e-05 -1.22180006e-06 -1 0 1.10231611e-06 -1 1.85406407e-06 1.0681016e-06 0.00304478593 0.99991864 0.0123854158 0.00616865279 0.999926031 0.0104858512 0.0078363549 0.999904037 -0.0114237648 -0.983270288 0.181584254 -0.0143713038 0.00105318718 0.999973357 -0.00722761964 -0.00149232068 0.999959171 -0.00891301502 0.0127457669 0.995878994 0.0897922516 0.982268512 0.1829101 0.0411382765 0.906725049 0.288054734 0.308016539 0.944663286 0.218473777 0.244705006 0.985589623 0 0.169154361 0.0141449729 0.999821007 0.0125628933 0.0205810312 0.999751389 0.00857570954 -0.00549186394 0.988572299 -0.150647134 0.0273473151 0.999422312 -0.0201791003 -0.0257858168 0.968558848 -0.247444257 -0.0233292747 -0.999667406 0.0109931342 -0.0274083465 -0.999532223 0.0135655394 1 -4.61126983e-05 0 1 -3.59714068e-05 0 -0.0724481493 0.0131324511 0.997285664 -0.0269467551 -0.999450505 0.0193015523 -0.0276365392 -0.999483287 0.0164112039 0.459458292 0.775230944 -0.433491737 -0.0244725496 0.990074635 -0.138395548 -0.122185856 0.987781405 0.0967395306 -0.0679136217 0.995681405 0.0632957146 0.026909763 0.999399006 -0.0218537189 -0.0267524626 0.967795193 -0.250313461 -0.0179828983 0.994484067 -0.103334263 0.00304655218 0.999907017 0.0132906232 0.00536286784 0.999915063 0.0118840272 0.00563434465 0.999949396 -0.00833080243 -0.0343951844 0.983820558 -0.175823897 0.98481065 -0.159147471 0.0694259405 0.975469887 -0.067303732 0.209592059 0.973595023 -0.163451627 0.159362227 0.946588159 -0.320833564 0.0321963392 0.970201612 -0.0909172818 -0.224594906 0.981800556 0.125116482 -0.142875642 0.972614825 0.00886880048 -0.232253388 0.9915061 0.0969214365 -0.0867294744 -0.0654665455 0.0117127579 0.997785985 -0.0661853179 0.0101157334 0.997756004 -0.00856605545 0.989605129 -0.143555596 0.0141475527 0.999809086 0.0134778973 0.0189036839 0.999765873 0.0105352635 0.0224671885 0.999598563 -0.017264219 -0.0288696252 0.970710635 -0.238511145 -0.0412408113 -0.996157646 -0.0772599354 -0.0222316626 -0.99973613 0.00578511413 -0.0332390741 -0.99855727 -0.0421717502 -0.0204938967 -0.999698162 0.0135481358 -0.0205165148 -0.999697506 0.0135625964 0.624628782 -0.760867596 0.175839216 -0.00268245465 -0.999994159 0.00212101871 -0.0205184631 -0.999697506 0.0135623859 -0.0397722125 -0.907023668 0.419197053 -0.00459039351 0.979188919 -0.202898905 0.00304707792 0.999907017 0.0132897953 0.00304346462 0.999918699 0.0123848896 0.00616650051 0.999926031 0.0104861204 -0.0161831137 0.994139373 -0.106887423 0.00793202501 0.999910057 -0.0108213071 -0.0324604474 0.983070493 -0.180329576 0.607831597 0.2495123 -0.753846347 0 5.93872073e-06 0.99999994 -0.901191294 -0.0469448417 0.430871606 -0.00853484124 -0.999962151 0.00166442338 -0.0274071544 -0.999532282 0.0135659017 0.275572896 0.604688406 0.747269332 -0.0759314224 0.0135872029 0.997020423 -0.0664233267 0.0379211605 0.99707067 -0.0733734816 0.0201477055 0.997101009 -0.0630341098 0.0465609804 0.996924698 -0.0758601055 0.0135742314 0.997026086 -0.0651880652 0.0409018509 0.997034431 -0.0729884803 0.020945156 0.997112811 -0.0613804832 0.0506087132 0.996830583 -0.0378798284 0.991002977 -0.128367826 0.0141474176 0.999809086 0.0134778973 0.994419456 0.0920570493 0.0515310168 -0.0774046034 0.014033935 0.996901035 0.155605212 -0.80931133 0.566394091 -0.0798117146 0.0144690378 0.996704936 -0.0132922707 0.183515146 0.982927024 -0.0625121668 0.0591349751 0.996290803 0.00962316897 0.240092352 0.970702291 -0.0547501184 0.00992516149 0.998450756 -0.0184743032 -0.999826014 -0.00258615264 -0.023635963 -0.999678671 0.00915434398 -0.0302798841 -0.998347223 -0.0488479696 -0.0274088439 -0.999557734 0.0115370182 -0.036598213 -0.995810509 -0.083797209 -0.94204998 0.130221501 0.309167057 0.180138171 -0.266359121 -0.946891308 0.0141442958 0.999821007 0.0125634354 0.0205841213 0.999751329 0.00857372303 -0.00548235141 0.988222897 -0.152922645 0.0270551816 0.999395132 -0.0218499582 -0.025857497 0.96750623 -0.251521319 -0.0744907558 0.0133289965 0.997132659 -0.0629220828 0.0428971313 0.997096062 -0.0713766366 0.0213085264 0.997221768 -0.0587920472 0.0534035079 0.996840835 -0.000230641017 4.16403891e-05 1 5.44854229e-05 0.000683558523 0.999999762 -0.00014551646 0.000233285245 1 0.000148149978 0.000894429744 0.999999583 -0.0240471996 -0.99933815 -0.0272955634 -0.0174001772 -0.999846041 0.00225507258 0.00105312408 0.999973357 -0.00722769555 -0.00149232068 0.999959171 -0.00891340245 -0.0210235994 -0.997303069 -0.0703183711 -0.00643216493 -0.999971509 -0.00395497028 -0.9838714 0.178348646 -0.0137418034 -0.0681895912 0.0123602943 0.997595787 -0.0668071285 0.0159349665 0.997638702 2.42665283e-06 0 -1 5.14038902e-07 0 -1 3.02698254e-06 0 -1 0 -0.928283095 0.371874243 -0.0740336031 0.0134225609 0.997165442 -0.063819468 0.0398273319 0.997166455 -0.071294181 0.0205204152 0.997244239 -0.0602272414 0.0490747988 0.996977568 -0.983871222 0.178349212 -0.0137416916 -0.282133728 -0.487174779 -0.826475263 1.07291726e-06 4.80216522e-06 1 6.13179282e-06 -5.85334703e-07 1 4.93289099e-06 6.9144761e-07 1 0 5.94477888e-06 1 1.2124684e-05 -1.15741e-06 1 6.83339294e-06 -1.59266474e-05 1 1.09812554e-05 -4.34898766e-06 1 5.74895193e-06 -1.89535767e-05 1 4.93284551e-06 6.91459832e-07 1 0 5.94481025e-06 1 1.07291885e-06 4.80218068e-06 1 6.1317387e-06 -5.85329531e-07 1 7.07062782e-06 -4.18828222e-06 1 1.15831508e-05 -1.96469573e-05 1 1.05507406e-05 -1.61102016e-05 1 6.01565944e-06 -5.74248759e-07 1 0.994738758 -0.102128729 0.0080316579 -0.98426044 0.176131338 -0.0144606 0 -1.89537259e-05 1 9.95024493e-06 -4.34899857e-06 1 2.06227151e-06 -1.59267729e-05 1 -0.982067764 0.178048253 -0.061981976 -0.984260499 0.176130757 -0.0144605525 5.77256287e-06 -7.645545e-08 1 1.02807064e-06 -4.81769689e-07 1 4.73702221e-06 -1.64919982e-07 1 0 -5.69596068e-07 1 -3.56613373e-06 4.80221615e-06 1 6.1317337e-06 -5.85329076e-07 1 3.83346469e-06 6.91449202e-07 1 -5.62292735e-06 5.94484527e-06 1 0.116519734 -0.121296898 0.985753536 5.9731924e-06 -4.18825539e-06 1 5.79163634e-06 -1.96471647e-05 1 5.83317387e-06 -1.61103853e-05 1 6.0156367e-06 -5.74246542e-07 0.99999994 0.06862773 0.598871708 -0.797899127 9.86569103e-06 -4.85512658e-07 1 0 -7.48160289e-08 1 2.1458427e-06 -1.64144836e-07 1 1.22634683e-05 -5.85329133e-07 1 0.999649584 -0.0199663565 0.0173782278 0.985710621 -0.0937707722 -0.139933944 0.964166343 -0.0845253319 0.25147292 0.940666199 0.0743137598 0.331096202 0.937501371 0.152713686 0.312681377 0.967480361 0.218730614 0.127038121 0.923423827 0.381030291 0.0458741076 0.999691188 -0.0184035692 0.016699871 0.82617563 -0.478940427 -0.296731919 -8.63367006e-07 0 -1 0.0499877855 -0.409284443 0.911036491 0.979940951 0.0742614418 -0.184934884 0.9991377 0.0189490877 -0.0369433761 0.999999762 5.36885273e-05 -0.000742777309 0.150944501 0.9621135 0.227053419 -0.981660008 -0.180700302 0.0607536808 -0.983270288 0.181584254 -0.0143714072 5.96310019e-06 -3.79608991e-07 1 5.80674441e-06 4.7894905e-06 1 5.92916695e-06 7.42236693e-07 1 5.77256378e-06 5.91948492e-06 1 -0.0358041562 -0.905327916 0.423201382 -0.031783551 -0.918957174 0.393074483 -0.00382371177 -0.999961257 0.00792651437 0.00105312408 0.999973357 -0.00722772768 -0.00149232068 0.999959171 -0.00891318638 0.0127451243 0.995879173 0.0897903368 1.21247758e-05 -1.15741875e-06 1 2.06226196e-06 -1.59267765e-05 1 9.95027767e-06 -4.34906133e-06 1 0 -1.89536804e-05 0.99999994 -0.960042238 -0.183604136 0.211207271 -0.0346132815 0.995049238 -0.0931608826 -0.1341362 0.986341178 0.0955958739 -0.0843718424 0.994282484 0.0654507428 0.00790784229 0.999911368 -0.0107121523 -0.0327110253 0.983315945 -0.178940773 -0.999988258 -0.00484069856 0.000165642166 -0.999568105 -0.0119655402 -0.0268411208 -0.0701447129 0.681574166 0.728379369 -0.0456630699 -0.992774725 -0.110964581 -0.0114376107 -0.999874532 -0.0109586297 0.0119805541 0.50264746 0.864408433 -0.394032061 0.684184432 -0.613702178 0.732152641 -0.0988788754 0.673925459 -0.134874836 0.557931542 -0.818853557 -0.983401 -0.180993676 0.0127941398 5.96306472e-06 -5.69410076e-07 1 5.80680035e-06 -1.64889514e-07 1 5.92915057e-06 -4.81618031e-07 1 5.77263881e-06 -7.64564589e-08 1 -0.0456622057 -0.992775142 -0.11096137 -0.055728998 -0.988362134 -0.141543925 -0.0517048761 -0.973535359 0.222610742 -0.960040331 -0.183608145 0.21121189 -0.15069516 -0.984197855 -0.092980817 -0.0962165892 -0.993495226 -0.0609064847 0.00920061115 -0.999931812 0.00718534319 0.994738758 -0.102128886 0.00803171843 0.631349266 0.154613599 -0.759929478 0.126861736 -0.987576067 0.0927344933 -0.0456630401 -0.992774785 -0.110964216 -0.0114380736 -0.999874532 -0.0109586297 0.132003248 0.991249263 -0.000191809697 0.061095506 0.529837072 0.845896065 -0.0114376107 -0.999874532 -0.0109580597 -0.00392582454 -0.999970973 -0.00653104112 0.00920068938 -0.999931812 0.0071841646 -0.04566212 -0.992774606 -0.110966362 -0.0557289459 -0.988361239 -0.141550377 -0.0114371479 -0.999874532 -0.0109574907 0.0759254843 0.6812675 -0.728086472 0.00105311535 0.999973357 -0.00722761406 -0.00149245118 0.999959171 -0.00891320594 0.0127451206 0.995878816 0.0897935256 -0.960042357 -0.183604151 0.21120657 0.0421572179 -0.759652078 0.648961902 -0.0456639417 -0.992774487 -0.110966355 -0.0557311364 -0.98836112 -0.141550362 -0.0114378594 -0.999874532 -0.0109586297 -0.0114378417 -0.999874532 -0.0109591996 -0.00392598705 -0.999970973 -0.0065314495 0.00920065306 -0.999931812 0.00718551222 -0.00392592093 -0.999970973 -0.00653115939 0.00920043234 -0.999931812 0.00718530267 0.125303656 -0.812818944 0.568879902 -3.45346507e-06 0 -1 -9.82397978e-07 0 -1 -2.74027002e-06 0 -1 0.989449382 0.11870084 0.0830671713 0.985773623 -0.00717085786 0.167925656 0.991796136 0.0383458212 0.121943206 0.986937642 -0.0847689509 0.136997938 0.985155642 -0.0905841589 0.145817637 0.999888241 0 -0.0149488673 0.999451756 -0.0230372548 -0.023779992 0.998196185 0.00158254313 -0.0600150228 0.989561856 -0.0333061963 0.140207246 0.831742048 -0.362331152 0.420619965 0.953010678 -0.219948918 0.208310455 0.998473406 0.0527171791 0.0164828803 0.996646941 0.0414834395 0.0705270618 -0.999735594 -0.022932414 -0.00170922326 -0.999157369 -0.0410285257 0.00107186823 -1 -2.99895037e-05 -7.08734005e-05 -0.0114376284 -0.999874532 -0.0109587722 -0.00392584736 -0.999970973 -0.00653125346 0.00920067448 -0.999931812 0.00718513364 -0.0114376107 -0.999874532 -0.0109587722 -0.00392583525 -0.999970973 -0.00653116778 0.00920067448 -0.999931812 0.00718534319 0.994738758 -0.102128886 0.00803169422 0.530102313 -0.164903656 -0.831744194 -0.00520162843 0.98885107 -0.148817405 0.014144606 0.999821067 0.0125634102 0.0205790475 0.999751389 0.0085771028 0.026930213 0.999397576 -0.0218901336 -0.0255110059 0.969075084 -0.245443702 0 0.175738767 -0.98443681 -0.00392592093 -0.999970973 -0.00653107371 0.00920043234 -0.999931812 0.00718508847 -3.20823438e-06 0 -1 -9.25954282e-07 0 -1 -4.4837011e-06 0 -1 -0.0456630476 -0.992774546 -0.110966362 -0.0114373611 -0.999874532 -0.0109586297 0.994738758 -0.102128886 0.00803167 0.814938426 0.212957591 -0.539003134 1 5.11070084e-06 0 1 4.08857122e-05 0 1 7.24305346e-06 0 1 -8.96275524e-05 0 1 -6.87081192e-05 0 1 -6.09144399e-06 0 1 -4.43144563e-05 0 1 -2.08582624e-05 0 1 -0.000139743774 0 -0.9838714 0.178348646 -0.0137417251 -0.00392591208 -0.999970973 -0.0065314495 0.00920083653 -0.999931812 0.00718551222 -0.00463617267 -0.999947071 0.00918040425 -0.0911777765 -0.99409163 0.0588940829 -0.139338821 -0.986165881 0.0897861645 0.794479251 -0.510616064 -0.328745842 0.00105296622 0.999973357 -0.00722710881 -0.00149232068 0.999959171 -0.00891220476 0.0127457641 0.995878816 0.0897932053 -0.0734226555 0.995698512 -0.0565112233 -0.119009681 0.989105165 -0.0866464898 0.0127451187 0.995878756 0.0897948071 -0.0456636027 -0.992774665 -0.110965639 -0.0557306446 -0.98836118 -0.141549125 -0.0114377141 -0.999874532 -0.0109587293 0.999740005 -0.0223453566 0.00452896999 0.961063504 0.00348459114 0.276305497 0.894321859 0.204525486 0.397941798 0.973100245 -0.0401926748 0.226848915 0.999917209 -0.0119570997 -0.00474740751 0.969280541 -0.039348051 0.242790043 0.999454379 -0.00100319693 -0.0330129266 0.99989289 0.00240197405 -0.0144360028 0.993142128 -0.0417546816 -0.10920278 0.948511481 -0.0582764857 0.311335623 0.997696519 -0.0517305024 -0.0438807681 0.977958858 -0.144628227 -0.150596067 0.76961869 0.572877407 -0.281955063 0.937676966 -0.0805007517 0.33805564 0.987101972 0.151679084 -0.0512166284 0.997407496 0.0362259038 -0.0621773042 -0.96004051 -0.183608174 0.211211205 0 -0.188826695 -0.982010484 -0.0114371479 -0.999874532 -0.0109586297 0.00366990571 -0.999991238 -0.00205390854 0.0290771537 -0.999287546 0.0240607709 0.102832593 0.906576574 -0.409321874 -0.983401 -0.180993676 0.0127941929 4.16595594e-06 0 -1 -3.17063996e-06 0 -1 -1.4284924e-06 0 -1 5.56248278e-06 0 -1 0.888634205 0.38178131 -0.254110664 0.988315105 0.0870291591 0.125136763 0.933301449 -0.0064388481 0.359036297 0.951138556 -0.15411371 0.267552793 0.963097394 -0.217578337 -0.158439204 0.938786566 0.00735306647 0.34442091 0.727165937 0.613473713 0.30802545 -0.0755100697 0.0136856521 0.997051179 -0.237776726 -0.0414016768 0.970437109 0.0233549159 -0.999619305 0.0146896252 1.10964174e-06 0 -1 5.56244959e-06 0 -1 4.67295104e-06 0 -1 0 0.209569722 0.977793753 -0.983401 -0.180993676 0.0127942199 0.981825113 0.187757984 0.0276839454 0.0852067024 0.850016952 0.519818366 2.53814801e-06 0 -1 5.07023799e-07 0 -1 3.17065565e-06 0 -1 0.804508924 0.139042124 -0.577436268 1.10964379e-06 0 -1 5.56245959e-06 0 -1 4.67295968e-06 0 -1 -0.99976033 0 -0.0218947418 -0.999824703 -0.0113306446 -0.0149069754 -0.999746025 -0.0205678046 -0.00920741819 -0.99948442 -0.0320363827 -0.00212743017 -0.983401 -0.180993676 0.0127942991 0.0809068978 -0.279789984 -0.956646025 -0.217342421 0.976029515 -0.0113399234 4.93287916e-06 6.91441699e-07 1 0 5.94477979e-06 1 1.07291748e-06 4.80216158e-06 1 6.13176871e-06 -5.8533243e-07 1 -5.31027263e-06 0 -1 -0.479350299 0.50526309 -0.717587948 0.642037153 -0.74891299 0.164066315 -0.184997797 0.5809021 0.792671859 -0.0610807613 -0.998051226 0.0127600646 -0.0492965691 -0.998601139 0.0191183835 0.177594662 -0.983799875 -0.0244522225 -0.0474444591 0.998841465 -0.00805041194 -0.0276050977 0.999618828 0.000402366713 0 0.999992013 -0.00400004815 -0.977650583 0.209815681 -0.013292837 0.0411648415 -0.999109387 -0.00926849805 0.0287097357 -0.999468923 -0.015417642 0 -0.999992013 -0.00399993174 -9.48978652e-07 0 -1 -1.06112935e-07 0 -1 -1.77594791e-06 0 -1 1.70281169e-06 0 -1 0.0233446211 -0.0146947065 -0.999619544 7.07063327e-06 -4.18828131e-06 1 1.1583239e-05 -1.96471083e-05 1 1.05508134e-05 -1.61103271e-05 1 6.01565625e-06 -5.74248418e-07 1 -0.0738230199 0.0133833773 0.997181475 0.000433177309 1.77727106e-05 -0.999999881 0.000326613255 -2.31078175e-05 -1 0.0309063066 0.999468386 -0.0103816586 0.0373850875 0.999274373 -0.00729518617 0.807957947 0.588827908 -0.0220368356 0.301432371 0.777744472 0.551590562 -0.960040987 -0.183606073 0.211210936 0 -0.113201834 -0.993572056 0.0454603843 -0.973287761 -0.225043029 0.420474678 -0.900414705 -0.111599542 0 5.9962822e-05 1 0.0437789708 0.998770177 -0.0232737083 -0.0746790469 0.0135385348 0.997115672 -0.0642199591 0.0405334122 0.997112215 -0.0718750283 0.0207927004 0.997196853 -0.060543526 0.0499813855 0.996913373 -0.960041344 -0.183606148 0.211209401 0.998884022 0.0421271399 -0.0213528462 0.996611297 0.0446590893 -0.0690760836 0.994906068 -0.0416895151 -0.0917821378 0.999165714 -0.0387211107 0.0129810534 0.998059034 -0.0392382219 0.0483577698 0.655580461 -0.754493654 -0.0308810044 0.00105310348 0.999973357 -0.00722741801 -0.00149235327 0.999959171 -0.00891282782 0.0127457669 0.995878994 0.0897916108 0.44048202 -0.784731746 -0.436086744 -0.001502336 -0.00860020053 -0.999961913 0.00032905495 -0.000908056973 -0.999999523 0.146212831 0.0771686286 0.986238658 0.834140956 0.122368872 0.537805438 0.0454638861 -0.484082162 -0.87384063 0.174440175 -0.381471455 -0.907772064 0.0484782644 -0.256064922 0.965443194 0.0454641022 0.325477153 -0.944456339 0.000601621985 9.92972491e-06 -0.999999762 -0.983401 -0.180993676 0.012794246 0.569949687 -0.820552349 -0.0430239402 0.99992913 0.0047303983 -0.0109189749 0.999930561 -0.00515394425 -0.0105971768 0.999176502 -0.0401382893 0.0059352722 0.998461723 0.0113658309 0.0542670675 0.993710518 0.0274994876 0.108550124 0.907212257 -0.318085521 0.275295168 0.998089671 0 -0.061782185 -3.02697345e-06 0 -1 -5.14037538e-07 0 -1 -2.42664396e-06 0 -1 0.741891146 -0.670339406 0.0155810248 0 -0.952929676 0.303191453 0.0296329781 0.726275444 0.686764777 -0.0731722265 0.0135152573 0.997227788 -0.0708205998 0.0196092911 0.997296274 0.68728596 -0.514817417 -0.512446105 0.0105809197 0.966750383 -0.25550282 0.0284153093 0.999591529 -0.00304551236 0.0646608993 0.995852411 -0.0640071109 -0.0152740031 0.916581213 -0.399556637 0.00105311535 0.999973357 -0.00722752232 -0.00149245118 0.999959171 -0.0089129936 0.0127451215 0.995878935 0.08979249 0.991389453 0 -0.130946353 0.105207622 0.931122005 0.349203408 -0.0240246002 -0.999333799 -0.0274729729 -0.017389087 -0.99984628 0.00223721075 -0.983400941 -0.180994287 0.0127941305 0.998044968 -0.0619579107 -0.00821197685 0.998400569 -0.0565362088 0 0.999801815 0.0191905275 0.00530377729 0.999435723 0.0332607925 0.00467884494 0.99729228 0.0720646828 -0.0146574834 0.999756277 -0.0189926252 -0.0112555558 0.999174654 0.0406011343 -0.00129942747 0.999464333 0.0327274911 0 0.976882756 -0.199083954 -0.0778830647 0.999042034 0.0248374008 0.0360276476 0.992749512 -0.0855712071 0.0844164714 -0.67765975 -0.733503997 -0.0524325445 -0.0748871192 0.0133995414 0.997101903 0.547984123 0.766587079 -0.334750146 0.9899863 -0.0904103965 0.108411275 0.985709667 -0.162725538 0.0435518734 0.990478456 -0.0761592537 0.114682764 0.993212581 -0.115573712 -0.013091865 0.99676013 -0.0268229656 -0.0758277774 0.995580494 0.00953936949 -0.0934259146 0.899058461 8.01514834e-05 -0.43782869 0.996082842 0.0096662594 -0.0878946558 0.997971892 -0.0280774701 -0.0571295246 0.0465505235 -0.321007609 0.945931852 0 -0.792037547 0.610472441 0.984440625 0 0.175717458 0.997907579 -0.0643436164 -0.00634948444 0.996402502 0.0251889415 0.0809176937 0.985604227 0.0825160593 0.147564799 0.41985172 -0.790281951 -0.446294755 0.992485583 0 -0.122362211 0.810016155 0.425852031 -0.403142452 0.909845471 0.287171036 0.299522936 -0.0759678856 0.0137715014 0.997015178 -0.0654433742 0.0409709625 0.997014821 -0.0731481314 0.0210763942 0.997098327 -0.0617427714 0.0504925251 0.996814191 -0.0235737897 0.997249365 -0.0702714771 0.00304749189 0.999907017 0.0132899676 0.00109274918 0.999894619 0.0144766681 -0.00634945696 0.999975741 0.00285869651 -0.0380777903 0.991325796 -0.125790611 0 -0.811881423 0.58382231 0.419848114 0.781662047 -0.461228758 0.999756455 0.0189728849 -0.0112727685 1 1.65388064e-06 1.47653884e-06 1 -1.19622678e-06 0 1 -4.44030491e-07 3.06116044e-06 0.996220589 0.0598602444 -0.06293834 0.0233417321 -0.717221498 -0.696454287 0.100571603 -0.0698217005 0.992476761 0.00105327135 0.999973357 -0.0072277342 -0.00149232068 0.999959171 -0.00891346298 0.0127457622 0.995878637 0.0897954404 0.00105312408 0.999973357 -0.00722759543 -0.00149232068 0.999959171 -0.0089129759 0.0127457669 0.995878994 0.0897912905 -0.196399525 -0.978961647 -0.0553289652 0.929605007 0.366418511 0.0396464542 -0.0236816406 0.997272789 -0.0699012578 0.00304642296 0.999907017 0.0132897953 0.00106572232 0.99989444 0.014492305 -0.00644315593 0.999974906 0.00293501047 -0.0382298045 0.991388321 -0.125250593 0.990228653 0 0.13945289 0.999367177 -0.0352112278 -0.00503010629 1 -8.20776975e-08 9.68156542e-07 1 -1.46833997e-06 0 1 -1.28861359e-06 -1.15001717e-06 0.999891281 -0.0124311475 0.00793595612 1 9.81792425e-08 -2.73725095e-06 0.99905169 -0.0416659303 -0.0126350001 1 1.09018208e-06 0 1 1.67146382e-07 -4.90668936e-06 0.998194039 -0.0437939055 0.0411203168 0.999543428 0.0292892922 0.00742322393 0.999059737 0.0372463763 0.0221888404 0.997682393 0.0635891184 0.0242111087 1 1.10997257e-06 -5.10407199e-06 1 1.27742487e-06 -1.25023018e-06 1 -1.31380591e-06 0 0 -0.209584221 -0.977790654 0.787278891 0.448527694 0.423101515 0.649333 0.157706276 -0.743972659 0.164769933 0.86660111 -0.471013099 5.30075295e-06 -1.92359348e-05 0.99999994 -0.0211726073 -0.997182846 -0.0719589293 -0.0064196405 -0.999971211 -0.00404046942 -0.0169278514 -0.998951614 -0.0425342619 -0.0149207683 -0.999857187 0.00793220755 -0.0205186233 -0.999722958 0.0115279453 0.0233578347 -0.696446538 0.717228472 -0.394350111 0.6885252 0.608622134 1 6.56156499e-06 0 1 -1.37258564e-06 0 -0.0376526266 -0.944410563 0.326605201 -0.405129552 -0.913720429 -0.0313856304 0.0233599041 0.0146896411 0.999619246 0.00105312408 0.999973357 -0.00722749904 -0.00149232068 0.999959171 -0.00891282316 0.0127457688 0.995879173 0.0897900164 1 1.07092264e-05 0 1 7.33456454e-06 0 -0.225315064 0.947535455 -0.226736948 0.00105305354 0.999973357 -0.00722763455 -0.00149254908 0.999959171 -0.00891330466 0.0127451224 0.995878994 0.0897920951 1 -4.52730956e-06 0 1 -7.62361151e-06 0 1 -3.60765398e-06 0 1 1.61150069e-06 0 1 -5.01079603e-06 0 1 -2.6299622e-08 0 1 -1.98448688e-05 0 1 -7.97512166e-06 0 1 7.06262426e-06 0 1 9.57779775e-06 0 0.678465068 0.734364808 0.0198361427 0.321584165 0.939241588 0.120037496 0.0715826303 -0.992279589 -0.10127788 0.657549143 -0.383273363 -0.648637533 2.53814619e-06 0 -1 5.07023515e-07 0 -1 3.17065314e-06 0 -1 0 -0.2392793 0.970950782 0 -0.188825518 -0.982010722 -0.0282570887 0.920239687 -0.390333831 0.440451592 0.770040929 -0.461561888 -0.991891801 -0.0732370764 -0.103860065 -0.992019296 -0.115601569 0.0503378995 -0.999788582 -0.0203440562 -0.00296770269 -0.999464333 0.0327274911 0 -0.99923557 0.0269874521 -0.0282827727 -0.998652577 0.0508253947 0.0104829632 -0.995779872 0.0719985515 0.0569091067 -0.999732077 0.0197322816 0.0121013084 -0.997610629 0.0523089617 -0.0451313108 -0.936778784 0.171757609 -0.304868609 -0.999096572 -0.0424977131 0 0.314037681 -0.257877648 -0.913717449 -0.0965599939 0.976226151 -0.194058537 -0.0447672643 0.994937778 -0.0899704918 0.0447687432 0.994937778 0.089970462 -0.96960032 0.193878382 0.14928633 -0.971047699 0.209490269 0.114804991 -0.971240401 0.21958001 0.0920694843 -0.000124620434 0.995430291 0.0954910293 -0.000295792212 0.995229542 0.0975609049 -0.000305605994 0.99521786 0.0976795629 0.966254413 -0.210507423 0.148455322 0.996542871 -0.0706629902 -0.0436944887 0.960793018 -0.215062365 0.174999803 0.0026138043 -0.00283785886 -0.999992549 0.00257623545 -0.00244515319 -0.999993682 0.00370817236 -0.00615702523 -0.999974132 5.78105706e-08 0 -1 1.43026199e-07 0 -1 1.30997646e-09 0 -1 -0.00374848046 0.0130090173 0.999908388 -0.00285001518 0.00266036321 0.999992371 -0.00492667314 0.0145842293 0.999881506 -0.676462889 0.6920591 -0.251897663 -0.704303563 0.682681978 -0.19468385 -0.721224308 0.674873292 -0.156145483 0.31510213 -0.924755216 0.213397622 0.300542533 -0.941400647 0.153098255 0.294261307 -0.947064221 0.128373474 -0.186985672 0.982041299 0.025124222 -0.130990118 0.987744808 -0.0848629549 -0.0973364338 0.984102964 -0.148549601 0.920907378 0.380432099 0.0848589391 0.94396311 0.329093039 -0.0251281504 0.95093739 0.295477331 -0.0917133316 0.949940205 0.302532434 -0.0780247301 0.950538635 0.298507601 -0.0858456865 0.950939298 0.295471281 -0.0917118415 0.0965589285 -0.976227283 -0.194053486 0.0447671413 -0.994937956 -0.0899680704 -0.044767119 -0.994938016 0.0899680108 0.965569496 0.187417492 -0.180416971 0.991637111 0.114346132 -0.0598405115 0.964176774 0.188178182 -0.186954319 -0.966253161 0.210512295 0.148456678 -0.996552825 0.0705668479 -0.0436212495 -0.960791349 0.215068117 0.175001681 0.983364463 0.181280389 0.011474112 0.98864311 0.136946619 -0.06188979 0.987315536 0.0976541564 -0.12518701 0.669644594 0.724675953 -0.162545726 0.743762076 0.668390512 -0.00848597009 0.801075816 0.571517408 0.177891567 0.00790997874 -0.0247602686 -0.999662101 0.0135524934 -0.0181160327 -0.999743998 0.00574508542 -0.00488497643 -0.999971569 -0.593686521 0.795339167 0.122359835 -0.309929758 0.950157881 -0.0338176191 -0.324067742 0.944892406 -0.0464597829 1.10259896e-06 0 -1 2.05349988e-06 0 -1 1.312378e-06 0 -1 -0.00100051204 -0.00219235336 -0.999997139 -0.000890740077 -0.00331778033 -0.99999404 -0.000497068686 -0.00192625041 -0.999998033 0.000178344897 -0.0139707634 0.999902308 5.88087907e-08 0 1 -0.00194960111 -0.016816467 0.999856651 -0.95463407 -0.276249945 0.111174434 -0.999912083 -0.00372025254 0.012729547 -0.999912083 0.00371684646 -0.0127295414 -0.562681317 -0.823347151 -0.0740893111 -0.598441541 -0.791232884 0.125770256 -0.554544806 -0.825299084 -0.106589943 0.00149274443 0.00361117884 0.999992371 0.00372302788 0.00371015212 0.999986172 -0.000908271235 0.072803162 0.997345865 -0.00522088679 0.0052723703 0.999972522 -0.00531645259 0.0099664228 0.999936163 -0.00767715322 0.0137046808 0.999876618 3.08911626e-06 0 1 -2.33449691e-06 2.7175264e-07 1 6.81264893e-08 7.56513572e-08 1 0.329083502 0.943966508 0.0251242742 0.38042739 0.920909047 -0.084862195 0.407750368 0.900929034 -0.148547903 -0.329085022 -0.943965971 0.0251245089 -0.380430967 -0.920907497 -0.0848622993 -0.407754928 -0.900926948 -0.148547813 -0.841573954 0.38088569 -0.38298741 0.211625025 0.971501052 -0.106773466 0.216757849 0.968567908 -0.122033693 0.218711719 0.967373669 -0.127879843 -0.206544831 0.96258074 -0.175435707 -0.987692118 0.110651702 0.110546656 -0.979176462 0.189712092 -0.0722693726 -0.962034166 0.223850355 -0.156145081 0.136947513 0.98864305 0.0618901476 0.181279123 0.983364761 -0.0114740059 0.219862446 0.97247684 -0.0771323889 -0.409082294 -0.903869748 -0.125184879 -0.00074423512 -0.0271095578 0.999632239 -0.00444448087 -0.00826150551 0.999956012 -0.00555338198 -0.013949438 0.999887347 -0.695195138 0.717626214 -0.041428972 -0.717628837 0.695192277 0.0414301008 -0.727451444 0.68070823 0.0863183513 -0.367237657 -0.930110574 0.00553827547 -0.598835707 -0.793296993 -0.109889299 -0.603127658 -0.785089374 -0.140966922 -0.229305267 0.973142922 -0.0202993099 -0.325721473 0.94534725 0.0149726868 0.00378477969 0.995096684 0.0988346785 -0.0292589646 0.977654994 -0.208169788 0.00382214226 0.994821787 0.101562455 -0.000729338266 -0.995230436 -0.0975494012 -0.000567298266 -0.995422125 -0.0955746919 -0.000557889638 -0.995433092 -0.0954600126 0.00137404376 -0.994890749 -0.100947618 -0.00137395656 -0.994890571 0.100949824 0.0013938843 -0.994741797 -0.102405317 0.000462940341 0.995595753 -0.0937485769 0.0008144491 0.995182097 -0.0980411246 0.00083475362 0.99515754 -0.0982890129 0.718739092 -0.694777131 0.0264337827 0.69477874 -0.718737721 -0.0264307987 0.668508112 -0.739562571 -0.0783847198 -0.395350218 -0.873537123 -0.2839562 -0.483765364 -0.860200763 -0.161324546 -0.589966893 -0.807204843 0.0189566463 -0.949941576 -0.302528769 -0.0780215263 -0.950540245 -0.298502892 -0.0858442113 -0.950941145 -0.295465738 -0.0917116329 -0.961143076 0.273634493 -0.0364435017 -0.969190955 0.243599862 0.0364424065 -0.971240222 0.219581708 0.0920667499 -0.718741 0.694775164 0.0264336057 -0.694779694 0.718736649 -0.0264350325 -0.668507636 0.739562094 -0.0783931464 0.969601631 -0.193875447 0.149281368 0.971047997 -0.209491029 0.114801571 0.971239865 -0.219583154 0.0920671001 0.701108813 -0.647866666 -0.297850907 0.750827134 0.53851676 -0.382437438 -0.965573609 -0.186555803 -0.18128556 -0.991751194 -0.112955593 -0.0605851449 -0.964279771 -0.187238395 -0.187366828 -0.987743735 0.130997851 0.0848643184 -0.982040286 0.186991408 -0.0251233038 -0.971271515 0.219593182 -0.0917084366 -0.318659008 0.947811306 -0.0104976026 -0.601026833 0.78516084 -0.149295285 -0.467218757 0.883982599 -0.0167739652 -0.470233083 -0.781574965 -0.409904003 -0.32908234 -0.943966806 0.025129389 -0.380427003 -0.920909524 -0.0848588869 -0.407750219 -0.90092957 -0.14854528 -0.719788849 -0.650625527 -0.242054343 0.978670299 0.196071237 0.0613228194 0.982244611 0.120893881 -0.143457979 0.973841727 0.0963259488 -0.205800429 0.000353577168 -0.995885074 0.0906248987 0.00117212266 -0.994921923 0.100643523 0.00121948635 -0.994862974 0.101222962 0.729793966 0.670154035 0.135256305 0.745284081 0.660000563 0.0946099609 0.754368484 0.652852595 0.0686419904 0.562686145 0.823343873 -0.0740886182 0.598442614 0.791232288 0.125769645 0.554550469 0.825295568 -0.106588848 0.724679768 -0.669641912 -0.162538946 0.716302574 -0.53417027 -0.448968709 0.718736231 -0.694780171 0.0264341924 0.694778085 -0.718738139 -0.0264346525 0.668509483 -0.739560366 -0.0783928931 0.393988073 0.817496777 -0.420086175 -0.985086918 0.172010258 0.00403649267 -0.953149855 0.26206547 -0.151086375 -0.914452314 0.317118496 -0.251421571 0.18971093 -0.97917676 0.0722674355 0.110649787 -0.987691939 -0.110549353 0.0730388984 -0.978539824 -0.192679197 -0.407123119 -0.844750404 -0.347343475 -0.478270948 -0.847167313 -0.231439978 -0.596721828 -0.802169621 0.021142561 0.745283604 -0.660001099 -0.0946090147 0.729793906 -0.670154274 -0.135255992 0.721223652 -0.674874604 -0.156143695 -0.850459456 0.384908825 -0.35855791 -0.704302609 -0.682682753 0.194684505 -0.676460505 -0.692061126 0.251897871 -0.64555943 -0.698618114 0.308521956 -0.27853322 -0.958860636 -0.0548214577 -0.259299368 -0.965758145 -0.00866735913 -0.95463419 0.27624926 -0.111175038 -0.950691581 0.281311929 -0.130572692 0.884090781 -0.400133669 -0.241405189 -0.515959084 0.851819575 0.0904966816 0.377164751 0.782591343 -0.49527511 0.562687397 -0.823342383 0.0740971118 0.598441005 -0.79123193 -0.125779301 0.554551661 -0.825293124 0.106600434 -0.528289139 -0.848259032 -0.0369747579 -0.284109443 -0.957267463 -0.0540436283 -0.000900094747 -0.0394540466 -0.999220967 0.000750536507 -0.0372129679 -0.999307096 -0.96836549 0.186027363 0.166318864 -0.000114596856 0.995441854 0.0953698009 0.999998748 -0.000410960667 0.00153208408 0.993502557 0.10435652 -0.045413278 0.99999845 -0.00141124253 0.00110968389 1 -3.21674298e-10 0 0.999994278 0.00279877265 0.00187852909 0.999990046 0.00377215585 0.00237140991 0.994109154 -0.0841425732 -0.0683154911 -0.993340075 -0.104801692 -0.0478759594 -0.999961257 0.00527570536 0.00704135327 -0.999979854 0.00397859327 0.00495359441 -0.94279772 0.332894206 -0.0177178774 -0.979539335 0.198811039 0.0312543437 4.16514786e-06 0 -1 0.00133651739 -0.00145609013 -0.999998093 -0.503233552 -0.517111063 -0.692352593 0.000576297462 -0.0818437934 -0.996644974 -1.44575665e-06 0 -1 -0.00424256362 0.0140313283 -0.999892533 -0.00672966894 0.00613581529 -0.999958515 -0.00911033899 0.0288581084 -0.999541998 -0.0092995083 0.0364972688 -0.999290526 0.0108087016 0.032381542 -0.999417126 0.00137247087 0.0457489341 -0.998952031 0.00842533913 0.0212174803 -0.999739408 0.00710078143 0.0108220316 -0.999916196 5.62811984e-08 0 -1 -0.000149422238 0.0224787593 0.999747276 -1.15046976e-06 0 1 1.91141769e-09 0 1 -1.78976933e-07 0 1 0.00213620416 0.0257510543 0.999666035 0.00406138273 0.00428758562 0.999982536 0.00491718389 0.0133312447 0.99989903 -0.00164044765 0.00665139221 0.999976516 -9.7702025e-07 0 1 -3.72086688e-05 0 1 -0.645563126 0.698614597 -0.308522165 0.318874657 -0.919514239 0.229809955 -0.21958904 0.971272409 0.0917097777 0.900928617 0.407752454 0.148545355 0.949289918 0.306409299 -0.0704418048 -0.644772172 -0.745023727 0.170905247 -0.994106114 0.0841618776 -0.0683370084 0.972476065 0.21986559 0.0771321952 0.00360216131 -0.011914039 -0.999922454 -0.596443415 0.789583147 0.144269735 1.47900352e-07 -7.33570644e-08 -1 2.55167123e-07 -4.06048706e-08 -1 -0.00078330352 0.000464628916 -0.999999523 -0.000430128886 -0.00055780937 -0.999999702 2.34281538e-06 0 -1 -0.000834712293 -0.000199659204 -0.999999702 -0.00488160737 -0.00464476645 0.999977291 -0.0237514488 0.0201278497 0.999515235 -0.00551288808 -0.0115658287 0.999917865 0.00362025178 -0.00374601479 0.99998641 0.00202499051 -0.00160150253 0.999996662 -0.950691581 -0.281312078 0.130572036 0.00375032984 -0.0130090397 0.999908328 0.000149722298 -0.0224788208 0.999747396 0.00492667966 -0.0145842787 0.999881506 0.00164267875 -0.00665136613 0.999976516 0.00285254 -0.00266035507 0.999992371 1.47136484e-06 0 1 1.96127166e-06 0 1 -1.0691442e-07 0 1 -0.00329542719 -0.00426527625 0.999985456 1.63953132e-07 0 1 -1.86974717e-07 0 1 -0.601723194 -0.783269465 0.156263545 0.00283209817 0.00200379267 0.99999392 -1.88001053e-07 0 1 2.78394676e-08 0 1 2.29623583e-06 0 1 2.24860264e-06 1.58972469e-07 1 0.00399886537 -0.000611116528 0.999991775 -3.70492035e-06 0 1 -2.91131414e-07 0 1 1.54394229e-06 0 1 -0.0188536607 0.0198927317 0.999624312 -0.215077892 0.226905033 0.94987148 -9.03882437e-07 8.65045024e-07 1 -1.37152131e-06 -2.11690434e-07 1 -1.33730771e-06 -1.26980879e-07 1 3.29658008e-07 -9.99316285e-07 1 3.09203733e-06 0 1 -0.0226533003 -0.0162612386 0.999611139 -0.0207887497 -0.0201211721 0.999581397 -0.21557188 -0.208649352 0.95393616 0.00638208538 -0.000960254692 0.999979198 0.00142355938 0.000224136413 0.999998987 1.33143067e-06 -2.23757244e-08 1 0.295464933 0.950941622 0.0917088911 0.299960941 -0.929304838 0.215443805 -0.29546535 -0.950941503 0.0917090252 0.208783537 0.973000407 -0.0983849689 -0.0965589285 -0.976227283 0.194053486 -0.978540123 0.0730411112 0.192676187 0.0976569355 0.987315178 0.125187561 -0.0680053383 -0.911088943 0.406561404 -0.68071115 0.727448821 -0.0863170624 -0.851814806 -0.515966833 0.090497151 -0.97696799 -0.211752295 -0.0263544861 -0.949644148 -0.313164979 0.0101828603 -0.000738747709 -0.995219171 -0.0976640582 -0.00139379688 -0.994741559 0.102407515 -6.56070938e-07 0 1 -1.38978544e-06 0 1 0.00276502385 0.00490896963 0.999984086 -1.09841733e-06 1.18864214e-07 -1 -0.00118924747 0.00144232868 -0.999998212 -9.84075186e-08 0 -1 0.000518649525 0.00719316024 -0.999973953 4.77150081e-07 -1.01581702e-06 -1 1.21447204e-06 -1.3348749e-07 -1 3.23236605e-07 0 -1 7.65992809e-07 -2.50272567e-08 -1 -2.25788767e-06 8.40902942e-07 -1 1.40893474e-06 2.51361399e-07 -1 3.17176415e-07 0 -1 -5.28647161e-06 0 -1 3.93282448e-07 -4.46474672e-07 -1 0.00193690567 0.00450695772 -0.99998796 0.000893230375 0.00100948941 -0.999999106 0.00157442503 0.00159001397 -0.999997556 3.03800505e-08 0 -1 -0.50994122 0.483358413 -0.711564898 -3.51593417e-06 0 -1 -0.0016191192 0.00399140967 -0.999990761 -0.000362557679 0.00854465738 -0.999963403 -4.43489682e-07 0 -1 -0.999967635 -0.0068677594 0.00419155415 -0.999963582 -0.00669706333 0.00529191317 0.000442499673 0.995619357 -0.0934989229 0.739563823 -0.668506384 0.0783876777 -0.660168052 -0.730342865 0.175435245 0.0965614393 0.976225972 0.194058508 -0.94929111 -0.306406707 -0.0704369992 -0.950908542 0.295459509 -0.0920680538 -0.739566386 0.668503106 0.0783917159 0.968367457 -0.186022609 0.166313216 0.173158199 0.901411116 0.396830022 0.919497132 -0.0909474716 0.382431328 -0.984101892 0.0973457843 0.148550332 0.393979996 -0.817499816 0.420087725 -0.841573954 -0.38088569 0.382987469 -0.601725519 0.783267438 -0.156264454 -0.295463473 -0.950941563 0.0917145684 0.967374146 0.218709841 0.127879977 0.000305974885 -0.995937943 0.0900419876 -0.719788969 0.650625646 0.242054015 0.721223652 0.674874604 0.156143695 -0.850452185 -0.384917557 0.358566046 0.601723611 0.783269227 0.156262606 0.739558578 -0.66851151 0.0783924833 -0.987315774 0.0976555943 0.125184074 -0.211823806 0.936889827 0.278151244 0.82047689 0.190914512 0.538859189 0.223849535 -0.962034583 0.156143486 0.656151474 -0.710073948 0.25546065 0.818208039 0.492270887 0.296993077 0.754367888 -0.65285337 -0.0686406493 -0.470232844 0.781574607 0.409905136 0.724679768 0.669641912 0.162538946 -0.721224189 -0.674873173 0.156146437 -0.844042361 0.527728021 -0.0953710526 0.601721168 -0.783268631 -0.156275064 -0.010471575 -0.0320898481 -0.99943006 -0.00710178399 -0.0108221471 -0.999916196 -0.00716075487 -0.0245097335 -0.999673963 4.55832264e-07 0 -1 1.91041909e-05 0 -1 -7.62216871e-07 0 -1 1.81637176e-07 0 -1 -1.9634731e-06 0 -1 5.13080693e-07 0 -1 -0.0853938982 -0.996258616 -0.0132922428 -0.00198331941 -0.999985456 -0.00501378812 -0.0931254327 -0.995555103 -0.0140578691 0.630981326 0.196260974 -0.750562608 0.486535847 0.360630631 -0.795756459 0.359056354 0.568553865 -0.740152061 0.151913762 0.636644542 -0.756046236 -0.0835858136 -0.00196108664 0.996498644 0.0516404025 0.00472298265 0.998654604 -0.0883004516 -0.00219484745 0.996091545 0.0488223992 -0.00650823116 -0.998786271 -0.140226871 0.00195515226 -0.99011749 0.0545263253 -0.00676116301 -0.998489439 0.496793747 -0.786883652 0.366074055 0.64613688 -0.735323668 0.204465762 0.365756899 -0.733384728 0.573034585 -0.0861973837 0.996269345 0.00417279871 -0.0423778109 0.999101579 -0.000277350598 -0.0889755785 0.996023893 0.00445524277 0.159020752 0.62720412 0.762448251 0.999970376 0.00332391821 0.00693685235 0.999997914 0.000885012036 0.00183920248 0.99999845 -0.000770807499 -0.00162168848 0.607695401 -0.00110360223 -0.794169366 0.808496416 0.588500857 0.000547952426 0.778976381 0.627048612 0.00243439223 0.80997473 0.586464524 0.000450119347 0.603206038 -0.797567666 -0.00531562464 0.601374388 -0.798948765 -0.00544450199 0.157338917 -0.756113529 0.635245442 0.766901016 -0.0050239861 0.641745746 0.00344480481 -0.999984026 -0.00447387481 -0.99999994 2.63650895e-06 -5.29635417e-06 -1 -1.10074996e-06 2.25647e-06 -1 1.10073893e-06 -2.19263507e-06 -1 -2.63652055e-06 5.36018979e-06 0.0567994788 0.00497719832 0.99837321 -0.145207435 0.00218024966 -0.989398718 -0.0385678038 0.999255776 -0.000663859537 0.999934852 0.00493321195 0.0103004985 0.606587887 -0.00107636827 -0.795015693 0.778144717 0.62808007 0.00248580752 -0.577364326 -0.577347517 -0.577339113 -0.57735306 -0.57735306 0.577344656 -0.577351332 0.577351332 -0.577348173 -0.577351332 0.577351332 0.577348173 0.577365339 -0.577345371 -0.577340126 0.577354133 -0.577350974 0.577345729 0.577352703 0.577349544 -0.57734853 0.577352703 0.577349544 0.57734853 -0.707106173 0 -0.707107306 -0.707104743 -0.707108855 0 -0.707106173 0 0.707107306 -0.707104206 0.707109392 0 0 0.707107425 -0.707106173 0 0.707107425 0.707106173 0.70710659 0.707106888 0 0.707106888 0 -0.707106709 0.707106888 0 0.707106709 0.707107127 -0.707106471 0 0 -0.707107067 -0.707106411 0 -0.707107067 0.707106411 0 -1 0 -0.577352405 -0.577348173 -0.577350259 -0.577349544 -0.577349544 0.57735163 -0.57735306 0.577348888 -0.577348888 -0.577350318 0.577350318 0.577350318 0.577351332 -0.577350259 -0.577349246 0.577348471 -0.57735163 0.577350616 0.577349186 0.577348173 -0.577353418 0.577346444 0.577349603 0.577354848 -0.707107186 0 -0.707106352 -0.70710814 -0.707105458 0 -0.70710814 0 0.707105398 -0.707108736 0.707104683 0 0 0.707103491 -0.707110047 0 0.707103491 0.707110047 0.707107365 0.707106233 0 0.70710659 0 -0.707107008 0.707107484 0 0.707105994 0.70710665 -0.707106888 0 0 -0.707105935 -0.707107484 0 -0.707105935 0.707107484 0 0 0.99999994 -0.577354431 -0.577350259 -0.577346087 -0.577365696 -0.577344716 0.577340484 -0.577354431 0.577350259 -0.577346087 -0.577365696 0.577344716 0.577340484 0.57735163 -0.57735163 -0.577347457 0.577362895 -0.577346087 0.577341855 0.57735306 0.57735306 -0.577344656 0.577364326 0.577347517 0.577339113 -0.707104981 0 -0.707108498 -0.707105398 -0.7071082 0 -0.707108736 0 0.707104802 -0.707105398 0.7071082 0 0 0.707108796 -0.707104683 0 0.707108796 0.707104683 0.707103491 0.707110047 0 0.707104445 0 -0.707109213 0.70710808 0 0.707105458 0.707103491 -0.707110047 0 0 -0.707107842 -0.707105815 0 -0.707107842 0.707105815 -0.577354431 -0.577346087 -0.577350259 -0.577354431 -0.577346087 0.577350259 -0.577364326 0.577339113 -0.577347517 -0.57735306 0.577344656 0.57735306 0.57735163 -0.57735163 0.577347457 0.577361524 0.577344716 -0.577344716 0.577350259 0.577350259 0.577350259 -0.707108438 0 -0.7071051 -0.707105875 -0.707107723 0 -0.707108438 0 0.7071051 -0.707106829 0.707106829 0 0 0.707106471 -0.707106948 0 0.707106471 0.707106948 0.707106829 0.707106829 0 0.707107127 0 -0.707106352 0.707107127 0 0.707106352 0.707105875 -0.707107723 0 0 -0.707108378 -0.7071051 0 -0.707108378 0.7071051 0.630993187 0.19625926 -0.750553071 0.486541331 0.360634446 -0.795751512 0.359050304 0.568554938 -0.740154207 0.496789992 -0.786882937 0.366080523 0.646127045 -0.735330403 0.20447275 0.365748227 -0.733382404 0.573043227 0.15190582 0.636647284 -0.75604558 0.000735234004 0.999988496 0.00474339444 -0.0375223234 0.999259233 0.00854623131 0.00344763743 0.999984086 0.0044735088 0.766853809 -0.0011751838 0.641820788 0.610048354 0.00379259232 0.792355061 0.343129843 -0.00179610308 0.939286292 0.603204489 -0.797568858 -0.00531513151 0.601372898 -0.798949897 -0.0054439744 0.999999702 0.000333113596 0.000685786305 0.999999702 -0.000332072494 -0.000704580569 0.99999845 -0.000770807499 -0.0016216212 -0.0853812471 -0.996259749 -0.0132918991 -0.00198271056 -0.999985456 -0.00501306308 -0.0931111872 -0.995556414 -0.0140575143 0.157351717 -0.756106734 0.635250449 0.0488043167 -0.00650822511 -0.998787165 -0.140196502 0.00195442466 -0.990121722 0.0545072891 -0.00676115835 -0.998490453 0.0499966033 0.0046418421 0.998738647 -0.0882959142 -0.00219438365 0.996091902 0.607696533 -0.00110359141 -0.794168591 0.607181728 0.794531107 0.00711695291 0.774160683 0.632978797 -0.00360955112 0.602325201 0.798216641 0.00739511661 -0.0407877639 0.999128461 0.00887048896 0.286584139 0.00466007926 0.958043754 0.99999845 0.000767260324 0.00159323635 0.778113782 0.628111243 -0.00389830046 0.00344499992 -0.999984026 -0.00447308784 -0.14517577 0.00217950088 -0.989403486 0.606588423 -0.00107635476 -0.795015275 -1 1.07109963e-06 2.19937283e-06 -1 -2.56890439e-06 -5.38383756e-06 -1 -1.07108826e-06 -2.2634415e-06 -1 2.56891599e-06 5.31976912e-06 -0.577351332 -0.577351332 -0.577348173 -0.577351332 -0.577351332 0.577348173 -0.577361524 0.577344716 -0.577344716 -0.577350259 0.577350259 0.577350259 0.577352703 -0.577349544 -0.57734853 0.577352703 -0.577349544 0.57734853 0.577362537 0.57734257 -0.577345729 0.577351332 0.577348173 0.577351332 -0.707104206 -0.707109392 0 -0.707104743 0.707108855 0 0 0.707107067 -0.707106411 0 0.707107067 0.707106411 0.707107127 0.707106471 0 0.70710659 -0.707106888 0 0 -0.707107663 -0.707105875 0 -0.707107663 0.707105875 -0.577348888 -0.57735306 -0.577348888 -0.57735163 -0.57735163 0.577347457 -0.577348888 0.57735306 -0.577348888 -0.57735163 0.57735163 0.577347457 0.577352405 -0.577348173 -0.577350259 0.577355146 -0.577346742 0.577348828 0.577352405 0.577348173 -0.577350259 0.577355146 0.577346742 0.577348828 -0.707105994 0 -0.707107484 -0.707105875 -0.707107604 0 -0.70710516 0 0.707108438 -0.707105875 0.707107604 0 0 0.707106411 -0.707107127 0 0.707105756 0.707107782 0.707107663 0.707105875 0 0.707107365 0 -0.707106292 0.707106411 0 0.707107127 0.707107663 -0.707105875 0 0 -0.707106888 -0.707106709 0 -0.707106233 0.707107365 1.61092657e-07 0 -1 0.739937007 -1.08082588e-07 -0.672676146 0.736375153 0.0725266933 -0.672674954 0.736375153 0.0725266933 -0.672674835 0.739937067 -1.09082549e-07 -0.672676086 0.725720048 0.144354701 -0.672675312 0.725720048 0.144354716 -0.672675431 0.708077848 0.214792863 -0.672673523 0.708077908 0.214792848 -0.672673523 0.683615863 0.283161849 -0.672672808 0.683615804 0.283161849 -0.672672808 0.652569413 0.348804146 -0.672672927 0.652569413 0.348804146 -0.672672987 0.615237832 0.411087334 -0.672673404 0.615237892 0.411087364 -0.672673345 0.571981609 0.469411671 -0.672673583 0.571981549 0.469411671 -0.672673583 0.523216009 0.523215592 -0.67267406 0.523216069 0.523215592 -0.67267406 0.469410688 0.571981013 -0.672674775 0.469410747 0.571980953 -0.672674716 0.411087781 0.615236521 -0.672674417 0.411087751 0.615236461 -0.672674417 0.348805249 0.652567387 -0.672674358 0.348805219 0.652567446 -0.672674298 0.283162236 0.683614552 -0.672673941 0.283162236 0.683614612 -0.672673941 0.214792505 0.70807755 -0.67267406 0.21479249 0.70807749 -0.67267406 0.144354984 0.7257213 -0.672673881 0.144354999 0.725721359 -0.672673821 0.0725273937 0.736376047 -0.672673762 0.0725273862 0.736376107 -0.672673762 4.64871164e-09 0.739939034 -0.672673881 3.63608499e-09 0.739939034 -0.672673941 -0.0725263953 0.736376047 -0.672673881 -0.0725263804 0.736376047 -0.672673881 -0.144354478 0.725721419 -0.672673881 -0.144354478 0.725721419 -0.672674 -0.214794025 0.70807761 -0.672673523 -0.21479401 0.70807761 -0.672673523 -0.28316319 0.683614433 -0.672673702 -0.28316316 0.683614492 -0.672673702 -0.34880513 0.652567267 -0.672674537 -0.3488051 0.652567267 -0.672674537 -0.411087811 0.615236402 -0.672674417 -0.411087781 0.615236402 -0.672674477 -0.469409376 0.571981728 -0.672675133 -0.469409376 0.571981609 -0.672675133 -0.523216307 0.523215771 -0.672673762 -0.523216307 0.523215652 -0.672673762 -0.571981907 0.469411671 -0.672673285 -0.571981847 0.469411701 -0.672673345 -0.615235507 0.411088765 -0.672674716 -0.615235507 0.411088705 -0.672674716 -0.65256834 0.348804742 -0.672673643 -0.6525684 0.348804772 -0.672673643 -0.68361485 0.283162236 -0.672673643 -0.68361491 0.283162236 -0.672673643 -0.708075941 0.214793473 -0.67267549 -0.708075941 0.214793459 -0.672675431 -0.725719929 0.144355074 -0.672675312 -0.725720048 0.144355074 -0.672675312 -0.736376047 0.0725267828 -0.672673821 -0.736376047 0.0725267753 -0.672673881 -0.739937007 -1.08082588e-07 -0.672676146 -0.739937067 -1.09082549e-07 -0.672676086 -0.736375153 -0.0725267306 -0.672674954 -0.736375153 -0.0725267306 -0.672674835 -0.725721955 -0.144354641 -0.672673345 -0.725721896 -0.144354641 -0.672673404 -0.708076835 -0.21479319 -0.672674596 -0.68361491 -0.283162236 -0.672673643 -0.68361491 -0.283162266 -0.672673643 -0.6525684 -0.348804772 -0.672673523 -0.65256846 -0.348804802 -0.672673523 -0.615236878 -0.411088288 -0.672673821 -0.615236938 -0.411088258 -0.672673762 -0.571980357 -0.469412208 -0.672674298 -0.571980298 -0.469412237 -0.672674239 -0.523214579 -0.52321583 -0.672675073 -0.523214579 -0.52321589 -0.672675014 -0.469412178 -0.571980178 -0.672674417 -0.469412237 -0.571980178 -0.672674477 -0.411089718 -0.615236402 -0.672673345 -0.411089748 -0.615236402 -0.672673285 -0.348805487 -0.652567923 -0.672673643 -0.348805487 -0.652567863 -0.672673702 -0.283162147 -0.683614373 -0.672674179 -0.21479252 -0.708077848 -0.672673643 -0.21479252 -0.708077908 -0.672673643 -0.144355044 -0.725721598 -0.672673583 -0.144355044 -0.725721598 -0.672673643 -0.0725263879 -0.736376047 -0.672673881 -0.0725263804 -0.736376047 -0.672673881 0 -0.739939034 -0.672673941 0.0725274235 -0.736376345 -0.672673523 0.144356608 -0.725721717 -0.672673225 0.144356608 -0.725721657 -0.672673225 0.214793995 -0.70807755 -0.672673523 0.214794025 -0.70807755 -0.672673583 0.28316322 -0.683614433 -0.672673762 0.28316322 -0.683614373 -0.672673762 0.348805368 -0.652567625 -0.672674 0.411089569 -0.615236282 -0.672673583 0.411089599 -0.615236282 -0.672673523 0.469410837 -0.571981013 -0.672674716 0.469410777 -0.571980953 -0.672674716 0.523212969 -0.523216665 -0.672675669 0.523213029 -0.523216665 -0.672675669 0.571980178 -0.469412208 -0.672674358 0.571980238 -0.469412237 -0.672674358 0.615235507 -0.411088407 -0.672674954 0.615235507 -0.411088377 -0.672674954 0.652568281 -0.348804802 -0.672673702 0.652568221 -0.348804772 -0.672673702 0.683617055 -0.283161461 -0.672671795 0.683616996 -0.283161461 -0.672671735 0.708076894 -0.214793101 -0.672674596 0.708076835 -0.214793071 -0.672674596 0.725719929 -0.144354805 -0.672675371 0.736374199 -0.0725266337 -0.672675908 0.99518466 0.0980172679 0 0.991811156 0.0976850539 0.0822694674 0.996610165 1.19432941e-09 0.0822688788 0.98078531 0.195090175 0 0.977460444 0.194429353 0.082269907 0.956940353 0.290284544 0 0.953696489 0.28930065 0.0822698027 0.923879445 0.382683694 0 0.920747578 0.381386369 0.0822698697 0.881921172 0.471396923 0 0.878931463 0.469799221 0.0822698846 0.831469595 0.555570304 0 0.82865119 0.553686678 0.0822697207 0.773010373 0.634393394 0 0.770390928 0.632241607 0.0822694227 0.707106769 0.707106769 0 0.704710126 0.70470947 0.082269229 0.634393513 0.773010254 0 0.632242322 0.770390391 0.082269609 0.555570364 0.831469476 0 0.553686678 0.82865113 0.0822697803 0.471396804 0.881921172 0 0.469798863 0.878931522 0.0822700039 0.382683456 0.923879564 0 0.381386638 0.920747399 0.0822699815 0.290284663 0.956940353 0 0.289301008 0.953696251 0.0822695121 0.195090234 0.98078531 0 0.19442898 0.977460563 0.0822695345 0.0980173349 0.99518466 0 0.0976848006 0.991811156 0.0822695196 -4.74890749e-09 1 0 -2.38865927e-09 0.996610165 0.0822695345 -0.0980173349 0.99518466 0 -0.0976848155 0.991811156 0.0822697729 -0.195090234 0.98078531 0 -0.194428504 0.977460623 0.0822695568 -0.290284693 0.956940353 0 -0.289300621 0.953696489 0.0822693035 -0.382683426 0.923879504 0 -0.381386608 0.920747459 0.0822699815 -0.471396804 0.881921291 0 -0.469798893 0.878931522 0.0822700039 -0.555570543 0.831469417 0 -0.553686917 0.828651011 0.0822698101 -0.634393573 0.773010194 0 -0.632242441 0.770390332 0.0822696313 -0.70710665 0.707106948 0 -0.70470953 0.704710066 0.0822692215 -0.773010194 0.634393632 0 -0.770390391 0.632242501 0.0822693035 -0.831469476 0.555570424 0 -0.82865113 0.553686798 0.0822696015 -0.881921172 0.471396923 0 -0.878931582 0.469798863 0.0822697431 -0.923879564 0.382683337 0 -0.920747817 0.381385922 0.0822697133 -0.956940353 0.290284574 0 -0.953696489 0.28930065 0.0822698027 -0.98078531 0.19509016 0 -0.977460563 0.194429234 0.0822699219 -0.995184779 0.0980172828 0 -0.991811156 0.0976849422 0.08226946 -0.996610165 0 0.0822688937 -0.995184779 -0.0980172828 0 -0.991811216 -0.0976846665 0.0822691396 -0.98078531 -0.195090249 0 -0.977460563 -0.194428995 0.0822696239 -0.956940353 -0.290284544 0 -0.953696489 -0.28930065 0.0822698548 -0.923879564 -0.382683188 0 -0.920747697 -0.38138625 0.0822698995 -0.881921172 -0.471396923 0 -0.878931403 -0.46979925 0.0822698995 -0.831469476 -0.555570424 0 -0.82865113 -0.553686798 0.0822695941 -0.773010373 -0.634393394 0 -0.770390868 -0.632241786 0.0822694078 -0.707106769 -0.707106769 0 -0.704710066 -0.70470953 0.0822695717 -0.634393334 -0.773010433 0 -0.632242262 -0.770390391 0.0822701007 -0.555570245 -0.831469595 0 -0.553686678 -0.828651071 0.0822700337 -0.471396804 -0.881921291 0 -0.469798476 -0.878931761 0.0822695419 -0.382683426 -0.923879504 0 -0.38138628 -0.920747638 0.0822692886 -0.290284693 -0.956940353 0 -0.289300621 -0.953696489 0.0822690651 -0.195090234 -0.98078531 0 -0.194428518 -0.977460682 0.0822693184 -0.0980173349 -0.99518466 0 -0.0976848081 -0.991811156 0.0822695419 -4.74890749e-09 -1 0 -2.38865927e-09 -0.996610165 0.0822695345 0.0980173349 -0.99518466 0 0.0976848081 -0.991811216 0.0822690427 0.195090234 -0.98078531 0 0.194428518 -0.977460682 0.0822690725 0.290284663 -0.956940353 0 0.289300591 -0.953696489 0.0822692961 0.382683456 -0.923879564 0 0.38138628 -0.920747638 0.0822693035 0.471396804 -0.881921172 0 0.469798595 -0.878931761 0.0822698101 0.555570126 -0.831469655 0 0.553686559 -0.82865119 0.0822700262 0.634393215 -0.773010492 0 0.632242203 -0.770390451 0.0822698325 0.707107008 -0.70710659 0 0.704710186 -0.704709351 0.0822697058 0.773010552 -0.634393215 0 0.770391107 -0.632241488 0.082269676 0.831469595 -0.555570304 0 0.82865113 -0.553686678 0.0822697133 0.881921172 -0.471396923 0 0.878931642 -0.469798833 0.0822697431 0.923879504 -0.382683575 0 0.920747817 -0.381385952 0.082269758 0.956940353 -0.290284544 0 0.953696489 -0.28930065 0.0822698548 0.98078531 -0.195090264 0 0.977460444 -0.194429114 0.0822696239 0.99518466 -0.0980172679 0 0.991811216 -0.0976847783 0.082269147 0.991776288 0.0976817012 0.0826925263 0.996575177 4.75287631e-09 0.0826919451 0.977426052 0.194422796 0.0826929733 0.953662872 0.289290458 0.0826928541 0.920715332 0.38137278 0.0826929361 0.878900528 0.46978265 0.0826929435 0.828622103 0.553667247 0.0826927871 0.770363927 0.632219374 0.0826924965 0.70468539 0.704684615 0.0826922879 0.632220089 0.770363331 0.0826926678 0.553667068 0.828622162 0.0826928392 0.469782323 0.878900647 0.0826930851 0.381373167 0.920715094 0.0826930553 0.289290816 0.953662813 0.0826925859 0.194422305 0.977426171 0.0826925933 0.0976813361 0.991776288 0.0826925784 2.37643816e-09 0.996575117 0.0826925933 -0.0976813361 0.991776228 0.0826928318 -0.194421828 0.977426291 0.0826926082 -0.289290339 0.953662932 0.0826923624 -0.381373167 0.920715094 0.0826930553 -0.469782352 0.878900647 0.0826930702 -0.553667247 0.828622103 0.0826928616 -0.632220089 0.770363331 0.0826926827 -0.704684794 0.704685271 0.082692273 -0.77036339 0.63222003 0.0826923475 -0.828622103 0.553667128 0.0826926678 -0.878900766 0.469782203 0.082692802 -0.920715511 0.381372452 0.0826927871 -0.953662872 0.289290458 0.0826928541 -0.977426052 0.194422662 0.0826929808 -0.991776288 0.097681582 0.0826925337 -0.996575117 4.75287543e-09 0.0826919377 -0.991776407 -0.097681284 0.0826921985 -0.977426112 -0.194422379 0.0826926753 -0.953662872 -0.289290458 0.0826929286 -0.920715332 -0.381372839 0.0826929584 -0.878900528 -0.469782591 0.0826929435 -0.828622103 -0.553667188 0.0826926604 -0.770363748 -0.632219613 0.0826924741 -0.704685152 -0.704684854 0.0826926306 -0.63222003 -0.770363271 0.0826931521 -0.553667307 -0.828621924 0.0826931074 -0.469781935 -0.878900945 0.0826926157 -0.381372809 -0.920715332 0.0826923475 -0.289290547 -0.953662932 0.0826921165 -0.194421619 -0.977426291 0.0826923698 -0.0976811573 -0.991776407 0.0826926008 2.37643816e-09 -0.996575117 0.0826925933 0.0976811573 -0.991776407 0.0826920941 0.194421634 -0.97742635 0.0826921314 0.289290577 -0.953662872 0.0826923698 0.381372899 -0.920715332 0.0826923698 0.469781905 -0.878900886 0.0826928765 0.553667188 -0.828621984 0.0826930776 0.632220089 -0.770363271 0.0826929063 0.70468533 -0.704684734 0.0826927647 0.770363808 -0.632219553 0.0826927498 0.828622103 -0.553667247 0.0826927871 0.878900707 -0.469782352 0.0826928094 0.920715511 -0.381372362 0.0826928243 0.953662872 -0.289290458 0.0826929286 0.977426112 -0.194422513 0.0826926827 0.991776407 -0.0976814181 0.0826922134 0.99518466 0.0980173051 0 1 -2.896833e-07 0 0.980785072 0.195091248 0 0.956940472 0.290284127 0 0.923880339 0.382681459 0 0.881921351 0.471396655 0 0.831468701 0.555571675 0 0.773011148 0.6343925 0 0.7071082 0.707105339 0 0.634392977 0.773010671 0 0.555570304 0.831469595 0 0.47139737 0.881920993 0 0.382682949 0.923879743 0 0.290285468 0.956940114 0 0.195091158 0.980785072 0 0.0980166718 0.995184779 0 -2.3744533e-09 1 0 -0.0980166793 0.995184779 0 -0.195091143 0.980785072 0 -0.290285379 0.956940114 0 -0.382682979 0.923879743 0 -0.4713974 0.881920874 0 -0.555570364 0.831469595 0 -0.634392858 0.77301085 0 -0.70710808 0.707105398 0 -0.773011088 0.63439256 0 -0.831468761 0.555571616 0 -0.88192147 0.471396357 0 -0.923880279 0.382681638 0 -0.956940472 0.290284306 0 -0.980785191 0.195091069 0 -0.995184779 0.0980173051 0 -1 -2.896833e-07 0 -0.995184779 -0.0980175957 0 -0.980785191 -0.195091069 0 -0.956940472 -0.290284336 0 -0.923880279 -0.382681638 0 -0.881921411 -0.471396357 0 -0.831468761 -0.555571616 0 -0.773011029 -0.63439256 0 -0.70710808 -0.707105458 0 -0.634392858 -0.77301085 0 -0.555570424 -0.831469417 0 -0.4713974 -0.881920874 0 -0.38268432 -0.923879206 0 -0.290286899 -0.956939638 0 -0.19509165 -0.980785012 0 -0.0980172157 -0.995184779 0 -2.3744533e-09 -1 0 0.0980172232 -0.99518466 0 0.19509168 -0.980785012 0 0.290286988 -0.956939638 0 0.382684261 -0.923879147 0 0.47139737 -0.881920934 0 0.555570424 -0.831469536 0 0.634392977 -0.773010731 0 0.7071082 -0.707105339 0 0.773011088 -0.63439256 0 0.831468642 -0.555571735 0 0.881921351 -0.471396655 0 0.923880339 -0.382681459 0 0.956940532 -0.290284157 0 0.980785072 -0.195091248 0 0.995184779 -0.0980175957 0 0.99518466 0.0980172828 0 1 -2.94432226e-07 0 0.980785072 0.195091277 0 0.956940472 0.290284216 0 0.923880339 0.382681489 0 0.881921411 0.471396387 0 0.831468642 0.555571616 0 0.773011029 0.634392619 0 0.634392917 0.773010731 0 0.555570364 0.831469595 0 0.471397638 0.881920815 0 0.382683158 0.923879683 0 0.290285379 0.956940114 0 0.195091113 0.980785072 0 0.0980166942 0.995184779 0 -4.74890705e-09 1 0 -0.0980166718 0.995184779 0 -0.195091099 0.980785131 0 -0.290285349 0.956940114 0 -0.382683247 0.923879564 0 -0.471397638 0.881920815 0 -0.555570424 0.831469536 0 -0.634392798 0.77301085 0 -0.70710808 0.707105458 0 -0.773011029 0.634392619 0 -0.831468821 0.555571496 0 -0.88192147 0.471396238 0 -0.923880279 0.382681757 0 -0.956940472 0.290284187 0 -0.980785191 0.195090875 0 -0.995184779 0.0980172679 0 -1 -2.94432226e-07 0 -0.99518466 -0.0980175659 0 -0.980785191 -0.19509089 0 -0.956940472 -0.290284157 0 -0.923880279 -0.382681698 0 -0.88192147 -0.471396238 0 -0.831468821 -0.555571437 0 -0.773011029 -0.634392619 0 -0.634392798 -0.77301085 0 -0.555570602 -0.831469417 0 -0.47139746 -0.881920874 0 -0.382684261 -0.923879206 0 -0.290286809 -0.956939697 0 -0.195091605 -0.980785012 0 -0.0980172008 -0.995184779 0 -4.74890705e-09 -1 0 0.0980171934 -0.99518466 0 0.19509165 -0.980785072 0 0.290286839 -0.956939697 0 0.382684201 -0.923879206 0 0.4713974 -0.881920874 0 0.555570483 -0.831469417 0 0.634392917 -0.773010731 0 0.773011029 -0.63439256 0 0.831468642 -0.555571675 0 0.881921411 -0.471396416 0 0.923880339 -0.382681489 0 0.956940472 -0.290284187 0 0.980785072 -0.195091277 0 0.99518466 -0.0980175659 0 0.995184779 0.0980173722 0 0.980785251 0.195090786 0 0.956940353 0.290284693 0 0.923879683 0.382683218 0 0.881921411 0.471396506 0 0.831469655 0.555570185 0 0.773010135 0.634393632 0 0.634393454 0.773010254 0 0.555570126 0.831469655 0 0.471397132 0.881921053 0 0.382683814 0.923879445 0 0.290284544 0.956940353 0 0.195090473 0.980785251 0 0.0980172977 0.995184779 0 -0.0980172977 0.995184779 0 -0.195090428 0.980785251 0 -0.290284514 0.956940413 0 -0.382683903 0.923879325 0 -0.471397191 0.881921053 0 -0.555570245 0.831469595 0 -0.634393215 0.773010552 0 -0.70710659 0.707106948 0 -0.773010194 0.634393513 0 -0.831469774 0.555570006 0 -0.881921411 0.471396506 0 -0.923879564 0.382683426 0 -0.956940472 0.290284276 0 -0.98078531 0.195090339 0 -0.995184779 0.0980173722 0 -0.995184779 -0.0980173722 0 -0.98078531 -0.195090339 0 -0.956940472 -0.290284276 0 -0.923879564 -0.382683426 0 -0.881921411 -0.471396506 0 -0.831469774 -0.555570006 0 -0.773010194 -0.634393513 0 -0.70710659 -0.707106948 0 -0.634393215 -0.773010552 0 -0.555570602 -0.831469357 0 -0.471396774 -0.881921172 0 -0.382683277 -0.923879564 0 -0.290284723 -0.956940353 0 -0.195089966 -0.98078531 0 -0.0980168432 -0.995184779 0 0.0980168432 -0.995184779 0 0.195090026 -0.98078531 0 0.290284753 -0.956940234 0 0.382683277 -0.923879683 0 0.471396714 -0.881921291 0 0.634393454 -0.773010254 0 0.707106769 -0.707106769 0 0.773010135 -0.634393632 0 0.831469655 -0.555570185 0 0.881921411 -0.471396506 0 0.923879683 -0.382683218 0 0.956940353 -0.290284693 0 0.980785251 -0.195090786 0 0.995184779 -0.0980173722 0 0.768221676 0 0.640183866 0.764522314 0.0752982646 0.640184224 0.764522254 0.0752982572 0.640184164 0.753458858 0.149872899 0.640185773 0.753458917 0.149872899 0.640185714 0.73514086 0.223002702 0.640185714 0.73514086 0.223002687 0.640185714 0.70974189 0.293985754 0.640186548 0.70974189 0.293985784 0.640186608 0.67750895 0.362137258 0.640186131 0.677508891 0.362137288 0.640186131 0.638753414 0.426799566 0.640184522 0.638753414 0.426799566 0.640184581 0.593842268 0.487353891 0.640185475 0.593842268 0.487353891 0.640185535 0.543212175 0.54321444 0.640186369 0.543212235 0.54321444 0.640186369 0.487352997 0.593842566 0.640185952 0.426797748 0.638752818 0.640186429 0.426797688 0.638752759 0.640186369 0.362131029 0.677511334 0.640187144 0.293982655 0.709744036 0.640185654 0.293982625 0.709744036 0.640185654 0.223003343 0.7351408 0.640185535 0.223003343 0.7351408 0.640185595 0.149873719 0.753458977 0.640185535 0.0752997473 0.764521003 0.640185595 0.0752997547 0.764521003 0.640185595 -2.42167086e-09 0.768219709 0.64018631 -1.16339449e-09 0.76821965 0.64018631 -0.0752997473 0.764521003 0.640185595 -0.0752997547 0.764521003 0.640185654 -0.149872184 0.753459156 0.640185714 -0.149872184 0.753459096 0.640185654 -0.223002493 0.735140741 0.640185893 -0.223002493 0.7351408 0.640185893 -0.29398489 0.70974344 0.640185297 -0.29398486 0.709743381 0.640185297 -0.362133861 0.677510679 0.640186191 -0.362133801 0.677510738 0.640186191 -0.42679897 0.63875246 0.640185893 -0.426798999 0.63875252 0.640185893 -0.487352669 0.593842804 0.640185952 -0.487352699 0.593842745 0.640185952 -0.543212235 0.543214142 0.640186667 -0.543212116 0.543214083 0.640186667 -0.593842626 0.487353563 0.640185416 -0.593842685 0.487353593 0.640185475 -0.638753474 0.426799774 0.640184283 -0.677508891 0.362137228 0.640186191 -0.677508891 0.362137198 0.640186131 -0.709741771 0.293985963 0.640186608 -0.709741771 0.293985933 0.640186548 -0.73514086 0.223002732 0.640185654 -0.73514092 0.223002702 0.640185654 -0.753458917 0.14987269 0.640185714 -0.753458917 0.149872705 0.640185833 -0.764522314 0.0752982646 0.640184224 -0.764522254 0.0752982497 0.640184283 -0.768221676 0 0.640183866 -0.768221736 0 0.640183866 -0.764522314 -0.0752982721 0.640184283 -0.764522254 -0.0752982572 0.640184164 -0.753458858 -0.149872705 0.640185773 -0.753458917 -0.14987269 0.640185833 -0.73514235 -0.223002136 0.640184104 -0.73514241 -0.223002151 0.640184104 -0.709743381 -0.293985367 0.640185177 -0.709743381 -0.293985367 0.640185058 -0.677508771 -0.362137198 0.64018631 -0.677508771 -0.362137198 0.640186369 -0.638753414 -0.426799774 0.640184402 -0.638753414 -0.426799715 0.640184402 -0.593844891 -0.487352759 0.640184045 -0.593844831 -0.487352759 0.640184045 -0.543215811 -0.543213069 0.640184462 -0.487353981 -0.593842506 0.640185297 -0.487353951 -0.593842447 0.640185297 -0.42680037 -0.638752162 0.640185177 -0.4268004 -0.638752222 0.640185237 -0.362136483 -0.677509844 0.640185714 -0.362136483 -0.677509725 0.640185773 -0.293986768 -0.709742427 0.640185535 -0.293986797 -0.709742367 0.640185595 -0.223004803 -0.7351408 0.640185058 -0.223004833 -0.735140741 0.640185058 -0.149873406 -0.753459156 0.640185297 -0.0752997249 -0.764521182 0.640185416 -0.0752997175 -0.764521182 0.640185356 -1.08975193e-08 -0.768220663 0.640185177 -1.04705471e-08 -0.768220603 0.640185177 0.0752996877 -0.764520824 0.640185833 0.0752996802 -0.764520824 0.640185833 0.149871826 -0.753458917 0.640185952 0.149871796 -0.753458977 0.640185952 0.223002449 -0.735140741 0.640185893 0.223002478 -0.735140741 0.640185833 0.293985993 -0.709742665 0.640185595 0.293986052 -0.709742665 0.640185595 0.362136573 -0.677510023 0.640185416 0.362136543 -0.677510023 0.640185356 0.426799059 -0.638752282 0.640185952 0.426799029 -0.638752282 0.640185893 0.487352997 -0.593842566 0.640186012 0.487352967 -0.593842566 0.640185952 0.543213665 -0.543214202 0.640185416 0.543213665 -0.543214202 0.640185356 0.593842387 -0.487353951 0.640185356 0.593842328 -0.487353921 0.640185356 0.638753355 -0.426799476 0.640184641 0.638753295 -0.426799446 0.640184641 0.677508891 -0.362137228 0.64018625 0.677508831 -0.362137228 0.64018625 0.70974344 -0.293985188 0.640185058 0.70974344 -0.293985218 0.640185058 0.735142469 -0.223002151 0.640183985 0.735142469 -0.223002166 0.640184045 0.753458977 -0.149872884 0.640185654 0.753458977 -0.149872899 0.640185654 0.764522314 -0.0752982721 0.640184104 0.764522314 -0.0752982721 0.640184164 -1.51218501e-07 0 0.99999994 -0.999892712 -0.0145841958 -0.00135717681 -0.999892712 0.0145842033 0.00135717751 -0.999864399 0.0163991805 0.00152607588 0.342666537 0.93943274 0.00676527759 0.472022086 0.881585598 -0.00136342144 0.465818644 0.884879708 -0.000960134028 -0.511769891 0.859113336 0.0039827833 -0.33827877 0.941019595 -0.00703130662 -0.34564966 0.938340604 -0.00658410322 -0.345649749 -0.938340485 0.00658410322 -0.520033658 -0.854133725 -0.00453532534 -0.511769891 -0.859113276 -0.00398277631 6.1104771e-07 0 -1 -1.18191713e-06 0 -1 1.79101187e-06 0 -1 2.595772e-06 0 1 1.21923415e-06 0 1 8.02173702e-07 0 1 0.999947369 0.0016644625 0.0101267882 0.931452274 -0.363811076 -0.00616570655 0.999972463 0.00448234379 -0.00591199286 0.99956286 0.0277312137 0.0102508171 0.928248107 0.371916771 -0.00577665865 -0.99986434 -0.0163991712 -0.00152607495 -0.33827889 -0.941019595 0.00703130662 0.272741824 -0.962070584 -0.00566908438 0.282717973 -0.959188879 -0.00521714846 0.51088047 -0.85963279 0.00570170674 0.338278681 0.941019714 0.00703129265 -1.36095941e-05 0 -1 7.86588043e-06 0 -1 2.58689329e-06 0 -1 0.520028472 -0.854126632 0.00616571819 3.46465276e-06 0 1 6.21782829e-06 0 1 -0.520033658 0.854133725 0.00453533232 -0.577346742 -0.577348828 -0.577355146 -0.577349544 -0.577347457 0.577353776 -0.577348173 0.577350259 -0.577352405 -0.577351034 0.577348888 0.577351034 0.577347517 -0.577355921 -0.577347517 0.577350259 -0.577354431 0.577346087 0.577346087 0.577354431 -0.577350259 0.577348888 0.57735306 0.577348888 -0.707106113 0 -0.707107544 -0.707107127 -0.707106352 0 -0.707106113 0 0.707107544 -0.707106531 0.707107067 0 0 0.707106292 -0.707107246 0 0.707106292 0.707107246 0.707107246 0.707106292 0 0.707105339 0 -0.70710814 0.707105339 0 0.70710814 0.707107961 -0.707105637 0 0 -0.707106292 -0.707107246 0 -0.707106292 0.707107246 -0.577349544 -0.577347457 -0.577353776 -0.57735163 -0.577347457 0.57735163 -0.577351034 0.577348888 -0.577351034 -0.57735306 0.577348888 0.577348888 0.577347457 -0.57735163 -0.57735163 0.577350259 -0.577350259 0.577350259 0.577348888 0.57735306 -0.577348888 0.57735163 0.57735163 0.577347457 -0.707105041 0 -0.707108498 -0.707107306 -0.707106233 0 -0.707108259 0 0.707105339 -0.70710665 0.707106829 0 0 0.707105875 -0.707107663 0 0.707107186 0.707106352 0.707107544 0.707106054 0 0.707104385 0 -0.707109153 0.707107604 0 0.707105994 0.7071082 -0.707105398 0 0 -0.707103968 -0.70710963 0 -0.707105279 0.707108319 -0.482828707 0.870154917 0.0985228866 -0.466002911 0.839827359 0.278444201 -0.482884496 0.87025553 0.0973544046 0.906416357 -0.404859483 0.120408572 -0.313010693 -0.949514329 0.0211376995 -0.351583958 -0.934321105 0.0585892349 -0.295470506 -0.95476073 0.033602111 -0.877183914 0.455190778 0.152805939 0.470031172 0.800523639 -0.371796548 0.481423944 0.787188649 -0.385441214 0.378222376 0.887032092 -0.264805615 0.98841244 -0.150563896 0.0192706082 0.94512701 -0.326577723 -0.0090499958 0.995680153 -0.0784676746 0.0496380851 -0.295482337 -0.954800785 -0.0323381349 -0.461064845 -0.812803686 -0.356046945 -0.470281035 -0.802578211 -0.367020398 -0.35365653 -0.906168044 -0.231918871 0.99678266 -0.0785546675 -0.0159198791 -0.484669179 0.873474956 -0.046230033 0.360153049 0.922815144 -0.136754975 -0.392059803 -0.919485748 0.0288975686 -0.968000114 0.241891682 0.0668154806 0.541370988 0.70442766 -0.45901981 -0.91083312 0.406830907 -0.0697973669 0.884493828 -0.458979696 -0.083716169 0.518703818 -0.853013456 0.0575694218 -0.54249841 -0.705895901 -0.455419034 0.0224865451 0.0340996161 0.999165475 0.628846467 0.7760396 0.0481094122 -0.348587602 0.911602557 0.217869699 0.0884508714 -0.987692654 0.128995091 0.0861048475 -0.961476088 0.261054963 0.104198761 -0.987912595 0.114766583 -8.30374972e-07 0 -1 -8.2993057e-07 0 -1 0.321955383 -0.931060374 0.171671942 0.569173336 -0.822128654 0.012094385 0.491072118 -0.868557215 0.0667578429 -0.861992419 -0.279012382 -0.423227042 -0.726127923 0.684173465 -0.0681546181 -0.731028497 0.679430246 -0.0630235076 -0.712187588 0.697132587 -0.0824320838 0.759872258 0.648914933 0.0387764536 0.762794733 0.645689726 0.0350572094 0.751330972 0.658069432 0.0494628102 -0.7872141 0.615489423 -0.0382986069 -0.932171166 0.361241251 0.0236992911 -0.699873209 0.71131444 -0.0648778602 0.883994162 0.45598951 -0.103091776 0.917243779 0.371266961 -0.144307524 0.863164246 0.498351604 -0.0811981782 0.722508907 -0.68000859 -0.124776512 0.756522357 -0.645181298 -0.10684111 0.679507613 -0.719060004 -0.145677686 0.525150895 -0.850574315 0.0272003505 -0.792312086 -0.608921885 -0.0381539539 -0.844331384 -0.521749139 -0.121993087 -0.667946339 -0.735996366 0.110258758 0.0126849748 -0.00769013911 0.999890029 -0.000245661766 -0.0124105252 0.999922872 0.00984126329 -0.0102224974 0.999899328 0.996627331 0.0814212188 -0.0102251247 0.999411464 0.0304995645 -0.0156976338 0.999329209 0.0332250111 -0.0154059976 -0.954817772 0.29612264 0.0251866598 -0.991239429 -0.131143838 -0.0156754944 -0.98601532 -0.16557458 -0.018942235 0.272380173 0.961894631 0.0238256566 -0.0444102138 0.998999298 -0.00531588914 -0.0696242154 0.99754411 -0.00762986625 0.262911588 0.950724006 -0.164320678 0.300549328 0.953400195 0.0264233686 -0.588144183 -0.808261693 0.0282727852 0.745176613 -0.653307378 -0.13379629 -1.84562987e-06 -6.78525976e-06 1 -7.69066446e-06 6.92070889e-09 1 -2.64289469e-07 -8.56590486e-06 1 -3.78833806e-06 1.91578829e-06 1 8.06269509e-06 -1.09924285e-05 0.99999994 -1.78477728e-06 0 -1 -0.603395939 -0.797379315 -0.00996690337 -0.7441414 0.666223586 -0.0489861965 0.772458255 0.634666264 0.0225163233 -7.3549927e-06 1.26311534e-06 1 -0.969287097 0.240802109 0.0499691628 0.936691046 0.303167969 -0.1752114 0.783822238 -0.614225686 -0.0913762748 3.13146597e-06 0 -1 0.551765025 -0.833496392 0.0289694536 -0.889768243 -0.395975649 -0.226970851 0.0187827516 -0.00598854106 0.99980557 0.0241315551 -0.000478298491 0.999708652 -0.940030217 0.339821637 0.0294012371 0.996193826 0.08662875 -0.00966265518 -0.193124712 -0.979906082 -0.049869746 -0.281572968 -0.954626799 -0.0969758928 -0.0983492285 -0.995151877 0 -0.999995351 -0.00251082424 0.00175443315 -0.99943608 0.0275081117 -0.019254813 -0.996602356 -0.0674801022 0.0472242683 0.481983632 -0.876139581 0.00843842421 0.621419609 -0.783337057 -0.0148581527 0.631872058 -0.774892449 -0.0167151149 -9.92766672e-07 0 -1 -2.67255018e-06 0 -1 -0.0729518905 0.997331738 0.00269735092 -0.0686827973 0.997622192 0.00571053429 -0.0702707693 0.997517407 0.00458989898 0.502181351 0.864233732 -0.0302311182 0.986988544 -0.126855239 0.0987994522 0.999876142 0.0155071691 -0.00268423185 0.999413788 -0.0233467463 0.0250385664 0.966344416 0.236046508 -0.102275982 0.941245675 -0.314080149 0.124138445 0.911406636 -0.406362593 0.0648651794 0.960085988 -0.207227752 0.187860727 -0.0814998522 -0.992368102 -0.0925392285 0.0065085981 -0.98844862 -0.151416644 -0.024175562 -0.991077423 -0.131076768 -0.885488033 -0.463586986 0.0315926448 -0.920232594 -0.389817297 0.034847673 -0.922962964 -0.383283228 0.0351196192 1.10793974e-06 0 -1 7.06056142e-07 0 -1 1.10812528e-06 0 -1 -0.202801451 0.977520466 -0.0576653853 -0.327577412 0.934399128 -0.139969334 -0.427260935 0.902749062 -0.0499218963 -0.00674338918 -0.00368094654 0.999970436 -0.0103792408 -0.0119315889 0.99987489 -0.00691197952 -0.00406349776 0.999967813 -0.979871809 0.197241902 -0.0307727866 -0.836295545 -0.545942843 0.0505584627 -0.773398936 -0.623869836 0.112429947 -0.883065045 -0.469214499 -0.00581559259 -0.884069562 -0.466294825 0.0314664133 -0.356929481 -0.923944712 -0.137577653 0.0542195253 -0.981682837 -0.182644844 0.461415052 -0.887107611 0.0116726747 3.29072354e-05 -8.80635162e-06 1 -0.0655447915 0.997818172 0.00792443566 -1.81948519e-06 0 -1 -2.50691937e-06 0 -1 -1.36727078e-06 0 -1 -0.992930532 0.0972448066 -0.068061173 -0.000355335214 0.0010379717 0.999999404 1.3874057e-05 4.3402074e-06 1 1.16052515e-05 1.0775253e-05 1 1.83063858e-05 2.58535152e-07 1 0.00077510433 0.000461779389 0.999999642 0.000624642707 0.000368156529 0.999999762 0.670341492 0.735042751 0.10175664 0.866024017 -0.500002265 0 -0.660079241 0.733579218 -0.161731094 0.967106998 0.251924366 0.0351867452 1.5801412e-06 0 -1 0.0801118314 0.975486457 -0.204959333 -0.00346728321 0.00375253707 0.999986947 0.986595988 0.136626273 -0.0892277732 -0.668601573 -0.717459083 0.195510462 -0.323072672 0.945645034 0.0371407568 -0.823640406 -0.558188081 0.100212157 0.0593640842 -0.997144699 0.0466722026 0.200680271 -0.969499886 0.140703052 0.0216128901 -0.999357462 0.0285968632 -0.916001976 0.401168227 -0.00207039365 -0.987194896 0.156865761 -0.0289727263 -0.989471793 0.141460523 -0.0305700768 0.443365216 -0.896271884 0.0111351525 0.410062432 -0.911952972 -0.0138049591 0.551178098 -0.828760743 0.0967379734 -0.00205637817 -0.00724438764 0.999971688 -0.0059890775 -0.00662782509 0.999960124 -0.00135671778 -0.00800642371 0.999967039 0.738453209 -0.673657656 0.0295329206 0.894825399 -0.446325779 0.00899215322 0.981324136 -0.192231715 0.00706316158 0.979081094 0.201842681 -0.0256848391 0.968028843 0.250838906 0 0.972017765 -0.232183173 -0.0356717445 0.0216209628 -0.99973917 -0.00735470233 0.555636585 0.812859297 0.174721941 -0.79217267 0.610130012 -0.0142729068 0.85643363 0.515821815 0.0211986266 0.514635026 0.857108116 -0.022727333 0.485914171 0.873630702 -0.0256304797 -0.200501308 0.971645892 0.125313386 -0.142488062 0.985782087 0.0890550986 -0.303279012 0.93385911 0.189549506 -0.972477913 -0.231986672 -0.021654835 -0.94591713 -0.324125618 -0.0135429762 -0.868786573 -0.477958798 0.129480332 0.2749919 -0.94611764 0.170999587 -0.0646334738 0.983812988 -0.167136207 2.21837536e-06 0 -1 -1.40082352e-06 0 -1 4.10710345e-06 0 -1 7.07267327e-06 0 -0.99999994 -0.973677754 0.0104972059 -0.227687433 0.280653536 -0.95402205 -0.105239615 0.00236032833 -0.0105016166 0.999942064 0.000773430918 -0.00838296488 0.999964595 -0.000355360011 0.00103314512 0.999999464 1.41620494e-05 4.52348468e-06 1 1.19171737e-05 1.08868626e-05 1 -1.46874909e-05 1.38939345e-06 1 -1.2082347e-05 -6.38927213e-06 1 0.791356087 -0.60949856 -0.0476124026 -1.7522525e-06 0 -1 0.725215018 -0.687836766 0.0307215117 -0.953882396 0.217647448 -0.206731617 -0.988073707 -0.0347257182 -0.150015116 0.960800588 0.211046875 -0.179781735 -0.903640747 0.428289771 0.00111578708 0.881919265 0.470696777 0.0257493816 -0.617925465 -0.785290539 0.0385600366 -0.156980604 0.98737061 0.0213637855 -0.00147315406 -0.998675823 -0.0514238253 -0.0171666164 -0.99294132 -0.11735823 -0.00399516057 -0.999956727 0.00840221718 -0.13873671 -0.2415912 -0.960409224 0.607006609 0.315537065 -0.729369164 0.573503792 0.212858036 -0.791065693 0.624299467 0.382015198 -0.681406319 0.718384802 -0.000439900352 0.69564575 0.67663151 0.000555053353 0.736321628 0.676138401 0.000566472241 0.736774325 0.993267179 0.00326696131 -0.115800098 0.999203205 0.00319995009 -0.0397820249 0.999981105 -0.00116944767 -0.00603076164 0.0162575338 -0.0303489249 -0.999407172 0.00851709954 -0.000825661817 -0.999963403 0.0973879173 0.000576875813 -0.995246291 0.00659229746 0.972565889 0.232534036 -0.000125786581 0.991504729 0.130070269 -0.00250886963 0.908875287 0.417060256 0.00852772966 0.999957085 -0.0036306486 -0.00826510228 0.99978739 -0.0188950375 -0.981385946 -0.189186648 -0.033017315 -0.999404848 -0.00704172207 0.0337709449 -0.999403715 0 0.0345282629 0.999041617 -0.00806146394 -0.0430194661 -0.999906778 0.012882892 -0.0045206747 -0.990516305 0.136732623 -0.0134780668 -0.992779732 0.00547086215 -0.119827025 0.0194633882 0.00315620983 -0.99980557 -0.00299641606 0.144546151 -0.989493608 0.00780322729 0.00787280593 -0.999938607 0.999382079 -0.0332736112 -0.0113299824 0.390024215 -0.661057472 -0.641002417 0.259101182 -0.600108564 -0.756793499 0.545346439 -0.707236111 -0.449904799 -0.000601507898 0.0101967445 -0.999947846 0.0385685749 -0.0277975015 -0.9988693 0.0471375361 0.0175906662 -0.998733461 -0.00176700926 -0.659906626 0.751345634 -0.00284299464 -0.667224169 0.74485153 -0.00292871264 -0.66780442 0.744331062 -0.836232722 -0.277536482 -0.472956985 -0.861230373 -0.320901752 -0.39408651 -0.868166745 -0.335334092 -0.36583817 0.99999994 0 0 -0.00682441331 0.997340739 0.0725604817 0.000194091903 0.867419779 0.497577012 9.8735145e-05 0.870341957 0.492447883 0.999348044 -0.0232118927 -0.0276518054 0.342799097 0.934910715 0.0918205902 0.360690027 0.931272805 0.0513190813 0.34377414 0.937568605 0.0527675524 -0.575320482 -0.217904702 -0.788367927 -0.608415127 -0.320485413 -0.72603035 -0.640195549 -0.464205086 -0.612097383 0.000866939954 -0.771693289 0.635994256 -0.00106923596 -0.803716063 0.595012069 -0.0011182829 -0.804499567 0.593952119 0.640190601 0.464200497 -0.612106144 -0.184904978 0.763251305 -0.6190781 -0.196396038 0.738426268 -0.645100892 -0.209964186 0.70688808 -0.675443888 -0.00143988442 -0.657669246 0.753305435 -0.00281924196 -0.667063594 0.744995415 -0.0029287145 -0.667804837 0.744330764 0.244100764 0.534304857 -0.809279442 0.233763918 0.56384635 -0.792105913 0.216032386 0.611079872 -0.761519134 -0.00105599314 -0.999866843 -0.0162809268 0.0731387287 -0.994147122 -0.0795121193 0.0388852917 -0.997471929 -0.0594780482 -0.011883771 0.994714618 -0.101987928 -0.0172844138 0.99245429 -0.121390432 0.0042924271 0.999958634 -0.0080232285 -0.105955385 0.00849531405 0.994334638 0.000224607167 0.000168599916 1 0.0646461099 -0.0191600174 0.997724295 0.0121924803 0.00357139413 0.999919295 0.0429580994 -0.424680561 0.904323518 0.0422334671 -0.414150894 0.909227908 0.999041677 -0.00806149188 -0.043019671 0.353338063 0.648129225 -0.674596667 0.35197261 0.658758998 -0.664945006 0.351058513 0.665503323 -0.658682942 0.999041677 -0.00806149188 -0.0430196114 -0.510285735 -0.470434099 -0.719930708 -0.644899249 -0.462265491 -0.608617783 -0.38973245 -0.466511905 -0.794024706 -0.343685329 -0.937296927 0.0579224452 -0.343268603 -0.936158895 0.0759816095 -0.343250245 -0.936108708 0.0766797215 0.163806289 -0.762934506 -0.625378549 0.203441277 -0.68300885 -0.701505899 0.240184873 -0.593936205 -0.767822266 -0.520176589 -0.0822217166 -0.850091755 -0.999254763 0 0.0386013761 -0.999254763 0 -0.0386013724 -0.999254644 0 0.0386015736 -0.663327992 -0.705102265 -0.250652462 -0.369596869 0.724875867 -0.581337392 -0.37339437 0.698881626 -0.610033631 -0.379821301 0.637153506 -0.670649767 0.633271396 0.523230016 -0.570261121 -0.0212193746 -0.998241127 -0.0553561971 -0.31015262 -0.944100022 -0.111716583 -0.707110047 0.70710355 0 -0.70710516 0.707108319 0 0.633847833 0.522870302 -0.569950581 -0.0211305916 -0.998242795 -0.0553596467 -0.000273713435 0.547741711 -0.836647451 0.0201812685 0.129787475 -0.991336405 0.00337364408 0.520842552 -0.8536461 -0.310042441 -0.944139957 -0.111685038 0.999888599 -0.0126730409 -0.00788466632 0.999341309 -0.0346291289 -0.0108564813 0.993409455 -0.00481247902 -0.114518836 0.00029608421 0.548096001 -0.83641535 -0.00267579802 0.135841116 -0.990727007 0.00336217368 0.52543956 -0.850824296 -0.999964297 0.00824647956 -0.00185280235 -0.999863207 0.0165111776 0.00102228159 -0.996568203 0.00501656625 -0.0826228485 -0.996815324 0 0.0797448531 0.631452441 0.528356731 -0.56754458 -0.0211618543 -0.998242319 -0.0553592145 0.999380827 -0.0332860798 -0.0114062643 -0.538538158 -0.832177579 -0.132125244 0.464655846 -0.475300729 -0.747117162 0.645664513 -0.492966115 -0.583182395 0.724446893 -0.490525424 -0.484315336 -0.000961169717 0.548323572 -0.836265683 0.0326885283 0.146671951 -0.988644958 0.00338583952 0.516033649 -0.856561601 0.148420617 -0.97082597 -0.188330427 0.129570499 -0.969664037 -0.207275465 0.28900072 -0.956534684 -0.038985353 -0.428297848 -0.865120173 -0.261013418 -0.344126642 -0.924741149 -0.162574857 -0.388547242 -0.89625448 -0.21391359 -0.996815324 0 -0.0797448531 -0.999254644 0 -0.0386015698 0.011270172 -0.881517529 0.472016692 0.00170278142 -0.944122612 -0.329589874 0.000684813655 0.543995142 -0.839088142 0.00767576043 0.133368462 -0.991036832 0.00336566009 0.524123073 -0.851635933 -0.993467808 -0.102028914 0.0511065088 0.999369085 -0.0344648436 -0.00858494081 0.970143616 0 -0.242530912 0.994347095 -0.0620535538 -0.0861580893 -0.0096724825 0.92452383 0.381001472 -0.0047560134 0.999973357 0.00553964498 -0.00469480781 0.999988317 0.00117362954 0.631078243 0.528595567 -0.567738414 -0.021220088 -0.998241067 -0.055356551 -0.00115028268 -0.143017292 0.98971957 0.000613962242 -0.554699779 0.832050323 4.02154947e-05 -0.559401393 0.82889688 -0.538502693 -0.832200706 -0.132124513 -0.0972638428 -0.026158262 0.994914889 -0.00194485928 0.00012554109 0.999998093 0.143088266 0.0112805674 0.9896456 -0.00704405736 0.811619937 0.58414346 0.00013454142 0.999502599 0.0315348469 0.000225327807 0.999700844 0.0244545043 -0.00143998314 -0.657669067 0.753305674 -0.00281924964 -0.667063653 0.744995356 -0.00292871473 -0.667804837 0.744330645 0.999352038 -0.0232170187 -0.0275049377 -0.0029287145 -0.667804837 0.744330704 -0.0229814295 -0.948432624 -0.316144675 0.0139767779 -0.999827564 -0.0122265602 0.00231224019 -0.995365381 -0.0961372107 0.0273572635 -0.99960494 0.00644752523 -1.18807428e-07 -0.9950369 -0.099505499 -0.0401877016 -0.956676543 -0.288365781 0.0153015479 -0.999882638 -0.000798092806 -0.0342842825 -0.994719982 0.0967306122 -0.0152805448 -0.999085307 0.039938353 0.999991417 -0.00133420073 -0.0039241286 -0.000109024448 0.00617468124 0.999980927 -0.00281195389 -0.013372303 0.9999066 -0.000649559486 -0.0166762657 0.999860704 -0.00358267734 0.0314262584 0.999499619 -0.0233247317 -0.491237789 0.870713174 -0.0686640143 0.0349911191 0.997026086 0.0711744949 0.0262386091 0.997118771 -0.00264237029 -0.00235798745 0.999993801 -0.987630606 -0.001862637 -0.1567875 -0.0774861127 0.00741878105 0.996965826 0.0315559395 -0.0171940625 0.999354064 0.0810551718 0.00914472528 0.996667624 -0.094713904 -0.0386725776 0.994753122 -0.0672056153 -0.015500511 0.997618794 -0.000413068192 -0.144999474 0.989431679 -0.072766535 -0.0261758864 0.997005403 0.718855619 -0.000451452681 0.695159256 0.762198985 0.647236824 -0.0117075052 0.999998212 -0.000204637152 0.00190120097 0.999999404 -0.000302554516 0.00110680447 0.715034902 -0.698998451 -0.0112312045 0.999995351 -0.00146989513 -0.00266982149 0.999921799 -0.00267235166 -0.0122097488 0.941761315 0.0043317657 -0.336253852 0.998574376 -0.0159435384 -0.050940495 0.999838114 -0.0129392752 -0.012505888 -0.103152946 -0.000420059892 -0.994665444 -0.0133371903 0.00617060065 -0.999891996 -0.00298442389 -0.00267159403 -0.999991953 -0.00579508999 0.00747675914 -0.999955297 0.00491747633 -0.00754957367 -0.999959409 -0.00642719446 0.137182891 -0.990524888 0.00495870784 0.132667571 -0.991148233 -0.00175974576 0.00368210417 -0.999991715 -0.00693870801 0.140613496 -0.990040243 0 1 8.67503118e-08 0 1 1.24450423e-07 0 1 6.67596867e-09 0 1 -8.8831932e-08 0 1 3.62036161e-07 0 1 6.05652815e-07 0 1 3.90456364e-07 0.0121568702 -0.089563325 0.995907009 0.0450763814 0.377170384 0.925046206 0.0133006629 -0.0742954835 0.99714762 0.0456915945 0.386556298 0.92113322 0.00943612307 0.999923527 -0.00799819734 0.0406455398 0.997485161 -0.0580630749 0.0746143311 0.994136274 -0.0782666504 0.00555011118 0.999840021 -0.0170041267 -0.0132598858 0.999109983 0.0400447808 -0.0138197001 0.999904394 0 -0.0325046331 0.994639277 0.0981638059 0.0402083881 0.998983085 0.0203968566 -0.00631373981 -0.0088775605 -0.999940634 -0.00556857744 0.00557579147 -0.999968886 -0.980017781 -0.195990577 -0.0339543559 -0.998204947 0 0.059890382 -0.0693793222 0.214712262 -0.974209964 0.0276336186 0.00716639636 0.999592423 0.0601633415 -0.105499543 0.992597699 -0.0662380978 -0.0439840183 0.99683392 -0.112174742 -0.0382259786 0.992952943 -0.0506496988 0.00705448771 0.998691559 0.10217391 -0.0640821308 0.992700338 0.0240821838 -0.0209329948 0.999490798 -0.0336224437 -0.0142910657 0.999332368 -0.00639955746 -0.0126854163 0.99989903 -0.000622234773 -0.000977716525 0.999999344 -0.0288600773 -0.0118683223 0.99951303 0.0276497342 0.0127298888 0.999536693 -0.0255104247 -0.0129946815 0.999590099 -0.00749674765 -0.00689591235 0.999948144 -0.0587991588 0.0257156882 0.997938573 -0.00280513288 -0.0114321886 0.999930799 0.605621755 -0.713636577 -0.3520585 0.00881662592 -0.139649779 -0.990161657 0.0415725298 -0.115359202 -0.992453456 -0.00667238887 -0.105588943 -0.994387507 0.000138869247 0.011223278 -0.999936938 -0.000258796616 0.0067432858 -0.999977231 -0.891407967 -0.452671617 -0.0219137985 -0.999905765 -0.0125889583 -0.00546616316 -0.98996675 -0.140999034 -0.00922214799 -0.89251399 0.450534254 -0.0209187418 -0.999395132 -0.0346256457 0.00323483371 -0.999910414 -0.0022041488 -0.0132001527 -0.998232067 -0.0306527708 0.0509228408 -0.94174391 0.00745951571 -0.336247951 -0.999989927 0.000391874899 -0.0044657574 0.350771189 -0.835371315 -0.423219025 -0.382905573 0.584312797 -0.715515137 -0.0178566296 -0.00106718019 -0.999840021 -0.00672265003 0.146154478 -0.989238918 0.0224965382 0.00444866531 -0.999737024 -0.011177945 0.137058973 -0.990499794 0.0570021272 0.0143967019 -0.998270214 0.0267844144 -0.00384786935 -0.999633849 0.055879645 0.0142483674 -0.998335838 0.0424598381 -0.0151515743 -0.998983324 0.707107663 -0.707105994 0 -0.0175505709 0.53706032 0.843361318 9.88439497e-05 0.870628655 0.491940886 -0.00688052736 0.997619331 0.0686176047 -0.00682261912 0.99734056 0.0725615174 0.000194081862 0.867716074 0.497060299 -0.0069966279 0.809318483 0.587328434 -0.00703213457 0.807336926 0.590048909 0.000140516902 0.999500871 0.0315921269 0.000230278558 0.999699652 0.0245091282 0.10824535 -0.0972086638 -0.989360154 -0.0476973765 0.0173089709 -0.998711824 0 -0.99999994 -4.79028017e-07 0 -1 4.31244359e-07 0 -1 1.12413306e-06 0 -1 8.29180124e-07 0 -1 3.26730924e-06 0 -1 2.94771121e-06 0 1.86264543e-07 -1 -0.00167173252 -0.659255564 0.751917124 -0.806760073 -0.235460594 -0.541937768 0.00699962396 0.731969059 0.681302011 0.707104206 0.707109392 0 -0.56911099 0.212139815 -0.794423997 -0.620413601 0.365997821 -0.693637252 -0.499215245 0.054882396 -0.864738166 -0.00688227871 0.99761951 0.0686144233 -0.109256379 -0.11168687 -0.987719119 -0.0347247981 -0.0352977104 -0.998773336 -0.0362457559 -0.135821402 -0.990070105 0.0106807947 -0.0225600004 -0.999688447 0.27370739 -0.496529758 -0.823736787 -0.000504147902 -0.00392164197 -0.999992192 0.0056628692 0.098041229 -0.995166242 -0.000301565044 -0.00685658818 -0.999976456 -0.000219489695 -0.00538734114 -0.999985456 0.00316499826 -0.00594319729 -0.99997735 0.000177362337 -0.0123744123 -0.999923468 0.00385867478 -0.00561433658 -0.999976814 0.0187615398 0.0238508545 -0.999539435 0.618033707 0.00614139438 -0.786127627 0.508369267 -0.0889649391 -0.856531322 0.750326991 0.146177471 -0.644702613 0.000915998244 -0.770854235 0.637010932 0.00176726421 0.00802065991 -0.999966323 -0.779243827 0.116330191 -0.615829825 -0.00131774705 -0.656832397 0.754035413 -0.651453793 0.526927888 -0.545852482 -0.00366307725 -0.0179953817 0.999831378 -0.0147744203 -0.00215773843 0.99988848 -0.0122732949 -0.0228123609 0.999664485 0.0533506311 0.0808410272 0.995298147 0.0256016888 -0.0101654585 0.999620497 0.000494220585 0.0130405603 0.999914825 -0.000662014063 0.0198924132 0.999801934 0.258451253 0.490529984 -0.832215846 4.00321937e-07 0 -0.99999994 3.79698747e-07 0 -1 3.79595235e-07 0 -1 3.58544241e-07 0 -0.99999994 -0.0131442891 -0.99969393 -0.020958649 -0.0222165305 -0.999753177 0 -0.0106026642 -0.999854028 -0.013395411 0.00898336712 -0.999959588 -0.000116092713 -0.00578461401 -0.999765694 -0.0208585802 -0.0431174077 -0.99444747 0.0959957913 -0.0210842825 -0.999043763 0.0383019447 0.00667983759 -0.999789894 -0.0193794109 0.0110943737 -0.999893546 -0.00948169641 -0.0242132246 0.998968661 0.0384101085 -0.045859769 0.994347095 0.0957640484 -0.00653017452 0.999973178 0.00332645164 -0.00366386981 0.998567343 -0.0533842482 0.00560025638 0.999973476 -0.00465044565 -0.00505295116 0.999630451 -0.0267095864 -0.0401877724 0.956678092 -0.288360775 -1.18807456e-07 0.995037138 -0.0995041281 -0.0417960733 0.947856128 -0.315945804 1.44327896e-06 -5.63629692e-06 -1 7.46996875e-07 -2.98348391e-06 -1 7.14898306e-07 -2.86118893e-06 -1 0 -1.37448296e-07 -1 0.0564661063 -0.023275489 -0.998133123 0.121372618 0.109795369 -0.986515999 0.0447013155 0.0288245026 -0.998584449 0.0508916825 0.129883856 -0.990222275 0.0266857669 0.0761411265 -0.996739864 -0.00636815839 0.0129844565 -0.999895394 -0.00905777793 0.106231533 -0.994300067 -0.801941454 0.112974018 -0.586623251 -0.99999994 6.19055118e-06 -1.25164638e-06 -1 3.21710399e-06 -8.23869755e-07 -1 1.46534694e-06 -5.71852411e-07 -1 -2.50956145e-06 0 0.793890953 -0.112226032 0.597613931 0.25124833 -0.0478533953 0.966739058 -0.171788543 0.0243538283 0.984832764 0.112751305 0.0110972077 0.993561268 0.0110195251 0.0192625057 0.999753714 -0.697848141 0.00568395248 0.716223061 0 1 9.09507605e-07 -0.710782349 0.574465215 -0.40592882 0.354737073 0.636437535 -0.684915185 -1 -5.78067284e-06 0 -1 5.596495e-08 0 -1 -3.05909225e-06 0 -1 3.18950896e-07 0 -0.99183917 -0.0127470335 -0.126857102 1 -1.29326872e-06 0 1 -5.56074565e-06 0 1 -3.61181878e-06 0 0.68894428 0.695907593 -0.202653274 0.686500192 0.720156074 -0.100462422 0.699148834 0.706212163 -0.111602977 -0.227526277 0.662105739 -0.714036345 -0.72740531 -0.448152721 -0.519654453 -0.978891075 -0.195762262 -0.0587313138 -0.987647235 -0.0019338642 -0.156682089 -0.999948919 -0.000887384289 -0.0100654438 -0.99999994 0 0 2.06807417e-05 0.551892459 -0.833915353 0.000271499943 0.554029942 -0.832496762 -0.707111955 -0.707101703 0 -0.991855919 -0.0119808186 -0.126799792 0.975695968 0.0978466198 -0.196070015 -0.707111061 0.707102478 0 0 4.90169789e-08 -1 -0.342701048 -0.934609413 0.0951912329 0.999041677 -0.00806170143 -0.0430196971 0.0888242498 0.0491726063 0.994832873 -0.00627580984 0.0144290151 0.999876142 -5.83989204e-05 0.0137625113 0.999905288 0.0614686795 -0.0270887483 0.997741342 -0.00105900283 0.0106723551 0.999942541 -0.991831005 -0.0126861641 -0.126926392 0.970123291 0.00638232566 -0.242528722 0.996189296 0.00546228234 -0.0870467052 0.958860993 0.0321760848 -0.282046765 0.991314888 0.0149059482 -0.130661473 0.997449756 -0.0401820801 0.0589866638 0.992678821 -0.0288794935 -0.117280573 0.941758692 0 -0.336289376 0.99741745 0.0426455699 0.0577913709 0.909840167 -0.413557321 -0.0340767764 0.989129663 -0.142165542 -0.0375704244 0.999732912 0.0219731666 -0.00716795912 0.999696076 0 -0.0246537626 0.999881029 0.0123748435 -0.00921040773 0.999704659 0 -0.0243033916 0.978531361 0.0975536481 -0.181548133 -0.970123231 0.00638233172 -0.242528841 -0.994056344 -0.00283369888 -0.108829744 -0.941758692 0 -0.336289376 -0.992678821 -0.0288796071 -0.117280573 -0.988800824 -0.145717233 -0.0322395936 -0.910236657 -0.413737535 -0.0170447994 -0.996842861 0.049162969 0.0623489618 -0.995630682 0.0204022601 -0.0911218077 -0.977655292 0.0328063257 -0.207638741 -0.999954224 -0.00876073167 0.00385069707 -0.999829173 -0.0174112413 0.00620795926 -0.999988675 0 -0.00475073606 -0.998292327 -0.0323555619 0.0486377478 -0.999877572 0 -0.0156477857 0.913773537 0.0343540087 -0.404768765 -0.991839111 -0.0127470111 -0.126856953 0.817163527 0.238690302 -0.524662554 -0.779788971 0.111656092 -0.616005003 0.345608681 -0.45173794 -0.822488546 0.978547812 0.0974912569 -0.181493342 0.926403701 -0.373547167 -0.0473164991 0.966231227 -0.257620841 -0.00535536557 -0.486239254 -0.808292091 -0.332016975 -0.00971087627 0.923209071 0.38417539 -0.0351518989 -0.00527486904 0.999368012 -0.0124065951 -0.000797951245 0.999922693 -0.13424167 0.00865724031 0.990910769 -0.00048031591 -0.000333174365 0.999999762 0.0825270712 -0.0185323227 0.996416569 -0.128291681 -0.0222859066 0.991486013 -0.209546894 -0.0291049015 0.977365315 -0.802195787 0.112996317 -0.586271107 -0.987649977 -0.00164572627 -0.156667396 -0.987623453 -0.00312365266 -0.15681231 -0.00707992446 0.809656382 0.586861372 -0.00131785392 -0.656832218 0.754035592 -0.0831227824 -0.9964993 0.0089269476 -0.154027328 -0.986617565 0.0534925982 -0.0737257525 -0.997272611 0.00345280347 0.0657412931 0.972808421 0.222085297 0.0242566243 0.999006152 -0.0373955034 0.0584669933 0.970301628 0.23472622 0.629082143 -0.102196105 0.770591915 0.0693914443 -0.973214984 0.21917446 0.0242582876 -0.999005973 -0.0373973399 0.0324591771 -0.998576522 -0.0423227772 0.995689034 0.00893850345 -0.0923226029 0.999726355 -0.00843799673 0.0218155254 0.99442333 0.0108577618 -0.104901701 -0.182948723 0.448957056 -0.874624074 -0.0537885204 0.512013435 -0.857291698 -0.285607368 0.39047429 -0.875190377 0.273920149 -0.800081849 0.533701003 0.260885894 -0.778374732 0.571026504 0.252799183 -0.777667642 0.575609028 0.220794395 -0.626077831 0.747847855 0.226355642 -0.590714514 0.774480164 0.444281608 -0.467222869 0.764406145 0.269989729 0.706784248 0.653882027 0.282305777 0.706442893 0.649031579 -0.230994448 0.743187308 -0.62794435 -0.0825969055 0.963777661 -0.253594935 -0.252028883 0.669080615 -0.699151278 0.715834618 0.66711849 0.20623672 0.684930265 0.721605718 0.100775771 0.599186003 0.794242084 -0.100775234 0.110135458 0.977159619 -0.181739718 0.0596133396 0.979444861 -0.192702115 -0.00421452709 0.978591621 -0.205768451 -0.500178754 0.180350304 -0.846932709 -0.498685598 0.178513199 -0.848201454 -0.342021704 0 -0.93969202 -0.335600466 0.205653995 -0.919281662 -0.316482425 -0.00772709586 -0.948566914 -0.336319655 0.27266103 -0.901412845 -0.148698613 0.802449167 -0.577896237 -0.191086337 0.777695477 -0.598895431 -0.20230791 0.776618123 -0.596603572 -0.0357241966 0.998351455 0.0449229069 -0.067481637 0.980428457 -0.184949428 -0.047132466 0.997541368 0.0518621318 0.987350404 0.124637567 -0.0980036706 0.986015797 0.166440234 -0.00838896539 0.980548799 0.190875798 0.0457215086 0.99021709 -0.0201521274 -0.138072953 0.998232424 -0.0594096296 0.00163019891 0.986215293 -0.012440661 -0.164998829 0.3338103 0.937874019 0.0946731269 0.0139834434 0.998521686 0.0525247641 -0.0040346263 0.998529851 -0.0540548377 0.079689607 -0.991976261 -0.0981465429 -0.147422746 -0.970664084 0.189941511 -0.211111739 -0.941262186 0.263547719 -0.347513646 -0.204212219 -0.91516757 -0.575833619 0.0456889756 -0.816289246 -0.321861923 -0.273320019 -0.906477332 0.311983109 0.351293713 0.88275665 0.347354531 0.371636093 0.860947967 0.270773888 0.327144057 0.905349791 0.236481786 -0.257984757 0.936760485 0.678121626 -0.729194999 0.0917914063 0.703601897 -0.685671031 0.18654646 0.607793868 -0.788772404 -0.0917863026 0.308243781 0.0268459097 0.950928509 0.342022598 -0.2296893 0.911187887 0.356072485 -0.237154216 0.903864026 -0.428845108 0.294888198 -0.853892744 0.377551854 -0.629607201 0.679006159 0.269209266 -0.699242711 0.662258327 0.523090243 -0.509921908 0.682902753 -0.243325278 -0.796640158 -0.553314865 -0.137003273 -0.83271873 -0.536478996 -0.0681891665 -0.850145519 -0.52211386 -0.0219329838 0.203332633 0.978864014 -0.0332742371 0.929931879 -0.366223216 -0.161049783 0.972054005 -0.17080389 -0.263965398 0.866438329 -0.423800498 0.320479602 0.231818199 0.918451488 0.389829159 -0.0283639319 0.92045027 0.399766445 -0.0304872356 0.91610992 -0.0980751961 -0.985850453 -0.135941684 -0.0447134338 -0.980092287 -0.193442106 0.0206486862 -0.964886606 -0.261853844 0.939692438 2.96698772e-07 -0.34202072 0.939692676 1.83702593e-06 -0.342019916 0.939692438 -4.24605361e-07 -0.34202072 -0.341005236 0.936865568 -0.0774490759 -0.0588410497 -0.985592246 -0.158573747 -0.0910135508 -0.984731138 -0.14839536 -0.0578302294 -0.985601008 -0.158890262 -0.45823878 0.123094521 -0.880264103 -0.350728393 0.0290106572 -0.936027765 -0.285116643 -0.0254477076 -0.958154917 0.121289231 -0.986334324 0.111506097 0.110993989 -0.992666304 0.047894042 0.109513402 -0.993221521 0.0389595293 -0.00153396185 -6.23264059e-05 -0.999998808 -1.33807433e-07 0 -1 -0.00155039236 -7.53695858e-05 -0.999998808 -0.070738785 -0.973074138 -0.219368994 -0.231509537 -0.744361818 -0.62636143 -0.0574991256 -0.970932722 -0.232343838 0.0867414922 0.995661855 0.0336653553 0.0962487087 0.991472602 0.0878532007 0.0852790847 0.99603188 0.0254524015 0.121289164 -0.986334324 0.111506045 0.110993445 -0.992666483 0.0478935726 0.109512791 -0.993221641 0.0389590003 0.939692855 9.28311437e-08 -0.342019558 0.939693272 -3.7513604e-07 -0.342018425 0.939692616 -3.81759082e-06 -0.342020243 -0.256462812 -0.671016812 -0.695674777 -0.0387125835 -0.998269022 0.0442748293 -0.16078645 -0.973279595 -0.163934559 0.987350285 0.124638043 -0.0980043039 0.986015797 0.166440412 -0.00838921126 0.980548799 0.190875798 0.0457215458 0.219304219 -0.87691766 0.427692801 0.293825954 -0.904080629 0.310329884 0.170663446 -0.85111481 0.496465027 0.231453449 -0.742615402 0.628451884 0.251585126 -0.669711292 0.698707163 0.0756585822 -0.681063354 0.728305101 -0.136384398 -0.800842166 -0.583139002 -0.287783682 -0.866551161 -0.407761633 -0.0532024987 -0.935144663 -0.350248367 -0.939692914 8.42130845e-08 0.34201929 -0.939692497 3.83783799e-07 0.342020512 -0.939692199 3.1865236e-06 0.342021257 0.939692914 5.08168068e-06 -0.34201929 0.939692497 -2.47346838e-06 -0.342020392 0.939692736 2.81718258e-06 -0.342019588 -0.189399913 -0.777847469 -0.599233747 -0.206249952 -0.595038235 -0.776782155 -0.301808208 -0.65967685 -0.688286483 -0.390821934 -0.710285902 -0.585450351 -0.939692378 2.15878731e-06 0.34202075 -0.939692557 9.20755213e-07 0.342020512 -0.939692914 -7.9411393e-07 0.342019349 -0.998772919 -0.000357734272 0.0495235734 -0.973128796 0.00119148253 0.230258316 -0.999980271 0.00370591599 -0.00507057831 0.000844175695 0.000109986264 0.999999702 9.2423204e-07 0 1 0.000643772015 1.38096848e-05 0.999999762 0.224617764 0.930558383 0.289150447 0.0805258602 0.967337072 0.240363419 -0.120792396 0.979095042 0.163652495 0.00382803241 0.999989092 -0.00267676101 -0.0651200265 0.997691154 0.0192820076 -0.0791381896 0.996645272 0.0208658352 -0.693977296 -0.00390450004 -0.71998632 -0.6495893 0.00181676657 -0.760283172 -0.646111727 0.0022522842 -0.763239622 -0.0221918225 -0.975438476 -0.219151482 -0.112604812 -0.961237729 -0.251678824 0.120790474 -0.979094684 -0.163655847 0.769704819 -0.00179938483 0.638397455 0.813847184 0.00307287369 0.58107084 0.76741904 -0.00203985628 0.641142726 -0.136611953 0.886636496 -0.441828996 -0.00316360965 0.905761421 -0.423776448 -0.307254344 0.83684808 -0.453078449 -0.255721152 -0.643644214 -0.721338212 -0.266197056 -0.649074495 -0.712629914 -0.276279509 -0.654196143 -0.704057515 0.326756775 0.812765181 0.482330531 0.262441367 0.784577489 0.561749756 -0.0517330021 0.888280511 0.456378549 0.237773746 0.61815393 0.749232471 0.164927632 0.554386199 0.815754116 0.2544972 0.620337427 0.74189806 0.0867409781 0.995661855 0.0336653851 0.096249193 0.991472542 0.0878534243 0.0852784216 0.996032 0.0254524034 -0.148728237 0.977475047 0.149741262 0.99623996 0.0401460379 -0.0767741352 0.994303286 0.0451353267 -0.0965595469 0.996748805 0.0386162549 -0.0707145929 0.184052989 -0.257071912 0.948703587 0.628974915 -0.0462217443 0.776050389 -0.154072568 -0.986548662 0.0546199791 0.0324575342 0.998576701 -0.0423207022 0.0571863316 -0.971137285 0.231564254 0.999307811 -0.0105433399 0.0356751122 0.0594111383 -0.871667564 0.486483306 0.227760702 -0.627355993 0.744680822 -0.17368485 0.901685357 0.395976037 0.159243956 0.972395778 -0.170551732 0.939692676 -4.20911448e-07 -0.342020035 0.939692736 -8.6362229e-07 -0.342019886 0.939692378 1.54266218e-07 -0.342020839 0.939692199 1.09372245e-07 -0.342021197 0.939692795 4.60056697e-07 -0.342019528 0.939692795 -1.85502159e-07 -0.342019558 0.939692736 -8.07441893e-07 -0.342020035 0.939692199 1.56113026e-06 -0.342021316 -0.61498487 0.333521217 -0.714532793 -0.308169097 -0.00917687453 -0.951287389 0.382431924 -0.903963029 0.191302627 0.65335238 -0.0397439413 0.756009936 0.504992843 0.377009928 0.776431382 0.585152268 0.320197225 0.745030522 0.0897095725 0.216881618 0.972067118 0.983949721 0.101023287 -0.14709641 0.9968822 -0.0693341419 0.0376662575 0.359568238 0.928824663 0.0894175097 0.142097488 0.330471456 0.933057785 -0.939692736 0 0.342019856 -0.939692914 -3.11372332e-07 0.34201932 -0.939692497 0 0.342020452 -0.419270903 0.787068725 -0.452476352 -0.595055819 0.0495272465 -0.802156866 0.387203634 0.39409706 0.833523095 0.0194970518 -0.865816057 -0.499982357 0.050896477 0.595104098 -0.802035391 0.299274147 0.0286694095 0.953736365 0.0762475803 -0.789794385 0.608613968 0.2190516 0.93723017 -0.271322459 0.308012754 0.241404191 0.920245707 0.131348357 -0.296559334 0.945938766 -0.162895381 -0.984562635 -0.0640421286 0.241355896 0.935343921 -0.258609772 -0.0920120627 -0.984686315 -0.148076221 -0.154736236 -0.0966233239 -0.983219445 -0.602142751 0.287288189 -0.744909048 0.648096263 0.0697347149 0.758358955 0.122538909 -0.985253334 0.11941544 -0.175145224 -0.112463132 -0.978098273 -0.00159484602 -0.000705343613 -0.99999851 -1.54757629e-06 0 -1 -0.00068084267 -0.00044499783 -0.999999583 -0.00219168933 -0.000184741235 -0.999997556 -0.00225260388 0.000356955366 -0.999997377 -0.000711705536 0.000484707794 -0.999999583 -0.00188186555 0.000387389417 -0.999998212 1.41115788e-06 0 -1 -1.59651302e-06 0 -1 0.934515417 0.0157599784 -0.355573505 0.939692795 -2.80739869e-06 -0.342019647 0.939692855 -5.71744124e-07 -0.342019409 0.939692557 -7.76575689e-07 -0.342020333 0.939692318 -1.88913111e-06 -0.342020988 0.939692318 5.27418592e-07 -0.34202075 0.939692914 -1.13555586e-06 -0.342019379 0.939692557 1.45749914e-06 -0.342020392 0.939692259 1.86254647e-06 -0.342021048 0.939692914 -2.53449662e-06 -0.34201932 0.939692318 -2.57903707e-06 -0.342020988 0.939692616 -2.85912824e-06 -0.342020094 0.938515246 0.00440164935 -0.345209777 0.939755082 0.000662385137 -0.341847926 0.93942672 -0.00158117898 -0.342746347 0.939877093 -0.000204379248 -0.34151268 0.939905286 0.00012234303 -0.341435313 0.938504457 -0.00373989902 -0.345246941 0.939706504 -0.000214393935 -0.341981858 0.939692557 9.24754886e-07 -0.342020273 0.939692676 1.0670924e-06 -0.342019856 0.939692616 -1.24505482e-06 -0.342020065 0.939693034 -2.24840755e-06 -0.3420192 0.939692795 8.716504e-07 -0.342019677 0.939692616 1.89221964e-06 -0.342020214 0.939692378 8.30805959e-07 -0.342020869 0.939692557 1.58459244e-07 -0.342020303 0.939692438 6.82091184e-07 -0.342020661 0.939692616 1.05316155e-06 -0.342019975 0.939692616 3.28740771e-06 -0.342020243 0.939692795 2.99641698e-07 -0.342019767 0.939693093 -6.23693268e-07 -0.342018962 0.939736903 -3.34477518e-05 -0.341898322 0.939692378 5.75615445e-07 -0.342020661 0.939692616 5.03128433e-07 -0.342020094 0.939692676 2.64647133e-06 -0.342019886 0.939692914 -1.64162464e-06 -0.342019439 0.939692378 -3.10428914e-06 -0.342020869 0.939692616 -1.99821307e-06 -0.342020273 0.939692378 5.16961109e-07 -0.34202075 0.939692676 -2.37396034e-06 -0.342020184 0.0975278616 0.990663946 0.0952531248 0.0829947814 -0.790535092 0.606766939 -0.0481581055 -0.997588933 0.0499724038 0.983949482 0.101023912 -0.147097275 -0.939692616 -8.15307544e-07 0.342020124 -0.939692616 -6.25065582e-07 0.342020303 -0.939693034 -1.0262595e-06 0.342019051 -0.939692318 1.94162976e-06 0.342020988 -0.939692616 8.53402014e-07 0.342020065 -0.939692497 -1.09458176e-06 0.342020392 -0.939692676 -1.34475169e-06 0.342020005 -0.939692318 0 0.342020959 -0.939692438 -6.97025371e-08 0.342020571 -0.93968612 5.78698518e-07 0.342038065 -0.939692378 1.07691596e-06 0.342020661 -0.939692914 5.16301952e-07 0.342019528 -0.939692616 -1.06071525e-06 0.342020065 -0.939692497 -1.03822117e-06 0.342020392 -0.939692497 1.80056205e-07 0.342020512 -0.939692795 8.56331184e-08 0.342019647 -0.939689875 -8.44778879e-06 0.342027694 -0.939686894 1.24802145e-05 0.34203583 -0.958158791 -0.000129477892 0.28623715 -0.939692616 4.70942076e-08 0.342020273 -0.939692199 -2.25241683e-06 0.342021197 -0.939693153 -1.88078772e-07 0.342018574 -0.939692438 3.28525311e-06 0.342020571 -0.939692557 5.98783529e-08 0.342020333 -0.939692378 -6.74219848e-07 0.34202081 -0.939692199 -2.65366748e-06 0.342021346 -0.939692616 2.84950801e-07 0.342020124 -0.939692914 -1.74859315e-06 0.342019558 -0.939692795 1.51307199e-06 0.342019498 -0.939692736 -1.43885302e-06 0.342019856 -0.939692616 7.57644472e-08 0.342020154 -0.939693034 0 0.342019171 -0.939692557 -5.09556855e-07 0.342020243 -0.939692497 -2.76512679e-07 0.342020512 -0.939692497 1.70008138e-06 0.342020601 -0.939695299 -1.33331941e-05 0.342012942 -0.939696372 -2.29277357e-05 0.342009872 0.425360411 -0.892435491 0.150424168 -0.202302933 -0.776617229 -0.596606553 -0.939692497 -3.24122834e-06 0.342020363 -0.939692616 -6.17966507e-05 0.342020094 -0.939689815 -7.55956571e-05 0.342027783 -0.939693809 -4.0480234e-05 0.342016786 -0.106786266 -0.518192112 -0.848571539 -0.449023366 -0.287205815 -0.84610337 2.81314612e-07 0 1 -4.96365965e-06 0 0.99999994 0.000297136023 -0.000228831297 1 0.00109143043 4.12925037e-05 0.999999404 0.000758859853 -0.000239966277 0.999999702 0.00126402336 0.000427980965 0.999999106 0.000435453461 0.000314759789 0.999999881 0.00102825486 0.000438943127 0.999999344 1.54307043e-06 0 1 0.397640884 0.852088809 0.340332836 0.00372513477 0.999985874 -0.00380011182 -0.697008789 -0.00430692453 -0.717049718 -0.258889675 -0.918147802 -0.299968094 0.141256616 -0.973592997 -0.179340929 0.166392177 -0.962349474 -0.21493499 0.331803441 -0.844064713 -0.421261579 0.815864563 0.00330705708 0.57823348 -0.245531932 -0.638257921 -0.729617 0.248767704 0.783790648 0.569022775 0.540359497 0.815768421 -0.206236228 0.0975284949 0.990663886 0.0952533856 -0.148515642 0.977080107 0.152504265 0.993803978 0.046268709 -0.101058893 -0.13852334 0.886425853 0.441656411 0.560673356 -0.806751251 -0.186541721 0.994013786 0.0741915554 -0.0802002326 0.999979317 0.00437151315 -0.00472554797 0.999979198 -0.00437346427 0.00472767046 -0.717378259 0.696683824 0 -0.382679045 0.923881352 0 -0.382688463 0.923877418 0 -0.294436634 -0.955452144 0.0204504821 -0.331096232 -0.942590952 -0.0435619503 -0.362315267 -0.926609218 -0.10061378 0.633036971 0.774012685 0.0129850097 0.629932761 0.776467443 0.0168216508 0.581210911 0.810367405 0.0741517171 0.309015214 0.951057136 0 0.587786794 0.80901593 0 0.58778131 0.809019923 0 2.32864295e-06 0 1 4.07639345e-06 0 1 3.18778689e-06 0 1 0.382677674 0.923881888 4.48651207e-07 0.717375457 0.696686685 0 0.717982113 0.696052194 -0.00361288874 -5.46994806e-06 0 1 -2.50319886e-06 0 1 -2.6045584e-06 0 1 -0.95391053 -0.296366692 -0.0471322648 -0.980499983 0.185754359 0.0641496703 -0.986904919 -0.16058208 -0.0152315553 0.942124844 0.333976597 -0.0293341018 0.955538809 0.275519282 -0.105046444 0.95822835 0.174481049 -0.226616129 -0.317914486 -0.888863027 -0.329928696 -0.773640454 0.625097573 0.103602737 -0.869658411 0.491440445 -0.0466946922 -0.872790813 0.485203207 -0.0530475527 0.0428921953 -0.653004885 0.756138086 0.379061013 -0.880740821 -0.283916056 -0.00510617951 -0.00166318263 0.999985576 -0.0125625934 0.0403235406 0.999107718 -0.00312036392 0.0366228446 0.999324262 0.999657273 -0.019594878 -0.0173599329 0.982661903 -0.138777584 -0.122948632 0.999657214 0.0195958875 0.0173607189 -0.861717761 -0.506984055 -0.0202414058 -0.879906774 -0.471273392 -0.0605416894 -0.858541012 -0.51256007 -0.0137706697 -0.715058148 0.69906497 0 -0.382678002 0.923881829 0 -0.38268742 0.923877895 0 0.732668996 0.662256837 -0.156882226 0.26895684 -0.963073909 0.0122771552 0.248612791 -0.968525171 -0.012277374 0.178334057 -0.979402244 -0.0947009772 -0.219314113 -0.974305809 -0.0512788109 -0.219064951 -0.974375606 -0.0510164388 -0.228135243 -0.97174269 -0.0605833977 -0.988302767 0.14963527 -0.0294445343 -0.985625029 0.168814868 -0.00669189403 -0.991126835 0.0980327502 -0.089762032 -0.347137213 0.93780309 0.00459336024 -0.364054233 0.931205094 0.0179343279 -0.296541095 0.954396009 -0.0345195793 0.295317322 0.950501025 0.0966200903 0.116023779 0.989533722 -0.0857990459 0.0774530619 0.989340246 -0.123316593 0.109890997 0.992671728 0.0502660684 -0.00448905816 0.995078385 0.0989887714 0.274135947 0.959152579 -0.0698269755 -0.164911494 0.982772708 0.0834391415 -0.170693666 0.981325984 0.0886731669 -0.0984060019 0.994868159 0.0235305596 3.26091282e-07 0 -1 -1.0476726e-07 0 -1 4.01212446e-06 0 -1 -0.94446665 0.327645481 0.0251231398 -0.718929052 0.695020974 0.00931776315 -7.68178097e-07 0 -1 0.978558779 0.20361647 0.0310338438 0.978558362 -0.203618288 -0.031033 0.941427946 -0.336966127 0.0129276766 -1.60400782e-06 0 1 -9.56297185e-07 0 1 1.41353064e-06 0 1 0.638486922 0.764507353 -0.0886731222 0.634201825 0.768652081 -0.0834384635 0.676765919 0.723232448 -0.137560204 0.00849320367 0.999953806 -0.00451434683 0.010569552 0.945047975 -0.32676059 -0.00362414191 0.999973238 -0.00635408238 -0.0856046677 0.103636198 0.990924537 -0.0121865096 0.0147516653 0.999816895 0.0121808909 -0.014748998 0.999817073 -0.936816096 0.34855935 -0.0296971332 -0.932614505 0.358282894 -0.0431672856 -0.923429906 0.377336681 -0.0699590668 0.0240535345 0.979854286 0.19825995 0.00391707756 0.998553336 0.0536271743 0.0256170947 0.977479994 0.209466964 -0.956814945 0.288084567 -0.0388890207 -0.939169586 0.336726278 0.0676454008 -0.960794747 0.259749621 -0.0969721898 0.754345536 -0.647858083 0.106031463 0.719962597 -0.691776931 -0.0556651764 0.706085622 -0.700717926 -0.102164581 -0.645235658 0.762095869 -0.0536735877 -0.636307657 0.768465877 -0.0676214546 -0.648216248 0.759881794 -0.0489412583 -0.258685082 0.962644041 -0.0799907744 -0.134805039 0.96627593 -0.219404697 -0.355938792 0.933676302 0.0394476056 -0.342291266 0.939586997 0.00360046839 -0.341443688 0.939898252 0.0027499334 -0.378523976 0.924706638 0.0404620618 -0.240924388 -0.970077872 0.0300734844 -0.27639094 -0.960574687 -0.030073313 -0.306132853 -0.948426068 -0.0822836906 0.744106054 0.664859772 -0.0653260574 0.746756434 0.661361992 -0.0703921989 0.7590276 0.644134223 -0.0946997106 0.613675177 -0.787300646 -0.0596686453 0.510737717 -0.841629028 -0.175520822 0.668737054 -0.743396878 0.0123243937 -0.00524661504 0.999980211 0.00346257421 -0.00069108227 0.956560135 0.291534305 0.000357618002 0.999995351 0.0030098923 -0.00163056876 0.999489665 -0.0319021791 0.0100770546 0.980318844 0.197163492 -0.00203819969 0.999202609 -0.0398776866 0.700661719 0.713005483 -0.0263879783 0.709271371 0.704872489 -0.00942339748 0.687563777 0.724322617 -0.0511162281 0.0219109189 0.9987275 -0.0454233736 0.0480550937 0.996818781 -0.0635850281 -0.0832833499 0.996133506 0.0279624742 -0.0147463754 -0.996670246 0.0801928714 -0.0160569455 -0.991246521 0.131043687 -0.014722812 -0.996742845 0.0792901963 -0.997448266 0.0712480769 0.00453774538 -0.997448444 -0.0712465495 -0.00453771604 -0.997004092 -0.0771934092 -0.00491647096 -0.0543606095 -0.997964323 0.033348497 -0.0534282625 -0.998052955 0.0321837105 -0.0589633621 -0.997494161 0.0390998274 0.685602903 0.680409849 -0.258826375 -0.999749959 0.0145977298 -0.0169389378 -0.992052734 0.0821392164 -0.0953129753 -0.999749959 -0.0145977177 0.0169389844 -0.999749959 0.0145974606 -0.0169386361 -0.992052734 0.0821392164 -0.095312871 -0.999749959 -0.0145980334 0.0169392973 -0.38689965 -0.921953976 0.0175893307 -0.585105598 -0.810931325 -0.00647075893 -0.251136869 -0.967861176 0.0132341748 -0.0888802856 -0.992909849 0.0789310113 0.219807625 -0.971420288 -0.0895951986 0.135222599 -0.989880502 -0.0430291332 0.15556334 -0.000267095369 -0.987825871 0.138382375 0.0202853922 -0.990171134 0.0857640654 0.0824093819 -0.992901385 -0.0534275435 0.998053014 -0.032183148 -0.0543598644 0.997964382 -0.0333478823 -0.0495476387 0.998397529 -0.0273369327 0.262359947 0.964475989 0.0308758318 0.462693393 0.88586843 -0.0339394286 0.0121660959 0.999869585 -0.0106181633 -0.412316501 -0.911016822 0.0065879873 -0.497253537 -0.862226248 0.0964617804 -0.491020352 -0.866528451 0.089596197 -0.259505153 0.965741515 -0.000662144099 -0.258136123 0.966108263 0.000664577703 -0.30683592 0.950594962 -0.0471281037 -0.743925333 -0.665329993 -0.0625391454 -0.745163321 -0.66372633 -0.0647990927 -0.753684938 -0.652263582 -0.0806926787 -0.842484534 -0.538701713 -0.00451472076 -0.907333136 -0.414588422 -0.0697343796 -0.907402992 -0.41294682 -0.0780680403 -0.00464760792 -0.999969244 0.00630316045 -0.00554103032 -0.957558632 0.288185149 -0.00251304451 -0.999956489 -0.00898325164 0.511295855 0.856693149 0.0682149827 0.651086926 0.757422924 -0.0489528216 -0.495811999 -0.868429363 0.000949531037 -0.519911647 -0.853084326 -0.0440337509 -0.545593023 -0.832627773 -0.0951804742 -0.966603398 -0.256266177 -0.00232288055 -0.965234876 -0.26137346 0.00232518534 -0.980085611 -0.188275352 -0.0631225184 0.681549251 -0.711264908 -0.17202577 0.710591316 -0.699756861 -0.0734859407 0.719705343 -0.693369746 -0.0355347618 0.97908628 -0.202314913 -0.0214176793 0.939237177 -0.29270789 -0.179319754 0.904899538 -0.336546183 -0.260563582 0.673848271 0.737920702 -0.0374372229 0.68073976 0.731062829 -0.0462653451 0.748444319 0.647741437 -0.142345369 -1 -7.36347874e-06 0 -0.855765462 0.517364085 0 -0.857852042 0.513735533 0.0128718689 0.999657214 -0.0195965506 -0.0173609219 0.982661605 -0.138778538 -0.122949146 0.999657273 0.01959382 0.0173594281 -0.625002682 -0.763130009 0.164329663 -0.471112609 -0.881776631 0.0228660032 -0.4920187 -0.869629264 0.0407756083 0.155563608 -0.000266836374 -0.987825811 0.138382733 0.0202857349 -0.990171015 0.0857646838 0.0824099779 -0.992901325 -0.27639249 0.96057415 0.0300732143 -0.240925625 0.970077574 -0.0300735757 -0.209093809 0.974427581 -0.0822839364 -0.985996485 0.160277203 -0.0460665114 -0.981758118 0.179774478 -0.0619041994 -0.997137964 0.0711059421 0.0256882571 -0.054360114 -0.997964382 0.03334786 -0.0534277745 -0.998052955 0.032183066 -0.0589628108 -0.997494161 0.0390992761 -0.678825319 0.734299839 -0.000132747591 -0.665763795 0.745842457 -0.0218542535 -0.6383093 0.767037809 -0.0649165064 -0.0122795561 -0.600797176 0.799307168 0.0121170916 -0.942811131 0.333107144 0.0144146904 -0.429571182 0.902917862 -0.939235508 -0.292711407 0.179322779 -0.979085863 -0.202316701 0.0214200411 -0.986806393 -0.134715974 -0.0898036361 0.988195777 -0.153175741 0.00250966521 0.965901315 -0.255712479 -0.0405677892 0.992991447 -0.116874754 0.0175576061 0.979085684 -0.202317774 -0.0214174874 0.939236164 -0.292711467 -0.179319173 0.904898107 -0.336550415 -0.260563374 1.77265704e-07 0 1 7.1556633e-07 0 1 8.71748966e-08 0 1 -0.00455196947 0.995675802 0.0927845463 -0.00459845224 0.995425045 0.0954347327 0.000325420231 0.985776722 -0.168059722 -0.321370631 -0.898510575 -0.298997879 0.717377245 -0.696684957 0 0.382677406 -0.923882008 0 0.382686734 -0.923878133 0 -3.80210622e-05 0 1 4.13615053e-05 0 1 2.62296879e-07 0 1 0.860413611 -0.509532809 -0.00804781634 0.871481001 -0.490363359 0.00804345869 0.725190043 -0.670106888 -0.158291101 0.715058208 -0.69906491 0 0.382678449 -0.923881531 0 0.382687807 -0.923877656 0 -0.999958277 -0.00905324798 -0.00125095504 -1 -3.10198811e-05 -2.09566388e-05 -1 -1.7935803e-05 2.01605217e-05 -2.6756905e-07 0 -1 -8.95556767e-08 0 -1 -0.626892865 -0.738701284 0.247640163 0.148287341 -0.988830745 -0.014982882 0.157698259 -0.987485111 -0.00208766875 0.18849732 -0.98123771 0.0405126177 -0.858172059 -0.51336211 0 -1 8.53220536e-06 0 -1 -3.75171339e-06 0 0.716663539 -0.697360754 0.00902150199 0.0288271978 -0.995948017 -0.0851846561 0.012074911 -0.999061286 0.0416038707 0.0303200744 -0.994862318 -0.0965907648 0.0119660357 0.444586068 -0.895656168 -0.00385525427 0.0916054323 -0.995787919 -0.0116157653 0.600621641 -0.799449027 -0.0122698871 -0.445034742 -0.895429254 0.00377247878 -0.0926087797 -0.995695472 0.0114530688 -0.600161314 -0.799797058 -0.0283731967 -0.99514538 0.0942369699 -0.0103623755 -0.99912715 -0.0404670499 -0.0299724527 -0.993881762 0.106305115 -0.769353569 0.638696611 -0.0127189048 -0.791231871 0.610471964 0.0357220359 -0.820924222 0.55934757 0.114950702 -0.695481837 0.714007437 0.0806132779 -0.702073932 0.702070832 0.119116902 0.860408068 -0.509542048 -0.00804609619 0.871474206 -0.49037537 0.0080421539 0.725183666 -0.670115948 -0.158282325 0.69303304 0.719356358 -0.0472399145 0.747426033 0.650344074 -0.135671675 0.667946637 0.744124532 -0.0112224296 0.274138302 -0.959151745 0.0698296875 0.51129657 -0.856692612 -0.0682169944 0.109892182 -0.992671669 -0.0502660424 0.99445498 -0.105162203 0.000322964828 0.995219529 -0.0974823907 0.00593198044 0.994766593 -0.101996735 0.00599432737 0.669600606 0.742276132 0.0257153083 0.675097108 0.737672329 0.00913301297 0.678029954 0.735034227 0 0.978563845 -0.000850758981 0.205941975 0.99978888 0.00601548003 0.0196503643 0.999682426 0.00584971625 0.0245128833 -0.00987033639 0.981126845 -0.193112776 0.00987024233 0.981126487 0.193115175 -0.0103817824 0.979098916 -0.203119308 0.818196952 -0.569103062 0.0817033723 0.936079919 -0.34132731 -0.08514826 0.919601321 -0.389328301 -0.0525056608 -1.46368245e-06 0 1 -8.77281309e-06 0 1 5.42960059e-08 0 1 -0.503446162 0.86401093 -0.0052009034 -0.025180757 0.999682546 0.000896767306 0.0303745549 0.999538243 0.000857826846 -1.79923578e-08 1.73540025e-06 -1 0 2.84867474e-06 -1 0 1.69308839e-06 -1 0.998972416 0.021378126 -0.0399635173 0.993918478 -0.0519497469 0.0970939845 0.960643232 -0.131045267 0.244931996 0.0265133474 -0.767981112 -0.639923453 -0.0180687867 -0.455333054 -0.890137851 0.0136828991 -0.418293774 -0.908208728 -0.034845762 -0.999392748 0 -0.286803514 -0.957989454 0 -0.286801547 -0.957989991 0 -0.658711195 -0.747157156 0.0886327848 -0.855920196 -0.516958952 0.0124129197 0.796023369 0.604065597 0.0380993225 0.81683284 0.576842546 0.00607316475 0.902780533 0.388549238 -0.184436515 0.693031549 0.719357848 -0.0472393259 0.74742353 0.650347352 -0.135669991 0.667945862 0.744125307 -0.0112224696 -0.999935031 -0.0113742705 0.000713754562 -0.999935031 0.0113744047 -0.000713753165 -0.99992305 -0.0123765962 0.000776651723 -0.138384044 -0.0202820823 -0.990171015 -0.155559331 0.000270849036 -0.987826467 -0.207182407 0.0628748685 -0.976279855 -3.28725127e-06 1 0 0.309022009 0.951054871 0 -0.887928963 0.330233216 -0.320200354 0.975804627 0.218639329 0.00149323884 0.970461488 -0.239856809 0.0259480756 0.970455587 -0.24007532 0.024078358 -0.656280994 0.726032495 -0.20535858 0.710317373 -0.703837514 -0.00787165947 0.712022841 -0.702130437 -0.00603260752 0.813584447 -0.568752348 0.120834641 1.01589842e-06 0 -1 4.27049008e-06 0 -1 -3.62699188e-06 0 -1 -0.425607651 -0.904802501 0.0138064027 -0.383177042 -0.92122972 0.0671652779 -0.29121986 -0.94061023 0.174479991 -0.000769951148 0.998137355 -0.0610013679 0.000769893755 0.998137236 0.0610035062 -0.000782363233 0.998076737 -0.0619848035 0.347049356 -0.93400234 -0.0848311931 0.336015701 -0.937065959 -0.0948727876 0.17423594 -0.95689851 -0.232351094 0.176415265 0.979869604 0.0934512764 0.217450395 0.974915445 0.047489427 0.306680888 0.95013237 -0.0565270446 -0.221561715 -0.952187896 -0.210353404 0.289613575 -0.95315367 -0.0873040631 -0.0708508044 -0.997258306 0.0213573575 0.187031299 -0.980734646 -0.0563808009 0.580212593 -0.808960199 -0.0945336819 0.501686692 -0.865047336 -0.00188176939 0.498307824 -0.866998136 0.00188174867 0.138380423 -0.0202831402 0.990171492 0.155558094 0.000269937096 0.987826765 0.207188785 0.0628750324 0.976278424 -0.93987143 0.303364724 -0.156880409 -0.873512745 0.486663669 -0.0115736453 -0.858223379 0.513145864 0.011578232 0.867891967 0.495419234 -0.0363774672 0.874241412 0.483206421 -0.0470485985 0.822657228 0.567745626 0.0300012473 -0.014791918 -0.554497242 -0.832054138 0.0143624442 -0.347582489 -0.937539399 0.0188149698 -0.672634423 -0.739735723 0.0124209169 0.601244748 0.798968434 -0.0121985823 0.942824781 0.33306545 -0.0139405895 0.429192424 0.903105497 -0.93261224 -0.358288676 0.0431686044 -0.936815023 -0.348562241 0.0296980459 -0.945100486 -0.326779753 0 0.839428544 0.522925496 0.148016289 -0.0240966454 0.996466637 -0.0804585144 -0.026065629 0.991531253 -0.127225459 -0.0240377616 0.996578634 -0.0790764689 1.19705976e-06 0 1 4.58240538e-06 0 1 1.5428335e-06 0 1 0.0019067009 -0.999302149 -0.037304841 -0.00190667727 -0.99930203 0.0373059995 0.00203819969 -0.99920249 -0.0398776866 5.34162064e-06 -1 0 -0.38268742 -0.923877895 0 -0.382678002 -0.923881829 0 -0.543227196 -0.797271371 0.263177723 -0.427590728 -0.895522177 0.123313628 -0.394283623 -0.914975107 0.0857961029 -0.00870105252 -0.0880183131 0.996080875 -0.00658843387 -0.0028389201 0.999974251 -0.00590345776 -0.0348545797 0.999374986 0.867587686 -0.497280806 -0.00182316091 0.866209149 -0.499665737 -0.00397364004 0.942210138 -0.290134966 0.167516246 0.195134163 0.218444198 -0.956140578 0.0271347761 0.0303755701 -0.999170184 -0.0271347109 -0.0303769503 -0.999170065 -0.814233124 0.580538094 1.63150435e-06 -0.587783694 0.809018075 3.12255821e-07 -0.58778882 0.80901444 0 0.877087831 0.444641799 -0.181688577 0.966157794 0.257918149 0.00415304909 0.838954329 0.523080587 -0.150141031 0.588863611 0.693888128 0.414438069 0.878945351 -0.457368076 -0.135164618 -0.669601619 -0.74227494 0.0257223956 -0.675097585 -0.737671971 0.00913554896 -0.678029954 -0.735034227 0 -0.00155957986 0.000309086347 -0.999998748 -1.95666672e-07 1.44988198e-05 -1 -0.00250397017 0.14092432 -0.990017235 0.97006017 -0.237547815 0.0505407415 0.817763925 -0.575524688 0.0057920469 0.817148089 -0.576427698 0 -0.231604502 -0.96397239 -0.130830631 -0.247222126 -0.962356031 -0.112924762 -0.185483634 -0.965564191 -0.182432488 -0.894565701 0.385010689 0.226977825 0.284779936 -0.916553319 -0.280767649 0.937679589 0.128007814 -0.323064893 -0.00203495636 0.994217992 0.107361607 0.00203495799 0.994218707 -0.107354276 0.00207754713 0.993973494 -0.10960114 0.746791124 -0.657384932 0.100737795 0.509868383 -0.860161185 0.01252928 0.505363584 -0.862894833 -0.00447720429 0.00130305532 -0.997608423 -0.069106251 -0.00130310608 -0.997607887 0.0691140667 0.00133462367 -0.997491002 -0.0707805008 0.980896294 -0.14344731 0.131397501 0.983440518 -0.1780653 0.0337275416 0.981871545 -0.189547151 0 -0.00203495706 0.994218886 0.107353009 0.00203502434 0.994218409 -0.107357509 0.00207761419 0.993973136 -0.109604321 -0.994236529 0.00342850038 -0.107153557 -0.994011104 0.00346753024 -0.109224014 -0.995910168 -0.000322347099 0.0903482884 -0.669176877 -0.742474139 0.030569246 -0.675435364 -0.737361252 0.00924774446 -0.678041756 -0.735023379 -5.49983997e-06 -0.0100772278 0.980318904 -0.197163433 0.00163060823 0.999489665 0.0319041051 -0.0103817759 0.979098439 -0.20312202 0.738551259 0.629013717 -0.242659584 0.669819236 0.741027057 -0.047128018 0.769164443 0.639015913 0.00669418834 0.781072676 0.623745382 0.029447576 0.733328164 0.677632332 -0.0551738515 -0.686242461 0.727372885 0 -0.499999642 0.866025627 0 -0.500003338 0.866023481 0 0.74886173 -0.659246325 0.067826055 0.733009815 -0.680007219 0.0169328302 0.720018506 -0.693666697 -0.019996332 0.666210532 0.722211242 -0.185942069 -0.753748715 0.644639969 0.127680361 -0.717814088 0.692647099 -0.0705899522 -0.70495975 0.699601471 -0.116573445 0.748861253 -0.659246862 0.0678255782 0.733008444 -0.680008709 0.0169329345 0.720016599 -0.693668723 -0.0199957564 -0.733006001 -0.680011392 -0.016932819 -0.748865545 -0.659242332 -0.0678231046 -0.757527232 -0.645177126 -0.0994931981 0.0303771589 -0.999538183 -0.000861615175 -0.0251793191 -0.999682486 -0.000899804814 0.733005583 0.680011928 -0.016932074 0.748864293 0.659243703 -0.0678239018 0.757525504 0.645178914 -0.0994949192 -0.0908850133 0.995625317 -0.021683624 -0.0430061445 0.99774158 -0.051597245 -0.284383982 0.953283668 0.101862334 -0.738550127 -0.629014015 -0.242662475 0.666210353 0.722211063 -0.185943216 0.997711122 0.0571896099 0.0360827111 0.969290078 -0.207981497 -0.131226495 0.997916818 0.0545610636 0.0344242342 -0.25285539 0.943659365 -0.213473991 -0.199611291 0.973024786 -0.115663379 -0.0658280104 0.991984665 0.107856981 0.738550901 0.629014254 -0.242659464 -0.00987033639 0.981126606 -0.193114117 0.00987015758 0.981126487 0.193115145 -0.0103817796 0.979098678 -0.203120679 -0.513109624 -0.858227849 -0.0127837975 -0.753756166 -0.651645958 -0.0849069729 -0.757411778 -0.644325852 -0.10569565 -0.748861492 0.659246802 0.0678246915 -0.733008385 0.680008888 0.0169304982 -0.72001636 0.693668962 -0.0199992824 -0.887928188 0.330232948 -0.320202768 0.733005583 0.680011749 -0.0169324391 0.748865128 0.65924263 -0.0678247511 0.757526755 0.645177186 -0.0994960591 3.28605074e-06 -1 0 -0.309022248 -0.951054811 0 -0.309015393 -0.951057017 0 -1.172525e-06 0 -1 -0.987537444 0.152610332 -0.0384678096 -0.987537861 -0.152607575 0.0384693854 -0.959626079 -0.280653119 -0.0187550187 -0.00190678774 0.99930203 -0.0373076946 0.00190676446 0.99930203 0.0373064429 -0.00203829259 0.999202371 -0.0398806557 0.0098703308 -0.98112613 -0.193116739 -0.00987015385 -0.981126308 0.193115875 0.0103817731 -0.979098141 -0.203123391 -0.959760308 0.259010166 -0.108507462 -0.998787642 0.00205051061 0.0491845086 -0.993875802 -0.00709386077 -0.110275038 -0.815092862 -0.579286695 -0.00711145205 -0.98645395 0.151776448 0.0622301474 -0.984840572 0.170587972 0.0314442329 -0.981871665 0.189546719 0 0.155561447 -0.000275389204 -0.987826169 0.138383299 0.0202780087 -0.990171134 0.0857755691 0.0824024603 -0.992901027 0.987900674 -0.116480403 -0.102394104 0.93761009 -0.261136204 -0.229554296 0.975811899 0.20746623 -0.0689118132 0.894430876 -0.446576685 -0.0237193163 0.850570381 -0.525829554 -0.00577061391 0.662164152 -0.748352945 0.0388154164 0.014789897 0.554496109 -0.832054853 -0.0143626342 0.347582817 -0.937539279 -0.018815482 0.672634661 -0.739735484 -0.983439207 -0.178072333 -0.0337278992 -0.980895936 -0.143448487 -0.131398708 -0.978320003 -0.133556858 -0.158280432 0.999091566 0.0425237194 -0.00277290866 0.999091566 -0.0425244272 0.00277240761 0.998928666 -0.0461760573 0.00301050162 0.016590124 0.999357462 -0.0317692012 0.131405771 0.957984805 0.254946381 0.10089016 0.978894472 0.177726731 0.0983982384 -0.994705021 -0.029661268 -0.132675111 -0.990352213 0.039997112 0.0342188478 -0.999361157 -0.0103140157 -0.992025316 0.122689143 -0.0288630016 -0.995545864 0.094012551 -0.00707968883 -0.92887485 0.322125763 -0.182829186 -0.9999668 0.00074591313 0.00811887439 -0.98491329 0.173026755 -0.00273368927 -0.999939203 -0.00692502921 0.00859639421 0.710217714 0.684227467 -0.165600806 0.703790307 0.700114012 -0.120497175 0.700724423 0.706078351 -0.102169394 0.484395206 -0.874305487 -0.0308421962 0.687237859 -0.725028753 0.0451388583 0.394610763 -0.916859925 -0.060416989 -0.673785388 0.738878012 -0.00852199923 -0.671067774 0.741265535 -0.0139089199 -0.666612744 0.745060921 -0.0226201229 -0.738551497 -0.629013538 -0.242659673 -0.738547802 -0.629017532 -0.242660582 6.01155762e-06 0 -1 4.91136734e-06 0 -1 0.781072259 -0.623745978 -0.02944679 0.769163609 -0.639016926 -0.00669313455 0.809318721 -0.580469847 -0.0897663161 -0.666209936 -0.722211778 -0.18594189 0.312328666 0.949137926 0.0398485363 0.34018901 0.940273643 -0.0125266975 0.363546222 0.929751098 -0.0582848527 -0.28680402 0.957989275 -5.08653315e-08 -0.0348488688 0.999392629 -3.54408712e-07 -0.0353072546 0.999373019 0.00264058658 -0.985625029 -0.168814778 0.00669209938 -0.988302767 -0.149635196 0.0294449236 -0.973897994 -0.220178381 -0.0551750809 0.514977336 0.857141793 -0.0103096385 0.752650797 0.652193904 -0.0903323442 0.754743993 0.647051036 -0.108103596 -0.999682426 0.0160860624 -0.0193967782 -0.988206685 0.0977488607 -0.117866829 -0.999682426 -0.0160860624 0.0193967782 0.667946458 -0.744124591 0.0112228356 0.58816576 -0.803678155 -0.0903460607 0.693032444 -0.719357014 0.0472395308 0.953145862 0.289611459 -0.0873952582 0.986905336 -0.160579711 0.0152307255 0.980499029 0.185759053 -0.0641499609 0.972005904 0.0961438119 -0.214384884 -3.23109271e-06 0 -1 -0.00311915413 -0.0798924416 -0.996798635 -0.976772487 0.208055094 -0.0512697995 -0.976671576 0.208430097 -0.0516668409 -0.97156471 0.226066381 -0.0703979284 -0.956467807 0.258517325 -0.135417953 -0.959253967 0.252429843 -0.126929268 -0.970031798 0.225707039 -0.0899699032 -0.312378198 -0.931217194 -0.18776153 -0.386498541 -0.917128086 -0.0974420235 -0.17782563 -0.925692081 -0.333874583 0.709269166 0.704874814 -0.00942331273 0.700660765 0.713006377 -0.0263885614 0.722480893 0.691159666 0.0178785715 -0.253362894 0.937180579 -0.239790738 -0.676493049 0.728932261 0.104951695 -0.714920223 0.692314029 -0.0979300961 -0.665991187 0.732232869 0.142445803 0.52320528 -0.835805118 0.166391358 -0.00793447811 -0.00948304776 0.999923527 0.00793435145 0.00948979799 0.999923527 0.0551837049 0.065981321 0.996293724 0.8140679 -0.566231132 0.129134044 -0.941428781 0.336964011 0.0129292123 -0.716663718 0.697360396 0.00902164727 0.367644191 -0.929873407 0.0131604653 0.359639704 -0.933081388 0.00429836428 0.290003866 -0.954432607 -0.0704010129 -0.8887766 0.428321421 -0.163146287 -0.83804059 0.54332608 -0.0498485677 -0.837472498 0.544294655 -0.0488178767 -0.61167866 0.720756888 -0.326126873 0.463582367 0.880050182 -0.102970377 0.470232427 0.875700235 -0.10968408 0.406608224 0.912394404 -0.0469698533 -4.86283307e-06 -1 0 -0.978559017 0.203615412 -0.0310324617 -0.978559315 -0.203613833 0.0310349166 -0.941429019 -0.336963415 -0.0129276719 -0.715055287 -0.699067891 0 -0.716661572 -0.697362661 -0.00902174693 -0.0534282774 0.998052955 -0.0321835466 -0.0543605797 0.997964323 -0.0333481766 -0.0495485216 0.998397529 -0.0273378156 0.687718987 0.725958645 -0.00516789127 0.605581105 0.788289011 0.108958922 0.847730458 0.530424654 0.00166609453 0.143081307 -0.0102810171 0.989657521 0.150020987 -0.0014508079 0.988681734 0.171181813 0.0256271847 0.984906137 -0.940672457 -0.339031696 -0.0138879251 -0.977836132 -0.207230017 0.0298686698 -0.716661811 -0.697362483 -0.00902156252 7.34057551e-07 0 -1 -0.0113501288 0.0251040012 -0.999620378 0.000507991936 0.080396466 -0.996762872 0.665119588 -0.735812724 -0.127261668 0.564272761 -0.825317383 0.0211535934 0.513416469 -0.853883803 0.0853576288 0.144140035 0.984330833 0.101569973 0.13606751 0.98473829 0.108517513 0.220388412 0.974796414 0.0346537195 -0.934715569 -0.35514006 0.0135016628 -0.934317827 -0.356146514 0.0144871976 -0.954090953 -0.296445251 -0.04278652 -1.62480173e-05 0.999998927 0.00148786535 -0.00228590961 0.977843285 0.209325626 -0.00230155373 0.977535427 0.210758179 -0.00869602337 -0.120950982 0.992620409 0.0295866225 -0.42044434 0.906835854 0.708375871 0.700199366 -0.0890198201 0.731943905 0.669697225 -0.125553623 0.799381495 0.544652641 -0.25365904 0.706602097 0.707610846 -0.000664975378 0.707604825 0.706607997 0.000662449631 0.669819593 0.741026819 -0.0471276008 -0.301637828 0.952177763 0.0487029031 -0.300801754 0.952390254 0.0497111715 -0.306896925 0.9508003 0.0423440598 -0.765441775 -0.640591562 0.0611660555 -0.697404861 0.715901256 0.0333452933 -0.698101461 0.715275288 0.0321807191 -0.693941593 0.718969107 0.0390952863 0.00987034198 -0.981127203 -0.193111509 -0.0098701613 -0.981127024 0.193112165 0.0103817852 -0.979099274 -0.203117937 -4.86283307e-06 1 0 0.382686734 0.923878133 0 0.382677406 0.923882008 0 -0.364561856 0.930713534 -0.0294437408 -0.346613079 0.937984347 -0.00669043511 -0.410664409 0.907357097 -0.0897654518 -0.956657887 0.0970365331 -0.274571538 -0.935134351 0.196070552 -0.295093387 -0.771529436 0.479364872 -0.418272227 -0.906039596 0.35140276 -0.235814124 0.00564835733 0.950693727 0.310079962 -0.00752794323 0.953377008 0.301688075 -0.00976305269 0.58526516 0.810783148 0.00788567401 0.567213476 0.823533058 -0.00235620188 0.164879203 0.986310899 0.00419490691 0.0865575597 0.996237993 0.00661271904 -0.738553941 -0.674161971 0.00722753443 -0.736342549 -0.676570356 0.00717704603 -0.736524522 -0.676372886 0.00652477052 -0.738869667 -0.6738168 0.961510837 0.210775301 -0.176268905 0.983920574 0.126288846 -0.126298696 -0.0201568324 0.249947846 0.968049467 -0.00261194515 0.0762760639 0.997083306 0.00206245761 0.0216062963 0.999764442 0.00794571266 0.826127112 0.563427746 0.0232451074 0.791817129 0.6103158 0.0122917173 0.937572539 0.347572774 0.00930663943 -0.704137504 -0.71000272 0.00198986311 -0.67218709 -0.740378618 0.00849776901 -0.70067054 -0.713434339 0.00136199477 -0.669383645 -0.74291563 -0.00161182845 0.999312699 -0.0370337963 -0.00342954579 0.998736978 -0.0501274876 -0.00138401554 0.999372482 -0.0353924632 -0.708963752 0.700061262 0.0853503048 -0.719002306 0.676213503 0.160533413 -0.723218262 0.657647192 0.21084483 0.587785542 -0.809016764 0 0.587790787 -0.809012949 0 -0.789566934 0.612942159 0.0297651663 -0.771291971 0.63642925 -0.00815354846 -0.727398098 0.680654764 -0.0871853232 -0.00237031933 0.00297375466 0.999992788 0.0048429477 -0.00419510342 0.999979496 0.00205384428 -0.0359880589 0.999350071 -0.507466972 -0.861655414 0.00520791672 0.966686308 -0.252682239 -0.0408561826 0.953048289 -0.297469258 0.0566657707 0.969352603 -0.227216914 -0.0934242308 0.155561253 -0.000275581755 -0.987826228 0.138383031 0.0202777479 -0.990171194 0.0857751071 0.0824020132 -0.992901087 -0.0436749086 0.998977125 -0.0117108803 -0.0532504767 0.998017907 -0.0335350446 -0.0385276154 0.999257565 0 -0.241506949 0.951536894 0.190399379 -0.216900513 0.962592006 0.162390411 -0.0983872637 0.994720459 0.0291728042 -0.674783647 0.737731218 -0.020486949 -0.6656636 0.745383024 -0.0360027999 -0.646963775 0.759614527 -0.0665100664 0.028827399 -0.99594748 -0.0851908401 0.0120750358 -0.999061286 0.0416028462 0.0303202942 -0.994861603 -0.0965974927 0.004619129 0.999979734 0.00439780205 -0.00362468604 0.999991238 0.00208066916 -0.997448266 0.0712480769 0.0045377179 -0.997448444 -0.0712465495 -0.00453771744 -0.742479801 -0.669073522 0.0326247215 -0.724153638 -0.689580142 -0.00898210704 -0.75973314 -0.645752072 0.076221399 0.669600427 0.742275953 0.0257223397 0.675097108 0.73767221 0.00913551915 8.67998153e-08 0 1 8.89506509e-07 0 1 2.90021291e-07 0 1 -0.00229271175 -0.999993443 0.002809308 -0.000398775504 -0.999988317 0.00480391597 -0.00355105894 -0.999993563 0.000365489192 0.817330241 0.576153994 -0.00422742916 0.974233031 0.216465935 -0.0633442849 0.974229455 0.214845851 -0.0686897337 -0.939870119 0.303368062 -0.156882137 -0.873510599 0.486667573 -0.0115745394 -0.858221173 0.5131495 0.0115772039 -0.58778131 -0.809019804 0 -0.814233363 -0.580537856 0 -0.700472832 -0.713568211 -0.0125792781 -0.71356231 -0.700478971 0.0125734536 -0.679868102 -0.731645286 -0.0497451387 2.4090682e-06 0 -1 -1.29934176e-06 0 -1 3.64192988e-06 0 -1 2.73247406e-06 1 0 -6.66674896e-06 1 8.85390961e-08 0.441075355 -0.846534967 0.298045605 -0.354476005 -0.906555712 -0.229136437 -0.460724682 -0.881290197 -0.105168276 -0.535955906 -0.844231427 -0.00495611643 -0.714301884 0.699735641 0.0119522456 -0.699734271 0.714303136 -0.0119546168 -0.652130187 0.753527522 -0.0832015797 -0.0105590345 -0.943726838 -0.330557406 0.000822759641 -0.821415365 -0.570329845 0.00550613692 -0.956213772 -0.292617202 -0.385057986 -0.9208709 0.0610510819 -0.419041574 -0.907726109 0.0209124573 -0.512999952 -0.852649331 -0.0990965366 0.983720243 0.176581785 -0.0333680585 0.98308605 0.145222753 -0.111588873 0.981204867 0.133952677 -0.138901293 -0.769353032 0.638697326 -0.0127179511 -0.791231096 0.610472977 0.0357214436 -0.820923328 0.559349477 0.114947505 -0.258136362 -0.966108263 -0.00066752889 -0.259505332 -0.965741515 0.000659222249 -0.209574342 -0.9766559 -0.0471343733 0.423628986 0.894605815 0.142193168 0.4975577 0.865391433 0.0594469234 0.648358762 0.747782588 -0.143011019 0.998927414 0.0462376326 0.00247638603 0.999260366 0.0383375064 0.00298703671 0.999274731 0.0379582159 0.00301154447 0.981432676 -0.07066001 -0.17831707 0.977427602 -0.143644542 -0.154924139 0.820227146 -0.565297425 -0.0875572637 -0.0124345059 -0.953396678 0.301463336 0.0210770126 -0.885901451 0.463394344 -0.014077357 -0.572795689 0.819577277 0.0107668824 -0.246165484 0.969168007 -0.00380809535 -0.0867659748 0.996221423 0.0138759976 0.733279347 -0.679785907 -0.00455977675 0.648743272 -0.760993659 -0.00298638851 0.656326652 -0.754470944 0.0159093831 0.742022395 -0.670186341 -0.956787944 -0.280974358 -0.0749009848 -0.940027535 -0.293807149 -0.173278585 -0.77131325 -0.415584356 -0.482043058 -0.923671663 -0.201554418 -0.325893432 -0.964156449 -0.0776207298 -0.253727198 0.00138009153 -0.587318063 0.809354961 0.0028349238 -0.0834712684 0.996506214 -0.00792434532 -0.197523743 0.980266094 -0.00680775847 -0.671221495 0.741225541 0.0127356891 -0.962987244 0.269245893 -0.000479282491 -0.956514597 0.291684151 -0.00040390683 0.447857946 -0.8941046 0.037080761 0.690405369 -0.722471714 0.0084995795 0.211782634 -0.977279842 -0.425296813 -0.882482827 -0.200865105 -0.52676326 -0.846000075 -0.0824882686 -0.559682012 -0.827752769 -0.0397671349 -0.980459273 -0.18835032 -0.0567784943 -0.980733216 0.187038302 0.0563828647 -0.997258067 -0.0708530173 -0.0213587917 -0.723282456 0.689817786 0.0318407305 -0.761115789 0.63793695 0.117214143 -0.689819932 0.723280251 -0.0318459645 -0.702817857 0.711316824 -0.00868203584 -0.7113114 0.702823341 0.00868271105 -0.729333162 0.68247968 0.0479015186 -0.716310382 -0.688930988 0.110786133 -0.697124064 -0.716770291 -0.0160743557 -0.71860832 -0.682139575 0.135232374 0.00248067454 0.948898017 -0.315573186 -0.00394570548 0.813634813 -0.581362963 -0.00558557967 0.952328086 -0.305024803 0.990255952 -0.136040106 0.0297706835 0.986173034 -0.165518627 -0.00814882107 0.970272779 -0.225765988 -0.0871808454 -0.170696422 -0.98132509 -0.0886779428 -0.164913267 -0.982771993 -0.0834433138 -0.224480435 -0.96472013 -0.137562945 -0.085605152 0.103636786 0.990924358 -0.0121870022 0.0147522651 0.999816895 0.0121803964 -0.0147483991 0.999817073 -0.00503668981 -0.999977648 0.00439498527 0.0126327621 -0.999884963 0.00839513727 0.92238301 -0.249366477 -0.295001835 0.667945862 -0.744125307 0.0112220841 0.5881657 -0.803678036 -0.0903479978 0.693031549 -0.719357848 0.0472392142 0.382686615 0.923878193 3.6008754e-07 -0.0283732247 0.995145977 -0.0942304209 -0.0103628682 0.999127388 0.0404614061 -0.0299724452 0.993882477 -0.106297508 0.00603610929 -0.999077916 -0.0425080061 -0.00603597891 -0.999077976 0.0425062105 0.00723644625 -0.998674393 -0.0509610362 0.887928545 -0.330233067 -0.320201546 -0.730208635 -0.683163404 -0.009118977 -0.749468625 -0.661028802 0.0365760438 -0.708719909 -0.703347504 -0.0549401306 -9.31428417e-07 0 -1 1.11238353e-06 0 -1 1.96222481e-06 0 -1 -0.011188522 -0.943312049 -0.331718504 0.00588690117 -0.957928836 -0.286945462 -0.00221455027 0.139883265 0.990165472 0.02846344 0.119924247 0.992374897 -0.0202734452 0.420543253 0.90704596 -0.999990702 0.00107180595 -0.00418151123 -1 -3.15641887e-06 0 -1 -1.60053014e-06 0 -0.303374887 -0.939867377 -0.156885564 -0.486667454 -0.873510599 -0.0115758898 -0.513147891 -0.858222187 0.0115757165 -0.00243099243 -0.948959827 -0.315387785 0.00395334698 -0.813631117 -0.581368089 0.00562548544 -0.952339292 -0.304988921 0.985918939 0.0981488451 0.135390013 -0.00673847226 -0.999968231 -0.00424866658 -0.000398113305 -0.999999285 -0.00112586503 -0.965636194 -0.207208574 -0.15688017 0.0207733363 0.667623162 0.744209528 -0.0223261248 0.802501678 0.596231878 -0.0154524473 0.554753602 0.831871152 -0.855767608 -0.517360389 0 -1 4.99410271e-06 0 -0.00521421107 0.999449551 0.0327628925 -0.666657507 0.741434216 -0.0764398724 -0.657809913 0.747573555 -0.0917603597 -0.642595768 0.757196426 -0.117150299 -0.997045696 -0.0474719629 -0.0603843816 -0.99979037 0.0126567641 0.0160968881 -0.977671444 -0.129875928 -0.165198803 0.35447517 0.906555653 -0.229137897 0.460724831 0.881290019 -0.105169125 0.535956562 0.844231009 -0.00495660724 0.934168935 -0.356336027 -0.0187903941 0.935776412 -0.352294028 -0.0145409647 0.954732656 -0.293986499 0.0453592688 -0.987214804 -0.158735886 -0.0144882305 -0.987056077 -0.159806192 -0.0135027217 -0.992724717 -0.0981952101 -0.0696812198 -0.932231486 0.300909758 -0.200991824 -0.888677716 0.455975413 -0.0483585559 -0.83923018 0.541621685 0.048360642 0.0150761632 0.0773439705 -0.996890485 -0.00307500432 0.0937717631 -0.995589077 -0.0176954642 0.283693582 -0.958751619 -0.936932743 -0.344392657 -0.0595877171 -0.936816692 -0.344779313 -0.0591747649 -0.941619098 -0.327687502 -0.077294752 -0.895308495 0.272040546 0.352727264 0.0100981016 -0.99031496 -0.138471454 -0.00188567222 -0.998024225 0.0628021955 -0.00297153601 -0.987045944 0.160410106 3.90902727e-07 0 1 -5.23611163e-08 0 1 -1.07160497e-06 0 1 -0.0146810943 0.675282955 -0.737412691 -0.00751762232 0.644350052 -0.764693797 -0.0138678718 0.671825349 -0.740579784 -0.0586647466 -0.993615091 -0.0963713303 -0.0972970948 -0.995236874 -0.00607680017 -0.0381295085 -0.988920569 -0.143465087 -0.698101997 -0.715274751 -0.0321808457 -0.697405159 -0.715900958 -0.0333452635 -0.70098412 -0.712652802 -0.027336169 0.000307248847 -0.00298031652 -0.99999547 -0.0120633394 -0.0115601216 -0.999860346 -0.000294191879 -0.012203767 -0.999925494 0.0592391044 0.993306696 -0.0991591588 0.098778069 0.995081186 -0.00750274491 0.0381082892 0.988373518 -0.147191852 -2.38340931e-07 0 -1 -1.33282208e-06 0 -1 0.00987034291 -0.981127143 -0.193111584 -0.00987016782 -0.981127441 0.193110138 0.0103817871 -0.979099274 -0.203117967 -0.903116047 -0.313189209 -0.293758392 0.952143133 0.173370838 -0.25172618 0.987996459 0.053230837 -0.145015225 0.986857653 0.0591827929 -0.150363952 0.715055168 0.699068069 0 0.716661334 0.697362959 -0.0090216333 -0.0740203857 0.991619945 -0.105881028 0.354566187 0.934467018 0.0324696153 0.0548104011 0.996305227 -0.0661195517 0.99658972 -0.0179765541 -0.0805336758 0.994407594 -0.105609871 6.3228661e-05 0.994906902 -0.100698471 -0.00449052081 0.699564397 0.714464068 0.012277944 0.714457929 0.699570656 -0.0122772558 0.759019077 0.64414376 -0.0947034433 -0.544007242 0.809607565 0.220434919 1 -7.07927848e-06 6.49387803e-05 1 -1.90263981e-05 3.11537806e-05 0.999951184 -0.00947923027 0.00278390152 -0.686241627 -0.727373719 0 -0.842055738 -0.539390624 0 -7.46437934e-08 1.15297087e-06 -1 4.71680835e-07 3.55462277e-07 -1 -1.87331452e-07 3.11797208e-07 -1 0.677707255 -0.734952867 -0.0236063618 0.660088837 -0.747279942 -0.0765205175 0.652854145 -0.751312196 -0.0964955613 -2.64625692e-06 0 1 1.49033372e-06 0 1 -4.16755347e-06 0 1 0.999657273 -0.0195943117 -0.0173598565 0.982662201 -0.13877587 -0.122948341 0.964802027 0.26038307 -0.0368463695 -0.660090327 -0.74727869 0.0765206665 -0.677716613 -0.734944165 0.0236065872 -0.684859812 -0.728674829 0 0.994013786 0.074193202 -0.0801986009 0.999979317 0.00437205192 -0.00472594099 0.999979317 -0.0043730312 0.00472699106 -0.00987034198 0.981127203 -0.193111554 0.00987016503 0.981127381 0.193110704 -0.0103817852 0.979099274 -0.203117937 0.00112241041 0.000472323591 0.999999285 0.309013039 -0.951057851 0 0.309018761 -0.951055944 0 -0.00203502504 -0.994218409 -0.107357226 0.00203488721 -0.994217694 0.107363716 0.00207747635 -0.99397248 0.109610647 6.62306957e-06 0 -1 -0.499995977 -0.866027713 0 -0.686241984 -0.727373362 0 0.668739915 0.743394315 -0.0123226801 0.747426391 0.650344372 -0.135669366 0.613677025 0.787299037 0.059670832 -0.735815585 -0.66511637 -0.12726216 -0.825315833 -0.564274848 0.021156732 -0.853880346 -0.513421655 0.0853614956 4.15448426e-07 0 1 -3.47315677e-07 0 1 2.11283532e-06 0 1 -0.0263842884 0.767212331 -0.640850365 0.0181008242 0.455075502 -0.890268803 -0.0139768589 0.418324441 -0.908190131 -0.96668607 0.252682954 -0.040858835 -0.953048587 0.297469437 0.0566608012 -0.969352186 0.22721833 -0.093424812 -0.709265709 -0.704878271 -0.00942346826 -0.700656891 -0.713010252 -0.0263888426 -0.72247833 -0.691162467 0.0178785101 0.261013806 0.95695436 0.126925588 0.25434947 0.957584977 0.135415465 0.216819584 0.959048927 0.182248816 -0.637587786 0.770307302 0.0104137138 -0.611684918 0.790424407 -0.0327230953 -0.559563696 0.821252346 -0.111503661 0.061973501 -0.997344971 -0.0382389426 0.0965501964 -0.987630725 -0.123545706 0.0463457219 -0.998925388 0 -0.309019059 0.951055884 0 3.28605074e-06 1 0 -0.143085286 -0.0102783153 -0.989656985 -0.150026888 -0.00144736166 -0.98868084 -0.171193048 0.0256322119 -0.984903991 -0.700473666 0.713567495 0.0125738475 -0.713565528 0.700475574 -0.0125800408 -0.679865658 0.731647849 0.04974043 -0.911268294 0.325921208 -0.25172478 -0.867090762 0.486262649 -0.108176805 -0.863078833 0.495205492 -0.0993301347 0.057320036 -0.997436762 -0.0428281128 0.0949367881 -0.98707062 -0.129145831 0.0385276824 -0.999257505 0 0.990933657 -0.0390950441 -0.128538594 0.993708611 -0.109781861 -0.0221641343 0.98384738 -0.166565359 0.065577291 -1.18640997e-07 0 1 -2.97800717e-08 0 1 4.87365639e-07 0 1 0.129605561 -0.949362218 -0.286205828 -0.207205713 0.965636373 -0.156883121 -0.015290848 0.99981606 -0.0115762046 0.0152891548 0.99981606 0.0115772113 0.150315553 -0.988475382 -0.017934937 0.168267325 -0.985730708 -0.00459470134 0.0982735157 -0.993569016 -0.0562412106 -0.999186993 -0.0402338468 -0.00256297784 -0.997118533 -0.0757055432 -0.00482198736 -0.997003794 -0.0771968141 -0.00491695851 -0.991648972 -0.074015744 -0.105611585 -0.995788932 -0.0526144169 -0.0750739202 -0.997299194 -0.0421526246 -0.0601459332 -0.951100767 0.215028897 -0.221742883 -0.983719528 -0.176585421 -0.0333686247 -0.98308605 -0.145222157 -0.111590251 -0.981204927 -0.133950531 -0.138903067 -0.519912302 0.853083968 0.0440323316 -0.495815963 0.868427157 -0.000950861257 -0.464757442 0.883702576 -0.0554094724 0.0016306336 -0.999489605 -0.0319036283 -0.0100771412 -0.980318904 0.197163388 0.0020382693 -0.99920249 -0.039879173 -0.953413904 0.29561764 -0.0601010397 -0.926410675 0.352906406 -0.131226137 -0.965746224 0.258993596 -0.0160163864 2.84773787e-08 0 1 -0.00349979894 0.0774874836 0.996987164 0.138380066 -0.0202832464 0.990171492 0.155557618 0.00026979731 0.987826824 0.207187966 0.0628747866 0.976278543 0.286253065 -0.943766654 0.165419534 0.26044026 -0.957199574 0.126253337 0.209532574 -0.976481974 0.0507846102 -0.669697523 -0.731943786 0.125552818 -0.700198591 -0.708376706 0.0890192837 -0.810364902 -0.581214488 -0.0741517469 0.855898023 0.476053506 0.202018544 -0.998845816 0.0414357856 -0.024291141 -0.998845518 -0.0414417684 0.0242946371 -0.967330813 0.218706369 -0.12821348 0.00120147213 -0.99548614 0.0948991254 -0.00120151835 -0.995486379 -0.0948970318 -0.00121851813 -0.995357454 -0.0962397307 -0.587786913 -0.80901581 0 -0.738550723 -0.629014492 -0.24265942 -0.00162300724 0.999998271 -0.000980927492 0.00625086855 0.99998045 5.31154765e-05 0.00548092974 0.999984801 0.00058758771 -0.150020078 0.00145072083 0.988681912 -0.14308019 0.0102810729 0.9896577 -0.121644989 0.0374023952 0.991868734 0.995565653 -0.0940688327 -0.000267178257 0.999968231 -3.44627697e-05 0.00796663202 0.673852026 0.737917304 -0.0374361128 0.680745065 0.731057823 -0.0462658592 0.748446941 0.647739887 -0.142337978 -0.556874216 -0.828227818 0.0626877993 -0.343242049 -0.93454802 -0.0938345566 -0.395674795 -0.916560531 -0.0579512455 -0.999186993 -0.0402338468 -0.00256297668 -0.997118533 -0.0757055432 -0.00482195942 -0.997003794 -0.0771968141 -0.00491692964 -0.668805361 -0.742591679 0.0354545005 -0.854953945 -0.518681169 0.00486219022 -0.385059237 -0.920870125 0.0610535778 -0.419041306 -0.907726288 0.0209156889 -0.512993753 -0.85265404 -0.0990890041 0.567940772 -0.823005855 0.0102281803 0.38738206 -0.921174705 -0.037043836 0.797047079 -0.601425052 -0.0548072085 0.675868869 0.731405973 -0.0908108056 0.776550829 0.628554046 0.0434572659 0.782998264 0.619707406 0.0536326356 -0.665664017 -0.745382488 0.0360050499 -0.674784303 -0.737730682 0.0204867609 -0.693750679 -0.720091939 -0.0133321146 -0.995541751 0.000783393334 -0.0943192542 -0.998895705 0.00972780958 0.0459629707 -0.995822847 -0.00690473383 0.0910447016 -0.00162597036 0.82770896 -0.56115526 -0.005194508 0.957930624 -0.286952674 0.995623887 -0.00225596596 -0.0934235081 0.995623767 0.00225599925 0.0934248939 0.99538064 0.00231767283 0.0959788933 0.724152148 0.689581633 -0.00898743514 0.742478132 0.669075549 0.0326211303 0.702391088 0.709755659 -0.053792987 -0.205520853 0.957790434 -0.200994194 -0.00456188899 -0.999901414 -0.0132810613 0.000316918158 -0.999930084 0.0118218176 -0.000584019523 -0.999882102 0.0153450314 -0.676837742 0.735764384 -0.0232718978 -0.661542475 0.747134089 -0.0644373894 -0.653567374 0.752134383 -0.0845196173 -0.00448937761 -0.995078683 -0.0989861116 -0.00500006182 -0.995425105 -0.095414497 -0.00232288288 0.138352394 0.990380347 0.0123230899 0.0882139504 0.996025383 -0.0256717559 0.420497775 0.906930268 -0.307407081 -0.886437953 -0.346018255 0.7037853 -0.700119376 0.120495237 0.710217953 -0.684226811 0.165602371 0.714005828 -0.671062648 0.199676409 0.289499462 -0.931743503 -0.219189644 -0.886442244 0.30740726 -0.346007228 0.959180772 0.253047168 -0.126251131 0.960454762 0.223972663 -0.165417418 0.958571672 0.184134915 -0.217335746 0.886444867 -0.307402998 -0.346004277 -4.87613488e-06 -1 0 5.32469539e-06 -1 0 0.96306926 0.262725562 -0.0589302331 0.956576526 0.284189433 -0.064790532 0.974479318 0.216172293 0.0604939684 0.975092113 0.214192316 0.0575940274 0.976483345 0.209528401 0.0507759303 -0.0189329479 -0.999748528 -0.0120236352 0.00262420462 -0.999979258 -0.0058939564 -0.0150293922 -0.999821782 -0.0114270886 0.800829828 0.59822464 -0.0282654483 0.816230834 0.577607512 0.0116931573 0.783057034 0.618066192 -0.0693963617 -0.71995908 -0.691780329 0.0556680672 -0.754351735 -0.64785111 -0.106030047 -0.759959042 -0.632407844 -0.150074676 -0.732663214 -0.662262142 -0.156886399 -0.85822171 -0.513148606 -0.0115762055 -0.87351042 -0.486667812 0.011575683 0.931371391 -0.300624847 -0.205358222 0.307407856 0.886440217 -0.346011639 -0.0196632799 -0.671493888 0.740749061 0.0227449033 -0.80366379 0.594648838 0.0151662827 -0.555091262 0.83165127 -3.03169077e-06 0 -1 -4.32660499e-06 0 -1 -2.650336e-06 0 -1 -0.959624827 0.280657142 0.0187565349 -0.815092802 0.579286814 0.00711353216 0.0473418124 -0.697601676 -0.714920044 -0.559849799 0.821667075 -0.106917828 -0.0263883863 -0.999551654 0.0141478162 -0.0346229933 -0.999230206 -0.0184427667 -0.0325183645 -0.999229848 -0.0219592471 -0.789567173 0.612941623 0.0297691282 -0.771290421 0.636431038 -0.00814913958 -0.727394342 0.680659533 -0.0871772319 0.0651737526 0.992838681 -0.10011825 0.106036529 0.994361103 0.00154955743 0.0458412692 0.988052607 -0.147141382 -0.84205389 0.539393425 0 -0.686238945 0.727376282 0 -0.159805521 -0.987056136 0.013504033 -0.15873605 -0.987214804 0.0144888442 -0.220316708 -0.97448945 -0.0427889824 0.992299795 0.0740661696 -0.0992741883 0.998875737 -0.0283485055 0.0379958265 0.989993215 -0.0843854025 0.113104083 0.683995605 0.727492869 -0.0538898557 0.670345783 0.741213918 -0.0351913683 0.581210911 0.810367405 0.0741523579 -0.0962711871 0.973263919 -0.208540559 0.0176883545 0.996192873 -0.0853635371 0.0760126486 0.996882319 -0.0211591311 -0.382679045 -0.923881352 0 0.741959989 -0.657307923 0.132067025 0.727350712 -0.685371041 0.0350366496 0.720160425 -0.693807542 -0.000340345054 -0.65409106 0.755781949 -0.0309580527 -0.548852444 0.835729897 0.0177924912 -0.62343663 0.781706452 -0.0161850993 0.662792444 0.743016064 0.092915982 0.658715069 0.745627761 0.100666307 0.650698602 0.750487387 0.115585208 -0.16552043 0.986172676 0.00814668275 -0.136040583 0.990255773 -0.0297725108 -0.0739966631 0.991386294 -0.108063824 -0.309013247 0.951057732 0 0.0284940396 -0.999458194 0.016474558 0.00480137998 -0.999844551 0.0169657003 0.0304395631 -0.999353528 0.019133551 0.963068843 -0.262727052 0.0589312986 0.717983007 -0.6960513 0.00361307594 0.98522073 -0.171051651 -0.0090218205 0.999987423 0.00457433844 0.00207377528 0.984092712 -0.177405626 -0.00942430831 0.887928963 -0.330233216 -0.320200354 4.13116823e-07 0 1 1.43158059e-06 0 1 1.69266787e-06 0 1 0.63267678 -0.760252297 -0.147433817 0.535961211 -0.844228089 0.0049582026 0.460725725 -0.881289184 0.105171375 -0.81104058 -0.581698835 -0.0619651191 0.816871822 0.576819301 0 0.296386331 -0.953904748 -0.0471264981 -0.099558264 -0.994029045 0.0446586162 0.19527705 -0.980470538 -0.0233301334 0.700473547 -0.713567555 0.0125768101 0.713565648 -0.700475514 -0.0125754317 0.679865658 -0.731647849 0.04974043 0.998927414 0.0462376326 0.00247634621 0.999260366 0.0383375064 0.00298707699 0.999274731 0.0379582159 0.00301158847 0.993169904 -0.116667971 0.00144196069 0.998294234 -0.0583416931 -0.00219036546 0.998432338 -0.055924587 -0.00234046183 -0.999086499 0.0426488481 0.00269280537 -0.999086678 -0.0426452756 -0.00269280304 -0.998928726 -0.0461825579 -0.00291615282 0.902514398 -0.408480793 -0.136423007 0.806892872 -0.590624154 0.00932488032 0.816782057 -0.576939762 -0.00274715596 -5.85490227e-07 0 -1 -2.40323607e-06 0 -1 1.90541368e-06 0 -1 -0.164912 0.982772291 0.0834433585 -0.170694977 0.981325328 0.0886779651 -0.0984028876 0.994868457 0.0235329308 -0.170693189 -0.981326044 -0.0886740535 -0.164910734 -0.982772708 -0.0834398568 -0.22447513 -0.964721918 -0.137559295 -0.0268948004 0.974474132 -0.222883061 0.00924460497 0.999647439 0.0248909928 -0.0295644309 0.970053077 -0.24108696 0.76230669 0.645321012 -0.0494910777 0.5813393 0.813336134 0.0229994599 0.823804736 0.561311603 -0.0792147964 -0.722133994 0.685272276 -0.0944687575 -0.685269177 0.722137392 0.094465591 -0.726167679 0.674794376 -0.131654888 0.771289229 0.636432707 0.00814345665 0.789563894 0.612945676 -0.0297744963 0.821562886 0.559782565 -0.108063817 0.533756495 0.783376873 0.318472564 -0.631073475 0.775587797 -0.0144842239 -0.631920695 0.774915457 -0.0134991491 -0.581397891 0.810630441 -0.0696764663 0.93923527 0.292712182 0.17932266 0.979086101 0.202315718 0.0214197636 0.98680675 0.134713978 -0.0898037478 0.717806816 0.692654729 0.0705892593 0.753749788 0.644638836 -0.127679259 0.757348239 0.630245686 -0.17092064 0.999091566 0.0425237194 -0.00277290749 0.999091566 -0.0425244272 0.00277243601 0.998928666 -0.0461760573 0.00301053096 -0.978724003 -0.205061078 -0.00702514499 -0.992586195 -0.0641477257 -0.103236236 -0.979020357 -0.203762695 -6.7389459e-07 0.0147061842 0.333872497 0.942503512 0.700475037 -0.713566065 0.0125765027 0.713564336 -0.700476766 -0.0125749884 0.679870844 -0.731642962 0.0497400947 -0.0741952807 0.994013786 -0.0801976547 -0.0043741893 0.999979317 -0.00472636987 0.00437086774 0.999979317 0.00472636893 -0.716578782 -0.674850762 -0.176327214 -0.711417794 -0.690055549 -0.133071393 -0.709160149 -0.695232391 -0.117234446 -0.979992807 0.198463067 -0.0150473397 -0.800830424 -0.598223627 -0.0282673296 -0.816232324 -0.577605605 0.0116894795 -0.783057034 -0.618066192 -0.0693963617 -0.983085215 0.145224899 0.111593172 -0.983719587 0.17658475 0.0333695039 -0.981870413 0.189553335 0 -0.998845875 0.0414349809 -0.0242907573 -0.998845816 -0.0414374769 0.0242922176 -0.967333496 0.218697309 -0.128208637 5.74844853e-06 0 1 1.44372098e-06 0 1 -0.726713359 -0.656878054 -0.200994655 -0.839226902 -0.541626692 -0.0483601689 -0.888674855 -0.455980539 0.0483601503 -0.0155116171 -0.338124692 0.94097352 0.00186155632 -0.0770187005 0.997027993 -0.0651739314 -0.99283886 -0.100116953 -0.106035613 -0.994361103 0.001552489 -0.0458418913 -0.988052726 -0.14714095 0.958926618 0.229923353 -0.166117325 0.983847857 0.166563407 -0.0655742511 0.993708491 0.109781414 0.0221682489 -0.12896812 0.981523037 -0.141349852 -0.11421296 0.98852247 -0.0988872349 -0.13442345 0.978380024 -0.157171637 5.34162064e-06 1 0 0.941428363 0.336965203 -0.012927996 0.999997735 -0.000532159582 -0.00207956764 0.999997497 0.00119437522 -0.00189399405 1 -1.57377463e-06 -1.48559559e-06 0.0001004523 -0.0195490476 -0.999808908 -7.47271372e-07 0 -1 -1.76046558e-06 0 -1 0.999981403 -0.00609241659 -0.000373518647 0.999981403 0.00609904807 0.000373287301 0.999977946 -0.00662145903 -0.000405925937 -0.998294234 0.0583423711 -0.00219036895 -0.993170083 0.116666511 0.00144218991 -0.99281764 0.119626574 0.00162708492 -0.748775423 0.651341975 0.122836865 -0.72898519 0.684482694 0.00800349005 -0.719813645 0.693470538 -0.031097224 -0.854955077 0.518679261 -0.00486216322 -0.668805897 0.742591202 -0.0354543813 -0.666101396 0.744489968 -0.045204971 -0.616597354 0.777454317 -0.123985991 -0.606405497 0.783368945 -0.136401877 -0.55182451 0.809889197 -0.198919877 -0.963689923 0.2453655 -0.105344564 -0.962834477 0.256858349 -0.0835080817 -0.96388787 0.228479087 -0.136812449 0.952389598 -0.30080393 -0.0497104488 0.953509569 -0.29626897 -0.0551743135 -0.155566946 -0.000266785821 0.987825274 -0.138386846 0.020286927 0.990170479 -0.0857745484 0.0824105144 0.992900431 -0.75267899 -0.651412189 -0.0955852121 -0.804289341 -0.594184935 -0.00792703591 -0.81523478 -0.578973055 0.0135067692 -2.0585378e-06 0 -1 0.0741952956 -0.994014025 -0.0801943764 0.0043741758 -0.999979198 -0.00472460082 -0.00437088264 -0.999979317 0.00472794147 -0.382688463 -0.923877418 0 0.639270484 -0.760622084 0.113081299 0.631233633 -0.769054234 0.100497656 0.582570612 -0.812256336 0.029175844 0.00251434417 -0.999965429 0.00792571437 0.00156313553 -0.99995327 0.00953046978 0.00514046894 -0.999967694 -0.00617915299 0.943029463 -0.327429414 0.0590377077 0.956410527 -0.291629374 -0.0152084157 0.931290388 -0.348706186 0.105367273 0.997434616 0.0714474842 -0.00440983381 0.997434914 -0.0714431256 0.00440986501 0.997003615 -0.0772080496 0.00476569543 -0.97667104 -0.208432525 0.0516677573 -0.976771951 -0.208057448 0.0512706935 -0.98158133 -0.188561723 0.0307032466 0.225048587 0.233776435 -0.945886731 0.658710957 -0.745631337 -0.100667007 0.66279459 -0.743014097 -0.0929160789 0.668299973 -0.739327192 -0.0822831765 -0.381820887 -0.923436105 -0.0384529047 -0.349876046 -0.936757684 0.00847841334 -0.294667631 -0.951748252 0.0857106745 0.0113374591 0.943306327 -0.33172971 -0.00496022729 0.958021283 -0.286653936 0.939235389 0.29271245 0.179321572 0.979085922 0.202316493 0.0214192066 0.986806512 0.134715006 -0.0898040086 -0.749470592 0.661026597 -0.0365745611 -0.730209827 0.683162093 0.00911889784 -0.766132176 0.637551725 -0.081050925 -0.588715494 -0.789419711 -0.173869908 -0.79577446 -0.605321348 -0.0181420259 -0.749131143 -0.659760952 -0.0593134873 -0.907331526 0.414591908 0.0697353184 -0.842481375 0.538706541 0.00451477757 0.319618255 0.921647489 -0.220022887 0.168267965 0.985730648 0.00459411927 0.15031603 0.988475323 0.0179347936 0.22038886 0.974801123 -0.0345181227 -0.69231236 -0.714921832 -0.0979303867 -0.728937805 -0.676486552 0.10495542 -0.682135999 -0.718611717 -0.135231823 -0.698102832 -0.715273976 -0.0321808755 -0.69740665 -0.715899527 -0.0333450995 -0.700982332 -0.712654531 -0.027336983 0.579624951 -0.811972976 0.0688092485 0.742118657 -0.668256342 -0.0518975817 0.700954258 -0.71297437 -0.0181860011 -0.280459136 0.959634304 -0.0210862178 -0.236931294 0.971297383 0.021094311 -0.40764159 0.900677741 -0.150359273 0.849221468 0.527204096 0.0296454951 0.993516922 -0.108825803 -0.0328808539 0.993734181 -0.107248984 -0.031464681 0.99234581 -0.116812214 -0.0400581956 0.938660324 -0.291644424 -0.184011608 0.873010516 -0.420732915 -0.246650249 0.993734181 0.10724882 0.0314647071 0.993516862 0.108826242 0.0328810737 0.9948681 0.0984058455 0.0235299766 0.876663446 0.481098533 -0.00233022519 0.816991389 0.576649904 -0.000153329966 0.876634955 0.48114875 -0.00264607184 -0.978723407 0.205063909 0.00702450285 -0.992586315 0.0641473681 0.103235424 -0.979019523 0.203766257 0 0.0972743854 0.994372904 0.0419543684 0.0962610245 0.994214714 0.0476530343 -0.753748238 0.64463985 0.12768352 -0.717813194 0.692648053 -0.0705896914 -0.704958797 0.699602544 -0.116573788 0.69941771 0.701909184 0.134679154 0.680660009 0.707411468 0.19044894 0.667008817 0.70968622 0.226814345 0.651090086 -0.757420361 0.0489502586 0.816328883 -0.577541173 0.00730101485 -0.697405875 0.715900302 0.0333451964 -0.698102236 0.715274453 0.032180924 -0.693943858 0.718967021 0.0390937589 0.0972724855 -0.994373143 -0.0419519804 -0.0353029743 -0.999373138 -0.00264084199 0.816987872 -0.576654851 0.000153267771 0.876663387 -0.481098652 0.0023292827 -0.905468643 0.409809917 -0.110373564 -0.749128222 0.659764051 0.0593154132 -0.795773685 0.605322301 0.0181438625 -0.286800712 0.957990289 0 -0.12960586 0.94936198 -0.286206514 -0.796070576 0.570952713 0.200710163 0.971898496 -0.234798789 0.0168186408 0.999954283 0.00715925591 0.00634336425 0.679068327 0.704845607 -0.205082268 -0.49999699 -0.866027176 0 0.511309564 0.859384954 0.00448434986 0.832639396 -0.553575099 0.0163178798 0.852065027 -0.521538258 0.044530727 0.730549812 -0.675058305 -0.102923997 -0.939169109 -0.336727262 -0.0676462799 -0.956815124 -0.288084149 0.0388889909 -0.923980176 -0.361293167 -0.125410795 -0.983234048 -0.182348028 -1.49047974e-08 -0.289126277 -0.941950321 0.170691177 -0.983336806 0.181793317 2.86509953e-06 0.979941845 0.133775786 -0.147709489 0.99904573 0.0293192025 -0.0323730223 0.99904561 -0.0293218717 0.0323759392 0.32423538 -0.94594878 0.00723187206 0.298374176 -0.953647256 -0.0391128771 0.274936587 -0.958149016 -0.0797518864 0.956575513 -0.284192204 0.0647918731 0.987164617 -0.0150798671 -0.158992082 0.997454226 0.00523182005 -0.0711172596 0.998687744 0.0100358818 -0.0502202548 0.904315829 0.417297572 0.0898636356 0.907873213 0.411364555 0.0809037909 0.917094529 0.394702882 0.0561017804 0.294439018 0.95545131 0.0204528347 0.331101179 0.942589223 -0.0435614586 0.36232236 0.926606238 -0.10061501 0.953179419 -0.173558027 0.247641951 0.377314836 -0.925606549 0.029768208 0.349741906 -0.936810613 -0.00815072656 0.289612561 -0.953165352 -0.0871796086 -0.991095424 0.00357209356 0.133105472 -0.99520421 -0.00435313815 0.0977227092 -0.990297198 0.00486889528 0.138880268 -0.968525231 0.248612285 0.0122787794 -0.963074446 0.26895529 -0.0122758653 -0.937356174 0.335254073 -0.0947008803 -0.983439326 -0.178071707 -0.0337278023 -0.980895936 -0.143449217 -0.131398648 -0.978319824 -0.13355802 -0.158280179 0.999699712 -0.00794732478 -0.0231812149 0.999716222 -0.016287772 0.0173847098 0.999512434 -0.00642946456 -0.0305523276 -0.999817133 0.00449022837 0.0185878649 -0.999817133 -0.0044900733 -0.0185872521 -0.999626398 0.00641763257 0.0265666042 0.253362894 -0.937180579 -0.239790738 0.99510622 0.0984268412 0.00870250817 0.996654749 0.0595700666 0.0559523143 0.996520102 0.051896885 0.0652262792 -0.99897629 -0.0115218544 -0.0437436998 -0.998747349 -0.0103243086 -0.0489603579 -0.998687863 -0.0100354441 -0.0502182841 -0.32627973 0.912258267 0.247641489 0.998096824 0.0127933864 0.0603243969 0.996389508 0.017613655 0.0830518454 0.99604708 0.0184285846 0.0868942216 0.816331804 0.577537 -0.00730115315 0.841470063 0.539829969 -0.0226223189 0.839181721 0.543527901 -0.0187495016 0.872092545 0.482748687 -0.0800521523 -0.989455819 0.0116859451 -0.144362912 -0.998212934 -0.0329098925 0.0498783179 -0.995666325 -0.0405819193 0.0836764872 -0.639577448 0.750922561 -0.164487049 -0.538619936 0.842445195 -0.0132156489 -0.459590733 0.883843899 0.0871567428 -0.679068506 -0.704845786 -0.205081269 0.999209762 0.0182490777 0.0353100896 0.996954381 0.00887158327 0.0774806961 0.999439061 0.020146288 0.0267515518 0.0707732663 -0.948178887 -0.309754699 -0.0155770108 0.999700725 0.0188630819 0.0155786248 0.999700725 -0.0188640803 0.115754433 0.983337939 -0.140169531 0.674787223 -0.737728 -0.0204848293 0.665668309 -0.745378852 -0.0360024013 0.646970868 -0.759608269 -0.0665129051 0.660540223 0.730765402 -0.172245666 -0.747277975 0.660090864 0.076522693 -0.509217381 0.860549748 0.0123253772 -0.792640269 -0.609319985 0.0212285314 -0.746993423 -0.663219571 0.0462661162 -0.81256783 -0.582790673 0.00941318367 0.967704058 -0.251844972 0.0110819824 0.963977516 -0.265753061 -0.0110763954 0.955561638 -0.290348142 -0.0509887412 -0.97672838 0.214449733 0.00360332197 -0.976536989 0.215331912 0.00275312341 -0.983579874 0.175878555 0.0404652655 -0.8557688 0.517358363 0 -0.581547976 0.810833156 -0.065965578 0.00987033173 -0.981126428 -0.193115473 -0.00987024512 -0.981126606 0.193114191 0.0103817768 -0.979098439 -0.203122035 -0.0245279577 -0.995767713 -0.0885719806 -0.0256495941 -0.993011534 -0.115196779 -0.0256773904 -0.992933393 -0.115861185 0.983720243 0.176581785 -0.0333679505 0.983086109 0.145222753 -0.111588515 0.981204927 0.133952692 -0.138900846 -0.17069377 -0.981325984 -0.0886730477 -0.164911389 -0.982772648 -0.0834390223 -0.224475205 -0.964722216 -0.13755694 0.808503449 0.585882187 -0.0553557836 0.759315372 0.650156558 -0.0271424185 0.824636698 0.561876714 -0.0653366148 -3.28725127e-06 -1 0 -0.360452443 -0.932573318 -0.0195214283 -0.361727029 -0.932110071 -0.018011434 -0.352411062 -0.935395718 -0.0290059429 -0.722401142 -0.667531252 0.180384785 -0.326289177 -0.912256002 -0.247637704 0.0855989605 -0.103633389 0.990925312 -0.0268531553 -0.999335706 0.0246364083 0.00745785655 -0.999738038 0.0216392037 -0.0327648371 -0.999106348 0.0267042145 0.887926161 0.330236524 0.320204556 0.510737419 0.841628611 0.175523624 -0.260187954 -0.962426007 0.0777076855 -0.129601106 -0.949362516 0.286206663 0.677965581 0.733681381 -0.0455420092 -0.58870554 0.789426684 0.173871592 1.41288831e-06 0 -1 -2.37473159e-06 0 -1 -2.15995192e-06 0 -1 -6.21264098e-06 0 -1 2.5290426e-06 0 -1 -5.13659916e-06 0 -1 -2.85885517e-06 0 -1 -4.14690021e-06 0 -1 -4.41078964e-06 0 -1 0.895565331 0.431606829 0.108066171 -0.921018064 0.341193587 -0.187915936 5.15070894e-07 0 -1 2.51294773e-06 0 -1 -3.37037051e-07 0 -1 -1.0399777e-07 0 -1 -2.1589683e-06 0 -1 0.00980450492 0.0229959898 -0.999687433 0.844441414 0.508063078 0.169677928 0.335258603 -0.937354505 0.0947007611 -0.211074263 -0.976540685 -0.0426150039 -0.973897874 0.220178485 0.055174794 0.688759208 -0.694027305 0.209610894 -0.411665022 0.909598112 0.0562425889 1 3.59999176e-05 -0.00011192391 1 -9.38027661e-05 0 1 7.35008143e-05 -0.000106876782 1 0.000150901673 -0.000201181407 1 1.04912588e-05 -7.0977032e-05 1 3.32919626e-06 3.18853949e-06 0.999946654 0.0102979084 0.000748697959 0.999843597 0.0174814854 -0.00267483736 0.998972535 0.0371029302 0.0260236952 0.998678863 0.0394877978 0.032881733 -0.555533767 -0.815330386 0.163152263 0.588164747 0.803678691 0.0903483331 -0.30441007 -0.946252644 -0.109272517 -0.688759089 0.694027424 0.209610865 -0.632666767 -0.760260284 0.147435129 -0.00499968743 0.995424747 0.0954175815 -0.224473625 0.964722514 0.137557119 -0.992052555 -0.0821397826 0.0953135267 0.747422099 -0.650348902 0.135670304 0.0719298199 0.963665187 0.257245749 -2.65046447e-06 0 -1 1.86483447e-07 -8.361597e-07 -1 -6.97774055e-07 -9.14901364e-08 -1 -1.01988735e-06 6.00026873e-09 -1 -2.32430534e-06 0 -1 -1.65763623e-07 -3.08478633e-07 -1 1.11995803e-07 3.48966353e-07 -1 9.99467602e-07 0 -1 -3.77966899e-06 0 -1 -0.852602899 -0.512960255 0.0997000188 -1.93305846e-06 0 -1 -2.00628449e-07 0 -1 -3.36177573e-06 0 -1 2.70823398e-06 0 -1 2.12017676e-06 0 -1 -5.12597524e-07 0 -1 -2.07767107e-06 0 -1 -3.6371714e-06 0 -1 -3.33148841e-06 0 -1 0.582645535 0.812385917 -0.0235255193 -5.25801909e-07 0 1 -1.25569812e-07 0 1 -1.46853677e-06 0 1 -6.84756969e-06 0 1 -3.92647593e-07 0 1 9.32942953e-07 0 1 1.27628755e-06 0 1 -2.17958018e-06 0 1 -0.992052734 -0.0821392164 0.095313035 -0.887926877 -0.330236435 0.320202798 -0.945099294 0.32678327 0 0.0013840379 0.999372482 0.0353942886 -0.923980951 0.361291498 0.125409707 0.759950578 -0.632417858 0.150075957 0.887924373 0.330239505 0.320206463 -0.615810871 -0.725641608 0.306954801 -0.304142624 0.952013254 -0.034176223 -0.0741920024 -0.994014025 0.080197677 -0.209092855 -0.974427819 0.0822838619 0.729628384 0.682750463 -0.0386541113 0.010381599 0.979098439 0.203122035 0.999982595 -0.000579130545 -0.00587926665 1 4.21216919e-06 -4.59134156e-07 0.999995232 -0.000322679145 -0.00307166902 1 1.75209721e-06 -3.78280788e-07 1 3.88856915e-06 0 -0.662261605 -0.73266387 0.156886116 1.08419852e-06 0 1 4.41000651e-07 0 1 2.35815196e-06 0 1 -4.9716084e-07 0 1 -1.41827002e-07 0 1 4.95072584e-07 0 1 -2.54211136e-06 0 1 -1.13672263e-06 0 1 -2.08185611e-06 0 1 1.2777665e-06 0 1 -4.29958891e-06 0 1 0.722485602 0.691154718 0.0178783108 0.135724932 0.982923269 -0.124260634 -0.0160759743 -0.991147041 0.131791651 -0.997003913 0.0771949217 0.00491649937 -0.0495483018 -0.998397529 0.0273373183 0.207204074 0.965636492 0.156884089 -0.656081319 -0.749813139 0.0856593773 -0.0226082932 -0.80316478 -0.595327854 0.207206666 -0.0628736913 -0.976274729 -0.0589625426 0.997494221 -0.0390990041 -0.465641677 0.864766419 0.188034564 -0.209573269 0.976656437 0.0471304655 -0.733718991 -0.678004622 -0.0443418175 -0.00247213081 -0.999941528 -0.0105310669 -0.464749336 -0.883706927 0.0554082505 -2.15108935e-06 0 -1 2.29708257e-06 0 -1 3.75439413e-07 0 -1 2.29994157e-06 0 -1 1.64784197e-07 0 -1 -1.69593341e-06 0 -1 -2.11098654e-06 0 -1 -1.51617849e-06 0 -1 -1.08882477e-06 0 -1 -1.90251285e-06 0 -1 -1.42542183e-06 0 -1 1.07666267e-06 0 -1 -0.942915022 -0.326996148 0.0631247759 0.135007754 0.977737904 -0.160628438 0.659216583 -0.714638054 -0.233935744 0.986806273 -0.134715766 0.0898051336 -0.960265934 0.251614749 -0.12074443 0.58139652 0.810630739 0.0696848854 -0.188345104 -0.980460286 0.0567791387 -0.306134671 0.948425531 0.0822835788 -0.207797974 -0.961392879 -0.180398852 -0.0948983952 -0.959420323 0.265531808 -0.0495478585 -0.998397529 0.0273366012 -0.703725398 0.709109962 0.0439720526 -0.904896915 -0.336550623 0.26056698 -0.00583944144 0.999967515 -0.00554500893 0.00490907254 0.999969542 -0.00607315637 0.953374863 -0.29619801 -0.0578202046 0.637666643 0.736815631 0.224686325 0.986805975 -0.134717301 0.0898062885 2.25296617e-06 0 -1 -0.00109282241 -0.0190644599 -0.999817669 0.0292075407 -0.0348469019 -0.9989658 1.00092052e-07 0 -1 2.17535808e-06 0 -1 2.73184099e-07 0 -1 2.12794257e-05 0 -1 1.1763276e-06 0 -1 -2.198543e-07 0 1 4.32872497e-07 0 1 -3.59094156e-06 0 1 -6.12995279e-07 0 1 1.37956056e-06 0 1 4.02763908e-06 0 1 2.39312772e-06 0 1 0.0105207823 0.998031557 0.0618250929 0.0102419006 0.998414636 0.0553480498 1 -3.63393224e-06 0 1 -7.08497623e-07 0 1 5.93316507e-09 0 1 -2.44321114e-07 0 1 5.90858974e-07 0 1 -1.95597295e-06 0 1 -9.6120425e-07 0 0.00139641715 0.000548621872 0.999998927 1.89073489e-06 0 1 -1.8170077e-08 0 1 -1.0383188e-07 0 1 -5.29182216e-07 0 1 6.2489022e-07 0 1 3.52356551e-06 0 1 6.78088696e-08 0 1 0.000934266427 -7.94233347e-05 0.999999583 -2.95593054e-06 0 1 -1.28944566e-06 0 1 -3.35243215e-07 0 1 8.61529713e-07 0 1 -1.03973527e-07 0 1 9.12895189e-07 0 1 7.92428523e-08 0 1 -0.000201486211 1.19531787e-05 1 -5.24604839e-05 -3.65156084e-05 1 -2.28774479e-05 -3.04147725e-05 1 3.53097107e-07 0 1 2.23408136e-08 0 1 3.20083785e-07 0 1 -2.12629459e-07 0 1 -9.59536578e-07 0 1 -8.57652651e-08 0 1 -1.02378772e-06 0 1 -1.64113544e-06 0 1 -4.96570647e-06 0 1 -4.17621493e-07 0 1 -7.88096415e-08 0 1 0.000146891267 -7.82410716e-05 1 -2.77249974e-08 0 1 2.98356872e-06 0 1 7.20156947e-08 0 1 2.98616811e-07 0 1 7.86315127e-07 0 1 4.9832073e-07 0 1 -1.13792986e-09 0 1 -5.12796305e-06 0 1 -3.74546705e-09 0 1 5.60608783e-07 0 1 6.43568114e-07 0 1 -1.83682505e-06 0 1 4.78681443e-07 0 1 -5.0848417e-08 0 1 -9.48310969e-07 0 1 -8.73002534e-07 0 1 -2.86677164e-07 0 1 -7.68839072e-07 0 1 4.34376125e-06 0 1 1.52855378e-07 0 1 3.28255283e-07 0 1 1.63839377e-06 0 1 2.89810509e-06 0 1 1.22036147e-06 0 1 -3.28236723e-07 0 1 -3.2255744e-07 0 1 2.45556944e-08 0 1 -2.94339839e-06 0 1 -2.59162164e-07 0 1 -6.42882526e-07 0 1 9.05124953e-09 0 1 -3.2575806e-06 0 1 -4.58078603e-06 0 1 -9.13748977e-07 0 1 9.12300209e-08 0 1 -2.37766812e-06 0 1 -1.09597136e-06 0 1 1.2005026e-07 0 1 -2.17873222e-08 0 1 4.93709558e-06 0 1 -2.84641885e-07 0 1 7.41880569e-07 0 1 0.00104441436 0 0.999999523 -3.1871698e-06 0 1 2.9901841e-07 0 1 5.62457387e-07 0 1 -1.25660506e-07 0 1 2.51850656e-06 0 1 4.59183838e-07 0 1 1.57348978e-07 0 1 2.40032165e-07 0 1 2.98720863e-07 0 1 4.86980798e-06 0 1 6.79175864e-05 0 1 1.24877673e-07 0 1 4.52523091e-06 0 1 3.0204879e-07 0 1 1.19302626e-06 0 1 -0.00665060524 0.99997741 -0.000980375218 0.0159756131 0.999806106 -0.0115095181 -0.00295620761 0.999977529 -0.00601069489 -0.00210423348 0.999925971 0.0119818309 0.0187969394 0.999746144 -0.0124181714 -0.00512351142 0.999837935 0.0172562171 -0.0287141278 0.999450088 0.0165847167 -0.0318518989 0.999330342 0.0180087183 -0.999803841 -0.018223403 -0.00776567031 -0.998246431 -0.035639219 -0.0472650565 -0.998622596 -0.0339712687 -0.039985504 -1 -1.78372261e-07 -1.36963547e-06 -1 4.63575198e-05 7.848932e-05 -1 4.09265303e-05 4.77625108e-05 -1 8.23361479e-05 3.2536951e-05 1.80928524e-07 0 -1 2.67570158e-07 0 -1 -1.79689977e-07 0 -1 -3.07270483e-07 0 -1 -0.932229161 -0.300914794 0.200995162 0.116706684 -0.991479933 -0.0578527711 0.671527386 -0.726707697 0.144730553 -0.999998748 0.000584742345 -0.00148561317 -0.999996006 0.000325563597 -0.00283127511 0.00446849456 -0.999969363 -0.00643556705 0.00524646835 -0.999984205 0.00203500688 0.0105225155 -0.998526156 0.0532436781 -0.981961846 -0.115593478 0.149629727 -0.00867148954 -0.998556733 -0.0530020595 -0.727033615 0.680307269 -0.092758663 2.95541128e-07 0 1 -0.000262083311 5.65668706e-05 1 -1.62448401e-07 0 1 0.666369617 0.744791925 0.0351638235 0.319614887 -0.921648562 0.22002314 0.992219806 -0.0160886701 -0.123454534 0.991157234 -0.0164495818 -0.131668717 6.47186027e-07 0 1 0.00157373969 -0.0351294838 0.999381542 1.15051375e-06 0 1 0.74742353 -0.650347352 0.135670394 0.994013488 -0.0741935 0.0802023485 -0.953147888 0.289605469 0.0873949975 0.0103816884 0.979098499 0.203121692 0.307400912 -0.886441767 0.346014112 5.69716406e-07 0 1 -1.70169386e-07 0 1 1.67311711e-07 0 1 -1.26657582e-07 0 1 -4.65371784e-07 0 1 -5.04560205e-07 0 1 -2.43608542e-06 0 1 0.00024966491 0.0044221417 -0.999990225 -0.000902414904 0.00014911886 -0.999999642 -0.00105598068 0.00228881277 -0.999996841 7.820061e-06 5.98445658e-05 -1 1.51854192e-06 1.86730887e-07 -1 5.68031246e-05 0.000473382184 -0.999999881 0.00102723134 0.00873911753 -0.999961317 -2.89139024e-07 2.57645684e-06 -1 -1.64512556e-07 5.48726973e-07 -1 9.28049644e-07 0 -1 -1.21404423e-06 0 -1 -1.26142595e-06 0 -1 1.80035829e-06 0 -1 -0.000441398442 -1.74839206e-05 -0.999999881 -2.92345533e-07 0 -1 2.55976574e-05 -0.000217426059 -1 -9.38219964e-05 -0.000275607017 -0.99999994 -3.85068034e-07 5.20990488e-06 -1 0 2.29122247e-06 -1 1.56142335e-07 -7.80857704e-07 -1 -2.71906003e-07 0 -1 7.70952795e-07 5.43828435e-07 -1 2.57510038e-07 0 -1 -0.00105018669 0.00341478107 -0.999993563 -0.00274029281 0.00796015467 -0.999964535 -0.00148623472 0.00219672546 -0.999996483 -0.00250844914 0.00208830205 -0.999994636 0 1.53869973e-06 -1 1.34017546e-06 -5.76347531e-07 -1 -4.03070004e-08 0 -1 -6.57497736e-08 4.77864148e-07 -1 3.57766311e-07 -9.73122241e-08 -1 -7.28867644e-06 3.00354714e-06 -1 -0.115752846 0.983338237 0.140168548 0.990932882 0.0390965305 0.128543809 -0.652035713 -0.750395596 0.108425401 0.00311873341 0.0798924789 -0.996798694 -0.783380151 -0.533755839 -0.318465292 -0.99992311 0.0123767648 -0.00077665248 -0.0857863873 -0.0824035481 -0.992899954 0.577575326 -0.805292368 -0.133831561 -1.16558977e-06 0 -1 6.95118956e-07 0 -1 4.06842901e-06 0 -1 3.4714601e-06 0 -1 3.10437213e-06 0 -1 6.58710223e-06 0 -1 -0.569259107 -0.793714345 0.214386776 0.747424901 -0.650345862 0.135669664 -0.512664437 -0.852091551 -0.105428688 3.35262757e-06 0 -1 3.59833098e-06 0 -1 4.49551089e-06 0 -1 -8.97186037e-05 0.01963434 -0.999807239 -0.0393522233 0.0365723781 -0.998555899 7.18450735e-07 0 -1 5.9488741e-07 0 -1 -1.47454375e-06 0 -1 -0.00685096532 -0.999966085 -0.00457484601 -0.0136985406 -0.999861896 0.00941768475 0.00078230584 0.998076618 0.0619869418 0.513882101 -0.854117453 0.0800527409 0.0968302712 0.978974044 0.179537773 -0.0496191159 -0.675028384 0.736121297 0.403255582 -0.89100939 0.208536044 0.0857748911 -0.0824057832 0.992900729 0.904571533 0.412975788 -0.105835944 -0.731406212 -0.675869167 0.0908071324 -0.01276528 0.999815285 0.0143673057 -0.00889668427 0.999730945 0.021422321 0.0274193399 0.999365211 0.0227480195 0.0304403175 0.999228299 0.0248213336 0.010426322 0.999936879 -0.00418005884 0.00560838124 0.999971151 -0.00510997698 -0.188345879 -0.980460286 0.0567760803 -0.219486788 -0.97081846 -0.0966276079 -0.000166035839 -8.65292532e-05 -1 -0.000648361107 -0.000149141459 -0.999999821 3.10701097e-07 -1.23796769e-06 -1 6.0240842e-07 -2.96227569e-07 -1 9.11453313e-08 -1.34177549e-06 -1 -1.05952063e-06 -8.92496388e-09 -1 -5.32849128e-07 -3.81206377e-07 -1 -0.00168847304 0.000529719051 -0.99999845 -2.06166601e-06 9.45955321e-07 -1 -2.1239984e-07 1.53265933e-06 -1 1.57345141e-06 -1.73335451e-07 -1 -1.54345764e-06 1.69309328e-06 -1 8.91736249e-07 2.84868815e-06 -1 -1.63169454e-06 7.77067228e-08 -1 -9.36003062e-08 0 -1 -3.19388641e-06 1.52914993e-07 -1 -4.46301328e-07 0 -1 -2.2022632e-05 0 -1 -8.62437659e-08 0 -1 6.58653448e-07 -2.1104367e-07 -1 0 -1.75770856e-06 -1 1.25014849e-05 5.76481057e-07 -1 9.23700554e-07 2.56016563e-07 -1 3.01602341e-07 2.13060204e-07 -1 3.11931649e-06 2.44203125e-06 -1 1.02343499e-07 -1.16323786e-08 -1 -9.38945419e-08 9.72053726e-07 -1 5.66504809e-07 0 -1 3.83781298e-07 0 -1 1.2657037e-07 -1.28427882e-06 -1 -1.92471725e-06 0 -1 -5.93282948e-07 0 -1 3.4276573e-07 0 -1 6.69492238e-07 4.38960456e-07 -1 -2.26983047e-06 -6.90648733e-07 -1 4.36970353e-08 -4.54588047e-07 -1 -5.45766943e-06 -1.76831759e-06 -1 -1.29016414e-07 -1.36433528e-06 -1 1.57500608e-06 1.82958942e-07 -1 4.79628397e-07 -1.84659302e-06 -1 0 -2.77126583e-06 -1 3.67158492e-07 -3.04334264e-07 -1 -0.515270531 0.856418669 0.0323015749 0.00523443008 0.957883894 0.287108094 -0.923425078 -0.377348095 0.0699611977 0.99419862 0.0179325584 0.106054574 -0.026113309 0.991382241 -0.128371701 1.54169913e-06 0 1 -0.00203817617 -0.99920243 0.0398788452 0.0226051863 0.803163409 -0.595329821 -0.00655290158 0.640102446 -0.768261671 -0.00896300469 0.99980849 0.0173948202 0.0219480172 0.9995749 0.0191893391 -0.0102736596 0.999767721 0.0189432669 0.0248868186 0.999502063 0.0193990134 0.785759568 -0.535381436 0.309755474 -0.666370988 -0.744790316 0.0351735465 0.0112261577 0.245255187 -0.969393611 -0.0186475255 0.0730563179 -0.997153461 0.00635248795 -0.999977529 -0.00215356029 0.0296154786 -0.999389529 0.0185298081 0.00250568893 -0.999993742 -0.00251791533 0.0340374894 -0.999189079 0.0215083715 0.00289337733 -0.999898076 0.0139762852 -0.00245635887 -0.999991775 -0.00324449991 -0.00291051203 -0.999991536 0.00290422211 -0.0031489851 -0.999991655 -0.00259979465 -2.93467906e-06 0 -1 -5.22849678e-06 0 -1 -1.35272842e-06 0 -1 -4.47022376e-06 0 -1 0.0176915694 0.0186267477 -0.999669969 -0.000339240214 0.00981421955 -0.999951839 0.937679887 -0.128008127 0.32306397 -0.00533245644 -0.135916501 -0.990705967 0.981897116 -0.183636934 0.0464272127 -0.306899756 -0.950799346 -0.0423448049 -8.49501134e-07 0 1 -2.09566835e-07 0 1 -2.83479994e-06 0 1 -0.00207754527 0.993972719 0.109608471 0.74935329 -0.651150227 0.120303974 -0.00133467442 -0.997490466 0.0707883164 0.978320062 -0.133557349 0.158278897 -0.0020775469 0.993973672 0.109599829 -0.995719373 -0.000362128776 0.0924276263 -0.666238129 -0.74465549 0.0401877761 0.00203824602 0.99920249 0.0398796685 -0.482043117 0.549268901 -0.682596564 0.809318304 0.580470443 0.0897664055 0.757518947 -0.645186186 0.0994979665 -0.757345378 0.630248785 0.170922235 0.757518947 -0.645186186 0.099497132 -0.720009148 -0.693676353 0.0199941583 0.738541901 -0.629023612 0.242662922 0.720009148 0.693676353 0.0199960489 -0.887924552 -0.330239564 0.320205837 0.000724941143 -0.000207218516 -0.999999762 0.000516612025 -0.00116011174 -0.999999166 0.00389970024 0.00118225487 -0.999991715 0.0070737619 0.0069704554 -0.999950707 1.48493427e-06 0 -1 -0.000127767737 0.00316135376 -0.999995053 8.94968935e-07 0 -1 -0.999506533 -0.0180270839 -0.0257210825 -0.738542199 0.629023075 0.242663026 0.738542438 -0.629022896 0.2426631 0.0103816008 0.979098499 0.203121707 0.666205168 -0.722215831 0.185943246 -0.757519186 0.645185947 0.0994971693 0.72000879 0.693676949 0.0199960396 1.18767173e-06 0 -1 0.00203826954 0.99920249 0.0398794077 -0.0103815971 -0.97909826 0.203122512 -0.993574262 -0.00716847321 -0.112955242 -0.307400912 0.886441767 0.346014112 -0.986806273 0.134716585 0.0898041576 0.207194209 -0.0628821999 -0.976276815 -0.981869936 -0.189556256 0 0.822143257 -0.554837823 -0.127418652 0.998928785 0.0461753346 -0.00301100151 -0.0031686197 0.9777143 0.209915861 -0.00319054723 0.977285922 0.211901084 -0.953150809 0.289622307 0.0873069391 -0.952692866 0.28947252 0.0926384032 -0.983810067 0.179187149 -0.00312636653 0.714001834 0.671068132 -0.199672312 -1.02581157e-06 0 1 -9.4365733e-09 0 1 2.11777706e-06 0 -1 3.32705508e-06 0 -1 -2.81414032e-06 0 -1 -5.75044453e-07 0 -1 -3.50033724e-06 0 -1 -2.87683497e-06 0 -1 -1.70814678e-06 0 -1 2.72766874e-06 0 -1 -0.678026199 0.735037684 0 -0.738541603 0.629023373 0.242664471 2.87605349e-06 0 -1 3.55786938e-06 0 -1 1.66941629e-06 0 -1 -5.99880877e-07 0 -1 -0.988206685 -0.0977488607 0.117866829 0.733326197 -0.677634358 0.0551756173 -0.188252583 -0.97998631 0.0647139996 6.01177862e-06 0 -1 3.59193655e-06 0 -1 2.44553098e-06 0 -1 7.26293138e-07 0 -1 -7.18500644e-07 0 -1 -0.738541305 0.629023135 0.242665991 0.289194405 0.953776658 0.0817114711 0.660542905 -0.730763197 0.172245145 -5.38712084e-06 0 1 -1.30329249e-06 0 1 -0.00298958458 0.0037701712 0.999988437 0.00413667643 -0.000502963376 0.999991298 -0.00411216449 0.00689183315 0.999967754 0.0205616094 -0.0466710441 0.998698652 -0.0753728822 -0.0700415 0.994692445 -0.991126776 -0.0980326831 0.0897628963 0.953040957 0.256121963 0.161600292 -0.738542557 0.629022539 0.242663145 -0.9551633 0.21594958 0.202555612 0.979112566 -0.188088492 0.0772084221 0.000339054823 -0.00981449336 -0.999951839 -0.0176918283 -0.0186268911 -0.999669969 -2.64356208e-06 0 -1 -0.98158133 0.188561723 -0.0307031274 -0.938971102 0.291754276 -0.18224366 -0.510730565 -0.856444657 0.0752115324 0.687565088 0.724321187 -0.0511170402 -0.718608856 0.682139277 -0.135230795 -0.0551839657 -0.0659747571 0.9962942 -0.891003311 -0.403265268 0.20854333 0.432491064 -0.897399366 0.0873265043 0.510958731 0.846111894 -0.151709855 -0.0340757482 0.999251723 0.0183029249 -0.0241949689 0.999683261 -0.0069243256 -0.038269449 0.999035537 0.0215253606 -0.0589630939 0.997494221 -0.0390987284 0.121646129 -0.0374027453 0.991868556 0.994826138 0.10156852 0.0021517924 0.995489001 0.0948771462 -0.000215713997 0.994407237 0.10561315 0.000407986867 0.995208502 0.0977536589 0.00208553416 -4.48161842e-07 0 -1 -0.726717532 0.656873763 0.200993299 0.0734590665 0.98412782 0.161543012 -0.908816695 -0.411335796 0.0696780607 0.581206322 0.810370445 0.0741551742 0.741021335 0.669825912 0.0471251458 -0.296265095 0.953511 0.055169452 0.0132885361 0.9998613 0.0100374175 0.0145938471 0.999844313 0.00992249418 -0.00357843679 0.999941289 0.0102261612 -0.00423444156 0.999951005 0.00894784834 0.379642785 -0.907754362 -0.178475276 -0.700982749 0.712654114 0.0273353923 -0.0103816055 -0.979099095 0.203118593 -0.296265662 0.953510225 0.0551804304 0.58816576 0.803678155 0.0903470367 0.403934658 -0.892486334 0.200760886 -0.000131170455 0.00124966074 0.999999166 1.52831842e-06 0 1 -1.51378163e-06 0 1 -0.00361025729 0.998670101 -0.0514289699 -0.703395545 0.708780408 0.0535271615 -0.821567237 0.559777498 0.108058229 0.0222677663 -0.0475565232 0.998620272 -0.0742057785 -0.0709897578 0.994712949 -0.00272903801 0.00376728456 0.999989152 -0.0103166411 0.00589146046 0.999929368 0.940882325 -0.320480675 0.10969384 0.942928433 -0.292970121 0.15828599 0.410472065 -0.906959772 0.0945335478 0.21934545 -0.970203578 0.102920189 -0.0579783581 0.997333229 -0.0443290882 -0.322903454 0.902809918 0.284020305 -0.693750024 0.720092595 0.0133267166 0.956633806 -0.174190283 0.233472779 -0.753886163 0.652452588 0.0772092566 0.0105226124 -0.998526096 0.0532432683 -0.019825859 -0.987650812 0.155411497 -0.00520982267 0.999975562 -0.00465636561 0.00599436974 0.999962687 -0.00622650003 -0.997003913 0.0771949217 0.0049164705 -0.702392757 -0.709754586 -0.0537851527 0.666369379 0.744791746 0.0351734608 -1.97613033e-07 0 1 -0.00823872816 -0.999966025 0.000323135901 0.0171125364 -0.999798596 0.0104861306 0.951662779 0.215155482 0.219194189 -0.731639743 -0.67987448 0.0497393906 -1.4959511e-06 0 -1 -8.2462094e-07 0 -1 -3.31141359e-06 0 -1 -1.96810015e-06 0 -1 5.04876425e-06 0 -1 -0.00336406659 -0.00117385562 -0.999993622 -0.00161924376 0.000438051706 -0.999998569 0.00522804167 0.135776013 -0.990725756 -2.321593e-06 -0.000141152239 -1 3.50444651e-07 0 -1 -4.92973584e-07 0 -1 -1.24701978e-06 0 -1 -1.90164826e-06 0 -1 -0.75352639 0.652131736 0.0831992477 -0.0168732367 -0.777680457 -0.628433168 -0.286502063 -0.942928731 0.169711486 0.981871128 0.189549968 0 -0.727033794 0.680307448 -0.0927549154 -0.306835204 -0.95059526 0.0471261516 0.998911798 0.0465748571 0.00245458097 -5.93730647e-07 0 -1 -3.72410625e-07 0 -1 -5.1646266e-06 0 -1 0.88644141 0.307408273 0.34600836 -0.00400170265 0.999984086 -0.0039856839 -0.00329380902 0.999991655 -0.00242429576 -0.050310567 -0.675006211 0.736094773 0 -1.04825222e-06 1 -6.63243043e-08 -5.46207673e-07 1 0.0166753251 0.0401464216 0.99905467 0 -4.79204175e-07 1 0 -8.28562634e-07 1 1.03597176e-06 0 1 1.39193435e-06 0 1 1.37965941e-07 0 1 -0.651406467 -0.752684712 0.0955782309 -1 -1.25041947e-06 -1.33244089e-06 -1 -3.78414848e-06 2.12958894e-05 -0.999954343 0.00944231823 -0.0015059273 -1 7.69579947e-06 -1.28846987e-05 -1 -4.70409941e-05 8.66759074e-05 -1 -3.94854906e-05 5.86664391e-05 -1 -6.39424834e-05 5.75606355e-05 -0.999742091 0.0227022097 0.00056471827 -0.999462128 0.0233031008 -0.0230737124 -0.999323487 0.0206715502 -0.0304190125 -0.682474077 0.729338467 -0.0479008295 0.922383368 0.249366581 0.295000404 -0.690476656 -0.721784651 -0.0476328507 -0.936541796 -0.217917219 0.274593681 0.000780842325 0.803374767 -0.595473111 -0.97980541 0.188834205 0.0657484755 0.991386116 -0.0739979744 0.10806381 0.966027379 -0.175276518 -0.189919204 -0.0984020457 -0.994868457 -0.0235327911 0.908196867 -0.39088133 0.14963378 -0.00571598951 -0.999961138 -0.00671847211 -0.00867203157 0.998557091 0.0529952496 -0.00723631307 -0.998674512 0.0509592183 -5.38251243e-07 0 1 -7.60187675e-07 0 1 -8.04697777e-07 0 1 0.00530504622 -0.00419102563 0.999977171 0.0076455567 -0.00654417742 0.999949396 -0.0231907256 -0.0229385514 0.99946785 -0.766129375 -0.637554646 0.0810539126 0.129600793 0.949362755 0.286205977 -2.08157121e-06 0 1 -6.95998722e-07 0 1 -1.16479771e-06 0 1 -1.07147559e-06 0 1 -2.48056949e-06 0 1 1.25237523e-06 0 1 7.49107585e-07 0 1 -1.88686374e-06 0 1 -1.62783545e-06 0 1 -0.000581943314 -0.0804065466 -0.996761918 0.011278226 -0.0256711841 -0.999606848 0.0185404792 -0.0739507973 -0.997089565 -2.14866782e-06 0 -1 -1.15925744e-07 0 -1 3.30679836e-06 0 -1 -1 -3.65826008e-06 0 -0.999988556 0.000333145581 -0.0047645634 -0.000782771735 -0.803372145 -0.595476806 0.952403843 -0.295929193 0.0731616244 0.052108027 0.676368773 0.734717667 -0.0186129529 0.999810576 -0.00568851596 -0.00448407792 0.999875307 0.0151455095 0.0029153733 0.999991417 0.00292023714 -0.00830331724 0.99996078 -0.00307749072 -0.00404468644 0.999979794 0.00489647361 0.982661605 0.138778538 0.122949369 -0.984620929 -0.0973863751 -0.145042822 0.911382318 -0.21206373 -0.352719575 1.42658382e-06 0 1 -1.03060961e-06 0 1 -3.55645284e-06 0 1 -2.82763722e-06 0 1 -3.37266397e-06 0 1 -6.06161962e-07 0 1 0.995121956 -0.0984322578 -0.00659208652 -0.990896523 0.00854422152 0.134353831 -0.991147399 0.008498271 0.132493988 -0.00891710073 0.993627429 -0.112361133 -0.0088280458 0.993914962 -0.109795503 -0.682473898 0.729338288 -0.0479061902 0.90828228 -0.411078483 -0.0777036548 -0.0589296967 0.996936142 0.0514367558 -0.000191900937 6.08534283e-05 0.999999881 -0.974488854 -0.220319927 0.0427877493 0.953180969 0.173555136 -0.24763827 0.00704193814 -0.999964118 -0.00470110588 -0.932111323 -0.359578997 -0.0432600118 0.0104288151 -0.989292502 -0.145573273 -0.00187522068 -0.9980762 0.0619709902 5.31247451e-07 0 1 -1.66826283e-06 0 1 1.40443149e-06 0 1 -4.15041504e-05 -0.00036973058 0.999999881 0.00013590249 -0.000344131491 0.99999994 -0.00013909259 -0.000738319766 0.999999642 -6.86444935e-07 0 1 -1.73819978e-06 0 1 6.78181948e-07 0 1 -3.92261796e-08 0 1 -7.25891994e-07 0 1 -2.88453549e-07 0 1 -0.000435655442 0.00250482326 0.999996781 0.00246589095 -0.000202838826 0.99999696 0.000474759232 0.00121367828 0.999999106 -1.37463104e-07 0 1 1.4137477e-07 0 1 3.6400678e-07 0 1 -2.1445155e-08 0 1 5.45519526e-07 0 1 1.30355495e-08 0 1 -5.9068924e-07 0 1 1.09795828e-07 0 1 3.98666572e-07 0 1 0.00112007058 0.00030874199 0.999999344 -4.63940324e-07 0 1 -4.95311542e-06 0 1 0.000584635825 -0.000152305001 0.999999881 2.01227948e-07 0 1 1.85006265e-05 0 1 2.37010539e-07 0 1 4.03166297e-07 0 1 1.59398482e-07 0 1 2.85807374e-07 0 1 -3.23728977e-06 0 1 -1.73089848e-06 0 1 -9.8042824e-07 0 1 5.62951016e-07 0 -1 -6.29259347e-08 0 -1 3.78109348e-07 0 -1 2.48311238e-07 0 -1 -2.06069771e-07 0 -1 6.24241352e-07 0 -1 -2.2135705e-06 0 -1 4.27805389e-07 0 -1 2.22594622e-06 0 -1 -0.00592910545 -0.00457266998 -0.999971986 4.08671326e-07 0 -1 2.45772981e-07 0 -1 -4.35718675e-07 0 -1 -1.43379873e-06 0 -1 5.58801776e-06 0 -1 -0.000742449658 0.000697404728 -0.999999523 -3.74187351e-07 0 -1 1.29423756e-06 0 -1 1.11151337e-07 0 -1 9.73416334e-08 0 -1 -9.74135759e-08 0 -1 8.88448824e-07 0 -1 4.41025705e-09 0 -1 7.61343912e-08 0 -1 1.07050746e-05 0 -1 3.985067e-06 0 -1 1.17165337e-06 0 -1 -1.6549528e-07 0 -1 5.02184321e-06 0 -1 0.000778348709 1.520351e-05 -0.999999702 0.00188055169 -0.00208098511 -0.999996006 0.000227644545 0.000265416864 -0.999999881 3.09625684e-05 0.000516435946 -0.99999994 9.26775954e-07 0 -1 6.08890431e-08 0 -1 9.9851195e-07 0 -1 -9.83823975e-06 0 -1 -8.41549593e-07 0 -1 7.23112521e-07 0 -1 1.78554789e-08 0 -1 8.8772758e-08 0 -1 4.17190591e-07 0 -1 5.43675412e-07 0 -1 1.40469672e-06 0 -1 1.84475425e-07 0 -1 1.19719778e-06 0 -1 8.83373161e-07 0 -1 -2.0034247e-06 0 -1 -1.9211825e-06 0 -1 -8.6441537e-07 0 -1 -6.54580026e-06 0 -1 -1.25786485e-07 0 -1 3.08967202e-07 0 -1 2.16384456e-06 0 -1 1.25036286e-06 0 -1 -1.11252405e-07 0 -1 1.82561038e-07 0 -1 1.60634826e-07 0 -1 4.79288246e-07 0 -1 -2.91885181e-06 0 -1 2.78538064e-05 0 -1 -0.115263447 -0.992656708 0.0367010385 -0.693941057 -0.718969703 -0.0390944928 -0.00043009629 -0.0157506317 -0.999875844 0.11735981 0.992421985 0.0364059918 2.06393861e-06 0 1 1.67838016e-06 0 1 7.177722e-05 0 1 0.00124024099 0.03679768 0.999321938 -2.35343236e-06 0 1 4.71585054e-06 0 1 -0.0226848442 0.00805353466 -0.999710202 -0.0297831949 -0.0135075562 -0.999465048 -0.0167562347 -0.00378354639 -0.999852419 -0.000718850235 0.00875258166 -0.999961495 1.29932835e-06 0 -1 1.15176135e-06 0 -1 8.26009364e-06 0 -1 2.00021691e-06 0 -1 1.01081832e-06 0 -1 8.32697788e-06 0 -1 1.59605986e-06 0 -1 1.85543092e-06 0 -1 7.34305388e-07 0 -1 2.73469868e-06 0 -1 -5.99538566e-07 0 -1 -1.28339764e-06 0 -1 1.40481984e-06 0 -1 3.30543713e-07 0 -1 -0.010381612 -0.979099512 0.203116506 0.644137144 0.759024739 0.094704099 0.998024106 -0.0423858389 0.0463826433 0.998509347 -0.0393520929 0.0378225595 0.999836862 -0.0180612151 -0.00014876666 1 -4.64460391e-06 -1.5154319e-06 1 7.82595744e-05 0.000127525898 1 7.45375e-05 9.31436225e-05 1 0.000172146669 1.55118323e-05 0.880739808 -0.37906301 0.283916146 -8.05555658e-07 0 -1 8.22495167e-06 1.59148021e-06 -1 4.34218407e-07 2.63576936e-07 -1 3.13525277e-07 0 -1 8.0232968e-07 0 -1 -4.13543461e-07 5.62729952e-08 -1 2.2877864e-06 1.46206742e-06 -1 -6.08630657e-08 0 -1 -1.31118369e-07 0 -1 -2.32807281e-07 0 -1 -2.25201507e-06 0 -1 -1.02806304e-07 0 -1 0 3.15676459e-07 -1 1.01482044e-06 0 -1 -3.76614224e-08 4.9924239e-07 -1 1.01471066e-07 4.24292153e-07 -1 5.3036257e-07 -1.8012322e-06 -1 3.01293767e-07 6.20524133e-07 -1 3.31857154e-06 5.95693109e-07 -1 -3.01367351e-07 9.36307529e-08 -1 -5.25463015e-08 1.15884052e-06 -1 1.05753588e-06 2.60662682e-06 -1 1.86365287e-06 1.64360597e-06 -1 4.24319933e-06 0 -1 -1.74996888e-08 0 -1 1.29465025e-06 -2.59582237e-07 -1 -7.61332558e-07 0 -1 -5.27898464e-06 0 -1 5.84249619e-06 0 -1 6.52458027e-07 0 -1 8.01890906e-07 -1.20080119e-06 -1 6.80243886e-07 -1.16061267e-06 -1 3.5654665e-07 -2.30304477e-06 -1 3.11368967e-06 -2.49067557e-06 -1 2.54941847e-06 -6.84533234e-07 -1 2.81230513e-07 -1.76135575e-06 -1 5.57160865e-06 -5.60896012e-07 -1 5.13473105e-06 -5.54827579e-07 -1 -1.23017583e-06 -5.835156e-07 -1 -1.30246042e-06 -8.17802061e-07 -1 2.14274358e-08 0 -1 -1.64354958e-06 5.04305774e-07 -1 -5.32928254e-07 8.94294317e-07 -1 7.48713489e-07 0 -1 -1.3039579e-06 0 -1 7.01876886e-08 0 -1 7.35748699e-07 0 -1 -1.06120626e-06 2.25326986e-07 -1 8.52253379e-07 -5.31647402e-07 -1 -2.53675694e-07 -3.64165601e-07 -1 -8.88025625e-07 6.08110781e-07 -1 -5.782843e-07 2.16963099e-06 -1 -2.55113463e-07 6.52412723e-07 -1 3.05416478e-07 -1.12103088e-07 -1 1.85922516e-07 1.961957e-07 -1 -1.02818331e-06 8.04151e-07 -1 -1.80969982e-06 -3.58672139e-07 -1 -3.69660796e-07 -7.79044882e-08 -1 1.19872698e-06 3.03917955e-06 -1 -5.67316398e-08 9.04699426e-09 -1 -9.87940663e-09 0 -1 -3.40873605e-08 0 -1 -3.60729496e-06 0 -1 -2.84688736e-06 -1.52124505e-06 -1 2.94988752e-07 -6.58050737e-07 -1 1.62640208e-06 -2.48924692e-07 -1 4.37903424e-07 -2.20514607e-07 -1 8.06579101e-06 -2.99761109e-06 -1 1.10120732e-06 -7.4930972e-07 -1 0 4.23176857e-07 -1 4.63639253e-07 -2.18088962e-06 -1 1.55101361e-06 -2.05627543e-06 -1 -8.91284685e-07 -1.1050729e-06 -1 -3.58512182e-07 -6.43477051e-07 -1 -4.3203363e-07 -7.70328299e-08 -1 -1.67084309e-07 1.17185607e-07 -1 0 7.85944053e-07 -1 6.45681382e-07 -1.13474341e-08 -1 -3.31919218e-05 0 -1 4.30013642e-07 -1.87888361e-06 -1 -1.39662261e-05 0 -1 -5.08236326e-06 0 -1 2.17040861e-06 -5.74034061e-07 -1 -0.887926221 -0.330236197 0.320204586 0.684846938 -0.728686988 0 -0.652852356 -0.751313686 0.096495904 0.0103816092 0.979099452 0.203117087 -2.28876203e-07 1.68226336e-07 -1 2.02995443e-06 0 -1 -2.88798162e-07 -8.12810015e-07 -1 4.22286575e-05 0.000359992147 -0.999999881 -2.02015684e-08 7.45832551e-07 -1 -0.00152746739 0.000405751955 -0.999998748 -0.000162562559 0.000440473872 -0.999999881 3.39999024e-05 -0.00225672475 -0.999997497 -0.000923615706 -0.000412509165 -0.999999523 0.00426778663 -0.00219989265 -0.999988437 0.00273762853 -0.00309108035 -0.999991477 -1.4746613e-06 -5.346948e-06 -1 -4.05871987e-07 -1.74985473e-07 -1 -6.4040114e-07 0 -1 -0.00207761419 -0.993973136 -0.10960415 -3.1001573e-06 0 -1 -9.91802244e-06 0 -1 -1.81934126e-06 0 -1 3.87166097e-07 0 -1 4.09735406e-07 0 -1 1.52377322e-06 0 -1 1.15208013e-06 0 -1 2.82800727e-07 0 -1 9.91513502e-07 0 -1 1.55938352e-07 0 -1 8.10304755e-06 0 -1 1.31361367e-05 0 -1 1.46945354e-06 0 -1 -4.65692756e-06 0 -1 8.30461374e-07 0 -1 1.93070491e-06 0 -1 -3.70399357e-06 0 -1 5.23981498e-06 0 -1 3.4892247e-07 0 -1 -7.37157791e-07 0 -1 3.14576283e-07 0 -1 1.53384781e-06 0 -1 -5.2016884e-07 0 -1 1.43977275e-08 0 -1 0.994013667 -0.074194178 0.080199644 -2.80422739e-07 0 1 3.038042e-07 0 1 -1.10779077e-07 0 1 -3.65247274e-07 0 1 -5.73155205e-07 0 1 -2.53589349e-07 0 1 6.40575479e-07 0 1 -3.5020189e-06 0 1 -5.40859389e-07 0 1 1.42926922e-07 0 1 9.7422614e-08 0 1 -2.56868073e-08 0 1 1.90520609e-07 0 1 -3.04785146e-07 0 1 -4.84889688e-06 0 1 2.06012317e-07 0 1 2.61451396e-06 0 1 1.42778526e-06 0 1 -4.62621784e-07 0 1 -2.95689711e-06 0 1 3.2359722e-07 0 1 -8.07854576e-07 0 1 5.87443303e-08 0 1 6.8940281e-08 0 1 1.55095378e-07 0 1 2.4654546e-06 0 1 2.69969996e-06 0 1 -1.08650488e-06 0 1 -7.92898447e-07 0 1 -3.49126793e-07 0 1 0.000643964973 0.000567806419 0.999999702 -2.02677171e-07 0 1 0.0016643008 0.000440477539 0.99999851 3.65654557e-07 0 1 1.97215195e-06 0 1 1.66640906e-08 0 1 -2.76801757e-07 0 1 -7.33710294e-07 0 1 -1.23135135e-06 0 1 -3.96139922e-06 0 1 -4.77308049e-07 0 1 -4.45206013e-07 0 1 2.23928191e-06 0 1 4.0314244e-06 0 1 -3.72784143e-07 0 1 -0.9408831 0.320480257 0.109686986 -0.967328966 -0.218712151 0.128216863 -0.687560499 -0.724325597 -0.0511172786 0.482833683 0.872263312 0.0776414946 0.289543152 0.952928126 0.089960441 -0.680483222 0.727219582 0.0899687558 0.941357255 0.2924923 -0.168210715 0.10819269 -0.982364237 -0.15249525 -0.121644728 -0.0374015905 -0.991868854 9.00633154e-07 0 1 2.06398158e-06 0 1 -6.97288328e-07 0 1 6.09861172e-06 0 1 3.73089006e-06 0 1 -2.39308065e-06 0 1 1.39492295e-06 0 1 -2.53762011e-07 0 1 6.07862944e-07 0 1 7.67342135e-06 0 1 -4.61103764e-06 0 1 -0.00122424029 -0.000990142114 0.999998689 7.24056235e-07 0 1 2.02341084e-06 0 1 -3.38699095e-07 0 1 -1.20791913e-06 0 1 -7.14982718e-07 0 1 -3.3731751e-06 0 1 3.39089434e-06 0 1 -0.731645823 0.679867506 -0.0497466177 0.108364612 -0.981125712 -0.160154641 5.86418253e-07 0 1 1.79121082e-06 0 1 -0.00324986968 -0.000912536692 0.999994338 2.56331134e-07 0 1 -2.21338709e-07 0 1 -1.59316551e-05 0 1 9.32557896e-07 0 1 -1.38564246e-06 0 1 2.97375277e-06 0 1 -3.32678773e-08 0 1 1.14858885e-07 0 1 -2.7274309e-08 0 1 -2.21624668e-06 0 1 -4.07347807e-06 0 1 -1.49745574e-06 0 1 -3.04401539e-07 0 1 -3.02191154e-07 0 1 0.00243170629 -0.00196275325 0.999995112 0.00621807715 -0.00184500753 0.99997896 -1.28926445e-06 0 1 -0.00068843452 -0.0858419836 0.996308565 6.47214506e-07 0 1 1.94769667e-09 0 1 0.220387772 -0.974801421 0.03451626 0.00798839796 -0.00833995081 0.999933362 -0.99925369 -0.0385484025 -0.00245564082 -0.981870055 -0.189555466 0 -0.545590043 0.832629859 0.0951789841 -0.0103816884 -0.979098439 0.20312196 0.95391053 -0.296366692 0.0471315719 0.97994101 -0.133778408 0.14771235 0.00335559249 -0.00101930439 0.999993861 -0.000563810871 0.0833033472 0.996524096 1.08946213e-10 0 1 7.17712567e-07 0 1 1.05003676e-06 0 1 2.76046762e-07 0 1 1.58795356e-05 0 1 -5.44519025e-06 0 1 1.73966873e-06 0 1 3.30592314e-07 0 1 -0.835415959 -0.5488199 0.0296122711 0.685603261 -0.680406094 0.258835346 0.319807649 -0.92221868 0.217338055 -0.544659317 -0.799377978 0.253655493 0.00121847179 -0.995357156 0.0962418094 -0.0017664429 0.999998391 0.000314330682 -0.171180919 -0.0256268699 0.984906316 -1 -6.47718753e-06 3.41844702e-06 -1 -3.11650683e-06 1.64479002e-06 -1 -2.23755546e-06 1.18090827e-06 -1 1.89991468e-07 0 -1 4.45510182e-07 0 -1 -7.07114759e-06 0 -1 -2.63959055e-06 -1.22751533e-06 -1 -1.64475739e-06 -1.3410247e-06 -1 0 -3.17332479e-06 -1 -5.48820617e-06 0 1 -3.67213966e-06 3.79815646e-07 1 4.05129441e-07 1.94954123e-06 1 -1.64441053e-06 5.84724603e-07 1 7.77713831e-06 3.7253094e-06 1 -3.19130936e-06 0 1 -1.44577157e-07 0 1 9.53667154e-07 0 1 -1.29422051e-06 0 1 -4.23787981e-07 0 0.581405282 0.810625017 0.0696765631 -0.666101396 -0.744490087 0.0452052131 -0.286509454 -0.942926586 0.169710577 0.326967984 -0.9446522 0.0269083269 5.9514623e-06 0 -1 0.284954786 0.917136133 0.278679281 0.957513154 -0.173728958 -0.2301884 -0.646963894 -0.759613812 0.0665170252 -0.88644141 -0.307408273 0.34600836 -0.999951839 0.00940030534 0.00284017297 -0.99801439 0.0426540263 0.0463453494 -0.998510063 0.0395025685 0.0376462266 -0.999834478 0.0181893557 3.23061031e-05 -1 -2.21375194e-06 0 -1 1.50970584e-06 0 -1 1.33032495e-06 0 -1 8.47656079e-09 0 -0.983284354 0.182076469 2.94397e-06 -0.99859482 0.0101002585 0.0520236008 -0.995426893 -0.00707150577 0.0952645391 0.0152761508 0.784035683 -0.620527625 0.995380819 -0.00231763977 -0.0959775299 0.759731531 0.645754218 0.076220423 -0.00569090387 -0.999809504 -0.0186669976 -0.0239087269 -0.999572396 0.0168320537 0.926159501 -0.177911326 0.332529753 -0.684861124 0.728673518 0 0.700717092 -0.70608604 0.102166049 0.950424016 0.306782216 -0.0507824831 0.973244369 0.220039517 0.0661674291 0.00704652211 -0.999975085 0.000251415448 0.00224553142 -0.999926388 0.0119225075 -0.905465484 -0.409816563 0.1103753 0.830222905 0.55490613 0.0530023687 -0.706079066 -0.700723946 0.102167673 0.7260378 -0.656273365 0.205364227 -0.939867318 -0.303374678 0.156885564 0.208094001 0.969795585 0.127253786 -0.732658207 0.662268162 0.156884909 0.754060745 -0.652602315 0.074179627 -2.28318459e-06 0 -1 -1.41736245e-06 0 -1 -0.0603895262 -0.99769187 -0.0310480092 -0.276007444 -0.92653048 0.255658239 -0.168216065 -0.979569972 0.110209264 0.00118837797 -0.999801874 -0.0198707227 4.74171757e-05 -0.999999702 -0.000773991924 -0.821569622 0.559773803 0.108058542 0.12282151 0.991441786 0.0442497879 -0.0981979668 -0.99272418 0.0696842223 -1 -6.04339547e-08 0 -1 -1.98943667e-06 0 -0.999954879 -0.00877963938 0.00363074872 -0.999715984 -0.023055084 0.00603160961 -0.998903692 -0.0377255157 0.0277180374 -0.998675942 -0.0395639353 0.0328816697 -0.983357072 -0.181683585 0 0.747439861 0.646867096 -0.151316628 -0.207202911 -0.965636909 0.156883195 -0.637938857 0.761113346 -0.117219195 0.744511068 -0.648822486 0.157266155 0.668289363 0.739336669 0.0822839066 -0.0150444871 0.999811172 -0.012303195 0.00211672066 0.999939919 -0.0107542872 -0.0157017 0.999809921 -0.0115527166 0.00613124482 0.999974489 0.00366338878 -0.00450004032 0.999972582 0.00587466266 0.00247202348 0.999956071 -0.00904047675 -0.225769535 0.970272303 0.0871767923 0.999919653 0.0124109779 0.00256757624 -1.55221778e-06 0 1 -8.28793134e-07 5.40375027e-07 1 0.731646001 -0.679867685 -0.0497389995 -0.0203066245 -0.03919705 0.999025106 -0.0400822237 -0.0804656222 0.995951116 -0.005777705 -0.0119987084 0.999911368 0.000865414389 0.00145167671 0.999998569 0.00353676104 0.00241771457 0.99999088 -0.000556300394 0.00138442102 0.999998927 0.00118469901 0.00145618303 0.999998271 -1.29242574e-06 0 1 -2.83305531e-06 0 1 -2.95258974e-06 0 1 -3.84002169e-06 0 1 0.998911798 0.0465748571 0.00245453743 0.992817402 -0.119628131 0.0016268437 -0.998928547 0.0461861268 0.00291615492 -0.224477321 0.964720905 0.137562931 -0.0984027162 -0.994868398 -0.0235296711 0.0129188029 0.998654604 0.0502191745 0.483522028 0.873513997 0.0563885607 -0.674791396 0.726171196 0.13165164 0.727397442 0.680657089 0.0871715769 -0.678044021 0.733774662 0.0427902676 0.904896379 0.336552143 0.260566831 1 -2.15002819e-06 0 0.999999881 -0.000440224074 0.000218195884 1 -0.000145708706 -4.32486559e-05 1 -9.43264808e-07 0 0.999842167 -0.0177621245 -0.000321595668 0.999952972 -0.00932533853 0.00266828365 0.998511195 -0.0396738127 0.0374347605 0.998001158 -0.0430091694 0.0463019088 0.704950511 0.699611068 0.116572313 -0.991208792 -0.0662480816 -0.114526451 0.760746598 -0.600462377 0.246393278 0.731641412 -0.679872632 -0.0497386456 -0.719255745 -0.663495183 -0.20602271 -0.83022505 -0.554903269 0.0529968329 -0.981204033 0.133954495 0.138906717 -0.967332721 -0.218699723 0.128210053 -0.974892795 -0.0964241922 -0.20071426 -0.0633457825 0.0681719929 0.995660543 -0.225039363 -0.233772933 -0.945889711 -0.122820109 -0.991441786 0.0442532972 -0.109085128 0.990456522 -0.0842401162 0.942926168 -0.292981327 0.158278883 1 -3.63385288e-06 -3.43024703e-06 1 -1.33241622e-06 -1.25776057e-06 -0.272041202 0.895309925 -0.352723271 0.00245280657 -0.0828650817 -0.996557832 -0.00511281146 -0.0529083051 -0.998586237 0.0393499658 -0.0365698524 -0.998556077 0.999977887 0.00662810635 0.000405695493 -0.998432338 0.0559253432 -0.0023404758 -0.752252519 0.640697241 0.153698385 -0.266865343 -0.930049121 0.252569795 0.216759488 -0.95872587 -0.184010565 0.449328095 -0.892637849 -0.0360822119 0.451708615 -0.891501129 -0.0344228297 -0.678035259 0.733773232 -0.0429537036 -0.961455703 0.267778397 -0.0624305271 -1 0 3.43037186e-06 -1 -1.96015731e-06 1.25777615e-06 -1 -3.15946818e-06 1.48563902e-06 -1 3.89517663e-06 0 -1 2.42739043e-06 0 -1 -2.75217417e-06 0 -1 -7.6532416e-07 -1.36128307e-07 -1 2.12087662e-06 -4.73315225e-07 -1 -1.76225012e-06 -3.93031883e-07 -1 -3.92298398e-06 0 0.723294079 -0.668353617 -0.173634633 -0.207204297 -0.0628729686 0.976275265 -3.13422476e-07 0 1 3.38266005e-07 0 1 -9.30032911e-07 0 1 -1.78797052e-07 0 1 -2.34811296e-06 0 1 2.6270979e-07 0 1 -1.00647821e-06 0 1 -9.24450205e-07 0 1 -1.36984582e-07 0 1 -3.95910831e-07 0 1 2.53652456e-06 0 1 -4.16517423e-06 0 1 -2.93022765e-07 0 1 -1.24741405e-06 0 1 2.3361703e-07 0 1 2.10209279e-07 0 1 3.198966e-07 0 1 9.65427375e-07 0 1 -6.21657875e-07 0 1 1.56027468e-07 0 1 -2.08590762e-07 0 1 6.36049776e-07 0 1 -5.14740009e-07 0 1 -8.15937256e-06 0 0.99999994 -0.00249855802 0.0023665328 0.999994099 -0.00555485021 0.00189322222 0.999982774 -0.0099987248 -0.00281899399 0.999945998 1.93841334e-08 0 1 3.77138889e-07 0 1 5.65491064e-07 0 1 -1.51470729e-08 0 1 1.89691946e-06 0 1 -2.73944607e-07 0 1 -1.33530861e-07 0 1 8.62513787e-07 0 1 7.02603643e-07 0 1 2.351484e-06 0 1 0.00461322768 -0.0045998767 0.999978781 0.00410328619 -0.00306587457 0.999986827 -0.00544624077 0.0031579705 0.999980152 -0.0222690012 0.0475565195 0.998620272 -0.00185510889 0.035701938 0.99936074 0.074197568 0.0709893256 0.994713604 5.14584281e-06 0 1 0.00302317413 -0.00631210627 0.999975502 3.28821297e-05 0 1 -0.0702254996 0.940831542 -0.331518441 -0.195134103 -0.218445525 -0.95614028 0.6733464 -0.719584405 0.169714153 0.482239753 0.871184945 0.0920948014 -0.0155450078 -0.999839365 0.0089249406 -0.659391701 0.751166821 -0.0308384784 0.961456358 -0.267778188 -0.0624219775 0.0503108799 0.675010383 0.736090899 0.997003317 0.0772124231 -0.00476566609 -0.971563518 -0.22607094 0.0703995526 0.65068233 -0.750501275 -0.115587041 -0.431277573 -0.894867122 -0.114945598 0.999715865 0.0230566207 0.00603216654 0.998903811 0.0377250724 0.0277152676 0.999954879 0.00877646077 0.00363060203 0.998676062 0.0395618491 0.0328780152 1 -6.25324731e-07 0 1 -5.19841342e-06 0 0.999999881 0.000398590812 0.000186365272 1 0.000415169983 -2.35911702e-05 1 -7.68601876e-06 0 -0.216904104 -0.959386528 -0.180361018 0.006692742 -0.999968588 0.00425112294 0.0155993151 -0.999812961 -0.0114364345 0.0143858362 -0.99981308 -0.0129196122 0.904896796 0.336552262 0.260565549 -0.340056539 0.914352775 0.219819456 -0.708720446 0.703347206 0.0549384914 0.0741920024 0.994014025 0.080197677 0.0170123503 -0.252959996 -0.967327237 -0.907401025 0.412951231 0.0780690759 -0.931744158 0.289496422 0.219190896 -0.887924373 -0.330239505 0.320206463 0.0982735083 0.993568897 0.0562423244 -0.732239425 -0.665983081 0.142450005 -0.693945587 -0.718965352 -0.0390933938 -0.0973097384 0.983829558 0.150366947 -0.986375511 0.101676278 0.12932609 0.994867861 -0.0984093696 -0.023531029 0.664763689 -0.735437572 0.131227806 0.992345333 0.116815679 0.0400593877 0.958925426 -0.229927167 0.166119307 -0.991208971 0.066247575 0.114525579 0.0855984688 -0.103632793 0.990925372 -0.757344902 0.630248427 0.170926005 0.704951108 0.699609697 0.116576441 -0.700982571 0.712654293 0.0273368098 0.938660324 0.291644424 0.184011608 0.0962585583 -0.994215131 -0.0476503409 0.876634896 -0.481148928 0.00264500128 0.982662201 0.13877587 0.122947685 -0.0112529853 -0.245254114 -0.969393492 0.873003006 0.420744717 0.246657223 -0.960795045 -0.259748369 0.09697254 0.00293794088 -0.988896251 0.148578227 1.83192806e-05 -0.999999523 0.000921720639 0.00290137832 -0.989172459 0.146729112 3.62372909e-10 -1 -2.26482619e-08 0.34811911 -0.936030269 0.0515788645 -0.0718108565 0.962071121 -0.263177514 0.984838486 -0.0182214081 -0.172514156 0.895224333 0.431439042 0.111506164 0.260187864 0.962425649 0.0777117386 0.666203856 -0.722216845 0.18594408 0.431613594 -0.895563066 0.108058579 -0.996048272 -0.00639472855 0.0885825828 -0.979401469 0.178336561 0.0947038159 -0.981870115 -0.189555094 0 0.99953568 -0.0177963711 0.0247335192 -0.999626398 -0.00641747797 -0.0265659895 0.982662201 0.13877587 0.122948341 -0.999017179 -0.0117526893 -0.0427378416 0.354471564 -0.906556547 0.229140118 -0.732661068 0.662264943 0.15688552 0.266865164 0.930048168 0.25257346 0.998396099 0.011745383 0.0553830788 0.800985932 0.597341537 0.0400575995 -0.984838367 0.0182214286 -0.172514603 -0.0010994958 0.00161935727 -0.999998093 -0.00118599937 0.00134757045 -0.999998331 0.996048272 0.00639475556 0.0885823667 0.632668138 0.760259032 0.147435442 0.693750858 -0.720091701 0.0133324098 -0.626905441 0.73869133 -0.24763827 -0.751312435 0.652853549 0.0964984372 -0.729053617 -0.682206273 0.055458013 0.972713351 -0.226336986 0.0509944186 -0.966777861 0.253323436 -0.034173537 -0.400173962 -0.884178162 0.241017938 -0.0103816912 -0.979098678 0.203120768 -0.0244947299 -0.995837986 -0.0877885595 -0.0984040573 -0.994868338 -0.0235305112 -7.84978624e-07 6.0607033e-07 -1 -8.90699425e-07 -1.34755101e-06 -1 -5.92789945e-07 -7.07357628e-07 -1 -4.46204325e-07 -1.23620651e-07 -1 1.11111704e-05 1.38615405e-07 -1 0.734371662 0.678605855 -0.0138658155 -0.370434463 -0.928827167 -0.00764615508 0.243507281 -0.723693192 0.645733893 0.24169369 -0.705665529 0.666048348 0.244096696 -0.729847431 0.638544798 0.132550836 0.917470515 0.375070781 0.264707267 0.818719804 0.509536982 0.220532909 0.856954932 0.465825677 0.311527938 -0.253245503 0.915869594 0.367511541 -0.587130785 0.721257746 0.355247408 -0.486394942 0.798260152 0.287069589 -0.402828723 0.86909157 0.319167793 -0.676733971 0.663447917 0.31330508 -0.600484252 0.735702813 -0.939420938 -0.00243674312 0.342757165 -0.939681411 -0.00560057722 0.342005014 -0.93917042 -0.00260416884 0.343441665 0 -1 6.59319355e-08 0 -1 1.57870443e-06 0 -1 1.64463825e-06 -0.308991164 -0.680978715 -0.663922071 -0.274576545 -0.39347589 -0.877373576 -0.290164739 -0.495864034 -0.818488479 0.939692855 -2.38702864e-06 -0.342019498 0.939693153 3.78671757e-07 -0.342018574 0.939692974 1.95455826e-07 -0.342019171 -0.417632818 0.107782252 -0.90220058 -0.347369373 -0.149743423 -0.925695121 -0.40383628 0.0479862802 -0.913571835 0.240864143 0.691425681 0.681113064 0.242698342 0.722414911 0.647467494 0.243201241 0.732503712 0.635839164 -0.939565182 0.0090094544 0.342251599 -0.939521492 0.00174723344 0.342485279 -0.940256178 0.00362741528 0.340448499 0.939692616 1.79117137e-06 -0.342020303 0.93969208 2.80097908e-07 -0.342021614 0.939692199 -6.48125678e-08 -0.342021257 -0.348562002 0.000313557975 -0.937285662 -0.335460156 -0.000313597382 -0.942054331 -0.348957926 0.000332560128 -0.937138379 0.343676031 -0.587746203 0.732421458 -0.0367761366 0.997642338 0.0579424053 0.20711416 0.905737579 0.36978811 0.125923872 0.955158412 0.267984331 0.0371993706 -0.999199867 -0.0146901421 0.00525690336 -0.999969363 -0.00579567859 0.0350852013 -0.99931699 -0.011595496 -0.342020422 0 -0.939692497 -0.342021257 0 -0.939692199 -0.342024863 0 -0.939690948 -0.240552247 -0.709217012 -0.662680805 -0.242463902 -0.726408243 -0.643072605 -0.239774153 -0.702483952 -0.670093 -0.940911055 -0.00306655699 0.338639945 -0.939758182 -0.00693386979 0.341769457 0.939692318 1.2389205e-06 -0.342021018 -0.00981799234 0.999942839 0.00423878664 0.00592466863 0.999978542 -0.00281013874 -0.0105958767 0.999933243 0.0045870929 0.34202075 0 0.939692378 0.342020929 0 0.939692318 0.342021734 0 0.93969202 0.939692438 0 -0.34202081 0.939692795 0 -0.342019558 0.939692438 0 -0.342020869 -0.939692914 0 0.342019588 -0.939692438 0 0.34202078 -0.939692855 0 0.342019498 0.567929089 0.237568527 -0.788046718 0.840682209 0.532338202 0.0993446112 0.8897807 -0.427672982 0.159329459 0.639167786 -0.445936114 -0.626582384 -0.318583667 0.331781536 -0.887933254 -0.338178247 0.390090764 -0.856425524 -0.348053724 0.420695782 -0.837778986 -0.0455877483 -0.994810998 0.0909544155 -0.0624027885 -0.973571718 -0.219690695 -0.0575191714 -0.991188526 -0.119318426 -0.00708026253 -0.99995029 0.00701338239 0.000419478893 -0.999992311 -0.00389894703 -0.0292078461 -0.999496043 0.0124339424 -0.0257979129 0.993153393 0.11393293 -0.164540231 -0.941972077 -0.292600662 -0.170700848 -0.828706384 -0.533016801 -0.159238383 -0.96737808 -0.197035134 0.626083612 0.379331499 -0.681268573 0.836027443 0.546267807 -0.0514736213 0.879692256 -0.405987084 0.247620612 0.579182863 -0.427695453 -0.693991184 0.0952672362 0.928243876 0.359565645 0.0896517858 0.961809456 0.258621693 0.08739838 0.971159339 0.221835688 0.76829648 0.484856963 -0.417892665 0.645973444 0.393645376 -0.654034853 0.768296778 0.484857321 -0.417891562 0.829889178 0.537742972 -0.148715734 0.961173773 0.0976207927 0.258099318 0.811009467 -0.57452935 -0.110361047 0.573242843 -0.221747696 -0.788809538 -0.289717019 0.635321915 -0.715842187 -0.246008217 0.701036215 -0.669349015 -0.301689595 0.615683794 -0.727953911 0.191378906 -0.950424969 0.245084539 0.352340519 0.000404942315 0.93587178 0.335570097 -0.000398619886 0.942015171 0.352838635 0.000428889849 0.935684144 0.7304492 -0.0694926307 -0.679422379 0.647524834 0.136954382 -0.74963659 0.642055392 0.426054239 -0.637371719 0.882149696 0.458002687 0.109751478 0.923802972 -0.347757518 0.160164416 0.731776536 -0.545145869 -0.409046441 0.692692161 -0.358953565 -0.625563562 -0.169156387 0.748452663 -0.641252398 0.273868352 0.19482401 0.941827953 0.295088559 0.747213125 0.595479012 -0.237978607 0.71199137 -0.660631835 -0.245700091 0.70218569 -0.668256462 -0.235339999 0.715292752 -0.658005655 0.240972131 -0.69881475 0.67349118 -0.938937902 -0.000861726585 0.344085634 -0.939058065 0.00077186944 0.34375754 -0.939197242 -0.00031317817 0.343378007 -0.939225912 0.00230523874 0.343292087 -0.940347254 -0.00411797175 0.340191275 -0.941345572 -0.00277811661 0.337432623 0.269086003 -0.302125782 0.914501429 -0.169659883 -0.762161374 -0.62476027 -0.35953331 -0.317739129 -0.877369702 -0.235054567 -0.576574862 -0.78250289 -0.171854764 -0.676240027 -0.716355622 -0.109853588 0.993185878 -0.0389103144 0.939693213 1.25143765e-06 -0.342018515 0.939692914 1.27422459e-06 -0.34201932 0.93969208 -6.53246445e-07 -0.342021495 0.0804488137 0.944269538 0.319191128 0.240133315 0.680670559 0.692115247 -0.941199243 0.00286394544 0.337839901 -0.940803587 0.00416758005 0.338926524 0.939693034 0 -0.342018813 0.939692795 5.82136863e-08 -0.342019588 0.939692259 -2.7633464e-06 -0.342021197 0.939692497 2.00257773e-06 -0.342020541 0.939693153 6.36687446e-07 -0.342018753 0.939692438 6.51831158e-07 -0.342020839 0.939694643 2.17116281e-07 -0.342014551 0.939687312 -1.37900003e-07 -0.342034578 0.939693689 1.63200777e-08 -0.342017323 0.939691901 -1.01567878e-06 -0.342022151 0.939692795 1.68526856e-06 -0.342019707 0.939691961 1.37759045e-07 -0.342021823 0.939692795 1.00901821e-06 -0.342019737 0.939692557 1.11733914e-06 -0.342020243 -0.335062146 -0.000332599506 -0.942196012 -0.342016876 0 -0.939693809 -0.243115529 -0.732513845 -0.635860145 0.00671581598 0.999972463 -0.00316438125 0.342020005 0 0.939692736 0.939692855 0 -0.342019498 -0.939692438 0 0.342020869 -0.308283597 0.302224994 -0.902009606 -0.00221281219 -0.999983907 0.00522323884 -0.0192413852 -0.999797583 0.00588310556 -0.199261591 0.660426259 -0.723969638 0.0966837257 0.916627765 0.387873501 -0.406092733 -0.18810159 -0.894263148 -0.0337691009 -0.992585957 0.116759814 -0.230799824 0.721875906 -0.652400672 0.253300428 -0.324563235 0.911316395 0.209171668 -0.431814641 0.877372921 0.352829844 -0.0140463309 0.935582042 -0.311499059 -0.745182753 -0.589636385 0.387937605 0.138731122 0.911185026 0.33506009 -0.000422974961 0.942196667 0.277997077 -0.116658211 0.953471839 -0.316493779 -0.238474175 -0.918129504 -0.0412749946 -0.986506343 0.158435345 -0.248315126 0.698815405 -0.670817912 -0.999467611 0.00866814703 -0.031454239 -0.999977171 0.0017944501 -0.00651154853 0.977629662 -0.194544584 -0.0799536034 0.997854412 -0.00403639162 -0.0653475523 0.980135322 -0.186982736 -0.0661217794 -2.1170456e-06 1 -6.24475751e-06 -1.03344464e-05 1 -2.66328993e-06 1.11848503e-05 1 -2.57222109e-06 -0.999467611 0.00866774097 -0.0314544588 -0.999977171 0.00179436628 -0.00651159417 0.981993139 0.188916788 -1.65937636e-05 0.855572104 0.517683625 -0.000434089598 0.819294691 0.468463033 0.330603242 0.492524415 -0.000415306364 -0.870298445 0.133742586 -0.000105568433 -0.99101615 0.506000876 0.000337509817 -0.862532973 -0.131347537 1.34711454e-05 -0.991336346 0.125593528 -0.000543997274 -0.992081642 0.638687193 -0.220586777 0.737170398 0.789788425 -0.495795339 0.361138672 0.936084092 -0.139727071 0.322835892 -0.856176555 -0.511817813 0.0707407221 -0.603485167 -0.794516623 0.0674470067 -0.586788177 -0.806439698 0.073039107 -0.999459565 0.00873310212 -0.0316908807 -0.999976873 0.00180743518 -0.00655886205 -0.00862819608 0.00925533753 0.999919951 0.00116631051 0.000531421916 0.999999166 0.00160147995 -0.00256438949 0.99999547 0.927458644 -0.159685984 -0.338113606 0.999986112 -0.00526045216 0.000451245345 -0.304595113 0.391828448 0.868154585 -0.206162438 0.624042571 0.75370276 -0.417114615 0.356076688 0.836196661 -0.991115928 -8.41343353e-05 0.133000374 -0.870955169 0.000425965292 0.491362333 -0.992204785 0.000503990508 0.12461637 -0.800097942 -0.00423882063 -0.59985441 -0.629744232 -0.124380179 -0.766780138 -0.785758913 -0.148219883 -0.600511312 0.623255908 -0.00504118716 0.782001674 0.43243286 -0.0447618812 0.900554419 -0.981758118 -0.190134391 5.44502436e-05 -0.999986053 -0.00526055275 -0.000451244676 -0.983194172 -0.182562053 -0.000611804251 0.198924556 -0.924380481 0.325499296 0.45912537 -0.823091567 -0.334251583 0.592870176 -0.735466897 0.328014344 -0.387905389 -0.00320696086 -0.921693623 -0.408378154 -0.079098396 -0.909379303 0.0836502388 -0.414131641 0.906365097 0.374024421 -0.518249214 0.769105673 0.191952452 -0.391275644 0.900031984 -0.817036331 -0.469151825 0.335183829 -0.721497834 -0.692411363 -0.00271370308 -0.55215013 -0.754988611 0.353726387 0.398825943 -0.51313144 -0.760022342 0.0892782733 -0.409388453 -0.907981575 0.270643085 -0.332185984 -0.903551161 0.647079349 -0.239862561 -0.723708749 0.740822136 -0.564263821 -0.364401996 -0.882520437 0.461818159 0.088778764 -0.806844175 0.58745271 0.0624637976 -0.590933383 0.803252816 0.0747162178 -0.651373327 -0.299893379 -0.69697684 -0.416233927 -0.354734331 -0.83720535 0.118968464 -0.613642514 0.780569911 -0.0493620001 -0.426158428 0.903300881 -0.213605046 -0.64468807 0.733996034 0.460609436 -0.0379167646 -0.88679266 0.403106302 -0.306281149 -0.862378776 -0.928492248 0.143651024 -0.342442065 -0.999986172 0.005237367 0.000352733623 -0.983184516 0.182613879 0.000611828116 -0.590968609 -0.803217471 -0.0748182982 -0.205117896 -0.976795852 -0.0616153553 -0.198245928 -0.977430522 -0.0729929581 -0.493068367 0.000304714631 -0.869990468 -0.125470594 0.000340914965 -0.992097318 0.720919013 0.693014264 -0.00266052526 0.550584197 0.749941826 0.366666466 0.195686191 -0.979033828 -0.056565918 0.472458243 -0.878491938 -0.0709590241 0.599720776 -0.797090411 -0.0705819502 0.122122929 -0.63289535 -0.764545262 -0.0397216417 -0.443864137 -0.895213246 0.50540185 -0.000338591082 0.862884045 0.862879217 0.000338242506 0.505410135 0.491196364 0.000451487751 0.871048748 0.198059738 -0.976155519 0.0888406858 0.479611903 -0.874756098 0.0690954998 0.605163634 -0.792862952 0.0717311054 -0.99974072 0.0120977564 -0.0192887671 -0.996889412 -0.078809917 0.000695288414 -0.999329329 0.0285782516 -0.022896193 0.991211057 -0.000105996281 -0.132289723 0.871057332 0.000410182256 -0.491181046 0.992226541 0.000492628606 -0.124443635 -0.159308329 -0.935362875 0.315780014 -0.386626452 -0.203018054 0.899613023 -0.620737195 -0.132059857 0.772816598 -0.510192811 -0.420256466 0.750391781 -0.294838727 -0.410388052 0.862932026 -0.207869962 -0.975632668 0.0702201724 -0.194203079 -0.978192329 0.073653467 0.133151472 9.27852016e-05 0.991095722 -0.13315168 -9.27699075e-05 0.991095662 -0.124258414 -0.000575591228 0.992249727 -1.11669979e-05 0.999993205 0.00368286925 -0.000580645923 0.999993801 0.00347718783 -0.14313066 0.929190814 0.340761125 -0.976111352 -0.19719854 -0.0912107602 -0.806725442 -0.587550879 -0.063072294 -0.88284272 -0.460813522 -0.0907728299 0.797908962 -0.598426342 0.0722990185 0.878341377 -0.472497672 0.0725417733 -0.439567447 -0.251715541 -0.862217963 0.40850848 0.350034803 -0.842968822 0.295561224 0.389944673 -0.872116268 0.20446524 0.630550444 -0.748732269 0.622552812 -0.00352392416 -0.782569885 0.411363333 -0.00256132171 -0.911467791 -3.14282511e-06 0.999994516 -0.00330932671 0.000538411376 0.999995351 -0.00300219771 0.14395681 0.930615067 -0.336499751 0.803698361 0.00436813431 -0.59502089 0.629792273 0.123054557 -0.766954541 0.786122143 0.146527737 -0.600451112 0.863429725 -0.000339427701 -0.504469037 -0.976036131 0.206406415 -0.0689192489 -0.997985661 0.00424475083 -0.0632971004 -0.975956619 0.207413763 -0.0669942275 -0.173190311 0.982311308 -0.0712007359 0.198547214 0.977386713 -0.0727606267 0.205878139 0.976582527 -0.0624556281 -0.491203427 -0.000451620348 0.871044815 -0.505404115 0.000338422833 0.862882733 -0.391822457 -0.00336748129 0.920034707 -0.614149332 -0.00389884342 0.789180219 -0.802569091 0.592697918 -0.0677654669 -0.630063295 0.124082446 0.766566277 -0.441684812 0.252906799 0.86078608 0.124255501 0.000575602287 0.992250144 -0.651349604 0.299893588 0.696999013 -0.78578651 0.148180455 0.600484848 -0.863039613 -0.000339195947 0.505136073 0.882629395 0.460989177 -0.0919470713 0.806068778 0.588291764 -0.0645450503 0.59061867 0.803237557 -0.0773248002 0.500471532 0.862273812 0.077538453 0.187173128 0.979792655 0.0705174953 0.174892172 0.982005477 0.0712597743 -0.773359895 -0.134801418 0.619469941 -0.147866383 -0.926984489 -0.344725013 0.976156175 0.197757855 -0.0895039886 0.997525036 0.0041496139 -0.0701887682 0.975865543 0.20400399 -0.0779026896 -0.98051548 -0.184883162 0.0663899779 -0.997745812 -0.00400697067 0.0669863895 -0.980151951 -0.187025487 0.0657547191 0.792865157 -0.0041370769 -0.609383047 0.182075962 -0.983284473 0.000183984099 0.653080285 0.296085119 -0.697007716 -0.857287109 -0.514838338 -0.000465196237 -0.85728246 0.514846206 0.000454897236 0.493946314 0.807685792 -0.321963936 -0.0424795151 -0.999021709 0.0122854458 -0.0460973904 -0.998786271 0.0173463318 -0.0367695503 -0.999004304 0.0252669696 -0.997348726 -0.00422114134 -0.0726484656 -0.975925207 -0.202850401 -0.0801356882 -0.496840119 0.805629313 0.322663009 0.874625862 -0.479735494 -0.0698820651 -0.693269789 0.720677793 -0.000724045385 -0.720793068 0.693149865 0.000817383756 0.773531139 0.132948592 0.619656563 0.617936373 0.00333655905 0.786221087 0.792149484 0.00411612354 0.610313237 0.62116462 0.137772739 0.771474719 0.343498915 0.245479107 0.906503499 0.416068703 0.0825806484 0.905575693 0.991096497 0.00010932373 0.133145526 0.992108941 -0.000485311262 0.125377968 0.263377875 0.400273889 0.877731621 0.212889105 0.652088642 0.727639019 0.0446767285 0.422051191 0.90547049 0.157234162 0.936493814 0.313459158 0.793721735 -0.604048967 -0.0716283023 -0.186339349 0.980009079 -0.0697136819 -0.50124383 0.862158477 -0.0737395734 -0.506557465 0.859459996 -0.0687609464 0.976041794 0.206919014 0.067282863 0.997623205 0.00397366798 0.0687906891 0.976099551 0.207469121 0.064699851 0.513478696 0.420626611 0.74793911 0.401215613 0.00229677418 0.915980816 0.178510725 -0.981075823 0.0749943405 -0.858395755 -0.508514702 0.0675983727 0.979084611 -0.193500668 0.0628554299 0.979667544 -0.185331166 0.0768354684 0.870482028 -0.000406662672 0.492200017 0.999986291 0.0052376953 -0.000352893316 0.982890964 0.184187368 -0.000610530726 -0.809229434 0.500048757 -0.308381408 0.13628982 -0.79266119 -0.594233334 -0.38804701 0.00321920146 0.921633959 -0.408577114 0.0780007243 0.909384787 -0.380373031 0.300976276 -0.874488235 -0.629279375 0.219469413 -0.745547175 -0.338523418 0.426124424 -0.838939786 0.000101182399 0.000754363078 -0.999999642 0.000438353483 -0.000997473137 -0.999999404 0.00245717959 -0.00166553096 -0.999995649 -0.136918128 0.633295417 -0.76170218 -0.243551806 0.435630351 -0.866549909 -0.50302422 -0.000257545355 -0.864272296 -0.863784313 0.000256297877 -0.503861666 -0.198597595 0.977375209 0.072777912 -0.204985678 0.976839483 0.0613637343 -0.99974072 0.0120980209 -0.0192887653 -0.996889591 -0.0788082033 0.000695289462 -0.136624053 0.777463317 -0.613909364 0.790198982 0.608365834 0.074003607 0.506092906 0.85940671 0.0727326944 -0.0398633145 0.445154995 0.894565701 -0.623210073 0.00351040973 -0.782046616 -0.793123245 0.00412039459 -0.609047353 -0.456186146 0.0424140841 -0.888872981 -0.412578553 0.00255268603 -0.910918415 0.00315707829 0.00134945498 0.999994159 0.0109827202 0.00464152405 0.999928832 -0.00514994236 -0.007099587 0.999961495 -0.976151168 0.197216853 0.0907437131 -0.997509122 0.00415239064 0.0704150125 -0.97592169 0.202866897 0.0801361352 -0.00327427639 -0.00386645622 -0.999987125 0.0149733983 0.00918714143 -0.999845684 0.00229577883 0.00170640368 -0.999995887 -0.991235971 0.000103716469 -0.132103354 -0.991962135 -0.000354841963 -0.126534536 0.798415363 -0.00722698169 0.602063715 0.408070236 -0.311319768 0.858230054 0.043000076 0.446930379 -0.89353466 0.174412385 -0.982062817 -0.0716447011 -0.0857184306 0.411399275 -0.907415628 -0.803715765 0.00436840672 0.594997466 -0.518775403 0.854910493 -0.000397220312 -0.496267766 -0.806226254 -0.322051942 -0.204539016 -0.611897111 -0.764032543 -0.000236839551 -0.0610718839 0.998133302 0.107441515 -0.0566043667 0.992598772 0.100055009 -0.0253533833 0.994658887 0.388022929 0.00321926712 -0.921644092 0.408394784 0.0790993348 -0.909371793 0.00171790412 0.0268705096 -0.999637485 -0.00171790831 -0.0268705785 -0.999637485 0.00186679873 0.0291994363 -0.99957186 0.999643803 -0.0264589954 -0.00349644548 0.999579072 -0.0287376847 -0.00396908866 0.999655187 -0.0260328799 -0.00340806204 -0.304227203 -0.390589148 -0.868841708 0.80215466 0.593148589 0.0687220693 -0.791475058 0.606957972 -0.07189776 0.00171793287 0.0268709548 -0.999637365 -0.00171785394 -0.0268697161 -0.999637485 0.00186682632 0.0291998666 -0.9995718 0.432639748 0.244162798 -0.867875278 0.999643624 -0.0264641792 -0.00349644478 0.999579072 -0.0287377518 -0.00396908866 0.999655128 -0.0260390211 -0.00340806181 0.999643683 -0.0264608208 -0.00349612697 0.999579072 -0.0287389997 -0.00396912126 0.999655187 -0.0260348003 -0.0034076781 0.999643922 -0.0264544077 -0.00349621847 0.999579072 -0.0287413765 -0.00396969402 0.999655426 -0.0260267425 -0.00340767903 -0.000109074135 -0.0613937117 0.998113632 0.100010812 -0.0252665859 0.994665504 0.000254759507 0.000378252327 0.99999994 -0.999740899 0.0120930281 -0.0192887634 -0.99688971 -0.0788057148 0.000695302326 -0.999329448 0.0285719186 -0.0228961967 -1.0334641e-05 1 -2.66328652e-06 1.11847121e-05 1 -2.572222e-06 -2.11707516e-06 1 -6.24475888e-06 -0.999740779 0.0120937014 -0.0192882828 -0.996890068 -0.0788013637 0.000694057322 -0.999329448 0.0285719186 -0.0228954051 -0.000109074557 -0.0613938533 0.998113632 0.100012325 -0.0252680983 0.994665325 0.000254759128 0.000378251862 0.99999994 -0.000109079127 -0.0613907948 0.998113811 0.100012437 -0.02526615 0.994665384 0.000254759128 0.000378251949 0.99999994 -0.869432092 -0.000297966792 -0.49405238 0.00171790598 0.026870545 -0.999637485 -0.00171786384 -0.0268698614 -0.999637485 0.00186679873 0.0291994438 -0.99957186 0.997415483 -0.00419233879 0.0717264637 -0.999467671 0.00866779312 -0.031454239 -0.999977171 0.00179437676 -0.00651154853 0.00171790551 0.026870532 -0.999637485 -0.00171787932 -0.0268701073 -0.999637425 -0.793079317 -0.00413851533 0.609104335 -0.99922508 0.0104567604 -0.0379446074 0.997852445 -0.00403518276 -0.0653780252 2.1672754e-06 1 0 -2.11706447e-06 1 -2.36803339e-06 1.11848931e-05 1 -1.08040716e-07 -3.61862726e-06 1 2.81847832e-07 -1.03346019e-05 1 8.4935499e-07 -2.48445804e-06 1 0 1.75199893e-05 1 0 1.74899578e-05 1 0 -3.61861407e-06 1 0 2.16727744e-06 1 -6.04052002e-06 1.75199093e-05 1 0 1.7489876e-05 0.99999994 0 -0.99922508 0.0104562715 -0.0379448719 -0.999213398 0.0105350967 -0.0382299982 -0.000240936322 -0.00126025488 0.999999166 -0.00500800693 -0.00306207803 0.999982834 -0.00149022799 -0.00175738451 0.999997377 -0.0308682676 -0.0200133342 0.99932313 -0.00712212035 -0.00527849328 0.999960721 0.0185450632 -0.027763173 0.999442518 0.000264824717 -0.00122652599 0.999999225 0.999988258 -0.00483338255 7.96865206e-05 -0.617031753 -0.00386796636 -0.786928594 0.400993496 -0.00237591891 0.916077793 -0.999988258 -0.00483296206 -7.9686557e-05 -0.999989152 0.00467516482 -0.000136385017 -0.467914522 -0.882345796 -0.0502178818 -0.995634437 -0.0932575762 0.00388462981 -0.412139207 -0.0758246854 0.907960236 5.5725659e-06 0.999993801 0.00350885605 -9.06429977e-06 0.999993443 0.00363183417 -1.14397371e-05 0.999993324 0.00365310884 6.06782532e-06 0.999992788 0.0038017137 -2.5833458e-06 0.999994516 -0.0033082203 -1.49454281e-05 0.999994099 -0.00343227293 -3.3507531e-06 0.999993742 -0.00353736128 1.77163827e-06 0.999993622 -0.00356481061 1.63170262e-06 0.999994636 -0.00328292488 -1.10295014e-05 0.999993443 0.00362802111 -0.186816007 0.982394755 -0.000587449002 -0.000580389285 0.999994516 -0.00324910996 0.000553830585 0.999994636 0.00323663163 0.619271815 0.00394601328 -0.78516686 -0.997987628 0.00424598949 -0.0632666945 0.0453997031 -0.998836279 -0.0162734892 0.0353174582 -0.999057174 -0.0252485275 0.0417092405 -0.999044478 -0.0130574955 0.0340888686 -0.999186158 -0.0215630699 0.470478415 0.880579472 -0.0568322241 0.997538328 0.00414164085 -0.070000492 -0.997739494 -0.00400312804 0.0670814291 -0.020056108 -0.999068677 -0.0382046849 -0.0506932959 -0.998516381 -0.0198813789 -0.0357592925 -0.999101698 -0.0227400977 -0.0347608775 -0.999195755 -0.019987572 -0.0449924991 -0.99886477 -0.015644934 -0.0416027158 -0.999064863 -0.0117749916 0.051445175 -0.998392701 -0.0237794239 0.019902112 -0.999071002 -0.0382209085 0.0266428664 -0.998915374 -0.038188193 -0.00940651726 -0.998489141 -0.0541384108 0.0102038337 -0.998605072 -0.0518036298 -0.0266964119 -0.998885989 -0.0389132202 -0.0282317586 -0.998909056 0.0371980034 -0.0347838588 -0.999187768 0.0203437898 -0.0213465076 -0.999116182 0.0362087041 0.00902318768 -0.998506248 0.0538871661 -0.0122301504 -0.998734295 0.0487895533 0.0190340243 -0.999075651 0.0385419391 0.0338311419 -0.999200583 0.0212974995 0.0261060763 -0.998910308 0.0386857875 0.0403770693 -0.999103665 0.0127087589 0.0440928303 -0.998925209 0.0142944129 0.0342088751 -0.999159336 0.0225896891 0.0441509522 -0.998840511 0.0191925038 -0.0583461672 -0.99799639 0.0244748965 -0.997361839 -0.00421351381 -0.0724682733 0.997611165 0.00396668352 0.0689645708 0.999989033 0.0046747555 0.000136385395 -0.619293869 0.00394611992 0.785149395 0.00735611003 -0.00453492347 -0.999962687 -0.0013140426 -0.0025903075 -0.999995768 3.98576185e-06 -0.00128488836 -0.999999166 -0.00150642172 -0.00269064144 -0.999995232 -0.00912912469 -0.0102507053 -0.999905765 -0.0127108777 -0.0127605293 -0.999837697 0.000179309951 -0.001343337 -0.999999106 -0.467850864 0.882401645 0.0498281121 -0.995634675 -0.0932556242 0.00388463074 -0.192433655 0.577863276 -0.79312247 -0.000260239263 -3.24293578e-05 1 -0.00132811803 0.00260800775 0.999995708 2.42053625e-06 0.00130041456 0.999999166 -0.00153153681 0.00270999409 0.999995112 -0.0091732787 0.010256527 0.999905288 -0.0126872566 0.0127604948 0.999838054 0.000257520122 0.00133418769 0.999999106 -0.997526228 0.00414219266 0.0701735765 0.000116279873 0.00129495037 -0.999999166 -0.000365056418 0.000375481759 -0.99999994 -0.000108578883 0.00123015349 -0.999999225 -0.00216703722 0.00223419489 -0.999995112 -0.00132313755 0.00210849801 -0.999996901 -0.00863030832 0.00826875027 -0.999928534 -0.00690649915 0.00702171586 -0.999951482 -0.0361082666 0.999112904 -0.0216700826 -0.0418925174 0.998985469 -0.0165258944 -0.0196948722 0.999107361 -0.0373697206 -0.0364252329 0.999137044 -0.0199569073 -0.0276690442 0.998862505 -0.03883503 -0.0475817509 0.998753965 -0.0150450217 -0.0450956039 0.998930037 -0.0102576884 -0.0109661948 0.998585165 -0.0520322584 -0.038027551 0.999166012 0.014871506 -0.0324755199 0.999243915 0.0213772152 -0.0341500714 0.999064684 0.0265237726 -0.0426203795 0.998925805 0.0181870665 -0.0260819215 0.998912334 0.038650915 -0.0205388237 0.999053895 0.0383332595 -0.00901718717 0.998509109 0.0538356006 0.0122324592 0.998731375 0.0488464572 0.028256176 0.99890697 0.0372366756 0.0197769143 0.999144077 0.0363325179 0.0356538966 0.999150753 0.0206519384 0.0439205021 0.998974085 0.0110330302 0.0359392948 0.999112546 0.0219662674 0.0374785848 0.999182343 -0.0151662203 0.0420476981 0.998949051 -0.0182420313 0.0467883311 0.998802722 0.0142829539 0.0428982042 0.998906195 0.0186021663 -0.0586793944 0.997975647 0.0245208926 0.107479326 -0.0566225834 0.992593586 0.389534175 0.0642340034 0.91876936 0.000218625908 0.000195946661 1 0 0.000523029827 0.99999994 -0.000580354012 -0.113252938 0.993566036 -0.00186680257 -0.0291994996 -0.9995718 0.99956733 -0.0291344617 -0.00405138917 -0.00186674739 -0.0291986279 -0.999571979 -0.685749769 0.113698147 0.718901932 0.99956733 -0.0291336402 -0.00405138917 0.389539838 0.0642345995 0.918766975 2.16724106e-06 1 0 -2.11706651e-06 1 -6.51821074e-06 1.11846539e-05 1 -2.49843225e-07 -3.61796538e-06 1 -6.17717978e-06 -1.0335094e-05 1 -3.31080719e-06 -2.48363995e-06 1 -6.6894554e-06 1.7519882e-05 1 0 0.999567211 -0.0291356873 -0.00405148277 -0.685909569 0.113653988 0.718756378 0.107480891 -0.0566218309 0.992593527 0.999567151 -0.0291395914 -0.00405213889 -0.00057936681 -0.114091076 0.993470132 -0.995635033 -0.0932518914 0.00388463214 1.75200566e-05 1 0 2.16724834e-06 1 -6.04052002e-06 -3.61863249e-06 1 0 1.74900597e-05 1 0 -0.99563539 -0.0932470262 0.00388312689 -0.00057936681 -0.11409118 0.993470132 0.107480943 -0.0566246063 0.992593288 -0.68590951 0.113655686 0.718756258 -0.000579375832 -0.114085548 0.993470848 -0.685908616 0.113665842 0.718755364 0.0203406606 0.999023676 -0.0392171182 0.0586414188 0.997980475 -0.0244181305 0.0340687297 0.999069095 -0.026463056 0.0322584771 0.999245942 -0.0216085762 0.0255372748 0.998897314 -0.0393948071 0.00816715788 0.998416841 -0.0556524172 -0.00186675636 -0.0291987602 -0.999571919 0.997424662 -0.00418701908 0.0716005042 -0.99922508 0.0104563329 -0.0379446074 0.389539927 0.0642306879 0.918767214 -0.00186677335 -0.0291990247 -0.999571919 -0.000758673355 -0.0118749393 -0.99992919 0.00075843127 0.0118749971 -0.99992919 -0.000825110299 -0.0129149938 -0.999916315 -0.999702692 0.000696946518 0.0243727621 -0.99998647 -0.000903099019 -0.00511659589 -0.999675989 0.000755112618 0.0254445933 0.512994349 0.0118659772 -0.858309925 0.662815213 -0.0180990323 -0.748564243 0.357395887 -0.0101489965 -0.933897913 -0.701418936 -0.00204725238 0.712746263 -0.712735951 0.00204725331 0.701429486 -0.715292513 0.00298204762 0.698818624 0.000332061027 0.00518792029 0.999986529 -0.00033206091 -0.00518791843 0.999986529 -0.000361438928 -0.0056469026 0.999984026 -0.399597734 -0.00713311136 -0.916662812 -0.72281754 -0.0198949594 -0.690752447 -0.504168868 -0.00123406714 -0.863604188 -0.000332061521 -0.00518792775 0.999986529 0.000332061085 0.00518792123 0.999986529 0.000361439132 0.00564690633 0.999984026 0.999666572 -0.0154118817 0.0207192171 0.999795079 -0.00951931719 0.0178650487 0.999856472 -0.00562253501 0.0159772579 -0.353026539 0.0200496968 0.935398459 -0.389163077 -0.0123784533 0.921085715 -0.00523856934 -0.00214927318 0.999983907 -0.511906147 -0.0110424794 -0.858970463 -0.665273786 0.0174539294 -0.746395469 -0.363578796 0.0128014022 -0.93147552 0.321628183 -0.0148270354 0.946749926 0.327602267 0.0122819981 0.944735944 0.0899963155 -0.00590602541 0.995924592 -0.016274618 0.998744071 -0.0473850183 0.0162738189 0.99874419 0.0473848395 -0.0358551629 0.993889153 -0.104396835 0.996940494 -0.00307034981 0.0781039819 0.975009024 0.221499324 -0.0171851777 0.996662021 -0.0032068335 0.0815758854 -0.067053929 0.00565020321 -0.997733295 0.00226006284 -0.000320033374 -0.999997437 0.000488931313 0.000166264348 -0.999999881 -0.999653995 0.0167095289 0.0203109458 -0.999803662 0.010065794 0.0170675237 -0.999873221 0.00562284561 0.01489814 0.0872917697 -0.996104777 -0.0124692153 0.196698189 -0.970950007 -0.136256754 0.093815662 -0.995571613 -0.00597919896 0.00413882872 -0.000214690284 0.999991477 0.000322648964 -0.000691526046 0.999999702 -0.11739517 -0.00493275654 0.993073046 0.999551058 -0.0113487216 -0.0277299769 0.999595582 -0.00943765417 -0.026824994 0.9995206 -0.0125543736 -0.0283008553 -0.999595582 0.00943828002 -0.0268247407 -0.999550998 0.0113507928 -0.0277297068 -0.999621212 0.00823833421 -0.0262568984 -0.701418877 -0.00204725075 0.712746382 -0.712732971 0.00204726611 0.701432526 -0.715288937 0.00298206462 0.698822379 -0.0930523574 0.995629311 -0.00797914434 -0.196251631 0.971383274 -0.133790314 -0.0818539858 0.996618629 0.00715834647 0.999977946 0.000818937784 -0.00659330282 0.999820828 -0.000563018664 0.0189215858 0.999971211 0.000869865937 -0.00753368996 0.0162733961 -0.998744369 -0.047380019 -0.0162742641 -0.998744249 0.04738231 0.0358533934 -0.993890285 -0.104387067 -0.147611529 -0.961080194 -0.233528793 -0.160849646 -0.94604069 -0.281308234 -0.0635255873 -0.997964084 0.00568092056 -0.704849005 0.679065228 -0.20508109 0.999711633 -0.0089561874 0.0222827233 0.999593616 -0.0141366124 0.0247525759 0.999502003 -0.0174148362 0.0263152197 0.108301602 0.00400495436 0.994110048 -0.00171606429 -1.98319799e-06 0.999998569 0.701424956 0.00204676762 0.712740481 0.712738514 -0.00204737671 0.701426864 0.715294361 -0.0029820872 0.698816895 0.999595582 -0.00943744276 -0.0268250238 0.999551058 -0.0113486312 -0.0277299695 0.999621272 -0.00823832676 -0.0262571927 -0.999711812 0.00963319931 0.0219894797 -0.999563217 0.015833959 0.0249562468 -0.999444544 0.0197601095 0.0268342923 0.000758429465 0.0118749663 -0.99992919 -0.00075867417 -0.0118749514 -0.99992919 0.000824866351 0.0129150199 -0.999916315 -0.000205635224 0.000238793553 0.999999881 4.33620471e-07 0 1 -0.000740512216 -0.000170901883 0.999999702 0.701425195 0.00204676669 0.712740183 0.712738991 -0.00204737671 0.701426387 0.715294957 -0.00298208976 0.698816299 0.399580956 0.00708956877 -0.916670561 0.503729165 0.001195819 -0.863860786 0.0668228343 -0.00563438144 -0.997748971 -0.750808299 -0.654419661 -0.089564167 -0.944935203 -0.32598114 -0.0288742669 -0.613700628 -0.784131527 0.0922457203 0.749978662 0.655613363 -0.0877676308 0.944934666 0.325982928 -0.0288720094 0.607795835 0.787681937 0.10070432 0.722815335 0.019893989 -0.690754771 -0.79531157 0.598880231 0.0939247981 -0.823266745 0.56526047 -0.0520809889 -0.786738157 0.604380846 0.125566006 0.348624706 -0.927370667 0.135810316 0.284874737 -0.957799554 0.0382939018 0.209280461 -0.975304544 -0.0705895126 0.139836758 0.95165509 -0.273492813 0.154410824 0.93299228 -0.32508871 0.0513223037 0.998648703 -0.00817569997 -0.996940076 0.00307037472 0.0781091601 -0.975009739 -0.221496463 -0.0171884932 -0.996661603 0.00320685795 0.0815812349 0.795306742 -0.598886251 0.0939280093 0.823263943 -0.565264344 -0.0520842411 0.786732554 -0.604387105 0.125570759 0.704848826 -0.679065049 -0.205082268 -0.930045664 -0.266879052 -0.252568364 -0.999550998 0.0113513004 -0.0277296975 -0.999595582 0.00943855196 -0.0268247239 -0.9995206 0.0125580207 -0.0283005815 0.930046022 0.266879171 -0.252566785 -0.957800031 0.284873456 -0.0382906571 -0.927372456 0.34862268 -0.135804117 -0.888215482 0.401998013 -0.222420678 0.931574047 -0.210616916 -0.296327889 0.297552824 0.858022034 -0.418641239 -0.697168291 -0.716646373 0.0193470139 -0.716654599 -0.697159827 -0.0193485729 -0.740000308 -0.668891549 -0.0705953836 0.930048347 -0.266873986 0.252563566 0.000824868213 0.0129150506 -0.999916255 0.518391609 0.82721293 0.21676901 0 1 6.2083086e-07 0.0324451774 0.999473393 -0.000530400372 0.0127615407 0.999918342 -0.000672399765 0.047682818 0.998857319 -0.00322862063 0.0499161407 0.998739421 -0.00528550847 0 1 -6.30556372e-07 0 1 -1.71060051e-07 0 1 8.66817345e-07 0 1 1.27508065e-06 0 1 1.9593956e-06 0 1 1.42767249e-06 -0.0152551429 0.999881089 -0.00223161862 -0.0660972223 0.997557282 -0.0225983802 -0.0550381169 0.998412251 -0.0119903786 -0.0273531694 0.99962461 0.00155400601 0 1 -9.91202342e-07 -0.999980211 -0.000962417456 -0.00621004729 0.00544385938 0.999871612 0.0150698759 0.00505468715 0.999846637 0.016765628 0.000553823134 0.999969065 0.0078516705 0 1 4.97159249e-07 0.0124892918 0.999654472 0.0231333319 0 1 -1.32892148e-06 0 1 -1.01672333e-06 0 1 7.46521778e-07 0 1 1.2135406e-06 0.754816115 0.00771172578 -0.655891061 -0.698808134 -0.00298205158 0.715302885 0.000361439044 0.00564690493 0.999983966 -0.695721149 -0.00959966332 -0.71824789 -0.000361439597 -0.00564691285 0.999984026 0.999561369 -0.0191965718 0.0225521009 -0.7548154 -0.00771240238 -0.655891895 0.0358543098 0.993889272 0.104396485 -0.00173273054 0.000203264484 -0.99999851 0.0283072926 -0.000791720347 -0.99959892 -0.00411910098 0.00023547512 -0.999991477 0.704853177 0.67906028 0.205083311 -3.96687028e-06 0 -1 0.000476185291 -0.000106028136 -0.999999881 -0.00405304227 -0.00303104054 -0.999987185 -0.0671159402 -0.00497674663 -0.997732759 -0.999528646 0.0209943801 0.0224024262 0.198650688 -0.96895653 -0.147177458 4.87450325e-06 0 1 -0.00147239282 -0.000393774128 0.999998808 -1.16980425e-06 0 1 -0.00214045122 -0.000287780858 0.999997735 0.000849176897 0.000223464187 0.999999642 8.51019922e-06 0 1 0.000583617308 0.000589614152 0.999999642 -0.0388880633 0.013893595 0.999146998 -0.119018838 0.0200950895 0.992688596 0.000153854999 -0.000200610099 0.999999881 0.999621212 -0.0082386164 -0.0262571406 -0.99952054 0.0125573594 -0.0283005778 -0.69880873 -0.00298205414 0.715302348 -0.372640282 -0.0267571528 0.927590013 -0.198649421 0.968955517 -0.147185251 0.999802768 -0.000613469922 0.0198529568 -0.0358542427 -0.993889987 0.10438931 0.0028131383 3.42492021e-05 -0.999996066 0.00566869229 0.0043524676 -0.99997443 -0.000429909531 0.000125697814 -0.999999881 5.75057402e-06 0 -1 0.00409137504 0.00297455816 -0.999987185 -8.71253505e-05 -0.000103376973 -1 -0.00016943134 -0.000356265722 -0.99999994 0.999770105 -0.00561541319 0.0206896383 -0.000117789568 -0.00012062773 1 -0.000925585511 0.00043567695 0.999999583 0.698814929 0.00298147835 0.715296328 0.000340340921 -0.000333234086 -0.999999881 0.000957540469 0.00028465857 -0.999999523 -4.62500248e-06 0 -1 -0.00450429553 0.00351038459 -0.999983668 0.99952054 -0.0125543615 -0.0283008255 -0.99978292 0.00561598223 0.0200669989 -0.0167311467 -0.999518633 0.0261282753 0 -1 -1.38114146e-07 0 -1 -3.43247223e-07 0 -1 -9.21343499e-08 0 -1 -1.16708769e-07 0 -1 -1.36581221e-07 -0.000532029197 -0.999964237 0.00844123214 -0.003490231 -0.999882638 0.01492217 -0.00372137525 -0.999791443 0.0200810507 -0.000825110881 -0.0129150031 -0.999916196 -0.000406424748 0.000126183062 0.999999881 0.000589486386 0.000773313106 0.999999523 -0.000517319655 -0.000526419259 0.999999762 0.0398478135 -0.0132040484 0.999118507 0.115156874 -0.019507667 0.993155777 0.698815167 0.00298147951 0.71529609 -0.698061645 -0.0264662039 0.715548396 0.0146913594 -0.999890685 -0.001695032 0.0624626651 -0.997880816 -0.0182311889 0.0530436039 -0.998548269 -0.00936643407 0.0278727561 -0.999610364 0.00146219635 1.14031749e-07 -1 2.00434079e-06 0 -1 -8.86277007e-08 0 -1 -1.86017843e-07 0 -1 -4.39730366e-06 0 -1 4.31411877e-07 0 -1 -1.67424685e-06 -0.0496475808 -0.998754561 -0.00493200636 -0.0534660779 -0.99853307 -0.00854238216 -0.0134489592 -0.999909163 -0.000978765078 1.7463444e-08 -1 -6.60279397e-07 -0.0321814343 -0.999481976 -0.000265546638 -0.524767339 -0.825157046 0.209129199 0.695721447 0.00959924236 -0.718247533 -0.826990008 0.555684865 -0.0854494944 0.402000993 -0.888211668 0.222430244 0.826987505 -0.555687964 -0.0854545236 0.343835026 0.0227221008 0.938755095 -0.704853892 -0.679060996 0.205078572 -0.930048704 0.266874105 0.252561986 -0.999621272 0.00823845342 -0.0262568705 -0.975304425 0.209280968 0.0705884621 0.858023882 0.297546536 0.418642163 -0.210615143 0.931572735 0.296333551 -0.668900371 -0.73999244 0.0705937222 0.602669358 0.0255943742 0.797580421 -0.245122731 -0.969456851 0.008265079 -0.272425532 -0.962141335 -0.00827406906 -0.209705666 -0.977320194 0.0294733364 -0.499559164 -0.866279721 3.58910765e-05 -0.50245285 -0.86459744 0.00353169581 -0.47961539 -0.877159178 -0.023684578 -0.225219473 -0.959408641 0.169738889 -0.0592464544 -0.99724412 0.0446536429 -0.0890513137 -0.993763208 0.067116037 0.499995649 -0.866027892 0 7.11514804e-06 -1 0 -5.40142628e-06 -1 0 1 -2.87752914e-06 0 0.8660267 -0.499997735 0 1 2.4061253e-06 0 -0.21252197 0.976840317 0.0248461384 -0.451178104 0.892392874 -0.008563607 -0.703256905 0.708928227 0.0533886924 0.339416921 0.940529108 0.0141791813 0.338277072 0.940955698 0.013075605 0.32878837 0.944395483 0.00392180262 0.292169392 0.955720246 -0.0351546668 0.671197653 0.740712047 -0.0289721899 0.326780856 0.945100129 0 0.875601172 -0.266357988 0.4029589 0.746005952 -0.273076415 0.607375026 0.832410574 -0.270767391 0.483505547 2.51885444e-06 0 -1 3.15812804e-06 0 -1 3.29175509e-06 0 -1 0.991444707 0.130527109 4.43041472e-07 0.991445184 0.130524173 3.16136777e-07 0.666605651 0.73746264 0.10856162 0.421225607 0.905795574 -0.0458622277 0.218754098 0.97471571 0.0455626212 -0.208561093 -0.971956849 0.108637497 0.783719778 -0.621040046 0.00962551683 0.596074998 -0.80292654 -0.00186677685 0.81079793 -0.585251451 -0.009350718 -0.499994487 -0.866028547 0 -0.866028547 -0.499994457 0 -0.86602366 -0.50000298 0 0.993437886 0.0982576162 -0.0585369244 0.990770996 -0.134993166 0.0122341225 0.998582542 0.0354936309 -0.0396632813 -3.64268089e-07 0 1 2.29412777e-07 0 1 6.84015689e-08 0 1 -0.50049454 0.865356505 0.0257562362 -0.506187439 0.861904025 0.0299281105 -0.495238781 0.868480206 0.0219232403 0.705229521 0.708975315 0.00232582516 0.708968043 0.705236673 -0.0023216384 0.653085887 0.754648447 0.0631240308 -0.000600536296 -0.000160982629 0.999999762 2.70298278e-06 0 1 -0.000326271082 -0.000341977808 0.999999881 -0.783254623 -0.621516109 0.0151655488 -0.789300323 -0.61392808 0.00986752007 -0.77758801 -0.628454149 0.020055227 -0.989501119 0.144403547 -0.00592782535 -0.987589121 0.156506255 -0.0131702023 -0.99150151 0.130068943 0.00262912386 -0.106979258 -0.993931532 0.0256038159 -0.197158486 -0.980186105 -0.0190728698 -0.0261289924 -0.997544289 0.0649809912 0.962138116 -0.272436947 -0.00826814584 0.969453752 -0.24513489 0.00826832931 0.951239705 -0.307041347 -0.0294738058 0.46724385 -0.884114921 -0.0048875832 0.111029565 -0.99289602 -0.0427770354 0.807247221 -0.588449121 -0.0456023216 0.347005904 0.937835395 0.00718975952 0.772623956 0.634860516 -0.00207799859 0.376615345 0.926317751 -0.00981038064 -0.399033695 0.893698215 0.205123559 0.903550088 -0.42768985 0.0260484405 0.903168619 -0.428447634 0.0268159453 0.901216388 -0.432280272 0.0307060853 -0.50245291 0.86459744 -0.00353159802 -0.499559313 0.866279721 -3.58148791e-05 -0.521728039 0.852678418 -0.0271901395 0.97396189 -0.208990857 0.0878695473 0.998330772 -0.0383328497 -0.0432005227 0.998015761 -0.0550983474 -0.0304746013 0.999122083 -0.0401655175 0.0119059375 0.982960045 0.177760422 -0.0468050353 0.0238017477 -0.999638796 -0.0124818208 0.018074166 -0.999699533 -0.0165557433 0.034920942 -0.999379694 -0.00456879428 0.931307435 -0.36422205 -0.00296617439 0.908440053 -0.417115808 -0.0274051931 0.944684923 -0.327699572 0.0135424109 -0.856413424 -0.19364813 0.478598446 -0.966574132 -0.192611232 0.169219717 -0.926911414 -0.195752442 0.320181578 0.67119664 -0.740712881 0.0289731678 0.0174062382 -0.999681115 0.0182923675 0.459555656 -0.888115466 0.00771523174 0.913118005 -0.398675531 -0.0852833912 -0.681274891 -0.731386423 0.0306310393 -0.943449199 -0.330098927 -0.0306336284 -0.523942709 -0.851448834 -0.0227818973 -0.513355792 0.858175933 0 -5.71569126e-06 1 0 8.22489801e-06 1 0 -0.411265045 -0.91127193 0.0210835654 -0.82594502 -0.563321769 -0.0219843257 -0.280818641 -0.959375024 -0.0272137448 -0.000465606368 -0.471355051 0.881943405 -0.0047605508 -0.433284789 0.901244521 -0.000174975386 -0.473899603 0.880578816 0.602244437 -0.797871053 0.0265215021 0.436243415 -0.899356008 -0.0291610751 0.90050745 -0.433527201 -0.0337704346 -0.667305589 0.744778693 0.00281584868 -0.187910825 0.982159853 -0.00718751829 -0.6871292 0.726529717 -0.00281650806 0.810627401 0.585458755 0.0110152923 0.515846074 0.855723679 -0.0404942892 -0.868238628 0.495782554 0.0190093312 -0.482103646 0.875784218 -0.0240427777 -0.931304574 0.36269328 -0.0335483849 -0.866027951 0.499995559 0 -0.499995679 0.866027892 0 -0.500006199 0.866021812 0 -0.500003397 -0.866023481 0 -0.866024017 -0.500002503 0 -0.499997318 -0.866026938 0 -0.783254743 -0.62151593 0.0151655711 -0.789300323 -0.61392802 0.00986771937 -0.777588189 -0.62845391 0.020055091 -0.92690891 0.131661043 0.351433218 -0.770856917 0.364725649 0.522259295 -0.856409132 0.257755995 0.447353482 0.866028965 -0.499993712 0 0.499993473 -0.866029143 0 0.500005841 -0.866021991 0 -0.962138295 0.272436172 -0.00826799497 -0.969454467 0.245131999 0.00826864783 -0.951239228 0.307043016 -0.0294736996 0.500006139 -0.866021872 1.70313911e-07 0.130523607 -0.991445184 -5.57686519e-07 0.130525842 -0.991444886 -3.8382268e-07 -0.988198519 0.135391355 0.0716440603 -0.996436298 -0.055365786 -0.0636343136 -0.999224782 -0.0161230918 -0.0359146558 0.891923904 0.451288968 -0.0284612887 0.892088354 0.450938851 -0.0288523473 0.891932726 0.451270163 -0.0284823142 0.381315708 0.923170865 0.0485164113 0.0705157742 0.995912492 -0.0564436652 0.263237536 0.964701593 0.00753880013 0.93780756 0.345397979 0.0348870195 0.882646084 0.469072342 -0.0301157665 0.910476208 0.413561344 -0.000330675044 -0.974406838 -0.220922098 0.0415314473 -0.872904062 -0.485755026 -0.0456121527 -0.948361874 -0.316996902 0.0110803246 0.966320515 0.257341474 0.000323412329 0.989778578 -0.134738341 -0.0467328839 0.970308363 -0.241493493 -0.0135134999 0.894164085 0.289304763 0.341721177 -0.50049454 0.865356445 0.0257556159 -0.506187499 0.861904085 0.0299275946 -0.495238841 0.868480325 0.0219225287 0.655047297 -0.754900277 0.0322267413 0.65521884 -0.754761755 0.0319846496 0.652149796 -0.757220447 0.0363024659 -0.334844172 0.942241967 -0.00771258771 -0.344625771 0.938617289 -0.0151886381 -0.374137849 0.926594317 -0.0379976332 0.353866071 0.935290515 0.00324216555 0.349586725 0.936903954 -0.000472371466 0.328733414 0.944242954 -0.0184246358 -0.210918024 0.977074206 0.0289725382 0.046067249 0.998908579 0.00771401078 -0.522340655 0.852732778 -0.00268228841 -0.314194381 0.946546555 -0.07301718 -0.315711081 0.945881844 -0.0750599205 -0.306567073 0.949776411 -0.0627808794 0.0667832047 -0.997644961 -0.0156409126 0.231897712 -0.971620977 0.0466479659 -0.0584305413 -0.996362746 -0.0620260872 -0.985539317 0.164065197 0.0423648059 -0.998420656 -0.0545927435 -0.0132684652 -0.924814582 -0.3767654 0.0525915697 -0.697158694 0.712094665 0.0830120668 -0.873322725 0.487081766 0.00766570866 -0.755515397 0.65223372 0.0615438335 -0.965578616 0.254573941 -0.0533855818 -0.998423815 -0.0554661117 0.00856502727 -0.00548750302 -0.999977231 0.00393009931 0.0529989116 -0.997871399 -0.0379979834 0.250843316 -0.964640081 0.0809136257 0.202101931 -0.979227841 0.0163591132 0.134929612 -0.988382339 -0.0699592307 0.884715796 0.466032028 0.00959568284 0.997220814 -0.0738788545 -0.00962381717 0.856048107 0.516644418 -0.0161336008 -0.935648859 0.350704491 0.0395911671 -0.755581379 0.653949678 -0.0380334221 -0.998826444 -0.0278943032 -0.0395947769 1.19946662e-06 2.24661633e-07 1 -1.94126051e-06 1.34854406e-06 1 1.10386452e-06 -1.34435788e-06 1 1.31518027e-06 0 -1 -1.59545141e-06 0 -1 -0.961324871 -0.272989035 -0.0364887491 -0.857269824 -0.513994813 0.0299622398 -0.971419871 0.235192761 0.0320569575 -0.197412461 0.980147004 0.0184425395 0.0614337027 0.997995555 -0.0151903657 -0.342247814 0.939084351 -0.0314143263 -0.900505185 -0.434415847 0.0193202458 -0.805438101 -0.590003669 -0.0562601797 -0.862519681 -0.505822837 -0.0142520266 0.737192631 -0.675165832 0.0264220666 0.730885148 -0.681594372 0.0351552404 0.705426276 -0.705430984 0.068855308 -0.711586475 0.70255667 0.00766832056 -0.954450607 0.298288256 -0.00693532405 -0.969164133 0.246358991 0.00531128375 0.306880206 0.950747013 -0.043642547 0.607461333 0.793894112 0.0268856343 0.383800626 0.923024416 -0.0268866457 -0.00229188637 -0.431022048 0.902338564 -0.00139275461 -0.48148033 0.876455784 -0.00230114046 -0.430493295 0.902590811 0.998241901 -0.0434740372 0.0402889661 0.940545738 -0.339385688 -0.013819932 0.979156256 0.202269316 -0.0184428766 -0.118745618 -0.992158592 -0.0389972143 -0.213910535 -0.976005912 0.0406780206 -0.31493485 -0.948186934 -0.0419235863 -0.194133133 -0.977580488 0.0815400556 0.0532987192 -0.99846673 -0.014947691 -0.100917101 -0.993865728 0.0452392511 -0.729138374 0.679555476 0.0810038969 -0.965614378 0.259506941 -0.0156539604 -0.998473644 -0.0407514945 -0.0372784398 0.565916121 0.816976905 0.110849708 0.00028408051 -0.213172182 -0.977014601 2.61679975e-06 -2.34843654e-07 -1 1.32746368e-06 -3.12154896e-07 -1 -0.0389929898 -0.99922365 -0.00562824262 0.00027901493 -0.999961138 0.00880520511 -0.0568783395 -0.998306453 -0.0122066159 0.985681832 0.165357381 -0.0329893827 0.984785557 0.171254858 -0.0294806156 0.986540854 0.159380302 -0.0365390964 -0.987542927 -0.154149145 0.0315744877 -0.992528677 -0.121012338 0.0155817848 -0.983167946 -0.17759046 0.0429238155 0.976554573 -0.198953658 0.0822107196 0.976303697 -0.201609716 0.078642346 0.97546351 -0.209314212 0.06825196 -0.673258543 0.73828733 -0.0406780206 -0.598911405 0.799865186 0.0389969647 -0.209458068 0.97611928 -0.0576072894 0.844673455 -0.535225391 -0.00777710835 0.863819063 -0.503742158 0.00777577376 0.832994998 -0.553026617 -0.0167580973 0.787474751 0.616255403 0.0106202224 0.809150219 0.587583542 -0.0046327142 0.77437216 0.632431388 0.0194467232 -0.000975769188 0.439191163 0.898393095 0.00926704239 0.344173014 0.938860536 -0.00171516207 0.445870847 0.895095706 -0.0130076334 -0.999187529 -0.0381454602 -0.0183501858 -0.999276817 -0.0333023369 -0.0330729485 -0.999253869 -0.0199424215 0.338276356 -0.940955997 -0.0130771073 0.339416295 -0.940529346 -0.0141809201 0.348204821 -0.937143087 -0.0227196384 0.317612827 -0.948163331 0.0104116937 0.289830655 -0.957063913 -0.00520063564 0.343092501 -0.938971639 0.0248947889 -0.942937911 -0.330416977 -0.0411428846 -0.954869509 -0.294797152 0.0363169834 -0.990411401 -0.129508555 -0.0480909832 -0.699536383 -0.714310169 -0.020244237 -0.953888059 -0.275118321 -0.120031238 0.173202753 0.98463738 0.0221373029 0.299940377 0.953432024 -0.0316723473 -0.166249081 0.985058546 -0.0449536741 -0.757768333 0.651027679 0.0441593379 -0.726919174 0.686519623 0.0167126209 -0.799690425 0.594373643 0.0849424601 0.935843706 -0.352415264 -0.000246972486 0.944812357 -0.327024162 -0.0196196996 0.864916444 -0.501653135 0.0162404981 0.671304762 -0.741158605 0.00582233444 0.887899339 -0.459612012 -0.0197865311 -0.668100715 0.743863523 -0.0175619889 -0.671874821 0.740538776 -0.013657107 -0.655610323 0.754491746 -0.0302855745 0.999122083 -0.040165484 0.0119059784 0.819694877 -0.572423816 -0.0207685158 0.982960045 0.177760363 -0.0468051247 -0.959596217 -0.270608991 0.0771100745 -0.725596607 -0.68804878 -0.00991547946 -0.559026003 -0.827844501 0.0465112627 -1.44738433e-05 -0.000377695163 -0.99999994 3.85589686e-07 0 -1 2.4002286e-06 -6.04919296e-05 -1 0.991723418 0.128336206 -0.00381657993 -0.682214081 0.730374098 0.0337276645 -0.565476894 0.822405934 -0.0623251945 -0.805672109 0.591914535 -0.0230113231 0.0754424632 -0.996886909 0.0229116362 -0.185152873 -0.982063472 -0.0356320962 0.547676384 -0.835927248 -0.0357234851 0.0724382997 -0.997085273 0.0239507128 -0.0724411756 -0.997085035 -0.0239511747 -0.642414153 -0.765173137 -0.0425899215 -0.503788173 -0.863354385 0.0285781957 -0.976304471 -0.201607764 -0.0786370859 -0.976555347 -0.198951423 -0.0822067708 -0.977341771 -0.188659981 -0.0959716141 -0.970224261 0.24217549 -0.00397877302 -0.968549669 0.24878858 0.00397716789 -0.974828959 0.221033275 -0.0291996226 -0.930783987 -0.364046931 0.0333312117 -0.714531243 -0.698360503 -0.0416871011 7.66614176e-05 -0.481500536 0.87644583 -0.00109627238 -0.453645796 0.89118135 0.00010933759 -0.482269675 0.876022756 -0.372511357 0.927927494 0.0136349788 -0.318941206 0.947504282 -0.0226323474 -0.561642289 0.827262461 -0.0139565784 -0.817880571 -0.575181007 0.0154321669 -0.824011743 -0.566488981 0.00974391215 -0.813157141 -0.581709504 0.0197394621 0.897772014 0.440279126 -0.0126396334 0.892979085 0.449601173 -0.0211482607 -0.0981638059 -0.992416441 0.0739837587 0.0136646489 -0.999853611 -0.0102987904 -0.0136647914 -0.999853611 0.0102987904 0.927569866 -0.371834725 -0.0367858857 0.96533972 -0.260995388 -0.000694934744 0.909889877 -0.411810368 -0.0501269847 2.91351881e-07 0 -1 -3.16307569e-06 0 -1 1.77788115e-06 0 -1 0.314783335 -0.947399437 0.057841491 0.315994501 -0.946917653 0.0591137372 0.30679968 -0.950487137 0.0494774245 0.993959546 -0.109714702 0.00268245162 0.931948006 -0.362478405 -0.00907527003 0.999992788 0.00267895521 0.00270339614 0.999992788 -0.00267885695 -0.0027037072 0.998203695 -0.0421695746 -0.0425577536 0.789543033 0.613694847 0.000594085141 0.78873682 0.614730775 -0.000596699538 0.77330935 0.633621871 -0.0227162298 0.669308722 0.7429443 -0.00771680288 0.636845291 0.770054519 -0.0380016938 -0.361731112 0.932239115 -0.00899122562 -0.3493554 0.93684572 -0.0164593942 -0.374249727 0.927326918 -0.00138309924 0.499994695 0.866028488 0 0.866028666 0.499994338 0 0.866021574 0.500006676 0 -0.966884196 -0.174207792 0.186511815 -0.991885662 0.127120987 0.00175184035 -0.996767044 -0.0506508499 0.0623700432 -0.174481943 -0.983265817 0.0523870997 -0.592810571 -0.804572403 -0.0351973474 0.117933452 -0.992659748 -0.0268005729 -0.247382417 0.961219609 0.121897072 0.969267786 -0.231534377 0.083137393 0.965523422 -0.251089305 0.0686926246 0.975508273 -0.187388018 0.115192495 0.0747476965 0.996985555 0.0208004043 -0.107512869 0.993550062 -0.0360441804 -0.189887181 0.979864955 -0.0617049932 0.478328019 -0.878178298 0.002259186 0.449569821 -0.892903924 -0.0246897209 0.473565191 -0.880755901 -0.00225910475 0.0232201144 -0.995220065 0.0948571116 -0.0495180525 -0.998670876 0.0142964823 -0.353957444 -0.93483597 0.0282106027 -0.0355393253 -0.99936825 0 -0.988023877 0.150511339 -0.0339857116 -0.988332689 0.148673132 -0.0330867246 -0.987851739 0.151525319 -0.0344816782 -0.809856653 -0.585966468 0.0278474167 -0.932246804 -0.360767454 -0.0276147909 -0.648361325 -0.759745181 -0.0491394624 -0.897242963 -0.44074744 0.0263941828 -0.991637528 -0.121061906 -0.0447107293 -0.816138983 -0.576689005 -0.0367017388 0.517348826 -0.855774581 0 0.961175561 0.275217324 0.0199242253 0.985287726 0.161849618 -0.0548906699 0.856059551 0.516143382 -0.0275316946 -0.296581566 0.954869449 0.0162414256 -0.341966003 0.939503908 -0.0197893269 -0.808612287 0.588336408 -0.00253020437 -0.963287294 0.26837644 0.00718795834 -0.954253554 0.298837572 -0.00981055945 -0.892416358 -0.450506866 0.025230784 -0.99759841 0.0627444759 -0.0293369181 -0.27644679 0.960120261 0.0417880155 -0.102783881 0.994549036 -0.0175436214 -0.421432525 0.906822801 -0.00819149893 0.113438614 0.993539691 0.00324434601 0.1088944 0.994053245 -0.000469872495 0.0868784785 0.99604857 -0.0184208397 -0.986456752 0.162044391 0.0253894106 -0.986631453 0.160791576 0.0265399739 -0.981871188 0.189549223 0 0.243991673 -0.969760537 0.00570441969 -0.243992642 -0.969760418 -0.00570442714 -0.293977857 -0.955782473 -0.00754750799 0.395700067 0.916058123 0.0652607977 0.206533089 0.978349328 -0.0132914884 0.31626308 0.948141217 0.0317133702 -1 0.000115575451 0.000128094704 -0.989634931 0.109725639 0.0926440731 -0.995771587 0.0862759128 0.0315511972 -2.13669591e-06 0 -1 -2.10273743e-06 0 -1 -1.61318678e-06 0 -1 -0.0650149956 -0.997740567 0.0169317946 -0.310412705 -0.950500906 -0.0138571179 0.655683637 0.754774153 -0.0198740475 0.699755669 0.711402774 -0.065177843 0.664852321 0.746412039 -0.0289902501 6.28529506e-06 1 0 0.52039665 0.853924751 0 0.523868084 0.851773381 -0.00666677998 0.350022495 0.936549723 -0.0189428963 0.35688746 0.933823705 -0.024588285 0.326780975 0.945100129 0 0.999992788 0.00267900061 0.00270579313 0.999992728 -0.00267890166 -0.00270158541 0.998203814 -0.0421694741 -0.0425568335 0.805877864 0.591708302 0.0210260525 0.999753952 0.0169368424 0.0143294828 0.994169116 -0.082318671 -0.0696515292 0.999777913 0.0160909332 0.013613753 0.999850929 0.00338564347 -0.0169288386 0.991584718 -0.129458964 -0.00040260033 0.999838412 0.00343690603 -0.0176414959 0.301674724 -0.934590936 0.188499734 0.435952306 -0.897605479 0.0651914701 0.480851114 -0.876574159 0.0199970827 -0.928493798 0.370686501 -0.0221515149 0.0551503375 -0.997735381 -0.0385047644 0.140677914 -0.990030527 -0.00702708121 0.0123754945 -0.99846077 -0.0540642403 0.991586387 -0.129446834 0 0.866021276 -0.500007153 0 0.170582861 0.984036744 0.0507273227 0.852140963 0.522839546 -0.0222406331 0.860411882 0.508713722 -0.0300292801 0.847855866 0.529910803 -0.0183028821 -0.499994218 -0.866028726 0 -0.866028249 -0.499995083 0 -0.866021693 -0.500006378 0 -0.275020391 0.960427821 0.0440706499 -0.269920975 0.961992562 0.0413878076 -0.272059292 0.961340904 0.0425123535 0.0363743119 0.999306679 0.00793539081 0.0413442962 0.999067307 0.0124575626 0.0589824989 0.99785161 0.0285156835 -0.584693313 -0.810971141 0.0214365795 -0.962306559 -0.271672368 0.0126609327 -0.740206003 -0.67236644 0.00428693322 0.62074095 0.779341638 -0.0854833275 -0.268487871 0.962949157 0.0253597237 -0.320888191 0.947087228 -0.0075191264 -0.297077626 0.954823732 0.00751908217 -0.9856323 0.165090784 0.0356949493 -0.883355856 0.46688357 -0.0412575379 -0.980146945 -0.194590017 -0.0380342789 0.879464865 -0.462759793 -0.111332528 0.671197474 -0.740712285 0.0289722402 0.459556758 -0.88811487 0.00771341193 0.878726065 -0.477318883 -0.00268261484 2.45227518e-08 0 1 -5.37826709e-05 6.00296917e-05 1 1.74714572e-07 0 1 -0.718130767 0.695561469 0.0219631996 0.919567466 0.392931819 0.000447087921 0.926954985 0.374940246 -0.0131998146 0.898287237 0.437981755 0.0353841484 -0.732287049 0.675320089 0.0877408981 -0.890855134 0.453989089 0.0164630506 -0.77936095 0.622676432 0.0697890222 0.71700418 -0.697019756 0.00827260688 0.69702071 -0.717003345 -0.00826433301 0.741519928 -0.67028296 0.0294790082 0.797376275 0.307578802 0.519217014 0.798763216 0.278878689 0.533107936 0.797338068 0.308184654 0.518916368 4.7313597e-06 -1 0 -0.500002205 -0.866024017 0 -0.944512367 0.328463554 0.00285461103 -0.947100401 0.320924699 -0.00285906182 -0.953090191 0.302212089 -0.0169402342 -0.245118529 -0.969457865 0.00827066135 -0.272426009 -0.962141275 -0.00826366153 -0.209695444 -0.977322459 0.0294727199 -0.99192673 0.126812875 0 -0.866021276 0.500007153 0 -0.685601354 0.721195281 0.0991367623 -0.865186453 0.501432419 0.004236056 -0.749019682 0.658825636 0.0701301992 3.92099565e-07 0 1 9.67126255e-08 0 1 -1.9551937e-08 0 1 0.148919493 0.987871528 0.0439627133 -0.0204974841 0.999750078 -0.00891738478 -0.102748439 0.99410677 -0.034561567 0.217811942 0.973791063 0.0654894486 0.841964543 -0.538754761 0.0289680548 0.882034838 -0.470658511 -0.0222505443 0.868701994 -0.495318294 -0.00408506673 -0.814191282 -0.580465853 0.0123279542 -0.813012421 -0.582097292 0.0131747294 -0.814808846 -0.579608023 0.0118832728 0.499997318 -0.866026938 0 0.500002563 -0.866023958 0 0.771651804 0.636034369 -0.00371446135 0.697762728 0.715305686 0.0382740349 0.812244415 0.582559109 -0.0297298301 0.675901592 -0.736125588 0.0357231162 0.866021574 0.500006616 0 1 -7.77108198e-06 0 1 6.66127698e-06 0 -0.991445482 0.130521774 -9.48393165e-07 -0.866021514 0.500006676 -3.90750188e-07 -0.774805486 0.632108629 0.0107343392 -0.763641715 0.645636678 -0.00215306599 -0.801821232 0.595953405 0.0438438579 -0.677794874 0.734463334 0.0340252034 -0.660127163 0.750977516 0.0162782222 -0.739516258 0.665462017 0.101370759 -0.696956575 0.716758072 -0.0225694496 -0.39069733 0.919382751 0.0457261167 -0.962011635 0.269306034 -0.0448093042 -0.86446321 0.500458896 0.0473732464 -0.932130158 0.362007916 -0.00914767943 -0.99894172 0.0415792838 0.0196628664 -0.971458256 0.235847309 -0.0253922902 -0.982601821 -0.181473076 -0.0395110957 -0.650998116 0.758756399 0.0221409295 0.65389353 -0.756562233 0.00607200479 0.654757321 -0.75580585 0.00709901145 0.625678301 -0.779630184 -0.0265230853 0.292168856 -0.955720425 0.0351543948 -0.967685401 0.242777273 -0.0681486651 -0.968938768 0.238830939 -0.0641673431 -0.959604442 0.265993088 -0.0916900486 -0.997163117 0.0696831346 0.0284613129 -0.980289161 -0.193649933 -0.039152775 -0.709766567 -0.703620017 0.0339181162 0.730886161 0.681593359 -0.0351545848 0.737193048 0.675165415 -0.0264215954 0.755550563 0.655090332 0 9.57843326e-07 0 1 -6.5823366e-07 0 1 6.97930489e-07 0 1 0.748758852 0.662467003 0.0223075394 0.554321289 0.831883848 -0.0264033843 -0.998857498 -0.0387113169 -0.0280206744 -0.878726363 -0.477318257 0.00268185162 -0.998857379 0.0387124941 0.02802076 0.99863565 -0.0490019284 0.0180431567 0.998962402 -0.0392798819 0.0230489597 0.998385191 -0.0547723211 0.0150695769 0.648079157 0.761444628 -0.0139869526 0.648517668 0.761060417 -0.0145535478 0.668399096 0.742680907 -0.0408368111 -0.002695848 0.518436253 0.855112076 -0.00140266388 0.446633995 0.894715667 -0.00270740595 0.519066751 0.854729414 0.999578297 0.0270802304 0.0104819825 0.988127589 -0.143276557 -0.0554586314 0.97795862 0.194720775 0.0753712058 0.293977737 -0.955782473 0.0075473371 0.702556491 -0.711586714 -0.00766642485 0.711583257 -0.702560008 0.00766681461 -0.845678806 0.532956123 0.0280203074 -0.866026938 0.499997258 0 0.678396881 0.73466599 -0.00660887407 0.685296535 0.728173494 -0.0114930617 0.672787666 0.739830852 -0.00267725578 0.702557147 0.711585999 0.0076686074 0.293975115 0.955783308 -0.00754599599 0.243989155 0.969761193 -0.00570204668 -0.699555278 0.709982812 0.0809121579 -0.664640427 0.746984303 0.0163582042 -0.611048758 0.788495481 -0.06995897 -0.313848764 -0.948427558 -0.0445428602 -0.323770076 -0.94466722 -0.0526949205 -0.209647745 -0.977003157 0.0388941132 -0.954791248 0.293058991 0.0499013998 -0.881084859 -0.46429801 0.0900937319 0.976812303 0.209602371 -0.0436419658 0.991263509 -0.129126951 0.0268859304 0.991263509 0.129127324 -0.0268860031 -0.991306424 -0.128336728 0.0290045589 -0.29397589 0.95578301 0.00754747866 -0.702558994 0.711584151 -0.00766641041 0.681707561 0.222792208 0.696877599 0.783031344 0.350139141 0.514066517 0.819459677 0.251149863 0.515179276 -0.52039808 -0.853923738 0 -0.523870111 -0.85177213 -0.00666643353 -0.671874046 -0.740539551 0.0136553356 -0.668099582 -0.743864655 0.0175598525 -0.684856296 -0.728678167 0 0.522340238 0.852732956 0.00268195895 0.84567982 0.532954395 -0.0280206669 0.494417429 0.868787169 -0.0275735278 0.990367174 -0.138465896 0.000472126325 0.990984797 -0.133935094 -0.00324241794 0.993480265 -0.112025261 -0.0211499818 0.835164487 0.549955606 -0.00700828619 0.816870809 0.576758683 0.00846354477 0.847847402 0.529924333 -0.0183061045 -0.37894991 0.925047457 -0.0261549186 -0.387531519 0.921607494 -0.0214237962 -0.372602522 0.927517712 -0.0296381153 0.513352275 0.85817796 0 0.519919097 0.854141593 -0.011233056 0.919567466 0.392931968 0.00044722957 0.926954985 0.374940306 -0.0131997308 0.898287117 0.437981963 0.0353843793 0.934836268 0.353956521 -0.0282108448 0.998670995 0.0495157279 -0.0142965652 0.92437917 0.377724975 -0.0533568449 0.866024256 -0.500002027 0 0.000234977953 0.0970841944 0.995276093 -0.000292385259 -0.00071756629 0.999999642 -7.34246487e-06 -1.7368362e-05 1 -0.969423652 -0.243842155 0.0275461022 -0.95167321 -0.302802026 0.0512752086 -0.977645814 -0.209793121 0.0139799761 -0.622422636 0.77996254 -0.0651806444 -0.648790479 0.759584725 -0.0458458103 -0.594272256 0.799758255 -0.085011974 0.936879933 -0.349174798 -0.0182446055 0.93468827 -0.354735523 -0.0228141099 0.945638895 -0.325216174 0.00127215486 -0.9522295 -0.30437091 -0.0248458702 -0.924136698 -0.377632767 0.0580069311 -0.500006855 0.866021395 0 -0.130522832 0.991445303 0 -0.499994814 0.866028428 0 -0.95825845 0.195558071 0.208561212 -0.935734987 -0.0217218176 0.35203433 -0.940309048 0.0377115421 0.338225901 0.797802329 -0.25089857 0.548234701 0.79712975 -0.331339568 0.504775405 0.797751486 -0.2493781 0.549001873 -0.945987463 0.149777427 0.287531555 -0.945987344 0.149770647 0.287535667 -0.945987284 0.149770111 0.287535995 -0.00245332532 0.000427482271 0.999996901 -0.00197562668 0.000832428399 0.999997735 -0.00145038916 0.285168618 0.958476245 -0.439308941 -0.8968274 -0.0520405732 0.130454957 -0.990142763 0.0509785749 0.568770707 0.822413743 -0.0116424235 0.664808214 0.744233012 -0.0643982217 0.466103047 0.883844972 0.0395729728 0.983897507 0.178733915 -3.74616047e-06 0.983896136 -0.178741172 2.67949508e-06 0.983897746 -0.178732365 2.50654989e-06 0.216495067 -0.975772977 0.0315733589 0.21424517 -0.976322949 0.0298749749 0.22039032 -0.974800885 0.0345163234 -4.16882758e-05 0.000434900256 0.999999881 -3.92309485e-05 0.000420587457 0.999999881 0.000371430244 -0.123845473 0.992301464 0.349586308 -0.936904073 0.000471745298 0.353865147 -0.935290873 -0.00324254343 0.374323875 -0.927056849 -0.021149883 0.916039228 0.401088357 0.000592844328 0.915511787 0.40229091 -0.000597866368 0.90519172 0.424396187 -0.0227129515 0.921270072 -0.388675779 0.0138791017 0.92122525 -0.388777822 0.0139908185 0.925548613 -0.378617495 0.00292224041 -0.658547282 -0.728546917 0.188506663 -0.534525633 -0.844329476 0.0372832716 -0.463947266 -0.885078132 -0.0372749865 -0.556249499 -0.830856442 0.0162533503 -0.388115674 -0.921287298 -0.0244124047 0.950109005 -0.141979843 -0.277731091 0.951721907 -0.13550365 -0.275434494 0.951657951 -0.134596676 -0.276099354 -0.00093814719 0.425685823 -0.90487051 0.00294144545 0.517062187 -0.855942786 -0.0010331017 0.423388839 -0.905947387 -0.632612824 -0.773954213 -0.0282109324 -0.840114474 -0.542220652 -0.0142965494 -0.611669898 -0.789311826 -0.0533569157 0.500006497 -0.866021633 0 0.130523205 -0.991445243 0 0.499994189 -0.866028786 0 -0.998670995 0.0495165586 0.0142964693 -0.934836566 0.353955835 0.0282106809 -0.99936825 0.0355384089 0 -0.517350435 0.855773628 0 -6.23619098e-06 1 0 -0.953853369 -0.30024907 -0.00376114855 -0.999667346 -0.0233129282 -0.0110267438 -0.946330726 -0.322213888 -0.0252255145 0.949556291 -0.0438447371 -0.310516328 0.949896097 0.140057012 -0.279430449 0.949663699 0.145509258 -0.277427226 -3.16981709e-06 0 -1 1.00086049e-06 0 -1 -1.33830974e-06 0 -1 1.7820995e-06 0 -1 0.715944588 0.697943091 -0.0172836762 0.69793725 0.715950489 0.017278241 0.669000924 0.740121961 0.06824366 0.686969399 0.726415038 0.019852126 0.943655729 0.328046411 -0.043581441 0.447259575 0.893140912 -0.0475215353 0.944108307 -0.252494276 -0.211910635 0.949363172 -0.13681905 -0.282825142 0.949137986 -0.130213261 -0.286673248 -2.25449426e-07 0 -1 3.72703084e-07 0 -1 -8.70036487e-09 0 -1 -7.66235171e-05 -0.48150298 -0.876444399 0.00109614618 -0.453649759 -0.891179383 -0.000109295608 -0.482272118 -0.876021445 -0.292169333 -0.955720305 -0.0351546444 -0.671197355 -0.740712225 -0.0289729387 -0.326781869 -0.945099771 0 0.915864527 -0.0948525742 -0.390122056 0.947012484 -0.029682355 -0.319822431 0.249964416 -0.967882335 -0.0268600024 0.601521015 -0.793067157 0.0960050151 9.22969848e-05 4.06661711e-05 -1 -2.55387391e-07 0 -1 0.000568447809 0.000217306471 -0.999999821 0.936880052 -0.349174798 -0.0182443392 0.93468833 -0.354735494 -0.0228137877 0.945638895 -0.325216174 0.00127222191 0.340823442 -0.93987757 0.0216691121 0.448790014 -0.891357481 -0.0637915954 -0.798763216 -0.248193353 -0.548066914 -0.797373474 -0.219571769 -0.562124372 -0.798781395 -0.248723149 -0.547800183 0.717005789 0.697018147 -0.00826872792 0.697018325 0.71700561 0.00826850533 0.741526067 0.670276284 -0.0294752661 0.213916019 -0.97600472 -0.0406779721 0.118744515 -0.992158711 0.0389969647 -0.306661665 -0.950073659 -0.0576075204 -0.739032686 0.19804655 -0.643900812 -0.79953897 0.259773821 -0.541530132 -0.79968822 0.263100117 -0.539700985 0.984781682 -0.167978972 0.0445877276 0.99158299 0.129472479 0.000202613897 0.969119847 -0.203151777 0.139771327 0.954129159 -0.299318582 -0.00677831704 0.968309641 -0.249752432 0.000432142144 0.818563223 0.572235048 -0.0500111841 0.954060555 0.296569169 0.0426051058 0.882216513 0.470632643 -0.0141019886 0.715950668 0.697937012 -0.0172820948 0.697943807 0.715944052 0.0172807816 0.669008315 0.740114987 0.0682475641 -0.607912004 -0.78444916 0.122811079 -0.480854273 -0.876572669 -0.0199881792 -0.435954154 -0.89760536 -0.0651808083 0.453483731 0.87147218 -0.186785206 0.318712264 0.946234584 -0.0553411655 0.583861589 0.743233263 -0.326665074 -0.851653457 -0.52410531 3.70385933e-05 -0.853397608 -0.52124846 0.00353276287 -0.839291036 -0.543166399 -0.0236834418 0.0554656088 -0.998423874 0.00856518932 0.304368198 -0.952230394 -0.0248431452 0.377629489 -0.924137712 0.058011204 -0.749240637 0.661653936 0.0291976146 -0.801369011 0.59506917 0.0608312972 -0.716238439 0.697772861 0.0107569322 0.948959589 0.121129453 -0.291210204 0.949767411 0.175254613 -0.259282947 0.948806703 0.118145101 -0.292929113 -0.825024843 -0.564997613 0.0105748549 -0.770780504 -0.635792375 -0.0408115983 -0.796733856 -0.604084373 -0.0172418375 -0.998353004 -0.0396115333 0.0415001251 -0.884405553 -0.464870512 -0.0414983518 -0.689720809 -0.723000228 0.0394463316 -0.84586823 -0.531522572 0.0446167514 0.936106801 -0.351715893 -2.06595905e-06 0.936106741 -0.351715833 -2.06043865e-06 0.87872529 -0.477320343 -0.00268207327 0.991717279 -0.127425626 0.0161123909 0.921465576 -0.388304859 0.010977475 0.997220933 -0.0738769621 -0.00962314755 -0.99343735 -0.098262988 -0.0585369207 -0.990770578 0.13499628 0.0122344559 -0.998582423 -0.0354965962 -0.0396631584 -0.513355374 0.858176053 0 2.71996601e-06 0 -1 2.01948794e-07 0 -1 -5.78770425e-07 0 -1 3.70732664e-07 0 -1 -4.62433491e-07 0 -1 0.969387889 0.186217919 -0.160031348 0.996710777 -0.0806070939 -0.00837370846 0.998730838 -0.00908087473 -0.0495399609 0.0238015577 -0.999638796 -0.0124818208 0.0180738755 -0.999699533 -0.0165557433 0.680210471 0.733011305 0.00285574025 0.860674798 0.509068251 -0.00940034166 0.659619033 0.751409233 -0.0169404633 0.884715974 0.46603182 0.00959774014 0.000101761318 -0.999688804 0.024945477 -0.000549369201 -0.999415636 -0.0341764875 -0.00055374793 -0.999401927 -0.0345742553 -0.925662458 -0.378344625 -0.0020852678 -0.925183892 -0.379505455 -0.00322651025 -0.915460706 -0.401619107 -0.0251731463 0.50000596 -0.866021991 0 -5.05054777e-06 -1 0 -0.212522984 0.976840258 0.0248447042 -0.451178163 0.892392755 -0.00856456254 -0.703257203 0.70892787 0.0533906557 -0.201653704 -0.979343653 0.0148927728 0.269417882 -0.962036669 -0.0435823314 -0.918961465 -0.392508 -0.0380435698 -0.844760716 -0.534700871 0.0217775237 -0.953493714 -0.291330546 -0.0773070231 -2.90966142e-07 0 1 -4.81637485e-08 0 1 1.19119738e-06 0 1 0.869255722 -0.494330585 -0.00563435769 0.887981713 -0.459794641 0.00880198739 0.860211194 -0.509791672 -0.0122141009 -0.500004947 0.866022587 0 -0.130522951 0.991445303 0 -0.130525798 0.991444886 0 -0.93701601 -0.349017292 -0.01370697 -0.960235298 -0.274723887 -0.0497482345 -0.90705806 -0.420416355 0.0222674049 -0.871951818 0.487708837 0.0428960882 -0.957077503 0.288551807 -0.0272119548 0.936106801 0.351715863 -1.97545569e-06 0.983896613 0.178738356 -3.87326372e-06 0.866021752 -0.500006258 0 0.741263032 -0.671070576 0.0139089609 0.519795597 -0.854279101 0.00444002124 0.375401378 -0.918691397 0.12279997 0.518708706 -0.854717076 -0.0200004876 0.559370756 -0.826350033 -0.0651911497 0.130525783 0.991444886 0 -0.991444767 -0.130527318 0 -0.991445243 -0.130523086 0 0.130522564 -0.991445363 0 -0.130525112 -0.991445005 0 -0.130521566 -0.991445422 0 0.245129034 0.969455183 0.00826821197 0.272435695 0.962138355 -0.00827210769 0.209706232 0.977319956 0.0294783097 -0.000241947171 0.999909163 0.0134734996 -0.000631474133 0.999759257 -0.0219330452 -0.000239169472 0.999905705 0.01372582 -0.356887102 0.933823943 0.0245878305 -0.350022465 0.936549723 0.0189423952 -0.377929628 0.924879372 0.042040389 7.66931626e-05 0.393855572 0.919172347 -0.00109626586 0.422620177 0.906306267 0.000109370209 0.393048614 0.919517756 0.653900743 -0.756555915 0.00607654126 0.654764295 -0.75579977 0.00710317353 0.62568891 -0.77962184 -0.0265141316 0.00010175701 -0.999688685 0.0249502044 -0.000549365068 -0.999415815 -0.0341714695 -0.000553748105 -0.999402106 -0.0345696323 0.964629054 -0.26355508 0.00544562377 0.16190213 -0.986431539 0.0272127911 0.160882443 -0.986570299 0.0282111242 0.189547181 -0.981871605 0 -0.356887937 0.933823586 0.0245882478 -0.350023657 0.936549306 0.0189427212 -0.377929598 0.924879253 0.042041108 -0.500005543 -0.866022229 0 -0.945146203 0.324180007 -0.0400742032 -0.929902315 0.362217784 -0.0638753623 -0.965715945 0.25960061 -0.00046938227 -0.737764299 -0.67503649 -0.0054381066 -0.742527902 -0.669691384 -0.0128733898 -0.767538786 -0.638712466 -0.0541349389 -0.130523011 -0.991445303 0 -0.500006914 -0.866021395 0 -0.130526111 -0.991444886 0 0.65475738 0.75580585 -0.00709743192 0.653893709 0.756562114 -0.00607068744 0.68094033 0.73129195 -0.0391431116 0.998236358 -0.00366203277 -0.0592516437 0.998091042 -0.00374898105 -0.0616469495 0.998762429 0.000303279143 0.049734626 -6.27083182e-06 1 0 0.500002027 0.866024256 0 0.499995202 0.866028249 0 -0.866028607 0.499994457 0 -0.499993056 0.866029441 0 -1.44957994e-06 -3.68201404e-06 -1 3.35556138e-07 0 -1 -1.0223265e-06 0 -1 0.523770034 0.851778626 -0.0117520187 0.752056181 0.65793407 -0.0391680524 0.76031965 0.646801054 -0.0596861765 -0.999773562 -0.0169893168 0.012812105 -0.999773681 0.0169861279 -0.0128096994 -0.971989214 0.187648103 -0.141510516 0.745094299 -0.666046262 0.0348828249 0.519920826 -0.85414058 0.0112324608 0.51335603 -0.858175755 0 0.499993831 -0.866028965 0 -1 7.13760573e-06 0 -1 -6.01798092e-06 0 0.996361256 -0.0668279603 0.0528995134 0.937251449 -0.347209632 0.0317054428 0.847697318 -0.530445874 -0.00603371253 0 1 1.32148978e-06 0 1 -7.3108157e-07 0 1 2.78422499e-06 3.53071869e-06 1 0 0.130522504 0.991445303 0 0.500006497 0.866021693 0 -0.130524442 -0.991445065 -7.90477195e-09 1 6.6735538e-06 0 0.202104107 0.979227424 -0.016358573 0.250845015 0.964639843 -0.0809120983 0.303569496 0.940482914 -0.152766392 0.878726184 0.477318645 0.00268274546 0.998857558 0.0387104675 -0.0280202404 -0.523769677 -0.851778865 -0.0117511535 -0.752055407 -0.657935262 -0.0391652137 -0.760318458 -0.646802843 -0.0596819073 -0.998556614 0.00589911314 -0.0533838458 -0.998556852 -0.00589915272 0.0533805303 -0.998103976 -0.00676080445 0.0611777492 -0.745091736 0.666049302 0.0348815136 -0.519920468 0.854140878 0.0112320622 0.976554394 -0.198954225 0.0822118968 0.976303518 -0.201610237 0.0786429197 0.975463569 -0.209314749 0.0682506114 0.749227703 0.661932409 -0.0224354621 0.754363239 0.65550822 -0.035286855 -0.130525783 0.991444945 0 0.997886539 0.00713714398 0.0645868778 0.998103797 0.00676079839 0.0611813217 -0.130522221 -0.991445422 0 -0.513352394 -0.85817796 0 -0.519919813 -0.854141176 -0.0112331463 -0.298881859 0.954132676 -0.0173359606 -0.304538816 0.952381194 -0.0150403669 -0.296668798 0.954806387 -0.0182324983 0.866028368 -0.499994814 0 0.499996305 -0.866027474 0 -0.955258608 0.294646055 0.0257828813 -0.998749554 0.044321306 -0.0231293943 -0.959596217 -0.270608872 0.077110447 0.259570926 -0.965723634 0.000904848159 0.258065522 -0.966126919 -0.000903472886 0.220288724 -0.97436285 -0.0457164571 0.96213603 0.272444278 0.00827065203 0.96945399 0.245133907 -0.00826644804 0.951234221 0.307058096 0.0294764433 8.1041172e-08 0 1 -1.36008282e-06 0 1 -3.24581515e-06 0 1 -0.955258548 0.294646025 0.0257829707 -0.998749554 0.0443213955 -0.0231295768 0.149806008 0.987751544 -0.0436466932 0.168814763 0.985363185 -0.0236848537 -1 -6.02289174e-06 0 -0.866021872 0.50000608 0 0.745094717 0.666045785 -0.0348845012 0.753716528 0.65493989 -0.054454416 0.38045463 -0.924744964 0.0100520784 0.121976003 -0.992436469 0.0138467951 0.347198695 -0.937762976 -0.00733258436 0.866021216 0.500007153 0 0.991575122 0.129532665 0 0.866028845 0.499994099 0 0.866026759 0.499997646 0 0.962137878 0.272437871 0.00827116426 0.969454885 0.24513039 -0.00826546922 0.951237202 0.30704841 0.0294766016 0.245132759 0.969454288 0.00826573931 0.272437572 0.962137878 -0.0082733538 0.209711686 0.977318943 0.029474739 0.866029441 0.499992967 0 0.866024792 0.500000954 1.30251038e-07 -0.989501059 0.144403696 -0.0059277988 -0.98758918 0.156505942 -0.0131700998 -0.991501451 0.130069658 0.0026290603 -0.907285631 -0.420502365 -0.00325062801 -0.804267764 -0.583359003 -0.113338329 -0.844836295 -0.529675841 -0.0754664987 -0.24513942 -0.96945262 0.0082579283 -0.272439569 -0.962137341 -0.00827751029 -0.209724471 -0.977316499 0.029462235 -0.33787784 -0.940862 0.0248440895 -0.27638337 -0.960922539 -0.0154950544 0.679026008 -0.733764768 -0.0226473417 0.642521977 -0.764601171 -0.050503049 0.741529763 -0.67027241 0.0294715744 0.353004754 0.935225785 0.0272118188 0.353957325 0.93483597 0.0282101929 0.326782346 0.945099592 0 -0.425212413 -0.904729486 0.0256684329 -0.609366 -0.792045772 -0.0365581252 0.957580149 -0.278360009 0.0745391548 0.99997735 -0.00515153119 -0.00433384255 0.984457552 -0.134391144 -0.113059454 0.99997735 0.00515146786 0.00433377409 0.350022465 0.936549723 -0.0189429 0.35688746 0.933823705 -0.0245882869 -0.951670408 0.302810222 -0.0512763634 -0.969424605 0.243838087 -0.0275467206 -0.943033159 0.327037066 -0.0611158647 0.780890048 -0.624410927 0.0179354828 0.76953733 -0.638585269 0.00459536631 0.811321139 -0.581889212 0.0562402196 -0.745093226 0.666047513 0.034882322 -0.519919813 0.854141235 0.0112323733 0.475420922 0.854506373 -0.209269509 0.396172971 0.908985674 -0.129584193 0.583862126 0.743232846 -0.326664895 -0.00218923669 0.999564409 -0.0294306129 -0.304026842 0.941903353 0.142778665 -0.928907096 0.360785902 -0.0834574848 -0.922807932 0.373564184 -0.0942084044 -0.950162768 0.309092641 -0.0406487957 0.937806904 0.345399737 0.0348871984 0.882645786 0.469072878 -0.0301155131 0.910475731 0.413562417 -0.000330444076 -0.862032712 -0.5020926 0.0693000183 -0.801312745 -0.598004997 -0.016970722 -0.814245582 -0.580520391 -0.000420994824 0.776469529 0.629930198 -0.0168227293 0.77401489 0.63303417 -0.0129862046 0.733685791 0.677961111 0.0455404334 -0.264194548 0.964459836 0.00430322625 -0.253434002 0.967343211 -0.00429947907 -0.306942433 0.950933099 0.0388929211 0.118744932 0.992158651 -0.0389968343 0.213910654 0.976005971 0.0406778008 0.314935297 0.948186815 -0.0419231504 0.25316447 -0.967409551 -0.00513990177 0.264450908 -0.964385509 0.00512967631 0.220385775 -0.974797308 -0.034648072 0.386716872 -0.922003686 0.0189510137 0.327738911 -0.944751859 -0.00557041261 0.407433033 -0.9128142 0.0277230088 -0.846763611 -0.531527936 0.0216662809 -0.000460948242 -0.900659323 0.43452552 -0.00102304888 -0.902831316 0.42999357 -0.00106915098 -0.966816425 0.25546971 -0.999667346 0.0233146958 0.0110266348 -0.95385319 0.300249845 0.00376111409 -0.670153797 0.741384208 -0.035261631 -0.468550414 0.882545829 0.039664004 -0.612298965 0.790531695 -0.0122345043 -0.866027474 -0.499996394 0 -0.598911405 -0.799865186 -0.0389969833 -0.673258185 -0.738287687 0.0406780764 -0.746831656 -0.663690269 -0.0419233106 -0.379294008 0.925203204 0.0116216056 -0.14288044 0.989489913 -0.022244921 -0.749229312 -0.661930561 -0.0224342085 -0.75436455 -0.65550679 -0.0352849476 0.962139547 0.272432029 0.00826531556 0.969454706 0.245130748 -0.00827194005 0.951241434 0.307035923 0.0294722412 -0.968886137 -0.247493967 -0.00252956455 -0.99958241 0.00889819581 -0.0274924114 -0.998964131 0.01367372 -0.0434015505 -0.702560127 -0.711583138 0.00766644394 -0.671197474 0.740712106 0.028973138 -0.292169511 0.955720186 0.0351548791 -0.459557503 0.888114512 0.00771439867 -0.878726304 0.477318436 -0.00268173614 0.96240598 -0.271064848 -0.017281495 0.968997002 -0.246467397 0.0172817241 0.975461721 -0.20932357 0.0682490915 -1.72236867e-06 0 -1 -4.46977492e-06 0 -1 -4.27101895e-06 0 -1 0.515461266 0.856880486 -0.00744580058 0.566668987 0.823211908 -0.034763135 0.467584729 0.88378346 0.0170708466 -0.920304656 -0.367006898 0.135444358 -0.836613238 -0.547321022 0.0227608345 -0.87281698 -0.483735293 0.0647353455 -0.245133623 0.96945405 -0.00826761965 -0.272436231 0.962138295 0.00826792512 -0.209715739 0.977318168 -0.0294718761 0.952518284 0.204397276 -0.225678504 -0.97487098 -0.217027113 -0.0502567478 -0.998299658 -0.0414834432 0.0409488231 -0.946020067 0.305358052 -0.108639114 0.999593019 -0.0031721862 0.028350696 0.0355376862 -0.99936837 0 0.49999398 0.866028845 0 0.500006616 0.866021574 0 -0.0020822247 -0.898652971 0.438655257 -0.000933292846 -0.898120761 0.4397479 -0.00105585158 -0.765324235 0.643644094 0.988474429 -0.150321782 0.0179355107 0.985729873 -0.168272182 0.00459550973 0.993567884 -0.0982850045 0.0562401786 0.991445303 -0.130522966 0 0.866022468 -0.500005126 0 0.314783156 -0.947399557 0.05784183 0.315994292 -0.946917653 0.0591141656 0.306799322 -0.950487316 0.0494771712 -0.935225844 0.353004336 0.0272126757 -0.934836149 0.353956729 0.0282110851 -0.945098281 0.326786369 0 -0.963004768 -0.169007823 0.209900185 -0.960521042 -0.208602414 0.184076831 -0.990809679 -0.122935191 0.0564177036 -0.987300813 -0.156145528 0.0292524025 0.974394202 -0.224814966 0.00376896304 0.953011453 -0.287601709 0.0951547399 0.912385821 -0.371707648 0.171421945 0.861138225 -0.393886 0.32139504 0.786731184 -0.344726115 0.512072146 0.717675805 -0.31848523 0.619280696 0.000722755853 0.564449549 0.825467288 -0.000975688279 0.768532932 0.63980943 0.000218812638 0.854533017 0.51939702 0.000745276455 -0.741453469 -0.671003878 -0.000467839593 -0.578862727 -0.81542486 -0.000137301598 -0.863880992 -0.503695965 -5.09768033e-05 -0.0904297531 -0.995902836 0.810627341 0.585458815 0.0110150967 0.515846193 0.85572356 -0.040494632 0.72774893 0.685782313 -0.00916727353 0.685778677 0.727752388 0.00916680135 0.741756678 0.670488238 -0.015567298 0.841963053 -0.538756847 0.0289684702 0.882034421 -0.470659375 -0.0222504027 0.86870116 -0.495319605 -0.00408481201 0.127559587 0.991578698 0.0223691035 -0.282657713 0.958772779 -0.0293139461 -0.21252647 0.976839244 0.0248526484 -0.451173723 0.89239502 -0.00856285449 -0.950017691 0.312049657 -0.00955404621 -0.953092039 0.302206099 -0.0169403683 0.517348528 0.85577482 0 -0.753459632 -0.159894794 -0.637755692 -0.798508465 -0.260537386 -0.542682707 -0.798370123 -0.263871819 -0.541273534 -0.866021216 -0.500007153 0 -0.991673291 -0.12877892 0 -0.866028845 -0.499994099 0 -0.866028607 0.499994367 0 0.9602139 -0.206047207 0.188504338 0.995325506 -0.0712559074 0.0651893839 0.999561071 -0.0218571424 0.0199965015 -0.313544512 -0.946311295 -0.0786433965 -0.315968901 -0.94520098 -0.0822112337 -0.325270146 -0.940738559 -0.0959705114 0.130526811 -0.991444767 0 -0.741263926 0.671069562 0.0139104854 -0.519797266 0.854278088 0.00444051251 -0.543609738 0.839333236 0.00285857916 -0.550281346 0.834974408 -0.00285488041 -0.566499233 0.823888183 -0.0169360526 -0.188303635 -0.98163408 -0.0305992588 -0.188534066 -0.981597066 -0.0303658694 -0.192069814 -0.981015682 -0.0267818272 0.660584688 0.746236324 0.08221405 0.66275847 0.74469173 0.0786468312 0.669007957 0.740114212 0.0682596862 -0.979752004 0.19924067 0.0197278857 -0.883371472 0.468635619 -0.00596448407 -0.9867208 0.130147249 0.0971792638 -0.991704941 -0.128535524 -0.000164936981 -0.984755516 0.157314837 0.0742204636 -0.977906525 -0.203653976 -0.04715937 -0.97840023 -0.20064196 -0.0497579426 -0.975365162 -0.217819661 -0.03488978 -0.343486458 0.937754273 0.0513226017 -0.335039049 0.941190898 0.0436866917 -0.377122134 0.922517478 0.0821006596 0.661212206 0.747606158 -0.0623177178 0.711211979 0.69691515 -0.0921239033 0.617329061 0.78580457 -0.037630178 -2.03229913e-08 0 1 1.35821647e-08 0 1 4.98156583e-09 0 1 1.3690933e-06 0 1 3.1777364e-07 0 1 -3.44776424e-07 0 1 0.224833757 0.973762691 0.0351547003 0.969267547 -0.231534764 0.0831388682 0.965523183 -0.251089752 0.0686936006 0.975507855 -0.187388659 0.115194798 0.385954767 -0.919067562 0.0797108188 0.585427582 -0.81066221 -0.0100662783 0.472006679 -0.880553782 0.0428338274 -0.804635525 0.313648194 -0.504169166 -0.79692471 0.270923048 -0.539918125 -0.794458628 0.259455293 -0.549107075 -0.94507283 -0.323027581 -0.0499059148 -0.798036575 -0.430854946 -0.421309471 -0.774081469 -0.385498792 -0.502183676 -0.859039605 -0.261465222 -0.440098673 -0.854178488 -0.260717928 -0.449894667 -0.620558858 0.221519411 -0.752220571 -0.710192204 0.202679008 -0.674201846 8.63485949e-11 0 -1 -0.725596607 -0.68804884 -0.00991528854 -0.559026003 -0.827844501 0.0465112478 1.73439214e-11 0 -1 0.000551692909 0.00319363549 -0.999994755 0.953641951 0.0136758015 -0.300632626 0.954099476 -0.194091916 -0.228084669 0.906333089 -0.362576604 -0.217021942 -0.946422219 0.130580083 0.295353711 -0.947281003 0.143667832 0.286388308 -0.924659133 -0.0593149029 0.376147836 -0.875838637 -0.155216485 0.456962287 0.00422843732 -0.992819786 -0.119545281 0.00729002059 -0.789729953 0.613411367 -0.00772647606 -0.991606414 -0.129061624 -0.00817288924 -0.759539127 0.650410295 0.00375523092 -0.267839134 0.963456333 -0.00215958664 -0.195637107 0.980673969 0.0015429965 -0.319245279 0.947670817 -8.54952668e-05 -0.161055654 0.986945331 -0.000310995354 -0.533573329 0.845753729 0.00165076065 -0.946638405 0.322293311 -0.00116356497 -0.927559972 0.373672307 0.000704737206 -0.951354325 -0.308098286 -0.000824018032 -0.972653568 -0.23225911 0.779825509 -0.274383783 0.562659502 0.780534208 -0.273927391 0.561898649 0.757073641 -0.286295027 0.587260246 0.700891078 0.143511653 0.698681593 0.496293992 0.190679163 0.846955597 0.607944012 0.250488281 0.753431976 0.689726532 0.348682672 0.634584665 0.554704547 0.547754407 0.62631309 0.932235599 0.263893872 0.247581854 0.900051773 0.389513701 0.19541201 0.892055511 0.412235916 0.185198575 0.81319195 0.572415531 0.105163559 -0.353957415 0.93483597 -0.0282100104 -0.353004932 0.935225725 -0.027211681 -0.377725214 0.92437911 -0.0533551984 0.00162738352 0.974008977 0.226503685 0.000377197168 0.95307368 -0.302738339 -0.000910133123 0.957913876 0.2870543 -0.000730037282 0.979864538 -0.199662104 0.000458296214 0.628701329 -0.77764678 3.89234629e-05 0.779170394 -0.6268121 0.000862132583 0.312159956 -0.950029135 0.000528611243 0.20918864 -0.977875173 0.00413573859 0.170038998 -0.985428631 -0.00880883634 0.371982753 -0.928197801 0.0130495336 0.694689274 -0.719191551 -0.0132142222 0.908417761 -0.417854726 0.014353198 0.998592198 0.0510655306 -0.00567180011 0.980471134 0.19658123 0.395699531 0.916058421 0.0652601346 0.206531852 0.978349626 -0.0132914558 0.316262245 0.948141575 0.0317130126 0 -0.438204408 -0.898875296 0 -0.438200504 -0.898877263 0 -0.438204408 -0.898875237 -0.614700794 0.788335562 -0.0258838646 -0.610653639 0.79161787 -0.0210530739 0.951722145 0.135508582 -0.275431335 0.951658487 0.134600416 -0.276095748 0.998857498 -0.0387118086 0.0280203503 -0.321427464 0.946242511 -0.036187008 -0.311099768 0.949380696 -0.0435108766 -0.339442819 0.940338016 -0.0233025476 0.684437275 -0.271407187 0.676671267 0.669930398 -0.741140127 -0.0436416976 0.3149333 -0.94818747 0.0419235341 -0.945987284 -0.134258747 0.295097589 -0.945987046 -0.134254768 0.295100302 -0.945987046 -0.134254441 0.29510048 -0.745094776 -0.666045725 -0.0348847918 -0.753716588 -0.65493983 -0.0544549413 -0.798766255 0.278884739 -0.533100128 -0.797368467 0.307581484 -0.519227564 -0.798784554 0.278348476 -0.533352911 -0.000283388887 0.900034368 0.435818762 -0.000116064017 0.898975372 0.43799907 -0.464638025 0.884600461 0.0399181396 0.513507485 -0.857871532 0.0191431697 0.747950554 -0.648494661 -0.141508132 -1.75847568e-08 0.898876786 0.438201398 -1.03554193e-07 0.898876429 0.438202202 -9.4022937e-08 0.898877084 0.438200951 3.62948889e-08 -0.898879349 -0.438196242 3.85041767e-06 -0.898880661 -0.438193321 0.294668704 -0.948391974 -0.117145546 0.0640144497 -0.997787416 0.0179560632 0.135278732 -0.990532458 -0.023346791 -5.31794876e-06 -1 0 -0.517347574 -0.855775416 0 -0.934575796 0.212569803 0.285275787 0.763158739 0.426748455 0.485257208 0.626335502 0.629560173 0.459736705 0.961238325 0.240135863 0.13548331 0.937727034 0.336645097 0.0856632292 0.941583037 0.323839903 0.0924609005 0.888649583 0.458235592 0.0179456025 0.000311770331 -0.86337781 0.504557848 0.000909676368 -0.615396976 0.78821677 -0.000687043415 -0.279748559 0.960073054 -3.23201748e-05 -0.0107804667 0.999941885 -0.866021931 0.50000608 0 -0.986631393 -0.160792023 -0.0265395325 -0.986456692 -0.162044942 -0.0253889393 -0.989569545 -0.135089159 -0.05003177 0.000521015842 0.78838408 -0.615183115 0.000553485588 0.313090146 -0.949723303 -0.000440502132 0.627807915 -0.778368115 -0.000215538137 0.119384371 -0.992848098 1.33417234e-05 0.0208193902 -0.999783278 -0.000105724044 0.870145261 -0.492795378 0.69776243 -0.715306044 -0.0382740572 0.771651804 -0.636034369 0.00371444388 0.653176129 -0.754735708 -0.0611146279 -0.978824258 -0.200786978 0.0398447625 -0.978152454 -0.203596458 0.0420274474 -0.980008662 -0.195690751 0.0358893722 0.717010677 -0.697013199 0.00827098172 0.697021067 -0.717003047 -0.00826738775 0.741533697 -0.670267642 0.0294793304 -0.159374863 0.986690402 -0.0322758183 -0.16335091 0.986169338 -0.0280460007 -0.189551547 0.98187083 0 -0.772366703 0.634557605 0.0280427337 -0.774805844 0.631375074 0.0322718211 -0.789096117 0.611524403 0.0580109768 -0.958816171 0.281274736 -0.0394479446 -0.254578561 -0.965577185 -0.0533895344 -0.950748026 0.306877106 -0.0436419621 -0.746831834 0.66369015 0.0419233292 0.000193447224 0.431801975 -0.90196842 0.000605982903 0.457883954 -0.8890118 0.000189649814 0.431560218 -0.902084112 0.0648612231 -0.997893751 -0.00106618716 0.253768772 -0.965468287 0.0589278564 -0.0568441041 -0.997610748 -0.0392632522 0.715944231 0.697943568 -0.0172818173 0.697936475 0.715951085 0.0172812752 0.668999553 0.740122795 0.0682486072 1 -7.75634908e-06 0 0.992417812 -0.0981532931 0.0739770383 0.999853611 0.0136639578 -0.0103010535 0.999853671 -0.0136634586 0.0102959648 0.774011672 -0.633038163 0.0129857315 0.776466191 -0.62993443 0.016822299 0.810363829 -0.581215739 0.0741546452 0.952070892 0.305822074 0.00582568487 0.711581945 0.702561259 -0.00766787073 -0.662863076 -0.747049391 0.0502960719 -0.707691431 -0.705819488 0.0314914919 -0.645188093 -0.761867344 0.0573623143 8.66683058e-06 -1 0 0.130522162 0.991445422 0 0.500006497 0.866021633 0 -0.243990257 0.969760954 0.0057044467 -6.2447667e-05 -0.000695121824 0.999999821 -2.57639083e-08 0 1 -7.75425377e-08 0 1 0.130526498 -0.991444767 0 0.66716367 -0.743933916 -0.0381438136 0.652445138 -0.757573485 -0.0199423414 0.989648879 0.141631588 -0.0231436547 0.985897183 0.141364783 -0.0895691067 0.952651441 0.212346345 -0.217633158 0.922442734 0.162534148 -0.350260079 -0.130525783 0.991444886 0 0.130526841 0.991444707 0 1.75469304e-05 -0.000164770681 -1 0.000346158602 -0.000969380082 -0.999999523 8.24429117e-06 -0.200612038 -0.979670763 -0.000675534364 -0.253070712 -0.967447579 -1 7.12532892e-06 0 -0.743236125 0.668518662 0.0261318795 -0.740070701 0.672205746 0.0208499786 -0.720115185 0.693765521 -0.0111151412 -0.789126873 -0.0639993548 -0.610886991 -0.793242514 0.14495787 -0.59139961 -0.86092639 0.13044706 -0.491720855 -0.814926147 0.364783794 -0.45036453 -0.73071593 0.552144766 -0.401485264 -0.761315346 0.598926246 -0.248367175 -0.630686522 0.768710673 -0.106388494 0.858810008 -0.384879678 0.338102072 0.780545175 -0.399416357 0.480849147 0.769565403 -0.370804608 0.519877791 0.732156098 -0.368309885 0.572970569 0.487786233 0.243158057 0.838414431 0.658928812 0.225640729 0.717564702 0.000180661678 0.927020788 -0.375009894 -0.00201299577 0.999746919 -0.022406714 0.000912695308 0.999995351 -0.00290501094 -0.000551362755 0.620731056 0.784023285 0.000946599466 0.772507071 0.635005534 3.82639773e-05 0.278369904 0.960473955 -9.08238144e-05 0.180768386 0.983525634 -0.00393939437 0.323914438 0.946078181 0.00840215292 0.404232472 0.914617777 -0.00710996613 0.89786762 0.440208048 0.0130726267 0.888867617 0.457977563 -0.00540667633 0.982236564 0.187569201 -0.936884403 0.0496388339 0.346097648 -0.951157212 -0.163598895 0.2617926 0.00587953953 -0.985456407 0.169826806 -0.00189546484 -0.991200328 0.132356763 -0.00423373142 -0.939361155 -0.342903256 0.0105462568 -0.856479943 -0.516072631 -0.00595236011 -0.633565307 -0.773666263 -0.00284825871 -0.197530076 -0.980292618 0.00660319952 -0.315881401 -0.948775649 -0.00059068366 -0.578856766 -0.815429091 -0.000420106866 -0.708886087 -0.705322802 3.94975723e-05 -0.88940388 -0.457122236 0.0013858719 -0.956198692 -0.292715222 0.000316357356 -0.996819437 0.0796925128 0 0.438200474 -0.898877263 0 0.438200504 -0.898877323 -0.287997633 -0.957493544 0.016231399 -0.288107663 -0.957458496 0.0163471196 -0.27741152 -0.960737348 0.0051344661 0.946099639 -0.323058099 0.0230012778 0.948829234 -0.314566344 0.0277672894 0.944175363 -0.328851432 0.0197377112 6.20461265e-08 0 1 -1.02700949e-06 0 1 -4.92023901e-07 0 1 0.14980638 0.987751484 -0.043647144 0.168815464 0.985362947 -0.0236859377 -0.937012136 -0.349027723 -0.0137067558 -0.960226893 -0.274753481 -0.0497460328 -0.907060206 -0.420411736 0.0222671591 -0.954487979 -0.298168838 0.00693051098 -0.71158582 -0.702557325 -0.0076663401 0.866028607 -0.499994367 0 -0.796094894 -0.264901757 -0.544113934 -0.805067897 -0.313037306 -0.503858328 -0.793233514 -0.252192646 -0.554237664 -0.499994665 -0.866028488 0 -0.664640129 -0.746984541 -0.0163577106 -0.699559271 -0.709978998 -0.0809105262 -0.733143508 -0.662694335 -0.152763456 -0.232298061 0.972513318 -0.0159805678 -0.285083324 0.958369255 0.01599144 -0.0979928076 0.990677834 -0.0946303681 -1 5.64702577e-06 0 -1 -5.19526429e-06 0 0.926912963 -0.195755586 -0.320175231 0.770849705 -0.186767906 -0.609022558 0.856409609 -0.193649322 -0.478604764 4.69052247e-05 0.898751438 -0.438458592 0.000359651865 0.898578942 -0.438811779 0.000101802325 0.999688625 -0.024955688 -0.000549369142 0.999415815 0.034171436 -0.000553748163 0.999402106 0.0345692411 0.613067627 0.788484991 0.0493914485 0.693283975 0.720581412 0.0109444717 0.568060637 0.820067704 0.069252342 0.245130584 0.969454825 0.00826917775 0.272432178 0.962139487 -0.00826795772 0.209711671 0.977318883 0.0294768605 -0.929466605 -0.197105318 0.311835557 -0.761280894 -0.193955347 0.618734658 -0.853558779 -0.198489755 0.481704533 0.000560825109 -0.43070522 -0.902492464 0.000213103573 -0.452743381 -0.891640842 0.000564025948 -0.430501044 -0.902589858 -0.847710013 -0.53046006 0 0.130523399 0.991445243 0 2.27371561e-06 0 -1 3.87673623e-07 0 -1 -3.13887938e-07 0 -1 -0.945433795 -0.325707197 0.00834553782 -0.481049508 -0.875978291 -0.0354031995 -0.632200122 -0.77454704 0.0199946649 -0.522381008 -0.852453589 -0.0209986046 -0.50245291 0.86459738 -0.00353167159 -0.499559343 0.866279662 -3.59024452e-05 0.24512963 -0.969455063 -0.00826940965 0.272432804 -0.962139308 0.00826813746 0.209710807 -0.977319062 -0.0294763297 -0.935225189 -0.353006065 -0.0272129271 -0.934835553 -0.353958547 -0.0282113515 -0.945098281 -0.326786369 0 -0.739324927 -0.668281615 -0.0824531689 -0.922214031 -0.383311391 0.0509279482 -0.717006981 -0.697017014 -0.00826831907 -0.697018087 -0.717005908 0.00826830138 -0.741528511 -0.670273721 -0.029473817 -0.307029068 -0.95124346 -0.0294820424 -0.521728635 -0.85267812 0.0271903463 0.313797891 0.949468434 -0.0063625765 -0.13503255 0.989141881 -0.0580047257 0.34820503 0.937143087 0.0227160677 0.459556699 0.88811487 -0.00771370204 0.306667119 -0.95007199 0.0576076098 3.36114056e-07 0 -1 1.55647285e-07 0 -1 7.10770607e-08 0 -1 -1.85341463e-07 0 -1 0.000252444181 -0.00028719462 -1 0.000700726465 -0.000675094023 -0.999999523 -1.03091395e-07 0 -1 0.00064837886 -0.00119019533 -0.999999046 -9.16563625e-09 0 -1 3.8533714e-09 0 -1 1.63573333e-08 0 -1 -2.3725217e-05 0.000887171773 -0.999999523 -2.76221351e-10 0 -1 -0.000133740075 0.00144481275 -0.999998927 -0.770861566 -0.186769232 0.60900718 -4.37934034e-07 0 -1 -1.56033127e-06 0 -1 4.41232032e-06 0 1 2.16310218e-06 0 1 2.33674382e-06 0 1 -7.27707004e-07 0 1 -6.69476776e-07 0 1 -6.41326494e-07 0 1 1.33996195e-06 0 1 2.34786125e-06 0 1 1.52128166e-06 0 1 2.46845639e-06 0 1 9.83015298e-07 0 1 1.18079481e-06 0 1 0.991444707 -0.130527318 0 0.573427141 -0.819110155 0.015486246 0.113064155 0.992302895 -0.0505110584 -2.04913681e-06 0 1 -2.51908114e-06 0 1 -1.37653092e-06 0 1 -0.51269412 0.85786891 0.0347223952 0.754642069 0.653093576 -0.0631199926 -0.67015028 -0.741387248 0.0352623053 -7.60305484e-05 -0.0140650421 0.999901056 -4.30148049e-07 0 1 -4.16136999e-07 0 1 -0.000670773559 -0.000483683718 0.999999642 2.54415539e-07 0 1 -3.60577523e-08 0 1 3.0362728e-06 0 1 -0.968695998 -0.190576211 0.159087092 -0.795137703 -0.606410861 0.0046686721 -1.8021683e-06 0 -1 2.17330171e-06 0 -1 -9.86709551e-07 0 -1 1.32833406e-06 0 -1 2.81946313e-06 0 -1 -4.58405395e-07 0 -1 2.42884425e-06 0 -1 1.12588999e-07 0 -1 -2.51203801e-06 0 -1 -1.52554207e-07 0 -1 -0.985223114 0.169954479 -0.0212369319 0.97731775 -0.209717393 0.0294739809 0.905193627 -0.424392015 0.0227143485 -0.479616195 0.877158761 0.0236845445 0.838491023 -0.544763863 0.0128490692 0.00781304669 -0.999684989 -0.0238506552 -0.82700038 -0.557667673 -0.071253337 1.35292964e-06 0 -1 -2.34989784e-06 0 -1 1.81926168e-06 0 -1 -1.30926395e-07 0 -1 3.9479296e-06 0 -1 3.89205724e-07 0 -1 3.98256816e-06 0 -1 8.71332304e-07 0 -1 1.75425805e-06 0 -1 -3.03685738e-06 0 -1 -5.52474205e-07 0 -1 -8.15454541e-07 0 -1 -1.43216198e-06 0 -1 -1.82744728e-07 0 -1 0.892718136 -0.448627323 -0.0422834419 0.496455312 0.867739499 0.0236708131 9.83018595e-07 0 1 1.35211928e-06 0 1 -1.84980195e-06 0 1 3.57535373e-06 0 1 2.16310082e-06 0 1 1.30730598e-06 0 1 7.27706947e-07 0 1 -1.13852718e-06 0 1 3.65009271e-07 0 1 1.66926748e-06 0 1 1.19874846e-06 0 1 -4.07312473e-06 0 1 -2.14384704e-06 0 1 -1.032245e-06 0 1 -1.76964522e-06 0 1 1.48533184e-06 0 1 1.29999285e-06 0 1 0.891746581 0.451665491 -0.0280405786 -0.00507420953 -0.430470228 0.902590573 -0.219016373 0.975671828 0.00981302094 0 0.898877144 -0.438200712 -1.0299666e-06 0.898876071 -0.438203126 -2.77659007e-09 0.898876667 -0.438201874 -1.04871972e-07 0.898876369 -0.438202411 -6.95990479e-07 0.89887619 -0.438202649 8.16793374e-07 0.898877025 -0.438200951 1.27838962e-06 0.89887619 -0.43820262 -1.51632776e-07 0.898876965 -0.43820101 -0.000371231436 0.900276721 -0.435318112 0.00074598036 0.899357259 -0.437213898 0.0012795818 0.899011016 -0.437924147 0.000778634683 0.898815155 -0.438327104 0.00131716032 0.898678064 -0.438607037 -1.49916985e-07 0.898876727 -0.438201725 -0.000119870288 0.898861647 -0.438232571 -5.96671416e-05 0.898949146 -0.438052982 0.469627142 0.880361319 0.0664415434 -0.795137703 -0.606410861 0.0046690423 -0.977318823 0.209711969 0.0294743683 6.83207944e-08 0 1 -4.37790021e-07 0 1 3.60139779e-06 0 -1 2.52281825e-06 0 -1 1.28560293e-06 0 -1 -2.71604085e-06 0 -1 -1.30628621e-06 0 -1 -1.04374669e-06 0 -1 7.1785297e-07 0 -1 -0.920226157 0.390821069 -0.0210417435 0.00807579886 0.999950469 0.00582149532 1.22481424e-07 2.0361897e-06 1 -1.41541227e-06 9.79919719e-07 1 1.28556351e-07 0 1 4.95777215e-07 0 1 -1.01888759e-06 1.39659198e-06 1 -1.59944909e-06 0 -1 1.11759235e-07 0 -1 -2.97213603e-07 0 -1 8.6565592e-07 0 -1 9.03721826e-08 0 -1 1.50767676e-06 0 -1 -1.47785784e-06 0 -1 2.96120629e-06 0 -1 -9.86120696e-09 0 -1 1.70115231e-06 0 -1 1.18516277e-06 0 -1 0.0781377479 0.995350242 0.0563252792 -0.419238567 0.907844305 0.00760287512 -0.51269412 0.85786891 0.0347219929 0.657757938 -0.752694249 0.0283874925 -0.302213162 0.953089893 0.0169376694 2.69822181e-07 0 1 -5.41437011e-08 0 1 -4.87688538e-08 0 1 -5.07382723e-08 0 1 3.7043506e-07 0 1 2.26331835e-07 0 1 3.38655042e-07 0 1 3.93381896e-07 0 1 -3.70630922e-08 0 1 -9.86362124e-07 0 1 0.374326855 0.927055538 0.0211505517 -0.325507611 0.94140619 -0.08831314 -0.965643108 0.25987038 0.000826372823 -0.128192738 0.988053858 -0.0855344832 -2.62894514e-06 0 -1 -1.17859418e-06 0 -1 5.0086004e-07 0 -1 4.20941859e-07 0 -1 3.57367789e-08 0 -1 6.38248025e-07 0 -1 5.94501728e-07 0 -1 2.41844396e-06 0 -1 1.19144056e-06 0 -1 3.37044958e-06 0 -1 2.9666333e-07 0 -1 2.44897501e-06 0 -1 1.65964309e-07 0 -1 -0.301667392 -0.934595466 -0.188489124 0.303567588 -0.940483212 0.152768016 1.5014175e-06 0 -1 -0.193582892 0.974801421 -0.110850103 0.106085368 0.994212866 0.0169316866 -0.763196051 -0.640795052 -0.083147496 0.755551994 -0.655088663 0 0.940364301 0.308814108 0.142648801 -0.00138238142 -0.482051969 0.876141489 0.258000344 0.962873101 0.0794436112 0.0180583932 -0.999719322 0.0153345633 0.983963251 0.176405355 -0.0264111198 -0.995553374 -0.0941611156 0.00266569038 0.977341235 -0.188662767 0.0959713235 4.6502015e-07 0 1 -1.87366027e-06 0 1 -8.17285638e-07 0 1 6.16760474e-07 0 1 1.34119443e-06 0 1 0.874251783 -0.485183477 0.0167567357 0.82124716 0.570411861 -0.0135438386 0.00992302038 0.33792904 0.941119254 -5.30373313e-07 0 1 -8.72684211e-07 0 1 3.71404872e-06 0 1 3.73567127e-06 0 1 1.70532053e-06 0 1 5.83121619e-07 0 1 4.51381226e-07 0 1 4.0939932e-07 0 1 1.66712891e-06 0 1 -6.30665681e-07 0 1 0.566633642 -0.817983806 -0.0991407633 0.00598590961 -0.998449504 -0.0553424507 -0.740193546 -0.669080198 -0.0666727722 0.328787148 -0.944395959 -0.00392133743 0.26366353 -0.964412689 -0.0197397768 -0.318938285 -0.947505295 0.0226321388 -0.670287013 0.741516531 -0.0294707622 7.65451887e-07 0 -1 3.00320357e-06 0 -1 8.79257868e-07 0 -1 -9.6979295e-07 0 -1 -3.27006842e-06 0 -1 1.29729438e-06 0 -1 -5.00441104e-07 0 -1 -1.17825232e-06 0 -1 -2.49735103e-06 0 -1 -2.70118591e-07 0 -1 -0.684856296 0.728678167 0 0.984621108 0.09738639 -0.145042092 0.830258071 -0.557212412 0.0136334188 -1.78040773e-06 0 1 -2.19891785e-06 0 1 -3.21780362e-06 0 1 -1.4760783e-06 0 1 -1.63380582e-06 0 1 -1.25957069e-06 0 1 -8.42583063e-07 0 1 3.45609578e-06 0 1 1.67837493e-06 0 1 -1.97017084e-06 0 1 -0.746404469 -0.645964444 -0.16003184 -0.936261654 0.351037592 -0.0136670163 -0.91977942 0.390627623 -0.0376261026 -0.975464582 -0.209312677 -0.0682435334 -0.962536871 0.269574285 0.0291980747 -0.00112488843 -0.452960312 0.891530037 -0.829101801 -0.559075892 0.00493364735 0.988609672 0.15028885 0.00801039115 -0.301666856 -0.934593797 -0.188498378 0.429050267 0.903280616 1.40108723e-05 0.429095984 0.903256416 -0.00212408649 0.429050863 0.903280318 -1.37052621e-05 0.42909655 0.903256059 -0.00215165364 0.97762388 -0.209783748 0.015567271 -1.96296696e-06 0 -1 -1.53922895e-06 0 -1 -3.2056937e-07 0 -1 3.37805523e-06 0 -1 -3.38075324e-06 0 -1 1.64831488e-06 0 -1 0.325989574 -0.942804337 0.0696480647 0.928171754 -0.372148722 -0.00160886347 0.0981636643 -0.992416441 -0.0739837587 0.998203754 0.0421695784 0.0425573476 0.804068923 0.594102025 0.0227136798 -0.337173164 0.941142857 -0.0237601921 0.97713691 -0.209666267 0.0352607742 5.27793134e-07 0 1 7.51537073e-07 0 1 3.24591866e-07 0 1 -1.76771789e-06 0 1 9.44114447e-07 3.58913371e-06 -1 -1.34112142e-07 0 -1 3.31110004e-06 1.3115075e-06 -1 4.258263e-07 0 -1 3.48634245e-07 0 -1 2.72831699e-07 0 -1 1.41672558e-06 2.18414607e-06 -1 -3.34951528e-06 1.10082567e-06 -1 -2.28980502e-06 -1.15441958e-06 -1 1.55218132e-07 0 -1 2.57229431e-07 0 -1 8.98210644e-08 0 -1 1.54499475e-07 0 -1 0.5016222 -0.864734352 0.0246898849 0.951321363 -0.307061732 0.02647328 -0.276550978 0.959950805 0.044876609 0.940717101 0.327647179 -0.0877426118 -0.377726227 -0.924378693 0.0533564463 -1.5304787e-06 2.47182101e-07 1 -1.04259165e-07 0 1 5.76075756e-08 0 1 -3.79133326e-07 0 1 2.21213469e-07 0 1 -0.988549888 0.1473649 -0.0324470289 -0.953092456 -0.302205205 0.0169382188 5.7221007e-07 3.62891598e-07 -1 3.66093587e-07 -1.94512694e-07 -1 -5.5773441e-08 2.22828803e-07 -1 -5.93683865e-07 5.3650831e-07 -1 -6.05259345e-07 1.25603394e-08 -1 -6.11891551e-08 0 -1 5.27837983e-07 0 -1 -2.12747253e-07 0 -1 -1.55671145e-07 0 -1 -2.34756996e-07 0 -1 -2.86544065e-07 0 -1 -1.73750948e-07 0 -1 0.947796643 0.167833 -0.271134079 0.98421371 0.151345551 -0.0917495415 0.857044458 0.180455074 -0.482608229 -3.92681301e-07 0 1 -2.94167705e-07 0 1 -5.87328941e-07 0 1 1.22611794e-07 0 1 1.22185963e-06 -8.61970534e-07 1 9.03019497e-07 0 1 2.31429976e-06 4.30926121e-07 1 0.135293826 0.990579784 0.021151334 -0.989569366 0.135089606 0.0500326008 -1 0.000109859662 -0.000140504169 1.23502076e-07 0 -1 -8.18266585e-07 0 -1 8.9936259e-07 0 -1 1.74072113e-06 0 -1 2.14266564e-07 0 -1 3.73798002e-07 0 -1 -0.346874446 -0.937658787 0.0217747092 0.612080455 0.790500581 0.0215914547 0.989571214 0.109965019 0.0930415019 0.377931863 0.924878359 -0.0420412645 0.998203516 0.0421695709 0.0425610319 -0.821021974 0.570830882 0.00866093393 0.192295417 -0.981261075 0.012211876 0.865498185 0.499691278 -0.0349513516 0.429283082 -0.903125405 -0.00896996539 0.429053873 -0.903278828 9.99550502e-06 0.429057091 -0.903277397 -0.000133760521 0.430160135 -0.902751744 -0.00131259137 0.430237144 -0.902715623 -0.000621219224 0.0200745873 0.999774814 -0.00688768877 -0.459557474 -0.888114512 -0.00771409553 -0.000146588776 0.000146278107 1 0.943955541 0.326381952 -0.0492231175 0.670283914 -0.741519332 -0.0294708721 0.976812363 -0.209602013 0.0436418913 6.60693615e-07 0 1 6.37701476e-07 0 1 3.29724344e-07 0 1 9.00772221e-08 0 1 -7.4643232e-08 0 1 -2.83984662e-07 0 1 7.9283717e-07 -5.6807005e-07 1 1.42954275e-06 8.90685271e-07 1 -1.05260119e-06 1.58849411e-06 1 -8.76127544e-08 5.37732035e-07 1 0.798781335 0.278342247 0.533361137 -0.937745631 0.346909583 0.0169358775 6.72537794e-07 0 -1 4.94077653e-07 0 -1 3.93989751e-07 0 -1 5.71445717e-08 0 -1 -0.376756728 -0.922002614 -0.089250423 -0.307035834 -0.951241672 -0.029465694 -4.58802631e-08 0 1 5.29746806e-08 0 1 -1.74797457e-08 0 1 -3.6244921e-10 0 1 -7.15628346e-07 0 1 0.0010376682 0.00105338381 0.999998927 0.00297315489 0.00081854366 0.999995232 2.47758209e-07 0 1 -0.812497675 -0.582807064 0.013543563 -0.411619753 0.909473717 0.0585378893 0.653176606 0.754735291 0.061114613 -0.991444528 0.130528361 -1.32913715e-06 -0.734013557 0.678257346 -0.0345093831 -0.58191216 0.81130439 -0.0562443137 -0.0260797925 0.99584353 -0.0872672349 0.976266384 0.215785936 0.0184461512 -0.955585837 0.294180542 0.0177028738 0.680936873 -0.731295109 0.0391455702 0.326780856 -0.945100129 0 -0.974369824 0.220293522 -0.0455427915 0.705429792 0.705427468 -0.0688540339 0.671777606 -0.738742232 -0.0545407124 -0.947797 0.167830408 0.271134257 -0.85704428 0.180455655 0.482608587 -0.753520012 0.183667034 0.631247938 4.82336009e-06 0 1 3.11517141e-07 0 1 3.10278597e-06 0 1 -6.73866509e-07 0 1 1.63299399e-06 0 1 -1.33360322e-06 0 1 1.49832795e-06 0 1 9.1191589e-07 0 1 6.77319406e-07 0 1 -2.40318218e-06 0 1 1.86314139e-06 0 1 0.99912709 -0.0320831761 0.0267511494 0.625844121 0.779821455 0.0140584232 -0.00138921256 0.445874184 0.895094633 -0.78030622 -0.622314334 0.0620239861 0.690301478 0.72336483 -0.0150702242 0.977964401 0.19550848 0.0732258335 -0.733134806 0.662703574 0.152765602 -0.409122407 -0.903946161 -0.124499835 -1.48577681e-06 0 -1 2.69631664e-06 0 -1 -5.48097432e-07 0 -1 1.11687609e-06 0 -1 -2.9178043e-06 0 -1 -4.78751815e-07 0 -1 5.18804022e-09 0 -1 2.87197537e-07 0 -1 -9.31093666e-07 0 -1 -8.97712027e-07 0 -1 -2.15706473e-06 0 -1 -6.2109234e-07 0 -1 -4.16859649e-07 0 -1 -4.06421833e-07 0 -1 1.44040473e-06 0 -1 -1.36676613e-06 0 -1 -0.655608475 -0.754493594 0.0302817784 -1.31513832e-06 0 -1 0.98689723 -0.160294667 0.0184236355 1.09890209e-06 0 1 -8.91411048e-07 0 1 2.92627487e-06 0 1 1.52930841e-06 0 1 -2.1130511e-06 0 1 -3.05268259e-06 0 1 -2.65255107e-06 0 1 -2.2426093e-06 0 1 0.802896678 0.595792174 0.0197140463 -0.392516375 0.919555604 -0.0186638813 -0.00018234337 0.0311810616 0.999513745 0.000146215272 -0.000263677008 0.999999881 2.68046551e-05 -0.000661073776 0.999999762 1.79713038e-06 0 1 -0.716518819 -0.693819225 0.0722191557 -0.943037748 -0.327024162 0.061114613 -0.670293212 0.741510808 -0.0294761993 0.92487812 -0.377932519 -0.0420429707 -0.376756757 -0.922002673 -0.0892499089 0.797061622 -0.332664937 0.504010618 -0.945987582 0.149777979 0.287531257 -1.91508002e-06 0 1 -5.43167516e-07 0 1 1.27452904e-05 0 1 7.60254898e-06 0 1 -6.32841477e-07 0 1 -2.83056102e-06 0 1 -2.28282353e-08 0 1 2.95999371e-07 0 1 1.54935117e-06 0 1 -0.0040948689 4.48192404e-05 0.999991655 -0.00107812951 0.000864786212 0.999999046 -0.00119406253 0.00125386764 0.999998569 -1.41292329e-08 0 1 -6.7977868e-07 0 1 -0.000234848514 -1.71094071e-05 0.99999994 -0.00177652831 0.000312361692 0.999998391 -9.17941634e-07 0 1 -9.49171238e-07 0 1 -0.000909987371 0.00109224766 0.999998987 -5.80754772e-07 0 1 2.73289515e-07 0 1 -1.76915222e-07 0 1 3.12548036e-06 0 1 -0.712717295 -0.699597001 0.0509721488 0.209730342 -0.977400899 0.0264701415 -1.24242918e-08 0 1 8.22033925e-08 0 1 6.17006435e-07 0 1 3.70853741e-07 0 1 -3.98510086e-10 0 1 -6.25190992e-08 0 1 -2.85328952e-06 0 1 -2.57626425e-06 0 1 -6.32841534e-07 0 1 -0.000389569526 -0.000708167383 0.999999702 -0.000938808138 -0.000394630042 0.999999464 -0.000601566979 -0.000310838979 0.999999762 -0.000396725925 -0.000254636776 0.999999881 -0.000957919867 -0.00011502111 0.999999523 -0.00540915504 0.001346456 0.999984443 2.3079308e-06 0 1 2.94761193e-08 0 1 1.7539237e-06 0 1 -7.65120589e-08 0 1 2.01113366e-08 0 1 -2.55136524e-06 0 1 7.51677263e-08 0 1 2.70705147e-08 0 1 -7.19930142e-07 0 1 -4.87620682e-08 0 1 -3.40359429e-06 0 1 -9.06426749e-07 0 1 9.49555954e-07 0 1 -2.74791e-06 0 1 -2.34636541e-08 0 1 2.43723093e-07 0 1 -2.23407346e-06 0 1 5.90965919e-06 0 1 -0.000127459221 0.000292072858 1 0.000292532408 0.000368875393 0.999999881 -1.32177135e-07 0 1 3.10774659e-08 0 1 -2.38350168e-07 0 1 -1.37515872e-05 3.29106369e-05 1 -5.43799786e-07 0 1 6.01252395e-07 0 1 -5.8780099e-08 0 1 -1.27592102e-07 0 1 -5.79677568e-08 0 1 -1.02061698e-07 0 1 -1.50615188e-06 0 1 6.61529043e-07 0 1 -0.000176007772 0.000672423339 0.999999762 1.97213311e-07 0 1 4.53957625e-07 0 1 -1.93870665e-06 0 1 -6.64670051e-06 0 1 4.29721841e-10 0 1 -2.21091234e-08 0 1 -1.22882227e-07 0 1 0.00115542673 0.000647298526 0.999999106 -0.000377944554 0.00144994247 0.999998868 1.18123796e-06 -8.26474425e-05 -1 2.57590909e-05 -4.90779275e-05 -1 2.64884147e-05 -0.000125188366 -1 -2.82217616e-06 -1.90428709e-05 -1 -0.000124014972 -7.00825112e-05 -1 5.39906296e-07 -9.55629048e-07 -1 -1.69529915e-06 -1.85542922e-05 -1 -8.94364632e-07 0 -1 4.1043254e-06 0 -1 -6.45829971e-07 0 -1 6.06030369e-07 0 -1 1.81938844e-07 0 -1 -1.07546871e-09 0 -1 2.48855265e-08 0 -1 0.328735113 -0.944242477 0.018422991 0.925312877 0.378523827 0.0227081366 0.916994393 -0.398159236 0.0243008789 0.950010896 -0.145041659 -0.276481718 0.00302574225 0.518993914 -0.854772568 0.658545732 -0.728550255 -0.188499004 -1.19716788e-06 0 1 2.38350054e-07 0 1 1.2718549e-06 0 1 -1.98563555e-07 0 1 1.40523707e-06 0 1 1.1686584e-06 0 1 -2.50804396e-06 0 1 4.72149821e-07 0 1 5.43799956e-07 0 1 1.10625088e-07 0 1 -2.29224014e-07 0 1 1.65798747e-06 0 1 1.08861506e-07 0 1 -1.35621679e-06 0 1 1.11595557e-06 0 1 -1.24819728e-08 0 1 4.53174849e-08 0 1 5.94157154e-06 0 1 -4.08173855e-06 0 1 -2.24595806e-06 0 1 6.23087908e-06 0 1 -1.36252697e-06 0 1 5.08524727e-06 0 1 1.18231696e-06 0 1 -1.06954353e-07 0 1 6.22779979e-08 0 1 -4.95643008e-07 0 1 8.00891655e-07 0 1 -1.3479056e-06 0 1 -7.05390039e-06 0 1 -1.59476406e-06 0 1 4.01142188e-07 0 1 1.23816721e-06 0 1 0.000159512871 0 1 -0.924379826 0.377723634 0.0533565208 -0.209458068 -0.97611928 0.0576072708 -9.27345468e-07 0 1 -1.08377742e-06 0 1 -2.90335805e-07 0 1 -2.41326859e-07 0 1 -4.20021053e-07 0 1 -6.70354484e-06 0 -1 2.59955073e-07 0 -1 -2.40441409e-07 0 -1 -1.66361599e-06 0 -1 1.8188216e-06 0 -1 3.44831096e-06 0 -1 8.07263916e-07 0 -1 -1.96164069e-06 0 -1 2.03817581e-06 0 -1 -6.97305893e-07 0 -1 0.992417455 0.0981540307 -0.0739822686 -1.25659699e-06 0 -1 0.740116179 0.669007003 -0.0682490095 0.94343549 -0.257798344 -0.208493248 8.54977174e-08 0 -1 0.00112475804 -0.452964246 -0.891527951 -1.67466805e-08 0 -1 6.20302274e-07 0 -1 6.53028678e-07 0 -1 -4.18954329e-07 0 -1 -1.41315365e-06 0 -1 0.00047576183 0.000386323023 -0.999999821 0.000506630808 0.000224813513 -0.999999762 -1.94888889e-06 0 -1 0.000873413286 0.00036766447 -0.999999523 0.000596712111 0.000425632345 -0.999999762 -8.99808015e-07 0 -1 8.07467728e-08 0 -1 -2.21115442e-06 0 -1 0.00108896464 0.000185560944 -0.999999404 4.02284741e-06 0 -1 1.34289496e-06 0 -1 3.31883371e-06 0 -1 -2.48176752e-06 0 -1 2.2464103e-06 0 -1 -7.96193831e-08 0 -1 7.98343535e-05 0.0232634116 -0.999729276 0.92487812 -0.377932519 -0.0420424454 0.164145917 -0.98471123 -0.0583090298 -0.797335148 -0.21896188 -0.562416494 0.670276463 0.741525888 0.0294750445 5.79347727e-07 0 1 3.56049168e-06 0 1 -4.0366848e-07 0 1 -1.66013899e-06 0 1 -3.02115518e-06 0 1 0.90236944 -0.427697092 -0.0529584922 0.740121305 0.669001222 -0.0682489201 0.220385224 0.974797368 0.0346469246 -0.864677548 -0.501590788 0.0271913465 -0.348793894 0.936856329 -0.0253598038 -0.901440322 0.407980353 -0.14476651 -0.984214425 0.151340529 0.0917500108 -0.819503784 0.568437636 0.0727476999 0.94970727 0.178031027 -0.257606298 0.903742969 -0.426110387 0.0409687422 0.848232329 0.526003182 -0.0618266203 -2.01724664e-08 0 -1 -6.2014692e-07 0 -1 -3.21515579e-08 0 -1 5.3029666e-08 0 -1 -1.89147886e-06 0 -1 2.53939493e-06 0 -1 -8.38990763e-06 0 -1 -2.28787002e-07 0 -1 -2.03270974e-06 0 -1 4.77936464e-06 0 -1 1.9747547e-06 0 -1 3.21075873e-07 0 -1 1.81831467e-07 0 -1 -6.94996743e-07 0 -1 2.79843761e-07 0 -1 -2.97884094e-06 0 -1 -1.03437818e-08 0 -1 2.09942004e-06 0 -1 -2.78428605e-08 0 -1 -1.72185111e-07 0 -1 7.28681542e-08 0 -1 6.32841534e-07 0 -1 2.86047907e-06 0 -1 4.10074972e-06 -2.41164656e-07 -1 2.57626425e-06 0 -1 1.12840361e-07 0 -1 -4.17983834e-08 0 -1 -2.41409282e-07 0 -1 2.70044751e-07 0 -1 -4.43107496e-07 0 -1 -4.40377654e-08 0 -1 -6.37897983e-07 0 -1 -3.24105173e-07 0 -1 -1.19633955e-06 0 -1 -8.11403922e-08 0 -1 -6.33237214e-05 -0.000160171257 -1 -5.63018787e-08 0 -1 9.98917585e-07 0 -1 5.49484753e-07 0 -1 -9.26366738e-07 0 -1 -1.39311865e-07 0 -1 1.60724733e-06 0 -1 -3.11265921e-07 0 -1 1.76020478e-06 0 -1 -3.65776145e-07 0 -1 1.86442071e-06 0 -1 7.85629993e-07 0 -1 -2.81635312e-06 0 -1 6.35065589e-07 -8.73842396e-07 -1 2.09584528e-06 -8.40530845e-07 -1 -3.7634627e-06 -5.41801001e-07 -1 -4.08963797e-06 2.67625387e-06 -1 1.31605884e-06 0 -1 -8.26521145e-08 0 -1 -2.05450505e-07 0 -1 -1.78431787e-06 0 -1 1.33319536e-05 0 -1 -6.28642567e-07 0 -1 1.81515179e-06 0 -1 4.10506709e-06 0 -1 1.55838211e-06 0 -1 1.72726618e-06 0 -1 -3.62918968e-07 0 -1 3.41146858e-07 0 -1 -6.76216018e-07 0 -1 1.73483313e-05 0 -1 -1.82705412e-06 0 -1 4.56161047e-07 0 -1 3.13586632e-08 0 -1 -2.37629649e-07 0 -1 1.00708621e-06 0 -1 1.29804903e-06 0 -1 -1.0553573e-06 0 -1 7.6686058e-07 0 -1 3.40546791e-07 0 -1 -6.33034574e-07 0 -1 1.20971356e-06 0 -1 -3.47314221e-06 0 -1 -3.99927512e-06 0 -1 -1.80390794e-06 0 -1 1.48972606e-06 0 -1 -9.3679958e-08 0 -1 2.25342865e-06 0 -1 7.90131821e-07 0 -1 6.02488592e-09 0 -1 -5.81356687e-08 0 -1 2.14334776e-07 0 -1 -2.85381958e-07 0 -1 9.4591627e-08 0 -1 5.09294082e-08 0 -1 -5.6346471e-06 0 -1 1.25556539e-06 0 -1 -5.36857488e-06 0 -1 -7.81248843e-09 0 -1 -0.000106272462 -0.000143847967 -1 -3.28458054e-06 0 -1 6.86441297e-07 0 -1 -3.8175429e-07 0 -1 4.40343538e-05 -9.70966794e-05 -1 1.68471852e-05 -4.32866254e-05 -1 6.51405499e-05 -0.000236688909 -1 -0.000329821574 -0.000268801319 -0.999999881 -1.38721788e-07 0 -1 -4.32643037e-06 0 -1 1.64717076e-08 0 -1 -1.98613429e-06 0 -1 1.09457824e-06 0 -1 -1.77996085e-07 0 -1 1.65542732e-10 0 -1 1.43929708e-06 0 -1 1.51133656e-06 0 -1 -5.41101315e-07 0 -1 1.92089587e-07 0 -1 2.9189132e-06 0 -1 -1.27299217e-07 0 -1 0.481587708 -0.876388133 0.00413161749 0.00781257916 -0.999684989 -0.0238506552 0.000106179396 -0.999678731 0.0253464468 -0.934375167 -0.35573253 0.0199356098 0.113065705 0.992302775 -0.0505114421 -0.135032266 0.989141226 -0.058016859 -4.23938081e-06 0 1 -4.52711134e-07 0 1 -4.91357888e-08 0 1 0.895947993 -0.443894356 0.0153326793 -0.974571943 -0.209116891 -0.0804963931 2.37257336e-06 1.12803252e-06 -1 9.51948834e-07 3.62847595e-06 -1 -2.89265358e-06 1.1007653e-06 -1 1.35865446e-06 2.23012898e-06 -1 -2.58693149e-07 0 -1 -1.97271584e-06 -1.14113038e-06 -1 -2.17672962e-07 0 -1 -0.222463965 -0.972503185 -0.0689011663 0.936106741 0.351715833 -2.06043865e-06 0.745059431 -0.666614473 0.0226201713 -0.960218728 -0.206031919 -0.188496321 0.73745811 0.666599035 -0.108633913 0.307045221 0.951238215 -0.0294822324 -0.000634227938 0.999753714 -0.022183517 -0.326783121 0.945099354 0 -0.00112488354 0.423317045 0.905980945 0.680940866 -0.731291533 0.0391453765 -0.838194013 0.542455673 0.0563269369 0.000106179381 -0.999678552 0.0253515653 0.13506934 -0.98939842 0.0533573367 -0.326785237 0.945098639 0 -0.906940937 0.410491765 -0.0946289301 0.341891646 -0.935682237 0.0872290581 -0.998640001 -0.000390800531 0.052135691 -0.998236358 0.00366200157 -0.059251111 -0.998762369 -0.000303292967 0.0497360788 -0.998090982 0.00374894938 -0.0616464391 -0.709319174 -0.703933537 0.0366573408 0.625674725 0.779632926 0.0265233926 0.998639941 0.000390790636 0.052134309 6.93119182e-06 0 -1 3.63919298e-07 0 -1 -4.74659672e-08 0 -1 2.54110375e-07 0 -1 1.24745895e-07 0 -1 3.82477943e-08 0 -1 6.1401316e-08 0 -1 4.07614849e-08 0 -1 -2.54237011e-06 0 -1 -5.22986227e-07 0 -1 -6.40433791e-06 0 -1 -5.52503593e-07 0 -1 7.52993913e-07 0 -1 6.68764457e-08 0 -1 9.50497395e-07 0 -1 -1.99907561e-07 0 -1 -1.36635822e-06 0 -1 -1.416337e-06 0 -1 -3.19930393e-07 0 -1 0.75371325 -0.654943764 0.0544517189 0.130525738 0.991444886 -3.93359372e-08 0.134931579 0.988382101 0.0699596256 -0.998103797 0.00676076906 -0.0611811057 -0.971988261 -0.187651202 0.141512856 -0.753709316 0.654948473 0.0544497743 0.977340817 -0.188663363 0.0959750488 0.999601305 -0.00174474693 -0.0281803589 0.999165535 -0.00917675905 0.0398000963 0.999358058 -0.00862778071 0.0347715281 0.999444783 -0.00118445011 -0.0332970209 -3.22320517e-07 -9.44477563e-07 -1 -1.77246579e-06 5.07819493e-07 -1 -8.67471044e-07 1.20157529e-06 -1 -2.21919026e-06 -2.97372594e-06 -1 9.60674811e-07 -1.51777431e-06 -1 1.15621242e-06 -3.43560345e-08 -1 -1.55261887e-07 0 -1 -9.48183398e-08 0 -1 -2.70031649e-07 0 -1 4.70484007e-09 0 -1 -2.2125964e-07 0 -1 -0.999601305 0.00174401118 -0.0281802081 -0.999165416 0.00917675812 0.0398038402 -0.999357939 0.0086277267 0.0347750075 -0.999444783 0.00118365767 -0.0332971551 -0.307145208 0.951559961 -0.0139808068 -0.92488122 0.377925366 -0.0420399569 0.296404451 -0.95396769 0.0457177572 0.977320075 0.209706575 -0.0294722822 -0.92488122 0.377925366 -0.0420396961 0.313797891 0.949468434 -0.00636274461 0.74795121 0.648494005 0.141507864 0.11444696 -0.993229806 0.0199138541 0.977320135 0.20970659 -0.0294708684 -0.985223234 0.169953629 -0.0212367456 -0.307041138 -0.951239467 -0.0294815693 0.580203295 -0.808955789 -0.0946289375 0.377727181 0.924378335 0.0533555076 -0.977648199 0.209782109 -0.0139803505 0.734013498 -0.678257287 -0.0345139913 -0.753711522 0.654945672 0.0544511005 0.326990038 0.942917526 -0.0631200597 -0.306669474 0.950071275 0.0576069392 -0.903950214 0.40911445 -0.124496095 -0.738983154 -0.667969763 -0.0878653228 0.810367584 0.581210554 -0.0741522908 -0.209649816 0.977002859 -0.038889274 0.341843218 -0.935544193 0.0888838992 0.296532273 -0.9543944 0.0346380323 0.307145208 -0.951559961 -0.0139824171 -0.946331143 0.322212636 0.0252256207 -0.114470154 0.993425369 -0.00161008397 0.669930398 0.741140127 0.0436416268 0.848232388 0.526003242 -0.0618263297 0.616647303 -0.785222232 0.0563220643 0.977318227 0.209713861 -0.0294787958 0.66660136 0.73745507 0.108639926 0.607900679 -0.784459233 -0.122802809 0.98330909 0.134241343 -0.122811526 -0.326783359 0.945099235 0 0.949432254 -0.306464612 -0.0682489425 -6.70352392e-06 0 -1 -3.90981171e-07 0 -1 4.39558835e-06 0 -1 -9.42336271e-07 0 -1 -2.63438722e-07 0 -1 1.07495282e-06 0 -1 2.03146442e-06 0 -1 2.86432987e-06 0 -1 0.603399456 0.795529902 -0.055147659 -0.275396079 -0.959548533 -0.0585112944 -0.740197062 -0.669076085 -0.0666746125 -0.307041079 0.951239824 0.0294721927 -0.977135777 0.209672138 0.0352612361 0.669927895 0.741142392 0.0436416753 -0.000408318272 -0.899225891 0.437484503 -4.8707558e-09 -0.898881197 0.438192517 -0.00189740071 -0.899421155 0.437078923 0.00068836991 -0.898869038 0.438216835 -0.00232628221 -0.898539007 0.438887358 -2.59348383e-07 -0.89887625 0.4382025 -6.64029642e-07 -0.898875117 0.438204825 9.57234079e-08 -0.898876488 0.438202053 0 -0.898876429 0.438202173 -2.47871004e-08 -0.898876667 0.438201785 -2.10463895e-08 -0.898878872 0.438197315 -0.000122074969 -0.898550034 0.438871175 -4.27052373e-06 -0.898872912 0.438209236 0.97480166 -0.220387548 -0.0345139205 0.325989544 -0.942804217 0.0696492419 -0.924380124 0.377722621 0.0533571877 0.984457552 0.134391144 0.113059439 0.670484602 0.741760135 0.015566837 -0.135034889 0.989142179 -0.0579936393 -0.950747728 -0.30687812 0.0436421223 -0.306455493 -0.949434817 -0.0682540908 -0.745059431 0.666614473 0.0226226747 -0.52694273 0.849731922 0.0169397034 -0.184250101 -0.982266665 -0.034700755 0.652069688 0.752060413 0.0959705263 -0.669926107 -0.741144121 0.0436417982 -0.980253339 -0.188308164 -0.0603616014 -0.296704352 0.954922318 0.00948289782 -0.970063388 -0.186343446 -0.155733883 -5.11401339e-08 0 1 -5.33048797e-06 -9.52009141e-05 1 -3.68235233e-05 -6.61724116e-05 1 -0.000224966934 0.00112308864 0.999999285 7.75459075e-09 0 1 -5.47610512e-07 0 1 2.17266503e-07 0 1 -1.08971406e-07 0 1 3.35505099e-08 0 1 1.68055593e-07 0 1 -3.42601197e-07 0 1 -1.71235606e-05 -1.80743991e-05 1 2.75654116e-07 0 1 8.0311068e-08 0 1 0.189547971 0.981871426 0 0.0981574133 -0.992417753 -0.0739735812 4.89767917e-05 0.00133126043 0.999999106 0.00153732731 0.00294813747 0.999994457 2.87734414e-09 0 1 -1.17352286e-07 0 1 3.5549607e-07 0 1 1.94961736e-08 0 1 -1.34537731e-06 0 1 -6.2804113e-09 0 1 -3.63740238e-09 0 1 -1.36156842e-07 0 1 0.0011269144 -0.000231136932 0.999999344 0.000386804924 -0.000386475323 0.999999821 -3.30664619e-07 0 1 2.71545503e-07 0 1 2.67405547e-08 0 1 -0.806076646 0.32353276 -0.495547235 0.000219266047 0.000244681665 -0.99999994 0.000566856761 0.000629708695 -0.999999642 -1.46463933e-07 0 -1 1.50723753e-08 0 -1 3.30896114e-07 0 -1 2.63654471e-07 -9.79048287e-10 -1 -4.83230966e-09 7.96100796e-10 -1 1.57997455e-08 0 -1 -0.00016777456 0.00170425337 -0.99999851 -1.3747441e-06 0 -1 1.86162974e-09 0 -1 -2.14938453e-07 0 -1 8.00081182e-07 3.33192452e-06 -1 -9.17519646e-05 0.00108956592 -0.999999404 3.32050859e-10 0 -1 -0.00126692769 0.00128612795 -0.99999845 -0.00371448114 0.000845154282 -0.999992728 -1.26518358e-07 0 -1 4.38203287e-08 2.52162704e-06 -1 -2.24230007e-07 8.79455274e-06 -1 -1.01068676e-09 0 -1 5.45981322e-08 0 -1 2.31000541e-07 0 1 0.00311748101 0.00592914037 -0.999977589 -0.000203404736 0.00256412243 -0.999996662 -0.326784849 0.945098758 0 0 -0.438200504 -0.898877323 -0.296278298 0.953577042 -0.0539437309 -0.567227304 -0.818638444 0.089912273 2.95207343e-07 0 -1 -3.98177644e-06 0 -1 -1.88080082e-06 0 -1 -2.36475057e-06 0 -1 -0.945987344 -0.134259075 0.29509744 -0.819264531 0.568255126 0.0767572746 -0.797329903 0.308187187 -0.518927336 0.952454269 -0.284138441 -0.109982535 0.00299403467 0.901589155 0.432582974 -0.000174660658 0.898890853 0.438172609 -0.000512567 0.898793519 0.438372046 5.19209031e-08 0.898876667 0.438201636 6.49917382e-08 0.898876488 0.438202053 -0.000195667206 0.899206042 0.437525511 -0.0978272632 -0.989063919 0.110373676 -0.00101504009 0.898684621 0.438594192 -6.36010736e-06 0.898878515 0.438198 -0.000822509639 0.898196995 0.439592391 -2.44060047e-05 0.898899972 0.438153684 -0.000112316418 0.898602664 0.438763261 2.65767e-07 0.898900151 0.438153654 0.000118296251 -0.899081886 -0.437780499 7.15845147e-07 -0.898877323 -0.438200474 0.000102309001 -0.898607671 -0.438753128 0.00077917095 -0.898236573 -0.439511538 6.76016043e-07 -0.898875952 -0.438203007 2.81670395e-07 -0.898878336 -0.438198388 0.000153667002 -0.899527252 -0.436864614 6.31429939e-05 -0.898930252 -0.438091874 -0.00116852007 -0.900072157 -0.435739219 0.000800661335 -0.898685157 -0.438593656 0.000320374937 -0.898829818 -0.438297749 9.2080704e-08 -0.89887315 -0.438208908 1.45054184e-06 -0.898876488 -0.438201964 8.53190141e-09 -0.898876607 -0.438201904 -5.2038498e-08 -0.89887625 -0.43820256 -0.98187089 -0.189550713 0 0.812244534 -0.58255887 0.0297298096 -0.976673901 -0.209590569 0.0466893837 0.670275629 -0.741526604 -0.0294759255 -0.135037884 0.989140391 -0.0580178834 -0.755544007 0.655098081 0 0.952517509 -0.204398811 0.225680217 0.000609693467 0.458116949 -0.888891697 -6.16731541e-07 2.09284099e-06 1 5.32064178e-07 0 1 -1.15359194e-06 9.72988346e-07 1 3.68332081e-07 0 1 1.86106988e-08 0 1 -1.11151898e-07 0 1 -1.66462755e-07 0 1 -7.34804431e-08 0 1 -2.24485817e-07 0 1 -1.49853207e-07 0 1 0.73368299 -0.677963853 -0.0455436371 -0.718134344 -0.695384026 0.0269098151 0.00131283561 -0.00231832964 0.999996424 -0.000248276076 -0.000791952072 0.999999702 -0.000119916927 0.000268172793 0.99999994 -3.61358411e-06 0.000302806264 0.999999881 -1.21766458e-10 0 1 -1.11620926e-08 0 1 -3.11720036e-08 0 1 -1.34356117e-08 0 1 -3.28008132e-09 0 1 -1.46162487e-08 0 1 -2.25579306e-08 0 1 -2.4454152e-09 0 1 7.593097e-08 0 1 -8.01022679e-08 0 1 -2.07147863e-08 0 1 -0.988366127 0.14733766 0.0377354138 -0.760132194 0.647396803 0.0554652885 0.0011302745 -0.00450770417 -0.999989212 -9.79793476e-05 -9.79946344e-05 -1 3.84964977e-07 0 -1 5.98642842e-08 0 -1 2.73652347e-07 0 -1 2.82727655e-07 0 -1 2.71546696e-07 0 -1 -1.44569032e-08 0 -1 -4.08140544e-08 0 -1 -9.07421338e-09 0 -1 9.05268251e-08 -3.30299805e-08 -1 5.27470911e-09 0 -1 -2.60904875e-09 0 -1 -4.33772351e-09 0 -1 -2.61704862e-08 0 -1 -1.33589447e-06 -1.68322265e-06 -1 -4.36066803e-05 -5.56870036e-05 -1 1.18470723e-06 8.49205719e-07 -1 -2.62398707e-08 0 -1 0.000121557408 0.000465984951 -0.999999881 -0.000922706502 0.00171243225 -0.999998152 -0.297988296 -0.954194188 0.0267691538 -3.86826322e-08 0 -1 0.950968325 -0.307667285 0.0316241011 -1.80920168e-07 0 1 1.2551377e-06 0 1 8.07877072e-08 0 1 6.75236436e-07 0 1 -4.40794281e-08 0 1 -6.36106779e-05 -0.000142324105 1 -1.37434381e-05 -1.72661057e-05 1 -8.58221829e-05 -0.000372163806 0.999999881 -2.80945489e-08 0 1 -1.41265773e-05 0 1 -5.23115828e-10 0 1 -0.974562883 -0.209160134 -0.080494225 0.753520429 0.183664024 -0.631248355 -0.806701601 -0.32412672 -0.49413988 -0.611041665 -0.788500965 0.0699589401 -0.410476744 0.906946421 0.0946409181 0.00010622065 0.999678493 -0.0253566895 0.742971301 0.66914767 -0.0153308446 0.30703789 0.951240718 -0.0294755921 0.000209976846 -0.452940255 -0.891540825 2.36085725e-06 0 -1 5.17813028e-08 0 -1 2.29285615e-06 0 -1 -9.10283347e-07 0 -1 6.7646539e-07 0 -1 -2.6933385e-06 0 -1 -0.966573119 0.0146689871 0.255971372 -7.44102309e-08 0 -1 4.4735441e-07 0 -1 -3.52613995e-07 0 -1 1.74706668e-06 0 -1 -7.82724044e-07 0 -1 -2.40836653e-06 0 -1 8.35744959e-06 0 -1 -0.479616255 0.877158701 0.0236843824 0.307038486 -0.951240599 0.0294750482 0.966576993 -0.192615196 -0.169199511 -0.924378753 -0.377725989 -0.0533576794 0.948389947 -0.294674069 0.117148153 0.737460196 0.666595817 -0.108639024 -0.670274794 -0.741527438 0.0294738021</float_array>
          <technique_common>
            <accessor source="#normals_array" count="11356" stride="3">
              <param name="X" type="float" />
              <param name="Y" type="float" />
              <param name="Z" type="float" />
            </accessor>
          </technique_common>
        </source>
        <vertices id="vertices">
          <input semantic="POSITION" source="#positions" />
        </vertices>
        <triangles material="scout_11141b" count="634">
          <input semantic="VERTEX" source="#vertices" offset="0" />
          <input semantic="NORMAL" source="#normals" offset="1" />
          <p>102 117 103 118 104 119 111 124 96 125 112 126 125 138 126 139 127 140 133 146 134 147 135 148 150 160 151 160 152 160 133 162 154 163 155 164 157 169 158 169 159 169 160 170 124 171 123 172 171 182 172 182 133 182 180 194 181 194 178 194 178 219 134 219 171 219 428 491 429 492 430 493 371 537 468 538 469 539 228 632 511 633 143 634 220 650 103 651 143 652 122 693 546 694 226 695 550 707 551 708 340 709 563 729 564 730 463 731 204 804 139 804 125 804 651 873 652 874 151 875 529 876 653 877 160 170 661 893 662 893 663 893 469 539 684 924 685 925 89 1036 111 124 112 126 429 492 428 491 769 1044 771 1047 98 1048 97 1049 778 1061 779 1062 780 1063 781 1067 159 1067 166 1067 831 1163 832 1164 833 1165 839 1173 715 1174 524 1175 860 1208 160 1208 653 1208 639 1222 638 1222 672 1222 111 1225 97 1226 96 1227 700 1229 872 1230 298 1231 879 1248 880 1249 519 1250 778 1061 780 1063 652 874 885 1263 192 1264 755 1265 779 1062 516 1270 95 1271 650 1284 580 1285 518 1286 111 1301 141 1302 522 1303 111 1225 522 1304 97 1226 893 1308 894 1309 754 1310 104 119 103 118 220 1311 534 1314 143 652 103 651 534 1315 103 118 102 117 144 1319 143 652 534 1314 848 1322 523 1323 897 1324 848 1322 849 1333 304 1334 672 1352 638 1352 119 1352 78 97 114 1388 79 98 114 25 78 25 113 25 78 25 129 25 107 25 78 25 107 25 113 25 644 1405 149 1405 94 1405 115 1418 82 1418 149 1418 188 1432 162 1432 914 1432 152 1447 919 1448 661 1449 919 1448 832 1164 661 1449 832 1164 831 1163 662 1450 662 1450 831 1163 675 1451 831 1163 920 1452 675 1451 920 1452 673 1453 675 1451 921 1454 652 874 780 1063 922 1455 921 1454 779 1062 780 1063 779 1062 921 1454 832 1164 662 1450 661 1449 152 1456 661 950 150 949 133 162 165 1457 154 163 247 1463 246 1464 123 172 246 1464 160 170 123 172 177 25 190 25 157 25 174 25 177 25 157 25 165 1465 167 1465 781 1465 167 1477 174 1477 159 1477 178 1480 171 1480 135 1480 189 25 202 25 204 25 198 1482 125 1482 140 1482 161 1483 196 1484 140 1485 226 1486 196 1484 163 1487 161 1483 163 1487 196 1484 140 1490 196 1490 199 1490 670 1491 226 1486 163 1487 202 25 189 25 188 25 670 1491 163 1487 188 25 165 1494 175 1494 166 1494 138 1501 137 1501 153 1501 204 1505 203 1505 127 1505 200 1506 918 1507 525 1508 918 1507 190 25 177 25 918 1507 177 25 525 1508 223 1509 200 1506 525 1508 178 1510 223 1509 180 1511 180 1511 223 1509 525 1508 525 1553 191 1553 201 1553 140 1609 139 1609 197 1609 232 1611 109 1611 233 1611 167 1643 166 1643 158 1643 629 1665 628 1665 429 1665 378 1684 377 1685 940 1686 377 1685 372 1687 941 1688 372 1687 371 537 469 539 371 537 327 1689 468 538 327 1689 90 1690 468 538 377 1685 941 1688 940 1686 840 1691 378 1684 940 1686 290 1692 378 1684 840 1691 290 1692 840 1691 842 1693 372 1687 469 539 941 1688 327 1689 328 1694 90 1690 328 1694 519 1695 90 1690 369 1696 306 1697 942 1698 942 1698 550 707 369 1696 306 1697 290 1692 168 1699 168 1699 942 1698 306 1697 328 1694 368 1700 721 1701 290 1692 842 1693 168 1699 721 1701 368 1700 943 1702 328 1694 721 1701 519 1695 515 1720 946 1721 798 1722 675 1739 674 1739 662 1739 748 1763 81 1764 114 1765 115 1766 748 1763 114 1765 148 25 748 1763 644 1767 855 25 93 25 644 1767 93 25 148 25 644 1767 129 25 105 25 107 25 855 25 644 1767 105 25 644 1767 748 1763 115 1766 143 634 142 1768 228 632 142 1768 925 1769 228 632 920 1452 922 1455 673 1453 922 1455 779 1062 673 1453 108 1788 144 25 164 25 474 1789 108 1788 164 25 870 1796 950 1797 871 1798 232 1807 130 1807 207 1807 748 1811 148 1811 149 1811 952 1835 198 1836 772 1837 202 1838 189 1838 511 1838 368 1700 340 709 551 708 340 709 369 1696 550 707 551 708 943 1702 368 1700 102 1846 108 1788 232 1847 232 1847 108 1788 474 1789 220 25 130 25 132 25 130 268 233 267 131 1851 955 1862 627 1863 908 1864 908 1864 956 1865 955 1862 956 1865 463 731 564 730 463 731 939 1866 563 729 939 1866 859 1867 957 1868 957 1868 859 1867 892 1869 859 1867 428 491 892 1869 564 730 955 1862 956 1865 939 1866 957 1868 563 729 946 1882 515 1882 516 1882 150 1893 651 873 151 875 122 693 952 1835 546 694 868 1355 865 1354 869 1909 651 873 778 1061 652 874 844 1997 885 1263 755 1265 894 1309 688 1998 754 1310 746 1999 529 876 246 1464 246 1464 529 876 160 170 964 2000 746 1999 248 2001 845 2002 964 2000 248 2001 828 2003 845 2002 248 2001 192 1264 885 1263 845 2002 828 2003 192 1264 845 2002 844 1997 755 1265 754 2004 246 1464 248 2001 746 1999 688 1998 894 1309 653 2005 865 1354 871 1798 299 2008 871 1798 950 1797 701 2009 300 2010 299 2008 871 1798 871 1798 701 2009 300 2010 114 2041 80 2041 82 2041 469 539 468 538 684 924 962 2056 771 2056 889 2056 160 170 894 2086 124 171 894 2086 893 2087 126 2088 893 2087 753 2089 773 2090 753 2089 176 2091 187 2092 176 2091 828 2093 187 2092 828 2093 247 2094 511 633 187 2092 828 2093 511 633 247 2094 123 2095 546 2096 247 2094 546 2096 511 633 753 2089 187 2092 773 2090 894 2086 126 2088 124 171 126 2088 893 2087 773 2090 867 2097 478 2098 652 874 132 2109 131 2109 740 2109 753 2124 893 1308 754 1310 770 2125 96 2126 136 2127 96 2126 147 25 136 2127 147 25 916 2128 136 2127 916 2128 89 25 88 2129 532 2130 522 2131 138 2132 532 2130 138 2132 88 25 136 2127 138 25 770 2125 916 2128 88 2129 145 2133 145 2133 136 2127 916 2128 894 1309 860 2140 653 2005 428 491 859 1867 826 2150 826 2150 769 1044 428 491 769 1044 854 2151 629 2152 429 492 769 1044 629 2152 854 2151 908 1864 627 1863 629 2152 854 2151 627 1863 962 2153 106 2154 112 2155 106 2154 888 2156 87 2157 112 2155 106 2154 87 2157 888 2156 141 2158 87 2157 771 2159 962 2153 112 2155 946 1721 771 1047 97 1049 798 1722 946 1721 97 1049 888 2156 798 2160 141 2158 205 2161 141 2158 798 2160 97 1049 205 2162 798 1722 771 2159 112 2155 98 2163 869 1909 865 1354 702 2164 865 1354 299 2008 702 2164 967 2165 869 1909 702 2164 950 1797 967 2165 702 2164 702 2164 701 2009 950 1797 511 633 546 2096 143 634 546 694 952 1835 222 2177 222 2177 952 1835 104 2178 952 1835 772 1837 104 2178 772 2179 925 1769 535 2180 925 1769 142 1768 535 2180 222 2181 143 634 546 2096 772 2179 535 2180 173 2182 772 2183 173 2183 104 2183 298 2197 872 2197 299 2197 952 2214 122 2214 124 2214 701 2241 298 2241 300 2241 164 2245 740 2245 110 2245 830 2253 867 2097 921 1454 867 2097 652 874 921 1454 581 2254 830 2253 922 1455 922 1455 830 2253 921 1454 582 2255 581 2254 920 1452 920 1452 581 2254 922 1455 833 1165 582 2255 831 1163 904 2256 833 1165 832 1164 904 2256 832 1164 919 1448 477 2257 904 2256 919 1448 478 2098 477 2257 152 1447 152 1447 477 2257 919 1448 152 1447 652 874 478 2098 582 2255 920 1452 831 1163 198 1170 952 2262 124 1171 701 2266 700 1229 298 1231 564 730 563 729 955 1862 872 2273 700 2273 702 2273 955 1862 563 729 869 1909 563 729 957 1868 866 2274 957 1868 892 1869 866 2274 866 2274 892 1869 864 2275 892 1869 430 2276 864 2275 563 729 866 2274 869 1909 870 1796 864 2275 429 2277 430 2276 429 2277 864 2275 429 2277 628 2278 870 1796 870 1796 628 2278 950 1797 628 2278 627 1863 950 1797 627 1863 955 1862 967 2165 950 1797 627 1863 967 2165 955 1862 869 1909 967 2165 864 2279 871 2279 865 2279 753 2280 190 2280 177 2280 248 2289 247 2289 828 2289 189 2297 202 2297 925 2297 169 2302 168 2303 519 1250 168 2303 842 2304 519 1250 969 2305 970 2306 971 2307 91 2308 90 2309 842 2304 90 2309 519 1250 842 2304 879 1248 909 2310 880 1249 880 1249 169 2302 519 1250 842 2304 966 2311 969 2305 971 2307 91 2308 969 2305 969 2305 91 2308 842 2304 519 1250 910 2312 879 1248 190 1257 753 2315 755 1258 150 2316 663 2317 889 2318 663 2317 128 2319 889 2318 888 2327 107 2327 129 2327 888 2156 128 2319 662 2328 663 2317 662 2328 128 2319 662 2328 674 2329 888 2156 674 2329 673 1453 798 2160 673 1453 779 1062 95 1271 779 1062 778 1061 516 1270 778 1061 651 873 83 2330 651 873 150 2316 889 2318 889 2318 83 2330 651 873 778 1061 83 2330 516 1270 673 1453 95 1271 798 2160 798 2160 888 2156 674 2329 81 1273 946 2331 516 1274 129 2332 107 2332 962 2332 798 1722 93 2333 515 1720 81 2334 771 1047 946 1721 129 1279 962 2345 889 1280 847 2346 825 2347 518 1286 825 2347 650 1284 518 1286 580 1285 530 2348 747 2349 518 1286 721 1701 847 2346 847 2346 721 1701 853 2350 580 1285 747 2349 518 1286 860 2360 894 2086 160 170 177 2366 190 2366 828 2366 468 538 92 2367 684 924 92 2367 518 1286 747 2349 92 2367 747 2349 714 2368 747 2349 846 2369 714 2368 714 2368 684 924 92 2367 846 2369 843 2370 714 2368 714 2368 843 2370 791 2371 843 2370 687 2372 841 2373 791 2371 843 2370 841 2373 791 2371 841 2373 840 1691 528 2374 530 2348 876 25 530 2348 580 1285 876 25 528 2374 876 25 717 25 687 2372 528 2374 718 2375 528 2374 717 25 718 2375 687 2372 718 2375 841 2373 941 1688 469 539 685 925 940 1686 941 1688 697 2376 697 2376 941 1688 685 925 840 1691 940 1686 697 2376 840 1691 697 2376 791 2371 170 2377 841 2373 718 2375 942 1698 170 2377 462 2378 550 707 942 1698 464 2379 551 708 550 707 464 2379 721 1701 943 1702 853 2350 943 1702 551 708 853 2350 853 2350 551 708 464 2379 464 2379 942 1698 462 2378 170 2377 718 2375 476 2380 827 2381 462 2378 170 2377 827 2381 170 2377 476 2380 827 2381 476 2380 829 25 650 1284 825 2347 649 2382 825 2347 827 2381 649 2382 827 2381 829 25 649 2382 89 2384 141 1302 111 1301 925 2385 772 2385 773 2385 897 1324 895 2395 900 2396 897 1324 900 2396 848 1322 900 2396 895 2395 782 25 849 1333 900 2396 782 25 782 25 890 2403 849 1333 890 2403 813 2404 849 1333 813 2404 304 1334 849 1333 304 1334 84 25 848 1322 848 1322 84 25 523 1323 839 1173 524 1175 86 2409 696 2410 839 1173 85 2411 886 2412 696 2410 305 2413 792 2414 886 2412 784 2415 715 1174 792 2414 896 2416 896 2416 524 1175 715 1174 783 2417 896 2416 792 2414 839 1173 86 2409 85 2411 784 2415 783 2417 792 2414 696 2410 85 2411 305 2413 814 2418 784 2415 886 2412 886 2412 305 2413 814 2418 900 2420 121 2420 120 2420 88 2422 153 2422 227 2422 189 1368 925 2429 773 1369 672 2441 119 2441 121 2441 1483 3274 1482 3273 1546 3337 1483 3274 1546 3337 1547 3338 1482 3273 1484 3275 1548 3339 1482 3273 1548 3339 1546 3337 1484 3275 1485 3276 1549 3340 1484 3275 1549 3340 1548 3339 1485 3276 1486 3277 1550 3341 1485 3276 1550 3341 1549 3340 1486 3277 1487 3278 1551 3342 1486 3277 1551 3342 1550 3341 1487 3278 1488 3279 1552 3343 1487 3278 1552 3343 1551 3342 1488 3279 1489 3280 1553 3344 1488 3279 1553 3344 1552 3343 1489 3280 1490 3281 1554 3345 1489 3280 1554 3345 1553 3344 1490 3281 1491 3282 1555 3346 1490 3281 1555 3346 1554 3345 1491 3282 1492 3283 1556 3347 1491 3282 1556 3347 1555 3346 1492 3283 1493 3284 1557 3348 1492 3283 1557 3348 1556 3347 1493 3284 1494 3285 1558 3349 1493 3284 1558 3349 1557 3348 1494 3285 1495 3286 1559 3350 1494 3285 1559 3350 1558 3349 1495 3286 1496 3287 1560 3351 1495 3286 1560 3351 1559 3350 1496 3287 1497 3288 1561 3352 1496 3287 1561 3352 1560 3351 1497 3288 1498 3289 1562 3353 1497 3288 1562 3353 1561 3352 1498 3289 1499 3290 1563 3354 1498 3289 1563 3354 1562 3353 1499 3290 1500 3291 1564 3355 1499 3290 1564 3355 1563 3354 1500 3291 1501 3292 1565 3356 1500 3291 1565 3356 1564 3355 1501 3292 1502 3293 1566 3357 1501 3292 1566 3357 1565 3356 1502 3293 1503 3294 1567 3358 1502 3293 1567 3358 1566 3357 1503 3294 1504 3295 1568 3359 1503 3294 1568 3359 1567 3358 1504 3295 1505 3296 1569 3360 1504 3295 1569 3360 1568 3359 1505 3296 1506 3297 1570 3361 1505 3296 1570 3361 1569 3360 1506 3297 1507 3298 1571 3362 1506 3297 1571 3362 1570 3361 1507 3298 1508 3299 1572 3363 1507 3298 1572 3363 1571 3362 1508 3299 1509 3300 1573 3364 1508 3299 1573 3364 1572 3363 1509 3300 1510 3301 1574 3365 1509 3300 1574 3365 1573 3364 1510 3301 1511 3302 1575 3366 1510 3301 1575 3366 1574 3365 1511 3302 1512 3303 1576 3367 1511 3302 1576 3367 1575 3366 1512 3303 1513 3304 1577 3368 1512 3303 1577 3368 1576 3367 1513 3304 1514 3305 1578 3369 1513 3304 1578 3369 1577 3368 1514 3305 1515 3306 1579 3370 1514 3305 1579 3370 1578 3369 1515 3306 1516 3307 1580 3371 1515 3306 1580 3371 1579 3370 1516 3307 1517 3308 1581 3372 1516 3307 1581 3372 1580 3371 1517 3308 1518 3309 1582 3373 1517 3308 1582 3373 1581 3372 1518 3309 1519 3310 1583 3374 1518 3309 1583 3374 1582 3373 1519 3310 1520 3311 1584 3375 1519 3310 1584 3375 1583 3374 1520 3311 1521 3312 1585 3376 1520 3311 1585 3376 1584 3375 1521 3312 1522 3313 1586 3377 1521 3312 1586 3377 1585 3376 1522 3313 1523 3314 1587 3378 1522 3313 1587 3378 1586 3377 1523 3314 1524 3315 1588 3379 1523 3314 1588 3379 1587 3378 1524 3315 1525 3316 1589 3380 1524 3315 1589 3380 1588 3379 1525 3316 1526 3317 1590 3381 1525 3316 1590 3381 1589 3380 1526 3317 1527 3318 1591 3382 1526 3317 1591 3382 1590 3381 1527 3318 1528 3319 1592 3383 1527 3318 1592 3383 1591 3382 1528 3319 1529 3320 1593 3384 1528 3319 1593 3384 1592 3383 1529 3320 1530 3321 1594 3385 1529 3320 1594 3385 1593 3384 1530 3321 1531 3322 1595 3386 1530 3321 1595 3386 1594 3385 1531 3322 1532 3323 1596 3387 1531 3322 1596 3387 1595 3386 1532 3323 1533 3324 1597 3388 1532 3323 1597 3388 1596 3387 1533 3324 1534 3325 1598 3389 1533 3324 1598 3389 1597 3388 1534 3325 1535 3326 1599 3390 1534 3325 1599 3390 1598 3389 1535 3326 1536 3327 1600 3391 1535 3326 1600 3391 1599 3390 1536 3327 1537 3328 1601 3392 1536 3327 1601 3392 1600 3391 1537 3328 1538 3329 1602 3393 1537 3328 1602 3393 1601 3392 1538 3329 1539 3330 1603 3394 1538 3329 1603 3394 1602 3393 1539 3330 1540 3331 1604 3395 1539 3330 1604 3395 1603 3394 1540 3331 1541 3332 1605 3396 1540 3331 1605 3396 1604 3395 1541 3332 1542 3333 1606 3397 1541 3332 1606 3397 1605 3396 1542 3333 1543 3334 1607 3398 1542 3333 1607 3398 1606 3397 1543 3334 1544 3335 1608 3399 1543 3334 1608 3399 1607 3398 1544 3335 1545 3336 1609 3400 1544 3335 1609 3400 1608 3399 1545 3336 1483 3274 1547 3338 1545 3336 1547 3338 1609 3400 1547 3338 1546 3337 1610 3401 1547 3338 1610 3401 1611 3402 1546 3337 1548 3339 1612 3403 1546 3337 1612 3403 1610 3401 1548 3339 1549 3340 1613 3404 1548 3339 1613 3404 1612 3403 1549 3340 1550 3341 1614 3405 1549 3340 1614 3405 1613 3404 1550 3341 1551 3342 1615 3406 1550 3341 1615 3406 1614 3405 1551 3342 1552 3343 1616 3407 1551 3342 1616 3407 1615 3406 1552 3343 1553 3344 1617 3408 1552 3343 1617 3408 1616 3407 1553 3344 1554 3345 1618 3345 1553 3344 1618 3345 1617 3408 1554 3345 1555 3346 1619 3409 1554 3345 1619 3409 1618 3345 1555 3346 1556 3347 1620 3410 1555 3346 1620 3410 1619 3409 1556 3347 1557 3348 1621 3411 1556 3347 1621 3411 1620 3410 1557 3348 1558 3349 1622 3412 1557 3348 1622 3412 1621 3411 1558 3349 1559 3350 1623 3413 1558 3349 1623 3413 1622 3412 1559 3350 1560 3351 1624 3414 1559 3350 1624 3414 1623 3413 1560 3351 1561 3352 1625 3415 1560 3351 1625 3415 1624 3414 1561 3352 1562 3353 1626 3416 1561 3352 1626 3416 1625 3415 1562 3353 1563 3354 1627 3417 1562 3353 1627 3417 1626 3416 1563 3354 1564 3355 1628 3418 1563 3354 1628 3418 1627 3417 1564 3355 1565 3356 1629 3419 1564 3355 1629 3419 1628 3418 1565 3356 1566 3357 1630 3420 1565 3356 1630 3420 1629 3419 1566 3357 1567 3358 1631 3421 1566 3357 1631 3421 1630 3420 1567 3358 1568 3359 1632 3422 1567 3358 1632 3422 1631 3421 1568 3359 1569 3360 1633 3423 1568 3359 1633 3423 1632 3422 1569 3360 1570 3361 1634 3424 1569 3360 1634 3424 1633 3423 1570 3361 1571 3362 1635 3425 1570 3361 1635 3425 1634 3424 1571 3362 1572 3363 1636 3426 1571 3362 1636 3426 1635 3425 1572 3363 1573 3364 1637 3427 1572 3363 1637 3427 1636 3426 1573 3364 1574 3365 1638 3428 1573 3364 1638 3428 1637 3427 1574 3365 1575 3366 1639 3429 1574 3365 1639 3429 1638 3428 1575 3366 1576 3367 1640 3430 1575 3366 1640 3430 1639 3429 1576 3367 1577 3368 1641 3431 1576 3367 1641 3431 1640 3430 1577 3368 1578 3369 1642 3432 1577 3368 1642 3432 1641 3431 1578 3369 1579 3370 1643 3433 1578 3369 1643 3433 1642 3432 1579 3370 1580 3371 1644 3434 1579 3370 1644 3434 1643 3433 1580 3371 1581 3372 1645 3435 1580 3371 1645 3435 1644 3434 1581 3372 1582 3373 1646 3436 1581 3372 1646 3436 1645 3435 1582 3373 1583 3374 1647 3437 1582 3373 1647 3437 1646 3436 1583 3374 1584 3375 1648 3438 1583 3374 1648 3438 1647 3437 1584 3375 1585 3376 1649 3439 1584 3375 1649 3439 1648 3438 1585 3376 1586 3377 1650 3377 1585 3376 1650 3377 1649 3439 1586 3377 1587 3378 1651 3440 1586 3377 1651 3440 1650 3377 1587 3378 1588 3379 1652 3441 1587 3378 1652 3441 1651 3440 1588 3379 1589 3380 1653 3442 1588 3379 1653 3442 1652 3441 1589 3380 1590 3381 1654 3443 1589 3380 1654 3443 1653 3442 1590 3381 1591 3382 1655 3444 1590 3381 1655 3444 1654 3443 1591 3382 1592 3383 1656 3445 1591 3382 1656 3445 1655 3444 1592 3383 1593 3384 1657 3446 1592 3383 1657 3446 1656 3445 1593 3384 1594 3385 1658 3447 1593 3384 1658 3447 1657 3446 1594 3385 1595 3386 1659 3448 1594 3385 1659 3448 1658 3447 1595 3386 1596 3387 1660 3449 1595 3386 1660 3449 1659 3448 1596 3387 1597 3388 1661 3450 1596 3387 1661 3450 1660 3449 1597 3388 1598 3389 1662 3451 1597 3388 1662 3451 1661 3450 1598 3389 1599 3390 1663 3452 1598 3389 1663 3452 1662 3451 1599 3390 1600 3391 1664 3453 1599 3390 1664 3453 1663 3452 1600 3391 1601 3392 1665 3454 1600 3391 1665 3454 1664 3453 1601 3392 1602 3393 1666 3393 1601 3392 1666 3393 1665 3454 1602 3393 1603 3394 1667 3455 1602 3393 1667 3455 1666 3393 1603 3394 1604 3395 1668 3456 1603 3394 1668 3456 1667 3455 1604 3395 1605 3396 1669 3457 1604 3395 1669 3457 1668 3456 1605 3396 1606 3397 1670 3458 1605 3396 1670 3458 1669 3457 1606 3397 1607 3398 1671 3459 1606 3397 1671 3459 1670 3458 1607 3398 1608 3399 1672 3460 1607 3398 1672 3460 1671 3459 1608 3399 1609 3400 1673 3461 1608 3399 1673 3461 1672 3460 1609 3400 1547 3338 1611 3402 1609 3400 1611 3402 1673 3461</p>
        </triangles>
        <triangles material="scout_1a1f21" count="1228">
          <input semantic="VERTEX" source="#vertices" offset="0" />
          <input semantic="NORMAL" source="#normals" offset="1" />
          <p>0 0 1 0 2 0 3 1 4 1 5 1 6 2 7 2 8 2 9 3 10 3 11 3 12 4 13 4 14 4 15 5 16 5 17 5 18 6 19 6 20 6 21 7 22 7 23 7 6 8 0 8 2 8 6 8 2 8 7 8 1 9 3 9 5 9 1 9 5 9 2 9 4 10 9 10 11 10 4 10 11 10 5 10 10 11 8 11 7 11 10 11 7 11 11 11 18 12 6 12 8 12 18 12 8 12 19 12 9 13 21 13 23 13 9 13 23 13 10 13 22 14 20 14 19 14 22 14 19 14 23 14 12 15 18 15 20 15 12 15 20 15 13 15 21 16 15 16 17 16 21 16 17 16 22 16 16 17 14 17 13 17 16 17 13 17 17 17 0 18 12 18 14 18 0 18 14 18 1 18 15 19 4 19 3 19 15 19 3 19 16 19 6 20 18 20 12 20 6 20 12 20 0 20 2 21 5 21 11 21 2 21 11 21 7 21 14 22 16 22 3 22 14 22 3 22 1 22 21 23 9 23 4 23 21 23 4 23 15 23 8 24 10 24 23 24 8 24 23 24 19 24 20 25 22 25 17 25 20 25 17 25 13 25 1132 2866 1133 2866 1134 2866 1135 2867 1136 2867 1137 2867 1138 2868 1139 2868 1140 2868 1141 2869 1142 2869 1143 2869 1144 2870 1145 2870 1146 2870 1147 2871 1148 2871 1149 2871 1150 2872 1151 2872 1152 2872 1153 2873 1154 2873 1155 2873 1138 2874 1132 2874 1134 2874 1138 2874 1134 2874 1139 2874 1133 2875 1135 2875 1137 2875 1133 2875 1137 2875 1134 2875 1136 2876 1141 2876 1143 2876 1136 2876 1143 2876 1137 2876 1142 2877 1140 2877 1139 2877 1142 2877 1139 2877 1143 2877 1150 2878 1138 2878 1140 2878 1150 2878 1140 2878 1151 2878 1141 2879 1153 2879 1155 2879 1141 2879 1155 2879 1142 2879 1154 2880 1152 2880 1151 2880 1154 2880 1151 2880 1155 2880 1144 2881 1150 2881 1152 2881 1144 2881 1152 2881 1145 2881 1153 2882 1147 2882 1149 2882 1153 2882 1149 2882 1154 2882 1148 2883 1146 2883 1145 2883 1148 2883 1145 2883 1149 2883 1132 2884 1144 2884 1146 2884 1132 2884 1146 2884 1133 2884 1147 2885 1136 2885 1135 2885 1147 2885 1135 2885 1148 2885 1138 20 1150 20 1144 20 1138 20 1144 20 1132 20 1134 21 1137 21 1143 21 1134 21 1143 21 1139 21 1146 2886 1148 2886 1135 2886 1146 2886 1135 2886 1133 2886 1153 23 1141 23 1136 23 1153 23 1136 23 1147 23 1140 488 1142 488 1155 488 1140 488 1155 488 1151 488 1152 25 1154 25 1149 25 1152 25 1149 25 1145 25 1156 2887 1157 2887 1158 2887 1159 2888 1160 2888 1161 2888 1162 2889 1163 2889 1164 2889 1165 2890 1166 2890 1167 2890 1168 2891 1169 2891 1170 2891 1171 2892 1172 2892 1173 2892 1174 2893 1175 2893 1176 2893 1177 2894 1178 2894 1179 2894 1162 2895 1156 2895 1158 2895 1162 2895 1158 2895 1163 2895 1157 2896 1159 2896 1161 2896 1157 2896 1161 2896 1158 2896 1160 2897 1165 2897 1167 2897 1160 2897 1167 2897 1161 2897 1166 2898 1164 2898 1163 2898 1166 2898 1163 2898 1167 2898 1174 2899 1162 2899 1164 2899 1174 2899 1164 2899 1175 2899 1165 2900 1177 2900 1179 2900 1165 2900 1179 2900 1166 2900 1178 2901 1176 2901 1175 2901 1178 2901 1175 2901 1179 2901 1168 2902 1174 2902 1176 2902 1168 2902 1176 2902 1169 2902 1177 2903 1171 2903 1173 2903 1177 2903 1173 2903 1178 2903 1172 2904 1170 2904 1169 2904 1172 2904 1169 2904 1173 2904 1156 2905 1168 2905 1170 2905 1156 2905 1170 2905 1157 2905 1171 2906 1160 2906 1159 2906 1171 2906 1159 2906 1172 2906 1162 553 1174 553 1168 553 1162 553 1168 553 1156 553 1158 21 1161 21 1167 21 1158 21 1167 21 1163 21 1170 2886 1172 2886 1159 2886 1170 2886 1159 2886 1157 2886 1177 2907 1165 2907 1160 2907 1177 2907 1160 2907 1171 2907 1164 488 1166 488 1179 488 1164 488 1179 488 1175 488 1176 25 1178 25 1173 25 1176 25 1173 25 1169 25 1180 2908 1181 2908 1182 2908 1183 2909 1184 2909 1185 2909 1186 2910 1187 2910 1188 2910 1189 2911 1190 2911 1191 2911 1192 2912 1193 2912 1194 2912 1195 2913 1196 2913 1197 2913 1198 2914 1199 2914 1200 2914 1201 2915 1202 2915 1203 2915 1186 2916 1180 2916 1182 2916 1186 2916 1182 2916 1187 2916 1181 2917 1183 2917 1185 2917 1181 2917 1185 2917 1182 2917 1184 2918 1189 2918 1191 2918 1184 2918 1191 2918 1185 2918 1190 2919 1188 2919 1187 2919 1190 2919 1187 2919 1191 2919 1198 2920 1186 2920 1188 2920 1198 2920 1188 2920 1199 2920 1189 2921 1201 2921 1203 2921 1189 2921 1203 2921 1190 2921 1202 2922 1200 2922 1199 2922 1202 2922 1199 2922 1203 2922 1192 2923 1198 2923 1200 2923 1192 2923 1200 2923 1193 2923 1201 2924 1195 2924 1197 2924 1201 2924 1197 2924 1202 2924 1196 2925 1194 2925 1193 2925 1196 2925 1193 2925 1197 2925 1180 2926 1192 2926 1194 2926 1180 2926 1194 2926 1181 2926 1195 2927 1184 2927 1183 2927 1195 2927 1183 2927 1196 2927 1186 20 1198 20 1192 20 1186 20 1192 20 1180 20 1182 21 1185 21 1191 21 1182 21 1191 21 1187 21 1194 2886 1196 2886 1183 2886 1194 2886 1183 2886 1181 2886 1201 23 1189 23 1184 23 1201 23 1184 23 1195 23 1188 488 1190 488 1203 488 1188 488 1203 488 1199 488 1200 25 1202 25 1197 25 1200 25 1197 25 1193 25 1204 2928 1205 2928 1206 2928 1207 2929 1208 2929 1209 2929 1210 2930 1211 2930 1212 2930 1213 2931 1214 2931 1215 2931 1216 2912 1217 2912 1218 2912 1219 2932 1220 2932 1221 2932 1222 2933 1223 2933 1224 2933 1225 2934 1226 2934 1227 2934 1210 2935 1204 2935 1206 2935 1210 2935 1206 2935 1211 2935 1205 2936 1207 2936 1209 2936 1205 2936 1209 2936 1206 2936 1208 2937 1213 2937 1215 2937 1208 2937 1215 2937 1209 2937 1214 2938 1212 2938 1211 2938 1214 2938 1211 2938 1215 2938 1222 2939 1210 2939 1212 2939 1222 2939 1212 2939 1223 2939 1213 2940 1225 2940 1227 2940 1213 2940 1227 2940 1214 2940 1226 2941 1224 2941 1223 2941 1226 2941 1223 2941 1227 2941 1216 2942 1222 2942 1224 2942 1216 2942 1224 2942 1217 2942 1225 2943 1219 2943 1221 2943 1225 2943 1221 2943 1226 2943 1220 2944 1218 2944 1217 2944 1220 2944 1217 2944 1221 2944 1204 2945 1216 2945 1218 2945 1204 2945 1218 2945 1205 2945 1219 2946 1208 2946 1207 2946 1219 2946 1207 2946 1220 2946 1210 20 1222 20 1216 20 1210 20 1216 20 1204 20 1206 21 1209 21 1215 21 1206 21 1215 21 1211 21 1218 2886 1220 2886 1207 2886 1218 2886 1207 2886 1205 2886 1225 23 1213 23 1208 23 1225 23 1208 23 1219 23 1212 488 1214 488 1227 488 1212 488 1227 488 1223 488 1224 25 1226 25 1221 25 1224 25 1221 25 1217 25 1242 2989 1243 2989 1244 2989 1245 2990 1246 2990 1247 2990 1248 2991 1249 2991 1250 2991 1251 2992 1252 2992 1253 2992 1254 2993 1255 2993 1256 2993 1257 2994 1258 2994 1259 2994 1260 2995 1261 2995 1262 2995 1263 2996 1264 2996 1265 2996 1248 2874 1242 2874 1244 2874 1248 2874 1244 2874 1249 2874 1243 2997 1245 2997 1247 2997 1243 2997 1247 2997 1244 2997 1246 2876 1251 2876 1253 2876 1246 2876 1253 2876 1247 2876 1252 2998 1250 2998 1249 2998 1252 2998 1249 2998 1253 2998 1260 2999 1248 2999 1250 2999 1260 2999 1250 2999 1261 2999 1251 3000 1263 3000 1265 3000 1251 3000 1265 3000 1252 3000 1264 3001 1262 3001 1261 3001 1264 3001 1261 3001 1265 3001 1254 2881 1260 2881 1262 2881 1254 2881 1262 2881 1255 2881 1263 2882 1257 2882 1259 2882 1263 2882 1259 2882 1264 2882 1258 3002 1256 3002 1255 3002 1258 3002 1255 3002 1259 3002 1242 3003 1254 3003 1256 3003 1242 3003 1256 3003 1243 3003 1257 3004 1246 3004 1245 3004 1257 3004 1245 3004 1258 3004 1248 20 1260 20 1254 20 1248 20 1254 20 1242 20 1244 21 1247 21 1253 21 1244 21 1253 21 1249 21 1256 2886 1258 2886 1245 2886 1256 2886 1245 2886 1243 2886 1263 23 1251 23 1246 23 1263 23 1246 23 1257 23 1250 488 1252 488 1265 488 1250 488 1265 488 1261 488 1262 25 1264 25 1259 25 1262 25 1259 25 1255 25 1266 3005 1267 3005 1268 3005 1269 3006 1270 3006 1271 3006 1272 3007 1273 3007 1274 3007 1275 3008 1276 3008 1277 3008 1278 3009 1279 3009 1280 3009 1281 3010 1282 3010 1283 3010 1284 3011 1285 3011 1286 3011 1287 3012 1288 3012 1289 3012 1272 3013 1266 3013 1268 3013 1272 3013 1268 3013 1273 3013 1267 3014 1269 3014 1271 3014 1267 3014 1271 3014 1268 3014 1270 3015 1275 3015 1277 3015 1270 3015 1277 3015 1271 3015 1276 3016 1274 3016 1273 3016 1276 3016 1273 3016 1277 3016 1284 3017 1272 3017 1274 3017 1284 3017 1274 3017 1285 3017 1275 3018 1287 3018 1289 3018 1275 3018 1289 3018 1276 3018 1288 3019 1286 3019 1285 3019 1288 3019 1285 3019 1289 3019 1278 3020 1284 3020 1286 3020 1278 3020 1286 3020 1279 3020 1287 3021 1281 3021 1283 3021 1287 3021 1283 3021 1288 3021 1282 3022 1280 3022 1279 3022 1282 3022 1279 3022 1283 3022 1266 3023 1278 3023 1280 3023 1266 3023 1280 3023 1267 3023 1281 3024 1270 3024 1269 3024 1281 3024 1269 3024 1282 3024 1272 20 1284 20 1278 20 1272 20 1278 20 1266 20 1268 21 1271 21 1277 21 1268 21 1277 21 1273 21 1280 2886 1282 2886 1269 2886 1280 2886 1269 2886 1267 2886 1287 23 1275 23 1270 23 1287 23 1270 23 1281 23 1274 488 1276 488 1289 488 1274 488 1289 488 1285 488 1286 25 1288 25 1283 25 1286 25 1283 25 1279 25 1815 3678 1816 3678 1817 3678 1818 3679 1819 3679 1820 3679 1821 3680 1822 3680 1823 3680 1824 3681 1825 3681 1826 3681 1827 3682 1828 3682 1829 3682 1830 3683 1831 3683 1832 3683 1833 3684 1834 3684 1835 3684 1836 3685 1837 3685 1838 3685 1821 3686 1815 3686 1817 3686 1821 3686 1817 3686 1822 3686 1816 3687 1818 3687 1820 3687 1816 3687 1820 3687 1817 3687 1819 3688 1824 3688 1826 3688 1819 3688 1826 3688 1820 3688 1825 3689 1823 3689 1822 3689 1825 3689 1822 3689 1826 3689 1833 3690 1821 3690 1823 3690 1833 3690 1823 3690 1834 3690 1824 3691 1836 3691 1838 3691 1824 3691 1838 3691 1825 3691 1837 3692 1835 3692 1834 3692 1837 3692 1834 3692 1838 3692 1827 3693 1833 3693 1835 3693 1827 3693 1835 3693 1828 3693 1836 3694 1830 3694 1832 3694 1836 3694 1832 3694 1837 3694 1831 3695 1829 3695 1828 3695 1831 3695 1828 3695 1832 3695 1815 3696 1827 3696 1829 3696 1815 3696 1829 3696 1816 3696 1830 3697 1819 3697 1818 3697 1830 3697 1818 3697 1831 3697 1821 20 1833 20 1827 20 1821 20 1827 20 1815 20 1817 21 1820 21 1826 21 1817 21 1826 21 1822 21 1829 2886 1831 2886 1818 2886 1829 2886 1818 2886 1816 2886 1836 23 1824 23 1819 23 1836 23 1819 23 1830 23 1823 488 1825 488 1838 488 1823 488 1838 488 1834 488 1835 25 1837 25 1832 25 1835 25 1832 25 1828 25 1839 3698 1840 3698 1841 3698 1842 3699 1843 3699 1844 3699 1845 3700 1846 3700 1847 3700 1848 3701 1849 3701 1850 3701 1851 3702 1852 3702 1853 3702 1854 3703 1855 3703 1856 3703 1857 3704 1858 3704 1859 3704 1860 3705 1861 3705 1862 3705 1845 3706 1839 3706 1841 3706 1845 3706 1841 3706 1846 3706 1840 3707 1842 3707 1844 3707 1840 3707 1844 3707 1841 3707 1843 3708 1848 3708 1850 3708 1843 3708 1850 3708 1844 3708 1849 3709 1847 3709 1846 3709 1849 3709 1846 3709 1850 3709 1857 3710 1845 3710 1847 3710 1857 3710 1847 3710 1858 3710 1848 3711 1860 3711 1862 3711 1848 3711 1862 3711 1849 3711 1861 3712 1859 3712 1858 3712 1861 3712 1858 3712 1862 3712 1851 3713 1857 3713 1859 3713 1851 3713 1859 3713 1852 3713 1860 3714 1854 3714 1856 3714 1860 3714 1856 3714 1861 3714 1855 3715 1853 3715 1852 3715 1855 3715 1852 3715 1856 3715 1839 3716 1851 3716 1853 3716 1839 3716 1853 3716 1840 3716 1854 3717 1843 3717 1842 3717 1854 3717 1842 3717 1855 3717 1845 20 1857 20 1851 20 1845 20 1851 20 1839 20 1841 21 1844 21 1850 21 1841 21 1850 21 1846 21 1853 2886 1855 2886 1842 2886 1853 2886 1842 2886 1840 2886 1860 23 1848 23 1843 23 1860 23 1843 23 1854 23 1847 488 1849 488 1862 488 1847 488 1862 488 1858 488 1859 25 1861 25 1856 25 1859 25 1856 25 1852 25 3445 7786 3446 7787 3447 7788 3448 7789 3449 7790 3450 7791 3451 7792 3452 7793 3453 7794 3454 7795 3455 7796 3449 7797 3456 7798 3457 7799 3458 7800 3459 7801 3460 7802 3461 7803 3462 7804 3463 7805 3464 7806 3465 7807 3466 7808 3467 7809 3468 7810 3469 7811 3465 7812 3470 7813 3471 7814 3472 7815 3473 7816 3474 7817 3446 7818 3475 7819 3476 7820 3477 7821 3466 7822 3478 7823 3479 7824 3480 7825 3481 7825 3482 7825 3483 7826 3453 7827 3484 7828 3485 7829 3486 7830 3487 7831 3487 7832 3461 7833 3460 7834 3486 7835 3478 7836 3475 7837 3456 7798 3488 7838 3489 7839 3476 7820 3466 7808 3490 7840 3472 7841 3458 7842 3470 7843 3491 7844 3492 7845 3459 7846 3493 7847 3459 7848 3461 7849 3485 7850 3460 7851 3492 7852 3494 7853 3450 7853 3495 7853 3495 7854 3450 7854 3449 7854 3495 7855 3449 7855 3455 7855 3495 7856 3455 7856 3494 7856 3496 7857 3450 7858 3494 7859 3465 7860 3497 7861 3481 7862 3446 7863 3498 7864 3493 7865 3499 7866 3500 7866 3468 7866 3496 7867 3455 7868 3454 7869 3501 7870 3502 7870 3484 7870 3484 7871 3453 7871 3501 7871 3501 7872 3453 7872 3452 7872 3501 7873 3452 7873 3502 7873 3477 7874 3503 7875 3504 7876 3505 7877 3463 7878 3504 7879 3504 7879 3503 7880 3505 7877 3503 7881 3506 7881 3505 7881 3506 7882 3464 7882 3505 7882 3464 7883 3463 7883 3505 7883 3477 7884 3463 7885 3462 7886 3490 7887 3464 7887 3506 7887 3507 7888 3445 7889 3471 7890 3508 7891 3469 7892 3500 7893 3508 7894 3500 7894 3482 7894 3508 7895 3482 7895 3481 7895 3481 7896 3497 7897 3508 7891 3497 7897 3469 7892 3508 7891 3468 7898 3500 7898 3469 7898 3480 7899 3482 7899 3499 7899 3499 7900 3482 7900 3500 7900 3466 7901 3458 7902 3467 7903 3445 7786 3509 7904 3446 7787 3479 7905 3478 7906 3456 7798 3456 7798 3478 7906 3510 7907 3498 7908 3510 7907 3478 7906 3470 7909 3458 7800 3457 7799 3489 7839 3470 7909 3457 7799 3507 7910 3470 7909 3489 7839 3489 7839 3488 7838 3507 7910 3479 7905 3456 7798 3458 7800 3448 7911 3454 7795 3449 7797 3496 7867 3494 7912 3455 7868 3459 7801 3492 2886 3460 7802 3511 7913 3502 7914 3452 7915 3512 7916 3483 7826 3484 7828 3454 7917 3465 7807 3467 7809 3465 7807 3480 7918 3466 7808 3467 7809 3472 7919 3454 7917 3513 7920 3448 7789 3450 7791 3470 7813 3507 7921 3471 7814 3498 7908 3446 7818 3474 7817 3446 7818 3509 7922 3473 7816 3507 7910 3488 7838 3514 7923 3509 7922 3507 7910 3514 7923 3474 7817 3510 7907 3498 7908 3509 7922 3514 7923 3473 7816 3490 7840 3466 7808 3480 7918 3499 7924 3490 7840 3480 7918 3462 7925 3490 7840 3468 7926 3490 7840 3499 7924 3468 7926 3462 7925 3468 7926 3448 7927 3468 7926 3465 7807 3448 7927 3465 7807 3454 7917 3448 7927 3462 7925 3448 7927 3451 7928 3462 7925 3451 7928 3483 7929 3448 7927 3513 7930 3451 7928 3513 7930 3511 7931 3451 7928 3496 7932 3454 7917 3471 7933 3454 7917 3472 7919 3471 7933 3471 7933 3445 7934 3496 7932 3496 7932 3445 7934 3512 7935 3447 7936 3483 7929 3445 7934 3483 7929 3512 7935 3445 7934 3513 7930 3496 7932 3512 7935 3512 7935 3511 7931 3513 7930 3477 7821 3462 7925 3483 7929 3483 7929 3447 7936 3486 7937 3486 7937 3475 7819 3477 7821 3477 7821 3483 7929 3486 7937 3466 7822 3475 7938 3478 7823 3485 7829 3498 7864 3486 7830 3487 7832 3493 7939 3461 7833 3486 7835 3498 7940 3478 7836 3489 7839 3457 7799 3456 7798 3456 7798 3510 7907 3514 7923 3514 7923 3510 7907 3474 7817 3474 7817 3473 7816 3514 7923 3514 7923 3488 7838 3456 7798 3476 7820 3475 7819 3466 7808 3472 7841 3467 7941 3458 7842 3491 7844 3485 7942 3492 7845 3493 7847 3491 7943 3459 7848 3485 7850 3487 7944 3460 7851 3496 7857 3513 7945 3450 7858 3487 7831 3486 7830 3447 7946 3498 7864 3485 7829 3491 7947 3493 7865 3487 7831 3447 7946 3498 7864 3491 7947 3493 7865 3493 7865 3447 7946 3446 7863 3512 7948 3484 7948 3502 7948 3477 7874 3476 7949 3503 7875 3511 7913 3512 7950 3502 7914 3451 7951 3511 7951 3452 7951 3477 7884 3504 7952 3463 7885 3476 7953 3490 7954 3506 7955 3490 7956 3462 7804 3464 7806 3476 7953 3506 7955 3503 7957 3507 7888 3509 7958 3445 7889 3483 7959 3451 7792 3453 7794 3465 7812 3469 7811 3497 7960 3480 7961 3465 7860 3481 7862 3466 7901 3479 7962 3458 7902 3515 25 3516 25 3517 25 3518 7963 3519 7964 3520 21 3521 7965 3522 7966 3523 7967 3524 7968 3518 7969 3525 7970 3526 7971 3527 7972 3528 21 3529 7973 3530 7974 3531 7975 3532 7976 3533 7977 3534 7978 3535 7979 3533 7977 3536 7980 3537 7981 3538 7982 3539 7983 3540 7984 3541 7985 3542 7986 3543 7987 3544 7988 3545 21 3546 7989 3547 7990 3548 7991 3549 25 3550 25 3551 25 3552 7992 3553 7993 3539 7983 3554 20 3528 20 3550 553 3555 7994 3556 7995 3557 7996 3558 7997 3559 7998 3560 7999 3561 8000 3562 8001 3563 8002 3564 8003 3565 8004 3537 7981 3566 8005 3561 8006 3563 8007 3567 8008 3568 8009 3569 8010 3562 8001 3570 8011 3571 8012 3572 8013 3573 8014 3574 8015 3575 8016 3576 8017 3577 8018 3578 25 3579 25 3580 25 3581 8019 3582 8020 3583 8021 3584 8022 3585 8023 3581 8019 3586 8024 3587 8025 3555 8026 3528 488 3551 488 3550 488 3588 8027 3562 8001 3576 8028 3589 8029 3590 8030 3591 8031 3523 8032 3584 8022 3592 8033 3593 8034 3594 8035 3595 8036 3596 8037 3597 8038 3598 8039 3535 7979 3599 8040 3600 8041 3531 7975 3601 8042 3602 8043 3582 8044 3603 8045 3583 8046 3538 7982 3552 7992 3539 7983 3604 8047 3598 8048 3582 8020 3605 8049 3606 8050 3607 8051 3548 8052 3574 8053 3608 8054 3609 8055 3610 8056 3611 8057 3612 8058 3613 8059 3614 8060 3567 8008 3591 8031 3615 8061 3616 8062 3617 8063 3618 8064 3541 8065 3618 8064 3591 8031 3542 7986 3590 8066 3619 8067 3620 8068 3621 8069 3622 8070 3609 8071 3623 8072 3624 8073 3571 8074 3625 8075 3626 8076 3608 8054 3627 8077 3546 8078 3618 8064 3575 8016 3577 8018 3626 8079 3562 8001 3571 8012 3601 8080 3628 8081 3629 8082 3630 8083 3523 8032 3522 8084 3631 8085 3632 8086 3633 8087 3634 8088 3635 8089 3636 8090 3637 8091 3534 7978 3613 8059 3638 8092 3639 8093 3640 8094 3641 8095 3642 8096 3643 8097 3644 8098 3621 8069 3645 8099 3617 8063 3646 8100 3647 8101 3584 8022 3583 8021 3592 8033 3648 8102 3638 8092 3640 8094 3649 8103 3586 8104 3557 7996 3620 8068 3607 8051 3650 8105 3649 8103 3651 8106 3595 8107 3652 8108 3645 8099 3559 7998 3653 8109 3654 8110 3628 8111 3655 8112 3656 8113 3657 8114 3575 8016 3617 8063 3566 8115 3577 8018 3658 8116 3615 8061 3628 8111 3643 8097 3642 8096 3659 8117 3660 8118 3661 8119 3662 8120 3646 8121 3663 8122 3552 7992 3630 8083 3664 8123 3665 8124 3615 8061 3658 8116 3530 8125 3635 8089 3601 8080 3566 8005 3588 8126 3575 8016 3659 8117 3654 8110 3653 8109 3651 8127 3593 8034 3595 8036 3666 8128 3601 8080 3629 8082 3558 8129 3667 8130 3647 8131 3571 8074 3668 8132 3669 8133 3556 7995 3624 8073 3670 8134 3592 8135 3521 7965 3523 7967 3670 8134 3671 8136 3557 8137 3529 8138 3672 8139 3673 8140 3674 8141 3675 8142 3676 8143 3612 8058 3677 8144 3678 8145 3679 8146 3680 8147 3656 8148 3681 8149 3680 8147 3602 8043 3583 8046 3682 8150 3592 8135 3683 8151 3684 8152 3685 8153 3686 8154 3687 8155 3676 8156 3688 20 3545 20 3579 553 3525 20 3520 20 3516 553 3568 8009 3604 8047 3581 8019 3602 8043 3689 8157 3531 7975 3672 8139 3676 8143 3687 8158 3619 8067 3572 8159 3548 8052 3662 8120 3616 8160 3540 7984 3546 8078 3565 8161 3547 8162 3690 8163 3677 8144 3606 8050 3529 7973 3634 8164 3636 8165 3557 8137 3691 8166 3651 8127 3658 8116 3604 8047 3665 8167 3649 8103 3692 8168 3693 8169 3648 8170 3694 8171 3671 8172 3603 8173 3695 8174 3521 8175 3696 8176 3685 8177 3671 8172 3697 8178 3698 8179 3599 8040 3657 8114 3699 8180 3700 8181 3555 8026 3700 8181 3699 8180 3569 8010 3585 8023 3538 7982 3701 8182 3702 8183 3703 8057 3671 8172 3704 8184 3696 8176 3705 8185 3679 8186 3655 8112 3680 8147 3699 8187 3656 8148 3593 8034 3706 8188 3707 8189 3706 8188 3640 8190 3639 8191 3686 8192 3705 8193 3655 8194 3693 8195 3708 8196 3709 8197 3710 8198 3654 8199 3661 8200 3602 8043 3633 8087 3681 8149 3558 7997 3711 8201 3712 8202 3553 8203 3537 7981 3539 7983 3626 8076 3625 8075 3596 8037 3679 8146 3689 8157 3680 8147 3573 8014 3567 8008 3569 8010 3537 7981 3565 8004 3627 8204 3629 8082 3628 8081 3642 8205 3537 7981 3627 8204 3573 8014 3695 8206 3598 8039 3597 8038 3696 8176 3642 8205 3683 8207 3615 8061 3591 8031 3577 8018 3594 8208 3649 8103 3595 8107 3624 8073 3713 8209 3670 8134 3624 8073 3680 8147 3681 8149 3714 8210 3576 8028 3715 8211 3716 8212 3717 8213 3578 8214 3635 8089 3718 8215 3659 8216 3633 8087 3696 8176 3704 8184 3719 488 3720 488 3721 488 3623 8217 3611 8218 3722 8219 3723 8220 3724 8221 3725 8222 3726 20 3719 20 3721 20 3598 8048 3715 8211 3596 8223 3686 8154 3675 8224 3705 8185 3685 8153 3727 8225 3648 8102 3728 8226 3703 8227 3729 8228 3693 8195 3587 8025 3586 8024 3635 8089 3653 8229 3601 8080 3717 8230 3722 8231 3730 8232 3731 8233 3729 8234 3732 8235 3631 8236 3733 8237 3734 8238 3735 8239 3549 8240 3527 8241 3736 8242 3737 8243 3738 8244 3526 8245 3554 8246 3703 8247 3739 8248 3740 8249 3524 8250 3520 488 3517 488 3516 24 3741 25 3721 25 3720 25 3742 8251 3515 8252 3519 8253 3743 8254 3741 8255 3744 8256 3671 8172 3685 8177 3648 8170 3745 8257 3711 8201 3698 8179 3545 488 3580 488 3579 488 3537 7981 3569 8010 3538 7982 3531 7975 3674 8141 3529 8138 3746 8258 3738 8259 3724 8260 3565 8161 3747 8261 3547 8162 3748 8262 3744 8263 3719 21 3749 8264 3524 8265 3733 8219 3566 8115 3647 8101 3667 8266 3515 25 3525 25 3516 25 3518 7963 3742 8267 3519 7964 3521 7965 3750 8268 3522 7966 3724 8269 3738 8270 3726 8271 3738 8270 3737 8272 3748 8273 3743 8274 3748 8273 3737 8272 3726 8271 3738 8270 3748 8273 3725 8275 3724 8269 3726 8271 3726 8271 3741 8276 3725 8275 3524 7968 3740 8277 3518 7969 3742 8274 3518 7969 3740 8277 3733 8278 3524 7968 3525 7970 3734 8279 3733 8278 3525 7970 3525 7970 3515 8280 3734 8279 3526 7971 3735 8281 3527 7972 3529 7973 3636 8165 3530 7974 3532 7976 3536 7980 3533 7977 3535 7979 3600 8041 3533 7977 3540 7984 3616 8160 3541 7985 3543 7987 3716 8282 3544 7988 3751 8283 3662 8284 3619 8285 3662 8284 3540 8286 3542 8287 3619 8285 3548 7991 3751 8283 3548 7991 3608 8288 3546 7989 3547 7990 3747 8289 3548 7991 3747 8289 3751 8283 3548 7991 3662 8284 3542 8287 3619 8285 3549 25 3554 25 3550 25 3552 7992 3664 8290 3553 7993 3554 20 3526 553 3528 20 3581 8019 3585 8023 3568 8009 3558 7997 3652 8108 3559 7998 3557 7996 3556 7995 3670 8134 3561 8000 3752 8291 3562 8001 3564 8003 3753 8292 3565 8004 3618 8064 3541 8065 3616 8062 3566 8005 3667 8293 3561 8006 3573 8014 3627 8204 3574 8015 3577 8018 3591 8031 3618 8064 3567 8008 3665 8124 3568 8009 3562 8001 3752 8291 3570 8011 3572 8013 3589 8029 3573 8014 3590 8030 3541 8065 3591 8031 3575 8016 3588 8126 3576 8017 3578 25 3688 25 3579 25 3581 8019 3604 8047 3582 8020 3626 8079 3596 8223 3576 8028 3528 488 3527 488 3551 488 3588 8027 3563 8002 3562 8001 3589 8029 3572 8013 3590 8030 3593 8034 3707 8294 3594 8035 3596 8037 3754 8295 3597 8038 3535 7979 3697 8178 3599 8040 3531 7975 3530 7974 3601 8042 3582 8044 3695 8206 3603 8045 3538 7982 3585 8023 3552 7992 3604 8047 3715 8211 3598 8048 3605 8049 3690 8163 3606 8050 3548 8052 3572 8159 3574 8053 3609 8055 3755 8296 3610 8056 3602 8043 3601 8042 3666 8128 3612 8058 3637 8091 3613 8059 3567 8008 3589 8029 3591 8031 3577 8018 3576 8017 3714 8210 3616 8062 3663 8297 3617 8063 3542 7986 3541 7985 3590 8066 3584 8022 3552 7992 3585 8023 3620 8068 3650 8105 3621 8069 3681 8149 3736 8298 3746 8299 3681 8149 3746 8299 3701 8300 3624 8073 3681 8149 3701 8300 3624 8073 3701 8300 3728 8301 3624 8073 3728 8301 3609 8071 3571 8074 3669 8133 3625 8075 3626 8079 3576 8028 3562 8001 3715 8211 3576 8028 3596 8223 3630 8083 3584 8022 3523 8032 3701 8300 3746 8299 3723 8302 3756 8303 3701 8300 3723 8302 3755 8304 3609 8071 3728 8301 3755 8304 3728 8301 3731 8305 3631 8085 3757 8306 3736 8298 3749 8307 3631 8085 3736 8298 3736 8298 3681 8149 3749 8307 3704 8308 3624 8073 3623 8072 3704 8308 3623 8072 3717 8309 3739 8310 3749 8307 3681 8149 3681 8149 3633 8087 3739 8310 3704 8308 3717 8309 3755 8304 3633 8087 3704 8308 3756 8303 3704 8308 3755 8304 3731 8305 3704 8308 3731 8305 3756 8303 3632 8086 3739 8310 3633 8087 3633 8087 3756 8303 3723 8302 3633 8087 3723 8302 3757 8306 3633 8087 3757 8306 3631 8085 3634 8088 3758 8311 3635 8089 3637 8091 3532 7976 3534 7978 3638 8092 3759 8312 3639 8093 3641 8095 3683 8151 3642 8096 3644 8098 3622 8070 3621 8069 3617 8063 3663 8297 3646 8100 3584 8022 3581 8019 3583 8021 3664 8313 3630 8314 3612 8315 3630 8314 3637 8316 3612 8315 3648 8102 3727 8225 3638 8092 3649 8103 3693 8169 3586 8104 3620 8068 3605 8049 3607 8051 3649 8103 3557 7996 3651 8106 3652 8108 3644 8098 3645 8099 3655 8112 3679 8186 3656 8113 3575 8016 3618 8064 3617 8063 3577 8018 3714 8210 3658 8116 3628 8111 3710 8317 3643 8097 3659 8117 3718 8318 3660 8118 3662 8120 3751 8319 3646 8121 3552 7992 3584 8022 3630 8083 3569 8010 3568 8009 3585 8023 3665 8124 3567 8008 3615 8061 3530 8125 3636 8090 3635 8089 3566 8005 3563 8007 3588 8126 3659 8117 3661 8119 3654 8110 3596 8037 3625 8075 3754 8295 3651 8127 3691 8166 3593 8034 3583 8046 3603 8045 3682 8150 3668 8320 3570 8321 3752 8322 3668 8320 3752 8322 3745 8323 3752 8322 3561 8324 3712 8325 3745 8323 3752 8322 3712 8325 3630 8314 3522 8326 3750 8327 3532 8328 3637 8316 3750 8327 3637 8316 3630 8314 3750 8327 3535 8329 3536 8330 3750 8327 3536 8330 3532 8328 3750 8327 3745 8323 3697 8331 3668 8320 3697 8331 3535 8329 3668 8320 3558 8129 3712 8325 3561 8324 3644 8332 3652 8333 3751 8334 3652 8333 3558 8129 3647 8131 3751 8334 3652 8333 3647 8131 3620 8335 3622 8336 3747 8337 3622 8336 3644 8332 3751 8334 3747 8337 3622 8336 3751 8334 3690 8338 3605 8339 3747 8337 3605 8339 3620 8335 3747 8337 3612 8315 3678 8340 3553 8341 3678 8340 3690 8338 3564 8342 3553 8341 3664 8313 3612 8315 3553 8341 3678 8340 3564 8342 3747 8337 3753 8343 3564 8342 3747 8337 3564 8342 3690 8338 3535 8329 3750 8327 3668 8320 3558 8129 3561 8324 3667 8130 3647 8131 3646 8344 3751 8334 3557 7996 3586 8104 3555 7994 3653 8229 3628 8081 3601 8080 3571 8074 3570 8345 3668 8132 3648 8170 3640 8190 3694 8171 3592 8135 3682 8150 3521 7965 3670 8134 3713 8209 3671 8136 3529 8138 3674 8141 3672 8139 3628 8111 3654 8110 3710 8317 3674 8141 3689 8157 3675 8142 3612 8058 3614 8060 3677 8144 3683 8151 3641 8095 3684 8152 3555 7994 3699 8187 3556 7995 3686 8154 3760 8346 3687 8155 3688 20 3543 20 3545 20 3525 20 3518 553 3520 20 3568 8009 3665 8167 3604 8047 3672 8139 3674 8141 3676 8143 3619 8067 3590 8066 3572 8159 3662 8120 3663 8122 3616 8160 3546 8078 3627 8077 3565 8161 3690 8163 3678 8145 3677 8144 3658 8116 3714 8210 3715 8211 3529 7973 3673 8347 3634 8164 3557 8137 3671 8136 3691 8166 3658 8116 3715 8211 3604 8047 3649 8103 3761 8348 3692 8168 3682 8349 3603 8173 3521 8175 3695 8174 3597 8350 3668 8351 3668 8351 3597 8350 3669 8352 3597 8350 3754 8353 3669 8352 3754 8353 3625 8354 3669 8352 3668 8351 3750 8355 3695 8174 3750 8355 3521 8175 3695 8174 3696 8176 3683 8207 3685 8177 3697 8178 3745 8257 3698 8179 3694 8171 3691 8166 3671 8172 3657 8114 3656 8113 3699 8180 3555 8026 3762 8356 3700 8181 3701 8182 3756 8357 3702 8183 3671 8172 3713 8358 3704 8184 3705 8185 3675 8224 3679 8186 3680 8147 3556 7995 3699 8187 3593 8034 3694 8171 3706 8188 3706 8188 3694 8171 3640 8190 3657 8359 3700 8360 3708 8361 3708 8361 3700 8360 3709 8362 3700 8360 3762 8363 3709 8362 3762 8363 3587 8364 3709 8362 3708 8361 3760 8365 3657 8359 3760 8365 3686 8192 3657 8359 3657 8359 3686 8192 3655 8194 3693 8195 3692 8366 3708 8196 3661 8200 3660 8367 3643 8368 3660 8367 3759 8369 3643 8368 3661 8200 3643 8368 3710 8198 3759 8369 3638 8370 3641 8371 3727 8372 3684 8373 3638 8370 3684 8373 3641 8371 3638 8370 3641 8371 3643 8368 3759 8369 3602 8043 3666 8128 3633 8087 3558 7997 3560 7999 3711 8201 3553 8203 3564 8003 3537 7981 3706 8374 3639 8375 3759 8376 3706 8374 3759 8376 3698 8377 3698 8377 3759 8376 3599 8378 3707 8379 3706 8374 3711 8380 3759 8376 3600 8381 3599 8378 3698 8377 3711 8380 3706 8374 3711 8380 3560 8382 3707 8379 3560 8382 3559 8383 3761 8384 3707 8379 3560 8382 3594 8385 3559 8383 3645 8386 3708 8387 3645 8386 3621 8388 3708 8387 3621 8388 3650 8389 3708 8387 3650 8389 3607 8390 3760 8391 3708 8387 3650 8389 3760 8391 3607 8390 3606 8392 3760 8391 3606 8392 3677 8393 3672 8394 3614 8395 3634 8396 3673 8397 3606 8392 3672 8394 3760 8391 3677 8393 3614 8395 3673 8397 3677 8393 3673 8397 3672 8394 3594 8385 3560 8382 3761 8384 3672 8394 3687 8398 3760 8391 3708 8387 3692 8399 3761 8384 3708 8387 3761 8384 3559 8383 3679 8146 3675 8142 3689 8157 3694 8171 3593 8034 3691 8166 3573 8014 3589 8029 3567 8008 3695 8206 3582 8044 3598 8039 3696 8176 3629 8082 3642 8205 3594 8208 3761 8348 3649 8103 3624 8073 3704 8308 3713 8209 3731 8400 3732 8401 3549 8240 3624 8073 3556 7995 3680 8147 3602 8043 3680 8147 3689 8157 3580 8402 3544 8403 3716 8212 3716 8212 3755 8404 3717 8213 3578 8214 3580 8402 3716 8212 3635 8089 3758 8311 3718 8215 3633 8087 3629 8082 3696 8176 3608 8054 3574 8053 3627 8077 3555 8026 3587 8025 3762 8356 3719 488 3744 24 3720 488 3623 8217 3609 8405 3611 8218 3723 8220 3746 8406 3724 8221 3726 20 3748 20 3719 20 3686 8154 3676 8156 3675 8224 3685 8153 3684 8152 3727 8225 3728 8226 3701 8407 3703 8227 3693 8195 3709 8197 3587 8025 3755 8408 3716 8408 3610 8408 3635 8089 3659 8216 3653 8229 3717 8230 3623 8409 3722 8231 3717 8213 3730 8410 3578 8214 3722 8411 3611 8412 3688 8413 3611 8412 3610 8414 3543 8415 3716 8416 3543 8415 3610 8414 3688 8413 3611 8412 3543 8415 3730 8417 3722 8411 3688 8413 3688 8413 3578 8280 3730 8417 3731 8233 3728 8418 3729 8234 3756 8419 3735 8419 3702 8419 3723 8420 3725 8410 3741 8255 3631 8236 3749 8421 3733 8237 3735 8239 3756 8422 3731 8400 3549 8240 3551 2907 3527 8241 3735 8239 3731 8400 3549 8240 3736 8242 3757 8423 3737 8243 3732 8424 3729 8425 3554 8246 3729 8425 3703 8247 3554 8246 3703 8247 3702 8426 3526 8245 3526 8245 3702 8426 3735 8274 3554 8246 3549 8427 3732 8424 3739 8248 3632 8428 3740 8249 3520 488 3519 24 3517 488 3741 25 3726 25 3721 25 3742 8251 3632 8429 3631 8430 3515 8252 3517 2907 3519 8253 3742 8251 3631 8430 3515 8252 3757 8431 3743 8431 3737 8431 3743 8254 3757 8432 3723 8420 3741 8255 3720 23 3744 8256 3743 8254 3723 8420 3741 8255 3632 8433 3742 8433 3740 8433 3745 8257 3712 8202 3711 8201 3545 488 3544 24 3580 488 3660 8434 3718 8435 3758 8436 3758 8436 3634 8396 3614 8395 3614 8395 3613 8437 3758 8436 3613 8437 3534 8438 3660 8434 3758 8436 3613 8437 3660 8434 3534 8438 3533 8439 3660 8434 3533 8439 3600 8381 3660 8434 3600 8381 3759 8376 3660 8434 3537 7981 3573 8014 3569 8010 3531 7975 3689 8157 3674 8141 3746 8258 3736 8440 3738 8259 3633 8087 3666 8128 3629 8082 3565 8161 3753 8441 3747 8261 3748 8262 3743 8442 3744 8263 3631 8430 3734 8443 3515 8252 3749 8264 3739 8444 3524 8265 3566 8115 3617 8063 3647 8101 3763 8445 3764 8446 3765 8447 3766 8448 3767 8449 3768 8450 3769 8451 3770 8452 3771 8453 3772 8454 3773 8455 3774 8456 3775 8457 3773 8458 3776 8459 3777 8460 3778 8461 3779 8462 3780 8463 3781 8464 3782 8465 3783 8466 3784 8467 3785 8468 3786 8469 3787 8470 3788 8471 3789 8472 3790 8473 3791 8474 3792 8475 3793 8476 3766 8477 3794 8478 3795 8479 3796 8480 3797 8481 3798 8482 3799 8483 3768 8484 3800 8485 3801 8486 3802 8487 3803 8488 3804 8489 3777 8490 3805 8491 3793 8492 3806 8493 3807 8494 3808 8495 3809 8496 3810 8497 3764 8498 3811 8499 3765 8500 3790 8501 3803 8502 3780 8503 3804 8504 3812 8505 3813 8506 3787 8507 3814 8508 3788 8509 3808 8510 3815 8511 3816 8512 3817 8513 3818 8514 3819 8515 3771 8516 3806 8517 3795 8517 3807 8517 3820 8518 3821 8519 3822 8520 3823 8521 3766 8477 3824 8522 3784 8523 3775 8524 3785 8525 3825 8526 3826 8527 3770 8528 3772 8529 3827 8530 3828 8531 3829 8532 3830 8533 3826 8534 3831 8535 3832 8536 3798 8537 3820 8538 3781 8539 3833 8540 3812 8541 3834 8542 3835 8543 3836 8544 3837 8545 3819 8546 3838 8547 3839 8548 3840 8549 3812 8541 3841 8550 3834 8542 3842 8551 3843 8552 3813 8553 3844 8554 3845 8555 3831 8556 3846 8557 3840 8558 3791 8559 3847 8560 3848 8561 3843 8562 3849 8563 3799 8564 3805 8565 3777 8460 3779 8462 3768 8484 3850 8566 3816 8566 3851 8566 3815 8567 3852 8567 3806 8567 3853 8568 3854 8569 3830 8570 3794 8571 3855 8571 3850 8571 3832 8572 3856 8573 3857 8574 3824 8575 3800 8575 3844 8575 3857 8576 3801 8576 3824 8576 3831 8577 3858 8578 3832 8579 3850 8580 3855 8580 3816 8580 3763 8445 3809 8581 3764 8446 3846 8582 3838 8547 3840 8549 3825 8583 3769 8584 3827 8585 3769 8584 3814 8586 3827 8585 3814 8586 3808 8587 3827 8585 3827 8585 3774 8588 3829 8589 3829 8589 3825 8583 3827 8585 3774 8588 3773 8590 3829 8589 3773 8590 3859 8591 3853 8592 3859 8591 3784 8593 3853 8592 3792 8594 3766 8595 3768 8596 3768 8596 3779 8597 3792 8594 3779 8597 3778 8598 3792 8594 3778 8598 3853 8592 3792 8594 3784 8593 3792 8594 3853 8592 3853 8592 3829 8589 3773 8590 3766 8448 3823 8599 3767 8449 3810 8600 3812 8505 3802 8601 3802 8601 3812 8505 3787 8507 3790 8602 3765 8603 3822 8604 3791 8559 3790 8602 3822 8604 3822 8604 3846 8557 3791 8559 3802 8601 3804 8605 3764 8606 3764 8606 3810 8600 3802 8601 3804 8605 3780 8607 3764 8606 3780 8607 3782 8608 3765 8603 3782 8608 3820 488 3765 8603 3765 8603 3764 8606 3780 8607 3820 488 3822 8604 3765 8603 3769 8451 3825 8609 3770 8452 3772 8454 3776 8610 3773 8455 3775 8457 3859 8611 3773 8458 3777 8460 3854 8612 3778 8461 3780 8463 3860 8613 3781 8464 3783 8466 3792 8614 3784 8467 3789 8472 3811 8615 3790 8473 3794 8478 3807 8616 3795 8479 3771 8453 3795 8617 3814 8618 3852 8619 3835 8543 3814 8618 3795 8617 3852 8619 3814 8618 3794 8620 3796 8620 3855 8620 3797 8481 3839 8548 3798 8482 3856 8621 3797 8622 3801 8486 3801 8486 3797 8622 3768 8484 3797 8622 3849 8623 3768 8484 3849 8623 3777 8460 3768 8484 3768 8484 3767 8624 3800 8485 3802 8487 3786 8625 3803 8488 3777 8490 3849 8626 3805 8491 3851 8627 3815 8628 3843 8629 3815 8628 3813 8630 3843 8629 3843 8629 3848 8631 3850 8632 3848 8631 3836 8633 3808 8495 3836 8633 3818 8634 3808 8495 3818 8634 3828 8635 3808 8495 3850 8632 3851 8627 3843 8629 3794 8636 3850 8632 3848 8631 3848 8631 3808 8495 3794 8636 3788 8471 3787 8470 3806 8493 3807 8494 3794 8636 3808 8495 3808 8495 3788 8471 3806 8493 3809 8496 3841 8637 3810 8497 3811 8499 3763 8638 3765 8500 3803 8502 3860 8639 3780 8503 3828 8635 3827 8640 3808 8495 3812 8505 3842 8641 3813 8506 3814 8508 3835 8642 3788 8509 3815 8511 3851 8643 3816 8512 3767 8624 3789 8472 3791 8474 3795 8617 3771 8453 3837 8644 3771 8453 3819 8645 3837 8644 3837 8644 3847 8646 3855 8647 3847 8646 3842 8648 3835 8543 3842 8648 3812 8541 3835 8543 3796 20 3795 8617 3837 8644 3855 8647 3796 20 3837 8644 3847 8646 3835 8543 3816 8649 3835 8543 3852 8619 3817 8650 3816 8649 3855 8647 3847 8646 3835 8543 3817 8650 3816 8649 3820 8518 3833 8651 3821 8519 3815 8628 3806 8493 3787 8470 3787 8470 3813 8630 3815 8628 3766 8477 3857 8652 3824 8522 3824 8522 3844 8653 3823 8521 3784 8523 3859 8654 3775 8524 3845 8655 3800 8485 3767 8624 3845 8655 3767 8624 3839 8656 3858 8657 3845 8655 3839 8656 3791 8474 3840 8658 3767 8624 3840 8658 3839 8656 3767 8624 3839 8656 3797 8622 3858 8657 3797 8622 3856 8621 3858 8657 3825 8526 3829 8659 3826 8527 3772 8529 3774 8660 3827 8530 3814 8618 3769 8451 3771 8453 3772 2886 3828 8661 3826 8662 3776 8663 3772 2886 3826 8662 3775 8664 3776 8663 3826 8662 3785 8665 3775 8664 3830 8666 3828 8661 3818 8514 3771 8516 3771 8516 3770 8667 3828 8661 3828 8661 3770 8667 3826 8662 3854 8668 3777 8490 3783 8669 3783 8669 3777 8490 3793 8492 3830 8666 3854 8668 3783 8669 3830 8666 3783 8669 3785 8665 3775 8664 3826 8662 3830 8666 3829 8532 3853 8670 3830 8533 3857 8652 3766 8477 3799 8671 3793 8476 3805 8672 3766 8477 3805 8672 3799 8671 3766 8477 3799 8671 3798 8537 3832 8536 3798 8537 3838 8673 3823 8521 3838 8673 3846 8674 3823 8521 3846 8674 3822 8675 3823 8521 3799 8671 3832 8536 3857 8652 3823 8521 3844 8653 3831 8535 3823 8521 3831 8535 3798 8537 3820 8538 3782 8676 3781 8539 3786 8469 3802 8677 3787 8470 3786 8678 3788 8679 3835 8680 3835 8680 3834 8681 3786 8678 3834 8681 3841 8682 3786 8678 3841 8682 3809 8683 3786 8678 3803 2886 3786 8678 3809 8683 3860 8684 3803 2886 3809 8683 3781 8685 3860 8684 3809 8683 3833 8686 3781 8685 3763 8687 3767 8688 3823 8689 3821 8690 3811 8691 3789 8692 3821 8690 3789 8692 3767 8688 3821 8690 3763 8687 3811 8691 3821 8690 3763 8687 3821 8690 3833 8686 3781 8685 3809 8683 3763 8687 3836 8544 3848 8561 3837 8545 3818 8693 3836 8544 3819 8546 3838 8547 3798 8482 3839 8548 3812 8541 3810 8694 3841 8550 3842 8551 3847 8695 3843 8552 3844 8554 3800 8696 3845 8555 3847 8560 3837 8545 3848 8561 3849 8563 3797 8697 3799 8564 3822 8675 3821 8698 3823 8521 3815 8699 3817 8699 3852 8699 3806 8700 3852 8700 3795 8700 3853 8568 3778 8701 3854 8569 3832 8572 3858 8702 3856 8573 3824 8703 3801 8703 3800 8703 3857 8704 3856 8704 3801 8704 3831 8577 3845 8705 3858 8578 3792 8475 3783 8706 3793 8476</p>
        </triangles>
        <triangles material="scout_b8bab5" count="6984">
          <input semantic="VERTEX" source="#vertices" offset="0" />
          <input semantic="NORMAL" source="#normals" offset="1" />
          <p>972 2442 973 2443 974 2444 975 2445 973 2446 972 2447 976 2448 977 2449 978 2450 979 2451 980 2452 981 2453 982 2454 983 2455 984 2456 985 2457 986 2458 987 2459 978 2460 988 2461 989 2462 990 2463 991 2464 992 2465 993 2466 994 2467 995 2468 989 2469 996 2470 997 2471 997 2472 998 2473 999 2474 974 2475 985 2476 1000 2477 1001 2478 1002 2479 1003 2480 1004 2481 1005 2482 1006 2483 1007 2484 976 2485 1008 2486 1009 2487 1010 2488 1011 2489 1012 2490 1013 2491 1014 2492 1005 2493 1015 2494 1016 2495 1017 2496 1018 2497 1019 2498 1020 2499 973 2500 1021 2501 1022 2502 1023 2503 1024 2504 1012 2505 990 2506 992 2507 1025 2508 1026 2509 1027 2510 1028 2511 1029 2512 1030 2513 1031 2514 977 2515 1032 2516 1033 2517 1034 2518 1035 2519 995 2520 1036 2521 1037 2522 1038 2523 1039 2524 1040 2525 1041 2526 1016 2527 988 2528 1042 2529 1043 2529 1044 2529 1044 2530 1045 2531 1046 2532 1047 2533 1048 2533 1049 2533 1050 2534 1051 2535 1052 2536 1052 2537 1053 2538 1009 2539 1031 2540 1023 2540 1054 2540 1055 2541 975 2542 980 2543 1056 2544 1013 2545 1012 2546 1057 2547 1058 2548 1025 2549 1059 2550 1018 2497 1060 2551 1061 2552 1062 2553 1063 2554 984 2555 1005 2556 1022 2557 1064 2558 1030 2559 1021 2560 1065 2561 1066 2562 1067 2563 999 2564 1068 2565 1041 2566 1069 2567 1070 2568 1071 2569 1003 2570 986 2571 1072 2572 1071 2573 1048 2574 1047 2575 1072 2576 1073 2577 1038 2578 1040 2579 1002 2580 1001 2581 1074 2582 1075 2582 1069 2582 1049 2583 1076 2583 1074 2583 1077 2584 1065 2585 1029 2586 988 2587 1015 2588 989 2589 1078 2590 1008 2591 1079 2592 1080 2593 1081 2593 990 2593 1078 2590 1079 2592 1062 2553 1055 2594 1082 2595 975 2596 995 2597 994 2597 1042 2597 1046 2598 1083 2599 993 2600 1084 2601 980 2602 1085 2603 992 2604 1086 2605 1087 2606 1063 2607 1006 2608 1061 2609 1087 2610 1086 2610 1080 2610 1036 2611 1024 2611 1031 2611 1000 2612 1088 2613 1055 2614 1037 2615 1089 2615 1033 2615 1054 2616 1090 2617 1091 2618 1011 2619 1092 2620 1050 2621 1093 2622 1094 2623 1056 2624 1033 2625 982 2626 1034 2627 1095 2628 1096 2628 1037 2628 1034 2629 1096 2630 1095 2631 1097 2632 1098 2633 1057 2547 1027 2510 1099 2634 1017 2635 1014 2636 1100 2636 1093 2636 1060 2551 1101 2637 1059 2550 1091 2638 1102 2638 1036 2638 1021 2639 981 2640 1064 2641 1097 2632 1103 2642 1104 2643 1005 2493 1048 2644 996 2645 975 2445 1082 2646 973 2446 976 2448 1035 2647 977 2449 1022 2648 1005 2482 978 2649 978 2649 977 2650 1022 2648 977 2650 1105 2651 1022 2648 977 2650 1085 2652 1105 2651 1085 2652 980 2452 1066 2653 1067 2654 1066 2653 980 2452 1105 2651 1085 2652 1066 2653 1106 2655 1084 2656 1107 2657 1084 2656 1108 2658 1109 2659 1084 2656 1109 2659 1107 2657 1107 2657 1065 2585 1106 2655 979 2451 1067 2654 980 2452 983 2455 1089 2660 1110 2661 1089 2660 1104 20 1110 2661 1104 2662 1103 2662 1110 2662 1110 2661 984 2456 983 2455 984 2456 1111 2663 982 2454 1030 2664 1029 2665 1039 2666 1029 2665 1065 2667 1039 2666 1039 2666 1065 2667 1002 2668 1065 2667 1067 2669 1088 2670 1088 2670 1067 2669 1082 2671 1067 2669 979 2672 1082 2671 979 2672 973 2500 1082 2671 1021 2501 1030 2664 1073 2673 1073 2673 1030 2664 1039 2666 1065 2667 1088 2670 1002 2668 1088 2670 985 2457 987 2459 1002 2668 1088 2670 987 2459 985 2457 1020 2499 986 2458 997 2674 999 2675 1071 2676 997 2674 1071 2676 1047 2677 997 2674 1047 2677 1049 2678 1049 2678 1074 2679 976 2680 976 2680 978 2460 997 2674 997 2674 978 2460 989 2462 978 2460 1004 2681 988 2461 1004 2681 1063 2682 988 2461 1063 2682 1041 2683 988 2461 997 2674 1049 2678 976 2680 990 2463 1112 2684 991 2464 993 2466 1083 2685 994 2467 989 2469 1015 2686 996 2470 997 2472 996 2687 998 2473 974 2475 1020 2688 985 2476 1004 2481 978 2649 1005 2482 1056 2624 1094 2623 1113 2689 1007 2484 1114 2690 976 2485 1009 2487 1053 2691 1010 2488 1006 2692 1005 2493 1016 2495 1017 2496 1099 2693 1018 2497 973 2500 979 2672 1021 2501 1021 2501 1073 2673 986 2458 986 2458 1020 2499 1021 2501 994 2694 1111 2663 1102 2695 1022 2502 1105 2696 1092 2697 1092 2697 1010 2698 1090 2699 1024 2504 1102 2695 1111 2663 1022 2502 1092 2697 1090 2699 1022 2502 1090 2699 1023 2503 1024 2504 1111 2663 1022 2502 1087 2700 1108 2701 1084 2702 1084 2702 1085 2703 1012 2505 1056 2704 1012 2505 1085 2703 992 2507 1087 2700 1084 2702 992 2507 1084 2702 1012 2505 1025 2508 1058 2705 1026 2509 980 2543 1106 2706 1003 2707 1003 2707 1106 2706 1001 2708 1106 2706 1077 2709 1040 2710 1077 2709 1028 2711 1040 2710 1040 2710 1028 2711 1038 2712 1028 2711 1064 23 974 2713 1064 23 981 2714 972 23 975 2542 972 23 981 2714 972 23 974 2713 1064 23 1040 2710 1001 2708 1106 2706 1028 2711 974 2713 1072 2715 1072 2715 974 2713 1000 2716 1000 2716 1055 2541 1003 2707 1000 2716 1003 2707 1072 2715 1038 2712 1028 2711 1072 2715 1028 2511 1077 2717 1029 2512 1031 2514 1054 2718 977 2515 1032 2516 1036 2521 1031 2514 1080 23 990 2506 1019 2719 990 2506 1012 2505 1014 23 990 2506 1014 23 1093 2720 990 2506 1093 2720 1044 2721 990 2506 1044 2721 1046 2722 1085 2703 977 2515 1052 2723 1085 2703 1052 2723 1056 2704 1052 2723 1009 2724 1056 2704 1093 2720 1056 2704 1009 2724 1009 2724 1011 2725 1042 2726 1093 2720 1009 2724 1044 2721 1009 2724 1042 2726 1044 2721 1108 2701 1087 2700 1080 23 1019 2719 1059 2727 1108 2701 1059 2727 1101 2728 1108 2701 1108 2701 1080 23 1019 2719 990 2506 1046 2722 1017 2729 990 2506 1017 2729 1019 2719 1046 2722 993 2730 1027 2731 1017 2729 1046 2722 1027 2731 993 2730 995 2520 1037 2522 993 2730 1037 2522 1025 2732 1025 2732 1037 2522 1057 2733 1025 2732 1027 2731 993 2730 1037 2522 1033 2517 1057 2733 1057 2733 1033 2517 1115 2734 1097 2735 1057 2733 1115 2734 1103 2736 1097 2735 1115 2734 1032 2516 1035 2519 1034 2518 1035 2519 1115 2734 1033 2517 1050 2737 1052 2723 977 2515 977 2515 1054 2718 1091 2738 977 2515 1091 2738 1050 2737 1050 2737 1091 2738 1011 2725 1091 2738 1036 2521 1042 2726 1011 2725 1091 2738 1042 2726 1042 2726 1036 2521 995 2520 1032 2516 1034 2518 1095 2739 1036 2521 1032 2516 1037 2522 1032 2516 1095 2739 1037 2522 1038 2523 1073 2740 1039 2524 1069 2741 1075 2741 1070 2741 1041 2526 1068 2742 1016 2527 1044 2530 1116 2743 1045 2531 1003 2480 1002 2479 987 2744 1050 2534 1092 2745 1051 2535 1052 2537 1051 2746 1053 2538 1031 2747 1024 2747 1023 2747 980 2543 1003 2707 1055 2541 981 2714 980 2543 975 2542 1056 2544 1113 2748 1013 2545 1057 2547 1098 2633 1058 2548 1059 2550 1019 2498 1018 2497 1103 2749 1115 2750 1110 2751 1061 2552 1078 2590 1062 2553 984 2555 1114 2752 1005 2556 1064 2558 1028 2753 1030 2559 1063 2682 1062 23 999 2675 1062 23 1079 2754 1069 2755 1063 2682 999 2675 1041 2683 1079 2754 1008 2756 1074 2679 1008 2756 976 2680 1074 2679 1071 2676 1062 23 1069 2755 1071 2676 999 2675 1062 23 1079 2754 1074 2679 1069 2755 1092 2697 1105 2696 1051 2757 1113 2758 1094 2759 1051 2757 1051 2757 1094 2759 1053 20 1112 20 1094 2759 991 2760 1105 2696 1113 2758 1051 2757 1094 2759 1099 2761 1045 2762 1094 2759 1045 2762 1116 2763 1099 2761 1026 2764 1045 2762 1010 2698 1053 20 1094 2759 1026 2764 1058 2765 1083 2766 1010 2698 1094 2759 1043 2767 1102 2695 1090 2699 1010 2698 994 2694 1102 2695 1010 2698 994 2694 1010 2698 1043 2767 1116 2763 1043 2767 1094 2759 1045 2762 1026 2764 1083 2766 1058 2765 1098 2768 1096 2769 1098 2768 1104 20 1089 2660 1083 2766 1058 2765 1096 2769 994 2694 1083 2766 1096 2769 1096 2769 982 2454 1111 2663 1111 2663 994 2694 1096 2769 1098 2768 1089 2660 1096 2769 1107 2770 1109 2771 1086 2772 1086 2772 1109 2771 1018 2773 1109 2774 1101 2774 1060 2774 1060 20 1018 2773 1109 2771 1018 2773 1099 2761 1094 2759 1094 2759 1112 20 1081 2775 1018 2773 1094 2759 1081 2775 1086 2772 1018 2773 1081 2775 1113 2758 1105 2696 1066 2776 1013 2777 1113 2758 1066 2776 1013 2777 1066 2776 991 2760 991 2760 1094 2759 1100 2778 991 2760 1100 2778 1013 2777 991 2760 1066 2776 1107 2770 1107 2770 1086 2772 991 2760 1114 2690 984 2779 976 2485 984 2779 1110 2751 1115 2750 1115 2750 1035 2780 984 2779 1035 2780 976 2485 984 2779 1065 2561 1107 2781 1066 2562 984 2456 1022 2502 1111 2663 999 2564 998 2782 1068 2565 1071 2569 1070 2568 1117 2783 974 2444 973 2443 1020 2784 1003 2570 987 2785 986 2571 1071 2573 1117 2786 1048 2574 1072 2576 986 2787 1073 2577 1040 2579 1039 2788 1002 2580 1049 2789 1048 2789 1076 2789 1074 2790 1076 2790 1075 2790 1077 2584 1106 2655 1065 2585 988 2587 1016 2791 1015 2588 1080 2792 1086 2792 1081 2792 1042 2793 994 2793 1043 2793 1078 2590 1007 2794 1008 2591 1055 2594 1088 2795 1082 2595 1046 2598 1045 2796 1083 2599 1084 2601 1106 2797 980 2602 1044 2798 1043 2798 1116 2798 992 2604 991 2799 1086 2605 990 2800 1081 2800 1112 2800 1063 2607 1004 2801 1006 2608 977 2515 1035 2519 1032 2516 1000 2612 985 2802 1088 2613 1054 2616 1023 2803 1090 2617 1091 2804 1090 2804 1102 2804 1036 2805 1102 2805 1024 2805 1011 2619 1010 2806 1092 2620 1093 2807 1100 2807 1094 2807 1014 2492 1013 2491 1100 2808 1033 2625 983 2809 982 2626 1037 2810 1096 2810 1089 2810 1033 2811 1089 2811 983 2811 1034 2629 982 2812 1096 2630 1097 2632 1104 2643 1098 2633 1027 2510 1026 2509 1099 2634 1101 2813 1109 2659 1108 2658 1021 2639 979 2814 981 2640 1005 2493 1114 2815 1048 2644 1114 2815 1007 2816 1076 2817 1007 2816 1078 2818 1075 20 1075 20 1078 2818 1070 2819 1078 2818 1061 2820 998 2821 1061 2820 1006 2692 1016 2495 1061 2820 1068 2822 998 2821 1076 2817 1048 2644 1114 2815 1016 2495 1068 2822 1061 2820 1078 2818 998 2821 1117 2823 1075 20 1076 2817 1007 2816 1078 2818 1117 2823 1070 2819 998 2821 996 2645 1117 2823 1117 2823 996 2645 1048 2644 996 2645 1015 2494 1005 2493 1118 2824 1119 2825 1120 2826 1121 2827 1122 2828 1123 2829 1122 2828 1124 2830 1123 2829 1125 2831 1126 2832 1118 2833 1127 2834 1122 2835 1119 2836 1120 2837 1128 2838 1125 2839 1129 2840 1124 2841 1126 2842 1129 2843 1126 2843 1130 2843 1121 2844 1128 2845 1131 2846 1121 2827 1119 2847 1122 2828 1130 2848 1123 2849 1129 2850 1131 2851 1120 2837 1119 2852 1125 2839 1118 2853 1120 2837 1128 2854 1130 2854 1125 2854 1118 2824 1127 2855 1119 2825 1124 2856 1127 2857 1126 2858 1118 2859 1126 2858 1127 2857 1125 2831 1130 2860 1126 2832 1127 2834 1124 2861 1122 2835 1129 2840 1123 2862 1124 2841 1121 2844 1130 2863 1128 2845 1121 2827 1131 2864 1119 2847 1130 2848 1121 2865 1123 2849 1131 2851 1128 2838 1120 2837 1228 2947 1229 2948 1230 2949 1231 2950 1232 2951 1233 2952 1229 2948 1234 2953 1230 2949 1235 2954 1234 2955 1236 2956 1232 2957 1237 2958 1233 2959 1238 2960 1231 2950 1239 2961 1228 2962 1232 2963 1238 2964 1240 2965 1239 2966 1231 2967 1233 2952 1240 2968 1231 2950 1241 2969 1229 2970 1239 2971 1233 2959 1236 2972 1240 2973 1228 2947 1239 2974 1229 2948 1237 2975 1230 2976 1235 2977 1235 2954 1230 2978 1234 2955 1233 2959 1237 2958 1235 2979 1238 2960 1232 2951 1231 2950 1228 2962 1237 2980 1232 2963 1237 2975 1228 2981 1230 2976 1240 2965 1241 2982 1239 2966 1241 2969 1234 2983 1229 2970 1233 2959 1235 2979 1236 2972 1228 2947 1238 2984 1239 2974 1234 2985 1241 2986 1240 2987 1240 2987 1236 2988 1234 2985 1290 3025 1291 3025 1292 3025 1292 3025 1293 3025 1294 3025 1294 3025 1295 3025 1296 3025 1296 3025 1297 3025 1298 3025 1298 3025 1299 3025 1300 3025 1300 3025 1301 3025 1302 3025 1302 3025 1303 3025 1304 3025 1304 3025 1305 3025 1306 3025 1306 3025 1307 3025 1308 3025 1308 3025 1309 3025 1310 3025 1310 3025 1311 3025 1312 3025 1312 3025 1313 3025 1314 3025 1314 3025 1315 3025 1316 3025 1316 3025 1317 3025 1318 3025 1318 3025 1319 3025 1320 3025 1320 3025 1321 3025 1322 3025 1322 3025 1323 3025 1324 3025 1324 3025 1325 3025 1326 3025 1326 3025 1327 3025 1328 3025 1328 3025 1329 3025 1330 3025 1330 3025 1331 3025 1332 3025 1332 3025 1333 3025 1334 3025 1334 3025 1335 3025 1336 3025 1336 3025 1337 3025 1338 3025 1338 3025 1339 3025 1340 3025 1340 3025 1341 3025 1342 3025 1342 3025 1343 3025 1344 3025 1344 3025 1345 3025 1346 3025 1346 3025 1347 3025 1348 3025 1348 3025 1349 3025 1350 3025 1350 3025 1351 3025 1352 3025 1352 3025 1353 3025 1290 3025 1290 3025 1292 3025 1294 3025 1294 3025 1296 3025 1298 3025 1298 3025 1300 3025 1302 3025 1302 3025 1304 3025 1306 3025 1306 3025 1308 3025 1310 3025 1310 3025 1312 3025 1314 3025 1314 3025 1316 3025 1318 3025 1318 3025 1320 3025 1322 3025 1322 3025 1324 3025 1326 3025 1326 3025 1328 3025 1330 3025 1330 3025 1332 3025 1334 3025 1334 3025 1336 3025 1338 3025 1338 3025 1340 3025 1342 3025 1342 3025 1344 3025 1346 3025 1346 3025 1348 3025 1350 3025 1350 3025 1352 3025 1290 3025 1290 3025 1294 3025 1298 3025 1298 3025 1302 3025 1306 3025 1306 3025 1310 3025 1314 3025 1314 3025 1318 3025 1322 3025 1322 3025 1326 3025 1330 3025 1330 3025 1334 3025 1338 3025 1338 3025 1342 3025 1346 3025 1346 3025 1350 3025 1290 3025 1290 3025 1298 3025 1306 3025 1306 3025 1314 3025 1322 3025 1322 3025 1330 3025 1338 3025 1338 3025 1346 3025 1290 3025 1290 3025 1306 3025 1322 3025 1322 3025 1338 3025 1290 3025 1290 3026 1353 3027 1354 3028 1290 3026 1354 3028 1355 3029 1353 3027 1352 3030 1356 3031 1353 3027 1356 3031 1354 3028 1352 3030 1351 3032 1357 3033 1352 3030 1357 3033 1356 3031 1351 3032 1350 3034 1358 3035 1351 3032 1358 3035 1357 3033 1350 3034 1349 3036 1359 3037 1350 3034 1359 3037 1358 3035 1349 3036 1348 3038 1360 3039 1349 3036 1360 3039 1359 3037 1348 3038 1347 3040 1361 3041 1348 3038 1361 3041 1360 3039 1347 3040 1346 3042 1362 3043 1347 3040 1362 3043 1361 3041 1346 3042 1345 3044 1363 3045 1346 3042 1363 3045 1362 3043 1345 3044 1344 3046 1364 3047 1345 3044 1364 3047 1363 3045 1344 3046 1343 3048 1365 3049 1344 3046 1365 3049 1364 3047 1343 3048 1342 3050 1366 3051 1343 3048 1366 3051 1365 3049 1342 3050 1341 3052 1367 3053 1342 3050 1367 3053 1366 3051 1341 3052 1340 3054 1368 3055 1341 3052 1368 3055 1367 3053 1340 3054 1339 3056 1369 3057 1340 3054 1369 3057 1368 3055 1339 3056 1338 3058 1370 3059 1339 3056 1370 3059 1369 3057 1338 3058 1337 3060 1371 3061 1338 3058 1371 3061 1370 3059 1337 3060 1336 3062 1372 3063 1337 3060 1372 3063 1371 3061 1336 3062 1335 3064 1373 3065 1336 3062 1373 3065 1372 3063 1335 3064 1334 3066 1374 3067 1335 3064 1374 3067 1373 3065 1334 3066 1333 3068 1375 3069 1334 3066 1375 3069 1374 3067 1333 3068 1332 3070 1376 3071 1333 3068 1376 3071 1375 3069 1332 3070 1331 3072 1377 3073 1332 3070 1377 3073 1376 3071 1331 3072 1330 3074 1378 3075 1331 3072 1378 3075 1377 3073 1330 3074 1329 3076 1379 3077 1330 3074 1379 3077 1378 3075 1329 3076 1328 3078 1380 3079 1329 3076 1380 3079 1379 3077 1328 3078 1327 3080 1381 3081 1328 3078 1381 3081 1380 3079 1327 3080 1326 3082 1382 3083 1327 3080 1382 3083 1381 3081 1326 3082 1325 3084 1383 3085 1326 3082 1383 3085 1382 3083 1325 3084 1324 3086 1384 3087 1325 3084 1384 3087 1383 3085 1324 3086 1323 3088 1385 3089 1324 3086 1385 3089 1384 3087 1323 3088 1322 3090 1386 3091 1323 3088 1386 3091 1385 3089 1322 3090 1321 3092 1387 3093 1322 3090 1387 3093 1386 3091 1321 3092 1320 3094 1388 3095 1321 3092 1388 3095 1387 3093 1320 3094 1319 3096 1389 3096 1320 3094 1389 3096 1388 3095 1319 3096 1318 3097 1390 3098 1319 3096 1390 3098 1389 3096 1318 3097 1317 3099 1391 3100 1318 3097 1391 3100 1390 3098 1317 3099 1316 3101 1392 3102 1317 3099 1392 3102 1391 3100 1316 3101 1315 3103 1393 3104 1316 3101 1393 3104 1392 3102 1315 3103 1314 3105 1394 3106 1315 3103 1394 3106 1393 3104 1314 3105 1313 3107 1395 3108 1314 3105 1395 3108 1394 3106 1313 3107 1312 3109 1396 3110 1313 3107 1396 3110 1395 3108 1312 3109 1311 3111 1397 3112 1312 3109 1397 3112 1396 3110 1311 3111 1310 3113 1398 3113 1311 3111 1398 3113 1397 3112 1310 3113 1309 3114 1399 3115 1310 3113 1399 3115 1398 3113 1309 3114 1308 3116 1400 3117 1309 3114 1400 3117 1399 3115 1308 3116 1307 3118 1401 3119 1308 3116 1401 3119 1400 3117 1307 3118 1306 3120 1402 3120 1307 3118 1402 3120 1401 3119 1306 3120 1305 3121 1403 3121 1306 3120 1403 3121 1402 3120 1305 3121 1304 3122 1404 3123 1305 3121 1404 3123 1403 3121 1304 3122 1303 3124 1405 3125 1304 3122 1405 3125 1404 3123 1303 3124 1302 3126 1406 3127 1303 3124 1406 3127 1405 3125 1302 3126 1301 3128 1407 3128 1302 3126 1407 3128 1406 3127 1301 3128 1300 3129 1408 3130 1301 3128 1408 3130 1407 3128 1300 3129 1299 3131 1409 3132 1300 3129 1409 3132 1408 3130 1299 3131 1298 3133 1410 3134 1299 3131 1410 3134 1409 3132 1298 3133 1297 3135 1411 3136 1298 3133 1411 3136 1410 3134 1297 3135 1296 3137 1412 3138 1297 3135 1412 3138 1411 3136 1296 3137 1295 3139 1413 3140 1296 3137 1413 3140 1412 3138 1295 3139 1294 3141 1414 3142 1295 3139 1414 3142 1413 3140 1294 3141 1293 3143 1415 3144 1294 3141 1415 3144 1414 3142 1293 3143 1292 3145 1416 3145 1293 3143 1416 3145 1415 3144 1292 3145 1291 3146 1417 3146 1292 3145 1417 3146 1416 3145 1291 3146 1290 3026 1355 3029 1291 3146 1355 3029 1417 3146 1355 25 1354 3147 1418 3148 1355 25 1418 3148 1419 3149 1354 3147 1356 3150 1420 3151 1354 3147 1420 3151 1418 3148 1356 3150 1357 3152 1421 3153 1356 3150 1421 3153 1420 3151 1357 3152 1358 3154 1422 3155 1357 3152 1422 3155 1421 3153 1358 3154 1359 3156 1423 3157 1358 3154 1423 3157 1422 3155 1359 3156 1360 3158 1424 3159 1359 3156 1424 3159 1423 3157 1360 3158 1361 3160 1425 3161 1360 3158 1425 3161 1424 3159 1361 3160 1362 3162 1426 3163 1361 3160 1426 3163 1425 3161 1362 3162 1363 3164 1427 3165 1362 3162 1427 3165 1426 3163 1363 3164 1364 3166 1428 3167 1363 3164 1428 3167 1427 3165 1364 3166 1365 3168 1429 3169 1364 3166 1429 3169 1428 3167 1365 3168 1366 3170 1430 3171 1365 3168 1430 3171 1429 3169 1366 3170 1367 3172 1431 3173 1366 3170 1431 3173 1430 3171 1367 3172 1368 3174 1432 3175 1367 3172 1432 3175 1431 3173 1368 3174 1369 3176 1433 3177 1368 3174 1433 3177 1432 3175 1369 3176 1370 3178 1434 3179 1369 3176 1434 3179 1433 3177 1370 3178 1371 3180 1435 3181 1370 3178 1435 3181 1434 3179 1371 3180 1372 3182 1436 3183 1371 3180 1436 3183 1435 3181 1372 3182 1373 3184 1437 3185 1372 3182 1437 3185 1436 3183 1373 3184 1374 3186 1438 3187 1373 3184 1438 3187 1437 3185 1374 3186 1375 3188 1439 3189 1374 3186 1439 3189 1438 3187 1375 3188 1376 3190 1440 3191 1375 3188 1440 3191 1439 3189 1376 3190 1377 3192 1441 3193 1376 3190 1441 3193 1440 3191 1377 3192 1378 3194 1442 3195 1377 3192 1442 3195 1441 3193 1378 3194 1379 3196 1443 3197 1378 3194 1443 3197 1442 3195 1379 3196 1380 3198 1444 3199 1379 3196 1444 3199 1443 3197 1380 3198 1381 3200 1445 3201 1380 3198 1445 3201 1444 3199 1381 3200 1382 3202 1446 3203 1381 3200 1446 3203 1445 3201 1382 3202 1383 3204 1447 3205 1382 3202 1447 3205 1446 3203 1383 3204 1384 3206 1448 3207 1383 3204 1448 3207 1447 3205 1384 3206 1385 3208 1449 3209 1384 3206 1449 3209 1448 3207 1385 3208 1386 21 1450 3210 1385 3208 1450 3210 1449 3209 1386 21 1387 3211 1451 3212 1386 21 1451 3212 1450 3210 1387 3211 1388 3213 1452 3214 1387 3211 1452 3214 1451 3212 1388 3213 1389 3215 1453 3216 1388 3213 1453 3216 1452 3214 1389 3215 1390 3217 1454 3218 1389 3215 1454 3218 1453 3216 1390 3217 1391 3219 1455 3220 1390 3217 1455 3220 1454 3218 1391 3219 1392 3221 1456 3222 1391 3219 1456 3222 1455 3220 1392 3221 1393 3223 1457 3224 1392 3221 1457 3224 1456 3222 1393 3223 1394 3225 1458 3226 1393 3223 1458 3226 1457 3224 1394 3225 1395 3227 1459 3228 1394 3225 1459 3228 1458 3226 1395 3227 1396 3229 1460 3230 1395 3227 1460 3230 1459 3228 1396 3229 1397 3231 1461 3232 1396 3229 1461 3232 1460 3230 1397 3231 1398 3233 1462 3234 1397 3231 1462 3234 1461 3232 1398 3233 1399 3235 1463 3236 1398 3233 1463 3236 1462 3234 1399 3235 1400 3237 1464 3238 1399 3235 1464 3238 1463 3236 1400 3237 1401 3239 1465 3240 1400 3237 1465 3240 1464 3238 1401 3239 1402 3241 1466 3242 1401 3239 1466 3242 1465 3240 1402 3241 1403 3243 1467 3244 1402 3241 1467 3244 1466 3242 1403 3243 1404 3245 1468 3246 1403 3243 1468 3246 1467 3244 1404 3245 1405 3247 1469 3248 1404 3245 1469 3248 1468 3246 1405 3247 1406 3249 1470 3250 1405 3247 1470 3250 1469 3248 1406 3249 1407 3251 1471 3252 1406 3249 1471 3252 1470 3250 1407 3251 1408 3253 1472 3254 1407 3251 1472 3254 1471 3252 1408 3253 1409 3255 1473 3256 1408 3253 1473 3256 1472 3254 1409 3255 1410 3257 1474 3258 1409 3255 1474 3258 1473 3256 1410 3257 1411 3259 1475 3260 1410 3257 1475 3260 1474 3258 1411 3259 1412 3261 1476 3262 1411 3259 1476 3262 1475 3260 1412 3261 1413 3263 1477 3264 1412 3261 1477 3264 1476 3262 1413 3263 1414 3265 1478 3266 1413 3263 1478 3266 1477 3264 1414 3265 1415 3267 1479 3268 1414 3265 1479 3268 1478 3266 1415 3267 1416 3269 1480 3270 1415 3267 1480 3270 1479 3268 1416 3269 1417 3271 1481 3272 1416 3269 1481 3272 1480 3270 1417 3271 1355 25 1419 3149 1417 3271 1419 3149 1481 3272 1419 3149 1418 3148 1482 3273 1419 3149 1482 3273 1483 3274 1418 3148 1420 3151 1484 3275 1418 3148 1484 3275 1482 3273 1420 3151 1421 3153 1485 3276 1420 3151 1485 3276 1484 3275 1421 3153 1422 3155 1486 3277 1421 3153 1486 3277 1485 3276 1422 3155 1423 3157 1487 3278 1422 3155 1487 3278 1486 3277 1423 3157 1424 3159 1488 3279 1423 3157 1488 3279 1487 3278 1424 3159 1425 3161 1489 3280 1424 3159 1489 3280 1488 3279 1425 3161 1426 3163 1490 3281 1425 3161 1490 3281 1489 3280 1426 3163 1427 3165 1491 3282 1426 3163 1491 3282 1490 3281 1427 3165 1428 3167 1492 3283 1427 3165 1492 3283 1491 3282 1428 3167 1429 3169 1493 3284 1428 3167 1493 3284 1492 3283 1429 3169 1430 3171 1494 3285 1429 3169 1494 3285 1493 3284 1430 3171 1431 3173 1495 3286 1430 3171 1495 3286 1494 3285 1431 3173 1432 3175 1496 3287 1431 3173 1496 3287 1495 3286 1432 3175 1433 3177 1497 3288 1432 3175 1497 3288 1496 3287 1433 3177 1434 3179 1498 3289 1433 3177 1498 3289 1497 3288 1434 3179 1435 3181 1499 3290 1434 3179 1499 3290 1498 3289 1435 3181 1436 3183 1500 3291 1435 3181 1500 3291 1499 3290 1436 3183 1437 3185 1501 3292 1436 3183 1501 3292 1500 3291 1437 3185 1438 3187 1502 3293 1437 3185 1502 3293 1501 3292 1438 3187 1439 3189 1503 3294 1438 3187 1503 3294 1502 3293 1439 3189 1440 3191 1504 3295 1439 3189 1504 3295 1503 3294 1440 3191 1441 3193 1505 3296 1440 3191 1505 3296 1504 3295 1441 3193 1442 3195 1506 3297 1441 3193 1506 3297 1505 3296 1442 3195 1443 3197 1507 3298 1442 3195 1507 3298 1506 3297 1443 3197 1444 3199 1508 3299 1443 3197 1508 3299 1507 3298 1444 3199 1445 3201 1509 3300 1444 3199 1509 3300 1508 3299 1445 3201 1446 3203 1510 3301 1445 3201 1510 3301 1509 3300 1446 3203 1447 3205 1511 3302 1446 3203 1511 3302 1510 3301 1447 3205 1448 3207 1512 3303 1447 3205 1512 3303 1511 3302 1448 3207 1449 3209 1513 3304 1448 3207 1513 3304 1512 3303 1449 3209 1450 3210 1514 3305 1449 3209 1514 3305 1513 3304 1450 3210 1451 3212 1515 3306 1450 3210 1515 3306 1514 3305 1451 3212 1452 3214 1516 3307 1451 3212 1516 3307 1515 3306 1452 3214 1453 3216 1517 3308 1452 3214 1517 3308 1516 3307 1453 3216 1454 3218 1518 3309 1453 3216 1518 3309 1517 3308 1454 3218 1455 3220 1519 3310 1454 3218 1519 3310 1518 3309 1455 3220 1456 3222 1520 3311 1455 3220 1520 3311 1519 3310 1456 3222 1457 3224 1521 3312 1456 3222 1521 3312 1520 3311 1457 3224 1458 3226 1522 3313 1457 3224 1522 3313 1521 3312 1458 3226 1459 3228 1523 3314 1458 3226 1523 3314 1522 3313 1459 3228 1460 3230 1524 3315 1459 3228 1524 3315 1523 3314 1460 3230 1461 3232 1525 3316 1460 3230 1525 3316 1524 3315 1461 3232 1462 3234 1526 3317 1461 3232 1526 3317 1525 3316 1462 3234 1463 3236 1527 3318 1462 3234 1527 3318 1526 3317 1463 3236 1464 3238 1528 3319 1463 3236 1528 3319 1527 3318 1464 3238 1465 3240 1529 3320 1464 3238 1529 3320 1528 3319 1465 3240 1466 3242 1530 3321 1465 3240 1530 3321 1529 3320 1466 3242 1467 3244 1531 3322 1466 3242 1531 3322 1530 3321 1467 3244 1468 3246 1532 3323 1467 3244 1532 3323 1531 3322 1468 3246 1469 3248 1533 3324 1468 3246 1533 3324 1532 3323 1469 3248 1470 3250 1534 3325 1469 3248 1534 3325 1533 3324 1470 3250 1471 3252 1535 3326 1470 3250 1535 3326 1534 3325 1471 3252 1472 3254 1536 3327 1471 3252 1536 3327 1535 3326 1472 3254 1473 3256 1537 3328 1472 3254 1537 3328 1536 3327 1473 3256 1474 3258 1538 3329 1473 3256 1538 3329 1537 3328 1474 3258 1475 3260 1539 3330 1474 3258 1539 3330 1538 3329 1475 3260 1476 3262 1540 3331 1475 3260 1540 3331 1539 3330 1476 3262 1477 3264 1541 3332 1476 3262 1541 3332 1540 3331 1477 3264 1478 3266 1542 3333 1477 3264 1542 3333 1541 3332 1478 3266 1479 3268 1543 3334 1478 3266 1543 3334 1542 3333 1479 3268 1480 3270 1544 3335 1479 3268 1544 3335 1543 3334 1480 3270 1481 3272 1545 3336 1480 3270 1545 3336 1544 3335 1481 3272 1419 3149 1483 3274 1481 3272 1483 3274 1545 3336 1611 3402 1610 3401 1674 3462 1611 3402 1674 3462 1675 25 1610 3401 1612 3403 1676 3463 1610 3401 1676 3463 1674 3462 1612 3403 1613 3404 1677 3464 1612 3403 1677 3464 1676 3463 1613 3404 1614 3405 1678 3465 1613 3404 1678 3465 1677 3464 1614 3405 1615 3406 1679 3466 1614 3405 1679 3466 1678 3465 1615 3406 1616 3407 1680 3467 1615 3406 1680 3467 1679 3466 1616 3407 1617 3408 1681 3468 1616 3407 1681 3468 1680 3467 1617 3408 1618 3345 1682 3162 1617 3408 1682 3162 1681 3468 1618 3345 1619 3409 1683 3469 1618 3345 1683 3469 1682 3162 1619 3409 1620 3410 1684 3470 1619 3409 1684 3470 1683 3469 1620 3410 1621 3411 1685 3471 1620 3410 1685 3471 1684 3470 1621 3411 1622 3412 1686 3472 1621 3411 1686 3472 1685 3471 1622 3412 1623 3413 1687 3473 1622 3412 1687 3473 1686 3472 1623 3413 1624 3414 1688 3474 1623 3413 1688 3474 1687 3473 1624 3414 1625 3415 1689 3475 1624 3414 1689 3475 1688 3474 1625 3415 1626 3416 1690 488 1625 3415 1690 488 1689 3475 1626 3416 1627 3417 1691 3476 1626 3416 1691 3476 1690 488 1627 3417 1628 3418 1692 3477 1627 3417 1692 3477 1691 3476 1628 3418 1629 3419 1693 3478 1628 3418 1693 3478 1692 3477 1629 3419 1630 3420 1694 3479 1629 3419 1694 3479 1693 3478 1630 3420 1631 3421 1695 3480 1630 3420 1695 3480 1694 3479 1631 3421 1632 3422 1696 3481 1631 3421 1696 3481 1695 3480 1632 3422 1633 3423 1697 3482 1632 3422 1697 3482 1696 3481 1633 3423 1634 3424 1698 3483 1633 3423 1698 3483 1697 3482 1634 3424 1635 3425 1699 3484 1634 3424 1699 3484 1698 3483 1635 3425 1636 3426 1700 3485 1635 3425 1700 3485 1699 3484 1636 3426 1637 3427 1701 3486 1636 3426 1701 3486 1700 3485 1637 3427 1638 3428 1702 3487 1637 3427 1702 3487 1701 3486 1638 3428 1639 3429 1703 3488 1638 3428 1703 3488 1702 3487 1639 3429 1640 3430 1704 3489 1639 3429 1704 3489 1703 3488 1640 3430 1641 3431 1705 3490 1640 3430 1705 3490 1704 3489 1641 3431 1642 3432 1706 21 1641 3431 1706 21 1705 3490 1642 3432 1643 3433 1707 3491 1642 3432 1707 3491 1706 21 1643 3433 1644 3434 1708 3492 1643 3433 1708 3492 1707 3491 1644 3434 1645 3435 1709 3493 1644 3434 1709 3493 1708 3492 1645 3435 1646 3436 1710 3494 1645 3435 1710 3494 1709 3493 1646 3436 1647 3437 1711 3495 1646 3436 1711 3495 1710 3494 1647 3437 1648 3438 1712 3496 1647 3437 1712 3496 1711 3495 1648 3438 1649 3439 1713 3497 1648 3438 1713 3497 1712 3496 1649 3439 1650 3377 1714 3498 1649 3439 1714 3498 1713 3497 1650 3377 1651 3440 1715 3499 1650 3377 1715 3499 1714 3498 1651 3440 1652 3441 1716 3500 1651 3440 1716 3500 1715 3499 1652 3441 1653 3442 1717 3501 1652 3441 1717 3501 1716 3500 1653 3442 1654 3443 1718 3502 1653 3442 1718 3502 1717 3501 1654 3443 1655 3444 1719 3503 1654 3443 1719 3503 1718 3502 1655 3444 1656 3445 1720 3504 1655 3444 1720 3504 1719 3503 1656 3445 1657 3446 1721 3505 1656 3445 1721 3505 1720 3504 1657 3446 1658 3447 1722 2886 1657 3446 1722 2886 1721 3505 1658 3447 1659 3448 1723 3506 1658 3447 1723 3506 1722 2886 1659 3448 1660 3449 1724 3507 1659 3448 1724 3507 1723 3506 1660 3449 1661 3450 1725 3508 1660 3449 1725 3508 1724 3507 1661 3450 1662 3451 1726 3509 1661 3450 1726 3509 1725 3508 1662 3451 1663 3452 1727 3510 1662 3451 1727 3510 1726 3509 1663 3452 1664 3453 1728 3453 1663 3452 1728 3453 1727 3510 1664 3453 1665 3454 1729 3511 1664 3453 1729 3511 1728 3453 1665 3454 1666 3393 1730 3512 1665 3454 1730 3512 1729 3511 1666 3393 1667 3455 1731 3513 1666 3393 1731 3513 1730 3512 1667 3455 1668 3456 1732 3514 1667 3455 1732 3514 1731 3513 1668 3456 1669 3457 1733 3515 1668 3456 1733 3515 1732 3514 1669 3457 1670 3458 1734 3516 1669 3457 1734 3516 1733 3515 1670 3458 1671 3459 1735 3517 1670 3458 1735 3517 1734 3516 1671 3459 1672 3460 1736 3518 1671 3459 1736 3518 1735 3517 1672 3460 1673 3461 1737 3519 1672 3460 1737 3519 1736 3518 1673 3461 1611 3402 1675 25 1673 3461 1675 25 1737 3519 1675 3520 1674 3521 1738 3522 1675 3520 1738 3522 1739 3520 1674 3521 1676 3523 1740 3524 1674 3521 1740 3524 1738 3522 1676 3523 1677 3525 1741 3526 1676 3523 1741 3526 1740 3524 1677 3525 1678 3527 1742 3528 1677 3525 1742 3528 1741 3526 1678 3527 1679 3529 1743 3530 1678 3527 1743 3530 1742 3528 1679 3529 1680 3531 1744 3532 1679 3529 1744 3532 1743 3530 1680 3531 1681 3533 1745 3534 1680 3531 1745 3534 1744 3532 1681 3533 1682 3535 1746 3536 1681 3533 1746 3536 1745 3534 1682 3535 1683 3537 1747 3537 1682 3535 1747 3537 1746 3536 1683 3537 1684 3538 1748 3539 1683 3537 1748 3539 1747 3537 1684 3538 1685 3540 1749 3540 1684 3538 1749 3540 1748 3539 1685 3540 1686 3541 1750 3542 1685 3540 1750 3542 1749 3540 1686 3541 1687 3543 1751 3544 1686 3541 1751 3544 1750 3542 1687 3543 1688 3545 1752 3545 1687 3543 1752 3545 1751 3544 1688 3545 1689 3546 1753 3547 1688 3545 1753 3547 1752 3545 1689 3546 1690 3548 1754 3549 1689 3546 1754 3549 1753 3547 1690 3548 1691 3550 1755 3551 1690 3548 1755 3551 1754 3549 1691 3550 1692 3552 1756 3553 1691 3550 1756 3553 1755 3551 1692 3552 1693 3554 1757 3555 1692 3552 1757 3555 1756 3553 1693 3554 1694 3556 1758 3557 1693 3554 1758 3557 1757 3555 1694 3556 1695 3558 1759 3559 1694 3556 1759 3559 1758 3557 1695 3558 1696 3560 1760 3561 1695 3558 1760 3561 1759 3559 1696 3560 1697 3562 1761 3563 1696 3560 1761 3563 1760 3561 1697 3562 1698 3564 1762 3565 1697 3562 1762 3565 1761 3563 1698 3564 1699 3566 1763 3567 1698 3564 1763 3567 1762 3565 1699 3566 1700 3568 1764 3568 1699 3566 1764 3568 1763 3567 1700 3568 1701 3569 1765 3570 1700 3568 1765 3570 1764 3568 1701 3569 1702 3571 1766 3572 1701 3569 1766 3572 1765 3570 1702 3571 1703 3573 1767 3574 1702 3571 1767 3574 1766 3572 1703 3573 1704 3575 1768 3576 1703 3573 1768 3576 1767 3574 1704 3575 1705 3577 1769 3578 1704 3575 1769 3578 1768 3576 1705 3577 1706 3579 1770 3580 1705 3577 1770 3580 1769 3578 1706 3579 1707 3581 1771 3582 1706 3579 1771 3582 1770 3580 1707 3581 1708 3583 1772 3584 1707 3581 1772 3584 1771 3582 1708 3583 1709 3585 1773 3586 1708 3583 1773 3586 1772 3584 1709 3585 1710 3587 1774 3588 1709 3585 1774 3588 1773 3586 1710 3587 1711 3589 1775 3590 1710 3587 1775 3590 1774 3588 1711 3589 1712 3591 1776 3592 1711 3589 1776 3592 1775 3590 1712 3591 1713 3593 1777 3594 1712 3591 1777 3594 1776 3592 1713 3593 1714 3595 1778 3595 1713 3593 1778 3595 1777 3594 1714 3595 1715 3596 1779 3597 1714 3595 1779 3597 1778 3595 1715 3596 1716 3598 1780 3599 1715 3596 1780 3599 1779 3597 1716 3598 1717 3600 1781 3601 1716 3598 1781 3601 1780 3599 1717 3600 1718 3602 1782 3603 1717 3600 1782 3603 1781 3601 1718 3602 1719 3604 1783 3605 1718 3602 1783 3605 1782 3603 1719 3604 1720 3606 1784 3606 1719 3604 1784 3606 1783 3605 1720 3606 1721 3607 1785 3608 1720 3606 1785 3608 1784 3606 1721 3607 1722 3609 1786 3610 1721 3607 1786 3610 1785 3608 1722 3609 1723 3611 1787 3612 1722 3609 1787 3612 1786 3610 1723 3611 1724 3613 1788 3614 1723 3611 1788 3614 1787 3612 1724 3613 1725 3615 1789 3616 1724 3613 1789 3616 1788 3614 1725 3615 1726 3617 1790 3618 1725 3615 1790 3618 1789 3616 1726 3617 1727 3619 1791 3620 1726 3617 1791 3620 1790 3618 1727 3619 1728 3621 1792 3622 1727 3619 1792 3622 1791 3620 1728 3621 1729 3623 1793 3624 1728 3621 1793 3624 1792 3622 1729 3623 1730 3625 1794 3626 1729 3623 1794 3626 1793 3624 1730 3625 1731 3627 1795 3628 1730 3625 1795 3628 1794 3626 1731 3627 1732 3629 1796 3630 1731 3627 1796 3630 1795 3628 1732 3629 1733 3631 1797 3632 1732 3629 1797 3632 1796 3630 1733 3631 1734 3633 1798 3634 1733 3631 1798 3634 1797 3632 1734 3633 1735 3635 1799 3636 1734 3633 1799 3636 1798 3634 1735 3635 1736 3637 1800 3638 1735 3635 1800 3638 1799 3636 1736 3637 1737 3639 1801 3640 1736 3637 1801 3640 1800 3638 1737 3639 1675 3520 1739 3520 1737 3639 1739 3520 1801 3640 1801 3641 1739 3641 1738 3641 1738 3641 1740 3641 1741 3641 1741 3641 1742 3641 1743 3641 1743 3641 1744 3641 1745 3641 1745 3641 1746 3641 1747 3641 1747 3641 1748 3641 1749 3641 1749 3641 1750 3641 1751 3641 1751 3641 1752 3641 1753 3641 1753 3641 1754 3641 1755 3641 1755 3641 1756 3641 1757 3641 1757 3641 1758 3641 1759 3641 1759 3641 1760 3641 1761 3641 1761 3641 1762 3641 1763 3641 1763 3641 1764 3641 1765 3641 1765 3641 1766 3641 1767 3641 1767 3641 1768 3641 1769 3641 1769 3641 1770 3641 1771 3641 1771 3641 1772 3641 1773 3641 1773 3641 1774 3641 1775 3641 1775 3641 1776 3641 1777 3641 1777 3641 1778 3641 1779 3641 1779 3641 1780 3641 1781 3641 1781 3641 1782 3641 1783 3641 1783 3641 1784 3641 1785 3641 1785 3641 1786 3641 1787 3641 1787 3641 1788 3641 1789 3641 1789 3641 1790 3641 1791 3641 1791 3641 1792 3641 1793 3641 1793 3641 1794 3641 1795 3641 1795 3641 1796 3641 1797 3641 1797 3641 1798 3641 1799 3641 1799 3641 1800 3641 1801 3641 1801 3641 1738 3641 1741 3641 1741 3641 1743 3641 1745 3641 1745 3641 1747 3641 1749 3641 1749 3641 1751 3641 1753 3641 1753 3641 1755 3641 1757 3641 1757 3641 1759 3641 1761 3641 1761 3641 1763 3641 1765 3641 1765 3641 1767 3641 1769 3641 1769 3641 1771 3641 1773 3641 1773 3641 1775 3641 1777 3641 1777 3641 1779 3641 1781 3641 1781 3641 1783 3641 1785 3641 1785 3641 1787 3641 1789 3641 1789 3641 1791 3641 1793 3641 1793 3641 1795 3641 1797 3641 1797 3641 1799 3641 1801 3641 1801 3641 1741 3641 1745 3641 1745 3641 1749 3641 1753 3641 1753 3641 1757 3641 1761 3641 1761 3641 1765 3641 1769 3641 1769 3641 1773 3641 1777 3641 1777 3641 1781 3641 1785 3641 1785 3641 1789 3641 1793 3641 1793 3641 1797 3641 1801 3641 1801 3641 1745 3641 1753 3641 1753 3641 1761 3641 1769 3641 1769 3641 1777 3641 1785 3641 1785 3641 1793 3641 1801 3641 1801 3641 1753 3641 1769 3641 1769 3641 1785 3641 1801 3641 1802 3642 1803 3643 1804 3644 1805 3645 1806 3646 1807 3647 1808 3648 1807 3649 1803 3650 1802 3651 1804 3652 1809 3653 1810 3654 1803 3655 1807 3656 1811 3657 1805 3658 1812 3659 1813 3660 1810 3661 1814 3662 1805 3663 1814 3662 1806 3664 1802 3642 1812 3665 1803 3643 1811 3666 1802 3651 1809 3653 1805 3663 1813 3660 1814 3662 1809 3667 1810 3668 1811 3669 1808 3670 1805 3645 1807 3647 1814 3671 1810 3654 1806 3672 1804 20 1803 3655 1809 3673 1807 3656 1806 3672 1810 3654 1810 3654 1809 3673 1803 3655 1813 3674 1811 3669 1810 3668 1805 3658 1808 2907 1812 3659 1812 3659 1802 3675 1811 3657 1811 3657 1813 3676 1805 3658 1812 3677 1808 3648 1803 3650 1863 3718 1864 3719 1865 3720 1864 3721 1866 3721 1867 3721 1865 3722 1868 3723 1869 3724 1868 3725 1870 3725 1871 3725 1867 3726 1870 3727 1868 3728 1869 3729 1871 3730 1863 3731 1872 3732 1865 3722 1869 3724 1871 3733 1866 3734 1864 3735 1873 3736 1869 3729 1863 3731 1874 3737 1863 3718 1865 3720 1863 3738 1871 3738 1864 3738 1865 3722 1867 3739 1868 3723 1872 3740 1874 3740 1865 3740 1867 3726 1866 3741 1870 3727 1865 3742 1864 3742 1867 3742 1869 3729 1868 3743 1871 3730 1873 3744 1872 3744 1869 3744 1871 3733 1870 3745 1866 3734 1873 3746 1874 3746 1872 3746 1874 3747 1873 3747 1863 3747 1875 3748 1876 3748 1877 3748 1878 3749 1879 3750 1880 3751 1881 3752 1882 20 1883 3753 1884 3754 1885 3755 1886 3756 1887 3757 1885 3757 1884 3757 1888 3758 1881 3759 1887 3760 1886 3761 1882 3762 1888 3763 1877 3764 1886 3765 1889 3766 1890 3767 1884 3768 1875 3769 1880 3770 1887 3771 1890 3772 1891 3773 1878 3749 1880 3751 1889 3774 1879 3775 1878 3776 1892 3777 1893 3778 1891 3779 1894 3780 1880 3781 1895 3782 1893 3783 1877 3784 1878 3785 1892 3786 1895 3787 1877 3788 1875 3789 1884 3789 1876 3789 1892 3786 1896 3790 1895 3787 1891 3791 1893 3791 1878 3791 1886 3756 1885 3755 1883 3792 1895 3793 1890 3794 1875 3795 1889 3796 1878 3796 1877 3796 1895 3793 1875 3795 1877 3797 1883 3753 1885 3798 1881 3752 1888 20 1887 553 1879 20 1879 20 1886 20 1888 20 1887 3799 1881 3799 1885 3799 1888 3758 1882 3800 1881 3759 1886 3761 1883 3801 1882 3762 1890 3794 1895 3793 1880 3802 1877 3764 1876 3803 1886 3765 1890 3767 1887 3804 1884 3768 1880 3770 1879 3805 1887 3771 1884 3806 1886 3806 1876 3806 1894 3807 1891 3773 1880 3751 1889 3774 1886 3808 1879 3775 1894 3809 1896 3810 1892 3777 1894 3809 1892 3777 1891 3779 1893 3783 1892 3811 1877 3784 1896 3812 1894 3780 1895 3782 1897 3813 1898 3814 1899 3815 1900 3816 1901 3817 1902 3818 1903 3819 1897 3820 1904 3821 1905 3822 1900 3823 1902 20 1906 3824 1907 3825 1900 3826 1908 3827 1904 3827 1909 3827 1910 3828 1911 3829 1906 3830 1904 3831 1902 3831 1912 3831 1899 3832 1905 3833 1904 3834 1902 3835 1901 3836 1910 3837 1913 3838 1914 3839 1897 3840 1907 3841 1911 3842 1901 3843 1912 3844 1910 3845 1915 3846 1916 3847 1913 3848 1903 3849 1916 3850 1909 3850 1914 3850 1915 3851 1906 3852 1897 3853 1913 3838 1916 3854 1914 3839 1897 3813 1906 3855 1898 3814 1910 3837 1901 3836 1911 3856 1903 3819 1913 3857 1897 3820 1904 3858 1897 3858 1899 3858 1900 3826 1907 3825 1917 3859 1910 3860 1906 3860 1918 3860 1898 3861 1906 3862 1900 3823 1905 3822 1898 3861 1900 3823 1900 3816 1917 3863 1901 3817 1909 3864 1904 3865 1912 3866 1912 3866 1915 3867 1909 3864 1915 3867 1897 3868 1914 3869 1915 3867 1914 3869 1909 3864 1904 3870 1905 3870 1902 3870 1899 3832 1898 3871 1905 3833 1915 3846 1910 3845 1918 3872 1908 3873 1903 3873 1904 3873 1901 3843 1917 3874 1907 3841 1912 3844 1902 3875 1910 3845 1908 3876 1916 3847 1903 3849 1906 3830 1911 3829 1907 3877 1915 3851 1918 3878 1906 3852 1916 3879 1908 3879 1909 3879 1919 3880 1920 3880 1921 3880 1922 3881 1923 3882 1924 3883 1925 3884 1926 3885 1922 3886 1921 3887 1927 3888 1928 3889 1929 3890 1930 3891 1931 3892 1930 3893 1924 3894 1932 3895 1932 3895 1933 3896 1934 3897 1924 3894 1919 3898 1932 3895 1929 3899 1922 3881 1924 3883 1928 3900 1935 3900 1923 3900 1923 3901 1936 3901 1919 3901 1931 3902 1932 3903 1926 3904 1934 3905 1937 3906 1938 3907 1938 3908 1939 3909 1922 3910 1922 3881 1939 3911 1923 3882 1923 3912 1935 3912 1936 3912 1921 3913 1937 3914 1933 3915 1939 20 1928 20 1923 20 1933 3915 1919 3916 1921 3913 1919 3917 1936 3917 1920 3917 1921 3887 1920 3918 1927 3888 1940 3919 1925 3920 1931 3892 1925 3920 1929 3890 1931 3892 1926 3921 1932 3922 1934 3923 1934 3923 1938 3924 1926 3921 1938 3924 1922 3925 1926 3921 1932 3895 1919 3898 1933 3896 1924 3894 1923 3926 1919 3898 1937 3914 1921 3913 1928 3927 1930 3893 1929 3928 1924 3894 1938 3908 1937 3929 1928 3930 1936 20 1935 20 1920 20 1935 20 1927 20 1920 20 1934 3905 1933 488 1937 3906 1928 3931 1927 3931 1935 3931 1925 3884 1940 3932 1926 3885 1938 3908 1928 3930 1939 3909 1931 3902 1930 3933 1932 3903 1929 3934 1925 3934 1922 3934 1940 3935 1931 3935 1926 3935 1941 20 1942 20 1943 20 1944 3936 1942 3937 1945 3938 1946 3939 1947 3939 1948 3939 1949 3940 1950 3941 1951 3942 1952 3943 1953 3944 1954 3945 1955 3946 1956 3947 1957 3948 1958 3949 1959 3950 1960 3951 1961 3952 1962 3953 1963 3954 1964 3955 1965 3956 1961 3952 1966 3957 1967 3958 1968 3959 1969 20 1970 20 1971 20 1972 2886 1973 2886 1974 2886 1975 3960 1976 3960 1977 3960 1978 3961 1979 3962 1980 3963 1981 3964 1982 3965 1983 3966 1984 3967 1985 3967 1986 3967 1987 3968 1988 3969 1950 3970 1989 3971 1990 3972 1991 3973 1992 3974 1993 3975 1994 3976 1995 3977 1988 3978 1987 3979 1996 488 1980 488 1955 488 1942 3980 1997 3980 1943 3980 1998 3981 1999 3982 1986 3983 1992 3984 2000 3984 2001 3984 2002 3985 2003 3986 2004 3987 2005 3988 2006 3989 2007 3990 2008 3991 2009 3992 1945 3993 1949 3940 1951 3942 2010 3994 2010 3995 1951 3996 1995 3997 2011 3998 2012 3999 2013 4000 2014 488 2015 488 2016 488 2017 4001 2018 4002 2019 4003 2020 4004 1968 4005 2021 4006 1941 4007 1943 4008 2022 4009 2023 4010 1954 4011 1999 4012 1947 4013 2022 4014 2008 4015 1994 4016 1993 4016 2024 4016 2025 4017 2026 4018 1989 4019 2013 4020 2012 4020 2027 4020 2028 4021 2029 4022 2030 4023 2031 2886 2032 2886 2033 2886 2034 4024 2035 4025 2036 4026 2007 4027 2006 4028 2037 4029 2005 3988 2018 4030 2006 3989 1944 4031 2038 4032 2039 4033 1990 4034 2040 4034 2041 4034 2042 4035 2043 4036 2044 4037 2024 4038 2045 4038 2046 4038 2024 4039 2046 4039 1994 4039 2047 4040 1992 4040 2001 4040 2014 4041 2048 4042 2049 2877 2050 4043 2051 4043 1981 4043 2050 4044 1981 4044 2052 4044 2052 4045 2053 4046 2054 4047 2055 4048 2054 4048 2056 4048 1983 4049 2057 4050 2058 4051 1994 4052 2000 4053 1992 4054 2059 4055 2002 4056 1971 4057 2060 4058 1944 4031 2039 4033 2027 4059 2061 4059 2062 4059 2027 4060 2062 4060 2013 4060 2063 4061 2011 4061 2064 4061 2065 4062 2011 4062 2063 4062 2041 4063 2066 4064 2025 4065 1975 4066 1985 4067 1984 4068 2067 4069 2068 4070 2069 4071 2069 4072 2068 4073 2070 4074 2071 4075 2038 4032 2072 4076 2073 4077 2074 4077 2068 4077 2073 4078 2068 4070 2067 4069 2013 4079 2064 4080 2011 4081 2074 4082 2075 4082 2076 4082 2077 4083 2078 4084 2075 4085 2079 4086 2075 4087 2078 4088 1977 4089 1959 4089 1958 4089 1977 4090 1958 4090 1975 4090 2077 4091 2073 4092 2067 4093 2080 4094 1984 4094 1986 4094 2081 4095 2082 4096 2083 4097 2084 4098 2051 4099 2085 4100 1984 4101 1976 4102 1975 4103 2056 4104 2054 4104 2053 4104 2054 3998 2083 3999 2052 4105 1941 20 2086 20 1942 20 2087 4106 2088 4107 2086 4108 2088 4107 1948 4109 2086 4108 2060 4110 1997 4111 1944 3936 1997 4111 1942 3937 1944 3936 1942 3937 2086 4108 2008 4112 2086 4108 1948 4109 2008 4112 1942 3937 2008 4112 1945 3938 1945 3938 2071 4113 2072 4114 2072 4114 1944 3936 1945 3938 2089 4115 2070 4115 2068 4115 2090 4116 2026 4117 2066 4118 2066 4118 1988 4119 2090 4116 1945 4120 2091 4120 2071 4120 1974 4121 1973 4122 1951 4123 2092 4124 2052 4124 1981 4124 2093 4125 1954 4011 2079 4126 1976 4127 2093 4125 2079 4126 1976 4127 2079 4126 2078 4128 1977 4129 1976 4127 2082 4096 1976 4127 2078 4128 2082 4096 2077 4091 2094 4130 1954 4011 1998 4131 1977 4129 2082 4096 2077 4091 1954 4011 2082 4096 2078 4128 2077 4091 2082 4096 1952 3943 2095 4132 1953 3944 2096 4133 1953 4133 1957 4133 1953 4134 2095 4135 1955 3946 1957 3948 1953 4134 1955 3946 2095 4136 1946 4136 1948 4136 1948 4137 2088 4138 1955 3946 2088 4138 1996 4139 1955 3946 2097 4140 1964 4141 1956 3947 1964 4141 1957 3948 1956 3947 2095 4135 1948 4137 1955 3946 2098 4142 2000 4053 2056 4143 1959 3950 1986 4144 2064 4080 1986 4144 2098 4142 2064 4080 2098 4142 2056 4143 2053 4046 2098 4142 2053 4046 2063 4145 2064 4080 1960 3951 1959 3950 2098 4142 2063 4145 2064 4080 2099 4146 2089 4147 2076 4148 2099 4146 2076 4148 1960 3951 2076 4148 2075 4149 1960 3951 2075 4149 2100 4150 1960 3951 2100 4150 1958 3949 1960 3951 1953 4151 2096 4152 1978 4153 1954 4154 1953 4151 1978 4153 2082 4155 1954 4154 2099 4156 2059 4157 2082 4155 2099 4156 2099 4156 2101 488 2059 4157 2099 4156 1954 4154 1978 4153 1957 4158 1961 4159 1979 4160 1961 4159 2102 4161 1979 4160 2103 4162 2021 4163 1962 3953 2021 4163 1967 4164 1962 3953 2104 4165 2103 4162 1962 3953 1967 4164 2105 4166 1962 3953 1964 3955 2106 4167 1965 3956 1965 3956 2104 4165 1961 3952 1961 3952 2104 4165 1962 3953 2105 4166 2107 4168 1962 3953 1961 3952 1957 4169 1964 3955 1978 4170 2108 4171 2098 4142 1966 3957 2105 4172 1967 3958 1961 25 2109 25 2102 25 2109 25 2110 25 2102 25 2021 4173 1968 3959 1967 3958 1957 4174 1979 4174 2096 4174 1988 4119 2066 4118 2040 4175 1988 4119 2040 4175 2109 4176 1963 4177 2111 4178 1950 4179 2111 4178 1974 4121 1950 4179 1973 4122 2110 4180 2040 4175 2110 4180 2109 4176 2040 4175 2090 4116 1951 4123 2026 4117 1951 4123 1973 4122 2026 4117 1974 4121 1951 4123 1950 4179 2026 4117 1973 4122 2040 4175 1963 4177 1950 4179 1988 4119 2109 4176 1963 4177 1988 4119 1993 4181 2084 4182 2085 4183 1952 4184 2112 4185 2047 4186 1952 4184 2047 4186 2113 4187 1993 4181 2085 4183 2114 4188 2024 4189 1993 4181 2114 4188 1952 4184 2113 4187 2115 4190 2115 4190 2024 4189 2114 4188 2114 4188 1952 4184 2115 4190 1949 4191 1987 3968 1950 3970 1987 4192 2102 4193 2041 4194 1995 4195 1987 4192 2025 4196 1987 4192 2041 4194 2025 4196 1972 2886 1991 2886 1973 2886 1946 4197 2108 4198 1947 4199 2108 4198 1978 3961 1980 3963 1978 3961 2096 4200 1979 3962 1979 3962 2116 4201 1956 4202 2116 4201 2097 4203 1956 4202 1947 4199 2108 4198 1980 3963 1996 4204 2117 4205 1980 3963 2117 4205 1947 4199 1980 3963 1979 3962 1956 4202 1980 3963 2118 4206 2028 4206 2030 4206 2044 4037 2043 4036 2029 4207 2001 4208 2000 4053 2108 4171 2000 4053 2098 4142 2108 4171 1960 3951 2064 4080 2119 4209 1960 3951 2119 4209 2062 4210 1983 3966 1960 3951 1981 3964 1960 3951 2062 4210 2092 4211 1960 3951 2092 4211 1981 3964 2062 4210 2061 4212 2092 4211 2001 4208 2108 4171 2045 4213 2108 4171 1983 3966 2045 4213 2051 4214 2056 4143 2000 4053 2051 4214 2000 4053 1982 3965 1981 3964 2051 4214 1982 3965 2046 4215 2045 4213 1983 3966 1982 3965 2046 4215 1983 3966 2063 4145 2053 4046 2061 4212 2053 4046 2092 4211 2061 4212 1973 4216 1991 4216 2110 4216 2020 4217 1962 4217 2107 4217 2063 4218 2061 4219 2081 4220 2120 4221 2063 4218 2081 4220 2113 4222 2001 4223 2045 4224 2113 4222 2045 4224 2115 4225 1990 3972 2041 4194 2102 4193 2102 4193 2110 4226 1990 3972 2110 4226 1991 3973 1990 3972 1991 3973 1972 4227 1989 3971 1972 4227 1995 4195 1989 3971 1995 4195 2025 4196 1989 3971 1946 4228 2095 4229 2108 4230 2095 4229 1952 4231 2108 4230 1952 4231 2114 4232 1983 4233 2108 4230 1952 4231 1983 4233 2114 4232 2121 2886 1983 4233 1955 4234 1980 4234 1956 4234 1992 3974 2112 4235 1993 3975 1995 3977 2090 4236 1988 3978 2109 4237 1961 3952 1963 3954 2015 4238 2122 4238 2123 4238 1990 4239 2026 4240 2040 4241 1986 3983 1959 4242 1998 3981 1972 4227 2111 4243 1949 4244 2111 4243 2020 4245 1949 4244 2020 4245 2102 4193 1987 4192 2010 4246 1995 4195 1972 4227 2020 4245 1987 4192 1949 4244 2010 4246 1972 4227 1949 4244 2037 4029 2006 4028 2124 4247 2017 4248 2042 4249 2044 4250 2037 4251 2017 4248 2044 4250 2016 4252 2037 4251 2028 4253 2118 4254 2048 4255 2016 4252 2028 4253 2118 4254 2016 4252 2037 4251 2044 4250 2028 4253 2118 4256 2030 4257 2043 4258 2008 3991 2125 4259 2009 3992 2089 4147 2099 4146 1978 4170 1978 4170 2098 4142 2089 4147 2098 4142 1986 4144 1985 4067 1985 4067 2100 4150 2070 4260 2100 4150 2075 4149 2070 4260 2098 4142 1985 4067 2070 4260 2070 4260 2089 4147 2098 4142 2047 4261 2001 4261 2113 4261 2011 3998 2023 4262 2012 3999 2014 488 2122 488 2015 488 1990 4239 1989 4263 2026 4240 2043 4264 2049 4265 2009 4266 2009 4266 2125 4267 2018 4268 2018 4268 2124 4269 2043 4264 2124 4269 2029 4270 2043 4264 2043 4264 2009 4266 2018 4268 2017 4001 2124 4271 2018 4002 1996 4272 2088 4273 2117 4274 2088 4273 2087 4275 2117 4274 2126 24 2058 24 2127 24 1965 4276 2106 4277 2116 4278 2116 4278 1979 4279 2102 4280 2020 4004 2107 4281 1966 4282 2116 4278 2102 4280 1965 4276 2102 4280 2020 4004 2104 4283 1965 4276 2102 4280 2104 4283 2020 4004 1966 4282 1968 4005 2021 4006 2103 4284 2020 4004 2103 4284 2104 4283 2020 4004 2038 4285 2071 4286 2091 4287 2039 4288 2038 4285 2091 4287 2022 4009 1947 4289 1941 4007 1947 4289 2117 4290 1941 4007 2039 4288 2091 4287 1943 4008 2091 4287 2022 4009 1943 4008 1997 4291 2060 4292 2039 4288 1943 4008 1997 4291 2039 4288 2117 4290 2087 4293 1941 4007 2106 4294 1964 4295 2116 4296 1964 4295 2097 4297 2116 4296 2015 4298 2123 4299 2005 4300 2123 4299 2022 4301 2005 4300 2091 4302 2048 4255 2042 4249 2037 4251 2016 4252 2015 4298 2007 4303 2037 4251 2015 4298 2048 4255 2118 4254 2042 4249 2005 4300 2007 4303 2015 4298 2042 4249 2017 4248 2019 4304 2022 4301 2091 4302 2019 4304 2019 4304 2091 4302 2042 4249 2019 4304 2005 4300 2022 4301 2080 4305 1986 4305 1999 4305 2111 4306 1963 4307 2020 4308 1963 4307 1962 4309 2020 4308 2065 4310 2120 4310 1954 4310 1954 4011 2093 4125 2080 4311 1954 4011 2080 4311 1999 4012 2023 4010 2065 4312 1954 4011 2082 4096 2012 4313 1998 4131 2012 4313 2023 4010 1999 4012 1999 4012 1998 4131 2012 4313 2008 4015 1948 4314 1947 4013 2082 4315 2059 4315 2114 4315 2128 4316 1971 4316 1970 4316 2005 4317 2019 4317 2018 4317 2025 4017 2066 4318 2026 4018 1945 4319 2009 4320 2091 4321 2009 4320 2049 4322 2091 4321 2049 4322 2048 21 2091 4321 2093 4323 1984 4323 2080 4323 2125 4324 2008 4325 2022 4326 2123 25 2125 4324 2022 4326 1969 4327 2129 4328 2130 4329 1995 3997 1951 3996 2090 4330 2028 4021 2044 4331 2029 4022 2105 4172 1966 3957 2107 4332 1982 4333 1994 4333 2046 4333 2094 4334 2067 4334 2069 4334 2086 4335 1941 4335 2087 4335 1944 4031 2072 4076 2038 4032 2068 4336 2074 4337 2076 4148 2076 4148 2089 4147 2068 4336 1983 3966 2099 4146 1960 3951 1972 4338 1974 4338 2111 4338 2112 4339 1992 4339 2047 4339 2061 4340 2027 4340 2081 4340 2014 4041 2016 4341 2048 4042 2058 4342 2126 4342 2128 4342 2036 4026 2035 4025 2057 4343 2033 20 2032 20 2034 20 2050 4344 2052 4344 2083 4344 2052 4045 2092 4211 2053 4046 2018 4268 2125 4267 2123 4345 2014 4346 2049 4265 2043 4264 2014 4346 2043 4264 2030 4347 2123 4345 2122 4348 2018 4268 2006 4349 2018 4268 2122 4348 2122 4348 2014 4346 2006 4349 2014 4346 2030 4347 2006 4349 2030 4347 2029 4270 2124 4269 2124 4269 2006 4349 2030 4347 2131 4350 2054 4350 2055 4350 2058 4051 2128 4351 1970 4352 1970 4352 1969 4353 2130 4354 2130 4329 2129 4328 2003 3986 2058 4051 1970 4352 1983 4049 1970 4352 2130 4354 2003 4355 2031 4356 2127 4357 2058 4051 2035 4358 2034 4359 2032 4360 2032 4360 2031 4356 2058 4051 1970 4352 2003 4355 2002 4361 2002 4361 2101 4362 2099 4363 1970 4352 2002 4361 2099 4363 2032 4360 2058 4051 2035 4358 1970 4352 2099 4363 1983 4049 1983 4049 2121 4364 2057 4050 2057 4050 2035 4358 2058 4051 2051 4365 2050 4365 2085 4365 1994 4052 1982 3965 2000 4053 1971 4057 2128 4366 2126 4367 2126 4367 2127 4368 2031 4369 2033 4370 2034 4371 2036 4372 2126 4367 2031 4369 2033 4370 2129 4373 1969 4374 1971 4057 1971 4057 2126 4367 2114 4375 2126 4367 2033 4370 2036 4372 2057 4376 2121 4377 2114 4375 2126 4367 2036 4372 2057 4376 2057 4376 2114 4375 2126 4367 2114 4375 2059 4055 1971 4057 2129 4373 1971 4057 2004 4378 2004 4378 1971 4057 2002 4056 2059 4055 2101 4379 2002 4056 2017 4380 2037 4380 2124 4380 2023 4381 2011 4381 2065 4381 2042 4382 2118 4256 2043 4258 2055 4383 2056 4383 2084 4383 2041 4063 2040 4384 2066 4064 1975 4066 2100 4150 1985 4067 2045 4385 2024 4385 2115 4385 2013 4079 2119 4209 2064 4080 2075 4085 2074 4386 2073 4387 2073 4387 2077 4083 2075 4085 2070 4074 2079 4388 2069 4072 2079 4086 2070 4389 2075 4087 2094 4130 2077 4091 2067 4093 2084 4182 1993 4181 2112 4185 2094 4130 2069 4390 2079 4126 2094 4130 2079 4126 1954 4011 2084 4182 2112 4185 1952 4184 2055 4391 2084 4182 1952 4184 2131 4392 2055 4391 1954 4393 2055 4391 1952 4184 1954 4393 1954 4393 2120 4394 2131 4392 2083 4097 2131 4392 2120 4394 2083 4097 2120 4394 2081 4095 2027 4395 2012 4313 2082 4096 2082 4096 2114 4188 2085 4183 2081 4095 2027 4395 2082 4096 2082 4096 2085 4183 2050 4396 2082 4096 2050 4396 2083 4097 2065 4397 2063 4397 2120 4397 2100 4398 1975 4398 1958 4398 2119 4399 2013 4399 2062 4399 2084 4098 2056 4400 2051 4099 1984 4101 2093 4401 1976 4102 2004 3987 2003 3986 2129 4328 1959 4340 1977 4340 1998 4340 2054 3998 2131 4262 2083 3999 2132 4402 2133 4403 2134 4404 2135 4405 2136 4406 2137 4407 2138 4408 2139 4408 2140 4408 2141 4409 2142 4410 2143 4411 2144 4412 2145 4413 2146 4414 2147 4415 2148 4416 2149 4417 2150 4418 2151 4419 2152 4420 2153 4421 2154 4422 2155 4423 2135 4405 2156 4424 2157 4425 2158 4426 2159 4427 2160 4428 2161 4429 2162 4430 2163 4431 2164 4432 2165 4433 2166 4434 2167 4435 2168 4436 2169 4437 2170 4438 2171 4439 2172 4440 2173 4441 2136 4442 2174 4443 2175 4444 2176 4445 2177 4446 2178 4447 2179 4448 2180 4449 2161 4450 2181 4451 2162 4452 2182 4453 2183 4454 2184 4455 2185 4456 2186 4457 2187 4458 2188 4459 2189 4460 2190 4461 2191 4462 2192 4463 2193 4464 2155 4423 2154 4422 2194 4465 2195 4466 2196 4467 2133 4468 2197 4469 2198 4470 2199 4471 2147 4415 2149 4417 2200 4472 2201 4473 2202 4474 2203 4475 2200 4476 2149 4477 2204 4478 2205 4479 2206 4479 2207 4479 2208 4480 2209 4481 2210 4482 2211 4483 2212 4484 2153 4485 2156 4424 2211 4483 2157 4425 2213 4486 2214 4487 2215 4488 2213 4489 2211 4490 2153 4491 2216 4492 2217 4492 2218 4492 2169 4493 2219 4494 2167 4495 2172 4440 2160 4428 2170 4438 2166 4496 2165 4497 2220 4498 2184 4455 2209 4481 2208 4480 2221 4499 2181 4500 2222 4501 2180 4502 2145 4503 2223 4504 2224 4505 2225 4506 2226 4507 2227 4508 2228 4509 2229 4510 2230 4511 2145 4512 2231 4513 2201 4514 2232 4515 2233 4516 2234 4517 2190 4461 2225 4506 2152 4518 2224 4505 2226 4507 2185 4456 2235 4519 2186 4457 2223 4520 2227 4521 2229 4522 2236 4523 2237 4524 2192 4525 2238 4526 2141 4409 2239 4527 2240 4528 2139 4528 2138 4528 2241 4529 2242 4530 2243 4531 2188 4532 2193 4533 2192 4534 2243 4531 2242 4530 2235 4519 2244 4535 2217 4536 2236 4537 2241 4529 2142 4538 2242 4530 2245 4539 2237 4540 2236 4541 2149 4542 2177 4543 2202 4544 2246 4545 2168 4546 2247 4547 2230 4548 2144 4549 2179 4550 2232 4551 2148 4552 2147 4553 2248 4554 2249 4555 2250 4556 2132 4557 2247 4558 2250 4559 2240 4560 2251 4561 2139 4562 2248 4563 2134 4564 2249 4565 2191 4566 2193 4567 2252 4568 2171 4569 2219 4570 2253 4571 2254 4572 2177 4573 2255 4574 2197 4575 2256 4576 2257 4577 2179 4578 2146 4579 2180 4580 2249 4555 2258 4581 2250 4556 2195 4582 2259 4583 2196 4584 2198 4470 2239 4527 2199 4471 2260 4585 2194 4465 2205 4586 2132 4402 2261 4587 2133 4403 2135 4405 2174 4588 2136 4406 2141 4409 2262 4589 2142 4410 2144 4412 2231 4590 2145 4413 2150 4418 2263 4591 2151 4419 2153 4421 2212 4592 2154 4422 2135 4405 2137 4407 2156 4424 2158 4426 2176 4445 2159 4427 2264 4593 2265 4593 2266 4593 2164 4432 2140 4594 2165 4433 2197 4595 2199 4596 2220 4597 2220 4597 2199 4596 2166 4598 2199 4596 2239 4599 2166 4598 2239 4599 2141 4600 2166 4598 2141 4600 2143 4601 2164 4602 2141 4600 2164 4602 2166 4598 2167 4435 2248 4603 2168 4436 2170 4438 2233 4604 2171 4439 2150 4418 2187 4605 2263 4591 2205 4586 2194 4465 2206 4606 2207 4607 2206 4608 2256 4576 2173 4441 2210 4482 2136 4442 2175 4444 2159 4427 2176 4445 2232 4609 2201 4609 2203 4609 2178 4447 2221 4610 2179 4448 2161 4450 2222 4611 2181 4451 2182 4453 2255 4612 2183 4454 2164 4613 2138 4613 2140 4613 2266 4614 2214 4615 2210 4616 2245 4617 2191 4566 2252 4568 2188 4459 2218 4618 2189 4460 2191 4462 2244 4619 2192 4463 2204 4478 2149 4477 2202 4620 2217 4621 2189 4621 2218 4621 2197 4469 2257 4622 2198 4470 2201 4473 2204 4623 2202 4474 2264 4624 2266 4624 2267 4624 2211 4483 2268 4625 2212 4484 2265 4626 2215 4626 2214 4626 2156 4424 2268 4625 2211 4483 2260 4585 2155 4423 2194 4465 2213 4486 2269 4627 2214 4487 2216 4628 2270 4628 2217 4628 2169 4493 2253 4629 2219 4494 2213 4630 2267 4630 2269 4630 2213 4631 2264 4631 2267 4631 2172 4440 2158 4426 2160 4428 2265 4632 2214 4632 2266 4632 2184 4455 2183 4454 2209 4481 2221 4499 2178 4633 2181 4500 2220 4498 2165 4497 2251 4634 2229 4635 2228 4636 2261 4637 2228 4636 2195 20 2261 4637 2261 4637 2132 4638 2229 4635 2132 4638 2250 4639 2180 4502 2250 4639 2258 4640 2178 4641 2181 4642 2178 4641 2258 4640 2162 20 2181 4642 2258 4640 2223 4504 2229 4635 2132 4638 2250 4639 2178 4641 2180 4502 2223 4504 2132 4638 2180 4502 2146 4643 2145 4503 2180 4502 2224 4505 2234 4517 2225 4506 2167 4644 2219 4645 2147 4646 2147 4646 2219 4645 2232 4515 2233 4516 2232 4515 2219 4645 2167 4644 2147 4646 2254 4647 2147 4646 2200 4648 2254 4647 2200 4648 2204 4649 2175 4650 2204 4649 2201 4514 2160 4651 2201 4514 2170 4652 2160 4651 2160 4651 2159 4653 2204 4649 2159 4653 2175 4650 2204 4649 2175 4650 2254 4647 2200 4648 2167 4644 2254 4647 2182 4654 2167 4644 2182 4654 2184 4655 2248 4656 2167 4644 2208 4657 2167 4644 2184 4655 2208 4657 2271 4658 2248 4656 2205 4659 2248 4656 2208 4657 2260 4660 2217 4536 2270 4661 2236 4537 2270 4661 2271 4658 2243 4662 2248 4656 2260 4660 2205 4659 2173 4663 2174 4664 2215 4665 2208 4657 2173 4663 2265 4666 2265 4666 2173 4663 2215 4665 2174 4664 2135 4667 2215 4665 2215 4665 2135 4667 2213 4489 2135 4667 2157 4668 2213 4489 2157 4668 2211 4490 2213 4489 2245 4669 2236 4537 2187 4670 2236 4537 2270 4661 2187 4670 2191 4671 2245 4669 2152 4672 2245 4669 2187 4670 2150 4673 2208 4657 2265 4666 2155 4674 2260 4660 2208 4657 2155 4674 2265 4666 2264 4675 2155 4674 2264 4675 2213 4489 2153 4491 2153 4491 2155 4674 2264 4675 2271 4658 2205 4659 2207 4676 2271 4658 2207 4676 2243 4662 2187 4670 2270 4661 2185 4677 2207 4676 2197 4595 2220 4597 2207 4676 2220 4597 2240 4678 2240 4678 2138 4679 2207 4676 2190 4680 2189 4681 2244 4535 2190 4680 2244 4535 2191 4671 2225 4682 2190 4680 2191 4671 2226 4683 2225 4682 2191 4671 2152 4672 2226 4683 2191 4671 2150 4673 2152 4672 2245 4669 2143 4601 2241 4684 2164 4602 2164 4602 2241 4684 2138 4679 2241 4684 2243 4662 2138 4679 2138 4679 2243 4662 2207 4676 2243 4662 2185 4677 2270 4661 2227 4508 2259 4685 2228 4509 2244 4686 2236 4523 2192 4525 2230 4511 2223 4633 2145 4512 2233 4516 2170 4652 2201 4514 2234 4517 2188 4459 2190 4461 2152 4518 2151 4687 2224 4505 2185 4456 2243 4531 2235 4519 2223 4520 2230 4688 2227 4521 2238 4526 2262 4589 2141 4409 2136 4689 2210 4616 2214 4615 2137 4690 2136 4689 2214 4615 2137 4690 2214 4615 2269 4691 2156 4692 2137 4690 2269 4691 2268 4693 2156 4692 2269 4691 2212 4694 2268 4693 2267 4695 2154 4696 2212 4694 2267 4695 2154 4696 2267 4695 2266 4614 2257 4697 2256 4698 2251 4699 2257 4697 2251 4699 2165 4700 2198 4614 2257 4697 2165 4700 2238 4701 2198 4614 2165 4700 2262 4702 2238 4701 2165 4700 2142 4703 2262 4702 2140 4704 2140 4704 2262 4702 2165 4700 2251 4699 2256 4698 2139 4705 2256 4698 2206 4706 2216 4707 2216 4707 2139 4705 2256 4698 2168 4546 2216 4707 2206 4706 2168 4546 2206 4706 2194 4708 2253 4709 2169 4710 2148 4711 2169 4710 2168 4546 2209 4712 2168 4546 2194 4708 2209 4712 2172 4713 2171 4714 2203 4715 2158 4716 2172 4713 2203 4715 2176 4717 2158 4716 2202 4544 2177 4543 2176 4717 2202 4544 2158 4716 2203 4715 2202 4544 2253 4709 2148 4711 2203 4715 2266 4614 2194 4708 2154 4696 2194 4708 2266 4614 2210 4616 2203 4715 2171 4714 2253 4709 2268 4693 2269 4691 2267 4695 2255 4718 2177 4543 2149 4542 2255 4718 2149 4542 2148 4711 2255 4718 2148 4711 2169 4710 2183 4719 2255 4718 2169 4710 2209 4712 2194 4708 2210 4616 2183 4719 2169 4710 2209 4712 2234 4720 2224 4721 2193 4533 2224 4721 2151 4722 2193 4533 2151 4722 2252 4723 2193 4533 2188 4532 2234 4720 2193 4533 2218 4724 2188 4532 2192 4534 2192 4534 2237 4725 2218 4724 2244 4535 2189 4681 2217 4536 2187 4605 2186 4726 2263 4591 2241 4529 2143 4727 2142 4538 2242 4728 2142 4703 2140 4704 2140 4704 2139 4705 2242 4728 2139 4705 2216 4707 2235 4729 2235 4729 2242 4728 2139 4705 2216 4707 2218 4724 2237 4725 2186 4730 2235 4729 2216 4707 2186 4730 2216 4707 2263 4731 2216 4707 2237 4725 2263 4731 2263 4731 2237 4725 2252 4723 2151 4722 2263 4731 2252 4723 2245 4539 2252 4732 2237 4540 2246 4545 2216 4707 2168 4546 2216 4733 2271 4733 2270 4733 2222 4734 2161 4735 2163 4736 2163 4736 2249 4737 2221 4738 2249 4737 2134 4739 2230 4548 2134 4739 2133 4740 2227 4741 2259 23 2227 4741 2133 4740 2134 4739 2227 4741 2230 4548 2163 4736 2221 4738 2222 4734 2196 23 2259 23 2133 4740 2179 4550 2221 4738 2249 4737 2179 4550 2249 4737 2230 4548 2231 4742 2144 4549 2230 4548 2232 4551 2203 4743 2148 4552 2173 4441 2208 4480 2210 4482 2247 4744 2168 488 2248 4554 2250 4556 2247 4744 2248 4554 2132 4557 2246 4745 2247 4558 2240 4560 2220 4746 2251 4561 2246 4747 2132 4402 2271 4748 2271 4748 2132 4402 2134 4404 2271 4748 2216 4749 2246 4747 2248 4563 2271 4750 2134 4564 2171 4569 2233 4751 2219 4570 2254 4572 2175 4752 2177 4573 2163 4431 2162 4430 2258 4753 2197 4575 2207 4607 2256 4576 2179 4578 2144 4754 2146 4579 2249 4555 2163 4755 2258 4581 2195 4582 2228 4756 2259 4583 2182 4757 2254 4572 2255 4574 2261 4758 2195 4466 2133 4468 2198 4470 2238 4526 2239 4527 2272 4759 2273 4760 2274 4761 2275 4762 2276 4763 2277 4764 2278 4765 2279 4766 2280 4767 2281 4768 2282 4769 2283 4770 2284 4771 2285 4772 2286 4773 2287 4774 2288 4775 2289 4776 2290 4777 2291 4778 2292 4779 2293 4780 2294 4781 2295 4782 2296 4783 2297 4784 2298 4785 2299 4786 2300 4787 2301 4788 2301 4789 2302 4789 2303 4789 2304 4790 2295 4791 2305 4792 2306 4793 2307 4793 2308 4793 2309 4794 2310 4794 2311 4794 2312 4795 2313 4796 2314 4797 2315 4798 2316 4799 2317 4800 2318 4801 2319 4802 2320 4803 2321 4804 2322 4805 2323 4806 2324 4807 2325 4807 2326 4807 2327 4808 2328 4809 2329 4810 2330 4811 2331 4812 2332 4813 2333 4814 2334 4815 2335 4816 2336 4817 2337 4818 2338 4819 2339 4820 2340 4821 2341 4822 2342 4823 2343 4824 2344 4825 2345 4826 2346 4827 2347 4828 2348 4829 2349 4830 2350 4831 2351 4832 2352 4833 2275 4762 2353 20 2354 20 2305 4834 2355 4835 2356 4836 2357 4837 2358 4838 2359 4839 2331 4840 2360 4841 2361 4842 2362 4843 2363 4844 2364 4845 2365 4846 2366 4847 2367 4848 2368 4849 2369 4850 2370 4851 2371 4852 2372 4853 2373 4854 2374 4855 2375 4856 2376 4857 2377 4858 2378 4859 2379 4860 2380 4861 2381 4862 2382 4863 2383 4864 2384 4865 2385 4866 2386 4867 2387 4868 2388 4869 2389 4870 2390 4871 2391 4872 2392 4873 2393 4874 2394 4875 2395 4876 2396 4877 2397 4878 2398 4879 2399 4880 2400 4881 2401 4882 2402 4883 2403 4884 2404 4885 2405 4886 2406 4887 2407 4888 2408 4889 2409 4890 2410 4891 2411 4892 2412 4893 2413 4894 2414 4895 2415 4896 2416 4897 2417 4898 2418 4899 2419 4900 2374 4901 2420 4901 2372 4901 2421 4902 2422 4903 2423 4904 2358 4905 2348 4906 2350 4907 2424 4908 2425 4909 2397 4910 2426 4911 2427 4912 2428 4913 2429 4914 2430 4915 2431 4916 2432 4917 2433 4918 2434 4919 2435 4920 2436 4921 2382 4922 2437 4923 2438 4924 2439 4925 2440 4926 2441 4927 2334 4928 2442 4929 2443 4930 2444 4931 2445 4932 2446 4933 2447 4934 2448 4935 2449 4936 2450 4937 2451 4938 2344 4825 2452 4939 2453 4940 2454 4941 2455 4942 2456 4943 2457 4944 2336 4945 2458 4946 2459 4947 2460 4948 2461 4949 2462 4950 2463 4951 2464 4952 2465 4953 2466 4954 2467 4955 2468 4956 2469 4957 2470 4958 2471 4959 2472 4960 2305 4961 2294 4962 2473 4963 2474 4964 2401 4965 2475 4966 2371 4967 2476 4968 2477 4969 2478 4970 2479 4971 2480 4972 2481 4973 2482 4974 2483 4975 2484 4976 2485 4977 2486 4978 2487 4979 2488 4980 2489 4981 2490 4982 2491 4983 2492 4984 2493 4985 2494 4986 2495 4987 2496 4988 2497 4989 2498 4990 2499 4991 2500 4992 2501 4993 2502 4994 2503 4995 2504 4996 2505 4997 2506 4997 2507 4997 2508 4998 2509 4999 2510 5000 2511 5001 2512 5002 2513 5003 2466 5004 2514 5005 2515 5006 2516 5007 2517 5008 2518 5009 2519 5010 2520 5011 2400 5012 2521 5013 2522 5014 2523 20 2524 5015 2525 5015 2526 5015 2527 5016 2528 5017 2529 5018 2530 5019 2531 5020 2532 5021 2357 4837 2533 5022 2516 5007 2534 5023 2535 5024 2536 5025 2537 5026 2538 5027 2539 5028 2540 5029 2541 5030 2542 5031 2543 5032 2544 5033 2545 5034 2546 5035 2547 5036 2548 5037 2469 4957 2549 5038 2550 5039 2551 5040 2552 5041 2553 5042 2554 5043 2472 5044 2555 5045 2556 5046 2557 5047 2558 5048 2559 5049 2560 5050 2561 5051 2562 5052 2563 5053 2564 5054 2565 5055 2566 5056 2567 5057 2568 5058 2569 5059 2570 5060 2332 5061 2331 5062 2349 5063 2571 5064 2272 5065 2566 5066 2572 5067 2573 5068 2574 5069 2575 5070 2576 5071 2546 5072 2577 5073 2578 5074 2579 5075 2580 5076 2581 5077 2582 5078 2583 5079 2584 5080 2585 5081 2586 5082 2587 5083 2530 5019 2588 5084 2589 5085 2287 5086 2590 5087 2317 5088 2433 5089 2591 5090 2592 5091 2363 5092 2448 5093 2593 5094 2594 5095 2595 5096 2596 5097 2284 4771 2597 5098 2598 5098 2599 5098 2600 5099 2601 5100 2602 5101 2603 5102 2604 5102 2605 5102 2606 5103 2607 5104 2608 5105 2609 5106 2610 5107 2494 5108 2548 5109 2611 5110 2612 5111 2613 5112 2562 5113 2614 5114 2395 5115 2615 5116 2616 5117 2605 5118 2617 5119 2618 5120 2619 5121 2620 5121 2621 5121 2622 5122 2623 5123 2296 5124 2624 5125 2625 5126 2442 5127 2626 5128 2627 5129 2628 5130 2629 5131 2630 5132 2631 5133 2632 5134 2633 5135 2387 5136 2634 5137 2635 5138 2636 5139 2637 5140 2638 5141 2639 5142 2392 5143 2640 5144 2369 5145 2349 5146 2359 5146 2408 5146 2641 5147 2642 5148 2643 5149 2644 5150 2645 5151 2646 5152 2647 5153 2648 5154 2649 5155 2650 5156 2575 5157 2651 5158 2652 5159 2653 5160 2654 5161 2655 5162 2621 5163 2656 5164 2612 5165 2657 5166 2658 5167 2659 5168 2660 5169 2661 5170 2662 5171 2663 5172 2664 5173 2665 5174 2666 5175 2667 5176 2668 5177 2669 5177 2670 5177 2602 5101 2601 5100 2671 5178 2672 5179 2673 5180 2674 5181 2675 5182 2676 5183 2677 5184 2678 5185 2679 5186 2680 5187 2681 5188 2682 5189 2683 5190 2670 5191 2684 5191 2685 5191 2579 5192 2686 5192 2687 5192 2688 5193 2689 5193 2458 5193 2690 5194 2691 5195 2692 5196 2693 5197 2694 5198 2695 5199 2459 5200 2696 5201 2460 5202 2697 5203 2698 5204 2699 5205 2700 5206 2701 5207 2702 5208 2703 5209 2704 5210 2705 5211 2696 5212 2706 5213 2707 5214 2708 5215 2709 5216 2710 5217 2711 5218 2712 5218 2713 5218 2714 5219 2715 5219 2716 5219 2717 5220 2718 5221 2719 5222 2720 5223 2721 5224 2722 5225 2512 5226 2723 5227 2724 5228 2403 5229 2725 5229 2726 5229 2727 5230 2728 5231 2700 5232 2513 5233 2647 5234 2649 5235 2648 5236 2729 5237 2730 5238 2695 5199 2731 5239 2732 5240 2709 5241 2733 5242 2496 5243 2734 5244 2735 5245 2478 5246 2736 5247 2737 5247 2597 5247 2569 5248 2738 5248 2511 5248 2739 5249 2740 5250 2741 5251 2550 5252 2549 5253 2742 5254 2743 5255 2744 5255 2745 5255 2746 5256 2743 5257 2747 5258 2748 5259 2749 5260 2705 5261 2492 5262 2750 5263 2751 5264 2752 5265 2753 5265 2747 5265 2754 5266 2755 5267 2461 5268 2756 5269 2757 5270 2758 5271 2759 20 2760 20 2589 5272 2761 5273 2762 5274 2763 5275 2750 5276 2754 5277 2751 5278 2764 5279 2765 5280 2463 5281 2766 5282 2767 5283 2768 5284 2769 5285 2763 5275 2762 5274 2730 5286 2770 5287 2771 5288 2772 5289 2416 5290 2415 5291 2773 5292 2774 5293 2775 5294 2776 5295 2777 5296 2778 5297 2779 5298 2780 5299 2781 5300 2782 5301 2783 5302 2784 5303 2785 5304 2786 5305 2787 5306 2788 5307 2789 5308 2790 5309 2495 5310 2494 5311 2791 5312 2792 5313 2793 5314 2794 5315 2795 5316 2796 5317 2797 5318 2798 5319 2799 5320 2800 5321 2801 5322 2802 5323 2803 5324 2771 5325 2402 5326 2404 5327 2804 5328 2805 5328 2752 5328 2806 5329 2807 5329 2808 5329 2334 5330 2623 5331 2809 20 2810 5332 2811 5333 2718 5334 2765 5335 2812 5335 2490 5335 2813 5336 2814 5337 2815 5338 2816 5339 2817 5340 2818 5341 2819 5342 2820 5343 2821 5344 2822 5345 2567 5346 2566 5347 2823 5348 2824 5349 2682 5350 2481 5351 2483 5352 2471 5353 2825 5354 2826 5355 2827 5356 2828 5357 2829 5357 2830 5357 2831 5358 2832 20 2833 5359 2834 5360 2835 5361 2836 5362 2837 5363 2838 5364 2839 5365 2778 5366 2335 5367 2776 5368 2840 5369 2841 5370 2842 5371 2843 5372 2844 5372 2845 5372 2846 5373 2847 5374 2848 5375 2849 5376 2612 5376 2850 5376 2851 5377 2852 5378 2853 5379 2428 5380 2854 5380 2632 5380 2855 5381 2856 5382 2321 4804 2857 5383 2858 5384 2456 5385 2439 5386 2859 5387 2360 5388 2507 5389 2860 5389 2861 5389 2862 5390 2295 5391 2304 5392 2510 5000 2576 5393 2650 5156 2863 5394 2864 5395 2865 5396 2651 5158 2866 5397 2867 5398 2868 5399 2555 5400 2869 5401 2870 5402 2871 5403 2872 5404 2795 5405 2873 5406 2874 5407 2867 5398 2875 5408 2876 5409 2877 5410 2865 5396 2864 5395 2300 5411 2878 5412 2879 5413 2880 5414 2881 5415 2882 5416 2794 5417 2883 5418 2884 5419 2885 5420 2886 5421 2887 5422 2888 5423 2889 5424 2890 5425 2891 5426 2655 5162 2892 5427 2893 5428 2894 5429 2309 5430 2775 5294 2872 5404 2773 5292 2895 5431 2896 5432 2441 5433 2823 5434 2716 5435 2824 5436 2685 5437 2897 5437 2427 5437 2421 5438 2434 5439 2422 5440 2898 5441 2804 5442 2899 5443 2900 5444 2901 5445 2902 5446 2903 5447 2719 5448 2820 5449 2904 5450 2905 5451 2906 5452 2906 5452 2905 5451 2907 5453 2906 5452 2907 5453 2766 5282 2908 5454 2904 5455 2906 5456 2908 5454 2906 5456 2909 5457 2909 5457 2906 5456 2766 5458 2909 5457 2766 5458 2790 5459 2789 5460 2907 5461 2905 5462 2789 5460 2905 5462 2910 5463 2665 5174 2667 5176 2911 5464 2665 5174 2911 5464 2912 5465 2913 5466 2914 5467 2665 5468 2913 5469 2665 5470 2912 5471 2913 5469 2912 5471 2400 4881 2520 5472 2911 5473 2915 5474 2915 5474 2911 5473 2667 5475 2870 5476 2916 5477 2871 5478 2917 5479 2918 5480 2919 5481 2680 5187 2920 5482 2921 5483 2312 5484 2922 5485 2464 5486 2923 5487 2924 5488 2925 5489 2732 5240 2926 5490 2748 5259 2927 5491 2928 5492 2929 5493 2930 5494 2931 5495 2932 5496 2538 5497 2933 5498 2891 5499 2934 5500 2935 5501 2936 5502 2937 5503 2938 5504 2813 5505 2808 5098 2939 5098 2710 5098 2940 5506 2941 5507 2928 5508 2931 5509 2942 5510 2904 5455 2943 5511 2932 5512 2931 4897 2944 5513 2945 5514 2946 5515 2947 5516 2948 5517 2949 5054 2736 5518 2286 5519 2950 5520 2905 5521 2930 5522 2932 5523 2950 5524 2951 5525 2952 5526 2953 5527 2954 5528 2955 5529 2956 5530 2957 5531 2769 5285 2958 5532 2878 5533 2941 5534 2387 5535 2389 5536 2419 5537 2277 4764 2959 5538 2960 5539 2427 5540 2961 5540 2668 5540 2962 5541 2963 5542 2964 5543 2965 5544 2966 5545 2893 5546 2967 5547 2968 5548 2969 5549 2515 5550 2970 5551 2312 5552 2564 5553 2971 5554 2972 5555 2283 5556 2973 5557 2974 5558 2975 5559 2821 5560 2811 5561 2501 5562 2578 5563 2577 5564 2399 5565 2368 5566 2976 5567 2977 5568 2978 5569 2671 5178 2671 5178 2978 5569 2979 5570 2980 5571 2977 5572 2981 5573 2981 5573 2977 5572 2671 5574 2981 5573 2671 5574 2833 5575 2982 5576 2979 5577 2978 5578 2982 5576 2978 5578 2983 5579 2984 5580 2985 5581 2986 5582 2986 5582 2985 5581 2987 5583 2986 5582 2987 5583 2988 5584 2989 5585 2990 5586 2984 5587 2989 5585 2984 5587 2986 5588 2989 5585 2986 5588 2988 5589 2989 5585 2988 5589 2991 5590 2992 5591 2987 5592 2985 5593 2992 5591 2985 5593 2677 5184 2993 5594 2994 5595 2995 5596 2791 5597 2610 5598 2996 5599 2997 5600 2998 5601 2373 5602 2995 5603 2999 5604 3000 5605 3001 5606 3002 5607 3003 5608 3004 5609 3005 5610 3006 5611 2923 5612 3007 5613 3008 5614 2274 5615 3009 5616 3010 5617 3011 5618 3012 5619 3013 5620 2980 5571 2429 5621 2431 5622 3014 5623 3015 5623 2420 5623 2417 5624 2419 5625 2316 5626 2960 5539 3016 5627 2290 4777 3017 5628 2407 5629 2376 5630 3018 5631 3019 5632 3020 5633 2713 5634 3021 5634 3022 5634 3023 5635 2377 5636 3024 5637 2465 5638 2922 5639 3024 5640 3025 5641 2542 5031 3026 5642 3027 5643 3028 5644 3029 5645 3030 5646 3031 5647 3032 5648 2882 5649 3033 5650 3034 5651 3035 5652 3036 5653 3037 5654 3038 5655 3039 5655 2862 5655 3035 5652 2786 5656 2772 5657 3034 5658 3040 5658 2603 5658 3041 5659 3042 5660 3043 5661 3044 5662 3045 5663 2467 4955 2742 5254 2549 5253 3046 5664 2303 5665 3047 5666 2299 5667 3048 5668 2383 5669 2425 5670 3049 5671 3050 5672 3051 5673 2331 5674 3052 5675 2281 5676 2645 5677 3053 5678 2646 5679 3054 5680 3055 5681 2500 5682 3056 5683 2914 5684 3057 5685 2389 5686 2427 5687 2426 5688 3058 5689 3059 5689 3060 5689 3061 5690 2672 5691 3062 5692 2458 5693 2460 5694 2547 5695 3063 5696 3064 5697 3065 5698 3031 5699 3024 5700 3066 5701 3067 5702 2350 5703 2482 5704 2881 5705 2617 5706 3065 5707 3068 5708 3069 5709 2879 5710 2966 5711 3070 20 3071 5712 3072 5713 2736 5714 3022 5715 2675 5716 3073 5716 3074 5716 2861 5717 3075 5718 2505 5719 2902 5446 3076 5720 3077 5721 2996 5722 3078 5723 2493 5724 2884 5725 2883 5726 3079 5727 3080 5728 3081 5729 2327 5730 2759 5731 2288 5731 3082 5731 2908 5732 2910 5733 2655 5734 3083 5735 3084 5736 2445 4932 2567 5737 3085 5738 2761 5739 2699 5740 3086 5741 3087 5742 3088 20 3089 20 3090 20 2479 5743 2735 5744 3091 5745 3091 5746 2398 5747 3092 5748 3093 5749 3094 5750 2782 5751 2347 5752 2346 5753 3095 5754 3096 5755 2711 5756 2599 5757 2766 5458 2827 5758 2790 5459 2921 5483 3097 5759 3098 5760 3099 5761 3087 5762 3086 5763 2858 20 3100 20 2835 5764 3101 5765 3102 5766 3083 5735 3103 5767 2353 5768 2385 5769 3104 5770 3105 5771 2629 5772 3106 5773 3107 5774 2893 5775 3108 5776 3109 5777 3110 5778 2946 5779 3111 5780 2944 5781 3112 5782 2925 5783 3113 5784 2839 5785 2829 5786 2828 5787 2444 5788 3114 5789 3115 5790 2990 5791 3116 5792 3117 5793 3118 5794 3119 5795 2595 5096 3120 5796 2592 5797 3121 5798 3122 5799 3123 5800 2916 5801 2616 5802 3124 5803 2393 5804 2541 5805 3125 5806 3027 5807 3126 5808 3127 5809 3128 5810 2486 5811 3129 5812 3062 5813 3130 5814 3131 5814 3132 5814 2631 5815 3133 5816 2324 5817 3134 5818 3089 5819 3135 5820 3012 5821 2431 5822 2430 5823 2529 5824 2528 5825 3136 5826 2621 5827 3137 5827 2934 5827 2674 5828 3138 5829 3139 5830 2447 5831 3140 5832 3141 5833 2723 5834 3142 5835 2724 5836 3143 5837 2386 5838 2319 5839 3144 5840 3104 23 2889 5841 3145 5842 2787 5843 2786 5844 3144 5845 3105 5846 3104 5847 2311 5848 3146 5849 2965 5850 2850 5851 3147 5851 2734 5851 3010 5852 3148 5853 2571 5854 2380 5855 3149 5856 3150 5857 2758 5271 3151 5858 2956 5530 3142 5859 3152 5859 3153 5859 2430 5860 3154 5861 2983 5862 2591 5863 2365 5864 3155 5865 3156 5866 2559 5049 3157 5867 3158 5868 3159 5869 2551 5870 2480 5871 2479 5872 2849 5873 2367 5874 2475 5875 2401 5876 2411 5877 3160 5878 3044 5662 2553 5879 3161 5880 3162 5881 3163 5882 3164 5883 2354 5884 3000 5885 2999 5886 3165 5887 3166 5888 3167 5889 3168 5890 3169 5891 2917 5892 3170 5893 2364 4845 3057 5894 3171 5895 3172 5896 2800 5897 2799 5898 3173 5899 2929 5900 3069 5901 2500 5902 3174 5902 2501 5902 3175 5903 2308 5904 3155 5905 3176 5906 2503 5907 2502 5908 3177 5909 2558 5048 3128 5910 3117 5911 3178 5912 3179 5913 3180 5914 3181 5914 3182 5914 3183 5915 3131 5916 3130 5917 3184 5918 3185 5918 3186 5918 3182 5919 3187 5919 3188 5919 3189 5920 3190 5921 3184 5922 3191 5923 3192 5923 3180 5923 2518 5009 3193 5924 3194 5925 2292 4779 3195 5926 3196 5927 2618 5928 2881 5929 2880 5930 2581 5931 2580 5932 3197 5933 3198 5934 3199 5935 3200 5936 3150 5937 3201 5938 3202 5939 3186 5940 3203 5941 2953 5942 2326 5943 3204 5943 3144 5943 3188 5944 3205 5944 3191 5944 3206 5945 3207 5946 3208 5947 2774 5948 3209 5949 3161 5950 3210 5951 3085 5952 2662 5171 3175 5953 3211 5953 2890 5953 3212 5954 3213 5954 2825 5954 2307 5955 3211 5956 3121 5957 3162 5958 3209 5959 3158 5960 2924 5961 3200 5962 2790 5963 3214 5964 3215 5965 2720 5223 3008 5966 3216 5967 2645 5968 2936 5969 2935 5970 2619 5971 2658 5972 3217 5973 2546 5974 2955 5975 3218 5976 3189 5977 3219 5978 3220 5397 2877 5410 2972 5979 3061 5980 3221 5981 3222 5982 3223 5983 3224 5984 2477 5985 3225 5986 3226 5987 2646 5988 3227 5989 2923 5990 2664 5173 3228 5991 3118 5794 3229 5992 2795 5993 2874 5994 3230 5995 3231 5996 2508 4998 3232 5997 2873 5998 3233 5999 2745 6000 3234 6000 2899 6000 2936 6001 2619 6002 3235 6003 3236 6004 2522 6005 2962 6006 3237 6007 3238 6007 3212 6007 2286 4773 3239 6008 2950 5524 2827 6009 3240 6010 3237 6011 3020 6012 3241 6013 3018 6014 3154 6015 3013 6016 3242 6017 2660 6018 2853 6019 2852 6020 3243 6021 2594 6022 2593 6023 3165 6024 3244 6025 2993 6026 3245 6027 2886 6028 3020 6029 2571 6030 2273 6031 2272 6032 3079 6033 3246 6034 2792 6035 3082 6036 3247 6037 2759 6038 3248 6039 2809 6040 2622 6041 3249 6042 3250 6043 3251 6044 3252 6045 3253 6046 3254 6047 2608 6048 3255 6048 3058 6048 2887 6049 3245 6050 3252 6051 2511 6052 3256 6053 2512 6054 2692 6055 3257 6056 2697 6057 2942 6058 2628 6059 2627 6060 3258 6061 3003 6062 3259 6063 3260 6064 3043 5661 2889 5841 3261 6065 2656 6066 2544 6067 3262 6068 3263 6069 3264 6070 3132 6071 3265 6072 3170 6073 2876 5409 2875 5408 3266 6074 3267 6075 3268 6076 3269 6077 3202 6078 3270 6079 3176 6080 3271 6081 3272 6082 2345 6083 3158 6084 2551 6085 3117 5911 2687 6086 3273 6087 3054 6088 3274 6089 3208 5947 3275 6090 3276 6091 3269 6092 2833 6093 2343 6094 3277 6095 3278 6096 2914 6097 3279 6098 2306 6099 2323 4806 3280 6100 2900 5444 3077 5721 3281 6101 2355 4835 3004 6102 3282 6103 3068 6104 3122 6105 2552 6106 3159 6107 3120 6108 2365 6109 3283 6110 3153 5098 3284 5098 2570 5098 3285 6111 2661 6112 3286 6113 3139 6114 2613 6115 2614 6116 3287 6117 2641 6118 2643 6119 3288 6120 2831 6121 2588 6122 2759 6123 2289 6124 2288 6125 3289 6126 2776 5295 2896 6127 3290 6128 3291 6129 3292 6130 3293 6131 2760 6132 3288 6133 2428 6134 2632 20 2422 20 3107 6135 3071 6136 2834 6137 3194 5925 3294 6138 3219 5978 2287 6139 2760 6140 3293 6141 3207 6142 2661 6143 2851 6144 2536 6145 2644 6146 2534 6147 3295 6148 3292 6149 3291 6150 3135 6151 3263 6152 3262 6153 3232 6154 3233 6154 3197 6154 3296 6155 3297 6156 2390 6157 2974 6158 3298 6159 2331 6160 3299 6161 2539 5028 3300 6162 2726 6163 3301 6164 2513 6165 3235 6166 3302 6167 3303 6168 3304 6169 3305 6170 3306 6171 2455 6172 3307 6173 3214 5964 3308 6174 3309 6174 3310 6174 2836 6175 3311 6176 3106 6177 3312 6178 3313 6179 2412 6180 3314 6181 2423 6182 2418 6183 2473 6184 2606 6185 3038 6186 3315 6187 2609 6188 3073 6189 3316 6190 3092 5748 2436 4921 3264 6191 3090 6192 3134 6193 3317 6194 2683 6194 2715 6194 3310 6195 3318 6195 3304 6195 3106 6196 3071 6197 3107 6198 3140 6199 3319 6200 3141 6201 3320 6202 3251 6203 3321 6204 2818 5341 3127 6205 3126 6206 2784 6207 3322 6208 2690 6209 2702 6210 2689 6211 2688 6212 3323 6213 3324 6214 2557 5047 2358 6215 2869 6216 2348 6217 3278 6218 3325 6219 2583 5079 3326 6220 2453 6221 3324 6214 3306 6222 3327 6223 3308 6224 2722 5225 3328 6225 2816 5339 2919 6226 2918 6226 2798 6226 2341 6227 3329 6227 2652 6227 2293 6228 2354 5884 2353 6229 2845 6230 3330 6230 3331 6230 2585 5081 3332 6231 3101 5765 2574 5069 3333 6232 2822 5345 2362 6233 2438 6234 2437 6235 2545 6236 3303 6237 2543 6238 3334 6239 3258 6061 3259 6063 3060 6240 3335 6240 2606 6240 3320 6202 3321 6204 3336 6241 3226 6242 3225 6243 3296 6244 3337 6245 3338 6246 3166 6247 3230 5995 3195 5926 3339 6248 3340 6249 3051 6250 3070 6251 3115 6252 2625 6253 2624 6254 2486 6255 2523 6256 3129 6257 2526 6258 3341 6258 3342 6258 3254 6259 3343 6260 2885 6261 3344 6262 3345 6263 3346 6264 2329 6265 3088 6266 3080 6267 2707 6268 3347 6269 2727 6270 2814 6271 3337 6272 2815 6273 2937 6274 3167 6275 3348 6276 3349 6277 3350 6277 3351 6277 3352 6278 3353 6279 2527 6280 3354 6281 2964 6282 3355 6283 3342 6284 3356 6284 2524 6284 2522 6285 3129 6286 2523 6287 3357 6288 2452 4939 3319 6200 2338 6289 3100 6290 2857 6291 2521 6292 2280 6293 2279 6294 3344 6295 3346 6296 3049 6297 3351 6298 3345 6298 3358 6298 3359 6299 3330 6300 3360 6301 2830 6302 3361 6302 2837 6302 3136 6303 3353 6304 3352 6305 3359 6306 3362 6307 2278 6308 3363 6309 2741 6309 2609 6309 2704 6310 3364 6311 2572 5067 2803 6312 3223 6313 3222 6314 2654 6315 2340 6316 2339 6317 2410 6318 3365 6319 2330 6320 2532 5021 3366 6321 3287 6117 2298 6322 3367 6322 3248 6322 3368 6323 2806 6324 2498 6325 3002 6326 3369 6327 2586 6328 2949 6329 3370 6330 2378 6331 3095 6332 3371 6333 3271 6334 3224 6335 3372 6336 2801 6337 3098 5760 3373 6338 2756 5269 3374 6339 2320 6340 3164 6341 2616 6342 2615 6342 3124 6342 2526 6343 2525 6343 3341 6343 2368 4849 2367 4848 2976 6344 2626 6345 2892 6346 2655 6347 2745 6348 2744 6348 3234 6348 2275 4762 2352 4833 2276 4763 2384 6349 3103 5767 2385 5769 2278 4765 3362 6350 2279 4766 3132 6351 3131 6351 3375 6351 2281 4768 3052 6352 2282 4769 3308 6224 3327 6223 3309 6353 2284 4771 2596 5097 2285 4772 2304 6354 2305 4834 2354 20 2354 20 3164 6355 2304 6354 3164 6355 2320 6356 2304 6354 2320 6356 2319 6357 2862 6358 2319 6357 2386 6359 3038 6360 2386 6359 2385 6361 2473 6362 2385 6361 2353 20 2305 4834 2385 6361 2305 4834 2473 6362 2386 6359 2473 6362 3038 6360 2862 6358 2319 6357 3038 6360 2304 6354 2320 6356 2862 6358 2290 4777 3016 5627 2291 4778 2299 4786 3047 6363 2300 4787 2305 4792 2295 4791 2294 6364 3245 6027 3020 6029 3019 6365 3019 6365 2944 6366 3253 6367 2944 6366 3111 6368 3253 6367 3111 6368 2914 5684 3343 6369 2914 5684 3056 5683 3376 6370 3020 6029 2886 6028 2914 5684 2886 6028 3343 6369 2914 5684 2914 5684 3376 6370 3020 6029 3019 6365 3253 6367 3245 6027 3111 6368 3343 6369 3253 6367 3165 5887 2999 5886 3244 6371 2321 4804 2856 5382 2322 4805 2327 4808 3081 6372 2328 4809 2330 4811 3365 6373 2331 4812 2333 4814 2440 6374 2334 4815 3349 6375 3340 6375 3350 6375 2336 4817 2457 6376 2337 4818 2992 6377 2677 6378 2990 6379 2990 6379 2989 6380 2992 6377 2989 6380 2991 6381 2992 6377 2991 6381 3037 6382 2313 6383 3037 6382 3036 6384 2313 6383 3036 6384 2406 6385 2313 6383 2406 6385 2314 6386 2313 6383 2313 6383 2992 6377 2991 6381 2439 4925 2438 4924 2859 6387 3377 6388 2554 5043 2555 5045 2473 4963 2294 4962 2606 6389 2843 6390 2521 6390 2844 6390 2964 5543 2963 5542 3355 6391 2342 4823 3277 6392 2343 4824 2345 4826 3272 6393 2346 4827 3378 6394 2358 4905 2350 4907 3091 6395 2396 4877 2398 4879 2861 6396 2860 6396 3075 6396 2723 6397 2549 6398 3152 6399 3152 6399 2346 6400 3272 6401 3272 6401 3379 6402 2951 6403 3152 6399 3272 6401 2951 6403 2951 6403 3380 6404 3284 6405 3284 6405 3152 6399 2951 6403 2351 4832 3266 6074 2352 4833 3288 6133 2760 6132 2832 6406 2482 6407 2350 4831 2408 6408 2483 6409 2482 6407 2408 6408 2410 6410 2483 6409 2408 6408 2471 6411 2483 6409 2410 6410 2472 6412 2471 6411 2330 6413 2330 6413 2471 6411 2410 6410 2555 6414 2472 6412 2330 6413 2869 20 2555 6414 2332 6415 2348 4829 2869 20 2332 6415 2349 4830 2348 4829 2332 6415 2350 4831 2349 4830 2408 6408 2330 6413 2332 6415 2555 6414 2355 4835 3281 6101 2356 4836 2360 4841 3381 6416 2361 4842 2364 4845 3171 5895 2365 4846 2868 6417 2358 4838 2331 4840 3377 6418 2868 6417 2331 4840 3365 6419 3377 6418 2331 4840 2554 6420 3377 6418 3365 6419 2470 6421 2554 6420 3365 6419 2409 6422 2470 6421 3365 6419 2481 6423 2470 6421 2409 6422 3067 23 2481 6423 2359 4839 2359 4839 2481 6423 2409 6422 3378 6424 3067 23 2359 4839 2358 4838 3378 6424 2359 4839 3382 6425 2421 4902 2423 4904 3153 6426 3152 6426 3284 6426 2369 4850 2640 6427 2370 4851 2372 4853 3383 6428 2373 4854 2375 4856 3017 6429 2376 4857 2378 4859 3370 6430 2379 4860 2713 6431 2712 6431 3021 6431 2621 6432 2620 6432 3137 6432 2387 4868 2633 6433 2388 4869 2834 6137 3071 6136 3384 6434 2390 4871 3297 6435 2391 4872 2393 4874 3385 6436 2394 4875 2400 4881 2912 5471 2401 4882 2402 4883 2725 6437 2403 4884 3026 6438 2542 6439 3029 6440 2542 6439 2541 6441 3029 6440 2541 6441 3027 6442 3029 6440 2978 5569 2977 5568 3026 6438 3029 6440 2978 5569 3026 6438 3034 5651 3033 5650 3040 6443 2417 6444 2315 6445 2388 6446 2315 6445 2590 6447 2388 6446 2427 6448 2388 6446 2590 6447 3314 23 2417 6444 2633 6449 3382 6450 3314 23 2633 6449 2854 6451 3382 6450 2633 6449 2421 6452 3382 6450 2854 6451 2432 6453 2421 6452 2854 6451 3386 6454 2432 6453 2427 6448 2417 6444 2388 6446 2633 6449 2427 6448 2432 6453 2854 6451 2405 4886 2314 6455 2406 4887 2408 4889 2359 6456 2409 4890 2411 4892 3312 6457 2412 4893 2414 4895 3145 6458 2415 4896 2417 4898 3314 6459 2418 4899 2324 5817 3133 5816 2325 6460 2424 4908 3048 6461 2425 4909 3316 6190 3091 5746 3092 5748 2450 6462 2634 5137 2636 5139 2429 4914 3154 6463 2430 4915 2432 4917 3386 6464 2433 4918 3143 6465 2384 4865 2386 4867 2440 4926 2895 6466 2441 4927 2442 4929 3387 6467 2443 4930 2445 4932 3084 5736 2446 4933 2448 4935 2488 4980 2449 4936 2450 4937 3292 6468 2448 4935 2451 4938 2342 4823 2344 4825 2453 4940 3388 6469 2454 4941 2398 6470 2397 6471 2478 6472 2397 6471 2734 6473 2478 6472 2397 6471 2425 6474 2734 6473 2425 6474 2383 6475 2850 6476 2383 6475 2382 6477 2850 6476 2382 6477 2436 6478 2849 6479 2436 6478 3092 6480 2480 6481 2436 6478 2480 6481 2849 6479 3092 6480 2398 6470 2478 6472 2478 6472 2480 6481 3092 6480 2734 6473 2425 6474 2850 6476 2382 6477 2849 6479 2850 6476 2456 4943 2858 6482 2457 4944 2734 5244 3147 6483 2735 5245 2458 4946 3389 6484 2459 4947 2461 4949 2755 6485 2462 4950 2478 4970 2735 6486 2479 4971 2464 4952 2922 6487 2465 4953 2467 4955 3045 5663 2468 4956 2474 4964 2399 6463 2401 4965 2791 5312 2494 5311 2610 6488 2371 4967 2370 6489 2476 4968 2849 5873 2479 5872 2612 6490 2687 6491 2686 6491 3273 6491 2481 4973 3067 6492 2482 4974 2484 4976 3354 6493 2485 4977 2487 4979 2449 4936 2488 4980 2490 4982 2812 6494 2491 4983 3006 5611 2400 4881 2976 6495 2400 4881 2399 4880 2976 6495 2401 4882 2912 5471 3004 5609 2367 6496 2401 4882 3004 5609 3004 5609 3006 5611 2367 6496 3006 5611 2976 6495 2367 6496 2493 4985 3390 6497 2494 4986 2588 5084 2831 6498 2589 5085 2496 4988 2733 6499 2497 4989 3015 20 2541 5030 2999 6500 2541 5030 2540 5029 3383 6501 2540 5029 2997 6502 3383 6501 3383 6501 2372 6503 3244 6504 2372 6503 2420 6505 2994 6506 2994 6506 2420 6505 3391 6507 2999 6500 2541 5030 3244 6504 3244 6504 2541 5030 3383 6501 2372 6503 2994 6506 3244 6504 3170 6508 2917 6509 2577 6510 2917 6509 2499 4991 2501 4993 3157 6511 2687 6512 3054 6513 2577 6510 2579 6514 3170 6508 2501 4993 2577 6510 2917 6509 2499 4991 3157 6511 2500 4992 3157 6511 3054 6513 2500 4992 3392 6515 2947 6516 2504 4996 2947 6516 2502 4994 2504 4996 2790 6517 2779 6518 2924 6519 2779 6518 3393 6520 3394 6521 3393 6520 3395 6522 2581 6523 3395 6522 2637 25 2581 6523 2637 25 3396 25 2581 6523 3396 25 2888 25 2581 6523 3394 6521 2924 6519 2779 6518 2581 6523 3394 6521 3393 6520 2508 4998 3231 5996 2509 4999 2833 5575 2671 5574 2298 6524 3059 6525 3397 6526 2697 6527 2323 6528 3059 6525 2697 6527 2902 6529 3335 6530 2900 6531 3335 6530 3059 6525 2323 6528 2671 5574 2296 6532 2298 6524 2900 6531 3335 6530 2323 6528 2833 5575 2298 6524 3248 6533 2321 6534 2323 6528 2697 6527 2855 6535 2321 6534 2699 6536 3397 6526 2833 5575 2690 6537 2833 5575 3248 6533 2690 6537 3248 6533 2622 23 2690 6537 2864 6538 2855 6535 3022 6539 2321 6534 2697 6527 2699 6536 2984 5587 2355 6540 2357 6541 2847 6542 2984 5587 2357 6541 3052 6543 2848 6544 2518 6545 2518 6545 2848 6544 2516 23 2847 6542 2357 6541 2848 6544 2357 6541 2516 23 2848 6544 2282 6546 3052 6543 2518 6545 2282 6546 2518 6545 3194 6547 2513 5003 2282 6546 3219 6548 3219 6548 2282 6546 3194 6547 2742 6549 2513 5003 2512 5002 2513 5003 3219 6548 2877 6550 2550 23 2742 6549 2724 6551 2724 6551 2742 6549 2512 5002 2469 23 2550 23 2724 6551 2513 5003 2877 6550 2864 6538 2622 23 2784 23 2690 6537 3312 23 2411 6552 2669 6553 2669 6553 2768 6554 3312 23 3397 6526 2690 6537 2692 6555 2684 6556 2669 6553 2411 6552 2897 23 2684 6556 2277 23 2684 6556 2411 6552 2275 6557 2277 23 2684 6556 2275 6557 2961 6558 2897 23 2960 6559 2277 23 2960 6559 2897 23 2275 6557 2411 6552 2496 6560 2351 6561 2275 6557 2496 6560 2496 6560 2411 6552 2709 6562 2876 6563 2351 6561 2745 6564 2351 6561 2496 6560 2498 6565 3397 6526 2692 6555 2697 6527 3217 6566 2510 6567 2650 6568 2547 5695 3217 6566 2651 6569 3217 6566 2650 6568 2651 6569 2547 5695 2651 6569 2458 5693 2651 6569 2867 6570 2458 5693 2688 6571 2458 5693 2867 6570 2745 6564 2702 6572 2876 6563 2702 6572 2688 6571 2876 6563 2688 6571 2867 6570 2876 6563 2743 6573 2745 6564 2463 6574 2463 6574 2745 6564 2351 6561 2855 6535 2699 6536 3087 6575 2855 6535 2713 6576 3022 6539 3087 6575 2711 6577 2713 6576 3087 6575 2713 6576 2855 6535 2624 6578 2507 6579 2861 6580 2765 6581 3115 6582 2624 6578 2624 6578 2743 6573 2765 6581 2463 6574 2765 6581 2743 6573 2864 6538 3022 6539 2726 23 2864 6538 2726 23 2513 5003 2726 23 3022 6539 2403 6583 2461 6584 2463 6574 2351 6561 2599 6585 2884 23 3079 6586 2597 23 2599 6585 3079 6586 2597 23 3079 6586 2736 5518 2736 5518 3079 6586 2286 5519 3079 6586 2792 6587 2286 5519 2498 6565 2754 23 2461 6584 2792 6587 2830 6588 2595 6589 3093 6590 2792 6587 2794 6591 2830 6588 2837 6592 3118 23 2595 6589 2830 6588 3118 23 2837 6592 2662 6593 2664 6594 2837 6592 2664 6594 3118 23 2792 6587 2595 6589 2284 6595 2284 6595 2286 5519 2792 6587 2736 5518 2730 6596 2771 6597 2736 5518 2771 6597 2404 6598 2498 6565 2461 6584 2351 6561 3022 6539 2736 5518 2404 6598 2404 6598 2403 6583 3022 6539 2411 6552 3044 6599 2709 6562 2710 6600 2709 6562 3044 6599 2710 6600 3044 6599 2467 6601 2710 6600 2467 6601 3095 6602 2467 6601 2469 23 3142 6603 3271 6604 2678 6605 2710 6600 2678 6605 2808 6606 2710 6600 3095 6602 3271 6604 2710 6600 3095 6602 2467 6601 3142 6603 2513 5003 2649 23 2569 6607 2347 6608 3095 6602 3142 6603 2513 5003 2569 6607 2511 5001 2649 23 2648 6609 2569 6607 2648 6609 2730 6596 2570 6610 2730 6596 3153 6611 2570 6610 3142 6603 2345 6612 2347 6608 2724 6551 3142 6603 2469 23 2648 6609 2570 6610 2569 6607 2593 6613 3295 6614 3108 6615 3398 6616 3109 6617 3295 6614 3398 6616 3295 6614 3291 6618 2593 6613 3108 6615 3399 6619 3243 6620 2593 6613 3399 6619 3399 6619 3398 6616 3291 6618 3399 6619 3291 6618 3243 6620 2516 5007 2533 5022 2517 5008 3005 6621 2878 6622 3400 6623 3005 6621 3400 6623 2519 5010 3006 6624 3005 6621 2519 5010 2400 5012 3006 6624 2519 5010 2913 6625 2400 5012 2915 6626 2915 6626 2400 5012 2520 5011 2914 6627 2913 6625 2915 6626 3342 6628 2844 6629 2485 6630 2485 6630 2844 6629 2523 20 2521 5013 2279 6631 2522 5014 2844 6629 2521 5013 2523 20 3054 6088 3273 6087 3055 6632 2527 5016 3401 6633 2528 5017 2530 5019 2587 5083 2531 5020 2993 6026 3244 6025 2994 6634 2539 21 2538 21 2892 6635 2538 21 2891 21 2892 6635 3300 6636 2539 21 2892 6635 2904 5450 3300 6636 2892 6635 2892 6635 2905 5451 2904 5450 2357 4837 2356 4836 2533 5022 3145 6637 3037 5654 2991 5590 2415 6638 3145 6637 2991 5590 2534 5023 2925 6639 2535 5024 3391 6507 2420 6505 3015 20 3015 20 2999 6500 3391 6507 2792 5313 3246 6640 2793 5314 2543 5032 3261 6641 2544 5033 2546 5035 3217 6642 2547 5036 2469 4957 2468 4956 2549 5038 3335 6530 2902 6529 2607 23 2902 6529 3077 23 2791 6643 2607 23 2902 6529 2791 6643 3077 23 2355 6540 2791 6643 2355 6540 2984 5587 2495 6644 3255 23 2607 23 2791 6643 2495 6644 2791 6643 2355 6540 3255 23 2791 6643 3397 6526 2791 6643 2996 6645 3397 6526 3059 6525 3255 23 3397 6526 2556 5046 3323 6213 2557 5047 2559 5049 3156 5866 2560 5050 2562 5052 3402 6646 2563 5053 3304 6647 3318 6647 3305 6647 3403 6648 2693 6649 2565 5055 3403 6648 2565 5055 2567 5057 2299 6650 2958 6651 2940 6652 2315 6653 2417 5624 2316 5626 2274 4761 2273 4760 3404 6654 2298 4785 2297 4784 3367 6655 2568 5058 2738 6656 2569 5059 3180 6657 3192 6657 3181 6657 2693 6658 2727 6659 2616 6660 2727 6659 2700 6661 2616 6660 2616 6660 2393 6662 2693 6658 2565 6663 3010 6664 2571 5064 2565 6663 2571 5064 2566 5066 2572 5067 3364 6311 2573 5068 2915 6665 2667 6666 2810 6667 3317 20 2788 6668 2612 6669 2788 6668 2915 6665 2459 6670 2915 6665 2810 6667 2717 6671 2681 6672 3317 20 2612 6669 2788 6668 2459 6670 2548 6673 2612 6669 2788 6668 2548 6673 2915 6665 2717 6671 2459 6670 2717 6671 2903 6674 2459 6670 2459 6670 2903 6674 3405 6675 3405 6675 2903 6674 2706 6676 2903 6674 2819 6677 2706 6676 2819 6677 2975 6678 2694 6679 2706 6676 2819 6677 2694 6679 2975 6678 2810 6667 2667 6666 2667 6666 2666 6680 2731 6681 2666 6680 2926 6682 2731 6681 2731 6681 2694 6679 2975 6678 2667 6666 2731 6681 2975 6678 2459 6670 3389 6683 2548 6673 3389 6683 2689 6684 2548 6673 2689 6684 3234 6685 3266 6686 3234 6685 2744 20 2462 6687 3234 6685 2462 6687 3266 6686 2767 6688 2907 6689 2823 6690 2907 6689 2789 6691 2823 6690 2612 6669 2767 6688 2681 6672 2767 6688 2823 6690 3406 6692 2767 6688 3406 6692 2681 6672 2689 6684 3266 6686 2875 6693 2462 6687 2755 6694 3266 6686 2755 6694 3407 6695 3266 6686 2689 6684 2875 6693 2866 6696 2548 6673 2689 6684 2575 5070 2689 6684 2866 6696 2575 5070 2546 5072 2548 6673 2575 5070 2509 6697 2546 5072 2576 5071 3136 6303 3408 6698 3353 6304 3278 6096 3277 6095 3409 6699 2583 5079 3325 6219 2584 5080 2586 5082 3369 6700 2587 5083 2779 5298 2790 6701 2780 5299 3060 6702 3059 6702 3335 6702 2591 5090 3121 6703 2592 5091 2448 5093 3295 6704 2593 5094 2595 5096 3119 5795 2596 5097 2602 5101 2666 5175 2600 5099 2606 5103 3335 6705 2607 5104 3073 6706 2609 5106 2494 5108 2609 5106 2741 6707 2610 5107 2741 6707 2740 6708 2610 5107 2610 5107 2740 6708 3078 6709 2740 6708 3074 6710 3078 6709 3074 6710 3073 6706 3390 6711 3390 6711 3078 6709 3074 6710 2494 5108 3390 6711 3073 6706 2837 6712 3361 6712 3410 6712 2470 6713 2481 5351 2471 5353 2548 5109 2547 6714 2611 5110 2620 6715 3303 6716 3302 6717 2538 5027 2537 5026 3261 6718 2537 5026 3411 6719 3261 6718 3302 6717 2538 5027 2620 6715 3261 6718 2543 6720 3137 6721 3137 6721 2543 6720 2935 6722 2543 6720 3303 6716 2935 6722 3303 6716 2620 6715 2935 6722 2620 6715 2538 5027 3137 6721 3137 6721 2538 5027 3261 6718 2853 6723 3206 6724 2967 5547 2613 5112 3402 6725 2562 5113 2395 5115 2394 6726 2615 5116 2605 5118 2604 6727 2617 5119 2519 6728 3068 6728 3282 6728 2882 5416 2881 5415 3033 6729 2626 5128 2943 6730 2627 5129 2632 5134 2854 6731 2633 5135 2303 6732 2302 6732 3412 6732 3285 6733 3179 6734 2852 6735 3179 6734 3178 6736 2852 6735 3064 6737 2660 6738 2852 6735 3178 6736 3064 6737 2852 6735 2296 5124 2623 5123 2297 6739 2654 5161 2653 5160 3413 6740 2985 5593 3414 6741 3281 6742 3046 6743 2974 6744 2331 6745 2846 6746 3046 6743 2331 6745 3414 6741 2846 6746 2356 6747 3315 6748 2675 5182 2985 5593 3281 6742 3414 6741 2356 6747 3315 6748 2985 5593 3281 6742 2846 6746 2331 6745 2281 6749 2846 6746 2281 6749 2517 6750 3363 6751 3315 6748 3281 6742 2281 6749 2283 6752 2517 6750 2517 6750 2283 6752 3193 6753 3363 6751 3281 6742 3076 6754 3322 6755 2778 6756 2739 6757 2440 20 2333 6758 3322 6755 2778 6756 2676 5183 2739 6757 3322 6755 2739 6757 2691 6759 2895 6760 2440 20 2783 6761 3381 6762 2859 6763 3094 6764 2859 6763 2895 6760 3094 6764 2283 6752 2974 6744 3294 6765 2974 6744 2647 6766 3220 6767 2974 6744 3220 6767 3294 6765 3301 6768 2725 6769 2865 6770 2283 6752 3294 6765 3193 6753 2647 6766 3301 6768 2865 6770 2783 6761 3094 6764 2895 6760 3322 6755 2783 6761 2440 20 2725 6769 3072 6771 3021 6772 3021 6772 2712 6773 2863 6774 2725 6769 3021 6772 2863 6774 2725 6769 2863 6774 2865 6770 2608 6775 2739 6757 3363 6751 2739 6757 3257 6776 2691 6759 2865 6770 3220 6767 2647 6766 2606 6777 2608 6775 2901 6778 2856 6779 3257 6776 2322 6780 3257 6776 2606 6777 2322 6780 2322 6780 2606 6777 3280 6781 3280 6781 2606 6777 2901 6778 2846 6746 2517 6750 2533 6782 2901 6778 2608 6775 3363 6751 3076 6754 2901 6778 3363 6751 2846 6746 2533 6782 2356 6747 3224 5984 3223 5983 3415 6783 2637 5140 3395 6784 2638 5141 2392 5143 2391 6785 2640 5144 2527 6280 3353 6279 3401 6786 2641 5147 3250 6787 2642 5148 2534 6788 2644 5150 2646 5152 2647 5153 3380 6789 2648 5154 3393 6790 2779 5298 2781 5300 2650 5156 2576 5393 2575 5157 3065 5698 3064 5697 3416 6791 3029 6792 3028 6793 3012 6794 3028 6793 3242 6795 3012 6794 2830 6796 2829 6796 3361 6796 2662 5171 3085 5952 2663 5172 2665 5174 2600 5099 2666 5175 2979 5570 2602 5101 2671 5178 2672 5179 3417 6797 2673 5180 2676 5183 2778 6756 2677 5184 2985 5593 2675 5182 2677 5184 3418 6798 2879 5413 3005 6799 2520 6800 2368 6801 2474 6802 2519 6803 3282 6804 2368 6801 2520 6800 2474 6802 2475 6805 2366 6806 2368 6801 3282 6804 2911 6807 2520 6800 2475 6805 2475 6805 2366 6806 3282 6804 2475 6805 3282 6804 2911 6807 3053 6808 2536 20 3227 20 3199 6809 2536 20 3053 6808 3200 6810 3199 6809 3216 6811 2790 6701 3200 6810 3007 20 3112 6812 2780 5299 2535 6813 2780 5299 2790 6701 2535 6813 3227 20 2535 6813 2790 6701 3007 20 3200 6810 3216 6811 3199 6809 3053 6808 3216 6811 3007 20 3227 20 2790 6701 2458 6814 2689 6814 3389 6814 2582 5078 2581 5077 2888 6815 2678 5185 3379 6816 2679 5186 2681 5188 3406 6817 2682 5189 2782 6818 2784 23 2360 6819 2782 6818 2360 6819 3093 6590 2360 6819 2362 6820 3093 6590 2362 6820 2662 6593 3093 6590 2794 6591 2884 23 2599 6585 2599 6585 2711 6577 3087 6575 2599 6585 3087 6575 3093 6590 2794 6591 2599 6585 3093 6590 2690 5194 3322 6821 2691 5195 2693 5197 3403 6822 2694 5198 2459 5200 3405 6823 2696 5201 2697 5203 3257 6824 2698 5204 2700 5206 2728 6825 2701 5207 2749 6826 2703 5209 2705 5211 2696 5212 3405 6827 2706 5213 2708 5215 3419 6828 2709 5216 2714 6829 2788 6829 2715 6829 2717 5220 2810 6830 2718 5221 2720 5223 3215 5965 2721 5224 2512 5226 3256 6831 2723 5227 2727 5230 3347 6832 2728 5231 3274 6089 3206 5945 3208 5947 2513 5233 3301 6833 2647 5234 2648 5236 3380 6834 2729 5237 2695 5199 2694 5198 2731 5239 3022 6835 3021 6835 3072 6835 2709 5241 3419 6836 2733 5242 2808 6837 2807 6837 2939 6837 2379 6838 3420 6839 2582 5078 2582 5078 3190 6840 3421 6841 2582 5078 3421 6841 2379 6838 2379 6838 3421 6841 3218 6842 3203 20 3185 20 3204 6843 3204 6843 2379 6838 2954 6844 2379 6838 3218 6842 2954 6844 2954 6844 3203 20 3204 6843 3136 5826 2528 5825 3408 6845 2710 6846 2939 6846 2708 6846 2899 6847 3234 6847 2898 6847 2746 5256 2744 6848 2743 5257 2463 6849 2462 6849 2764 6849 2748 5259 2926 5490 2749 5260 2492 5262 2491 6850 2750 5263 2754 5266 3407 6851 2755 5267 2756 5269 3373 6338 2757 5270 3268 6852 2759 20 2589 5272 2761 5273 3210 5951 2762 5274 2750 5276 3407 6853 2754 5277 2764 5279 2812 6854 2765 5280 2767 5283 3313 6855 2768 5284 2766 5282 2907 5453 2767 5283 2769 5285 2957 5531 2763 5275 3188 6856 3187 6856 3205 6856 2678 5185 2952 5526 2951 5525 2678 5185 2951 5525 3379 6816 2730 5286 2729 6857 2770 5287 2772 5289 2785 6858 2416 5290 2782 5301 3094 6859 2783 5302 3038 6186 2606 6185 3039 6860 2785 5304 2772 6861 2786 5305 2790 5309 2914 6862 2788 5307 2914 6862 2915 6863 2788 5307 2996 5599 2610 5598 3078 6864 3212 6865 3238 6865 3213 6865 2795 5316 3197 6866 2796 5317 2798 5319 3422 6867 2799 5320 2973 6868 2282 6546 2513 5003 2848 6544 3052 6543 3298 6869 2513 5003 2742 6549 2973 6868 2848 6544 3298 6869 2742 6549 3298 6869 2973 6868 2742 6549 3372 6870 2821 6871 2820 20 2820 20 2719 6872 2802 6873 2719 6872 2718 6874 2802 6873 2718 6874 2811 6875 3223 6876 2811 6875 2821 6871 3415 6877 2821 6871 3372 6870 3415 6877 2802 6873 3372 6870 2820 20 2811 6875 3415 6877 3223 6876 3223 6876 2802 6873 2718 6874 2771 5325 2770 6878 2402 5326 2570 6879 3284 6879 2568 6879 3367 6880 2335 20 2809 20 2335 20 2334 5330 2809 20 2334 5330 2441 6881 2623 5331 2441 6881 2896 6882 2297 6883 2623 5331 2441 6881 2297 6883 3406 6884 2823 5348 2682 5350 2810 5332 2975 6885 2811 5333 3237 6011 3240 6010 3238 6886 2683 20 2682 20 3213 20 2682 20 2824 6887 3240 6888 2824 6887 2716 6889 3240 6888 2716 6889 2715 6890 3238 6891 2715 6890 2683 20 3238 6891 2683 20 3213 20 3238 6891 2682 20 3240 6888 2826 20 2826 20 3213 20 2682 20 2716 6889 3238 6891 3240 6888 2747 6892 2753 6892 2746 6892 2813 5336 2938 6893 2814 5337 3317 6894 2681 6894 2683 6894 2816 5339 3328 6225 2817 5340 2940 6652 2927 6895 2303 6896 2927 6895 3173 6897 2303 6896 3173 6897 3068 6898 2301 6899 2303 6896 3173 6897 2301 6899 3068 6898 2519 6900 2958 6651 2519 6900 3400 6901 2958 6651 2958 6651 2299 6650 2301 6899 2303 6896 2299 6650 2940 6652 2958 6651 2301 6899 3068 6898 2819 5342 2903 6902 2820 5343 2788 6903 3317 6903 2715 6903 2822 5345 3333 6232 2567 5346 2435 4920 3316 6190 2436 4921 2599 6904 2598 6904 3096 6904 2675 6905 3315 6905 3073 6905 3079 5727 2883 5726 3423 6906 2759 20 3247 6907 2760 20 2840 6908 2635 5138 3247 6907 3247 6907 2635 5138 2833 5359 2833 5359 3269 6909 2831 5358 2760 20 3247 6907 2832 20 3269 6909 3268 6852 2589 5272 2831 5358 3269 6909 2589 5272 2832 20 3247 6907 2833 5359 2834 5360 3384 6910 2835 5361 2837 5363 3410 6911 2838 5364 2778 5366 2333 6912 2335 5367 2840 5369 3247 6913 2841 5370 2846 5373 3414 6914 2847 5374 2851 5377 3285 6915 2852 5378 2629 5772 3105 5771 2630 6916 2855 5381 2863 5394 2856 5382 2857 5383 3100 6917 2858 5384 2862 5390 3039 6918 2295 5391 2510 5000 2509 4999 2576 5393 2414 6919 2992 6920 2313 6921 2863 5394 2855 5381 2864 5395 2651 5158 2575 5157 2866 5397 2868 5399 3377 6922 2555 5400 2795 5405 2797 6923 2873 5406 2867 5398 2866 5397 2875 5408 2499 6924 3424 6925 3425 6926 3425 6926 3426 6927 2499 6924 2877 5410 3220 5397 2865 5396 2878 5412 3005 6799 2879 5413 2879 5413 2302 6928 2300 5411 2500 5682 3055 5681 3174 6929 2794 5417 2793 6930 2883 5418 2885 5420 3343 6931 2886 5421 2888 5423 3396 24 2889 5424 2893 5428 2966 6932 2894 5429 2895 5431 3289 6933 2896 5432 2823 5434 2714 6934 2716 5435 3041 6935 2364 4845 2363 4844 3041 6935 2363 4844 2592 6936 3283 6937 2365 4846 3171 5895 3283 6937 3171 5895 3042 6938 3042 6938 3041 6935 3283 6937 3041 6935 2592 6936 3283 6937 2428 4913 2427 4912 2854 6939 2421 5438 2432 6940 2434 5439 2898 5441 2805 6941 2804 5442 2900 5444 3280 6100 2901 5445 2903 5447 2717 6942 2719 5448 3386 6943 2590 5087 2433 5089 2301 6944 2300 6944 2302 6944 2600 6945 2748 6946 2705 6947 2870 5476 3122 6948 2916 5477 2917 5479 3427 6949 2918 5480 2680 5187 2679 5186 2920 5482 2312 5484 2970 6950 2922 5485 2646 5152 2923 5487 2534 6788 2925 5489 2534 6788 2923 5487 2924 5488 3229 6951 2925 5489 3229 6951 3113 6952 2925 5489 3198 6953 2924 5488 3008 6954 2644 5150 3198 6953 2645 5151 3008 6954 2645 5151 3198 6953 3008 6954 2924 5488 2923 5487 2732 5240 2731 5239 2926 5490 2927 5491 2940 6955 2928 5492 2590 6447 3386 6454 2427 6448 2466 5004 2465 6956 2514 5005 2930 5494 2942 6858 2931 5495 2442 5127 2625 5126 3387 6957 2505 6958 3428 6958 2506 6958 2538 5497 3302 6959 2933 5498 2934 5500 3137 6960 2935 5501 2937 5503 3348 6961 2938 5504 2619 5971 2935 5970 2620 6962 2393 5804 3124 5803 3385 6963 2940 5506 2958 6964 2941 5507 2396 6965 2424 4908 2397 4910 2942 5510 2627 6966 3300 6162 2908 5454 2943 6967 2931 5509 2942 5510 3300 6162 2904 5455 2908 5454 2931 5509 2904 5455 2943 5511 2626 6968 2932 5512 2943 6967 2908 5454 3299 6161 3299 6161 3300 6162 2943 6967 3300 6162 2627 6966 2943 6967 2944 5513 3019 6969 2945 5514 2947 5516 3392 6970 2948 5517 2952 6971 2678 6605 2345 6612 3271 6604 2345 6612 2678 6605 2345 6612 3142 6603 3153 6611 2345 6612 3153 6611 2952 6971 3153 6611 2730 6596 2952 6971 2952 6971 2730 6596 2950 5520 2730 6596 2736 5518 2950 5520 2626 6345 2655 6347 2910 6972 2892 6346 2626 6345 2628 6973 2932 5523 2626 6345 2910 6972 2892 6346 2628 6973 2930 5522 2905 5521 2892 6346 2930 5522 2932 5523 2910 6972 2905 5521 2950 5524 3239 6008 2951 5525 2326 6974 2325 6974 3204 6974 2956 5530 3151 5858 2957 5531 2958 5532 3400 6975 2878 5533 2433 6976 2317 6977 2426 6978 2317 6977 2389 5536 2426 6978 2317 6977 2316 6979 2389 5536 2316 6979 2419 5537 2389 5536 2419 5537 2418 6980 2387 5535 2387 5535 2418 6980 2423 20 2423 20 2422 20 2632 20 2423 20 2632 20 2387 5535 2277 4764 2276 4763 2959 5538 3187 6981 3181 6982 3110 5778 3110 5778 3429 6983 3187 6981 3429 6983 3430 6984 3205 6985 3429 6983 3205 6985 3187 6981 2928 20 2941 20 3047 20 3047 20 2941 20 2300 5411 2878 5412 2300 5411 2941 20 3412 6986 2928 20 3047 20 2929 6987 2928 20 3412 6986 3069 6988 2929 6987 3412 6986 2302 6928 2879 5413 3069 6988 3069 6988 3412 6986 2302 6928 2965 5544 3146 6989 2966 5545 2967 5547 3431 6990 2968 5548 2515 5550 2514 6991 2970 5551 2564 5553 2563 6992 2971 5554 2283 5556 2282 6993 2973 5557 2975 5559 2819 6994 2821 5560 2399 5565 2474 6995 2368 5566 2368 6801 2520 6800 2519 6803 3169 6996 2686 6997 2578 6998 3191 6999 3205 6999 3192 6999 3064 6737 3063 7000 2660 6738 3063 7000 3179 6734 3285 6733 3063 7000 3285 6733 3286 7001 3286 7001 2660 6738 3063 7000 3229 7002 2924 7002 3394 7002 3165 7003 2373 7004 3027 5643 2998 7005 3028 5644 3027 5643 3027 5643 3125 7006 3000 7007 2998 7005 3027 5643 2373 7004 3000 7007 3165 7003 3027 5643 3125 7006 3014 23 2995 7008 3014 23 2374 7009 2995 7008 2374 7009 2373 7004 2993 7010 2374 7009 2993 7010 2995 7008 2995 7008 3000 7007 3125 7006 2995 5596 2994 5595 3391 7011 3025 7012 2980 7013 3028 7014 3028 7014 2980 7013 2983 7015 2980 7013 2981 7016 2982 7017 2981 7016 2833 7018 2982 7017 2540 7019 3025 7012 3028 7014 2997 7020 2540 7019 3028 7014 3028 7014 2998 7021 2997 7020 2980 7013 2982 7017 2983 7015 2995 5603 3391 7022 2999 5604 3165 7003 2993 7010 2373 7004 2374 7023 3014 7023 2420 7023 3001 5606 3432 7024 3002 5607 2507 7025 2506 7025 2860 7025 3004 5609 3418 7026 3005 5610 2318 7027 3143 5837 2319 5839 2923 5612 3227 7028 3007 5613 2349 5063 2331 5062 2359 7029 2274 5615 3404 7030 3009 5616 2362 6233 2361 7031 2438 6234 2980 5571 3013 7032 2429 5621 2431 5622 2977 5572 2980 5571 2960 5539 2959 5538 3016 5627 3017 5628 2405 7033 2407 5629 3018 5631 2945 7034 3019 5632 2312 4795 2314 4797 2405 23 2405 23 3017 7035 2312 4795 3017 7035 2375 7036 2466 7037 2375 7036 3023 7038 2464 7039 3031 7040 2313 4796 2312 4795 3023 7038 3031 7040 2464 7039 3017 7035 2466 7037 2515 23 2515 23 2312 4795 3017 7035 3031 7040 2312 4795 2464 7039 2375 7036 2464 7039 2466 7037 3023 5635 2375 7041 2377 5636 2798 7042 2918 7042 3422 7042 3091 5745 3316 7043 2479 5743 3316 7043 2435 7044 2479 5743 2435 7044 2381 7045 2612 7046 2381 7045 3433 7047 2612 7046 2612 7046 3433 7047 3147 7048 3433 7047 3048 7049 3147 7048 3048 7049 2424 7050 3147 7048 2424 7050 2396 7051 3147 7048 2396 7051 3091 5745 2735 5744 2435 7044 2612 7046 2479 5743 2396 7051 2735 5744 3147 7048 2970 20 2407 20 3066 7052 2406 7053 3036 7054 3066 7052 3066 7052 3024 5640 2922 5639 3024 5640 2377 7055 2465 5638 2377 7055 2376 7056 2465 5638 2465 5638 2376 7056 2514 7057 2376 7056 2407 20 2970 20 2514 7057 2376 7056 2970 20 2406 7053 3066 7052 2407 20 2922 5639 2970 20 3066 7052 3025 5641 2540 5029 2542 5031 3066 7058 3032 5648 3031 5647 3032 5648 3035 7059 3030 5646 3035 7059 2988 5584 2987 5583 3035 7059 2987 5583 3030 5646 3035 5652 3032 7060 3036 5653 2622 7061 2809 7061 2623 7061 2313 7062 3031 7062 3030 7062 2415 6638 2991 5590 2988 5589 2772 5657 2415 6638 2988 5589 3035 5652 3037 5654 3145 6637 3035 5652 3145 6637 2786 5656 2772 5657 2988 5589 3035 5652 2992 6920 2414 6919 2416 7063 2313 6921 3030 7064 2414 6919 2787 7065 2414 6919 3030 7064 2987 7066 2992 6920 2416 7063 2987 7066 2416 7063 2785 7067 2785 7067 2787 7065 3030 7064 2785 7067 3030 7064 2987 7066 2590 7068 2315 4798 2317 4800 2685 7069 2684 7069 2897 7069 2668 7070 2961 7070 2669 7070 2293 4780 3103 7071 2294 4781 3103 7071 2384 7072 2294 4781 2294 4781 2384 7072 2606 7073 2384 7072 3143 23 2606 7073 3143 23 2318 23 3039 23 2318 23 3434 7074 3039 23 3039 23 3434 7074 2295 4782 3434 7074 3374 7075 2295 4782 3374 7075 3163 7076 2295 4782 3163 7076 2293 4780 2295 4782 3143 23 3039 23 2606 7073 3044 5662 3160 5878 3045 5663 2505 5719 3075 5718 3428 7077 2984 5580 2847 7078 3414 7079 2984 5580 3414 7079 2985 5581 2846 7080 2848 7081 3046 5664 2848 7081 2742 5254 3046 5664 2303 5665 3412 7082 3047 5666 2331 5674 3298 7083 3052 5675 2381 7084 2435 4920 2382 4922 3397 6526 2996 6645 2493 7085 2990 5586 3397 6526 2493 7085 2495 6644 2984 5587 2493 7085 2984 5587 2990 5586 2493 7085 2645 5677 3216 7086 3053 5678 3342 7087 3341 7087 3356 7087 3013 7032 2980 5571 3025 5641 2977 5572 2431 5622 3011 7088 3025 5641 3026 5642 3013 7032 3026 5642 2977 5572 3011 7088 3011 7088 3013 7032 3026 5642 2389 5686 2388 7089 2427 5687 3221 7090 3061 5690 3062 5692 3061 5690 3417 7091 2672 5691 2566 5066 2272 5065 3210 7092 2272 5065 2274 7093 3210 7092 2600 6945 2705 6947 2704 7094 2601 7095 2600 6945 2704 7094 2296 6532 2671 5574 2822 7096 2671 5574 2601 7095 2574 7097 2622 23 2296 6532 2784 23 2822 7096 2671 5574 2574 7097 2784 23 2296 6532 2822 7096 2601 7095 2704 7094 2572 7098 2601 7095 2572 7098 2574 7097 2360 6819 2784 23 2822 7096 2439 23 2360 6819 2566 5066 2360 6819 2822 7096 2566 5066 2437 23 2439 23 2662 6593 2439 23 2566 5066 2662 6593 2362 6820 2437 23 2662 6593 2792 6587 3093 6590 2839 23 3093 6590 2662 6593 2839 23 2828 7099 2830 6588 2792 6587 3010 6664 2565 6663 2274 7093 2565 6663 2693 6658 2762 7100 2274 7093 2565 6663 2762 7100 2839 23 2828 7099 2792 6587 2837 6592 2839 23 2662 6593 3210 7092 2662 6593 2566 5066 2762 7100 3210 7092 2274 7093 2769 7101 2762 7100 2693 6658 2956 23 2769 7101 2393 6662 2769 7101 2693 6658 2393 6662 2758 7102 2956 23 2444 7103 2756 23 2758 7102 3115 6582 2758 7102 2444 7103 3115 6582 2600 6945 2665 5468 2732 7104 2665 5468 3224 7105 2695 7106 2732 7104 2665 5468 2695 7106 2732 7104 2748 6946 2600 6945 2695 7106 3224 7105 2727 6659 3224 7105 2801 23 2707 23 2678 6605 2680 7107 2492 23 2808 6606 2678 6605 2806 7108 2806 7108 2678 6605 2751 23 2680 7107 2921 7109 2490 7110 2751 23 2678 6605 2492 23 2498 6565 2806 7108 2751 23 2751 23 2754 23 2498 6565 2790 5459 2827 5758 3237 7111 2803 23 2914 5467 2801 23 2914 5467 2790 5459 2460 5694 2801 23 2914 5467 2696 7112 2914 5467 2460 5694 2696 7112 2790 5459 3237 7111 2611 7113 3237 7111 3212 7114 2611 7113 2460 5694 2790 5459 2611 7113 2921 7109 3098 7115 2765 6581 2492 23 2680 7107 2490 7110 3212 7114 2825 7116 2510 6567 2490 7110 2921 7109 2765 6581 3115 6582 2765 6581 3098 7115 2825 7116 2827 5758 2766 5458 2768 6554 2669 6553 2292 7117 2961 6558 2960 6559 2290 7118 2669 6553 2961 6558 2290 7118 2292 7117 2669 6553 2290 7118 2766 5458 2768 6554 3230 7119 2825 7116 2766 5458 3230 7119 3098 7115 2756 23 3115 6582 2768 6554 2292 7117 3196 7120 2768 6554 3196 7120 3230 7119 2624 6578 2442 7121 2700 6661 2507 6579 2624 6578 2700 6661 3230 7119 2508 23 2825 7116 2508 23 2510 6567 2825 7116 2861 6580 2505 7122 2752 7123 2747 7124 2743 6573 2624 6578 2624 6578 2861 6580 2747 7124 2747 7124 2861 6580 2752 7123 2752 7123 2505 7122 2804 7125 2899 7126 2804 7125 2702 6572 2804 7125 2505 7122 2702 6572 2702 6572 2745 6564 2899 7126 2616 6660 2700 6661 2395 7127 2700 6661 2702 6572 2505 7122 2700 6661 2505 7122 2507 6579 2700 6661 2442 7121 2395 7127 2395 7127 2442 7121 2444 7103 2393 6662 2395 7127 2444 7103 2393 6662 2444 7103 2956 23 2510 6567 3217 6566 2657 7128 2727 6659 2693 6658 2695 7106 2707 23 2727 6659 3224 7105 2696 7112 2707 23 2801 23 2510 6567 2657 7128 3212 7114 2657 7128 2611 7113 3212 7114 2611 7113 2547 5695 2460 5694 3392 7129 2504 7130 2310 7131 2504 7130 2503 7132 3345 7133 3149 7134 2325 7135 3201 7136 3201 7136 2325 7135 3133 7137 3133 7137 2560 7138 3201 7136 3270 7139 3201 7136 2560 7138 2560 7138 3156 7140 3265 7141 3156 7140 3426 7142 3055 7143 3426 7142 3425 7144 2918 7145 3138 7146 3425 7144 3181 6982 3425 7144 3110 5778 3181 6982 2918 7145 3425 7144 3138 7146 3181 6982 3192 20 3138 7146 3340 20 2966 5711 3146 20 3340 20 3146 20 2504 7130 3350 20 3340 20 2504 7130 3345 7133 3350 20 2504 7130 3146 20 2310 7131 2504 7130 3338 7147 3435 7148 3345 7133 2339 7149 3167 7150 2654 7151 3167 7150 3338 7147 2654 7151 2654 7151 3338 7147 2503 7132 3338 7147 3345 7133 2503 7132 2654 7151 2503 7132 2652 20 2652 20 2503 7132 2341 7152 2341 7152 2503 7132 2560 7138 3169 6996 3265 7141 2686 6997 2686 6997 3265 7141 3156 7140 2560 7138 2503 7132 3270 7139 2686 6997 3156 7140 3273 7153 3430 6984 3040 7154 3402 7155 3430 6984 2613 7156 3205 6985 3192 20 3205 6985 2613 7156 3430 6984 3402 7155 2613 7156 3040 7154 3033 7157 3402 7155 3055 7143 3273 7153 3156 7140 3033 7157 2881 5705 2563 7158 2881 5705 3416 7159 2563 7158 2563 7158 3416 7159 2971 7160 3416 7159 3336 7161 2971 7160 3336 7161 3401 7162 3061 7163 3401 7162 3353 7164 3061 7163 3055 7143 3426 7142 3174 7165 3174 7165 3426 7142 3169 6996 3426 7142 3427 7166 3169 6996 2528 7167 3436 7168 3360 20 3436 7168 3263 7169 3360 20 3360 20 3263 7169 3362 20 3127 7170 3263 7169 3177 7171 3408 20 2528 7167 3330 7172 3263 7169 3127 7170 3362 20 3089 20 3088 20 3177 7171 3263 7169 3089 20 3177 7171 3088 20 2328 20 2556 20 3081 7173 3251 20 2641 7174 2641 7174 3251 20 3250 20 3081 7173 2641 7174 3366 7175 2328 20 3081 7173 2476 7176 2476 7176 3081 7173 3225 7177 3081 7173 3366 7175 2531 7178 2587 7179 2337 7180 2531 7178 2337 7180 2457 7181 2531 7178 2531 7178 3297 7182 3437 20 3081 7173 2531 7178 3225 7177 2531 7178 3437 20 3225 7177 2328 20 2476 7176 2556 20 3177 7171 3088 20 2556 20 3309 7183 3438 7184 3388 7185 2476 7176 3309 7183 3388 7185 3388 7185 3326 20 2476 7176 3326 20 3323 20 2476 7176 3323 20 2556 20 2476 7176 2528 7167 3360 20 3330 7172 3127 7170 2817 20 2279 6631 2578 6998 3174 7165 3169 6996 2279 6631 3362 20 3127 7170 3353 7164 3408 20 3061 7163 3408 20 3330 7172 3061 7163 3427 7166 3426 7142 2918 7145 3330 7172 2844 6629 3061 7163 2526 7186 3422 20 2524 7187 3422 20 2918 7145 3417 7188 2524 7187 3422 20 3417 7188 3336 7161 3061 7163 2971 7160 3417 7188 3342 6628 2524 7187 3138 7146 2673 7189 2918 7145 3033 7157 2563 7158 3402 7155 3138 7146 3192 20 2613 7156 3031 5699 3023 7190 3024 5700 3067 5702 3378 7191 2350 5703 2604 7192 3040 7154 3430 6984 3065 5707 3416 7159 2881 5705 2604 7192 3430 6984 3065 5707 2617 5706 2604 7192 3065 5707 3068 5708 3173 7193 3069 5709 2872 23 2871 7194 3162 7195 3162 7195 2871 7194 2553 7196 2871 7194 2916 7197 2551 6085 2871 7194 2551 6085 2553 7196 2773 7198 2872 23 3162 7195 3158 6084 3116 7199 3162 7195 3116 7199 2773 7198 3162 7195 2890 7200 3211 7201 2630 7202 3211 7201 2560 7138 2630 7202 2560 7138 3133 7137 2630 7202 3190 6840 2582 5078 2888 6815 3185 20 3190 6840 2888 6815 2888 6815 2890 7200 3204 6843 3185 20 2888 6815 3204 6843 2630 7202 3105 7203 2890 7200 3258 7204 3420 6839 3392 7129 3420 6839 2379 6838 3370 7205 3001 7206 3258 7204 3432 7207 2835 5764 3369 7208 3311 7209 3369 7208 3432 7207 2966 5711 3420 6839 3370 7205 2948 7210 2890 7200 3105 7203 3204 6843 3311 7209 3369 7208 3071 5712 3071 5712 3369 7208 2966 5711 2379 6838 3204 6843 3149 7134 3204 6843 2325 7135 3149 7134 3432 7207 3258 7204 2966 5711 3409 7211 3384 7212 3050 7213 3384 7212 3071 5712 3050 7213 3050 7213 3071 5712 3070 20 2814 7214 3325 7215 3346 7216 3325 7215 3409 7211 3346 7216 3420 6839 2948 7210 3392 7129 3409 7211 3050 7213 3346 7216 3435 7148 2814 7214 3345 7133 2814 7214 3346 7216 3345 7133 3258 7204 3392 7129 2894 7217 2966 5711 3258 7204 2894 7217 3392 7129 2310 7131 2894 7217 2966 5711 3340 20 3070 20 3072 5713 2737 7218 2736 5714 2902 5446 2901 5445 3076 5720 3080 5728 3088 7219 3081 5729 2655 5734 2656 7220 3411 7221 3411 7221 2537 7222 2655 5734 2537 7222 3299 7223 2655 5734 3299 7223 2908 5732 2655 5734 2908 5732 2909 7224 2789 7225 2909 7224 2790 7226 2789 7225 2908 5732 2789 7225 2910 5733 3083 5735 3102 5766 3084 5736 2309 7227 2894 7227 2310 7227 2615 7228 2394 7229 2728 7230 2615 7228 2728 7230 2694 6679 3124 7231 2615 7228 2694 6679 3347 7232 2706 6676 2694 6679 3403 7233 3385 7234 3124 7231 2694 6679 3403 7233 3124 7231 2728 7230 3347 7232 2694 6679 2701 7235 2728 7230 2506 7236 2701 7235 2506 7236 2805 7237 2506 7236 3428 7238 2805 7237 2689 6684 2701 7235 3234 6685 2898 7239 3234 6685 2701 7235 2701 7235 2805 7237 2898 7239 3428 7238 3075 7240 2805 7237 2805 7237 3075 7240 2753 7241 2860 7242 3439 7243 3387 7244 3075 7240 2860 7242 2920 7245 2860 7242 3387 7244 2625 7246 2753 7241 3075 7240 2812 7247 2812 7247 3075 7240 2920 7245 2860 7242 2625 7246 3097 7248 3097 7248 2625 7246 3373 7249 2625 7246 3114 7250 3373 7249 2746 7251 2753 7241 2812 7247 2462 6687 2744 20 2764 7252 2744 20 2746 7251 2764 7252 2860 7242 3097 7248 2920 7245 2746 7251 2812 7247 2764 7252 3439 7243 3403 7233 2763 7253 3403 7233 3148 7254 3009 7255 3403 7233 3009 7255 3404 7256 2763 7253 3403 7233 3404 7256 2567 5737 2838 7257 3410 7258 2567 5737 3410 7258 2663 7259 3410 7258 3361 7260 3228 7261 2663 7259 3410 7258 3228 7261 3361 7260 2829 7262 3119 7263 2829 7262 3246 7264 3119 7263 3246 7264 3423 7265 2285 7266 3119 7263 3246 7264 2596 7267 2793 7268 3099 7269 3086 7270 2793 7268 3086 7270 3096 7271 2883 7272 2793 7268 3096 7271 3423 7265 2883 7272 2598 7273 2883 7272 3096 7271 2598 7273 2596 7267 3246 7264 2285 7266 3257 6776 2739 6757 3058 7274 3086 7270 2698 7275 2863 6774 2739 6757 2608 6775 3058 7274 3060 20 2606 6777 3257 6776 3257 6776 2856 6779 2863 6774 2863 6774 2712 6773 3086 7270 3257 6776 2863 6774 2698 7275 3058 7274 3060 20 3257 6776 2737 7276 3072 6771 2725 6769 2725 6769 2402 7277 2737 7276 2737 7276 2402 7277 2770 7278 2737 7276 2770 7278 3423 7265 2770 7278 2729 7279 3239 7280 2598 7273 2737 7276 3423 7265 3423 7265 2770 7278 2285 7266 3380 6404 2647 6766 2738 7281 2647 6766 2974 6744 2738 7281 3046 6743 2549 6398 3256 7282 2549 6398 2723 6397 3256 7282 2712 6773 3096 7271 3086 7270 3114 7250 3439 7243 3151 7283 2491 7284 2812 7247 2679 7285 3373 7249 3114 7250 2757 7286 3368 7287 3407 6695 2750 7288 2807 7289 3368 7287 2750 7288 2807 7289 2750 7288 3379 6402 2750 7288 2491 7284 3379 6402 3379 6402 2491 7284 2679 7285 2939 7290 2807 7289 3379 6402 2285 7266 2770 7278 3239 7280 3407 6695 3368 7287 2497 7291 3407 6695 2497 7291 3266 6686 2497 7291 2733 7292 3266 6686 2352 7293 3266 6686 2733 7292 2352 7293 2733 7292 2413 7294 2276 7295 2352 7293 2685 7296 2733 7292 3419 7297 2413 7294 2959 7298 2276 7295 2427 7299 2685 7296 2352 7293 2413 7294 2276 7295 2685 7296 2427 7299 3016 7300 2959 7298 2668 7301 2427 7299 2668 7301 2959 7298 2670 20 2685 7296 2413 7294 3313 7302 2670 20 2412 20 3419 7297 2708 7303 3160 7304 2413 7294 2412 20 2670 20 2413 7294 3419 7297 3160 7304 3045 7305 3160 7304 2708 7303 3045 7305 2708 7303 2346 6400 2346 6400 2708 7303 3440 7306 3152 6399 2549 6398 2468 7307 2468 7307 3045 7305 2346 6400 2346 6400 3152 6399 2468 7307 2708 7303 2939 7290 3379 6402 3440 7306 2708 7303 3371 7308 3371 7308 2708 7303 3379 6402 3046 6743 3256 7282 2738 7281 3046 6743 2738 7281 2974 6744 3380 6404 2738 7281 2568 7309 3379 6402 3272 6401 3371 7308 2568 7309 3284 6405 3380 6404 3380 6404 2951 6403 2729 7279 2951 6403 3239 7280 2729 7279 2920 7245 2679 7285 2812 7247 3361 7260 3119 7263 3228 7261 2757 7286 3114 7250 3151 7283 2957 7310 3151 7283 3439 7243 2763 7253 2957 7310 3439 7243 2763 7253 2567 5737 2761 5739 2567 5737 2663 7259 3085 5738 2597 7311 2737 7311 2598 7311 2699 5740 2698 7312 3086 5741 3401 7162 3336 7161 3321 20 3436 7168 2528 7167 3401 7162 3090 20 3436 7168 3321 20 3436 7168 3401 7162 3321 20 3251 20 3081 7173 3090 20 3321 20 3251 20 3090 20 3081 7173 3088 20 3090 20 3093 5749 3099 7313 3094 5750 3096 5755 2712 7314 2711 5756 2443 7315 3387 7244 3439 7243 3439 7243 2860 7242 2728 7230 2860 7242 2506 7236 2728 7230 3114 7250 2443 7315 3439 7243 3439 7243 2728 7230 2394 7229 3148 7254 3403 7233 2567 5737 3439 7243 2394 7229 3385 7234 3385 7234 3403 7233 3439 7243 2273 7316 3148 7254 2567 5737 2749 7317 2926 6682 2666 6680 2666 6680 2602 7318 2703 7319 2602 7318 2979 7320 2573 7321 2979 7320 2982 7322 3289 7323 3289 7323 2982 7322 2777 7324 2982 7322 2778 7325 2777 7324 2778 6756 3322 6755 2333 6758 2703 7319 2749 7317 2666 6680 3364 7326 2703 7319 2602 7318 2573 7321 3364 7326 2602 7318 2979 7320 3289 7323 2573 7321 2895 6760 2859 6763 3333 7327 2573 7321 3289 7323 2895 6760 3333 7327 2573 7321 2895 6760 3333 7327 2859 6763 2567 5737 2859 6763 2438 7328 2567 5737 2838 7257 2567 5737 2438 7328 2763 7253 3404 7256 2273 7316 2567 5737 2763 7253 2273 7316 3381 6762 3094 6764 3099 7269 2361 20 3381 6762 3099 7269 3099 7269 2793 7268 2838 7257 2838 7257 2793 7268 2829 7262 2793 7268 3246 7264 2829 7262 2361 20 3099 7269 2838 7257 2438 7328 2361 20 2838 7257 2921 5483 2920 5482 3097 5759 3099 5761 3093 7329 3087 5762 2918 7145 2673 7189 3417 7188 3417 7188 3061 7163 3342 6628 3061 7163 2844 6629 3342 6628 3342 6628 2485 6630 3354 20 3342 6628 3354 20 2721 20 3354 20 3355 7330 2721 20 3355 7330 2963 7331 3328 7332 2721 20 3355 7330 3328 7332 2526 7186 3342 6628 3215 20 3422 20 2526 7186 2799 7333 3342 6628 2721 20 3215 20 3307 7334 2526 7186 3215 20 2522 5014 2279 6631 2817 20 2817 20 3328 7332 2522 5014 2522 5014 3328 7332 2963 7331 2560 7138 3265 7141 3375 7335 2341 7152 2560 7138 3131 7336 2560 7138 3375 7335 3131 7336 3167 7150 2339 7149 3332 7337 3332 7337 2339 7149 3102 7338 2339 7149 2341 7152 3172 7339 3167 7150 3332 7337 3348 7340 2341 7152 3131 7336 3172 7339 2938 7341 3348 7340 2584 7342 3172 7339 2799 7333 3438 7184 2526 7186 3307 7334 2799 7333 3348 7340 3332 7337 2584 7342 2799 7333 3307 7334 3438 7184 3307 7334 2454 20 3438 7184 2584 7342 3325 7215 2814 7214 2584 7342 2814 7214 2938 7341 2454 20 3388 7185 3438 7184 3438 7184 3309 7183 3327 7343 3102 7338 2339 7149 3084 7344 3084 7344 2339 7149 3172 7339 3172 7339 3438 7184 2446 7345 3438 7184 3327 7343 3305 7346 3438 7184 3305 7346 2446 7345 2446 7345 3084 7344 3172 7339 2446 7345 3305 7346 3140 7347 3305 7346 3318 7348 3140 7347 2451 7349 3357 7350 2391 7351 3357 7350 3140 7347 2391 7351 2342 7352 2451 7349 2391 7351 3277 20 2342 7352 2858 20 2342 7352 2391 7351 3297 7182 3140 7347 3318 7348 2640 7353 2391 7351 3140 7347 2640 7353 3318 7348 3309 7183 2640 7353 3309 7183 2476 7176 2370 20 2370 20 2640 7353 3309 7183 2342 7352 3297 7182 2457 7181 2342 7352 2457 7181 2858 20 3384 7212 3409 7211 3277 20 3297 7182 2531 7178 2457 7181 2835 5764 3384 7212 3277 20 3277 20 2858 20 2835 5764 3369 7208 2835 5764 3100 20 2587 7179 3369 7208 2337 7180 3100 20 2337 7180 3369 7208 3101 5765 3332 6231 3102 5766 3095 5754 2346 5753 3440 7354 2816 7355 2818 7356 3341 7357 3341 7357 2964 23 2484 7358 2722 7359 2816 7355 3341 7357 3341 7357 2484 7358 3356 7360 2484 7358 2486 5811 3356 7360 2720 7361 2722 7359 3341 7357 3214 23 2720 7361 3341 7357 2455 7362 3214 23 3341 7357 2455 7362 3341 7357 2800 7363 2455 7362 2800 7363 3183 7364 3341 7357 2525 7365 2800 7363 2525 7365 2499 4991 2798 7366 2798 7366 2499 4991 2919 7367 3324 7368 2453 7369 2477 7370 2327 7371 2329 7372 3287 7373 2329 7372 2477 7370 3287 7373 2477 7370 2453 7369 3308 7374 2917 6509 2919 7367 2499 4991 2643 7375 3135 7376 2327 7371 3287 7373 2643 7375 2327 7371 3183 7364 3308 7374 2455 7362 2455 7362 3308 7374 2453 7369 3101 7377 3083 7378 2340 7379 2525 7365 2798 7366 2800 7363 3083 7378 3183 7364 2340 7379 2585 7380 3101 7377 2813 7381 3183 7364 3130 23 3329 23 2583 7382 2585 7380 2815 7383 2813 7381 3101 7377 2340 7379 3170 6508 2579 6514 2687 6512 2687 6512 3157 6511 3170 6508 3157 6511 2559 7384 3170 6508 2559 7384 2561 7385 3132 7386 2561 7385 3260 6064 2631 7387 2631 7387 2324 23 2561 7385 3132 7386 3329 23 3130 23 2324 23 3132 7386 2561 7385 3170 6508 2559 7384 3132 7386 3329 23 2340 7379 3183 7364 2585 7380 2813 7381 2815 7383 3278 7388 2583 7382 3344 7389 2583 7382 2815 7383 3344 7389 2815 7383 3337 7390 3344 7389 3337 7390 3351 7391 3358 7392 3344 7389 3337 7390 3358 7392 3278 7388 3344 7389 3049 7393 2456 7394 2343 7395 3051 7396 2343 7395 3278 7388 3051 7396 3107 5774 2834 7397 3051 7396 3278 7388 3049 7393 3051 7396 3051 7396 2893 5775 3107 5774 2893 5775 2309 7398 3259 7399 3259 7399 3106 5773 2893 5775 2946 5779 3279 7400 3111 5780 3010 5852 3009 7401 3148 5853 3112 5782 2535 7402 2925 5783 2493 5724 3078 5723 3390 7403 2839 5785 2838 7404 2829 5786 2444 5788 2443 7405 3114 5789 2608 7406 2607 7406 3255 7406 2990 5791 2774 7407 3116 5792 3118 5794 3228 5991 3119 5795 3120 5796 3283 7408 2592 5797 2557 23 3324 7368 2477 7370 2557 23 2477 7370 2558 7409 3128 7410 2558 7409 2477 7370 3128 7410 2477 7370 3080 7411 2477 7370 2329 7372 3080 7411 3128 7410 3080 7411 3135 7376 3126 7412 3128 7410 2278 7413 3262 7414 3128 7410 3135 7376 3080 7411 2327 7371 3135 7376 2643 7375 2642 7415 3264 7416 3320 7417 2642 7415 3249 7418 3135 7376 2643 7375 3134 7419 2642 7415 3320 7417 3264 7416 2643 7375 3264 7416 3134 7419 3441 7420 2564 7421 2972 7422 3320 7417 3441 7420 3221 7423 3441 7420 2972 7422 3221 7423 3062 5813 3136 7424 3352 7425 3221 7423 3062 5813 3352 7425 2278 7413 2280 7426 3126 7412 2280 7426 2818 7356 3126 7412 2278 7413 3128 7410 3262 7414 3320 7417 3221 7423 3264 7416 3359 7427 2278 7413 3264 7416 3262 7414 3264 7416 2278 7413 3122 5799 3442 7428 3123 5800 2541 5805 3015 7429 3125 5806 2562 7430 2564 7421 2882 7431 2564 7421 3441 7420 2882 7431 2882 7431 3441 7420 2880 7432 3441 7420 3274 6089 2880 7432 3274 6089 3275 6090 2880 7432 3275 6090 2618 23 2880 7432 3062 5813 2672 7433 2486 5811 3136 7424 3062 5813 3331 7434 3062 5813 2845 7435 3331 7434 2529 7436 3136 7424 3331 7434 2845 7435 3062 5813 2843 7437 2562 7430 2882 7431 3034 7438 2614 7439 2562 7430 2603 7440 2562 7430 3034 7438 2603 7440 2605 7441 3275 6090 3443 7442 2614 7439 2603 7440 3443 7442 2603 7440 2605 7441 3443 7442 3443 7442 3191 7443 3180 7444 3139 7445 2614 7439 3180 7444 2614 7439 3443 7442 3180 7444 2674 7446 3139 7445 3424 7447 3139 7445 3180 7444 3424 7447 3180 7444 3182 7448 3424 7447 3188 7449 3191 7443 3443 7442 3444 7450 2489 4981 3182 7448 2489 4981 3424 7447 3182 7448 3188 7449 3443 7442 3444 7450 3424 7447 2499 4991 2674 7446 2499 4991 2525 7365 2672 7433 3182 7448 3188 7449 3444 7450 2525 7365 3356 7360 2672 7433 3356 7360 2486 5811 2672 7433 2672 7433 2674 7446 2499 4991 3264 7416 3221 7423 2527 7451 3331 7434 3359 7427 2529 7436 3359 7427 3264 7416 2529 7436 3221 7423 3352 7425 2527 7451 2818 7356 2280 7426 3236 7452 2280 7426 2843 7437 3236 7452 3264 7416 2527 7451 2529 7436 2962 23 2964 23 3341 7357 2962 23 3341 7357 2818 7356 3236 7452 2962 23 2818 7356 3236 7452 2843 7437 3129 5812 3129 5812 2843 7437 3062 5813 3134 5818 3090 7453 3089 5819 3222 7454 3224 7105 2665 5468 2665 5468 2914 5467 3222 7454 2914 5467 2803 23 3222 7454 3012 5821 3011 7455 2431 5822 2674 5828 2673 7456 3138 5829 2447 5831 2446 7457 3140 5832 2723 5834 3152 7458 3142 5835 2827 5356 2826 5355 3240 7459 3296 6244 3225 6243 3437 7460 3260 6064 2889 5841 2629 7461 2889 5841 3396 7462 3186 7463 2889 5841 3186 7463 3144 5840 3186 7463 2953 7464 3150 7465 3144 5840 3186 7463 3150 7465 2629 7461 2631 7387 3260 6064 2953 7464 2380 7466 3150 7465 3104 23 2629 7461 2889 5841 3176 7467 2502 7468 3132 7386 3132 7386 2324 23 3202 7469 3132 7386 3202 7469 3176 7467 2324 23 2326 7470 3202 7469 3202 7469 2326 7470 3150 7465 2326 7470 3144 5840 3150 7465 3145 5842 2414 6730 2787 5843 3434 7471 2318 4801 2320 4803 3014 7472 3125 7472 3015 7472 3144 5845 3204 7473 3105 5846 2311 5848 2310 7474 3146 5849 2380 5855 2379 7475 3149 5856 2758 5271 2757 5270 3151 5858 3029 6792 3012 6794 2430 5860 3154 5861 3242 6795 3028 6793 2978 7476 3029 6792 2430 5860 3154 5861 3028 6793 2983 5862 2978 7476 2430 5860 2983 5862 2591 5863 2363 7477 2365 5864 3426 6927 3156 5866 3157 5867 2499 6924 3426 6927 3157 5867 2914 7478 2306 7479 3057 7480 2306 7479 2308 7481 3057 7480 3171 7482 3057 7480 2308 7481 3042 7483 3171 7482 2308 7481 3043 7484 3042 7483 2890 7485 2889 7486 3043 7484 2890 7485 3042 7483 2308 7481 3175 7487 3175 7487 2890 7485 3042 7483 2968 7488 2990 7489 3179 7490 2990 7489 3117 7491 3179 7490 2969 7492 2968 7488 3179 7490 3207 7493 2969 7492 3063 7494 3063 7494 2969 7492 3179 7490 3208 7495 3207 7493 3065 7496 3065 7496 3207 7493 3063 7494 3275 25 3208 7495 3065 7496 3158 5868 3209 7497 3159 5869 2360 5388 2859 5387 3381 6963 2367 5874 2366 7455 2475 5875 2411 5877 2413 7498 3160 5878 2553 5879 2552 7499 3161 5880 3163 5882 3374 7500 3164 5883 2896 6882 2776 7501 3367 6880 2776 7501 2335 20 3367 6880 2896 6882 3367 6880 2297 6883 2501 5562 3174 7502 2578 5563 2850 7503 2612 7503 3147 7503 3166 5888 3338 7504 3167 5889 3182 7505 3181 7505 3187 7505 3178 7506 3123 7507 3442 7508 3442 7508 3431 7509 3178 7506 3431 7509 2967 7510 3178 7506 2967 7510 3206 7511 3064 7512 3206 7511 3274 21 3416 7513 3274 21 3441 7514 3416 7513 3441 7514 3336 6241 3416 7513 3206 7511 3416 7513 3064 7512 3064 7512 3178 7506 2967 7510 3169 5891 3427 7515 2917 5892 3265 7516 3169 5891 3170 5893 2364 4845 3056 7517 3057 5894 3172 5896 3183 7518 2800 5897 3173 5899 2927 7519 2929 5900 3120 7520 3211 5956 3175 5903 2308 5904 2307 5955 3155 5905 2307 5955 2591 7521 3155 5905 3155 5905 3120 7520 3175 5903 2579 5075 2578 5074 2686 7522 3176 5906 3270 7523 2503 5907 3177 5909 2556 5046 2558 5048 3183 5915 3172 7524 3131 5916 3189 5920 3421 7525 3190 5921 2518 5009 2517 5008 3193 5924 2292 4779 2291 4778 3195 5926 2618 5928 2617 7526 2881 5929 3229 5992 2874 5994 3232 7527 3197 5933 2795 5993 3394 7528 2580 5932 3229 5992 3232 7527 3197 5933 3394 7528 2581 5931 2580 5932 3232 7527 3197 5933 3306 6171 3305 6170 3327 7529 3198 5934 2644 7530 3199 5935 3150 5937 3149 7531 3201 5938 3184 7532 3190 7532 3185 7532 2953 5942 3203 5941 2954 7533 3189 5977 3218 5976 3421 7534 2955 5529 2954 5528 3218 7535 2801 5322 3372 7536 2802 5323 3396 7462 2637 5140 2639 5142 2634 5137 2833 5359 2635 5138 2293 6228 3163 5882 2354 5884 2775 7537 2774 5948 3161 5950 2870 7538 2775 7537 3161 5950 3210 5951 2761 5273 3085 5952 2778 7539 2982 7540 2833 7541 2778 7539 2833 7541 3397 7542 2990 2886 2677 7543 3397 7542 2677 7543 2778 7539 3397 7542 3211 5956 3120 7520 3121 5957 3121 5957 2591 7521 2307 5955 3162 5958 3161 7544 3209 5959 2924 5961 3198 7545 3200 5962 3214 5964 3307 6173 3215 5965 3008 5966 3007 7546 3216 5967 2536 20 2535 6813 3227 20 2638 7547 2781 7548 3229 7549 2781 7548 2780 7550 3229 7549 2780 7550 3112 7551 3229 7549 3112 7551 3113 7552 3229 7549 2639 21 2638 7547 2582 21 3334 6239 2639 21 2582 21 2582 21 3420 7553 3334 6239 2638 7547 3229 7549 2580 21 2580 21 2582 21 2638 7547 2658 5972 2657 7554 3217 5973 3186 7555 3185 7555 3203 7555 3383 7556 2997 5600 2373 5602 3219 5978 3294 6138 3220 5397 2972 5979 2971 7557 3061 5980 2477 5985 2476 7558 3225 5986 2873 7559 2797 7560 2781 7561 3395 6784 2796 7562 3233 7563 2873 7559 2781 7561 2638 5141 3233 7563 2873 7559 2638 5141 2638 5141 3395 6784 3233 7563 2781 7561 2797 7560 3393 7564 2796 7562 3395 6784 3393 7564 2797 7560 2796 7562 3393 7564 2646 5988 3053 7565 3227 5989 2664 5173 2663 5172 3228 5991 3229 5992 3394 7528 2795 5993 3230 5995 3339 6248 3231 5996 3232 5997 2874 7566 2873 5998 2775 5294 2870 5402 2872 5404 2545 23 2544 7567 2934 23 2936 6001 2545 23 2934 23 2656 5164 2621 5163 2544 7567 2621 5163 2934 23 2544 7567 3235 6003 2545 23 2936 6001 2933 7568 3235 6003 2619 6002 2891 5426 2933 7568 2621 5163 2621 5163 2655 5162 2891 5426 2619 6002 2621 5163 2933 7568 2286 4773 2285 4772 3239 6008 3020 6012 3376 7569 3241 6013 3241 7570 2307 7571 2306 7572 2306 7572 3279 7573 2885 7574 3241 7570 2306 7572 3018 7575 2887 7576 3018 7575 2306 7572 2885 7574 2887 7576 2306 7572 3279 7573 2946 7577 3254 7578 2946 7577 2945 7579 3254 7578 3254 7578 2945 7579 3252 7580 2945 7579 3018 7575 2887 7576 2945 7579 2887 7576 3252 7580 3254 7578 2885 7574 3279 7573 3154 6015 2429 7581 3013 6016 2660 6018 2659 7582 2853 6019 3243 6021 3290 7583 2594 6022 2571 6030 3148 7584 2273 6031 3079 6033 3423 7585 3246 6034 3082 6036 2841 7586 3247 6037 3248 6039 3367 7587 2809 6040 3249 6042 2642 7588 3250 6043 3252 6045 3245 7589 3253 6046 2887 6049 2886 7590 3245 6050 2511 6052 2738 7591 3256 6053 3041 7592 3260 7593 3211 7594 3260 7593 2561 5051 2560 5050 2364 7595 3041 7592 3211 7594 3056 7596 2364 7595 2307 7597 3376 7598 3056 7596 2307 7597 2307 7597 3241 7599 3376 7598 2364 7595 3211 7594 2307 7597 3260 7593 2560 5050 3211 7594 2692 6055 2691 7600 3257 6056 2942 6058 2930 6861 2628 6059 3260 6064 3041 5659 3043 5661 3258 6061 3001 7601 3003 6062 2773 7602 3116 7602 2774 7602 3261 6065 3411 7603 2656 6066 3132 6071 3375 7604 3265 6072 2351 4832 2876 5409 3266 6074 3267 6075 2289 7605 3268 6076 3202 6078 3201 7606 3270 6079 3271 6081 3371 7607 3272 6082 3110 5778 3109 5777 3429 6983 2652 7608 3329 7608 2653 7608 3444 7450 2487 4979 2489 4981 3123 7609 3178 5912 2916 7197 3117 5911 3116 7199 3158 6084 3178 5912 3117 5911 2916 7197 2551 6085 2916 7197 3117 5911 3197 7610 3233 7610 2796 7610 3276 6091 3267 7611 3269 6092 2914 6097 3111 7612 3279 6098 2323 4806 2322 4805 3280 6100 3077 5721 3076 5720 3281 6101 2551 5040 3159 7613 2552 5041 3068 6104 2879 7614 3418 7615 3418 7615 3004 6102 3068 6104 3004 6102 2912 5465 3282 6103 2912 5465 2911 5464 3282 6103 3058 7616 3255 7616 3059 7616 2774 5948 2990 7617 3209 5949 2990 7617 3431 7618 3122 6105 3431 7618 3442 7619 3122 6105 3122 6105 2870 7538 2552 6106 2870 7538 3161 5950 2552 6106 3209 5949 2990 7617 3159 6107 3159 6107 2990 7617 3122 6105 3120 6108 3155 7620 2365 6109 3285 6111 2851 7621 2661 6112 3139 6114 3138 7622 2613 6115 3351 7623 3350 7623 3345 7623 3287 6117 3366 6321 2641 6118 3074 7624 2740 7625 2676 7626 3288 6120 2832 7627 2831 6121 2759 6123 3268 7628 2289 6124 3289 6126 2777 5296 2776 5295 2833 7629 2634 7630 3276 7631 2634 7630 2450 7632 3398 7633 2450 7632 2449 7634 3109 7635 2449 7634 2487 7636 3109 7635 2487 7636 3444 7637 3109 7635 3444 7637 3429 7638 3109 7635 3398 7633 3276 7631 2634 7630 3109 7635 3398 7633 2450 7632 2612 5165 2611 7639 2657 5166 2605 7441 2618 23 3275 6090 3290 6128 3243 7640 3291 6129 2452 7641 2344 7642 2392 7643 2392 7643 2344 7642 2390 7644 2344 7642 2343 7395 2456 7394 2390 7644 2344 7642 2336 7645 3141 7646 3319 7647 2392 7643 3319 7647 2452 7641 2392 7643 2456 7394 2336 7645 2344 7642 3304 23 3141 7646 3310 7648 2336 7645 2338 7649 2530 7650 2857 7651 2456 7394 2836 7652 2456 7394 3051 7396 2834 7397 2456 7394 2834 7397 2836 7652 2857 7651 2836 7652 3106 5773 2857 7651 3106 5773 2586 7653 3106 5773 3259 7399 3002 7654 3259 7399 2309 7398 2947 7655 2338 7649 2857 7651 2586 7653 3183 7364 3083 7378 2445 7656 3306 7657 3308 7374 3183 7364 3183 7364 2445 7656 2447 7658 3304 23 3306 7657 2447 7658 3306 7657 3183 7364 2447 7658 2447 7658 3141 7646 3304 23 3310 7648 3141 7646 2369 7659 2477 7370 3308 7374 2371 7660 3308 7374 3310 7648 2371 7660 3141 7646 2392 7643 2369 7659 2369 7659 2371 7660 3310 7648 2390 7644 2336 7645 3296 7661 3296 7661 2336 7645 2530 7650 2338 7649 2586 7653 2530 7650 3287 7373 2477 7370 3226 7662 3226 7662 3296 7661 2532 7663 2532 7663 3287 7373 3226 7662 2530 7650 2532 7663 3296 7661 3002 7654 2586 7653 3106 5773 3003 7664 3002 7654 3259 7399 2639 5142 3334 7665 3189 7666 3184 7667 3186 7463 3396 7462 3334 7665 3259 7399 2947 7655 2639 5142 3184 7667 3396 7462 3184 7667 2639 5142 3189 7666 2965 7668 2893 5775 3051 7396 2965 7668 3051 7396 3349 7669 2311 7670 2965 7668 3349 7669 2311 7670 3349 7669 3351 7391 3351 7391 3337 7390 3166 7671 2813 7381 2340 7379 2937 7672 2340 7379 3413 7673 3168 7674 2937 7672 2340 7379 3168 7674 3168 7674 3413 7673 3166 7671 3166 7671 3413 7673 2502 7468 3351 7391 3166 7671 2502 7468 2653 23 3329 23 2502 7468 3329 23 3132 7386 2502 7468 2502 7468 2947 7655 3351 7391 3413 7673 2653 23 2502 7468 2311 7670 3351 7391 2947 7655 2309 7398 2311 7670 2947 7655 3189 7666 3334 7665 2378 7675 2947 7655 2949 7676 3334 7665 2378 7675 3334 7665 2949 7676 2955 7677 3189 7666 2380 7466 3189 7666 2378 7675 2380 7466 2380 7466 2953 7464 2955 7677 2588 7678 2287 4774 2289 4776 2289 4776 3267 7679 2588 7678 3276 7680 3399 7681 2841 7682 3399 7681 2842 7683 2841 7682 3267 7679 3276 7680 2588 7678 2841 7682 3082 7684 3288 7685 3288 7685 3082 7684 3293 7686 3082 7684 2288 4775 3293 7686 2288 4775 2287 4774 3293 7686 2588 7678 3276 7680 3288 7685 3288 7685 3276 7680 2841 7682 2670 7687 2669 7687 2684 7687 2422 20 2434 20 2428 6134 2434 20 2433 6976 2428 6134 2433 6976 2426 6978 2428 6134 2661 5170 2660 5169 3286 7688 3194 5925 3193 5924 3294 6138 2287 6139 2589 7689 2760 6140 2825 7690 3213 7690 2826 7690 3206 6724 2853 6723 2659 7691 2851 6144 2853 6723 2967 5547 3206 6724 2659 7691 2661 6143 2851 6144 2967 5547 2969 5549 3207 6142 3206 6724 2661 6143 2851 6144 2969 5549 3207 6142 3433 7692 2381 4862 2383 4864 2536 6145 3199 7693 2644 6146 3399 7694 3276 7694 3398 7694 3295 6148 2448 7695 3292 6149 3135 6151 3089 7696 3263 6152 3296 6155 3437 7697 3297 6156 2974 6158 2973 7698 3298 6159 2635 7699 2840 7700 3399 7701 2840 7700 2842 7702 3399 7701 2636 7703 2635 7699 3399 7701 2488 7704 2636 7703 3399 7701 2489 7705 2488 7704 3110 7706 3424 6925 2489 7705 3110 7706 3110 7706 3425 6926 3424 6925 2488 7704 3399 7701 3108 7707 3108 7707 3110 7706 2488 7704 3109 6617 3108 6615 3295 6614 2427 7708 2897 7708 2961 7708 2488 4980 2448 4935 2594 7709 3292 6468 2450 4937 2636 7710 3290 7711 3292 6468 2636 7710 2488 4980 2594 7709 3290 7711 2636 7710 2488 4980 3290 7711 3299 6161 2537 5026 2539 5028 2726 6163 2725 7712 3301 6164 3049 6297 3346 6296 3050 7713 3235 6166 2933 7714 3302 6167 3264 6070 3263 6069 3436 7715 3431 7618 2990 7617 2968 7716 2455 6172 2454 7717 3307 6173 2603 7718 3040 7718 2604 7718 2752 7719 2805 7719 2753 7719 2836 6175 2835 7720 3311 6176 3312 6178 2768 7721 3313 6179 3314 6181 3382 7722 2423 6182 3315 6187 3363 7723 2609 6188 3048 5668 3433 7724 2383 5669 3264 6191 3436 7725 3090 6192 2739 7726 2676 7626 2740 7625 3106 6196 3311 7727 3071 6197 3140 6199 3357 6288 3319 6200 3128 5810 3127 5809 3177 7728 3320 6202 3249 7729 3251 6203 2818 5341 2817 5340 3127 6205 3013 5620 3012 5619 3242 7730 2784 6207 2783 7731 3322 6208 2702 6210 2701 7732 2689 6211 3323 6213 3326 6220 3324 6214 2358 6215 2868 7733 2869 6216 3363 7734 2739 5249 2741 5251 3278 6218 3409 7735 3325 6219 3326 6220 3388 7736 2453 6221 2722 5225 2721 5224 3328 6225 2554 7737 2470 4958 2472 4960 2585 5081 2584 5080 3332 6231 3032 7738 3066 7052 3036 7054 3310 7739 3309 7739 3318 7739 2574 5069 2573 5068 3333 6232 2545 6236 3235 7740 3303 6237 3334 6239 3420 7553 3258 6061 3441 7514 3320 6202 3336 6241 3065 7741 3430 7742 3275 7743 3430 7742 3429 2886 3444 2886 3275 7743 3430 7742 3443 7744 3430 7742 3444 2886 3443 7744 3337 6245 3435 7745 3338 6246 2341 4822 2340 4821 3329 7746 3230 5995 3196 5927 3195 5926 3340 6249 3349 7747 3051 6250 3115 6252 3114 7748 2625 6253 2486 6255 2485 7749 2523 6256 2498 7750 2497 7750 3368 7750 3254 6259 3253 7751 3343 6260 3344 6262 3358 7752 3345 6263 2329 6265 2328 7753 3088 6266 2707 6268 2706 7754 3347 6269 2814 6271 3435 7755 3337 6272 2937 6274 3168 7756 3167 6275 3103 7757 2293 6228 2353 6229 3354 6281 2484 7758 2964 6282 2962 6006 2522 6005 2963 7759 2631 5133 2630 5132 3133 7760 2845 7761 2844 7761 3330 7761 2522 6285 3236 7762 3129 6286 3357 6288 2451 4938 2452 4939 2338 6289 2337 7763 3100 6290 2521 6292 2843 7764 2280 6293 2714 7765 2823 6690 2789 6691 2714 7765 2789 6691 2788 7766 3359 6299 3331 7767 3330 6300 3051 5673 3050 5672 3070 7768 3359 6306 3360 7769 3362 6307 2524 7770 3356 7770 2525 7770 2704 6310 2703 7771 3364 6311 2803 6312 2802 7772 3223 6313 2654 6315 3413 7773 2340 6316 2410 6318 2409 7774 3365 6319 2532 5021 2531 5020 3366 6321 2676 7775 2675 7775 3074 7775 3368 6323 2807 7776 2806 6324 3002 6326 3432 7777 3369 6327 2949 6329 2948 6992 3370 6330 3095 6332 3440 7778 3371 6333 3195 7779 2291 7780 3313 7302 2291 7780 3016 7300 3313 7302 2668 7301 2670 20 3313 7302 3313 7302 2767 6688 3339 7781 2767 6688 2612 6669 3231 7782 2612 6669 2658 7783 3231 7782 3231 7782 2658 7783 2509 6697 3016 7300 2668 7301 3313 7302 2658 7783 2546 5072 2509 6697 3195 7779 3313 7302 3339 7781 2767 6688 3231 7782 3339 7781 3224 6335 3415 7784 3372 6336 3098 5760 3097 5759 3373 6338 3374 6339 3434 7785 2320 6340 3861 8707 3862 8708 3863 8709 3864 8710 3865 8711 3866 8712 3867 8713 3868 8714 3869 8715 3870 8716 3871 8717 3872 8718 3873 8719 3874 8720 3875 8721 3876 8722 3877 8723 3878 8724 3879 8725 3880 8726 3881 8727 3882 8728 3883 8729 3884 8730 3885 8731 3886 8732 3887 8733 3888 8734 3889 8735 3890 8736 3891 8737 3892 8738 3893 25 3894 8739 3895 8740 3896 8741 3897 8742 3898 8742 3899 8742 3900 8743 3901 8744 3902 8745 3903 8746 3904 8747 3905 8748 3906 8749 3907 8750 3908 8751 3909 8752 3910 8753 3911 8754 3912 8755 3913 8756 3914 8757 3915 8758 3916 8759 3917 8760 3918 8761 3919 8762 3920 8763 3921 8764 3922 8765 3923 8766 3914 8767 3924 8768 3925 8769 3926 8770 3910 8771 3927 8772 3928 8773 3929 8774 3930 8775 3931 8776 3932 8777 3933 8778 3934 8779 3935 8780 3936 8781 3937 8782 3938 8782 3939 8782 3940 8783 3941 8784 3942 8785 3943 8786 3944 8787 3945 8788 3946 8789 3947 8790 3894 8791 3948 8792 3933 8778 3949 8793 3950 8794 3951 8795 3952 8796 3927 8797 3909 8798 3953 8799 3954 8800 3955 8801 3956 8802 3957 8803 3958 8804 3959 8805 3960 8806 3961 8806 3962 8806 3963 8807 3964 8808 3965 8809 3966 8810 3967 8811 3968 8812 3969 8813 3970 8814 3971 8815 3972 8816 3973 8817 3887 8818 3974 8819 3975 8820 3976 8821 3977 8822 3978 8823 3979 8824 3980 8825 3949 8793 3981 8826 3982 8827 3983 8828 3984 8829 3985 8830 3986 8831 3987 8832 3988 8833 3989 8834 3990 8835 3925 8836 3991 8837 3950 8838 3992 8839 3993 8840 3994 8841 3995 8842 3996 8843 3997 8844 3998 8845 3999 8846 4000 8847 4001 8848 4002 8849 4003 8850 4004 8851 4005 8852 3867 8853 4006 8854 4007 8855 3888 8856 4008 8857 4009 8858 4010 8859 4011 8860 4012 8861 4013 8862 4014 8863 4015 8864 4016 8865 4017 8866 4018 8867 4019 8868 4020 8869 4021 8869 4022 8869 4023 8870 4024 8871 4025 8872 4026 8873 4027 8874 4028 8875 4029 8876 4030 8877 4031 8878 4032 8879 4033 8880 4030 8881 4034 8882 4035 8883 4036 8884 4037 8885 4038 8886 4039 8887 3962 8888 4040 8889 4041 8890 4042 8891 4043 8892 4044 8893 4045 8894 4046 8895 4014 8896 3878 8724 4047 8897 4048 8898 4049 8899 3971 8815 4050 8900 4051 8901 4052 8902 4053 8903 4054 8904 4055 8905 4056 8906 4057 8907 4058 8908 4059 8909 4060 8910 3937 8911 3960 8912 4061 8913 4062 8914 4038 20 4063 8915 4064 8916 3911 8917 4065 8918 4066 8919 4067 8920 4068 8921 4069 8922 4070 8923 4071 8924 4072 8925 4073 8926 4074 8927 4075 8928 4076 8929 4077 8930 4078 8931 4079 8932 4080 8933 4081 8934 4082 8935 4083 8936 4084 8937 4085 8938 4086 8939 4087 8940 4088 8941 4016 8942 4089 8943 4090 8944 4091 8945 4092 8946 4093 8947 4094 8948 4095 8948 4096 8948 4097 8949 4098 8950 4099 8951 4100 8952 4101 8953 4102 8954 4103 8955 4009 8956 4008 8957 4104 8958 4105 8959 3926 8960 4106 8961 4107 8962 4108 8963 4109 8964 4110 8965 4111 8966 4112 8967 4113 8968 4100 8969 3953 8970 4114 8971 4115 8972 4116 8973 4020 8974 4117 8975 4118 8976 4119 8977 3901 8978 4120 8979 4121 8980 4122 8981 3889 8982 4123 8983 4103 8984 4124 8985 4125 8986 4126 8987 4064 8916 4063 8915 4119 8988 4127 8989 4076 8929 4075 8928 4128 8990 3888 8991 3890 8992 4129 8993 4130 8994 4069 8995 4131 8996 3902 8745 4132 8997 4133 8998 4050 8999 4134 9000 4135 9001 4136 9002 4137 9003 4138 9004 4139 9005 4140 9006 3924 9007 4141 9008 4142 9009 4143 9010 4144 9011 4145 9012 4133 8998 4134 9000 4146 9013 4147 9014 4148 9015 4149 9016 4150 9017 4151 9018 4152 9019 4153 9020 4154 9021 3975 8820 4044 8893 4155 9022 4156 9023 4157 9024 4158 9025 4159 9026 4160 9027 3945 9028 4161 9029 4162 9030 4059 8909 4163 9031 3956 9032 4164 9033 4165 9034 3879 9035 3881 9036 4166 9037 4167 9038 4168 9039 3889 9040 4169 9041 4146 9013 4033 9042 4170 9043 4171 9044 4172 9045 4173 9046 4174 9047 4086 9048 3925 9049 3950 9050 4175 9051 4142 9052 4176 9053 4177 9054 4178 9055 4179 9056 4055 8905 4180 9057 4181 9058 4182 9059 4183 9060 4184 9061 4185 9062 4186 9063 4056 8906 4187 9064 4115 9065 4144 9066 4104 9067 4188 9068 4189 9069 4190 9070 4191 9071 4192 9072 4193 9073 4194 9074 4195 9075 4196 9076 4197 9077 4198 9077 4199 9077 4172 9078 4200 9079 4201 9080 4202 9081 4197 9082 4203 9083 4204 9084 4205 9085 4179 9086 4070 9087 4206 9087 4207 9087 4208 9088 4209 9089 4210 9090 3867 9091 4211 9092 4212 9093 4213 9094 4214 9095 4215 9096 4216 9097 4217 9098 4218 9099 4219 9100 4220 8717 4221 8718 3940 9101 3942 9102 4222 9103 4223 9104 4224 9105 4225 9106 4226 9107 3979 8824 4227 9108 4228 9109 4229 9110 3970 8814 4230 9111 4231 9112 4232 9113 4233 9114 4185 9115 4234 9116 4235 9117 4236 9118 4135 9119 4237 9120 4238 9121 4239 9122 4013 9123 4240 9124 4023 9125 4241 9126 4242 9127 4243 9128 4042 9129 4044 9130 4084 9131 4244 9132 4245 9133 3932 8777 4246 9134 4247 9135 4248 9136 4249 9137 4250 9138 4251 9139 4252 9140 4253 9141 4254 9142 4255 9143 4256 9144 4257 9145 4258 9146 4085 8938 3935 8780 4026 9147 4028 9148 4247 9149 4259 9150 4260 9151 4261 9152 4262 9153 4263 9154 4106 9155 3911 8917 4264 9156 4063 8915 4265 9157 4266 9158 4124 9159 4267 9160 4268 9161 4260 9151 4197 9082 4202 9081 4269 9162 4197 9163 4270 9164 4112 9165 4271 9166 4272 9167 4273 9168 4274 9169 4275 9170 4212 9171 4147 9172 4248 9173 4148 9174 4276 9175 4277 9176 4278 9177 4275 9178 4274 9178 4279 9178 4280 9179 4281 9180 4042 9181 4282 9182 4283 9183 4284 9184 4279 9185 4285 9185 4286 9185 4287 9186 4288 9187 4289 9188 4158 9189 4290 9190 4291 9191 4292 9192 4067 8920 4283 9183 4012 9193 4293 9194 4294 9195 4096 9196 4295 9197 4068 9198 3863 9199 4296 9200 4297 9201 4298 9202 4299 9203 4300 9204 4301 9205 4302 9206 3903 8746 4303 9207 4304 9208 4214 9209 4305 9210 4306 9211 4307 9212 4308 9213 4309 9214 4192 9072 4010 9215 4310 9216 4167 9217 4311 9218 4312 9219 4313 9220 4314 9221 3937 9222 4315 9223 3937 9222 4314 9221 4316 9224 3952 9225 3951 9226 4317 9227 4102 9228 4318 9229 4319 9230 4320 9231 4210 9090 4321 9232 4111 9233 4322 9234 4323 9235 4324 9236 4152 9019 4084 8937 4325 9237 4326 9238 4327 9239 4328 9240 4329 9241 3985 8830 4330 9242 4331 9243 4015 9244 3917 9245 4332 9246 4333 9247 4126 9248 4334 9249 4232 9113 4319 9250 4318 9251 4203 9252 4335 9253 4336 9254 4337 9255 4338 9256 4166 9037 4264 9156 4257 9257 4339 9258 4340 9259 4287 9186 4341 9260 4288 9187 4342 9261 4343 9262 4344 9263 4345 9264 4344 9265 4346 9266 4347 9267 4348 9268 4349 9269 4350 9270 4226 9271 4351 9272 4352 9273 4222 9103 4353 9274 4354 9275 4355 9276 4356 9277 4357 9278 4351 9279 4358 9280 4359 9281 4360 9282 4255 9283 4361 9284 4362 9285 4363 9286 4364 9287 4365 9288 4366 9289 4226 9107 4227 9108 4277 9176 4367 9290 4368 9291 4369 9292 4370 9293 4036 8884 4371 9294 4358 9295 4281 9296 4280 9297 4372 9298 4373 9299 4374 9300 4375 9301 4376 9302 4377 9303 4378 9304 4379 9305 4380 9306 4381 9307 4149 9016 4217 9098 4344 9308 4343 9308 4378 9308 4079 9309 4382 9310 4383 9311 4384 9312 3984 8829 3964 8808 4385 9313 4386 9314 4074 8927 4387 9315 4388 9316 4389 9317 3872 8718 4390 9318 4391 9319 4392 9320 4393 9321 4394 9322 4395 9323 4396 9324 4038 9325 4397 9326 4398 9327 4184 9328 4231 9329 4399 9330 4400 9331 4401 9332 4402 9333 4403 9334 4404 9137 4405 9335 4406 9336 4407 9337 4408 9338 4252 9339 4409 9340 4410 9341 4411 9342 4412 9343 4321 9232 3874 8720 4413 9344 4414 9345 4415 9346 4416 9347 4417 9348 4418 9349 4143 9350 4419 9351 4144 9352 4420 9353 4421 9354 4012 9355 4048 8898 4422 9356 4423 9357 4424 9358 4425 9359 4426 9360 4427 9361 4428 9362 4429 9363 4430 9364 4431 9365 4164 9366 4362 9367 4116 9368 4117 9369 4432 9370 4433 9371 4434 9372 4346 9266 4435 9373 4436 9374 4437 9375 4438 9376 4275 9377 4439 9378 4440 9379 4441 9380 4442 9381 4443 9382 4444 9383 4445 9384 4446 9385 4447 9386 4448 9387 4449 9388 3941 9389 4450 9390 4132 9391 3880 9392 4006 9393 4122 9394 4007 9395 4093 9396 4451 9397 4452 9398 4453 9399 4163 9031 4121 9400 4454 9401 4455 9402 4456 9403 4457 9404 4458 9405 4459 9406 4460 9407 4461 9408 4462 9409 4463 9410 4464 9411 4465 9412 4466 9413 4467 9414 4468 9415 4469 9068 4470 9069 4325 9237 4471 9416 4472 9417 4404 9137 4473 9418 4474 9419 3865 9420 4475 9421 4476 9422 4477 9423 4035 9424 4478 9425 4479 9426 4354 20 4480 20 4481 9427 4482 9428 4483 9429 4484 9430 4485 9431 4486 9432 4487 9433 4022 9434 4488 9435 4489 9436 4490 9437 3876 9438 4491 9439 4492 9440 4493 9441 4494 9442 4495 9443 4481 9444 4341 9445 4496 9446 4454 9401 4497 9447 4436 9374 4498 9448 4364 9449 4241 9450 4499 9451 4500 9452 4177 9453 4501 9454 4407 9455 4502 9456 4196 9076 4503 9457 4504 9458 3994 9459 4493 9460 4505 9461 4506 9462 3928 9463 4507 9464 4478 9465 4416 9466 4508 9467 4509 9468 4510 9469 4511 9470 4290 9471 4512 9472 4369 9292 4513 9473 4514 9474 3937 9475 4316 9476 3960 9477 4515 9478 4516 9479 4517 9480 4159 9481 4158 9482 4262 9483 4059 8909 4162 9030 4057 8907 4518 9484 3938 9485 3937 9486 4519 9487 4161 9488 4245 9489 4520 9490 4311 9491 4521 9492 3939 9493 4314 9494 4315 9495 4522 9496 3885 9497 4523 9498 4319 9499 4524 9500 4442 9501 4525 9502 4526 9503 4527 9504 4060 9505 4284 9184 4195 9075 4528 9506 4440 9379 4529 9507 3957 8803 3959 8805 4530 9508 4531 9509 4503 9510 4532 9511 4088 9512 4533 9513 4534 9514 4535 9515 4536 9417 4249 9137 4264 9516 3927 9517 3953 20 4537 9518 4538 9519 4539 9520 4446 9521 4540 9522 4541 9523 3923 9524 4542 9525 4543 8796 4544 9526 4545 9527 4066 9528 4546 9529 4532 9511 4545 9527 4547 9530 4548 9531 4549 9532 4550 9533 4551 9534 4552 9535 4553 9536 4554 9537 4301 9205 4517 9538 4555 9539 4556 9540 4557 9541 4215 9096 4558 9542 4041 9543 4559 9544 3939 9545 4560 9546 4383 9547 4561 9548 4400 9549 4562 9550 4265 9551 4563 9552 4564 9553 4565 9554 4069 9555 4566 9556 4567 9557 4403 9558 4402 9559 4345 9264 4568 9560 4439 9378 4569 9561 4327 9239 4570 9562 3995 8842 4571 9563 4572 9564 4219 9100 4573 9565 4574 9566 4575 9567 4565 9554 4564 9553 4576 9568 4328 9240 4577 9569 4578 9570 4579 9571 4580 9572 4581 9573 4582 9574 4583 9575 4330 9576 4359 9577 4584 9578 4585 9579 4586 9580 4587 9581 4588 9582 3992 9583 4589 9584 3993 9585 4182 9586 4590 9587 4547 9588 4340 9589 4537 9590 4392 9591 4591 9592 3976 8821 4486 9432 4592 9593 4462 9594 4072 9595 4254 9596 4561 9597 4593 9598 4581 9573 4594 9599 4271 9166 4199 9600 4524 9601 4319 9602 4549 9603 4595 9604 4235 9605 4596 9606 4597 9607 4491 9608 4598 9609 4599 9610 4180 9611 4600 9612 4601 9613 4602 9614 4603 9615 4604 9616 4605 9617 4606 9618 4607 9619 4608 9552 4568 9620 4569 9621 4052 9622 4609 9623 4610 9624 4602 9625 4611 9626 4612 9627 4375 9628 4601 9629 4613 9630 4614 9631 4433 8842 4615 9632 4001 8848 4616 9168 4617 9633 4618 9634 4619 9635 4499 9636 4620 9637 4621 9638 4622 9639 4623 9640 3987 8832 4624 9641 4603 9615 4625 9642 4626 9643 4188 9068 4627 9644 4003 8850 4002 8849 4432 9645 4628 9562 4433 8842 4377 9646 4629 9647 4630 9648 4631 9649 4632 9650 3883 8729 4633 9651 4634 9652 4635 9653 4636 9654 4637 9655 4638 9656 4639 9657 4640 9658 3966 8810 4641 9659 4642 9660 4482 9661 4251 9139 4099 9662 4643 9663 4608 9552 4644 9553 4645 9664 4499 9636 4646 9665 4500 9666 4647 9166 4648 9167 4616 9168 4649 9667 4650 9599 4647 9166 4221 8718 4651 9668 4652 9669 4534 9670 4653 9671 4654 9672 4655 9673 4656 9674 4553 9536 4588 9675 4657 9676 4658 9677 4659 9678 3947 9679 3946 9680 4297 9681 4660 9682 4661 9683 4662 9684 3913 9685 4663 9686 4593 9687 4664 9688 3924 9007 4665 9689 3981 8826 3944 9690 4666 9691 4539 9692 4667 9618 4406 9336 4500 9693 4646 9694 4662 9695 3866 9696 4668 9697 4291 9698 4669 9699 4670 9700 4671 9701 3875 8721 4396 9324 4672 9702 4673 9703 4674 9704 4674 9705 4675 9706 4129 9707 4605 9617 4676 9708 4677 9709 3934 8779 3936 8781 3978 8823 4025 9710 4658 9711 3921 9712 4015 9713 4331 9714 3897 9715 4567 9716 3919 9717 4678 9718 4679 9719 3965 8809 4449 9720 3899 9721 4680 9722 4681 9723 4682 9724 4411 9725 4683 9726 4684 9727 4685 9728 4154 9021 4207 9729 4686 9729 4094 9729 4071 9730 4073 9731 4348 9732 4294 9733 4687 9734 4586 9142 4688 9735 4689 9736 4690 9737 4307 9738 4691 9739 3915 9740 4692 9741 4693 9742 4535 9515 4694 9743 4198 9744 4197 9745 3896 8741 4695 9746 4696 9747 4696 9748 4697 9749 4043 9750 4317 9751 4407 9752 4698 9753 4043 9754 4697 9755 4659 9756 4677 9709 3892 8738 3891 8737 4699 9757 4700 9758 4701 9759 4701 9760 4702 9761 4342 9762 4690 9763 4703 9764 3906 9765 4704 9766 4705 9767 4706 9768 3908 9769 4707 9770 4708 9771 4709 9772 4337 9255 4685 9728 3993 9773 4589 9774 4710 9775 4711 9776 4712 9777 4474 9419 4418 9778 4417 9779 4077 9780 4468 9415 4713 9781 4466 9413 4714 9782 4061 9783 4715 9784 4716 9785 4353 9786 3983 8828 4391 9319 4717 9787 4718 9788 4681 9789 4719 9790 4582 9791 4720 9792 4721 9793 4722 9794 4723 9795 4239 9122 4238 9121 4724 9796 3884 9797 4725 9798 4724 9796 4725 9798 4726 9799 4521 9800 4727 9801 4515 9802 4728 9803 4533 9804 4632 9805 4366 9806 4729 9807 4401 9808 3939 9809 4730 9810 4704 9811 4000 9812 4731 9813 4505 9814 4630 9815 4732 9815 4733 9815 4734 9816 4735 9817 4445 9818 4736 9819 4530 9508 4410 9341 4737 9820 3990 8835 3958 8804 4738 9821 4670 9700 4739 9822 4022 9823 4489 9824 4427 9825 4444 9826 4740 9827 4694 9828 4741 9829 4742 9830 4655 9673 4743 9831 4744 9832 4420 9833 4356 9277 4726 9799 4354 9275 4745 9834 4039 9835 4746 9836 4747 9837 4748 9838 4434 9839 4434 9839 4748 9838 4097 9840 4413 9841 4749 9842 4750 9843 4750 9843 4749 9842 4751 9844 4750 9843 4751 9844 4752 9845 4752 9845 4751 9844 4753 9846 4434 9372 4413 9344 4750 9847 4434 9372 4750 9847 4747 9848 4747 9848 4750 9847 4752 9849 4097 8949 4748 9850 4751 9851 4748 9850 4753 9852 4751 9851 4751 9851 4749 9853 4097 8949 4754 9854 4140 9006 4175 9855 4654 9856 4480 9857 4173 9858 4543 9859 4542 9860 4011 9861 4755 9862 4487 9433 4756 9863 4484 9864 4757 9865 4091 8945 4452 9153 4758 9154 4641 9155 4759 9866 4225 9106 4551 9867 3968 8812 4760 9868 4609 9623 4761 9869 4762 9870 4763 9871 4764 9872 4765 9873 4766 9874 4767 9875 4426 9360 4309 9214 4575 9876 4768 9877 4490 9878 4423 9879 4574 9880 4573 9881 3997 8844 4579 9571 4769 9882 4770 9883 4771 9884 4471 9416 4276 9175 4278 9177 4151 9018 4772 9885 4234 9886 4304 9887 4773 9888 4218 9889 4027 9890 4490 9891 4774 9892 3876 9893 4775 9894 4031 9895 4229 9110 4776 9896 4777 9897 4778 9898 4126 9899 4171 9900 4170 9901 4231 9902 4779 9903 4126 9904 4201 9905 4780 9906 4231 9907 4422 9908 4781 9909 4782 9910 4483 9911 4783 9912 4757 9913 4034 8882 4349 9914 4035 8883 3869 9915 4781 9916 4437 9917 4156 9918 4784 9919 4357 9920 4785 9921 4786 9922 4787 9923 4788 9924 4127 8989 4789 9925 4789 9925 4127 8989 4790 9926 4789 9925 4790 9926 4791 9927 4791 9927 4790 9926 4508 9928 4508 9467 4790 9929 4792 9930 3869 20 4437 9931 4423 20 4658 9677 4793 9932 4743 9933 4385 9934 4074 20 4172 9935 4794 9936 4475 9421 4795 9937 4795 9937 4475 9421 4796 9938 4795 9937 4796 9938 4018 8867 4018 8867 4796 9938 4019 8868 4776 9896 4778 9898 4797 9939 4776 9896 4797 9939 4798 9940 4798 9940 4797 9939 4799 9941 4799 9941 4797 9939 4800 9942 4800 9943 4797 9944 4475 9945 4475 9945 4797 9944 4796 9946 4796 9946 4797 9944 4778 9947 4778 9947 4019 9948 4796 9946 4127 9949 4259 9950 4801 9951 4127 9949 4801 9951 4790 9952 4790 9952 4801 9951 4802 9953 4790 9952 4802 9953 4792 9954 4792 9954 4802 9953 4803 9955 4804 9956 4803 9957 4805 9958 4805 9959 4803 9960 4802 9961 4805 9959 4802 9961 4806 9962 4806 9962 4802 9961 4801 9963 4806 9964 4801 9965 4261 9966 4261 9966 4801 9965 4259 9967 4807 9968 4683 9969 4467 9970 4804 9971 4805 9972 4508 9973 4508 9973 4805 9972 4791 9974 4806 9975 4789 9976 4805 9972 4805 9972 4789 9976 4791 9974 4789 9976 4806 9975 4788 9977 4806 9975 4261 9978 4788 9977 4018 9979 4776 9980 4795 9981 4795 9981 4776 9980 4798 9982 4795 9981 4798 9982 4794 9983 4798 9982 4799 9984 4794 9983 4698 9985 4808 9986 3912 9987 4662 9695 4668 9697 4139 9005 4455 9988 4762 9989 4456 9990 4809 9991 4756 9863 4336 9992 4810 9993 4476 9422 4811 9994 4812 9995 4289 9188 4632 9650 4275 9996 4005 9997 4004 9998 3887 8733 3886 8732 3972 9999 4804 9956 4753 9846 4803 9957 4383 10000 4479 10001 4507 9464 3973 10002 4080 10003 4082 10004 4652 9669 4638 10005 4637 10006 4459 10007 3954 10008 4457 10009 4430 10010 4508 9973 4510 10011 4813 10012 3890 8992 4058 8908 4620 9637 4814 10013 3870 8716 4733 10014 4815 10014 4051 10014 4816 10015 4081 10016 4785 10017 4799 9941 4748 9838 4747 9837 4753 9852 4817 10018 4457 10019 4541 10020 4818 10021 4819 10022 4820 10023 4821 10024 4633 9651 4243 9128 4242 9127 4427 9361 4427 9361 4242 9127 4822 10025 4389 9317 4388 9316 4823 10026 4823 10026 4388 9316 4824 10027 4823 10028 4824 10029 4447 10030 4447 10030 4824 10029 4825 10031 4427 9825 4389 10032 4823 10033 4427 9825 4823 10033 4243 10034 4243 10034 4823 10033 4447 9386 4447 9386 4826 10035 4243 10034 4618 9634 4827 10036 4606 9618 4394 10037 4828 10038 4829 10039 4822 10040 4242 10041 4824 10042 4824 10042 4242 10041 4825 10043 4825 10043 4242 10041 4830 10044 4822 10040 4824 10042 4388 10045 3905 8748 4578 9570 4577 9569 4323 10046 4062 10047 4714 10048 4144 10049 4831 10050 3861 10051 4678 10052 3918 10053 4672 10054 4832 10055 4833 10056 4834 10057 4834 10058 4835 10059 4157 10060 4556 9540 4836 10061 4525 9502 4667 9618 4538 9619 4563 9552 4527 9504 4312 10062 4520 9490 4715 10063 4837 10064 4109 8964 4786 10065 4523 10066 4787 10067 4286 10068 4838 10069 4839 10070 4108 10071 4840 10072 4832 10073 4190 9070 4841 10074 4432 9645 4706 10075 4705 10076 4518 10077 4380 10078 4842 10079 4699 10080 4843 10081 4844 10082 4372 9298 4839 10083 4845 10084 3867 10085 4614 9631 4846 10086 4820 10023 3920 10087 4847 10088 4469 9068 4848 10089 4374 9300 4373 9299 4740 10090 4849 10091 4730 10092 4783 10093 4491 9608 4464 9411 4850 10094 4558 9542 4398 10095 4851 10096 4852 10097 4853 10098 4853 10098 4852 10097 4854 10099 4853 10098 4854 10099 4497 9447 4497 9447 4854 10099 4496 9446 4313 10100 4855 10101 4425 9359 4856 10102 4825 10043 4830 10044 4832 10103 4511 10104 4721 10105 4273 9168 4857 10106 4666 9691 4829 10107 4584 10108 4858 10109 4710 10110 4761 9869 4859 10111 4710 10110 4859 10111 4860 10112 4860 10112 4859 10111 4861 10113 4861 10113 4859 10111 4862 10114 4861 10113 4862 10114 4721 10115 4721 10115 4862 10114 4722 10116 4511 9470 4512 9472 4863 10117 4863 10117 4512 9472 4864 10118 4863 10117 4864 10118 4865 10119 4865 10119 4864 10118 4387 10120 4387 9315 4864 10121 4866 10122 4761 10123 4866 10124 4859 10125 4859 10125 4866 10124 4864 10126 4862 10127 4859 10125 4864 10126 4862 10127 4864 10126 4722 10128 4864 10126 4512 10129 4722 10128 4852 10130 4191 10131 4854 10132 4191 10131 4428 10133 4854 10132 4854 10132 4428 10133 4496 10134 4429 9363 4428 9362 4867 10135 4867 10135 4428 9362 4868 10136 4868 10136 4428 9362 4191 9071 4868 10136 4191 9071 4193 9073 4497 10137 4429 10138 4867 10139 4497 10137 4867 10139 4853 10140 4853 10140 4867 10139 4868 10141 4193 10142 4851 10143 4868 10141 4868 10141 4851 10143 4853 10140 4721 10105 4511 10104 4863 10144 4721 10105 4863 10144 4861 10145 4861 10145 4863 10144 4865 10146 4861 10145 4865 10146 4860 10147 4860 10147 4865 10146 4387 10148 4860 10147 4387 10148 4710 9775 4509 10149 4811 10149 4510 10150 4204 10151 4552 10152 4205 10153 4090 10154 4869 10155 4870 10156 4180 10157 4583 10158 4003 10159 4871 10160 4175 9855 4872 10161 4333 10162 4414 10163 4305 10164 4873 10165 4874 10166 4723 9795 4875 10167 4465 9412 4268 9161 4876 10168 4877 10169 4878 10170 4879 10171 4766 9874 4597 9607 4053 10172 4880 10173 4611 10174 4445 10175 4856 10176 4446 10177 4852 10097 4514 9474 4513 9473 4881 10178 4371 9294 4882 10179 4492 10180 4494 10181 4298 10182 4876 10183 4488 10184 4822 10040 4883 10185 4137 10186 4136 10187 4870 10188 4884 10189 4045 10190 4661 10191 4885 10192 4143 10193 4081 10194 4886 10195 4887 10196 4488 10197 4878 10198 4489 10199 4882 10179 4888 10200 4881 10178 4889 10201 4739 9822 4855 10101 4072 10202 4078 10203 4417 10204 4277 9176 4890 10205 4226 9107 4708 10206 4707 10207 4688 10208 4891 10209 4872 10210 4712 8788 3930 10211 4892 10212 4893 10213 4746 10214 4894 10215 4745 10216 4819 10217 4895 10218 4734 9816 4893 10219 4896 10220 3998 10221 3861 8707 4831 10222 3862 8708 3864 8710 4473 10223 3865 8711 3870 8716 4814 10013 3871 8717 3873 8719 4412 9343 3874 8720 4897 10224 4754 9854 4175 9855 3876 8722 4774 10225 3877 8723 3879 8725 4450 10226 3880 8726 3882 8728 4898 10227 3883 8729 4086 8939 4174 10228 4087 8940 4855 10229 4739 10230 4262 10231 4739 10230 4670 10232 4262 10231 4670 10232 4669 10233 4262 10231 4669 10233 4511 10104 4157 10234 4159 10235 4669 10233 4157 10234 4511 10104 4832 10103 4834 10236 4511 10104 4834 10236 4157 10234 4669 10233 4159 10235 4262 10231 4319 10237 4442 10238 4106 10239 4442 10238 4855 10229 4106 10239 4199 10240 4319 10237 4108 10241 4721 10105 4197 10242 4199 10240 4319 10237 4106 10239 4108 10241 4721 10105 4199 10240 4832 10103 4108 10241 4832 10103 4199 10240 4855 10229 4262 10231 4106 10239 4165 10243 3954 8800 3956 8802 4023 20 4245 10244 4013 10245 4754 10246 4897 10247 3991 10248 4897 10247 4871 10249 3991 10248 3991 10248 4871 10249 3951 10250 4871 10249 4891 10251 3951 10250 3951 10250 4891 10251 4407 10252 4891 10251 4711 10253 4407 10252 4711 10253 4473 10254 4407 10252 4473 10254 3864 23 4808 23 3864 23 4662 9684 4663 9686 4663 9686 4808 23 3864 23 3924 10255 4754 10246 3991 10248 4138 10256 4754 10246 3924 10255 4899 10257 4138 10256 3913 9685 4662 9684 4899 10257 3913 9685 4138 10256 3924 10255 3913 9685 4473 10254 4808 23 4407 10252 4900 10258 4741 9829 3893 25 4741 9829 3891 8737 3893 25 4658 9677 4657 9676 4793 9932 3900 8743 4118 10259 3901 8744 3903 8746 4302 9206 3904 8747 3912 9987 4808 9986 4663 10260 4064 10261 4901 10262 4114 10263 4901 10262 4118 23 4114 10263 3911 8754 4064 10261 3909 8752 4064 10261 4114 10263 3909 8752 3912 8755 4663 10264 3913 8756 3915 8758 4691 10265 3916 8759 4688 10208 4707 10207 4902 10266 4153 9020 4684 9727 4154 9021 4903 10267 4130 10268 4675 10269 4243 10034 4903 10267 4673 10270 4673 10270 4903 10267 4675 10269 4565 10271 3920 8763 4340 23 3920 8763 4243 10034 3918 8761 4340 23 4392 10272 4565 10271 4340 23 3920 8763 4257 23 4257 23 3920 8763 4566 10273 4243 10034 4673 10270 3918 8761 4566 10273 3920 8763 3919 8762 4566 10273 4255 23 4257 23 4785 10274 4081 10194 4887 10196 3921 8764 4658 10275 3922 8765 3901 10276 4119 10277 4115 10278 4119 10277 4063 10279 4115 10278 4063 10279 3953 20 4115 10278 3902 10280 3901 10276 4104 10281 4104 10281 3901 10276 4115 10278 4132 10282 3902 10280 4104 10281 3880 20 4132 10282 3926 10283 3926 10283 4132 10282 4104 10281 3881 10284 3880 20 3926 10283 3881 10284 3926 10283 3927 9517 4166 10285 3881 10284 3927 9517 4264 9516 4166 10285 3927 9517 3914 8767 3913 10286 3924 8768 3928 8773 4506 10287 3929 8774 3934 8779 4258 9146 3935 8780 3940 8783 4448 10288 3941 8784 3943 8786 4665 10289 3944 8787 3948 8792 4904 10290 3933 8778 3950 8794 3991 10291 3951 8795 4016 8865 4015 8864 4089 10292 3959 10293 4689 10294 4530 10295 4689 10294 4902 10296 4530 10295 4410 10297 4530 10295 4902 10296 4411 10298 4410 10297 4902 10296 4467 10299 4683 10300 4905 10301 4683 10300 4411 10298 4707 10302 4905 10301 4683 10300 4707 10302 4468 10303 4467 10299 4905 10301 3990 10304 3989 10305 3907 10306 3989 10305 4468 10303 3907 10306 4905 10301 3907 10306 4468 10303 4411 10298 4902 10296 4707 10302 3927 8797 3910 10307 3909 8798 3957 8803 4737 9820 3958 8804 4906 10308 4352 9273 4353 9274 3966 8810 4640 9658 3967 8811 3948 10309 4658 10310 4024 10311 3948 10309 3980 10312 4658 10310 3980 10312 4907 10313 3922 10314 4907 10313 4665 10315 3922 10314 3922 10314 4665 10315 4542 10316 4665 10315 3943 10317 4542 10316 3943 10317 4160 10318 4012 10319 3943 10317 4012 10319 4542 10316 4904 10320 3948 10309 4024 10311 3931 10321 4904 10320 4024 10311 4244 10322 3931 10321 4908 10323 4519 10324 4244 10322 4240 10325 4244 10322 4908 10323 4240 10325 4024 10311 4908 10323 3931 10321 3980 10312 3922 10314 4658 10310 4909 10326 4006 8854 3888 8856 3972 8816 4910 10327 3973 8817 3977 8822 4911 10328 3978 8823 4912 10329 4361 10330 4116 10331 4116 10331 4361 10330 4763 10332 4913 10333 4876 10183 4492 10334 4913 10333 4492 10334 4300 10335 4300 10335 4299 10336 4763 10332 4913 10333 4300 10335 4763 10332 4361 10330 4913 10333 4763 10332 4496 10337 4428 10338 4914 10339 4428 10338 4822 10040 4021 10340 4914 10339 4428 10338 4455 10341 4822 10040 4488 10184 4021 10340 4428 10338 4021 10340 4455 10341 4455 10341 4021 10340 4116 10331 4763 10332 4455 10341 4116 10331 4504 10342 4492 10334 4388 10045 4761 10123 4763 10332 4299 10336 4504 10342 4388 10045 4915 10343 4388 10045 4866 10124 4915 10343 4761 10123 4299 10336 3992 10344 3992 10344 4915 10343 4866 10124 4866 10124 4761 10123 3992 10344 3985 8830 4329 9241 3986 8831 4128 8990 4909 10345 3888 8991 3988 8833 4713 9781 3989 8834 3925 8836 3924 10346 3991 8837 3982 8827 4716 9785 3983 8828 4754 9854 4138 9004 4140 9006 3995 8842 4570 9562 3996 8843 3998 8845 4896 10347 3999 8846 4246 10348 4916 23 4839 10349 4449 10350 3965 10351 4045 10352 3965 10351 3964 20 4870 20 3965 10351 4870 20 4045 10352 3964 20 3984 20 4870 20 3984 20 3983 10353 4090 10354 3983 10353 4353 10355 4090 10354 4353 10355 4016 10356 4090 10354 3984 20 4090 10354 4870 20 4194 9074 4060 9505 4195 9075 4001 8848 4615 9632 4002 8849 4160 10318 4519 10324 4012 10319 4519 10324 4240 10325 4012 10319 4014 8896 4046 8895 4015 10357 4187 10358 4224 9105 4223 9104 4109 8964 4837 10064 4110 8965 4557 10359 4917 23 4232 10360 4917 23 4850 10361 4232 10360 4850 10361 4126 10362 4232 10360 4557 10359 4232 10360 4231 10363 4245 10244 4161 10364 4013 10245 4161 10364 3945 10365 4011 10366 3945 10365 4543 10367 4011 10366 3945 10365 3944 10368 4543 10367 3944 10368 3981 10369 3923 10370 3981 10369 3949 10371 3921 10372 3949 10371 3933 10373 4025 10374 3949 10371 4025 10374 3921 10372 3933 10373 3932 20 4025 10374 4025 10374 3932 20 4023 20 3932 20 4245 10244 4023 20 3981 10369 3921 10372 3923 10370 3944 10368 3923 10370 4543 10367 4011 10366 4013 10245 4161 10364 4017 8866 4843 10081 4018 8867 4223 9104 4186 10375 4187 10358 4918 10376 4755 9862 4756 9863 4023 8870 4908 10377 4024 8871 4026 8873 4773 10378 4027 8874 4029 8876 4032 10379 4030 8877 4150 9017 4276 9175 4151 9018 4246 10348 4839 10349 3867 10380 4026 10381 4246 10348 3867 10380 4026 10381 3867 10380 4212 10382 4773 10383 4026 10381 4212 10382 4275 10384 4773 10383 4212 10382 4919 10385 4773 10383 4275 10384 4216 23 4919 10385 4279 10386 4381 10387 4216 23 4279 10386 4147 10388 4381 10387 4286 10389 4916 23 4147 10388 4839 10349 4839 10349 4147 10388 4286 10389 4279 10386 4286 10389 4381 10387 4919 10385 4275 10384 4279 10386 4032 8879 4169 10390 4033 8880 4037 8885 4920 10391 4038 8886 4042 8891 4921 10392 4043 8892 4057 8907 4813 10012 4058 8908 4045 10393 4884 10393 4046 10393 4591 9592 3974 8819 3976 8821 4030 10394 4033 10395 4070 10396 4033 10395 4146 10397 4070 10396 4070 10396 4146 10397 4068 10398 4146 10397 4134 10399 4068 10398 4134 10399 4050 20 4096 10400 4068 10398 4134 10399 4096 10400 4050 20 3971 10401 4096 10400 3971 10401 3970 10402 4096 10400 3970 10402 4229 10403 4094 10404 4094 10404 4229 10403 4207 10405 4229 10403 4031 10406 4207 10405 3970 10402 4094 10404 4096 10400 3969 8813 4228 9109 3970 8814 4049 8899 3969 8813 3971 8815 4262 9483 4158 9482 4263 10407 4051 8901 4815 10408 4052 8902 4054 8904 4178 9055 4055 8905 4039 10409 4038 20 4062 8914 4096 10410 4095 10410 4295 10410 4065 8918 4544 10411 4066 8919 4070 8923 4069 8922 4206 10412 4071 8924 4592 10413 4072 8925 4074 8927 4386 9314 4075 8928 4279 10414 4274 10414 4285 10414 4080 8933 4886 10415 4081 8934 4920 10416 4395 9323 4038 9325 4100 8952 4113 10417 4101 8953 4103 8955 4123 10418 4009 8956 4104 8958 4144 10419 4105 8959 4106 8961 4922 10420 4107 8962 3879 23 4338 10421 3910 8753 4338 10421 3911 8754 3910 8753 4450 10422 3879 23 3910 8753 4131 10423 4450 10422 4105 10424 4144 10425 4131 10423 4105 10424 3900 23 4131 10423 4144 10425 4118 23 3900 23 4144 10425 4144 10425 4114 10263 4118 23 4450 10422 3910 8753 4105 10424 4112 8967 4270 10426 4113 8968 3953 8970 3909 10427 4114 8971 4116 8973 4021 10428 4020 8974 4032 10429 4029 10430 4206 10431 4169 10432 4032 10429 4206 10431 4923 23 4169 10432 4069 10433 4133 23 4923 23 4069 10433 4295 10434 4133 23 4069 10433 4049 10435 4133 23 4295 10434 4049 10435 4295 10434 4095 10436 3969 23 4049 10435 4095 10436 4228 23 3969 23 4095 10436 4228 23 4095 10436 4686 10437 4775 10438 4228 23 4686 10437 4169 10432 4206 10431 4069 10433 4207 10439 4206 10439 4686 10439 4118 8976 4901 10440 4119 8977 4442 9501 4524 9500 4924 10441 4120 8979 4925 10442 4121 8980 3889 8982 4168 10443 4123 8983 4127 8989 4788 9924 4076 8929 4453 9399 4162 9030 4163 9031 4925 10444 4453 9399 4121 9400 4129 8993 4675 10445 4130 8994 4131 8996 3900 8743 3902 8745 3889 8735 3888 8734 4167 10446 3888 8734 4007 10447 4167 10446 4007 10447 4122 10448 4167 10446 4122 10448 4121 10449 4010 10450 4122 10448 4010 10450 4167 10446 4121 10449 4163 10451 4008 10452 4121 10449 4008 10452 4010 10450 4163 10451 4059 10453 4008 10452 4059 10453 4058 10454 4103 10455 4058 10454 3890 8736 4103 10455 3890 8736 3889 8735 4103 10455 4059 10453 4103 10455 4008 10452 4135 9001 4236 10456 4136 9002 3894 8791 3947 8790 3895 10457 4138 9004 4899 10458 4139 9005 4925 10459 4120 10460 4310 10461 4120 10460 4006 10462 4310 10461 4006 10462 4909 23 4333 23 4909 23 4128 23 4168 10463 4128 23 4813 10464 4168 10463 4168 10463 4813 10464 4123 10465 4813 10464 4057 10466 4123 10465 4057 10466 4162 10467 4123 10465 4162 10467 4009 10468 4123 10465 4162 10467 4453 23 4009 10468 4310 10461 4009 10468 4925 10459 4333 23 4310 10461 4006 10462 4333 23 4909 23 4168 10463 3897 9715 4331 9714 3898 10469 4068 9198 4295 9197 4069 10470 4167 9217 4310 9216 4333 10471 4346 9266 4344 9265 4435 9373 4157 9024 4835 10472 4158 9025 4160 9027 3943 10473 3945 9028 3956 9032 4430 10474 4164 9033 4167 9038 4333 10475 4168 9039 4169 9041 4923 10476 4146 9013 4452 9398 4451 9397 4758 10477 4568 10478 4749 10479 4415 10480 4749 10479 4413 10481 4415 10480 4173 9046 4480 10482 4174 9047 3952 10483 4712 10484 4872 10485 4872 10485 4175 9051 3950 9050 4175 9051 4140 10486 3925 9049 4140 10486 4139 10487 3914 10488 4140 10486 3914 10488 3925 9049 3952 10483 4872 10485 3950 9050 4142 9052 4926 10489 4176 9053 4178 9055 4927 10490 4179 9056 4172 9045 4171 9044 4928 10491 4180 9057 4599 10492 4181 9058 4183 9060 4397 10493 4184 9061 4186 9063 4054 8904 4056 8906 4115 9065 4114 10494 4144 9066 3908 8751 3907 8750 4905 10495 3982 10496 4384 10497 4869 10498 4869 10498 4929 10499 3982 10496 4188 9068 4626 9643 4189 9069 4205 10500 4552 10501 4269 10502 4552 10501 4551 10503 4270 10504 4552 10501 4270 10504 4269 10502 4551 10503 4225 10505 4270 10504 4205 10500 4269 10502 4202 10506 4179 10507 4205 10500 4202 10506 4318 10508 4179 10507 4202 10506 4055 10509 4179 10507 4318 10508 4056 10510 4055 10509 4318 10508 4056 10510 4318 10508 4101 10511 4187 10512 4056 10510 4101 10511 4113 20 4187 10512 4101 10511 4927 10513 4204 9084 4179 9086 4191 9071 4308 9213 4192 9072 4172 9078 4928 10514 4200 9079 4212 9171 4211 10515 4274 9169 4094 10516 4686 10516 4095 10516 4208 9088 4894 10517 4209 9089 4203 10518 4178 10519 4319 10520 4178 10519 4054 10521 4319 10520 4927 10522 4178 10519 4203 10518 3867 9091 4845 10523 4211 9092 4213 9094 4303 10524 4214 9095 4029 10430 4775 10438 4686 10437 4686 10437 4206 10431 4029 10430 4219 9100 4572 9564 4220 8717 4215 10525 4399 10526 4230 10527 4558 10528 4215 10525 4230 10527 4398 20 4558 10528 4334 10529 4184 10530 4398 20 4334 10529 4125 10531 4184 10530 4334 10529 4185 10532 4184 10530 4125 10531 4234 10533 4185 10532 4266 10534 4304 20 4234 10533 4562 10535 4214 10536 4304 20 4399 10526 4399 10526 4304 20 4562 10535 4234 10533 4266 10534 4562 10535 4558 10528 4230 10527 4334 10529 4266 10534 4185 10532 4125 10531 4226 9107 3977 8822 3979 8824 4817 10537 4431 10538 4816 10539 4228 9109 4775 9894 4229 9110 4850 10361 4397 10540 4126 10362 4126 10362 4397 10540 4124 10541 4397 10540 4183 10542 4124 10541 4183 10542 4233 23 4124 10541 4233 23 4772 10543 4265 23 4265 23 4772 10543 4400 10544 4772 10543 4303 10545 4400 10544 4303 10545 4213 10546 4400 10544 4213 10546 4557 10359 4231 10363 4213 10546 4231 10363 4400 10544 4124 10541 4233 23 4265 23 4233 9114 4183 10547 4185 9115 4235 9117 4595 10548 4236 9118 4237 9120 4367 9290 4238 9121 4930 10549 4434 9839 4097 9840 4243 9128 4930 10549 4241 9126 4930 10549 4097 9840 4241 9126 3979 20 3978 20 4357 10550 4357 10550 3978 20 4156 10551 3978 20 3936 20 4156 10551 3936 20 3935 10552 4156 10551 3935 10552 4044 9130 4156 10551 3935 10552 4085 10553 4044 9130 4085 10553 4084 9131 4044 9130 4084 9131 4152 20 4042 9129 4152 20 4151 20 4280 20 4042 9129 4152 20 4280 20 4151 20 4278 20 4280 20 4278 20 4277 10554 4358 20 4358 20 4277 10554 4357 10550 4277 10554 4227 10555 4357 10550 4278 20 4358 20 4280 20 4244 9132 4519 10556 4245 9133 4916 10557 4246 9134 4248 9136 4246 10558 4026 9147 4247 9149 4249 9137 4536 9417 4250 9138 4252 9140 4408 10559 4253 9141 4255 9143 4360 10560 4256 9144 4258 9146 4083 8936 4085 8938 4259 9150 4267 9160 4260 9151 4931 10561 4223 9104 4225 9106 4265 9157 4562 10562 4266 9158 4267 9160 4875 10167 4268 9161 4197 9163 4269 10563 4270 9164 4271 9166 4594 9599 4272 9167 4145 10564 4528 10565 4529 10566 4447 10567 4825 10568 4145 10564 4529 10566 4447 10567 4145 10564 4147 9172 4916 10569 4248 9173 4276 9175 4890 10205 4277 9176 4932 10570 4355 9276 4481 9444 4158 9189 4835 10571 4290 9190 4012 9193 4421 10572 4293 9194 4060 9505 4282 9182 4284 9184 3863 9199 3862 10573 4296 9200 4383 9311 4382 9310 4479 10574 4186 10575 4223 10576 4102 10577 4102 10577 4223 10576 4100 10578 4223 10576 4931 10579 4100 10578 4931 10579 4759 10580 4112 10581 4931 10579 4112 10581 4100 10578 4759 10580 4550 10582 4112 10581 4550 10582 4204 10583 4197 10584 4204 10583 4927 10522 4203 10518 4197 10584 4204 10583 4203 10518 4550 10582 4197 10584 4112 10581 4054 10521 4186 10575 4102 10577 4102 10577 4319 10520 4054 10521 4298 9202 4589 10585 4299 9203 4301 9205 4554 9537 4302 9206 4303 9207 4772 10586 4304 9208 4283 10587 4067 10588 3961 10589 4284 10590 4283 10587 3961 10589 4743 9933 4793 9932 4933 10591 4305 9210 4414 10592 4306 9211 4308 9213 4767 9875 4309 9214 4381 9307 4147 9014 4149 9016 4237 10593 4516 10594 4727 10595 4237 10593 4727 10595 4311 9218 4237 10593 4311 9218 4313 9220 4312 9219 4705 10596 4313 9220 4705 10596 4849 10091 4313 9220 4740 10090 4313 9220 4849 10091 4313 9220 4424 23 4767 10597 4767 10597 4308 10598 4313 9220 4308 10598 4191 10131 4513 10599 4191 10131 4852 10130 4513 10599 4308 10598 4513 10599 4368 10600 4313 9220 4308 10598 4237 10593 4308 10598 4368 10600 4237 10593 4215 10525 4214 10536 4399 10526 4102 9228 4101 10601 4318 9229 4320 9231 4208 9088 4210 9090 4077 9780 4417 9779 4078 10602 4111 9233 4110 10603 4322 9234 4325 9237 4470 9069 4326 9238 4328 9240 4934 10604 4329 9241 4330 9242 4583 10605 4331 9243 3917 9245 3916 10606 4332 9246 4010 8859 4009 8858 4310 10607 4935 10608 4591 9592 4486 9432 4335 9253 4809 10609 4336 9254 4257 9257 4256 10610 4339 9258 4923 10476 4133 8998 4146 9013 4287 9186 4495 10611 4341 9260 4342 9261 4702 10612 4343 9262 4347 9267 4936 10613 4348 9268 4357 9920 4784 9919 4350 10614 4363 10615 4913 10616 4361 10617 4485 9431 4935 10608 4486 9432 4226 9271 4890 10618 4351 9272 4044 8893 4043 8892 4155 9022 3977 10619 4226 9271 4350 9270 4911 23 3977 10619 4784 10620 3934 10621 4911 23 4784 10620 4155 10622 3934 10621 4784 10620 4258 10623 3934 10621 4155 10622 4083 10624 4258 10623 4155 10622 4043 23 4083 10624 4155 10622 4324 10625 4083 10624 4921 10626 4150 23 4324 10625 4281 10627 4281 10627 4324 10625 4921 10626 4276 10628 4150 23 4281 10627 4890 10618 4276 10628 4351 9272 4351 9272 4276 10628 4281 10627 4083 10624 4043 23 4921 10626 3977 10619 4350 9270 4784 10620 3911 8917 4338 9256 4264 9156 4354 9275 4481 9444 4355 9276 4357 9278 4350 10629 4351 9279 4359 9281 4585 10630 4360 9282 4361 9284 4912 10631 4362 9285 4041 9543 4040 10632 4559 9544 4684 9727 4709 9772 4685 9728 4367 9290 4237 9120 4368 9291 4370 9293 4034 8882 4036 8884 4358 9295 4351 10633 4281 9296 4372 9298 4844 10082 4373 9299 3960 9477 4316 9476 3961 10634 4375 9301 4612 10635 4376 9302 3896 8741 3895 8740 4695 9746 4378 9304 4343 10636 4379 9305 4755 9862 4485 9431 4487 9433 4384 9312 3982 8827 3984 8829 4337 10637 4336 10638 4364 10639 4336 10638 4756 10640 4364 10639 4364 10639 4756 10640 4436 10641 4756 10640 4487 10642 4436 10641 4487 10642 4486 10643 4346 10644 4486 10643 3976 10645 4345 10646 3976 10645 3975 10647 4403 10648 3976 10645 4403 10648 4345 10646 3975 10647 4154 10649 4401 10650 4154 10649 4685 10651 4401 10650 4685 10651 4337 10637 4366 10652 4337 10637 4364 10639 4366 10652 4685 10651 4366 10652 4401 10650 4436 10641 4487 10642 4346 10644 3975 10647 4401 10650 4403 10648 4345 10646 4346 10644 4486 10643 4385 9313 4848 10089 4386 9314 4387 9315 4866 10122 4388 9316 3872 8718 3871 8717 4390 9318 3974 8819 4153 9020 3975 8820 4392 9320 4537 10653 4393 9321 4395 9323 4671 9701 4396 9324 4703 10654 4689 10294 3959 10293 3959 10293 3958 20 4703 10654 3958 20 3990 10304 4703 10654 3990 10304 3907 10306 4703 10654 4397 9326 4850 10655 4398 9327 4729 10656 4365 10657 4684 23 4365 10657 4709 23 4684 23 4684 23 4153 10658 4729 10656 4153 10658 3974 10659 4729 10656 3974 10659 4591 10660 4402 10661 4591 10660 4935 23 4344 10662 4935 23 4485 23 4344 10662 4344 10662 4485 23 4435 10663 4591 10660 4344 10662 4402 10661 4729 10656 3974 10659 4402 10661 4231 9329 4230 10664 4399 9330 4401 9332 4729 10665 4402 9333 4404 9137 4472 9417 4405 9335 4453 23 4925 10459 4009 10468 4937 10666 4413 9344 4434 9372 4407 9337 4501 10572 4408 9338 4409 9340 4736 9819 4410 9341 4412 9343 4320 9231 4321 9232 4413 9344 4691 10667 4306 10668 4414 9345 4332 10669 4415 9346 4413 9344 4306 10668 4414 9345 4124 8985 4266 10670 4125 8986 4416 9347 4478 10671 4417 9348 4143 9350 4885 10672 4419 9351 4420 9353 4744 10673 4421 9354 4142 9009 4141 9008 4926 10674 4048 8898 4047 8897 4422 9356 4424 9358 4313 10100 4425 9359 4427 9361 4822 10025 4428 9362 4430 9364 4816 10675 4431 9365 4362 9367 4912 10676 4116 9368 3947 23 4938 23 4622 23 4622 23 4625 23 3895 10677 3895 10677 3947 23 4622 23 4141 10678 3895 10677 4926 10679 4926 10679 3895 10677 4176 10680 4625 23 4188 10681 4652 10682 4652 10682 3895 10677 4625 23 4221 10683 4652 10682 4188 10681 4221 10683 4188 10681 4190 10684 4219 10685 4221 10683 4190 10684 4219 10685 4190 10684 4571 10686 4190 10684 4432 9370 4571 10686 4571 10686 4432 9370 4434 9372 4001 10687 4003 10159 4680 10688 4433 9371 4001 10687 4434 9372 4001 10687 4680 10688 4434 9372 4180 10157 4182 10689 4331 10690 4182 10689 4937 10666 4331 10690 4434 9372 4930 10691 4643 10692 4571 10686 4434 9372 4643 10692 4930 10691 4293 10693 4421 10694 4930 10691 4421 10694 4560 9546 3898 10695 4331 10690 4937 10666 4560 9546 4692 10696 4535 10697 4560 9546 4535 10697 4249 10698 4937 10666 4434 9372 3898 10695 4930 10691 4560 9546 4251 10699 4560 9546 4249 10698 4251 10699 4680 10688 3898 10695 4434 9372 4930 10691 4251 10699 4643 10692 4216 9097 4381 9307 4217 9098 4441 9380 4569 9561 4439 9378 4919 10700 4216 9097 4218 9099 4442 9381 4924 10701 4443 9382 3928 10702 4687 10703 4391 10704 4687 10703 3872 10705 4391 10704 3928 10702 4391 10704 4718 10706 4505 23 3928 10702 4769 10707 3928 10702 4718 10706 4769 10707 4718 10706 4770 23 4769 10707 4770 23 4471 10708 4769 10707 4471 10708 4404 10709 3997 10710 4769 10707 4471 10708 3997 10710 4243 10034 3920 8763 4469 10711 4243 10034 4469 10711 4325 10712 4646 10713 4243 10034 4406 10714 4406 10714 4243 10034 3995 10715 3995 10715 4243 10034 4327 10716 4243 10034 4325 10712 4327 10716 4404 10709 4406 10714 3995 10715 4404 10709 3995 10715 3997 10710 4000 10717 4505 23 4581 10718 4505 23 4769 10707 4581 10718 4000 10717 4581 10718 3998 10719 4581 10718 4271 10720 4534 10721 3998 10719 4581 10718 4534 10721 4893 10722 3998 10719 4534 10721 4088 10723 4534 10721 4323 10724 4534 10721 4271 10720 3891 10725 4271 10720 4273 10726 3891 10725 4323 10724 4714 10727 4088 10723 4273 10726 4666 23 4677 10728 4273 10726 4677 10728 3891 10725 4666 23 4667 23 4392 10272 4563 10729 4565 10271 4392 10272 4667 23 4563 10729 4392 10272 4111 10730 4323 10724 4534 10721 4666 23 4392 10272 4605 10731 4677 10728 4666 23 4605 10731 4392 10272 4394 10732 3862 10733 4109 10734 4111 10730 3891 10725 4111 10730 4534 10721 3891 10725 4394 10732 4829 10735 4296 10736 4605 10731 4392 10272 3862 10733 3891 10725 4715 10737 4109 10734 4603 10738 4605 10731 3862 10733 3862 10733 4394 10732 4296 10736 3987 10739 4603 10738 4529 10740 3985 10741 3987 10739 4529 10740 4603 10738 3862 10733 4831 10742 3985 10741 4529 10740 3968 23 4328 10743 3985 10741 4609 23 4602 23 4328 10743 4609 23 4609 23 3985 10741 3968 23 3966 23 3968 23 4529 10740 4603 10738 4831 10742 4529 10740 4639 10744 3966 23 4529 10740 4051 23 4635 10745 4733 23 4635 10745 4639 10744 4630 10746 4733 23 4635 10745 4630 10746 4630 10746 4639 10744 4377 10747 4377 10747 4639 10744 4529 10740 4377 10747 4529 10740 4440 10748 4829 10735 4858 10749 4447 9386 4439 10750 4611 10751 4375 10752 4439 10750 4375 10752 4440 10748 4375 10752 4377 10747 4440 10748 4419 10753 4529 10740 4831 10742 4858 10749 4359 10754 4819 10755 4296 10736 4829 10735 4447 9386 4858 10749 4819 10755 4734 10756 4660 10757 4296 10736 4447 9386 4858 10749 4734 10756 4445 9384 4529 10740 4885 10758 4447 9386 4885 10758 4660 10757 4447 9386 4446 9385 4826 10035 4447 9386 4858 10749 4445 9384 4447 9386 4548 10759 4749 9853 3915 10760 4749 9853 4307 10761 3915 10760 4097 8949 4749 9853 4590 10762 3899 10763 4681 10764 4097 8949 4590 10762 4749 9853 4548 10759 3897 10765 3899 10763 4097 8949 4097 8949 4590 10762 3897 10765 4590 10762 4181 10766 3897 10765 3897 10765 4181 10766 4015 10767 4181 10766 4599 10768 4015 10767 4015 10767 4599 10768 4330 10769 4330 10769 4599 10768 4002 10770 4599 10768 4883 10771 4002 10770 4582 10772 4330 10769 4002 10770 4448 9387 4679 10773 4449 9388 4450 9390 4131 10774 4132 9391 4419 10753 4885 10758 4529 10740 3924 9007 4664 9688 4141 9008 4006 9393 4120 10775 4122 9394 4454 9401 4914 10776 4455 9402 4457 9404 4817 10777 4458 9405 4575 9567 4574 9566 4768 10778 4460 9407 4888 10200 4461 9408 4463 9410 4783 10093 4464 9411 4415 9346 4343 10779 4301 23 4415 9346 4301 23 3903 10780 4343 10779 4702 10781 4553 10782 4301 23 4343 10779 4553 10782 4439 10750 4415 9346 4053 10783 4053 10783 4611 10751 4439 10750 4702 10781 4700 10784 4655 10785 4051 23 4053 10783 4635 10745 4053 10783 4415 9346 4635 10745 4633 23 4635 10745 4415 9346 4820 23 4633 23 4415 9346 4614 10786 4820 23 3905 10787 3905 10787 4415 9346 3903 10780 4328 10743 4602 23 4601 10788 4577 10789 4328 10743 4601 10788 3905 10787 4577 10789 4614 10786 4577 10789 4601 10788 4614 10786 4700 10784 4842 10790 4714 10727 4842 10790 4690 10791 4088 10723 4842 10790 4088 10723 4714 10727 3905 10787 4820 23 4415 9346 4553 10782 4702 10781 4655 10785 4700 10784 4714 10727 4741 10792 4655 10785 4700 10784 4741 10792 4715 10737 3891 10725 4741 10792 4714 10727 4715 10737 4741 10792 4086 10793 4088 10723 4690 10791 4690 10791 3906 10794 4086 10793 3906 10794 3908 23 4623 10795 4086 10793 3906 10794 4893 10722 4173 10796 4086 10793 4893 10722 3906 10794 4623 10795 4893 10722 4893 10722 4623 10795 3930 10797 3908 23 4708 23 4623 10795 4623 10795 4622 23 4938 23 4623 10795 4938 23 4697 23 4623 10795 4697 23 4695 10798 4623 10795 4695 10798 4416 10799 4654 10800 4173 10796 4893 10722 4507 10801 4695 10798 3895 10677 3895 10677 4383 9547 4507 10801 4695 10798 4507 10801 4416 10799 4623 10795 4416 10799 4418 10802 4623 10795 4418 10802 3930 10797 4418 10802 4077 10803 3928 10702 4077 10803 4079 10804 4587 10805 4079 10804 4560 9546 4793 10806 4793 10806 4560 9546 4933 10807 4560 9546 4421 10694 4744 10808 3930 10797 4418 10802 3928 10702 4560 9546 4744 10808 4933 10807 4079 10804 4793 10806 4657 10809 4079 10804 4657 10809 4587 10805 4077 10803 4587 10805 3928 10702 4293 10693 4930 10691 4687 10703 4930 10691 4243 10034 4646 10713 4930 10691 4646 10713 4619 10810 4930 10691 4619 10810 4620 10811 3870 10812 3872 10705 4687 10703 4930 10691 4620 10811 4687 10703 4620 10811 3870 10812 4687 10703 4687 10703 3928 10702 4587 10805 4534 10721 4654 10800 4893 10722 4466 9413 4807 10813 4467 9414 4469 9068 4847 10088 4470 9069 4471 9416 4771 9884 4472 9417 4714 9782 4062 10814 4061 9783 4473 9418 4711 9776 4474 9419 4475 9421 4794 9936 4476 9422 4436 9374 4435 9373 4498 9448 4716 10815 3982 10496 4929 10499 4906 23 4716 10815 4089 10816 4352 23 4906 23 4089 10816 4352 23 4089 10816 4015 23 3940 23 4352 23 4015 23 4448 23 3940 23 4046 10817 4679 10818 4448 23 4046 10817 3963 23 4679 10818 4884 10819 4869 10498 3963 23 4884 10819 4384 10497 3963 23 4869 10498 4679 10818 4046 10817 4884 10819 3940 23 4015 23 4046 10817 4716 10815 4929 10499 4089 10816 4371 20 4036 10820 4479 9426 4036 10820 4035 9424 4479 9426 4837 10821 4061 8913 4396 10822 4061 8913 4038 20 4396 10822 4396 10822 3875 10823 4837 10821 3875 10823 3874 10824 4837 10821 3874 10824 4321 10825 4110 10826 4321 10825 4210 20 4110 10826 4210 20 4209 10827 4110 10826 4209 10827 4746 10828 4322 10829 4746 10828 4039 10409 4322 10829 4039 10409 4062 8914 4322 10829 3874 10824 4110 10826 4837 10821 4209 10827 4322 10829 4110 10826 4518 10077 4705 10076 4939 10830 3878 8724 3877 8723 4047 8897 4354 20 4174 10831 4480 20 4482 9428 4642 10832 4483 9429 4022 9434 4021 10833 4488 9435 4597 10834 4490 9437 4491 9439 4492 9440 4504 10835 4493 9441 4495 9443 4932 10570 4481 9444 4496 9446 4914 10776 4454 9401 4576 10836 4339 10837 4256 10838 4256 10838 4360 10839 4567 10840 4360 10839 4069 20 4567 10840 4576 10836 4256 10838 4567 10840 4847 10841 4576 10836 4672 10842 4576 10836 4567 10840 4678 10843 4470 10844 4847 10841 4242 10041 4576 10836 4678 10843 4672 10842 4847 10841 4672 10842 4242 10041 4672 10842 4674 10845 4242 10041 4405 10846 3996 10847 4570 10848 4500 9452 4405 10846 4570 10848 4500 9452 4570 10848 4326 10849 4500 9452 4326 10849 4242 10041 4241 9450 4294 10850 4814 10851 4294 10850 4586 10852 4390 10853 3871 10854 4294 10850 4390 10853 4586 10852 4588 20 4717 10855 4129 20 4069 20 4940 10856 4586 10852 4717 10855 4390 10853 4129 20 4940 10856 4674 10845 4940 10856 4242 10041 4674 10845 4294 10850 3871 10854 4814 10851 4241 9450 4814 10851 4499 9451 4470 10844 4242 10041 4326 10849 4242 10041 4241 9450 4500 9452 4177 9453 4176 10857 4501 9454 4090 8944 4089 8943 4929 10858 4504 9458 4915 10859 3994 9459 3931 8776 4244 9132 3932 8777 3963 8807 4384 9312 3964 8808 4505 9461 4731 10860 4506 9462 4435 10663 4485 23 4755 10861 4755 10861 4918 10862 4498 10863 4918 10862 4809 10864 4498 10863 4498 10863 4809 10864 4365 10657 4809 10864 4335 10865 4365 10657 4335 10865 4709 23 4365 10657 4498 10863 4435 10663 4755 10861 4508 9467 4792 9930 4509 9468 4511 9470 4669 9699 4290 9471 4369 9292 4368 9291 4513 9473 4011 9861 4542 9860 4012 10866 4515 9478 4727 10867 4516 9479 4518 9484 4939 10868 3938 9485 4519 9487 4160 10869 4161 9488 4042 9181 4281 9180 4921 10870 3939 10871 3938 10871 4730 10871 4520 9490 4312 10062 4311 9491 4363 10615 4877 10872 4913 10616 3939 9493 4559 10873 4314 9494 4813 10012 4128 8990 3890 8992 4522 9496 3886 10874 3885 9497 4525 9502 4836 10061 4526 9503 4528 9506 4441 9380 4440 9379 4527 9504 4526 9503 4312 10062 4531 9509 4502 10875 4503 9510 4535 9515 4693 9742 4536 9417 4013 8862 4012 8861 4240 10876 4031 10406 4030 10394 4207 10405 4030 10394 4070 10396 4207 10405 4063 10279 4264 9516 3953 20 3946 10877 3894 10878 4941 10879 3894 10878 4638 10880 4941 10879 4638 10880 4142 10881 4636 10882 4142 10881 4177 10883 4693 10884 4636 10882 4142 10881 4693 10884 4177 10883 4407 10885 4536 10886 4936 10887 3896 10888 4696 10889 4737 10890 4701 10891 4936 10887 3988 10892 4737 10890 4936 10887 4936 10887 4696 10889 4043 10893 4713 10894 3988 10892 4936 10887 4466 10895 4713 10894 4936 10887 4936 10887 4043 10893 4621 10896 4043 10893 4659 10897 4621 10896 4807 20 4466 10895 4621 10896 4466 10895 4936 10887 4621 10896 4941 10879 4621 10896 4659 10897 4941 10879 4659 10897 3946 10877 4626 10898 4941 10879 4651 10899 4651 10899 4941 10879 4638 10880 4189 10900 4626 10898 4220 10901 4380 10902 4644 10903 4607 10904 4380 10902 4607 10904 4827 10905 4380 10902 4827 10905 4617 10906 4378 10907 4380 10902 3917 10908 4380 10902 4617 10906 4136 10909 4617 10906 4648 10910 4136 10909 4568 9620 4344 10911 4378 10907 4648 10910 4650 20 4136 10909 4568 9620 4378 10907 3917 10908 4305 10912 4307 10761 4749 9853 4380 10902 4136 10909 3917 10908 4650 20 4627 10913 4136 10909 4305 10912 4749 9853 4568 9620 4333 20 4305 10912 4568 9620 4627 10913 4002 10770 4883 10771 3917 10908 4333 20 4568 9620 4548 10759 3915 10760 4595 10914 3915 10760 3917 10908 4236 10915 4595 10914 3915 10760 4236 10915 3924 10916 4638 10880 4034 10917 3924 10916 4034 10917 4370 10918 4593 10919 3924 10916 4370 10918 4593 10919 4370 10918 4881 10920 4593 10919 4881 10920 4743 10921 4881 10920 4888 10922 4658 10923 4254 20 4593 10919 4743 10921 4888 10922 4460 10924 4658 10923 4252 20 4254 20 4743 10921 4743 10921 4881 10920 4658 10923 4236 10915 3917 10908 4136 10909 4883 10771 4136 10909 4627 10913 4582 10772 4002 10770 4615 10925 4582 10772 4615 10925 4681 10764 4681 10764 4615 10925 4097 8949 4615 10925 4628 10926 4097 8949 4098 8950 4097 8949 4572 10927 4572 10927 4097 8949 4189 10900 4097 8949 4628 10926 4841 10928 4220 10901 4572 10927 4189 10900 4097 8949 4841 10928 4189 10900 4071 10929 4356 10930 3929 10931 3929 10931 4356 10930 4892 20 4356 10930 4355 10932 4892 20 4592 10933 4071 10929 4579 10934 4355 10932 4932 10935 4896 10936 4460 10924 4592 10933 4579 10934 4579 10934 4071 10929 3929 10931 4932 10935 4495 10937 4896 10936 4287 10938 4812 20 4894 10939 4287 10938 4894 10939 3892 10940 3892 10940 4894 10939 4208 10941 4495 10937 4287 10938 3892 10940 4651 10899 4220 10901 4626 10898 3873 10942 4671 10943 3893 10944 3873 10942 3893 10944 4412 10945 3893 10944 3892 10940 4412 10945 4320 20 4412 10945 3892 10940 4208 10941 4320 20 3892 10940 4578 10946 4846 10947 4613 10948 4578 10946 4613 10948 4600 10949 4578 10946 4600 10949 4610 10950 4934 10951 4578 10946 4610 10950 4329 10952 4934 10951 4760 10953 4934 10951 4610 10950 4760 10953 3986 10954 4329 10952 4145 9012 4329 10952 4760 10953 3967 10955 4329 10952 3967 10955 4145 9012 3967 10955 4640 10956 4145 9012 4693 10884 4177 10883 4536 10886 4407 10885 4252 20 4241 9450 4536 10886 4407 10885 4250 10957 4250 10957 4407 10885 4241 9450 4099 8951 4250 10957 4241 9450 4012 20 4294 10850 4241 9450 4241 9450 4097 8949 4099 8951 4420 20 4012 20 4241 9450 4420 20 4241 9450 4252 20 4743 10921 4420 20 4252 20 4658 10923 4460 10924 4579 10934 4634 10958 4821 10959 4568 9620 4634 10958 4052 9622 4815 10960 4634 10958 4815 10960 4732 10961 4942 10962 4634 10958 4732 10961 4629 10963 4942 10962 4732 10961 4942 10962 4629 10963 4376 10964 4942 10962 4376 10964 4528 10965 4640 10956 4942 10962 4528 10965 4441 10966 4528 10965 4376 10964 4528 10965 4145 9012 4640 10956 4145 9012 4144 9011 3861 10967 4145 9012 3861 10967 4624 10968 3861 10967 3863 10969 4624 10968 4145 9012 4624 10968 3986 10954 4624 10968 3863 10969 4604 10970 4604 10970 3863 10969 4537 9518 3863 10969 4297 10971 4393 10972 4537 9518 3863 10969 4393 10972 4676 10973 4604 10970 4857 10974 4297 10971 4828 10975 4393 10972 4892 20 4355 10932 4896 10936 4658 10923 4579 10934 4588 20 4143 9010 4145 9012 4825 10043 4825 10043 4735 10976 4584 10977 4661 10978 4143 9010 4825 10043 4735 10976 4895 10979 4584 10977 4297 10971 4661 10978 4825 10043 4717 10855 4588 20 4579 10934 4943 10980 4717 10855 4579 10934 4297 10971 4825 10043 4828 10975 4895 10979 4818 10981 4584 10977 3996 10847 4405 10846 4472 10982 4579 10934 3996 10847 4771 10983 3996 10847 4472 10982 4771 10983 4579 10934 4771 10983 4943 10980 4818 10981 4540 10984 4830 10044 4830 10044 4940 10856 4585 10985 4069 20 4360 10839 4940 10856 4818 10981 4830 10044 4585 10985 4360 10839 4585 10985 4940 10856 4818 10981 4585 10985 4584 10977 4825 10043 4584 10977 4828 10975 4896 10936 4495 10937 3999 10986 3999 10986 4495 10937 3892 10940 4604 10970 4537 9518 4857 10974 4731 10987 3999 10986 3892 10940 3892 10940 4676 10973 4272 10988 4576 10836 4564 10989 4537 9518 4339 10837 4576 10836 4537 9518 4579 10934 3929 10931 4506 10990 4272 10988 4594 10991 3892 10940 4579 10934 4506 10990 4731 10987 4857 10974 4272 10988 4676 10973 4537 9518 4564 10989 4538 9519 4579 10934 4731 10987 3892 10940 4539 9520 4857 10974 4537 9518 4917 10992 4557 9541 4558 9542 3923 9524 3922 10993 4542 9525 4544 9526 4546 9529 4545 9527 4546 9529 4531 9509 4532 9511 4547 9530 4590 10994 4548 9531 4550 9533 4759 10995 4551 9534 4553 9536 4656 9674 4554 9537 4023 9125 4240 9124 4908 10996 4517 9538 4516 10997 4555 9539 4692 10696 4560 9546 4501 10998 4560 9546 4079 10804 4383 9547 4637 10999 4692 10696 3895 10677 4692 10696 4501 10998 4176 10680 3895 10677 4692 10696 4176 10680 3895 10677 4652 10682 4637 10999 4408 23 4501 10998 4560 9546 4408 23 4560 9546 4253 23 4383 9547 3895 10677 4141 10678 4561 9548 4253 23 4560 9546 4383 9547 4141 10678 4664 11000 4383 9547 4664 11000 4561 9548 4400 9549 4399 11001 4562 9550 4563 9552 4538 9619 4564 9553 4232 9113 4334 9249 4230 9111 4069 9555 4130 11002 4566 9556 4284 10590 4316 11003 4195 20 3961 10589 4316 11003 4284 10590 4196 11004 4195 20 4316 11003 4503 11005 4196 11004 4314 11006 4532 11007 4503 11005 4559 11008 4545 11009 4532 11007 4559 11008 4545 11009 4559 11008 4040 20 4066 20 4545 11009 4040 20 4066 20 4040 20 4067 10588 4040 20 3961 10589 4067 10588 4196 11004 4316 11003 4314 11006 4503 11005 4314 11006 4559 11008 4156 9023 4155 9022 4784 11010 4568 9560 4415 11011 4439 9378 4327 9239 4326 9238 4570 9562 4571 9563 4098 11012 4572 9564 3920 10087 4565 9554 4576 9568 4093 8947 4092 8946 4451 11013 4437 9375 4781 11014 4438 9376 4578 9570 4934 10604 4328 9240 4581 9573 4769 9882 4579 9571 4582 9574 4719 11015 4583 9575 4243 10034 4826 10035 4903 10267 4359 9577 4858 11016 4584 9578 4586 9580 4687 11017 4587 9581 3992 9583 4299 11018 4589 9584 4182 9586 4181 11019 4590 9587 4775 9894 4029 11020 4031 9895 4340 9589 4339 11021 4537 9590 4345 9264 4402 9559 4344 9265 4592 9593 4460 11022 4462 9594 4254 9596 4253 11023 4561 9597 4581 9573 4580 9572 4594 9599 4199 9600 4198 11024 4524 9601 4286 10068 4285 11025 4838 10069 4634 11026 4942 11027 4635 11028 4942 11027 4639 11029 4635 11028 4549 9603 4548 11030 4595 9604 4596 9606 4879 10171 4597 9607 4598 9609 4883 11031 4599 9610 4352 9273 3940 9101 4222 9103 4610 11032 4600 9612 4602 9614 4603 9615 4624 9641 4604 9616 4606 9618 4827 10036 4607 9619 3894 10878 3896 10888 4638 10880 3924 10916 4142 10881 4638 10880 3896 10888 4936 10887 4347 11033 4638 10880 3896 10888 4034 10917 4347 11033 4034 10917 3896 10888 4701 10891 4737 10890 3957 11034 4936 10887 4701 10891 3882 20 4356 10930 4071 10929 4936 10887 4724 11035 4356 10930 4936 10887 4701 10891 3957 11034 4644 10903 3957 11034 4736 11036 4644 10903 3882 20 4724 11035 4936 10887 4736 11036 4409 11037 4644 10903 4898 20 3882 20 4701 10891 4682 11038 4807 20 4621 10896 4409 11037 4682 11038 4644 10903 4631 11039 4898 20 4701 10891 4894 10939 4812 20 4745 11040 4812 20 4631 11039 4745 11040 4745 11040 4631 11039 4037 11041 4631 11039 4701 10891 4037 11041 4682 11038 4621 10896 4644 10903 4644 10903 4380 10902 4699 11042 4920 11043 4037 11041 4900 11044 4037 11041 4701 10891 4900 11044 4701 10891 4644 10903 4699 11042 4395 11045 4920 11043 3893 10944 3893 10944 4671 10943 4395 11045 4900 11044 3893 10944 4920 11043 4900 11044 4701 10891 4742 11046 4656 20 4742 11046 4342 11047 4742 11046 4701 10891 4342 11047 4554 11048 4656 20 4344 10911 4342 11047 4344 10911 4656 20 4344 10911 4568 9620 4554 11048 4302 11049 4554 11048 4568 9620 4302 11049 4568 9620 3904 20 4569 9621 4441 10966 4880 11050 4880 11050 4441 10966 4612 11051 4441 10966 4376 10964 4612 11051 3904 20 4568 9620 4846 10947 4846 10947 4578 10946 3904 20 4569 9621 4880 11050 4052 9622 4568 9620 4821 10959 4846 10947 4052 9622 4634 10958 4568 9620 4609 9623 4760 9868 4610 9624 4601 9629 4600 11052 4613 9630 4433 8842 4628 9562 4615 9632 4616 9168 4648 9167 4617 9633 4645 9664 4644 9553 4621 9638 4621 9638 4941 11053 4622 9639 4941 11053 4625 9642 4622 9639 4623 9640 4645 9664 4621 9638 3987 8832 3986 8831 4624 9641 4625 9642 4941 11053 4626 9643 4734 9816 4895 10218 4735 9817 4627 9644 4649 9667 4003 8850 4432 9645 4841 10074 4628 9562 4377 9646 4376 11054 4629 9647 4631 9649 4812 9995 4632 9650 4633 9651 4821 10024 4634 9652 4636 9654 4692 11055 4637 9655 4611 9626 4880 11056 4612 9627 4639 9657 4942 11057 4640 9658 4641 9659 4944 11058 4642 9660 4099 11059 4098 11060 4571 11061 4571 11061 4643 11062 4099 11059 4251 9139 4250 9138 4099 9662 4608 9552 4607 9619 4644 9553 4274 11063 4217 11064 4285 11065 4217 11064 4149 20 4285 11065 4218 11066 4217 11064 4274 11063 4027 11067 4218 11066 4274 11063 4211 11068 4027 11067 4274 11063 4028 11069 4027 11067 4211 11068 4247 11070 4028 11069 4211 11068 4247 11070 4845 20 4838 11071 4248 11072 4247 11070 4838 11071 4148 11073 4248 11072 4838 11071 4285 11065 4148 11073 4838 11071 4149 20 4148 11073 4285 11065 4845 20 4247 11070 4211 11068 4499 9636 4619 9635 4646 9665 4647 9166 4650 9599 4648 9167 4649 9667 4627 9644 4650 9599 4221 8718 4220 8717 4651 9668 4717 11074 4943 11075 4770 11076 4770 11076 4718 11077 4717 11074 4227 10555 3979 20 4357 10550 4534 9670 4728 11078 4653 9671 4655 9673 4742 9830 4656 9674 4588 9675 4587 11079 4657 9676 4659 9678 4938 11080 3947 9679 4297 9681 4296 11081 4660 9682 4593 9687 4561 11082 4664 9688 4665 9689 4907 11083 3981 8826 4666 9691 4857 10106 4539 9692 4630 11084 4629 11084 4732 11084 4406 9336 4405 9335 4500 9693 4662 9695 3864 11085 3866 9696 4291 9698 4290 9471 4669 9699 4671 9701 3873 8719 3875 8721 4672 9702 3918 11086 4673 9703 4674 9705 4673 11015 4675 9706 4605 9617 4604 9616 4676 9708 4025 9710 4024 11087 4658 9711 4567 9716 4566 11088 3919 9717 4679 9719 3963 8807 3965 8809 3899 9721 3898 11089 4680 9722 4682 9724 4409 11090 4411 9725 4083 8936 4324 9236 4084 8937 4294 9733 4293 10559 4687 9734 4688 9735 4902 11091 4689 9736 4307 9738 4306 11092 4691 9739 4692 9741 4636 11093 4693 9742 4694 9743 4740 11094 4198 9744 4690 9763 4689 11095 4703 9764 4696 9748 4695 11096 4697 9749 4659 9756 4697 9755 4938 11097 4677 9709 4676 9708 3892 8738 4699 9757 4842 11098 4700 9758 4701 9760 4700 11099 4702 9761 3962 8888 3961 11100 4040 8889 4704 9766 4849 11101 4705 9767 3908 9769 4905 11102 4707 9770 4387 10148 3993 9773 4710 9775 4711 9776 4891 11103 4712 9777 4225 10505 4224 20 4113 20 4224 20 4187 10512 4113 20 4270 10504 4225 10505 4113 20 4468 9415 3989 8834 4713 9781 4716 9785 4906 11104 4353 9786 4079 8932 4078 8931 4382 11105 4698 9753 4407 9752 4808 11106 4133 8998 4049 11107 4050 8999 4391 9319 4390 9318 4717 9787 4557 9541 4213 9094 4215 9096 4709 9772 4335 9253 4337 9255 4681 9789 4680 11108 4719 9790 4446 11109 4856 11109 4540 11109 4106 9155 4263 9154 4922 11110 4490 9878 4768 9877 4945 11111 4720 9792 4873 10165 4721 9793 4723 9795 4874 10166 4239 9122 4724 9796 3882 11112 3884 9797 4898 10227 4631 9649 3883 8729 4521 9800 4311 11113 4727 9801 4288 11114 4341 11115 4728 9803 4341 11115 4481 9427 4653 11116 4728 9803 4341 11115 4653 11116 4632 9805 4289 20 4728 9803 4289 20 4288 11114 4728 9803 3883 11117 4632 9805 4533 9804 4087 11118 3883 11117 4533 9804 4725 11119 3884 11120 4087 11118 3884 11120 3883 11117 4087 11118 4354 20 4726 11121 4174 10831 4726 11121 4725 11119 4174 10831 4481 9427 4480 20 4653 11116 4087 11118 4174 10831 4725 11119 4366 9806 4365 11122 4729 9807 3926 8770 4105 11123 3910 8771 4704 9811 4730 9810 4849 11124 4000 9812 3999 11125 4731 9813 4736 9819 3957 8803 4530 9508 4737 9820 3988 8833 3990 8835 4534 9514 4533 9513 4728 11126 4738 9821 4291 9698 4670 9700 4091 8945 4757 9865 4092 8946 3906 9765 4703 9764 3907 11127 4762 11128 4710 9775 4589 9774 4762 11128 4589 9774 4298 11129 4429 10138 4497 10137 4454 11130 3994 11131 3993 9773 4387 10148 4427 9825 4429 10138 4022 9823 4429 10138 4454 11130 4456 11132 4429 10138 4456 11132 4022 9823 4762 11128 4298 11129 4363 11133 4298 11129 4877 11134 4363 11133 3994 11131 4387 10148 4389 10032 4493 11135 3994 11131 4389 10032 4363 11133 4362 11136 4117 11137 4762 11128 4363 11133 4117 11137 4493 11135 4389 10032 4494 11138 4389 10032 4427 9825 4878 11139 4494 11138 4389 10032 4878 11139 4298 11129 4494 11138 4878 11139 4762 11128 4117 11137 4456 11132 4456 11132 4117 11137 4020 11140 4489 9824 4878 11139 4427 9825 4456 11132 4020 11140 4022 9823 4444 9826 4443 11141 4740 9827 4741 9829 4900 10258 4742 9830 4743 9831 4933 11142 4744 9832 4356 9277 4724 9796 4726 9799 4745 9834 4037 11143 4039 9835 4936 11144 4071 9730 4348 9732 4654 9856 4653 11145 4480 9857 4484 9864 4483 11146 4757 9865 4759 9866 4931 10561 4225 9106 4641 9155 4758 9154 4944 11110 4715 9784 4061 9783 4837 11147 3968 8812 3967 8811 4760 9868 4761 9869 4710 10110 4762 9870 4764 9872 4777 9897 4765 9873 4767 9875 4424 9358 4426 9360 4423 9879 4422 11148 4574 9880 4502 9456 4194 9074 4196 9076 3997 8844 3996 8843 4579 9571 4770 9883 4943 11149 4771 9884 4772 9885 4233 11150 4234 9886 4773 9888 4919 11151 4218 9889 4490 9891 4945 11152 4774 9892 4776 9896 4765 9873 4777 9897 4088 8941 4087 8940 4533 11153 4126 9899 4779 11154 4171 9900 4231 9902 4780 11155 4779 9903 3867 8853 4005 8852 3868 11156 4782 9910 4574 11157 4422 9908 4758 11158 4451 11159 4259 9950 4259 9950 4127 9949 4171 11160 4259 9950 4171 11160 4758 11158 4758 11158 4171 11160 4944 11161 4171 11160 4779 11162 4944 11161 4944 11161 4779 11162 4642 11163 4642 11163 4779 11162 4783 9912 4779 11162 4780 11164 4783 9912 4483 9911 4642 11163 4783 9912 3868 11165 4783 9912 4780 11164 4783 9912 4463 11166 4757 9913 4463 11166 4875 11167 4757 9913 4875 11167 4267 11168 4757 9913 4267 11168 4451 11159 4092 11169 4780 11164 4200 11170 3868 11165 4267 11168 4092 11169 4757 9913 4034 8882 4347 11171 4349 9914 3869 9915 4782 10514 4781 9916 3869 8715 3868 8714 4782 11172 4574 11157 4782 9910 4848 23 4782 9910 3868 11165 4848 23 3868 11165 4200 11170 4848 23 4200 11170 4928 11173 4386 23 4848 23 4200 11170 4386 23 4928 11173 4171 11160 4127 9949 4127 9949 4075 11174 4928 11173 4075 11174 4386 23 4928 11173 4848 23 4373 11175 4574 11157 4768 11176 4574 11157 4373 11175 4768 11176 4373 11175 4945 11177 4945 11177 4373 11175 4596 11178 4774 11179 4945 11177 4596 11178 4781 9909 4422 9908 4047 11180 4438 11181 4781 9909 4047 11180 4438 11181 4047 11180 3877 11182 4438 11181 3877 11182 4596 11178 3877 11182 4774 11179 4596 11178 4017 11183 4019 9948 4778 9947 4778 9947 4777 11184 4017 11183 4777 11184 4764 11185 4596 11178 4764 11185 4879 11186 4596 11178 4783 9912 3868 11165 4005 11187 4596 11178 4783 9912 4438 11181 4017 11183 4777 11184 4844 23 4844 23 4777 11184 4373 11175 4373 11175 4777 11184 4596 11178 4783 9912 4005 11187 4438 11181 4785 9921 4887 11188 4786 9922 4261 9978 4260 11189 4093 11190 4260 11189 4268 11191 4091 11192 4093 11190 4260 11189 4091 11192 4268 11191 4465 11193 4091 11192 4465 11193 4464 11194 4091 11192 4464 11194 4491 9439 4275 11195 4491 9439 3876 9438 3878 11196 4491 9439 3878 11196 4437 9931 4275 11195 4491 9439 4437 9931 4093 11190 4452 11197 4261 9978 3878 11196 4048 20 4437 9931 4048 20 4423 20 4437 9931 4484 11198 4091 11192 4464 11194 4423 20 4573 11199 4385 9934 4482 11200 4484 11198 4464 11194 4126 11201 4641 11202 4482 11200 4126 11201 4482 11200 4464 11194 4575 20 4490 9437 4374 11203 4490 9437 4597 10834 4374 11203 4597 10834 4766 20 4765 11204 4765 11204 4776 9980 4843 11205 4776 9980 4018 9979 4843 11205 4597 10834 4765 11204 4374 11203 4765 11204 4843 11205 4372 11206 4573 11199 4575 20 4374 11203 4231 11207 4126 11201 4464 11194 4201 11208 4231 11207 4275 11195 4231 11207 4464 11194 4275 11195 4765 11204 4372 11206 4374 11203 4385 9934 3867 11209 3869 20 4573 11199 4374 11203 4385 9934 4004 11210 3867 11209 4201 11208 3867 11209 4172 9935 4201 11208 4275 11195 4004 11210 4201 11208 4385 9934 3869 20 4423 20 4255 23 4566 10273 4130 10268 4359 10754 4255 23 4903 10267 4255 23 4130 10268 4903 10267 4903 10267 4826 10035 4359 10754 4819 10755 4359 10754 4541 11211 4826 10035 4446 9385 4541 11211 4359 10754 4826 10035 4541 11211 4076 11212 4788 9977 4172 9935 4788 9977 4261 9978 4170 11213 4172 9935 4788 9977 4170 11213 4261 9978 4452 11197 4641 11202 4641 11202 4126 11201 4170 11213 4261 9978 4641 11202 4170 11213 4172 9935 3867 11209 4385 9934 4074 20 4076 11212 4172 9935 4807 9968 4682 11214 4683 9969 4455 9988 4763 11215 4762 9989 4899 10458 4662 9695 4139 9005 4809 9991 4918 10376 4756 9863 4810 9993 4477 9423 4476 9422 4812 9995 4287 9186 4289 9188 4275 9996 4438 11216 4005 9997 4901 11217 4064 8916 4119 8988 4911 10328 3934 8779 3978 8823 4353 10355 4222 11218 4016 10356 4222 11218 3942 11219 4014 11220 4016 10356 4222 11218 4014 11220 3942 11219 3941 11221 4014 11220 3941 11221 4045 10352 4014 11220 3941 11221 4449 10350 4045 10352 4804 9956 4752 9845 4753 9846 3973 10002 4910 11222 4080 10003 4907 11083 3980 8825 3981 8826 4203 9252 4318 9251 4202 11223 4652 9669 4651 9668 4638 10005 4459 10007 3955 11224 3954 10008 4364 9287 4498 11225 4365 9288 4476 11226 4794 9983 4799 9984 4799 9984 3887 11227 4811 11228 4811 11228 4476 11226 4799 9984 4082 11229 4081 10016 3973 11230 4081 10016 4816 10015 4510 10011 3973 11230 4081 10016 4510 10011 4816 10015 4430 10010 4510 10011 4510 10011 4811 11228 3973 11230 4811 11228 3887 11227 3973 11230 3956 11231 4804 9971 4508 9973 4430 10010 3956 11231 4508 9973 4620 9637 4499 9636 4814 10013 4819 10022 4818 10021 4895 11232 4904 10290 3931 8776 3933 8778 3885 11233 3887 11227 4799 9984 4804 9971 3956 11231 3955 11234 3885 11233 4799 9984 4747 9848 4523 11235 3885 11233 4747 9848 4804 9971 3955 11234 4752 9849 3955 11234 4459 11236 4752 9849 4787 11237 4523 11235 4747 9848 4752 9849 4459 11236 4458 11238 4787 11237 4747 9848 4752 9849 4787 11237 4752 9849 4458 11238 4787 11237 4458 11238 4816 10015 4785 10017 4787 11237 4816 10015 4799 9941 4800 9942 4748 9838 4165 11239 4792 9954 4803 9955 3954 11240 4165 11239 4803 9955 4753 9852 4748 9850 4786 11241 4748 9850 4522 11242 4786 11241 4753 9852 4786 11241 4817 10018 4786 11241 4887 11243 4817 10018 4887 11243 4431 11244 4817 10018 4457 10019 3954 11240 4753 9852 3954 11240 4803 9955 4753 9852 4820 10023 4846 10086 4821 10024 4792 9954 4165 11239 4164 11245 4509 11246 4792 9954 4164 11245 4509 11246 4164 11245 4431 11244 4800 9943 4475 9945 4477 11247 4748 9850 4800 9943 3886 11248 4522 11242 4748 9850 3886 11248 4800 9943 4477 11247 4810 11249 3886 11248 4800 9943 4810 11249 4509 11246 4431 11244 4887 11243 3972 11250 3886 11248 4810 11249 4509 11246 4887 11243 4886 11251 3972 11250 4810 11249 4910 11252 4810 11249 4509 11246 4910 11252 4886 11251 4080 11253 4910 11252 4509 11246 4886 11251 4910 11252 4618 9634 4617 9633 4827 10036 4394 10037 4393 11254 4828 10038 4940 10856 4830 10044 4242 10041 4507 9464 4479 10001 4478 9465 4317 9227 3951 9226 4407 10866 4298 11129 4878 11139 4877 11134 3905 8748 3904 8747 4578 9570 4323 10046 4322 11255 4062 10047 4144 10049 4419 11256 4831 10050 4678 10052 3919 11257 3918 10053 4556 9540 4555 9539 4836 10061 4832 10055 4840 11258 4833 10056 3980 8825 3948 8792 3949 8793 4834 10058 4833 11259 4835 10059 4667 9618 4539 9692 4538 9619 4733 11260 4732 11260 4815 11260 4786 10065 4522 11261 4523 10066 4108 10071 4107 10832 4840 10072 4190 9070 4189 9069 4841 10074 4194 11262 4502 11263 4315 11264 4194 11262 4315 11264 3937 8911 4502 11263 3939 11265 4315 11264 4502 11263 4531 11266 3939 11265 4531 11266 4546 11267 3939 11265 4546 11267 4544 23 4041 11268 4544 23 4065 23 4041 11268 4041 11268 4065 23 3962 11269 4065 23 4292 11270 3962 11269 4292 11270 4282 11271 3962 11269 4282 11271 3960 8912 3962 11269 4282 11271 4060 8910 3960 8912 4060 8910 4194 11262 3937 8911 3939 11265 4546 11267 4041 11268 4380 10078 4379 11272 4842 10079 4843 10081 4017 8866 4844 10082 4839 10083 4838 11273 4845 10084 4614 9631 4613 9630 4846 10086 3920 10087 4576 9568 4847 10088 4282 9182 4292 9192 4283 9183 4292 9192 4065 8918 4067 8920 4848 10089 4385 9313 4374 9300 4720 11274 4722 10128 4740 10090 4722 10128 4512 10129 4198 11275 4512 10129 4290 9190 4835 10571 4874 23 4720 11274 4740 10090 4722 10128 4198 11275 4740 10090 4512 10129 4835 10571 4833 11276 4512 10129 4833 11276 4840 11277 4239 11278 4874 23 4740 10090 4516 10594 4237 10593 4239 11278 4512 10129 4840 11277 4198 11275 4555 11279 4516 10594 4239 11278 4836 11280 4555 11279 4239 11278 4840 11277 4107 11281 4198 11275 4836 11280 4239 11278 4939 23 4705 10596 4312 9219 4526 11282 4526 11282 4836 11280 4705 10596 4107 11281 4922 11283 4524 11284 4922 11283 4263 23 4889 11285 4939 23 4705 10596 4836 11280 4198 11275 4107 11281 4524 11284 4263 23 4158 9189 4889 11285 4158 9189 4291 9191 4738 11286 4889 11285 4158 9189 4738 11286 4313 9220 4740 10090 4443 11287 4889 11285 4313 9220 4924 11288 4313 9220 4443 11287 4924 11288 3938 23 4939 23 4239 11278 4889 11285 4924 11288 4524 11284 4889 11285 4524 11284 4922 11283 4730 10092 3938 23 4239 11278 4740 10090 4730 10092 4239 11278 4451 11159 4267 11168 4259 9950 4783 10093 4596 9606 4491 9608 4850 10094 4917 10992 4558 9542 4313 10100 4889 10201 4855 10101 4126 8987 4125 8986 4334 11289 4830 10044 4540 10984 4856 10102 4856 10102 4735 10976 4825 10043 4273 9168 4272 9167 4857 10106 4829 10107 4828 11290 4584 10108 4514 11291 4851 10143 4193 10142 4193 10142 4192 11292 4514 11291 4192 11292 4309 11293 4425 11294 4369 11295 4192 11292 4367 11296 4309 11293 4426 11297 4425 11294 4425 11294 4520 11298 4521 11299 4192 11292 4369 11295 4514 11291 4192 11292 4425 11294 4367 11296 4425 11294 4521 11299 4367 11296 4521 11299 4515 20 4367 11296 4515 20 4517 11300 4367 11296 4238 11301 4367 11296 4517 11300 4238 11301 4517 11300 4556 11302 4525 11303 4527 20 4706 11304 4527 20 4704 11305 4706 11304 4238 11301 4556 11302 4518 11306 4556 11302 4525 11303 4518 11306 4525 11303 4706 11304 4518 11306 4238 11301 4518 11306 3937 11307 4238 11301 3937 11307 3939 11308 4723 11309 4238 11301 4694 11310 3939 11308 4855 10229 4442 10238 4444 20 3939 11308 4442 10238 3939 11308 4694 11310 4238 11301 4694 11310 3939 11308 4444 20 4873 11311 4723 11309 4694 11310 4197 10242 4721 10105 4694 11310 4721 10105 4873 11311 4694 11310 4527 20 4520 11298 4425 11294 4855 10229 3939 11308 4704 11305 4527 20 4425 11294 4704 11305 4425 11294 4855 10229 4704 11305 4509 10149 4810 10150 4811 10149 4204 10151 4550 11312 4552 10152 4579 10934 3892 10940 4580 11313 3892 10940 4594 10991 4580 11313 4090 10154 4929 11314 4869 10155 4415 9346 4332 10669 3916 11315 4343 10779 4415 9346 3916 11315 4379 11316 4343 10779 3916 11315 4379 11316 3916 11315 4137 11317 4137 11317 3916 11315 4135 11318 4842 10790 4379 11316 4618 11319 3916 11315 4691 10667 4135 11318 4690 10791 4842 10790 4645 23 4135 11318 4691 10667 4235 11320 4645 23 4842 10790 4608 23 4937 10666 4182 10689 4547 11321 4413 9344 4937 10666 4547 11321 4549 11322 4413 9344 4547 11321 4688 23 4690 10791 4645 23 4645 23 4623 10795 4708 23 4708 23 4688 23 4645 23 4413 9344 4549 11322 4235 11320 4413 9344 4235 11320 4691 10667 4606 23 4608 23 4842 10790 4618 11319 4606 23 4842 10790 4616 23 4618 11319 4137 11317 4137 11317 4618 11319 4379 11316 4647 23 4616 23 4137 11317 4649 11323 4647 23 4137 11317 4719 11324 4680 10688 4003 10159 4003 10159 4649 11323 4598 11325 4649 11323 4137 11317 4598 11325 4583 10158 4719 11324 4003 10159 4598 11325 4180 10157 4003 10159 4180 10157 4331 10690 4583 10158 4338 9256 3879 9035 4166 9037 4871 10160 4897 10224 4175 9855 4333 10162 4332 11326 4414 10163 4873 10165 4720 9792 4874 10166 4817 10537 4816 10539 4458 11327 4875 10167 4463 9410 4465 9412 4876 10168 4913 11328 4877 10169 4879 10171 4764 9872 4766 9874 4053 10172 4052 11329 4880 10173 4445 10175 4735 11330 4856 10176 4852 10097 4851 10096 4514 9474 4881 10178 4370 9293 4371 9294 4822 10040 4388 10045 4876 10183 4388 10045 4492 10334 4876 10183 4324 9236 4150 9017 4152 9019 4883 10185 4598 11331 4137 10186 4870 10188 4869 11332 4884 10189 4661 10191 4660 11333 4885 10192 4488 10197 4876 11334 4878 10198 4882 10179 4461 9408 4888 10200 4889 10201 4738 9821 4739 9822 4349 11335 4348 11336 4478 9425 4348 11336 4073 20 4417 10204 4073 20 4072 10202 4417 10204 4072 10202 4462 11337 4078 10203 4462 11337 4461 11338 4078 10203 4461 11338 4882 11339 4382 11340 4078 10203 4461 11338 4382 11340 4882 11339 4371 20 4479 9426 4348 11336 4417 10204 4478 9425 4035 9424 4349 11335 4478 9425 4882 11339 4479 9426 4382 11340 4915 11341 3992 8839 3994 8841 4317 11342 4712 10484 3952 10483 4474 11343 4712 10484 4317 11342 3865 11344 4474 11343 4317 11342 4698 11345 3865 11344 4317 11342 3866 11346 3865 11344 4698 11345 4668 11347 3866 11346 3912 11348 4139 10487 4668 11347 3914 10488 3912 11348 3866 11346 4698 11345 3912 11348 3914 10488 4668 11347 4891 10209 4871 11349 4872 10210 3930 10211 3929 11350 4892 10212 4300 11351 4492 10180 4298 10182 4746 10214 4209 11352 4894 10215 4541 9523 4540 9522 4818 11353 4201 9905 4200 11354 4780 9906 4893 10219 4892 11355 4896 10220</p>
        </triangles>
        <triangles material="scout_dbded4" count="1601">
          <input semantic="VERTEX" source="#vertices" offset="0" />
          <input semantic="NORMAL" source="#normals" offset="1" />
          <p>24 26 25 27 26 28 27 29 28 30 29 31 29 31 30 32 27 29 31 33 27 29 30 32 32 34 27 29 31 33 33 35 32 34 31 33 32 34 34 36 35 37 35 37 34 36 36 38 37 39 38 40 36 38 36 38 38 40 35 37 39 41 40 42 41 43 41 43 40 42 38 40 40 42 39 41 42 44 43 45 44 46 42 44 42 44 44 46 40 42 44 46 43 45 45 47 46 48 47 49 45 47 45 47 47 49 44 46 48 50 47 49 46 48 47 49 48 50 49 51 49 51 48 50 50 52 51 53 52 54 53 55 52 54 51 53 54 56 54 56 51 53 55 57 54 56 55 57 56 58 57 59 58 60 42 44 58 60 59 61 60 62 60 62 59 61 61 63 61 63 62 64 50 52 56 58 55 57 63 65 58 60 64 66 59 61 55 57 65 67 63 65 30 32 29 31 52 54 59 61 62 64 61 63 51 53 53 55 66 68 51 53 66 68 55 57 55 57 66 68 65 67 32 69 35 70 44 71 64 66 67 72 25 27 64 66 25 27 59 61 59 61 25 27 24 26 59 61 24 26 62 64 65 67 66 68 26 28 25 27 67 72 26 28 32 34 33 35 34 36 58 60 57 59 64 66 68 73 69 74 63 65 37 39 36 38 69 74 31 33 56 58 33 35 34 36 69 74 36 38 42 44 58 60 43 45 43 45 58 60 45 47 30 32 54 56 31 33 31 33 54 56 56 58 33 35 56 58 34 36 58 60 60 62 45 47 45 47 60 62 46 48 46 48 60 62 61 63 46 48 61 63 48 50 63 65 65 67 26 28 56 58 63 65 34 36 34 36 63 65 69 74 70 75 71 76 57 59 38 40 37 39 41 43 68 73 26 28 67 72 70 75 37 39 68 73 26 28 66 68 53 55 53 55 24 26 26 28 67 72 71 76 68 73 62 77 24 78 50 79 24 78 53 80 49 81 52 82 29 83 53 80 29 83 28 84 53 80 28 84 49 81 53 80 49 81 50 79 24 78 67 72 64 66 57 59 54 56 30 32 52 54 57 59 71 76 67 72 68 73 37 39 69 74 50 52 48 50 61 63 71 76 70 75 68 73 47 85 49 86 28 87 28 87 27 88 47 85 35 70 38 89 44 71 38 89 40 90 44 71 47 85 27 88 32 69 44 71 47 85 32 69 68 73 63 65 26 28 42 44 39 41 70 75 39 41 41 43 70 75 70 75 41 43 37 39 42 44 70 75 57 59 72 91 73 92 74 93 75 94 76 95 77 96 78 97 79 98 80 99 81 100 82 101 83 102 84 103 85 104 86 105 87 106 88 107 89 108 90 109 91 109 92 109 93 110 94 111 95 112 96 113 97 113 98 113 99 114 100 115 101 116 105 120 106 121 107 122 108 123 109 123 110 123 107 127 80 128 113 129 114 130 82 130 115 130 116 131 117 132 118 133 119 134 120 134 121 134 122 135 123 136 124 137 128 141 105 142 129 143 130 144 131 144 132 144 113 145 80 145 114 145 136 149 137 149 138 149 125 150 139 150 140 150 87 151 141 151 89 151 142 152 143 152 144 152 145 153 146 153 136 153 147 154 98 155 146 156 148 157 95 158 149 159 138 161 153 161 88 161 96 165 137 166 98 167 125 168 127 168 156 168 161 173 162 174 163 175 142 176 164 177 144 178 165 179 166 179 167 179 168 180 169 180 170 180 133 181 155 181 134 181 108 183 173 184 109 185 167 186 158 186 174 186 133 187 175 188 165 189 174 190 176 191 177 192 178 193 135 193 179 193 182 195 183 196 184 197 76 198 185 199 186 200 187 201 188 202 189 203 190 204 191 205 192 206 114 207 83 208 79 209 193 210 194 211 195 212 196 213 123 214 197 215 198 216 199 217 126 218 89 220 146 221 87 222 200 223 201 224 191 225 202 226 203 227 204 228 138 229 205 230 206 231 102 232 207 233 173 234 208 235 209 236 210 237 211 238 212 239 213 240 214 241 215 242 216 23 217 243 218 244 219 245 220 246 221 247 222 248 223 249 179 250 201 224 194 251 224 252 225 253 226 254 162 255 123 256 88 257 227 258 145 259 188 260 228 261 202 262 229 263 230 264 231 265 232 266 233 267 130 268 234 269 235 270 236 271 192 272 157 273 190 274 237 275 238 276 239 277 240 278 213 279 212 280 241 281 240 278 212 280 242 282 213 279 240 278 243 283 244 283 245 283 246 284 247 284 248 284 242 282 249 285 213 279 249 285 250 286 213 279 250 286 251 287 213 279 213 279 251 287 252 288 252 288 253 289 213 279 213 279 253 289 254 290 213 279 254 290 255 291 254 290 256 292 255 291 256 292 257 293 255 291 257 293 258 294 255 291 255 291 258 294 259 295 259 295 260 296 255 291 260 296 261 297 255 291 261 297 262 298 255 291 262 298 263 299 264 300 255 291 262 298 264 300 265 301 264 300 263 299 263 299 266 302 265 301 267 303 268 304 269 305 270 306 267 303 271 307 271 307 272 308 270 306 272 308 273 309 270 306 273 309 274 310 270 306 274 310 275 311 270 306 276 312 277 313 278 314 278 314 277 313 270 306 278 314 270 306 275 311 279 315 280 316 276 312 276 312 280 316 277 313 281 317 282 318 283 319 283 319 282 318 280 316 284 320 285 321 281 317 281 317 285 321 282 318 286 322 287 323 284 320 284 320 287 323 285 321 288 324 237 275 286 322 286 322 237 275 287 323 261 297 289 325 262 298 290 326 291 327 292 328 291 327 293 329 294 330 295 331 294 330 293 329 296 332 211 333 297 334 296 332 297 334 295 331 298 335 299 335 300 335 274 336 301 337 302 338 303 339 266 339 218 339 304 340 305 341 85 342 306 343 293 329 290 326 289 325 278 344 266 345 307 346 308 347 309 348 310 349 311 350 312 351 313 352 314 353 315 348 316 354 278 344 289 325 317 355 318 356 316 357 252 288 245 358 253 289 319 359 320 360 321 361 316 362 318 362 278 362 278 363 318 363 243 363 243 364 254 290 244 365 245 358 278 314 243 366 322 367 323 368 324 369 234 269 236 271 325 370 326 371 278 314 301 372 327 373 278 314 328 374 329 375 264 300 330 376 326 371 331 377 278 314 278 378 331 379 332 380 333 381 278 314 275 311 333 381 184 382 301 372 334 383 335 384 336 385 337 386 338 387 339 388 340 389 341 390 342 391 337 386 339 388 264 300 264 300 339 388 323 368 322 367 264 300 323 368 343 392 344 393 345 394 259 295 317 355 260 296 321 361 346 395 319 359 347 396 264 300 322 367 267 303 264 300 347 396 267 303 347 396 346 395 346 395 321 361 348 397 346 395 348 397 267 303 272 308 331 377 326 371 349 398 350 399 323 400 347 396 351 401 346 395 337 386 329 375 352 402 353 403 278 404 320 405 236 406 354 407 355 408 264 300 219 245 330 376 325 409 278 404 353 403 235 270 347 396 322 367 325 410 236 410 278 410 278 411 236 411 356 411 357 412 358 413 359 414 360 415 361 416 339 388 356 417 362 418 278 419 278 419 362 418 363 420 364 421 363 422 329 375 329 375 363 422 352 402 365 423 289 423 266 423 134 424 181 425 135 426 366 427 241 281 367 428 341 390 368 429 336 385 293 329 306 343 343 392 343 392 306 343 369 430 343 392 369 430 370 431 370 431 369 430 340 389 370 431 340 389 342 391 279 315 371 432 372 433 373 434 374 435 375 436 366 427 367 428 376 437 278 314 327 373 276 312 276 312 327 373 371 432 276 312 371 432 279 315 279 315 372 433 283 319 281 317 377 438 378 439 281 317 378 439 284 320 286 322 290 326 288 324 288 324 290 326 379 440 379 440 290 326 292 328 380 441 381 442 382 443 383 444 384 445 385 446 296 332 293 329 345 394 345 394 293 329 343 392 386 447 274 310 273 309 366 427 242 282 387 448 334 383 336 385 367 428 334 383 367 428 212 280 212 280 367 428 241 281 336 385 368 429 328 374 336 385 328 374 367 428 284 320 378 439 290 326 284 320 290 326 286 322 388 449 389 450 310 349 389 450 390 451 391 452 389 450 391 452 392 453 392 453 391 452 311 350 372 433 377 438 283 319 388 449 390 451 389 450 393 454 394 455 395 456 396 457 397 458 398 459 399 460 400 461 401 462 399 460 401 462 402 463 399 460 403 464 400 461 404 465 403 465 399 465 404 466 405 466 403 466 405 467 404 467 406 467 406 468 407 468 405 468 408 469 407 469 406 469 409 470 410 471 408 472 408 472 410 471 407 473 411 474 412 475 410 471 411 474 410 471 409 470 402 463 401 462 413 476 413 476 401 462 414 477 415 478 414 477 416 479 415 478 416 479 417 480 415 478 417 480 418 481 418 481 417 480 419 482 418 481 419 482 420 483 418 481 420 483 421 484 422 485 423 486 420 483 421 484 420 483 424 487 424 487 420 483 423 486 424 488 423 488 425 488 426 489 427 490 422 485 426 489 422 485 420 483 427 490 431 494 432 495 432 495 431 494 433 496 432 495 433 496 434 497 434 497 433 496 435 498 436 499 437 500 435 498 435 498 437 500 434 497 438 501 439 502 412 475 250 286 440 503 251 287 411 474 438 501 412 475 74 93 441 504 442 505 324 369 350 506 236 507 163 508 162 508 188 508 431 494 442 505 441 504 431 494 441 504 443 509 443 509 441 504 444 510 443 509 444 510 445 511 436 499 435 498 439 512 446 513 412 475 439 502 446 513 439 502 435 498 447 514 448 515 449 516 450 517 451 518 73 92 140 519 197 519 161 519 450 517 73 92 72 91 452 520 73 92 451 518 453 521 446 513 445 511 445 511 446 513 443 509 443 509 446 513 435 498 443 509 435 498 433 496 443 509 433 496 431 494 431 494 426 489 442 505 454 522 455 523 456 524 74 93 420 483 419 482 74 93 419 482 72 91 72 91 419 482 417 480 72 91 417 480 416 479 72 91 416 479 450 517 451 525 450 517 416 479 451 525 416 479 414 477 457 526 458 527 330 376 414 477 415 478 413 476 459 528 460 529 461 530 462 531 463 532 464 533 465 534 466 535 467 536 470 540 471 541 472 542 373 543 473 544 415 545 164 546 110 546 474 546 461 20 475 20 459 20 404 547 399 548 408 549 476 550 477 551 478 552 309 553 209 20 307 20 345 554 479 555 335 556 480 557 481 558 482 559 130 560 222 561 207 562 438 563 483 564 484 565 484 565 439 566 438 563 390 567 484 568 391 569 391 569 484 568 483 570 391 571 483 572 485 573 485 573 311 574 391 571 312 575 486 576 375 577 312 575 375 577 388 578 388 578 375 577 487 579 436 580 487 581 437 582 375 583 437 582 487 581 487 584 436 585 439 586 379 587 488 588 489 589 216 590 215 591 311 592 490 593 491 594 492 595 483 596 255 597 485 598 485 598 255 597 264 599 264 600 493 601 214 602 486 603 268 604 375 605 486 603 269 606 268 604 494 607 495 608 496 609 310 610 389 611 497 612 497 612 389 611 473 613 497 614 498 615 310 616 310 616 498 615 392 617 473 618 392 619 498 620 473 621 389 621 392 621 499 622 500 623 501 624 502 625 503 626 504 627 505 553 506 628 507 629 508 630 509 631 510 348 512 635 513 636 514 637 515 638 95 639 516 640 517 641 397 642 354 643 90 23 518 23 519 23 520 644 483 645 297 646 362 647 337 386 521 648 102 649 104 649 173 649 379 587 489 589 288 653 522 654 141 654 205 654 376 655 440 655 366 655 523 656 86 657 524 658 353 403 351 401 325 409 177 659 191 660 525 661 526 662 241 663 527 664 528 665 529 666 530 667 295 668 531 669 294 670 532 671 533 671 153 671 534 672 173 673 535 674 381 675 536 676 537 677 249 678 538 679 539 680 249 678 539 680 250 681 536 682 366 682 537 682 318 683 540 684 541 685 542 686 184 687 183 688 543 689 544 690 545 691 423 692 422 692 424 692 251 696 547 697 512 698 251 696 512 698 252 699 548 700 319 701 117 702 274 703 549 704 182 705 274 703 182 705 275 706 272 710 552 711 553 712 272 710 553 712 273 713 554 714 555 714 556 714 386 715 557 716 326 717 558 718 559 719 560 720 267 721 561 722 558 723 267 721 558 723 271 724 321 725 562 726 348 727 348 727 562 726 499 728 132 732 565 733 221 734 346 735 566 736 567 737 346 735 567 737 319 738 568 739 569 739 570 739 347 740 571 741 572 742 347 740 572 742 351 743 235 744 322 745 397 746 324 747 573 748 322 749 322 749 573 748 574 750 571 751 347 752 575 753 517 754 236 754 235 754 236 755 517 755 354 755 361 756 576 757 323 758 323 758 576 757 577 759 578 760 339 761 338 762 339 761 578 760 579 763 580 764 581 765 582 766 525 767 179 767 180 767 360 768 339 769 583 770 352 771 584 772 337 773 337 773 584 772 585 774 578 775 338 776 586 777 330 778 587 779 329 780 329 780 587 779 588 781 219 782 589 783 447 784 219 782 447 784 457 785 449 786 218 787 590 788 265 789 591 790 592 791 265 789 592 791 217 792 262 793 593 794 594 795 262 793 594 795 263 796 376 797 514 798 440 799 260 800 595 801 596 802 260 800 596 802 261 803 258 805 597 806 259 807 259 807 597 806 598 808 599 809 318 809 600 809 318 810 599 810 540 810 601 811 602 812 603 813 256 814 604 815 601 816 256 814 601 816 257 817 506 818 605 819 606 820 607 821 608 822 609 823 610 824 560 825 559 826 253 827 611 828 254 829 254 829 611 828 607 830 255 831 520 644 612 832 613 833 374 833 614 833 615 834 616 834 613 834 617 835 618 836 619 837 620 838 609 839 608 840 621 841 622 842 623 843 624 844 625 845 626 846 627 847 628 847 629 847 630 848 631 849 632 850 633 851 634 852 635 853 636 854 349 855 637 856 638 857 639 857 120 857 640 858 514 859 513 860 641 861 642 862 643 863 644 864 94 864 105 864 645 865 475 866 646 867 293 329 296 332 295 331 647 868 583 869 648 870 649 871 581 765 650 872 503 878 654 879 655 880 656 20 657 881 658 882 659 883 501 884 500 885 598 886 623 887 622 888 474 889 109 889 232 889 660 890 475 891 460 892 240 894 664 895 242 896 242 896 664 895 665 897 387 898 527 898 241 898 556 899 614 900 73 92 614 901 373 902 666 903 667 904 668 905 669 906 670 907 671 908 162 909 672 910 121 910 639 910 673 911 674 911 675 911 676 912 185 913 677 914 678 915 679 916 680 917 681 918 682 919 683 920 666 921 616 922 615 923 686 926 73 92 452 520 687 927 688 928 528 665 689 929 313 930 690 931 691 932 692 933 693 934 612 935 694 935 695 935 685 936 696 937 697 938 495 939 698 940 496 941 507 942 605 943 505 348 315 20 699 20 313 20 409 944 413 945 411 946 700 947 701 947 702 947 663 948 150 949 661 950 703 951 704 952 705 953 706 954 707 955 708 956 709 957 459 958 710 959 711 960 712 961 713 962 714 963 715 964 684 965 679 966 707 967 716 968 717 969 477 970 718 971 238 972 719 973 720 974 721 975 518 975 519 975 722 976 454 977 723 978 724 979 725 980 726 981 407 982 400 983 405 984 727 985 728 986 729 987 730 988 706 989 731 990 708 20 679 20 706 20 189 991 156 992 187 993 732 994 230 995 733 348 196 213 197 215 199 996 734 988 735 989 736 997 737 998 738 999 739 1000 132 1001 740 1001 164 1001 741 1002 742 1003 743 1004 744 1005 732 1006 745 1007 530 1008 746 1009 747 1010 748 1011 149 1011 82 1011 749 1012 750 1013 751 1014 752 1015 749 1016 751 1017 753 1018 754 1018 755 1018 756 1019 449 1020 448 1021 757 1022 676 980 758 1023 526 1024 527 1025 387 1026 759 1027 101 1028 760 1029 761 1030 762 1031 763 1032 764 1033 699 1034 314 1035 152 1037 151 1037 652 1037 704 1038 765 1039 705 1040 766 1041 667 1042 669 1043 767 20 358 20 768 20 770 1045 206 1046 137 166 772 1050 126 1051 773 1052 774 1053 768 980 775 1054 144 1055 110 1056 142 1057 776 1058 762 1059 777 1060 365 1064 618 1065 289 1066 782 1068 783 1069 784 1070 785 1071 100 1072 786 1073 787 1074 788 1075 789 1076 735 1077 545 1078 790 1079 791 1080 792 1081 714 1082 793 1083 506 1084 794 1085 795 1086 796 1087 797 1088 93 1089 798 1089 95 1089 799 1090 800 1091 504 1092 799 1090 504 1092 503 1093 498 1094 224 1095 215 1096 801 1097 216 1098 802 1099 797 1100 803 1101 804 1102 804 1103 803 1104 805 1105 214 1106 216 1107 806 1108 807 20 805 1109 808 20 797 1110 804 1111 655 1112 809 1113 810 1113 811 1113 811 1114 803 1114 809 1114 803 1115 796 1115 809 1115 809 1116 812 1116 810 1116 796 1117 812 1117 809 1117 781 1118 166 1119 154 1120 813 1121 814 1122 305 1123 244 1124 609 1125 245 1126 815 1127 816 1128 709 1129 817 1130 694 1131 818 1132 817 1133 520 1134 819 1135 818 1136 520 1134 817 1133 817 1137 819 1138 694 1139 215 1140 493 1141 807 1142 808 1143 812 1144 795 1145 556 1146 820 1146 821 1146 520 1147 818 1147 612 1147 822 1148 823 1149 569 1150 822 1151 569 1152 568 1153 568 1153 824 1154 822 1151 822 1155 824 1155 823 1155 825 1156 826 1157 827 1158 192 1159 828 1159 190 1159 829 1160 830 1161 649 1162 834 1166 294 670 531 669 835 1167 509 1168 239 1169 198 1170 124 1171 126 1172 836 210 837 211 838 212 840 1176 841 1176 842 1176 220 1177 143 1177 222 1177 843 1178 844 1179 687 927 747 1010 845 1180 846 1181 847 1182 769 1183 825 1184 522 1185 153 1186 205 1187 848 1188 639 1189 849 1190 267 303 850 1191 332 1192 851 1193 358 1194 852 1195 853 1196 854 1197 847 1198 855 1199 856 1200 94 1201 857 1202 229 1203 858 1204 827 1205 859 1206 462 1207 821 1209 861 1209 554 1209 862 1210 763 1211 863 348 864 1212 865 1212 866 1212 805 1213 810 1214 808 1215 476 1216 867 1217 829 1218 768 1219 359 1220 767 1221 868 1223 869 1223 866 1223 760 553 100 20 759 20 870 1224 871 1224 864 1224 89 1228 112 1228 87 1228 873 1232 711 1233 713 1234 225 1235 788 1236 874 1237 592 1238 467 1239 466 1240 799 1241 655 880 875 1242 580 764 833 1243 876 1244 877 1245 835 1246 878 1247 881 1251 544 1252 882 1253 350 1254 349 1255 356 1256 190 1257 755 1258 192 1259 883 1260 657 1261 884 1262 697 1266 886 1267 791 1268 823 1269 824 1269 887 1269 888 1272 106 1272 107 1272 81 1273 516 1274 83 1275 115 1276 149 1276 644 1276 128 1277 888 1277 129 1277 226 1278 546 1278 123 1278 129 1279 889 1280 128 1281 658 1282 816 1283 656 348 890 1287 784 1288 814 1289 257 293 318 1290 258 294 891 1291 209 1292 308 1293 815 1294 657 1295 816 1296 301 372 278 314 333 381 430 1297 892 1297 428 1297 684 1298 839 1299 685 1300 144 1305 535 1306 142 1307 187 1312 511 1312 189 1312 511 1313 228 1313 202 1313 895 1316 896 1317 783 1318 455 1320 722 20 509 1321 897 1325 524 1326 896 1327 898 1328 471 1329 384 1330 725 1331 874 1332 899 956 129 1335 80 1336 128 1337 849 1338 121 1338 900 1338 901 114 625 1339 455 1340 902 1341 238 1342 720 853 903 1343 681 1344 683 1345 876 1346 904 1347 717 1348 905 1349 906 1350 907 1351 866 1353 865 1354 868 1355 900 1356 120 1357 848 1358 771 1359 83 1360 889 1361 846 1181 885 1362 843 1363 464 1364 908 1365 853 1366 828 1367 176 1367 177 1367 189 1368 773 1369 187 1370 170 23 842 23 841 23 502 1371 742 1372 801 1373 169 1374 909 1375 910 1376 79 1377 83 1378 82 1379 149 1380 95 1380 94 1380 94 1381 856 1382 911 1383 128 1384 80 1385 106 1386 856 1382 128 1384 106 1386 106 1386 911 1383 856 1382 82 1379 80 21 79 1377 75 94 758 1387 76 95 81 100 748 1389 82 101 84 103 304 1390 85 104 87 106 533 1391 88 107 93 110 855 1392 94 111 414 1393 401 1394 452 1395 401 1394 410 1396 452 1395 410 1396 412 1397 453 1398 446 1399 453 1398 412 1397 453 1398 452 1395 410 1396 414 1393 452 1395 451 1400 749 1401 99 1402 297 334 297 334 231 1403 749 1401 231 1403 912 1404 749 1401 99 114 752 1406 100 115 752 1406 786 1407 100 115 100 115 760 1408 101 116 105 120 911 1409 106 121 87 1410 146 1411 227 1412 533 1413 87 1410 227 1412 206 1414 205 1415 153 1416 146 1417 98 1417 137 1417 153 1416 137 21 206 1414 533 1413 227 1412 153 21 107 127 106 1419 80 128 116 131 913 1420 117 132 119 1421 638 1421 120 1421 770 1422 138 229 206 231 122 135 226 1423 123 136 565 1424 142 1425 110 1426 740 1427 565 1424 110 1426 173 1428 207 1429 109 1430 233 21 207 1429 131 1431 207 1429 233 21 109 1430 125 138 198 1433 126 139 128 141 856 1434 105 142 503 878 915 1435 654 879 382 1436 539 1437 538 1438 538 1438 380 1439 382 1436 916 1440 147 1440 146 1440 204 1441 125 1442 156 992 507 942 917 1443 605 943 147 154 96 1444 98 155 148 157 93 1445 95 158 918 1446 200 1446 191 1446 96 165 770 1045 137 166 273 1458 553 1459 557 1460 553 1459 923 1461 557 1460 386 1462 273 1458 557 1460 161 173 197 1466 162 174 142 176 565 1467 164 177 735 1077 734 1468 545 1078 210 20 766 20 669 20 669 20 208 20 210 20 171 1469 134 1469 172 1469 277 1470 280 1471 568 1472 136 1473 146 1473 137 1473 165 1474 781 1118 154 1120 108 183 102 1475 173 184 105 1476 94 1476 911 1476 133 187 172 1478 175 188 174 190 158 1479 176 191 180 1481 179 1481 181 1481 924 1488 317 355 631 1489 631 1489 317 355 316 357 333 1492 275 1493 184 197 275 1493 182 195 184 197 633 1495 77 1496 76 198 76 198 677 1497 185 199 186 200 633 1495 76 198 187 201 671 1434 188 202 849 1190 639 1189 121 1498 190 204 918 1499 191 205 114 207 81 1500 83 208 193 210 716 1502 194 211 196 213 226 1503 123 214 198 216 140 1504 199 217 178 1512 181 1512 134 1512 171 1513 133 146 135 148 89 220 916 1514 146 221 134 1515 155 1516 172 1517 155 1516 154 1518 175 1519 166 21 159 21 158 21 158 1520 192 1521 176 1522 192 1521 191 1523 176 1522 172 1517 155 1516 175 1519 166 1524 175 1519 154 1518 706 954 730 1525 707 955 221 1526 565 1424 740 1427 221 1526 740 1427 131 1431 222 1527 221 1526 131 1431 131 1431 207 1429 222 1527 200 223 223 249 201 224 202 226 228 1528 203 227 138 229 522 1529 205 230 530 667 529 666 746 1530 102 232 232 1531 207 233 208 235 668 1387 209 236 680 20 193 20 195 20 195 20 678 20 680 20 211 238 296 1532 212 239 214 241 493 1533 215 242 217 243 303 1534 218 244 671 1535 914 1536 162 21 174 1537 157 1537 159 1537 202 1538 228 1538 925 1538 220 246 132 1539 221 247 223 249 178 1540 179 250 874 1541 730 1542 194 251 225 253 874 1541 194 251 194 251 716 1543 224 252 226 254 670 1544 162 255 188 260 914 1545 228 261 836 1546 858 1547 229 263 229 263 733 1548 230 264 231 265 836 1546 229 263 118 1549 567 1550 566 1551 566 1551 116 1552 118 1549 395 1554 572 1555 571 1556 571 1556 393 1557 395 1554 192 272 158 1558 157 273 926 1559 749 1401 912 1404 912 1404 231 1403 230 1560 101 1561 926 1559 912 1404 912 1404 230 1560 744 20 757 1562 634 1563 99 1402 634 1563 297 334 99 1402 757 1562 99 1402 101 1561 185 1564 757 1562 912 1404 757 1562 101 1561 912 1404 231 1403 297 334 837 1565 297 334 801 1373 543 1566 837 1565 297 334 543 1566 801 1373 742 1372 543 1566 837 1565 543 1566 545 1567 744 20 837 1565 545 1567 744 20 545 1567 912 1404 704 1568 297 334 186 1569 927 1570 704 1568 186 1569 927 1570 186 1569 185 1564 774 1571 384 1572 928 1573 384 1572 927 1570 185 1564 359 20 774 1571 928 1573 384 1572 185 1564 912 1404 928 1573 384 1572 912 1404 763 1574 929 1575 928 1573 763 1574 928 1573 930 1576 891 1577 297 334 667 1578 297 334 681 1579 761 1580 667 1578 297 334 761 1580 931 1581 834 1582 912 1404 834 1582 930 1576 928 1573 901 1583 455 1320 724 1584 455 1320 931 1581 724 1584 722 20 738 1585 509 1321 239 277 509 1321 738 1585 239 277 738 1585 237 275 738 1585 901 1583 224 252 237 275 738 1585 224 252 930 1576 667 1578 763 1574 667 1578 761 1580 763 1574 931 1581 932 1586 605 1587 488 1588 931 1581 709 1129 489 1589 488 1588 689 1590 689 1590 488 1588 314 1591 288 324 489 1589 692 1592 237 275 288 324 692 1592 489 1589 689 1590 692 1592 488 1588 709 1129 816 1128 709 1129 931 1581 460 1593 834 1582 928 1573 912 1404 931 1581 912 1404 504 1594 912 1404 545 1567 504 1594 545 1567 734 1595 504 1594 734 1595 502 1371 504 1594 933 1596 314 1591 488 1588 816 1128 933 1596 488 1588 931 1581 504 1594 707 1597 504 1594 800 1598 707 1597 800 1598 224 252 716 1543 800 1598 716 1543 707 1597 237 275 906 1599 660 1600 711 1601 237 275 660 1600 225 253 224 252 728 20 728 20 224 252 901 1583 237 275 606 1602 238 276 606 1602 605 1587 238 276 707 1597 730 1542 931 1581 730 1542 874 1541 931 1581 711 1601 660 1600 460 1593 917 20 711 1601 460 1593 917 20 460 1593 931 1581 931 1581 874 1541 724 1584 605 1587 917 20 931 1581 901 1583 724 1584 728 20 605 1587 932 1586 238 276 215 1603 934 1603 486 1603 335 384 341 390 336 385 548 1604 353 1604 320 1604 263 299 365 1605 266 302 269 305 264 300 267 303 261 297 316 354 289 325 590 1606 218 1606 458 1606 426 489 420 483 442 505 302 338 542 1607 549 1608 549 1608 274 336 302 338 304 340 813 1610 305 341 370 431 342 391 344 393 310 349 392 453 311 350 521 1612 363 1612 362 1612 252 288 376 437 245 358 290 326 293 329 291 327 319 359 548 1613 320 360 420 483 74 93 442 505 243 364 256 292 254 290 332 1192 850 1191 278 1614 312 351 388 449 310 349 376 437 278 314 245 358 386 1615 326 1615 301 1615 329 375 337 386 264 300 302 1616 301 372 184 382 330 376 219 245 457 526 850 1617 320 405 278 404 339 388 361 416 323 368 340 389 368 429 341 390 537 1618 366 1619 440 503 270 306 268 304 267 303 343 392 370 431 344 393 259 295 600 1620 317 355 272 308 271 307 331 377 323 400 577 1621 349 398 577 1621 637 1622 349 398 367 428 278 314 376 437 602 1623 601 1623 604 1623 521 1624 337 1625 642 1626 337 1625 585 1627 642 1626 585 1627 643 1628 642 1626 396 1629 573 1630 355 408 573 1630 324 1631 355 408 324 1631 236 406 355 408 235 270 234 269 347 396 935 1632 756 1633 589 1634 589 1634 219 1635 935 1632 219 1635 218 1636 935 1632 328 374 278 314 367 428 887 1637 824 1154 568 1153 362 1638 356 1638 360 1638 357 412 490 1639 358 413 490 1639 852 1640 358 413 358 413 767 1641 359 414 360 415 356 1642 361 416 219 245 265 301 217 243 458 1644 218 1645 278 344 278 1646 363 1646 364 1646 278 1647 364 1647 458 1647 218 1645 266 345 278 344 179 1648 135 426 181 425 497 1649 473 1649 373 1649 497 1650 373 434 375 436 350 1651 356 1651 236 1651 377 438 281 317 283 319 380 441 936 1652 381 442 386 447 301 1653 274 310 366 427 249 285 242 282 600 1620 318 356 317 355 344 393 342 391 479 1654 393 454 575 1655 394 455 396 457 355 1656 397 458 923 1657 937 1657 557 1657 250 286 537 1618 440 503 324 369 323 368 350 506 341 390 335 384 479 1654 590 1658 457 1659 449 516 457 1659 447 514 449 516 613 1660 616 1660 374 1660 513 1661 512 1662 547 1663 547 1663 640 1664 513 1661 938 1666 465 1667 591 1668 591 1668 265 1669 938 1666 265 1669 266 1670 938 1666 820 1671 555 1672 483 1673 438 1674 411 1675 820 1671 411 1675 413 1676 861 1677 413 1676 415 545 555 1672 483 1673 438 1674 820 1671 413 1676 555 1672 861 1677 820 1671 411 1675 861 1677 457 526 590 1678 458 527 751 1679 785 1680 786 1681 786 1681 752 20 751 1679 462 531 939 1682 463 532 465 534 938 1683 466 535 470 540 765 1703 471 541 415 545 418 1704 616 1705 418 1704 421 1706 616 1705 421 1706 424 1707 616 1705 424 1707 422 1708 616 1705 422 1708 427 1709 616 1705 427 1709 432 1710 616 1705 432 1710 434 1711 616 1705 434 1711 437 1712 616 1705 437 1712 375 436 374 435 373 543 415 545 616 1705 555 1672 415 545 483 1673 437 1712 374 435 616 1705 483 1673 415 545 473 544 944 1713 945 1713 526 1713 263 1714 594 1715 618 1716 594 1715 619 1717 618 1716 365 1718 263 1714 618 1716 280 316 279 315 283 319 732 994 744 1719 230 995 710 20 459 20 475 20 695 1723 819 1723 520 1723 399 548 402 1724 409 1725 409 1725 408 549 399 548 406 1726 404 547 408 549 476 550 718 1727 477 551 668 20 307 20 209 20 334 1728 212 1729 296 1730 344 1731 479 555 345 554 296 1730 345 554 335 556 335 556 334 1728 296 1730 480 557 947 1732 481 558 130 560 220 1733 222 561 484 1734 487 584 439 586 379 587 292 1735 488 588 215 591 486 1736 312 1737 311 592 485 1738 216 590 215 591 312 1737 311 592 924 1740 630 1741 595 1742 595 1742 260 1743 924 1740 260 1743 317 1744 924 1740 264 600 269 1745 493 601 269 1745 486 1746 934 1747 269 1745 934 1747 493 601 485 1748 264 600 802 1749 214 602 802 1749 264 600 494 607 815 1750 495 608 850 1751 348 1752 501 624 348 1752 499 622 501 624 502 625 915 1753 503 626 712 1754 507 629 506 628 723 20 454 1755 625 1756 625 1756 454 1755 456 1757 948 1758 243 1758 318 1758 388 1759 487 1760 390 1761 487 1760 484 1762 390 1761 265 301 219 245 264 300 376 1770 252 1771 514 637 252 1771 512 635 514 637 480 1772 587 1773 947 1774 587 1773 330 1775 947 1774 330 1775 458 1776 947 1774 719 20 508 20 835 20 835 20 508 20 510 553 711 1601 606 1602 237 275 270 1777 277 1470 568 1472 568 1472 570 1778 270 1777 375 1779 268 1780 570 1778 268 1780 270 1777 570 1778 375 1779 570 1778 823 1781 375 1779 823 1781 237 1782 823 1781 887 1783 237 1782 375 1779 237 1782 224 1784 224 1784 498 615 497 614 497 614 375 1779 224 1784 887 1783 568 1472 287 1785 568 1472 280 1471 282 1786 282 1786 285 1787 568 1472 285 1787 287 1785 568 1472 287 1785 237 1782 887 1783 799 1241 503 878 655 880 515 638 93 1423 95 639 355 1790 354 643 397 642 90 23 92 23 518 23 213 1791 612 832 695 1792 297 646 211 1793 695 1792 211 1793 213 1791 695 1792 949 1794 801 1795 483 645 801 1795 297 646 483 645 297 646 695 1792 520 644 520 644 255 831 483 645 362 647 338 387 337 386 634 1563 186 1569 297 334 928 1573 929 1575 359 20 929 1575 681 1579 357 1799 681 1579 297 334 357 1799 297 334 704 1568 898 1800 359 20 929 1575 357 1799 297 334 898 1800 491 1801 491 1801 357 1799 297 334 898 1800 384 1572 774 1571 898 1800 774 1571 491 1801 951 1802 602 1803 604 1804 604 1804 256 1805 951 1802 256 1805 243 1806 951 1802 523 656 84 1808 86 657 353 403 346 395 351 401 177 659 176 1809 191 660 945 1810 241 663 526 662 534 672 102 1812 173 673 613 1813 614 900 445 511 614 900 556 899 445 511 556 899 821 1814 445 511 445 511 444 510 613 1813 615 1815 613 1813 444 510 537 677 250 1816 381 675 250 1816 539 1817 381 675 539 1817 382 1818 381 675 127 1819 126 1820 139 1821 126 1820 199 1822 139 1821 197 1823 123 1823 162 1823 203 1824 156 1825 127 21 187 1826 156 1825 228 1827 228 1827 156 1825 203 1824 671 1535 187 1826 228 1827 228 1827 914 1536 671 1535 199 1822 197 21 139 1821 541 685 621 1828 597 1829 597 1829 258 1830 541 685 258 1830 318 683 541 685 542 686 302 1831 184 687 543 689 741 1832 544 690 741 1832 882 1833 544 690 544 690 790 1834 545 691 640 1839 547 1840 953 1841 547 1840 251 1842 953 1841 251 1842 440 1843 953 1841 319 701 567 1844 117 702 567 1844 118 1845 117 702 937 1848 326 717 557 716 331 1849 271 1850 560 720 271 1850 558 718 560 720 937 1852 923 1853 552 1854 552 1854 272 1855 937 1852 272 1855 326 1856 937 1852 954 1857 659 1858 562 1859 562 1859 321 1860 954 1857 321 1860 320 1861 954 1857 575 1870 234 269 394 1871 394 1871 234 269 325 370 913 1872 116 1873 566 1874 566 1874 346 1875 913 1872 346 1875 353 1876 913 1872 325 1877 351 1878 394 1879 351 1878 572 1880 394 1879 572 1880 395 1881 394 1879 322 745 574 1883 397 746 574 1883 398 1884 397 746 397 746 517 1885 235 744 347 752 234 1886 575 753 575 753 393 1887 571 751 620 1888 611 1889 958 1890 611 1889 253 1891 958 1890 253 1891 245 1892 958 1890 944 1894 665 1894 664 1894 580 764 650 872 581 765 525 1895 201 1895 179 1895 339 769 579 1896 583 770 579 1896 648 1897 583 770 132 732 164 1898 565 733 586 1899 362 1900 583 1901 583 1901 362 1900 360 1902 959 1903 363 1904 642 1905 642 1905 363 1904 521 1906 338 776 362 1907 586 777 586 777 647 1908 578 775 935 1910 218 787 449 786 827 1205 826 1911 859 1206 936 1912 366 1913 381 1914 381 1914 366 1913 536 1915 953 1916 440 799 514 798 261 1917 596 1918 631 1919 596 1918 632 1920 631 1919 316 1921 261 1917 631 1919 204 1922 127 1819 139 1821 848 1358 120 1357 639 1923 617 1924 593 1925 960 1926 593 1925 262 1927 960 1926 262 1927 289 1928 960 1926 913 1929 353 1930 117 1931 117 1931 353 1930 548 1932 541 1933 540 1934 622 1935 622 1935 540 1934 599 1936 948 1937 257 1938 603 813 257 1938 601 811 603 813 873 1939 794 1940 506 818 506 818 505 1834 605 819 606 820 873 1939 506 818 244 1941 254 1942 609 823 254 1942 607 821 609 823 610 824 961 1943 560 825 961 1944 332 380 560 1945 560 1945 332 380 331 379 77 20 633 1946 75 1947 635 1948 75 1947 633 1946 107 1949 106 1949 962 1949 213 1791 255 831 612 832 947 1950 458 1951 481 1952 481 1952 458 1951 364 1953 617 835 960 1954 618 836 620 838 958 1652 609 839 299 1955 872 1955 702 1955 597 1956 621 1957 623 1958 623 1958 598 1959 597 1956 621 841 541 1943 622 842 632 1960 596 1961 630 1962 595 1963 630 1962 596 1961 624 844 723 1387 625 845 630 848 924 1683 631 849 559 1964 558 1965 561 1966 561 1966 610 1967 559 1964 619 1968 594 1969 593 1970 593 1970 617 1971 619 1968 633 851 186 1972 634 852 636 854 963 1973 349 855 591 1974 465 1975 592 1976 467 1960 592 1976 465 1975 602 1977 951 1977 603 1977 640 858 953 1652 514 859 641 861 959 1978 642 862 587 1979 480 1980 588 1981 482 1982 588 1981 480 1980 645 865 710 1387 475 866 584 1983 641 1984 643 1985 643 1985 585 1986 584 1983 462 1207 859 1206 939 1987 648 1988 579 1989 578 1990 578 1990 647 1991 648 1988 647 868 586 1978 583 869 649 871 830 1992 581 765 637 1993 577 1994 576 1995 576 1995 636 1996 637 1993 657 881 698 2006 658 882 474 2007 110 2007 109 2007 528 665 653 2011 529 666 965 2012 690 2012 699 2012 659 883 954 2013 501 884 398 2014 574 2015 396 2016 573 2017 396 2016 574 2015 622 888 599 2018 600 2019 600 2019 259 2020 622 888 259 2020 598 886 622 888 660 890 905 2021 475 891 905 2021 646 2022 475 891 475 891 461 2023 460 892 183 2024 182 2025 542 2026 549 2027 542 2026 182 2025 313 352 689 1525 314 353 307 346 930 2028 308 347 945 2029 944 2030 664 2031 664 2031 240 2032 945 2029 240 2032 241 2033 945 2029 453 521 445 511 821 1814 686 926 452 520 554 2034 453 521 821 1814 554 2034 73 92 686 926 556 899 74 93 73 92 444 510 666 2035 615 1815 73 92 615 1815 444 510 73 92 453 521 554 2034 452 520 74 93 444 510 441 504 686 926 554 2034 556 899 666 2035 73 92 614 900 614 901 374 2036 373 902 667 904 930 2037 668 905 930 2037 307 980 668 905 668 905 208 2038 669 906 670 907 188 2039 671 908 570 2040 569 1150 823 1149 821 2042 820 2042 861 2042 678 915 731 2043 679 916 608 2044 607 2045 620 2046 611 2047 620 2046 607 2045 681 918 929 2048 682 919 929 2048 862 2049 682 919 682 919 776 2038 683 920 666 921 373 2050 616 922 862 1210 929 2051 763 1211 965 2052 693 2053 690 931 693 2053 692 2054 690 931 692 2054 689 929 690 931 691 932 764 2055 692 933 685 936 839 2057 696 937 495 939 933 2058 698 940 933 2058 658 980 698 940 698 940 883 2059 496 941 690 20 313 20 699 20 409 944 402 2060 413 945 532 2061 88 2061 533 2061 703 951 898 2055 704 952 645 2062 907 2063 710 959 907 2063 906 2064 710 959 906 2064 709 957 710 959 711 960 917 2065 712 961 917 2065 507 2066 712 961 712 961 793 2067 713 962 714 963 792 2068 715 964 193 2069 680 2070 679 966 679 966 708 2071 707 967 716 968 193 2069 679 966 508 630 932 2072 509 631 717 969 904 2073 477 970 238 972 932 2074 719 973 932 2074 508 2075 719 973 719 973 877 2076 720 974 624 2077 739 2078 723 978 739 2078 738 2079 723 978 738 2079 722 976 723 978 787 2038 729 2080 726 981 729 2080 728 2081 726 981 728 2081 724 979 726 981 843 1363 885 1362 844 2082 726 2083 725 2084 788 2085 788 2085 725 2084 899 20 407 982 410 2099 400 983 410 2099 401 2100 400 983 403 2101 405 984 400 983 459 528 709 1525 460 529 727 985 225 1502 728 986 678 2102 195 2103 731 990 195 2103 194 2104 731 990 194 2104 730 988 731 990 454 522 722 1525 455 523 731 20 706 20 679 20 189 991 204 1441 156 992 759 1027 926 1525 101 1028 881 2105 743 2106 736 997 743 2106 742 2107 736 997 742 2107 734 988 736 997 737 998 901 2108 738 999 426 489 431 494 427 490 936 2110 380 2111 538 2112 538 2112 249 2113 936 2110 249 2113 366 2114 936 2110 966 2115 842 2115 841 2115 741 1002 543 2108 742 1003 857 2038 838 2116 745 1007 838 2116 837 2117 745 1007 837 2117 744 1005 745 1007 745 20 732 2118 229 2119 229 2119 732 2118 733 2120 749 1012 926 2121 750 1013 926 2121 759 1006 750 1013 750 1013 785 2122 751 1014 752 1015 99 2123 749 1016 756 1019 935 2134 449 1020 75 2077 635 2135 758 1023 635 2135 634 2136 758 1023 634 2136 757 1022 758 1023 387 1026 242 2137 526 1024 242 2137 665 2138 526 1024 665 2138 944 2139 526 1024 761 1030 903 2141 762 1031 903 2141 777 2142 762 1031 762 1031 863 2143 763 1032 764 1033 691 2144 699 1034 691 2144 965 2145 699 1034 699 1034 315 2146 314 1035 704 1038 927 2147 765 1039 927 2147 383 2148 765 1039 765 1039 470 2149 705 1040 766 1041 891 2055 667 1042 775 20 768 20 358 20 383 444 927 2166 384 445 772 1050 198 2167 126 1051 851 2168 492 2169 775 1054 492 2169 491 2170 775 1054 491 2170 774 1053 775 1054 144 1055 108 2171 110 1056 765 20 383 20 471 20 471 20 383 20 385 20 776 1058 682 2172 762 1059 777 20 903 20 776 20 683 20 776 20 903 20 492 2173 851 2174 852 2175 852 2175 490 2176 492 2173 960 2184 289 1066 618 1065 781 2185 167 2185 159 2185 782 1068 895 2186 783 1069 785 1071 750 2172 100 1072 858 2187 836 2188 838 2189 838 2189 857 20 858 2187 168 2190 170 2190 942 2190 787 1074 726 2191 788 1075 676 912 757 1525 185 913 490 593 357 2192 491 594 791 1080 886 2193 792 1081 846 1181 845 1180 885 1362 789 2194 727 20 729 2195 729 2195 787 2196 789 2194 342 391 341 390 479 1654 626 2198 737 2199 739 2200 739 2200 624 20 626 2198 807 2201 806 2202 473 2203 806 2202 949 2204 473 2203 878 553 902 20 877 20 877 20 902 20 720 20 496 20 883 20 494 20 884 20 494 20 883 20 793 1083 712 2205 506 1084 747 1010 746 1009 964 2206 646 20 905 20 907 20 907 20 645 20 646 20 795 1086 812 2207 796 1087 500 2208 499 2209 562 2210 562 2210 659 2211 500 2208 965 2212 691 2212 693 2212 612 2213 818 1132 694 1131 554 2215 861 2215 555 2215 800 2216 968 2217 934 2218 800 2216 934 2218 224 1095 934 2218 215 1096 224 1095 915 2219 502 2220 802 1099 502 2220 801 1097 802 1099 801 1097 949 2221 216 1098 797 1100 796 2222 803 1101 654 2223 915 2224 214 1106 216 1107 949 2225 806 1108 654 2223 214 1106 806 1108 808 20 795 2226 806 2227 795 2226 654 2228 806 2227 807 20 875 2229 805 1109 808 20 806 2227 807 20 804 1111 805 1109 875 2229 875 2229 655 1112 804 1111 655 1112 654 2228 797 1110 654 2228 795 2226 797 1110 813 1121 890 2230 814 1122 448 2231 447 2232 589 2233 589 2233 756 2234 448 2231 958 2235 245 1126 609 1125 764 2236 314 1591 933 1596 764 2236 933 1596 495 2237 692 1592 764 2236 237 275 764 2236 495 2237 237 275 495 2237 815 1127 237 275 906 1599 237 275 815 1127 709 1129 906 1599 815 1127 493 1141 968 2238 875 2239 875 2239 807 1142 493 1141 807 1142 473 618 498 620 807 1142 498 620 215 1140 808 1143 810 2240 812 1144 658 1282 933 2242 816 1283 112 2243 96 2243 98 2243 825 1156 769 2244 826 1157 682 20 862 20 762 20 762 20 862 20 863 20 485 2246 802 2246 216 2246 829 1160 867 2247 830 1161 951 2248 243 2249 603 2250 603 2250 243 2249 948 2251 725 1331 724 2252 874 1332 834 1166 291 2258 294 670 902 2259 878 2260 835 1167 835 1167 510 2261 509 1168 239 1169 902 2259 835 1167 736 20 735 20 544 20 544 20 735 20 790 20 836 210 231 1502 837 211 295 331 297 334 891 1577 531 2263 295 331 891 1577 308 2264 531 2263 891 1577 834 1582 531 2263 308 2264 308 2264 930 1576 834 1582 687 927 844 1179 754 2265 847 1182 854 2267 769 1183 684 1298 715 2268 839 1299 522 1185 532 2269 153 1186 267 303 348 397 850 1191 851 1193 775 2205 358 1194 853 1196 908 2270 854 1197 855 1199 105 2039 856 1200 483 2271 473 2271 949 2271 857 1202 745 2272 229 1203 528 665 688 928 653 2011 713 2281 793 2282 873 2283 794 20 873 2283 793 2282 805 1213 811 2284 810 1214 177 2285 176 2285 753 2285 476 1216 478 2286 867 1217 968 20 493 20 934 20 915 20 802 20 214 20 954 2287 320 405 501 2288 501 2288 320 405 850 1617 750 20 759 20 100 20 873 1232 606 2123 711 1233 961 2290 610 1828 561 2291 561 2291 267 2292 961 2290 267 2292 332 2293 961 2290 225 1235 727 2294 788 1236 727 2294 789 2295 788 1236 788 1236 899 2296 874 1237 464 533 463 532 956 2298 303 2299 217 2300 466 1240 217 2300 592 1238 466 1240 580 764 582 766 833 1243 877 1245 719 2301 835 1246 800 1091 799 1090 968 2313 747 1010 964 2206 845 1180 881 1251 736 2172 544 1252 963 2314 356 1256 349 1255 292 2320 291 2321 931 2322 291 2321 834 2323 931 2322 931 2322 488 2324 292 2320 883 1260 698 2301 657 1261 697 1266 696 2325 886 1267 104 2326 220 2326 222 2326 938 2335 266 2336 466 2337 466 2337 266 2336 303 2338 959 2339 641 2340 584 2341 584 2341 352 2342 959 2339 352 2342 363 2343 959 2339 97 2344 522 2344 205 2344 890 1287 782 2351 784 1288 257 293 948 2352 318 1290 891 1291 766 2353 209 1292 766 2353 210 2354 209 1292 209 1292 309 2355 308 1293 815 1294 494 2356 657 1295 494 2356 884 2357 657 1295 657 1295 656 2358 816 1296 556 2359 555 2359 820 2359 963 2361 636 2362 576 2363 576 2363 361 2364 963 2361 361 2364 356 2365 963 2361 90 2383 92 2383 468 2383 144 1305 534 2386 535 1306 923 2387 553 2387 552 2387 364 2388 329 2389 481 2390 329 2389 588 2391 481 2390 588 2391 482 2392 481 2390 895 1316 897 2393 896 1317 695 2394 694 1139 819 1138 509 1321 931 1581 455 1320 509 1321 932 1586 931 1581 366 427 387 448 241 281 145 259 227 258 146 2397 687 927 754 2265 688 928 768 1219 774 1525 359 1220 805 1105 803 1104 811 2398 897 1325 523 2399 524 1326 898 1328 703 2400 471 1329 703 2400 472 2401 471 1329 471 1329 385 2402 384 1330 758 20 676 20 76 20 76 20 676 20 677 20 129 1335 78 2405 80 1336 901 114 737 2406 625 1339 737 2406 626 2407 625 1339 625 1339 456 2408 455 1340 472 20 703 553 705 20 705 20 470 20 472 20 902 1341 239 2108 238 1342 903 1343 761 2123 681 1344 968 2419 799 1241 875 1242 876 1346 833 2421 904 1347 905 1349 660 2055 906 1350 882 2423 741 20 743 2424 743 2424 881 2425 882 2423 910 2426 519 2426 518 2426 771 1359 81 2427 83 1360 464 1364 956 2428 908 1365 170 23 168 23 842 23 502 1371 734 1595 742 1372 169 1374 880 2430 909 1375 909 1375 879 2431 910 1376 518 2432 92 2433 841 2434 92 2433 91 2435 841 2434 91 2435 971 2436 970 2437 969 2438 966 2439 841 2434 841 2434 170 2440 518 2432 170 2440 169 1374 518 2432 910 1376 518 2432 169 1374 969 2438 841 2434 970 2437 970 2437 841 2434 91 2435</p>
        </triangles>
      </mesh>
    </geometry>
  </library_geometries>
  <library_visual_scenes>
    <visual_scene id="scene">
      <node id="payload">
        <instance_geometry url="#geometry">
          <bind_material>
            <technique_common>
              <instance_material symbol="scout_11141b" target="#scout_11141b" />
              <instance_material symbol="scout_1a1f21" target="#scout_1a1f21" />
              <instance_material symbol="scout_b8bab5" target="#scout_b8bab5" />
              <instance_material symbol="scout_dbded4" target="#scout_dbded4" />
            </technique_common>
          </bind_material>
        </instance_geometry>
      </node>
    </visual_scene>
  </library_visual_scenes>
  <scene>
    <instance_visual_scene url="#scene" />
  </scene>
</COLLADA>