<?xml version='1.0' encoding='utf-8'?>
<COLLADA xmlns="http://www.collada.org/2005/11/COLLADASchema" version="1.4.1">
  <asset>
    <created>2026-09-14T00:00:00Z</created>
    <modified>2026-09-14T00:00:00Z</modified>
    <unit name="metre" meter="1" />
    <up_axis>Z_UP</up_axis>
  </asset>
  <library_effects>
    <effect id="scout_383b3b_effect">
      <profile_COMMON>
        <technique sid="common">
          <phong>
            <emission>
              <color>0 0 0 1</color>
            </emission>
            <ambient>
              <color>0.11 0.115 0.115 1</color>
            </ambient>
            <diffuse>
              <color>0.22 0.23 0.23 1</color>
            </diffuse>
            <specular>
              <color>0.035 0.035 0.035 1</color>
            </specular>
            <shininess>
              <float>24</float>
            </shininess>
          </phong>
        </technique>
      </profile_COMMON>
    </effect>
    <effect id="scout_b01424_effect">
      <profile_COMMON>
        <technique sid="common">
          <phong>
            <emission>
              <color>0 0 0 1</color>
            </emission>
            <ambient>
              <color>0.345 0.04 0.07 1</color>
            </ambient>
            <diffuse>
              <color>0.69 0.08 0.14 1</color>
            </diffuse>
            <specular>
              <color>0.035 0.035 0.035 1</color>
            </specular>
            <shininess>
              <float>24</float>
            </shininess>
          </phong>
        </technique>
      </profile_COMMON>
    </effect>
    <effect id="scout_b8bab5_effect">
      <profile_COMMON>
        <technique sid="common">
          <phong>
            <emission>
              <color>0 0 0 1</color>
            </emission>
            <ambient>
              <color>0.36 0.365 0.355 1</color>
            </ambient>
            <diffuse>
              <color>0.72 0.73 0.71 1</color>
            </diffuse>
            <specular>
              <color>0.035 0.035 0.035 1</color>
            </specular>
            <shininess>
              <float>24</float>
            </shininess>
          </phong>
        </technique>
      </profile_COMMON>
    </effect>
  </library_effects>
  <library_materials>
    <material id="scout_383b3b" name="scout_383b3b">
      <instance_effect url="#scout_383b3b_effect" />
    </material>
    <material id="scout_b01424" name="scout_b01424">
      <instance_effect url="#scout_b01424_effect" />
    </material>
    <material id="scout_b8bab5" name="scout_b8bab5">
      <instance_effect url="#scout_b8bab5_effect" />
    </material>
  </library_materials>
  <library_geometries>
    <geometry id="geometry" name="wheel">
      <mesh>
        <source id="positions">
          <float_array id="positions_array" count="7116">0.0520155244 0.00751465885 0.00200119312 0.0546088815 0.00295756035 0.00412592525 0.0546734817 0.00386986905 0.00718863588 0.0522847846 -0.00155237841 0.00434985617 0.0529822074 -0.00110990112 0.00190860557 0.0490345284 -0.00275813579 0.00400010543 0.0489865728 -0.00270977407 0.00199999916 -0.0321106426 0.0360171124 0.00400000019 -0.0321133062 0.0360154845 0.00199997169 -0.033285372 0.038482219 0.0039673904 -0.0334454365 0.0395429768 0.00194329233 -0.0326683782 0.0423604697 0.00662484905 -0.0309995841 0.0441453382 0.00414990308 -0.0297199469 0.0448252857 0.00691155763 -0.0258212648 0.0447224379 0.00194507197 -0.0250356812 0.0443113819 0.00397746684 -0.0230474714 0.0422467142 0.00199997169 -0.0230499469 0.0422448106 0.00400000019 0.0581720993 0.0166706536 0.0105568524 0.0579582043 -1.73066055e-05 0.00839988142 0.0600689389 -0.00241960259 0.0104982723 0.0593644641 -0.0230818316 0.00849832594 0.0600493103 -0.0221714582 0.0105000008 0.0594879016 -0.0205019526 0.00850000046 0.0539869554 0.0344053991 0.00654837349 0.0577577092 0.0307876598 0.00850000046 0.0606185868 0.0211952738 0.00655031856 -0.00308893295 -0.0631028116 0.00850000046 -0.00167886098 -0.0645429417 0.0105000008 -0.000736439542 -0.0644838512 0.00849866308 -0.0302304924 0.0332768783 0.00300000003 -0.0211653225 0.0395076647 0.00300000026 -0.000165351899 -0.0631085932 0.0105000008 -0.000934309792 -0.062035922 0.00850238651 0.0297722332 -0.040223185 0.00200000009 0.0268157963 -0.0388364717 0.00400000019 0.0267862696 -0.0392788313 0.00200000009 0.0638646707 -0.0104791746 0.00654804101 0.0611974709 -0.0243434701 0.00850000046 0.060015738 -0.0247646961 0.00654982962 0.017227659 -0.0697667971 0.00650000013 0.00434268126 -0.0717586651 0.0105000008 -0.0143171642 -0.0704311058 0.00650000013 -0.060015738 0.0227733701 0.00654983008 -0.0501990616 0.0417382494 0.00850000046 -0.0523663536 0.0369533822 0.00653875666 0.0225999411 0.0452167876 0.00192786171 0.0189028755 0.0443870127 0.00400000019 0.0189449694 0.0443648174 0.00200000009 -0.063213408 -0.0330943689 0.00650000013 -0.0696724206 -0.0117661804 0.0104999999 -0.0696724206 -0.0117661804 0.00650000013 -0.03551016 -0.0402575731 0.00200304692 -0.0470787957 -0.0332170874 0.00640591234 -0.0479837023 -0.023450762 0.00199738587 -0.0378699005 -0.0436120071 0.00638271775 0.0565284938 0.00576866744 0.0063623907 0.0565296896 -0.00824134424 0.00639157882 0.049367059 0.0181137864 0.00200301665 0.0533872135 0.01909988 0.0064044618 -0.0266250744 -0.0513662994 0.00638868054 -0.0265899338 -0.0463953577 0.00197989261 -0.0235915836 -0.0504153147 0.00412965659 0.0469282158 0.0313872024 0.00638439087 0.038157139 0.0357566103 0.00199767645 -0.0134725133 -0.0563311875 0.00636625011 -0.0185770225 -0.0502651706 0.00198115036 -0.00011645777 -0.0540733971 0.00199766899 -0.000112755515 -0.0580404773 0.00640445994 0.0135343419 -0.056377925 0.00638270611 0.0185845308 -0.0503100082 0.00200000009 0.0264100805 -0.0515588075 0.00640446087 0.0292650349 -0.0432879366 0.00189792854 0.0377214178 -0.0437445566 0.00638270518 0.0436265357 -0.0312282499 0.00199790136 0.0468827598 -0.0334938243 0.00640445901 0.0532670133 -0.0213180073 0.00638270332 -0.0558756366 -0.00778257987 0.00788314641 -0.0471933968 -0.0230945162 0.00399737293 -0.0511649586 -0.00404076744 0.00396603998 -0.0526527576 -0.020913152 0.00788694248 -0.0461419001 -0.0331055224 0.00784378406 0.045821216 0.0312540941 0.00778425299 0.0374607481 0.0410247073 0.00788694154 0.0375413857 0.0351464152 0.0039976649 0.0256419368 0.0493340604 0.00795105379 0.0227407329 0.0450145677 0.00396979088 0.0120014446 0.0540186353 0.0078819124 0.0118163098 0.0494846404 0.00400000019 -0.0014878026 0.0552846529 0.00787802041 -0.00823772792 0.0505477488 0.00399705907 -0.0148872994 0.0532921627 0.00787425693 -0.0451696143 0.0251632705 0.00399705907 -0.046387624 0.0308467802 0.0078723859 -0.0526500419 0.0188660659 0.00787586346 -0.0513624884 0.00605985895 0.00400000019 -0.0558747165 0.00573713705 0.00787945557 0.00089015445 0.0626789629 0.00849708449 0.00103743293 0.059867125 0.0105702095 0.0009191063 0.0600622818 0.00850378908 0.0143171363 0.0684397817 0.00650000013 0.0267903041 0.0646438152 0.0105000008 0.0430262052 0.0553515479 0.00650000013 -0.067239739 0.00730380183 0.00730000017 -0.0672720596 -0.00902887154 0.00850000046 -0.0672720596 -0.00902887154 0.00650000013 0.0544343367 0.0269019231 0.00649850909 0.0448130965 0.0403903723 0.00849516597 0.0584714785 0.0174047444 0.00849785097 0.0587157942 0.015553805 0.0085053565 0.0610383227 -0.0015718569 0.00650249282 0.0607226342 -0.00355837983 0.00851137936 0.0572413132 -0.0218026564 0.00849858671 0.0566660501 -0.0226146597 0.00650000013 0.0479872376 -0.0387878194 0.00849572849 0.0453877263 -0.0417949408 0.00649974216 0.0351477265 -0.050793279 0.00850143749 0.0218278188 -0.0579884127 0.00649974076 0.0339671001 -0.0527508222 0.00850423984 -0.000120056597 -0.0616455413 0.00650000013 -0.0213323291 -0.0581877902 0.00650249189 -0.0193645582 -0.0586048551 0.00851137936 -0.037810266 -0.0488919653 0.0085011581 -0.04030817 -0.0463131405 0.00650000013 -0.054434333 -0.0288932454 0.00649850909 -0.0546949208 -0.0280046053 0.00849516597 -0.0500753932 -0.0408401489 0.00850810949 -0.0539869554 -0.0363967232 0.00654837349 -0.0610093214 -0.0195435248 0.00849173404 -0.0606185831 -0.0231866036 0.00655031856 -0.0637152717 -0.00786342099 0.00848862156 -0.0643486455 -0.0074246712 0.00653886329 -0.0638646707 0.00848785415 0.00654804101 -0.0629410893 0.010612159 0.00850033388 -0.060094215 0.0199548826 0.00849787612 -0.0505172499 0.0387928449 0.00849490613 -0.0413902029 0.0485672317 0.00654771458 -0.0358418934 0.0516376682 0.00849906076 -0.0289826449 0.0566838458 0.0065492834 -0.0190462228 0.0604238734 0.00849490613 -0.0139304362 0.0621598214 0.00653810007 0.00203743065 0.0635536909 0.006547275 0.0167472344 0.06134836 0.00654878141 0.0203860402 0.0596532747 0.00851258356 0.0315405317 0.0554684177 0.00653686095 0.038235832 0.0498149469 0.00850193575 0.0444324315 0.0458846688 0.006546563 0.0394060761 0.0483943149 0.00849896017 0.0500754006 0.0388488099 0.00850810949 -0.055680871 0.037601009 0.00730000017 -0.061147701 0.025638679 0.00850000046 -0.0632996708 0.0231541693 0.00650000013 -0.0590456724 0.0185138807 0.0105000008 -0.0583337918 0.0183554068 0.00850087311 -0.00203738338 -0.065545015 0.00654727174 -0.0221559927 -0.0630862787 0.00850000046 -0.0167472735 -0.063339673 0.00654878188 0.0609065183 0.0177184138 0.00849208888 0.0607553013 0.0177953914 0.0105000008 -0.0313661806 0.0590561926 0.00730000017 -0.0448260903 0.0498047806 0.00850000046 -0.0448260903 0.0498047806 0.00650000013 -0.0337557085 0.049913004 0.0085019106 -0.0355517231 0.0517423935 0.0105000008 -0.0577033609 0.0209732056 0.00850000046 -0.0586233474 0.0211674087 0.0105000008 0.0545859411 -0.0153888939 0.00785196945 0.0573934093 -0.0211109631 0.0105623994 -0.0453602411 0.0534902066 0.00650000013 -0.0199800394 0.0670268461 0.0105000008 -0.0172276497 0.0677754879 0.00650000013 -0.0694354549 0.0133214314 0.00650000013 -0.0611874014 0.03402365 0.0104999999 -0.0611874014 0.03402365 0.00650000013 0.00298073655 0.0606154539 0.00850202236 0.000969610177 0.0626262277 0.0105000008 0.0659123585 0.000305689813 0.00850000046 0.0643486455 0.00543334754 0.00653886329 -0.0398664139 0.0218998343 0.00400000019 -0.0407836325 0.0202229619 0.00200000009 -0.0513342954 -0.00469969353 0.00192986196 -0.0494189747 -0.00713552348 0.00400000019 -0.0493144058 -0.00706320535 0.00200000009 0.0338639356 -0.0518567227 0.0105528422 -0.0450268649 -0.0516182296 0.00730000017 -0.0316036791 -0.0609228611 0.00850000046 -0.0316036791 -0.0609228611 0.00650000013 0.0058268765 -0.0607975796 0.0104975812 -0.0111143729 -0.0557106547 0.00765664224 -0.0226321369 -0.0566561595 0.0104982723 0.0366442539 0.0488162711 0.00850000046 0.0370357372 0.0472529531 0.0105000008 0.0372951105 0.0471409597 0.00850000046 0.00665292703 0.0645929873 0.00850000046 -0.0245896745 0.0601719804 0.00850000046 0.0413901918 -0.0505585633 0.00654771505 0.0281078611 -0.0614801757 0.00850000046 0.0289826449 -0.0586751699 0.00654928293 -0.0362916663 0.0493200608 0.00850000046 -0.0347318687 0.0488981903 0.0105491588 0.0632134005 0.0311030596 0.00650000013 0.0696724206 0.00977486093 0.0104999999 0.0696724206 0.00977486093 0.00650000013 0.0213686768 0.0550142862 0.0104985377 0.0451764241 0.0388678312 0.0104970448 -0.00189294887 -0.0619318336 0.0105000008 -0.0699551627 0.010516772 0.0105000008 0.0579859316 -0.0229736269 0.0105000008 0.0160833783 -0.0668089464 0.00730000017 0.0313661806 -0.0610475093 0.00650000013 0.0365752578 -0.0524093583 0.00850000046 0.0353218354 -0.0508309864 0.0105000008 0.0223283414 -0.0411824696 0.00200000009 0.0368211605 -0.0285226814 0.00400000019 0.0363714732 0.0539884157 0.00850000046 0.0516766012 0.0205222685 0.00773474621 0.0453602187 -0.0554815456 0.00650000013 0.0260040592 -0.0665245801 0.0104999999 -0.0267902557 -0.0666351691 0.0105000008 -0.0430262163 -0.0573428571 0.00650000013 -0.0618710592 -0.0356111787 0.0105000008 0.0195742175 0.0415587015 0.00200000009 0.020353524 0.0408443771 0.00400000019 0.0227402151 0.0415061079 0.00200000009 0.0440177061 -0.0418942869 0.0104978653 0.0269182716 -0.0503250659 0.00783079304 -0.0659123585 -0.00229701074 0.00850000046 -0.0525260493 0.0281802807 0.0104975812 -0.0337291695 0.0461472459 0.00839988422 -0.0371487997 -0.0427598506 0.00771151343 -0.0396768004 -0.0456033014 0.0104999999 0.0439988412 -0.0133484798 0.00400000019 0.0456595682 -0.00291761919 0.00333333341 0.0424393937 -0.0184170734 0.00200000009 -0.0337947384 0.0497320704 0.0105448915 -0.0141723696 0.0569977313 0.0104999999 0.0523663498 -0.0389447138 0.00653875619 0.0501990728 -0.0437295586 0.00850000046 -0.0573109835 0.0193834659 0.0105000008 -0.0365116745 0.0498855598 0.0105000008 0.0599623658 0.0153274126 0.0105000008 0.0607975088 0.0159752816 0.00850000046 -0.0633947775 -0.0248947032 0.00730000017 -0.0558332317 -0.0393715985 0.00850000046 -0.0558332317 -0.0393715985 0.00650000013 -0.0469281264 -0.0060857581 0.00200000009 -0.0422496796 -0.0191202145 0.00400000019 -0.0357919633 -0.0298482068 0.00200000009 0.0354299247 -0.0537261292 0.00849798508 0.0365632884 -0.0525063314 0.0105000008 -0.0468318872 -0.00368811726 0.00200000009 -0.0476547666 -0.00277697784 0.00400000019 -0.0491895676 -0.0026434972 0.00200000009 0.0448260829 -0.0517961085 0.00730000017 0.0556808673 -0.0395923331 0.00764285726 -0.0367916748 -0.0512880869 0.00850000046 -0.0367211103 -0.0496428311 0.0105000008 0.00500308815 0.069326587 0.0104999999 0.00923676323 -0.0662705749 0.00850000046 0.013930439 -0.0641511455 0.00653809961 0.025505675 -0.0405186266 0.00400000019 0.0261551533 -0.0433269776 0.00200000009 0.000134093061 0.0667541996 0.00730000017 -0.0160833895 0.0648176074 0.00850000046 -0.0160833895 0.0648176074 0.00650000013 -0.0600689389 0.000428281346 0.0104982723 0.0618710481 0.0336198695 0.0105000008 -0.01085582 0.0433962382 0.00400000019 -0.00544776162 0.0445706658 0.00200000009 -0.0459669679 -0.000239142042 0.00200000009 0.0699551702 -0.0125080934 0.0105000008 0.0694354549 -0.0153127518 0.00650000013 -0.0391406529 -0.0511298217 0.00850009546 -0.0379587226 -0.0519224703 0.0105000008 0.0316036828 0.0589315407 0.00730000017 0.0163438208 0.0647534281 0.00850000046 0.0163438208 0.0647534281 0.00650000013 0.00299653877 0.0608347207 0.0105000008 -0.0315405503 -0.0574597269 0.00653686095 -0.0584482774 -0.0194645319 0.00850000046 -0.0585133284 -0.0179372933 0.0105000008 -0.0601115599 -0.017196998 0.00850000046 0.0402788557 0.0212596338 0.00200000009 0.0336344689 0.0301435478 0.00400000019 0.0253748856 0.0373685881 0.00200000009 0.00201598229 -0.046924632 0.00200000009 0.0106564825 -0.045716729 0.00400000019 -0.044432424 -0.0478760004 0.00654656207 -0.0577577092 -0.0327789783 0.00850000046 -0.0389209241 -0.0493942238 0.0105000008 0.0637152344 0.00587191992 0.00848767906 0.0629410893 -0.0126034813 0.00850031059 0.050517261 -0.0407841504 0.00849490613 0.0190461706 -0.062415231 0.00849526841 -0.0117149884 -0.0639168918 0.00850031059 -0.0292410012 -0.0580198467 0.00848767906 -0.0605220869 -0.00752001442 0.00848886184 -0.0610383227 -0.000419468153 0.00650249282 -0.0566660501 0.0206233393 0.00650000013 -0.0542374812 0.026386654 0.00850956142 -0.0453877188 0.0398036242 0.00649974123 -0.044207938 0.0406972393 0.00850890297 -0.021827817 0.0559970923 0.00649974076 -0.0230848491 0.0552158169 0.00850890297 0.000120056597 0.0596542209 0.00650000013 0.0213323254 0.0561964735 0.00650249282 0.027776638 0.0531703345 0.008489714 0.04030817 0.0443218201 0.00650000013 -0.0538495146 -0.0276499484 0.0104975803 -0.0244942494 -0.0395770334 0.00300000003 -0.025922047 -0.0425773971 0.00400000019 -0.0259777606 -0.0425622351 0.00199999893 0.0632996783 -0.0251454767 0.00730000017 0.0672397316 -0.0092951376 0.00850000046 0.0672397316 -0.0092951376 0.00650000013 -0.0353097282 -0.0392300524 0.00400281139 -0.0268191267 -0.0455712005 0.00407247618 -0.023994185 -0.0501581654 0.00694515416 0.0512241237 0.00786366221 0.00409395667 0.048347611 0.0182697978 0.00400281744 -0.0189311523 -0.0504352935 0.00484108552 0.00649025617 -0.0534126274 0.00399322668 0.000869790791 -0.0571843982 0.00783102866 0.0143111888 -0.0553384386 0.00783086754 0.0293005165 -0.043079596 0.00395190809 0.0379564203 -0.0424365439 0.00783080421 0.0466112532 -0.025836207 0.00399322715 0.046782393 -0.0321327262 0.0078309048 -0.0145656504 -0.0443123095 0.00333333341 -0.00423229579 -0.0464992598 0.00400000019 -0.0458957963 0.00167085952 0.00400000019 0.0378542505 0.0416992009 0.00640871562 0.0265360326 0.0494799353 0.00638720952 0.0136944707 0.0543933772 0.00640798267 0.0116691301 0.0503961816 0.00200000009 5.52583369e-05 0.0560274273 0.0063863676 -0.00881442428 0.0513346009 0.00199670391 -0.0135988537 0.0544143058 0.00640726322 -0.0261879973 0.0495758429 0.00636615744 -0.0379173867 0.0415150002 0.00638515363 -0.0456978194 0.0259837955 0.00199700356 -0.0468349308 0.0315308794 0.0063859513 -0.0532849804 0.019401541 0.00640761759 -0.0521607809 0.00652387086 0.00200000009 -0.0565869398 0.00605463702 0.00638678484 -0.0566652119 -0.00768089807 0.00640834961 -0.0533904731 -0.0210347939 0.00638763327 -0.0475152433 0.0516214743 0.0105000008 -0.0609266683 -0.019459635 0.0105000008 0.0447961427 0.00804844219 0.00300000003 0.0481176637 0.0083559854 0.00199999614 0.0481467769 0.00843350589 0.00400009425 0.0422016233 0.0168814529 0.00400000019 0.00661999593 0.0445222035 0.00400000019 -0.0467596762 -0.00572881941 0.00400000019 0.0611874014 -0.0360149704 0.00650000013 0.0475152209 -0.0536128134 0.0105000008 0.0611874014 -0.0360149704 0.0104999999 0.0299072247 -0.0406554751 0.00400000019 -0.0435314998 -0.0499370396 0.00850000046 0.0389496125 0.0476005115 0.0105000008 0.0368378013 0.0491832793 0.0105000008 0.0352037586 -0.05368191 0.0105000008 0.0387516692 0.0495308228 0.0105000008 -0.0159600638 -0.047342591 0.00199999614 -0.0159074832 -0.0474065505 0.00400010496 -0.00300972885 -0.0633350238 0.0105000008 -0.0600299835 0.0198361315 0.0105000008 -0.0477567799 -0.0528564416 0.0104999999 0.0477567799 0.0508651212 0.0104999999 0.0590456538 -0.0205051955 0.0105000008 -0.0588500835 -0.0196987428 0.0105000008 -0.032697279 -0.0329233594 0.00400000019 0.0230238196 0.0421259515 0.00400000019 0.0558332317 0.0373802893 0.00716666691 0.0633947775 0.0229033865 0.00764285726 0.0450268686 0.0496269055 0.00764285726 -0.000134103582 -0.0687455311 0.00764285726 -0.016343832 -0.0667447373 0.00730000017 0.0672720671 0.00703751389 0.00730000017 0.0269338749 -0.0435299762 0.00400000019 -0.060253121 -0.0174862351 0.0105000008 -0.00205395324 -0.0532852598 0.0695049763 -0.00257014227 -0.0526877679 0.0675050169 -0.0019657067 -0.0506356657 0.0695019066 -0.0471278206 0.0149607444 0.0695009157 -0.0491866618 0.015197373 0.0675050169 -0.048988197 0.0150740221 0.069505021 0.023617465 0.00365880947 0.0815050229 0.0244359002 0.00311686238 0.0790050179 0.0252540112 -0.000230802616 0.0815050229 0.0470289104 -0.0188726038 0.069505021 0.0467246585 -0.0185897257 0.0675050169 0.0471278206 -0.0169520639 0.0695009157 0.0415959582 0.020730637 0.0675073117 0.0269358214 0.0227724221 0.0790076405 0.0309040397 0.0337489806 0.0675050169 -0.00933717377 0.0186174437 0.0815050229 -0.00991223939 0.0150219174 0.0790050179 -0.0100659253 0.0148491319 0.0815050229 0.00012708093 -0.0524690673 0.0675050169 9.14312768e-05 -0.0520373359 0.069505021 0.00829914864 0.0560252033 0.071505025 0.0193653572 0.0532743782 0.069505021 0.0327510871 0.0462521128 0.071505025 0.0551721863 0.0200808086 0.071372591 0.0534457713 0.0254587978 0.0675050169 0.0485885628 0.0326496586 0.071295619 -0.0491462052 0.0170088802 0.0695053712 -0.0486305729 0.0173402093 0.0675050169 -0.0470289141 0.0168812852 0.069505021 0.0265540145 0.0373120643 0.0715099126 0.0329746269 0.0162276234 0.0815077499 0.0411070623 0.0204753168 0.0715097636 -0.00638205046 0.0148799121 0.0790050179 -0.00753714982 0.0145870512 0.0815050229 -0.0158358123 0.00666119112 0.0790050179 0.0438682884 0.0224574357 0.0715050548 0.0428392924 0.0238522496 0.0695006847 0.031355571 0.0381321013 0.0695078149 0.0328313895 0.0359158516 0.0715050176 0.0295391232 0.0390873887 0.0695032328 0.0183104556 0.0452643037 0.0715031773 0.020219069 0.0442231447 0.0695035979 0.00165035005 0.0485658981 0.0695022121 -0.00514845969 0.0484957322 0.0715011656 -0.0107405782 0.0474309549 0.0695117712 -0.0282471459 0.0401011892 0.0715035498 -0.0274377 0.0413599201 0.0695069134 -0.0288385395 0.0395940356 0.0695068985 -0.0413629599 0.0263832342 0.0695117712 -0.0443607233 0.0215438977 0.0715011656 -0.0497492179 -0.00151526346 0.0715034381 -0.0494610667 -0.00367027055 0.0695035979 -0.0476974137 -0.0145311132 0.0695041567 -0.0462243892 -0.0184216704 0.0715050176 -0.0410267226 -0.0291946139 0.0694970936 -0.0376141407 -0.0335479379 0.0715050623 -0.0436842591 -0.0310211927 0.069496043 -0.0349581204 -0.0402982011 0.0715050176 -0.032114625 -0.0423561111 0.0695068538 -0.0467097163 -0.0259685162 0.0715050697 -0.019496914 -0.0502523668 0.0715029836 -0.0168633126 -0.0512949303 0.0695138276 0.00548228621 -0.0536934361 0.0715007335 0.0145648606 -0.0519669689 0.0694998354 0.0300772153 -0.0447551087 0.071503453 0.0298231784 -0.0441793874 0.0695053339 0.0423684157 -0.0328567065 0.0694998354 0.0472345874 -0.024995774 0.0715007335 0.0491461977 -0.0190002136 0.0695053712 0.0530018397 -0.00327434926 0.0695138276 0.0529721268 -0.000442083459 0.0715029836 0.050053861 0.0142896911 0.0695067495 0.0467097089 0.0239772033 0.0715050697 0.0436842367 0.0290299095 0.069496043 0.0467844605 -0.00824069045 0.0675106123 0.0249233283 -0.0275442395 0.0790195465 0.0348628983 -0.00966185704 0.0790066868 -0.0484714545 -0.0167635065 0.069505021 -0.0493977666 -0.0169658009 0.0675050169 -0.0504256301 -0.01543047 0.0695052966 0.00558646536 0.0540787727 0.071505025 -0.0130566303 0.05243209 0.069505021 -0.0206478052 0.0503664874 0.071505025 0.0489881933 -0.0170653425 0.069505021 0.0487385802 -0.0166276153 0.0675050169 0.0135617815 0.0323575027 0.0790086314 0.0157286003 0.043082457 0.067506671 -0.0283328798 0.0397204161 0.0675050169 -0.0362716429 -0.044098448 0.069505021 -0.0512145683 -0.0277459715 0.071505025 -0.0327510945 -0.0482434258 0.071505025 0.0503725074 -0.0289753824 0.071505025 0.0438763089 -0.0383470207 0.069505021 0.0399927758 -0.043559242 0.071629107 -0.03920215 0.0434312895 0.0675050169 -0.0275433175 0.0512941256 0.071295619 -0.0198193658 0.0552491769 0.0675050169 0.0214925129 -0.0544589795 0.069505021 0.019150408 -0.0553419255 0.071505025 0.00569224823 0.0156476106 0.0790050179 -0.0539995171 0.0111885099 0.071505025 -0.0553414933 0.000316246587 0.069505021 -0.0546119995 -0.00751708681 0.0715050176 -0.00135617552 0.0459989347 0.0715216994 -0.0210724622 0.0296627171 0.081507504 -0.00438893074 0.0357582532 0.081507124 -0.00752321351 -0.0239404403 0.0815050229 -0.0121816825 -0.0228680838 0.0790050179 -0.012838766 -0.021974748 0.0815050229 0.00238616019 0.0510144755 0.0695050284 0.00232910179 0.0491616093 0.0675050169 0.0206477903 -0.0523578152 0.071505025 0.0303579178 -0.0472860374 0.069505021 0.0421519056 -0.0368790738 0.071505025 0.0539995171 -0.0131798303 0.071505025 0.0553414933 -0.00230757124 0.069505021 0.0534764677 0.0133105973 0.071505025 -0.0300728902 -0.0404226072 0.0695041344 -0.0301433131 -0.0426637791 0.0675050169 -0.030418735 -0.0427837074 0.069505021 0.0279768799 -0.0419801772 0.0695076808 0.0296536218 -0.041822046 0.0675050169 0.0294643715 -0.0417346172 0.0695083141 -0.0554411896 -0.0218963008 0.0675050169 -0.05863069 -0.00823702849 0.0713427737 -0.0596178845 0.000417590229 0.0675050169 -0.0395471528 -0.0264191739 0.0715216994 -0.0250545871 -0.0291638933 0.081515342 -0.0371073522 -0.00542676821 0.0815169066 0.0256561339 0.0476537272 0.0701716915 0.00797298364 0.0537842028 0.069505021 -0.0406358056 0.0215757154 0.0715096891 -0.0262697507 0.0372242518 0.0715089738 0.00638205977 -0.016871227 0.0790050179 0.0110473307 -0.0143217966 0.0815050229 0.0158358105 -0.00865251664 0.0790050179 0.056208577 -0.0136783309 0.069505021 0.0483927876 -0.0278757643 0.069505021 0.0276386496 0.0514129996 0.0675050169 0.0390837751 0.0433039367 0.0713427663 0.0393777303 0.04327574 0.0675050169 0.0264011119 -0.039406687 0.0715118647 0.0163375288 -0.0347726904 0.0815199912 0.00549910311 -0.0470463969 0.0715084076 0.0576054603 -0.00236119376 0.071505025 -0.0309040397 -0.035740301 0.0675050169 -0.0135622947 -0.0343500748 0.079007186 -0.0157285966 -0.0450737774 0.0675066784 0.0466110334 -0.00108793355 0.0715099126 0.0370151661 -0.00106895156 0.0815069154 0.0281227138 -0.0442281663 0.0675050169 0.0277737714 -0.0437317602 0.069505021 0.0207665488 -0.00272810389 0.0790050179 0.0209420528 -0.00267809164 0.0815050229 -0.0552801341 0.0198394526 0.0713427663 -0.0521322452 0.0279615093 0.0675050169 0.0552801304 -0.0218307804 0.0713427663 0.058659967 -0.00799594633 0.0713427663 0.0166668631 0.00307739922 0.0815050229 0.0160011593 0.0056067952 0.0790050179 -0.0160011593 -0.00759812444 0.0790050179 -0.0114573408 -0.0138768861 0.0815050229 -0.00569222961 -0.0176389497 0.0790050179 -0.0494545847 -0.0141687561 0.0675050169 -0.0466149487 0.0155360037 0.0675050169 0.0187729616 0.00256012171 0.0815050229 -0.012739094 0.0204340518 0.0815050229 -0.00945960358 0.0188518409 0.0790050179 -0.0119214421 -0.0182844717 0.0790050179 -0.0109225744 -0.0178027805 0.0815050229 0.0191109404 0.0030477033 0.0790050179 0.0596178845 -0.00240890938 0.0675050169 0.0521322489 -0.029952826 0.0675050169 -0.0503725074 0.0269840676 0.071505025 -0.0336625651 0.0457706265 0.069505021 -0.0399927907 0.0415679067 0.071629107 0.0198193658 -0.0572404973 0.0675050169 8.8097011e-05 -0.0600959808 0.0712956116 -0.00858908892 -0.0600085072 0.0675050169 -0.0576054603 0.000369868474 0.071505025 -0.0515400991 0.024770068 0.069505021 0.0495260321 0.012164847 0.069505021 0.0474517494 0.0130749578 0.0675050169 0.0474280939 0.014070278 0.0695043951 -0.0305409469 -0.0471654907 0.071505025 -0.02085099 -0.0522756577 0.069505021 -0.00558645511 -0.0560700931 0.071505025 0.0300320741 0.0405266173 0.0675050169 0.0321199931 0.0405835845 0.0695053115 -0.00679181376 -0.0186654739 0.0815050229 -0.00728574302 -0.0237772204 0.0790050179 0.0422936454 0.0347205773 0.069505021 0.0407026447 0.0365236253 0.071505025 0.0493546091 0.0148420893 0.0675050169 -0.0273464955 -0.0533613451 0.0713427663 -0.0276386496 -0.05340432 0.0675050169 0.0277765859 -0.042314034 0.0675050169 0.0380485207 0.041781351 0.069505021 0.0512145683 0.0257546529 0.071505025 -0.0132826278 0.0138315875 0.0790050179 -0.0160182379 0.0175737031 0.0815050229 -0.0132707106 0.0138795292 0.0815050229 0.011193186 -0.0467982665 0.0675096288 0.00428094249 -0.036845386 0.0790079609 0.0500013381 0.0125859119 0.0675050169 -0.00349175115 0.0348406956 0.0790074244 -0.00655712979 0.0453429185 0.0675067753 0.0329059362 -0.0183492098 0.0815080553 -0.0324149728 -0.0416757241 0.0675050169 -0.0320197903 -0.0405219831 0.069505021 -0.0496121235 -0.0255525187 0.069505021 -0.0484988503 -0.0276839286 0.071505025 0.0586306863 0.00624571601 0.0713427663 -0.0455617681 -0.0394718088 0.0675050169 -0.0551940165 -0.0220578518 0.0713427737 0.0114573454 0.0118855601 0.0815050229 -0.0415097326 0.0208952222 0.0675071701 -0.0204510614 0.0287586525 0.0790074244 -0.0338899381 0.011933919 0.0790127069 0.0349581204 0.0383068807 0.0715050176 0.0194969345 0.048261039 0.0715029836 0.0168633293 0.0493035987 0.0695138276 -0.00548231509 0.0517021157 0.0715007335 -0.0145648522 0.0499756448 0.0694998354 -0.0300772265 0.0427637734 0.071503453 -0.0302035045 0.041824162 0.0695054978 -0.0423684195 0.0308653768 0.0694998354 -0.0472345352 0.0230044425 0.0715013444 -0.0530018397 0.00128302875 0.0695138276 -0.052972164 -0.00154924602 0.0715025812 -0.0183104798 -0.0472556129 0.0715031773 -0.0202191249 -0.046214439 0.0695034564 0.00514837401 -0.0504871309 0.0715003982 0.0107405325 -0.0494222902 0.0695117712 0.028247159 -0.0420924872 0.0715037584 0.0413629673 -0.0283745434 0.0695117712 0.0443607271 -0.0235352051 0.0715011656 0.0497492664 -0.000476049667 0.0715028122 0.0494610667 0.00167895202 0.0695035979 0.000402958918 0.0488531403 0.0675050169 -1.50909827e-05 0.0505638272 0.069505021 -8.8103865e-05 0.0581046604 0.071295619 0.00858908147 0.0580171868 0.0675050169 -0.0307485759 -0.0400215052 0.0675050169 0.0309209488 0.037965484 0.0675050169 -0.0419432074 -0.021756608 0.0675068945 -0.0166144911 -0.0445443131 0.0715107247 -0.00696677947 -0.0184671897 0.0790050179 -0.0191503689 0.0533506125 0.071505025 0.00236440008 0.0509718247 0.0675050169 -0.0277768001 0.041863244 0.0675050169 -0.00807332993 0.0560576133 0.069505021 0.03920215 -0.0454226099 0.0675050169 0.0275615472 -0.0532484725 0.0713427663 -0.000113326299 -0.0582455508 0.069505021 -0.0082991505 -0.05801652 0.071505025 -0.0464697778 0.000105900028 0.0715106279 -0.0331844464 0.0155937579 0.081507504 0.0410223864 -0.0226295665 0.0715089738 -0.0045344322 -0.0377322733 0.081506744 -0.0390837789 -0.0452952534 0.0713427663 -0.0166668631 -0.00506872311 0.0815050229 -0.0264485497 0.0374844223 0.0675061569 -0.0466927327 -0.000903255423 0.0675064176 -0.0193653591 -0.0552656949 0.069505021 -0.0303578842 0.0452947319 0.069505021 -0.0421519279 0.0348877162 0.071505025 -0.0576104149 -0.00213313638 0.069505021 0.0273207128 0.0513662249 0.071372591 -0.0303485151 0.0415246114 0.0675050169 0.0568461306 0.00579254981 0.069505021 -0.0483927801 0.0258844569 0.069505021 0.00536839338 -0.056091778 0.069505021 -0.000567825744 -0.0182961598 0.0815050229 -0.0129687041 0.0204066336 0.0790050179 -0.0350709893 -0.00956625678 0.0790094361 -0.0142725045 0.0563147552 0.0713725835 -0.0486876257 0.0324634239 0.0713427737 -0.00171474449 -0.0506449603 0.0675050169 0.0249129757 -0.000710111286 0.0790050179 0.0164711084 0.0327164344 0.0815199912 0.0342852212 -0.0328514613 0.0675066784 0.000424170576 0.0509433448 0.0675050169 0.0299997423 -0.043736171 0.0675050169 -0.0159748923 0.00567009905 0.0815050229 -0.0509567745 -0.0276113171 0.069505021 0.0350726023 0.00757533731 0.0790076703 0.00246438757 0.0159362908 0.0815050229 -0.0476002209 -0.0151114706 0.0675050169 0.0165114589 -0.00548298191 0.0815050229 0.0509567745 0.0256199986 0.069505021 0.0514644012 0.0184057709 0.069505021 -0.0269362498 -0.0247640871 0.0790070593 -0.0586800389 0.00604062621 0.071295619 -0.0485496596 -0.034654621 0.0713427663 -0.0139957797 -0.0583742782 0.071372591 0.014019914 0.056392815 0.0713427737 0.0142725185 -0.0583060719 0.071372591 0.0486876182 -0.0344547518 0.0713427737 0.0488825105 -0.0191014074 0.0675050169 -0.01595282 0.0175656211 0.0790050179 0.032323014 0.0400058217 0.0675050169 -0.0372028835 0.0517056361 0.0046853018 -0.0357226729 0.0528567433 0.00230083521 -0.0330108963 0.0504530631 0.00496391021 -0.0374473259 0.0534769706 -0.00111847406 -0.0414813086 0.0535160787 -0.00200451305 -0.0167332683 0.0642261654 -0.00149350963 0.0587195382 -0.0252226777 -0.00100709358 0.0610075779 -0.0195125397 -0.000985748367 0.0642378479 -0.0239954181 -0.00192698452 0.0626170635 0.0029909974 -0.000890838681 0.0662145764 0.0169123039 -0.00190747983 0.0671280026 -0.00888604391 -0.00204125629 -0.0460332036 0.0413605943 -0.000827731914 -0.0570672154 0.0363772511 -0.00193376187 0.0603750944 0.0199741516 -0.00103840616 0.0545565709 0.0297385007 -0.000852380064 -0.0587195382 0.0232313555 -0.00100709288 -0.0529009961 0.0324022807 -0.000850027718 0.0463835001 0.0379560813 -0.000237855507 0.0506859422 0.0453183055 -0.00193431729 -0.0642138645 0.0220539309 -0.00193429389 0.0155239701 0.059637513 -0.000789625396 0.004682614 0.0622420199 -0.00099699304 0.0154022761 0.0655564144 -0.00179861637 0.0613766573 0.0137391686 -0.000944658415 0.0408388525 0.0467692465 -0.000889770512 0.0373703204 0.0518069342 -0.00111711479 0.0302298311 0.0592274368 -0.00159811822 0.026028296 0.0560609661 -0.000860497705 -0.000967476401 0.063313596 -0.00106923061 -0.00129318272 0.0667059943 -0.00179438479 -0.0362090431 0.0484047085 0.00456231507 -0.0487530045 0.0364111997 0.00649425434 -0.0342624262 0.0478959382 0.00649762526 0.0363222174 -0.0502514802 0.00496647693 0.0375332832 -0.0528862737 0.00230061635 0.0350300744 -0.0546010621 0.00476929219 0.0578917526 0.0177421328 0.00451278081 0.0573818833 0.0154758114 0.00649985345 0.0588064194 0.0145930331 0.00457225041 0.000159757546 -0.0643123835 0.00444484269 -0.000316433579 -0.0658356026 0.00230196444 -0.00210547191 -0.065422684 0.00464011589 -3.18193634e-05 -0.0617336296 0.00496022822 0.0169113725 -0.0590122826 0.00647684 -0.00224400242 -0.0609806553 0.00581988553 0.033194039 -0.0522103757 0.00489404425 0.0340005383 -0.0501631424 0.00649664178 0.0360452496 0.0497996956 0.004809306 0.0359997042 0.0526626669 0.00287895836 0.00644001178 0.0621418431 0.00217071874 0.0205412954 0.0570174232 0.00649767183 0.0363517627 0.0463049151 0.00649627345 -0.0616687499 -0.0200210549 0.00461368449 -0.0606036037 -0.0162331033 0.00230082823 -0.0600134209 -0.0165237691 0.00453763176 -0.0157636199 -0.0596546903 -0.000278343301 -0.018967947 -0.0584586114 0.00648655975 -0.00309151271 -0.0601002574 0.00233073719 0.0115057128 -0.0598621257 0.000827583252 0.033454828 -0.0501160733 0.00225928915 0.0461389534 -0.0377215929 0.00319122104 0.0571120866 -0.020031184 0.00559890782 0.0557495728 -0.0212476868 0.00224883715 0.0589604974 -0.00156544137 0.0032183053 0.0563380606 0.0163598135 0.00239781593 0.0355477668 0.0465286523 0.00227810303 0.0137967272 0.0554548688 0.0059276619 0.0379629172 0.0463268757 0.00496666413 0.00318729249 0.0629895404 0.00466233213 -0.0579519942 0.0176806226 0.00432218472 -0.0574377291 0.0172316097 0.00214138045 -0.0609343648 0.019106809 0.00462112948 0.037867941 -0.0523128398 0.00363895763 0.0505704954 0.0337630212 0.00404684851 0.0571539328 -0.0233845823 0.00429189717 0.0574387126 -0.0192227643 0.00213830173 0.0401696451 0.048716981 0.00447528483 0.0393698551 0.0464403778 0.00230058399 -0.0606964678 0.00128157309 0.00645890832 -0.057186272 -0.0180133637 0.006496788 -0.0408937484 0.0507608615 0.000593097415 -0.0359269679 -0.0502597801 0.0045350641 -0.0354801156 -0.048567757 0.00227883598 -0.0369228385 -0.0522951186 0.0047382568 0.0529010072 -0.0343935862 -0.000850029232 0.0460332036 -0.0433519185 -0.000827730808 0.0364782475 -0.0490767471 0.00152943295 0.02312392 -0.0591105781 -0.000885921065 0.032265801 -0.0535924099 -0.000527903438 0.000825147028 -0.0655256808 -0.00110144285 -0.000356180797 -0.060556449 0.00224869349 -0.00472804857 -0.0640324727 -0.000968512322 0.0580674857 -0.0250791982 0.00229925732 0.0613729507 -0.0218624398 0.00230116001 0.0334576778 -0.0546587296 0.00230205851 0.0374473259 -0.0554682948 -0.00111847441 -0.037370313 -0.0537982509 -0.00111712352 -0.0362541676 -0.0525022522 0.00230114954 -0.0566643476 -0.0185198914 0.00227888743 -0.0613766611 -0.0157304909 -0.000944659521 -0.0614083819 -0.0210028142 0.00230149226 -0.0603751168 -0.0219654702 -0.00103838067 -0.0557500049 0.0192570742 0.00224638823 -0.0580674857 0.0230878778 0.00229925709 -0.0350708961 0.0470153876 0.0020286825 -0.0328169875 0.0506085083 0.00230111182 -0.0322658047 0.0516010933 -0.000527905941 0.00125537615 0.0578200407 0.00247239694 0.004046469 0.0613184646 0.00230068155 0.0405403934 0.0507402979 0.00230052555 0.0622399785 0.0166765172 0.00230097095 0.0592892021 0.0191458091 0.00230090553 0.0600863807 0.0136361429 0.00230039749 -0.0181441158 0.0608371012 0.00343718403 -0.0503574461 0.0387278087 0.00315583684 -0.0595431365 0.0273559522 0.000546205149 -0.0644064024 0.00364429993 0.00303160236 -0.0643306077 -0.0155782197 0.00059120066 -0.0530107655 -0.0376309417 0.0034933032 -0.0515893698 -0.0421068072 0.000582597801 -0.0399955288 -0.051359985 0.00448263856 -0.0298740454 -0.0614725314 -0.00155019807 -0.0145840878 -0.0642262548 0.00310907955 -0.0687341914 0.000330355397 -0.00188658235 -0.0562091805 0.0189069007 0.00649315026 -0.0584059544 0.0220759679 0.00483727502 0.00237397035 0.0591635406 0.0054054698 0.0607318357 0.0187232569 0.00456351601 0.0487530194 -0.0384025015 0.00649425434 0.0614292063 -0.00260210992 0.00649425434 0.0605826899 -0.0177259073 0.00213347632 0.0496372096 -0.0390809476 0.00230401615 0.0318234973 -0.0551931001 0.00213400298 -0.0208824947 -0.0599724352 0.0023047654 -0.00379779632 -0.0638172328 0.00432249159 -0.0506415442 -0.035803169 0.00649310555 -0.0577813312 -0.0197936371 0.00494008046 -0.0588375404 -0.0230918452 0.00213400391 -0.0386447273 -0.0482818671 0.00485832244 -0.0363516994 -0.0482998006 0.00649580685 0.051589366 0.0401154906 0.000582599139 -0.0625433177 0.000639907492 0.00230401661 -0.0576318316 0.0233629625 0.00237143715 -0.0169114191 0.0570209213 0.0064781229 -0.000277526851 0.0605017431 0.00448736642 -0.0333962813 0.0525189526 0.00281495531 -0.0115057016 0.0578707941 0.000827592681 -0.0461389348 0.0357302837 0.00319122733 -0.0589604974 -0.000425884326 0.00321830576 -0.0463834889 -0.0399474055 -0.000237853281 0.0643343776 0.0135383084 0.000621372601 0.0641315877 -0.016398184 0.000521206181 0.0606577806 -0.0203326028 0.00451459782 -0.0445250906 -0.0525994822 -0.00193456444 -0.0606860593 -0.0331681557 -0.00200971309 -0.00400052406 -0.0636394322 0.00230053416 0.0615297332 0.0154000856 0.00486462703 0.00123079738 0.0638013259 0.00230081985 0.0604207106 -0.0233095549 0.00470137317 0.0641339272 -0.00181127712 0.00315583614 -0.039712809 -0.0487382077 0.00230043894 0.0527433977 -0.0382608548 0.00305885007 -0.00110129605 0.0608070083 0.00230084732 0.0180095602 -0.0628853813 0.0034940585 -0.000149522486 0.0627402887 0.00459717773 -0.0260282923 -0.0580522902 -0.000860497879 -0.0408388563 -0.0487605594 -0.000889769115 -0.0545565747 -0.0317298211 -0.000852381636 -0.0626170635 -0.00498232059 -0.000890838623 -0.0622153543 0.00628486229 -0.000870845339 -0.0610075779 0.0175212212 -0.0009857486 -0.02312392 0.0571192503 -0.000885920483 -0.0613729507 0.0198711175 0.00230113813 0.0370044746 0.0507721826 0.00230158446 -0.0405403897 -0.0527316257 0.00230050576 -0.0385402739 0.0488892086 0.00230262941 0.0167333167 -0.0662174895 -0.00149352581 0.0408937559 -0.0527521633 0.000593117729 0.0529425777 0.0357733071 0.00343801267 0.0414813347 -0.055507388 -0.00200451328 0.0570671819 -0.0383685939 -0.00193376723 -0.00944999419 -0.069064267 -0.00204968592 -0.0451043062 -0.0279270541 0.0788190812 -0.0497044586 -0.0196631458 0.0793100297 -0.0512689017 -0.02551567 0.0810050219 -0.0405097008 -0.0355321877 0.0792724565 -0.00969696417 0.0550010912 0.0810050219 -0.0116949743 0.050200358 0.0787938237 -0.00254643522 0.0517618768 0.0790842026 -0.0196233802 0.0523391403 0.0810050219 -0.0204877872 0.0473030433 0.0787557364 0.0144579085 -0.0592697971 0.0807918534 0.0313727632 -0.0461573526 0.0783878192 0.0277338829 -0.0542778932 0.0808015242 -0.0460101329 0.0284752231 0.0806305632 -0.0396779627 0.0335978493 0.0787630975 -0.0404934734 0.0433360562 0.0809643939 -0.0331613235 0.0402317718 0.0791511685 -0.0297610275 0.0434988029 0.0797889754 -0.0449790955 0.0259504281 0.0785495415 -0.0331160314 -0.0423683636 0.0793137997 -0.0296475496 -0.0454035588 0.0795588642 -0.0513543673 0.0162619893 0.0802628249 -0.0482853726 0.0179705285 0.0783309862 -0.0590335801 0.00799683109 0.081496805 -0.0503810644 0.0119406506 0.0784085989 -0.0120783262 -0.052675467 0.0792075172 -0.0205783602 -0.049277842 0.0787524059 -0.0547205992 0.000337365869 0.074040696 -0.0487668701 0.0244133919 0.0783878118 -0.0506758839 0.0166939348 0.0738781765 -0.0524036139 0.00380810583 0.0789023712 -0.0529730469 -0.00539580593 0.0793566555 0.00192152441 0.0528909564 0.0802085921 0.0497969054 -0.0192306321 0.0755044743 0.0463841707 -0.0173491649 0.0730315894 0.046096798 -0.017233042 0.0755050182 -0.050059326 0.0124722812 0.0755042434 -0.0449624509 0.0140404012 0.0755050182 -0.00108144502 0.0477070026 0.075504899 -0.00215028459 0.0498720706 0.0730447024 -0.00217364565 0.0514688939 0.0755043253 0.0488356985 -0.0188137442 0.0730047822 0.0506377518 -0.0184745099 0.0734981075 0.0451848544 -0.0411540829 0.0806912854 0.0534305722 -0.0139957201 0.0783878118 0.0588041581 -0.0155470893 0.0808828101 0.0010674526 -0.0550988205 0.080328308 -0.00247483398 -0.0542718619 0.0755053833 -0.00282378984 -0.053241957 0.0786512569 -0.0010016755 -0.049592603 0.0755048841 0.000620463281 -0.0479291566 0.0784968287 0.0319216028 -0.0450362265 0.080468908 0.0298272315 -0.0448452421 0.075504154 0.0280224215 -0.044824332 0.0783481747 0.0273274835 -0.0422693714 0.0755044669 0.0259033777 -0.0419331826 0.0783994719 0.0309537165 -0.0397744514 0.0755045712 0.0306065846 -0.0382044017 0.0784348175 -0.0493957885 -0.0353164412 0.0809048787 -0.0501359254 -0.0189248584 0.0755040944 -0.0450637713 -0.018757144 0.0784234926 -0.0449624509 -0.0174793359 0.0755050182 0.0310307238 0.0380980931 0.0755046606 0.0276615862 0.0390714258 0.0755046159 0.0308596436 0.0362623036 0.078396529 0.026016878 0.0398520268 0.0784242898 0.0296243336 0.0428190567 0.0755042434 0.0292483885 0.0432945602 0.079230465 0.00267464458 0.0471685715 0.0785254091 -0.00300620846 0.0473692529 0.0784246027 0.00247483165 0.0522805378 0.0755053833 -0.0325297341 0.0401757509 0.0755044073 -0.0296328049 0.0427494384 0.0755041689 -0.0308652669 0.0362538882 0.0783942938 -0.0311486423 0.0370309949 0.0755049139 -0.049815055 0.0172077399 0.0755043924 -0.051494915 -0.0155716147 0.0797795728 -0.0498164371 -0.0143339513 0.0755044594 -0.0467645749 -0.0131209521 0.0784052387 -0.0290557221 -0.0450266786 0.075504601 -0.0326455906 -0.0433570556 0.0755041689 -0.0305367503 -0.0399270318 0.0755047426 -0.030716693 -0.0382297039 0.0783826932 0.03024658 -0.0444847606 0.0732271746 -0.0596250556 -0.00812898297 0.0807872489 -0.053351853 -0.0143150883 0.0783878118 -0.0563163981 -0.021950366 0.0808148235 -0.05036534 0.0156657267 0.0730041638 0.0493512079 -0.000995661598 0.0715063214 0.0468474813 -0.0127251642 0.0783681422 0.0487333797 -0.000384425366 0.0782519057 0.0397745557 -0.0291665364 0.0782538354 0.0310926214 -0.0378456376 0.071505025 -3.56229029e-05 0.0455933288 0.071505025 -6.47144552e-05 0.0452694036 0.0780214742 0.0440971516 0.0133782262 0.0783021227 0.0443329513 0.0134484377 0.071505025 0.046927847 0.0109922858 0.0784156173 -0.0313852802 -0.0406488553 0.073047094 0.0152503606 0.0459401235 0.0715063214 0.014478107 0.0455414243 0.0782519057 -0.00264652912 -0.0511896834 0.0750331059 -0.000739814423 -0.0499443933 0.0730052963 -0.00162755314 -0.0533129685 0.0732518882 0.027357731 -0.0431629084 0.07503701 0.0280859582 -0.041271016 0.0730052143 0.0504226349 -0.0150735835 0.074686639 0.0490758494 -0.0147011643 0.0731941834 -0.0251190811 -0.0493245572 0.0741145536 -0.0410508662 -0.0375832729 0.0783878043 -0.0360517092 -0.041669175 0.0740841851 0.0488965437 0.012150866 0.0748586208 0.0474763997 0.0128204869 0.0730050877 0.0507965125 0.0145451874 0.073117815 0.0487977713 0.0173256118 0.0745180547 0.0472259745 0.0165598374 0.0730042383 0.0264770854 -0.0393322967 0.0779724047 0.0265081655 -0.0395495817 0.071505025 -0.0465868786 0.0161565877 0.0730042756 -0.0496988408 0.0123842824 0.0746638104 -0.049019549 0.0125789568 0.0730045587 0.0505612418 -0.0152632967 0.075504221 -0.0504226349 -0.0150735835 0.074686639 -0.049208045 -0.0148495315 0.0732649192 -0.0499994755 -0.0184191186 0.0730043799 -0.0507920198 -0.0186842699 0.0739411414 -0.0325410143 -0.0421666093 0.0745115131 -0.0301980004 -0.0444945656 0.0732388347 0.0474652313 -0.0205006544 0.0756984651 -0.0279165357 0.0401310958 0.0730422288 -0.0271886922 0.0402552225 0.0755045414 0.0359062478 0.0404486172 0.0739657879 0.0410508662 0.0355919451 0.0783878118 0.0486690067 0.0243743733 0.0740007386 0.045104295 0.025935743 0.0788190737 0.0490762554 0.0178086124 0.0787974074 0.0512689017 0.0235243496 0.0810050219 0.040509712 0.0335408784 0.0792724714 0.0204929449 -0.0493117012 0.0787711665 0.00969696417 -0.0569924116 0.0810050219 0.0116938129 -0.0521681756 0.0787734538 0.0031004278 -0.0529632606 0.0783884302 0.0196233802 -0.0543304607 0.0810050219 0.0136900665 0.0509969257 0.0739541948 0.0191270616 0.0505769365 0.0783633292 -1.45519853e-05 0.0525628179 0.0734172165 0.0422647819 -0.0345665701 0.0801507011 0.0395871438 -0.0354329161 0.0785895735 0.0329853967 -0.0415862799 0.0784796029 0.0449790955 -0.0279417522 0.0785495415 0.0513543747 -0.0182532929 0.0802628249 0.0482853912 -0.0199617893 0.0783309564 0.0561003909 -0.00966034457 0.0809416696 0.012085733 0.050720714 0.0792402104 0.0205598399 0.047265429 0.0787218884 0.0503810644 -0.0139319776 0.0784085989 0.0331745706 0.0406937785 0.0796070173 0.0524036139 -0.00579942856 0.0789023712 0.0533518568 0.0123237669 0.0783878192 0.0547205992 -0.00232868711 0.074040696 0.0529730432 0.00340448879 0.0793566555 0.00296785845 0.0509544984 0.0783360526 -0.0538295545 0.0266490988 0.0808609501 -0.0542044863 0.00564822229 0.0784071088 0.0152503941 -0.0479314439 0.0715063214 0.0156408176 -0.047154963 0.0782519057 0.0517960787 0.0147563322 0.0802717507 -0.0399259701 0.0280122533 0.0715063214 -0.0397854522 0.0271545406 0.0782519057 0.0293031242 0.0422521085 0.073232539 0.0596259646 0.00611351989 0.0807961598 0.00270580943 -0.0537992753 0.0755053237 0.00168959529 -0.0504610352 0.0755049214 0.0330208242 -0.0432905406 0.0755049735 0.0469388366 -0.0137834093 0.0755049735 0.0502127185 0.0170551185 0.0755042955 0.0498427227 0.0123179341 0.0755043849 0.0503047705 0.0121080941 0.0783217922 0.0332265012 0.0411394201 0.0755048469 0.0023144898 0.0494098067 0.0755049661 -0.0259741265 0.0398419388 0.0784144923 -0.0269051418 -0.0407560654 0.0755050033 -0.0260163266 -0.041843053 0.0784224942 0.0449624509 0.0154880071 0.0755050182 0.0449081436 -0.0320685729 0.0784070939 0.0436623581 -0.0323431976 0.0738567039 -0.0440833531 -0.0163377952 0.078317292 -0.0442949869 -0.0153880222 0.071505025 0.025961563 0.0385132022 0.071505025 0.0272544716 0.0366265848 0.0783670917 -0.0468231738 0.0137936678 0.0755050182 0.0254696347 -0.0489737503 0.074067764 0.00636804011 -0.0556185395 0.0784469396 0.0129957106 -0.0531199872 0.0738965794 0.0033887662 -0.0492728464 0.0783030465 -0.015250396 -0.0479314402 0.0715063214 -0.0144780986 -0.0475327484 0.0782519057 -0.0292372555 0.0422774702 0.0732761323 -0.0440190136 -0.0320833102 0.0739084333 0.00124014344 0.0482138693 0.0730314031 0.000299927458 -0.0546085425 0.073437728 -0.0191338472 -0.0525677837 0.0783690885 -0.0136900954 -0.0529882312 0.0739541873 -0.0436623581 0.0303518791 0.0738566965 -0.0313727334 0.0441660509 0.0783878192 -0.0360113829 0.0396757312 0.0740569308 -0.00344637851 -0.0492251888 0.078274779 -0.0276506282 -0.0383454412 0.071505025 -0.0266480613 -0.0393206663 0.0783213601 0.0444476902 -0.0164791662 0.0784796551 -0.047462035 0.0173651855 0.0750960559 0.0448974967 -0.0192052871 0.0783278644 0.039659135 -0.0304653794 0.0715063587 -0.039925959 -0.0300035905 0.0715063214 -0.0390668288 -0.0301349591 0.0782519057 -0.025462985 0.0469926931 0.0740796179 -0.00636732718 0.0536270365 0.0784461871 -0.0129956985 0.0511286668 0.073896572 -0.00668978319 -0.0610747226 0.0809286758 0.0319905877 0.041358877 0.0731715187 -0.0304536968 0.0382865928 0.0730430409 0.0309237614 0.0357927755 0.071505025 -0.0448946729 0.0127907461 0.0784980208 -0.0442949906 0.0133967036 0.071505025 -0.0448096767 0.0171064995 0.0782860219 -0.0279566552 -0.0413450263 0.0730052292 -0.0474122949 -0.0148817906 0.0730051324 -0.0468051508 -0.0172461048 0.0755050182 -0.047015503 0.0106780212 0.0783233121 -0.0493512079 -0.000995661481 0.0715063214 -0.0487333797 -0.00160689373 0.0782519057 -0.0017729986 -0.0482001044 0.071505025 0.0402827077 0.0276157856 0.0715063587 0.0390831381 0.0281268694 0.078253828 0.0442949869 -0.0153880222 0.071505025 -0.0156198423 0.0451739579 0.078253828 -0.0272888578 0.0367669165 0.0784066021 -0.0261083804 0.0382386781 0.071505025 0.0450657047 0.0167696271 0.0784241334 0.0360113941 -0.0416670404 0.0740569308 0.0493768007 0.0333602466 0.0808989108 0.0338857956 0.0491396934 0.0808022767 -0.000543182192 -0.0538697168 0.0755050182 0.0469765887 0.0159117859 0.0755050182 0.0306443274 0.0384070948 0.0730479658 -0.0144578973 0.0572784804 0.0807918608 -0.0277013015 0.052300591 0.0808097348 0.0563274436 0.0199353322 0.0808089003 -0.0147630647 0.0461568832 0.0715063587 0.00252373912 -0.0527669378 0.0748895183 0.00180311408 -0.0511062667 0.0730542019 0.0325410143 -0.0421666093 0.0745115131 0.0313435569 -0.0404282063 0.0730594099 0.0324747749 0.0394188724 0.0748879611 -0.00251757819 0.0507885702 0.0748879537 -0.0324747749 0.0394188762 0.0748879611 -0.032000389 0.0413654186 0.0731627569 -0.0273577627 -0.0431627966 0.075036943 -0.0415634289 0.0292018987 0.0756959617 -0.0269384608 0.042626936 0.0756959841 -0.0158758126 0.0478650555 0.0756959617 0.0038470414 0.0501297936 0.0756959841 0.00190374022 0.0512081087 0.0733345374 0.0158758182 0.0478650518 0.0756959617 0.0269384608 0.042626936 0.0756959841 0.0527637228 -0.000995662296 0.0750313252 0.0415634513 -0.0311932657 0.0756973922 0.0158758145 -0.0498563796 0.0756959692 -0.015875807 -0.0498563834 0.0756959617 -0.0415634476 -0.0311932694 0.0756973922 -0.0474652313 -0.0205006544 0.0756984651 3.2652242e-10 -0.049514018 0.071505025 -0.0286360476 -0.0401278213 0.071505025 0.0286360476 -0.0401278213 0.071505025 0.0461624004 -0.0159947407 0.071505025 0.0503195785 -0.000861180015 0.0757012814 0.0461624004 0.0140034221 0.071505025 0.0406958908 0.0285716094 0.0757026225 0.0285299327 0.0382724293 0.071505025 3.39549326e-11 0.0475423671 0.071505025 0.0279909652 0.0393905342 0.0730257332 -0.0285299327 0.0382724293 0.071505025 -0.0461623967 0.0140034221 0.071505025 -0.0503195785 -0.000861179898 0.0757012814 -0.0461624004 -0.0159947407 0.071505025 -0.0468252152 -0.017954113 0.0730701983 0.0426867642 0.0300180539 0.0750313252 0.00668956246 0.0590833724 0.0809285864 0.00354192453 -0.0490981787 0.071505025 -0.0339254886 -0.0511081368 0.0807934552 -0.0527637228 -0.000995662413 0.0750313252 -0.0310061928 0.0358073115 0.071505025 -0.0456288941 0.0380505659 0.0012525284 -0.0349748656 0.0536314771 -0.000478370377 -0.0306596775 0.0501585118 0.0031774533 0.0373879187 -0.04797839 0.00212307228 0.0105375275 -0.0670187697 -0.000744991528 0.0154374046 -0.058924377 0.00254064612 -0.0512285121 -0.0429134294 -0.000653220341 -0.0591625907 -0.031888783 -0.000644120621 -0.0529580861 -0.0294819567 0.00120323477 -0.0487713963 0.0448335595 -0.000204724507 -0.0067016487 -0.0608865172 0.0009730116 -0.00204167026 -0.0672716051 -0.000622445834 -0.0665602013 -0.00524708815 -0.00067506812 -0.0654959381 0.00774261914 -0.000369942281 -0.0602009371 -0.00160047819 0.00107906293 -0.0227284413 -0.0564890429 0.00180003897 -0.0285914931 -0.0607459657 -0.0003698316 -0.0637869462 -0.0180976186 -0.000562214293 -0.0564438403 0.0192068908 0.00254063983 0.030561896 0.0588744953 -0.000869789801 0.00260845735 0.0654048845 -0.000321794738 0.0148088885 0.0636316985 -0.000624063076 0.0413404442 0.0497930385 -0.000526867341 0.00500554964 0.0607434064 0.000680184981 0.0245248154 0.0532937683 0.00250071962 0.0537085347 -0.0335455053 0.000279109721 0.0462607928 -0.0470924042 -0.000386345986 0.00437986525 0.0584723614 0.00371811748 0.0300164185 -0.072527431 0.0671067759 0.0179501232 -0.0734440908 0.0766523182 0.0220588762 -0.0738783255 0.0659156442 0.050703913 -0.0329744406 0.00302934274 0.0564372763 0.019243855 0.00279461103 0.0412698612 0.0421725661 0.00321350247 0.0644334778 0.0166558642 -0.000574952748 0.0522923693 0.0412932187 -0.000921592931 0.0589848831 0.0295430254 -0.000594575249 0.0562216602 -0.0367135704 -0.000593486417 0.0641984418 -0.0105407238 -0.000497373869 0.0624386892 -0.0234762412 -0.000492274936 0.0595639572 -0.00760230003 0.00305077457 0.0401378088 -0.0449672714 0.0796516985 0.0562037937 -0.0201840997 0.0796518922 0.0587211214 0.00794611219 0.0796519741 0.0479671657 0.0340486579 0.0796519741 0.0263850596 0.0522335768 0.0796520114 -0.00146306015 0.0583183244 0.079651691 -0.0138922706 0.0567035191 0.0036329166 -0.0287612304 0.0510790981 0.0796511546 0.0392777212 -0.0622316785 0.00304374332 0.0369341932 -0.0564218126 -0.000193146552 0.0438887179 -0.0593478568 0.00435233815 -0.0584850498 0.0332935341 -0.00106981478 -0.0622693188 0.0223624986 -0.000672051858 -0.0563440695 0.0364903584 -0.00142027368 -0.0472423919 0.0468868539 -0.000731388573 -0.0168676712 -0.0653489307 -0.00066019845 0.0243945643 -0.0624809526 -0.000403674727 0.0308088437 -0.0661915839 0.00260307756 0.0257405248 -0.0688380897 0.00311420159 0.0111049144 -0.0732565299 0.00330208708 0.0166208278 -0.0719594136 0.00387727097 -0.0469989106 -0.0582205169 0.00349883991 -0.0412838347 -0.0531150028 -0.000594597601 -0.0420009121 -0.0614223555 0.00531489402 -0.00412715226 -0.073467873 0.00313545205 0.00176839426 -0.0753856078 0.00691176392 -0.019064365 -0.0711274743 0.00322012417 -0.0136964619 -0.0726169646 0.00392657891 -0.0332009867 -0.0655581504 0.00314737577 -0.0286446642 -0.0696753189 0.00692200335 -0.0525829494 -0.0503757112 0.00263379188 -0.056621287 -0.0463887826 0.00312145008 -0.0648882911 -0.033723291 0.00321574276 -0.0644860864 -0.0402175151 0.00573304668 -0.0681334957 -0.0247144811 0.00264413632 -0.0701404512 -0.0195746925 0.00310396939 -0.0726029202 -0.00451068906 0.00323481136 -0.0723433346 -0.0101581672 0.00392398657 0.0420200117 -0.0621797629 0.0769575834 0.0410039872 -0.0608043186 0.0762103125 0.0410359986 -0.0551362224 0.0813902244 -0.0639258474 0.0341455378 0.0041773608 -0.0613480471 0.0389974006 0.00212104688 -0.0677570179 0.025314115 0.00323092286 -0.0697743222 0.0200663023 0.00387427676 -0.0512922369 0.0511570238 0.00425849855 -0.0569000393 0.0473842844 0.00750107598 -0.0450695604 0.060041938 0.0642552227 -0.045304507 0.055869896 0.0763282925 -0.0414507128 0.0598591492 0.0733683407 -0.0498656966 0.056946978 0.0658377185 -0.077115424 -0.0080966251 0.0150678484 0.000432013534 -0.0768734142 0.06411203 0.0116454707 -0.0781559423 0.0590987727 0.00625088951 -0.0771301985 0.0658436045 -0.0765131414 -0.0161363147 0.0289501771 -0.0748822317 -0.0174752306 0.0201343372 -0.0771151334 -0.0180416908 0.0321962796 -0.0516590029 0.0557997227 0.0600535981 0.00728853187 -0.0784593225 0.0588994958 -0.0771604702 -0.0126351947 0.0200972706 -0.0753188655 -0.0214201622 0.0594913922 -0.0730344579 -0.0311701372 0.0468225852 -0.0707196072 -0.0307942908 0.0587717183 -0.0638679639 -0.0353316218 0.0761493668 -0.0671168864 -0.0396348238 0.0641847327 -0.0620859936 -0.0401448086 0.0744287968 -0.07143756 -0.0325595178 0.0510107838 -0.0697718933 -0.0359425694 0.0590980835 -0.003758837 -0.0790101513 0.0594708808 -0.00182262773 -0.0788398385 0.0475218147 -0.0170821417 -0.0765346885 0.0150932577 -0.0572387055 0.0509716645 0.0642838925 -0.0557956733 0.0456129573 0.0761210248 -0.052629482 0.0492403992 0.075613372 -0.0721732005 -0.0270524938 0.0199016482 -0.00919031631 -0.0784853026 0.0289500598 -0.00829707272 -0.0772447735 0.0204986595 -0.00714865699 -0.0802576989 0.0325508192 0.000685909821 -0.078873992 0.0317070298 -0.0127821099 -0.0779801831 0.0201300494 -0.042844329 0.0627434328 0.0587529093 -0.0517953448 0.0594455451 0.0469374284 -0.0520897508 0.0573279075 0.0509902798 -0.0439375453 0.0633046851 0.0475653522 0.00807973184 -0.078614518 0.0502590351 0.00603099307 -0.0803546533 0.0466685779 -0.0694144964 -0.0389825888 0.0496946611 -0.06155812 0.0465079919 0.050246682 -0.0633333921 -0.0451569296 0.05772724 0.00257167011 -0.0788249522 0.019612411 -0.0615655743 0.0456171818 0.0576211587 -0.0609918796 0.0450367071 0.0660136789 -0.0626622736 -0.0446965359 0.0658298731 -0.00716162147 -0.0768254995 0.0134951156 -0.0743275881 -0.0176383536 0.0134991389 -0.0407669358 0.0668875873 0.032710202 -0.0465222299 0.0600680523 0.0202912446 -0.0529152751 0.0566171221 0.027694948 -0.0654111356 0.0411847867 0.0595100522 -0.0605710857 -0.050301522 0.0595074967 0.0128901405 -0.0727789626 0.0755194351 0.0177546963 -0.0716490448 0.0755510628 0.0158012528 -0.076054506 0.0639524013 -0.0518666469 0.0558752008 0.0215948075 -0.0647041127 -0.0457210988 0.0515295751 -0.0703116804 -0.0328151919 0.0214589518 -0.0706932321 -0.033433862 0.0280622393 -0.0603771918 0.0366671272 0.0793369338 -0.0644975752 0.039770633 0.0719332621 -0.0644496158 0.032358136 0.0763264894 0.0225434694 -0.0758217797 0.0578348115 0.0278550461 -0.0738383532 0.0597590767 -0.0590330586 0.0481400304 0.0206124019 -0.0623445995 0.045570977 0.0289763473 -0.0657274425 -0.0430940054 0.0201342572 -0.0635295436 -0.0459340587 0.0289772451 -0.0637869239 0.0451526679 0.0495837294 0.0224350318 -0.0762845278 0.0515290573 -0.0555032082 -0.0469401293 0.0768315047 -0.0524719581 -0.0569755882 0.0587674491 -0.0520561188 -0.0523587838 0.0750541389 -0.0551158115 -0.057556089 0.0462917164 0.00847829599 -0.07768628 0.0213235822 -0.0699395537 0.0310489237 0.0585927851 -0.0691237152 0.0316507109 0.0658394992 -0.0523304567 -0.056338165 0.0658160895 -0.0505914837 0.0549741089 0.0132096633 0.00894750748 -0.0789334923 0.0276421178 0.0196192376 -0.0764746368 0.0201285779 0.0230687223 -0.0754405186 0.0289517194 -0.0676196292 -0.0388826206 0.0151261305 -0.0696622953 -0.0321550295 0.01305974 0.0269150008 -0.0684886128 0.0757946894 0.0373404473 -0.0683045387 0.0586826615 0.0324890837 -0.065802753 0.0763876662 0.0293438286 -0.0731118321 0.0476379842 0.0368804671 -0.0682180822 0.0658513457 0.0270388145 -0.0673820451 0.0794617534 0.0151274214 -0.0770053267 0.0150716035 0.00825267658 -0.0770331845 0.0130163981 -0.0685401931 0.0232052132 0.0776625797 -0.0724496394 0.0221027564 0.0629756898 -0.07062006 0.0192080829 0.0743396506 -0.0710393041 0.0307392366 0.050228931 -0.072549805 0.0273875445 0.0589655675 -0.0444061309 -0.0582895875 0.0761439428 -0.0455871001 -0.0636026338 0.0641801208 -0.0408385508 -0.0621071383 0.0742319226 -0.0521514341 -0.0588656142 0.0502592809 -0.0495202392 -0.0613012388 0.059107691 -0.0623306558 0.0433536135 0.0134443659 -0.0626556054 0.0442224219 0.0203297529 0.024140507 -0.073829025 0.0204935931 0.0255462173 -0.0755407363 0.0326540135 -0.0611638315 -0.0463954285 0.0135181975 -0.062366683 -0.0466109291 0.0203288794 0.0387148932 -0.0684725717 0.0501684323 0.0430592783 -0.0666514561 0.0584906489 -0.03989527 -0.0670986474 0.0577321462 -0.0745826289 0.0164746977 0.0656848997 -0.0395567305 -0.0664717779 0.0658706948 0.0502581149 -0.0598650463 0.0562880374 -0.0760775506 0.0169409346 0.0577149354 -0.0771549419 0.0110519361 0.0594714247 0.0341613479 -0.0710682571 0.0195576977 0.0394674651 -0.0684896037 0.028002264 0.0244960878 -0.0736216009 0.0132875368 -0.0352249742 -0.0707371309 0.05947892 -0.0760739222 0.0170881115 0.0513333529 -0.0409038439 -0.0681826994 0.0515254401 -0.0714154541 0.0297868699 0.0279580168 -0.0740564689 0.0191648044 0.0201506671 -0.075975813 0.0162781179 0.0289470349 -0.0706709176 0.0300094299 0.0213142429 -0.0688998103 0.0355131328 0.0194491856 -0.0698239878 0.0296256412 0.0130637027 0.0391119495 -0.0675903559 0.0225774143 0.0514219478 -0.0596290343 0.0289325546 -0.0713131353 0.00965875294 0.0766884089 -0.076681532 0.000635128585 0.0590248965 -0.0730029866 0.00347412843 0.0750353187 0.0382231958 -0.0667740852 0.013235365 -0.0513256527 -0.0594222285 0.0279669929 -0.0424147919 -0.0650310367 0.0205372889 -0.039802704 -0.0678919181 0.0289667677 -0.0518416688 -0.0594054013 0.0212773886 -0.0560130402 -0.0552427433 0.0194543879 -0.050696142 -0.0579427108 0.0130657582 -0.0459589884 -0.061580915 0.0162959453 -0.0319886953 -0.0655532554 0.076756835 -0.0251757372 -0.0734881684 0.0587686747 -0.0266278721 -0.0691081285 0.0750523061 0.0442030206 -0.0623320006 0.0139368083 -0.028116025 -0.0737943575 0.0462726988 -0.0763671324 0.000816509069 0.0658575594 -0.0757421702 0.0207710396 0.0408551544 -0.0687796026 0.0392445773 0.0421925373 -0.0736383572 0.0267172419 0.0380110629 -0.0780375749 -0.0119009856 0.0411029048 -0.0792439431 0.00736880908 0.0421435237 -0.0784664825 -0.00558464741 0.0380574837 -0.066727899 -0.0424686894 0.0410290658 -0.0742514431 -0.0251828972 0.0416260809 -0.070048444 -0.0372520648 0.0381648429 -0.0760391131 -0.0248325318 0.0370718539 -0.0442055166 -0.0662327334 0.0409938917 -0.0579352826 -0.0533507578 0.041590482 -0.04903448 -0.0625294819 0.0380486213 -0.0252675526 -0.0730845034 0.0658554658 -0.0138847139 -0.0785601586 0.0410557762 -0.0326647945 -0.0736749172 0.0421448089 -0.0198511463 -0.0773240998 0.0380091853 -0.0733910352 0.0239009745 0.0150638698 0.0187328719 -0.0773931071 0.0410763137 -0.000368360546 -0.0806777999 0.0421745926 0.0127988905 -0.0786954835 0.0380709656 -0.0670986474 0.0390651375 0.0376486145 -0.0776177123 0.00818404742 0.037615709 -0.0327382386 -0.0719669163 0.0376004912 -0.0779384151 -0.0045984257 0.0591872185 -0.00113157777 -0.0790466517 0.0376467407 -0.059777461 0.0496666953 0.0403969698 -0.0455377549 0.0623922125 0.0413108915 -0.0559927784 0.053949073 0.0374006107 0.0481489673 -0.0627127886 0.0412747748 0.0312262625 -0.0725258589 0.0402675532 0.042905353 -0.0666218773 0.0378394797 -0.0207335781 -0.076224193 0.0591058545 -0.0717341229 0.0335968882 0.0466656834 -0.0641852543 0.0447590686 0.0322164297 -0.0772299916 0.0091508599 0.047478091 -0.0793876126 0.00109398877 0.0467110686 -0.0780838653 0.0143756364 0.0325368866 -0.0775358453 0.00628194353 0.0316583887 -0.0777686983 0.00424838625 0.0194153581 -0.0756188408 0.0153335435 0.0202906821 -0.0746279657 0.0140355891 0.0135064777 -0.0750634223 -0.0154506778 0.0658614039 -0.0757020116 -0.0156148737 0.0579433441 -0.0771222636 -0.00140071928 0.0212960802 -0.0763099715 -0.0014454237 0.0130362753 -0.077038072 -0.0154086016 0.0512025878 -0.0595083907 -0.053831134 0.0370346792 -0.0722965896 -0.00614337204 0.0761618763 -0.0770167485 -0.00901472848 0.0642438307 -0.0726193786 -0.0115577187 0.0744662806 -0.0781910345 -0.000921540661 0.0510717928 -0.0389159955 -0.0678542703 0.020274885 -0.0633179918 -0.0479421914 0.032215409 -0.0172270443 -0.0714393482 0.0761192068 -0.0162049774 -0.0767270625 0.0641771108 -0.012629264 -0.0732561797 0.07563968 -0.0289584287 -0.0733251944 0.0193822272 -0.0388480648 -0.0698843822 0.0321866795 -0.037370421 -0.0673221797 0.0135224415 -0.023981899 -0.0751235485 0.0500159487 -0.00948467944 -0.0769613907 0.0659251362 -0.00956909638 -0.0775216445 0.0577196032 -0.0234365202 -0.0744793713 0.0213462543 -0.0231596529 -0.0737090185 0.0130433645 0.0316426829 -0.0739982575 0.0368573368 0.037697345 -0.0712295324 0.0466353595 -0.0786741674 -0.00763790449 0.0498264991 -0.0231692102 -0.0752831697 0.0279449429 -0.0741593167 0.00501346122 0.00689065736 -0.0716531649 0.0106083779 0.00312626385 -0.0100505035 -0.0790051818 0.0515583716 -0.0786402747 -0.00177642482 0.0275844522 0.00340862549 -0.0740910769 0.0750022158 -0.00255430932 -0.0720786825 0.0793811306 -0.0704604313 -0.0208060686 0.0749549419 -0.0704787746 -0.030458618 0.0658531338 -0.0680793971 -0.0265365839 0.075820379 -0.0384467058 0.0535460114 0.0810453445 -0.0523231924 0.0565814003 0.0138432682 -0.0451907776 0.0585333258 0.00317451567 -0.0521620102 0.0518695675 0.00225841673 -0.0402985811 0.0512325391 0.0797256902 -0.0377215482 -0.0567565896 0.0798670352 -0.0498423688 -0.0450994074 0.0796689391 -0.0468756109 -0.0481904484 0.0799715221 -0.0117520466 -0.0673886165 0.0797850788 -0.0242231898 -0.0625349283 0.0800418332 -0.0650368258 0.0179693643 0.0798239484 -0.0595633052 0.0286483653 0.0798761249 -0.0515605919 0.0423964523 0.0798487589 -0.0574374832 0.0326718166 0.0797648653 0.0161850099 -0.066033192 0.0795971081 -0.000570813194 -0.0676154122 0.0797539949 0.00383791956 -0.0673426986 0.08001782 0.0307913516 -0.0600112528 0.0797294378 0.0267296303 -0.0617512576 0.0797572881 -0.0668140277 -0.0103131086 0.0797175989 -0.0661766455 0.00674514193 0.0796524733 -0.0663937703 0.00244446052 0.0799800456 -0.0640556291 -0.0210511927 0.0805833638 -0.0618974976 -0.0251733735 0.0799918398 -0.0574551485 -0.0367156677 0.0797629729 0.0439930782 -0.0626084581 0.0648740083 0.0448934287 -0.0583873987 0.0759738609 0.0704446286 0.0287022647 0.0658261925 0.0711159185 0.0290550888 0.0577496104 0.0694634318 0.0346938632 0.0594581701 0.0227650832 0.0716897771 0.013493184 0.0199859794 0.0706177503 0.00591774751 0.0137150632 0.0721028745 0.00681443838 0.0724812523 0.00249698199 0.00311063952 0.071560882 0.00806371309 0.00263088988 0.0767090023 -0.00057029759 0.0203591231 0.0755102858 0.0186859816 0.0591025017 0.0723488703 0.0292490441 0.0513654575 0.0760980695 0.015207069 0.0502603427 -0.00661277724 0.0759176239 0.057817053 -0.0121743213 0.074687399 0.059322875 -0.00635074684 0.0751847848 0.0660852417 0.0511029921 -0.0604149774 0.0512246415 0.0500742942 -0.0589279644 0.0661077723 0.0552970991 -0.0560462996 0.0595748276 0.00185939949 0.0781081691 0.0497255512 -0.00636328291 0.0773210302 0.0516061038 0.0045202747 0.0769055486 0.0591081008 0.0755000338 0.0156493448 0.0216169823 0.0730383769 0.0264884979 0.0201408695 0.0758602023 0.0161028188 0.0279585924 0.0714697167 0.0297425929 0.0289679449 0.0168734472 0.0756461248 0.0320041627 0.00745980814 0.0767442957 0.0212783124 0.0074593774 0.0772998631 0.0276469383 0.0746154413 0.0150018437 0.0130576277 0.0739236027 0.0217601582 0.0155943967 0.0771877244 0.00985405035 0.0194878094 0.0640419573 0.0323875323 0.0764675066 0.0629655048 0.0428715423 0.058778353 0.0617437549 0.0384701639 0.0746867657 0.0520397983 -0.0516655818 0.0758809224 0.0572802052 -0.0508686155 0.0635218248 0.0560099594 -0.0470298156 0.0764584914 0.00379288686 0.0776557028 0.037676204 0.0175671261 0.0772166997 0.0371114351 -0.00339200255 0.076635778 0.0202881489 -0.000793807034 0.0781208724 0.0295021497 0.0627204552 0.0422171615 0.0658191368 0.00752340397 0.074875012 0.0130619844 0.00148262968 0.07500498 0.0161384847 0.0133073051 0.0758855939 0.0194197576 -0.0123969205 0.0699981749 0.0767061189 -0.0167542193 0.0738717541 0.0641695485 -0.0182878319 0.0690763742 0.0765399113 -0.0144055011 0.0755575523 0.0475589223 0.060826771 -0.0472965091 0.0658482537 0.0622863248 -0.0493503474 0.0465498976 0.0703202486 0.0175430421 0.0033485915 0.0650435388 0.0434805341 0.0465766713 0.0504439548 -0.058535032 0.0193724595 0.0624753609 -0.0453278981 0.0598960444 0.0609451272 0.0477348529 0.0591247678 -0.0219706204 0.0721771196 0.0657986999 0.00416548271 0.0710574463 0.00300358934 -0.00169949664 0.0721313655 0.00412388518 0.068472974 0.0226709098 0.00299588311 -0.0242927615 0.0716354921 0.0600944199 0.0617673695 -0.0389708318 0.0761637986 0.0669495165 -0.0395044386 0.0635569543 0.0646150857 -0.0353319459 0.0751269832 0.0697923079 0.0307479668 0.0201929808 0.0628969297 -0.0468462706 0.0502263159 0.0553773567 0.0457572117 0.076212436 0.0562231392 0.0501995943 0.0631879494 0.0524989478 0.0497934222 0.0753233731 -0.00731254462 0.0765349716 0.0282188449 0.0629573986 0.0449520126 0.050042145 0.0598792285 -0.050838016 0.0193725545 0.0635015815 -0.0459690616 0.0279528927 0.0536675788 -0.0594195053 0.0322148986 0.065951772 0.0404370055 0.0194194634 0.0624096729 0.0454787351 0.0279508028 0.0719169974 0.0319079384 0.0321791321 -0.00877025537 0.0751817301 0.0202602539 -0.0275790077 0.0656507537 0.0765194222 -0.0313964672 0.0698301643 0.0640351027 -0.0324160643 0.0647046492 0.0747658238 -0.0222724341 0.0753315464 0.0466514826 -0.0239320789 0.0730693936 0.0502191968 0.0510027446 -0.0566839278 0.0135832662 0.0570527837 -0.0511815809 0.0101655507 0.0692431629 -0.033490546 0.0659219101 0.0514976978 -0.0531063229 0.00256176945 0.0522564165 0.0548682883 0.065898031 0.0692224279 0.0306907948 0.0135224983 0.0648079216 0.0316637717 0.00312152086 0.0653399825 -0.0368391275 0.0023171287 0.0692173392 -0.0274622571 0.00146262045 0.0699123219 -0.0312246103 0.0134970751 -0.0372866578 0.0665481314 0.057551533 -0.0365173481 0.0650903732 0.0658090562 0.0709045008 -0.0345816836 0.0513747595 0.0700170398 -0.0339816175 0.0573620126 -0.065770179 0.0351383202 0.00357288332 0.0616951324 0.0363818146 0.00263230852 0.0626753941 -0.046017848 0.0212935004 0.0538050868 0.055990044 0.051190041 0.0534645692 0.055976171 0.0579708293 -0.00872300286 0.0755660757 0.0134494975 -0.0110088931 0.0707654506 0.00314515946 0.0628954619 0.0453910679 0.0212436989 0.0442271531 0.0606741831 0.0640545487 0.0402532928 0.060512457 0.0741353855 0.0438737758 0.0550093614 0.0793595389 0.0692647472 -0.0369405039 0.0201138183 0.0708385706 -0.0337205939 0.0289472323 0.0619437099 -0.0454656184 0.0131161911 -0.0165854897 0.0690809786 0.00259383651 -0.0379206054 0.0684343353 0.0513694137 0.0555950627 0.0537692271 0.02012676 0.0715748444 -0.0285631046 0.059476085 0.0530396402 0.0562396422 0.0289643668 -0.0192126669 0.074553445 0.0193692539 -0.024749279 0.0731405914 0.0213057753 -0.0247187968 0.0728665367 0.0291844625 0.0617279448 0.0441616327 0.013016548 0.0574954674 0.0487413928 0.0161776207 0.0778725743 0.00618163962 0.0376600362 0.0778679475 -0.0127734207 0.0381531641 0.0797986537 0.00671897596 0.0370391086 0.0488901883 0.0598281994 0.0595028959 0.070453018 -0.0263595022 0.0696530342 0.0744278803 -0.0186633412 0.0658686087 0.0707539022 -0.0204613861 0.0744746998 0.0748862028 -0.0176010448 0.058756642 -0.0349724144 0.068765454 0.0201150589 0.0397314131 0.0642515868 0.0658356026 -0.0239808466 0.0713749379 0.0130499424 -0.0295692198 0.0690244213 0.0160936229 0.0607831292 -0.0408117659 0.00320399273 0.0666114092 -0.0406062454 0.0150638092 0.0661535338 0.00555636594 0.0799687579 0.0716604441 0.0096819466 0.076549843 0.0655629486 0.00980885606 0.0799061954 0.0769861564 -0.0137491161 0.0590955094 0.0566943772 0.0445871353 0.00337438006 -0.0256167296 0.0670634806 0.0033311306 0.035906069 0.0682823807 0.0591297001 0.0396586247 0.066013962 0.0589186326 0.0766853839 -0.0195961613 0.0465733185 0.0638731569 -0.0361002944 0.00385338278 -0.0384070501 0.067110531 0.0282025449 0.0705772042 -0.0326915607 0.0202862937 0.0725252181 -0.0319744349 0.0326537378 -0.0303278491 0.0645036846 0.000699942117 0.0718382001 -0.0107439868 0.0761798993 0.0768570453 -0.00894880202 0.0636177361 0.0729920045 -0.00611933181 0.0751267225 -0.0384863019 0.0656420961 0.0202025883 0.0528340749 0.0484905206 0.00296893134 0.076194331 -0.0171991289 0.0502610654 0.0515217856 0.0565965846 0.0203377064 0.0524551906 0.0588551126 0.032583937 0.0453550927 0.0623012222 0.0318074226 0.0412787758 0.0663868487 0.0468411595 0.031451188 0.06423264 0.0780823156 0.0305536818 0.0686009303 0.0631744787 0.027600741 0.0667771548 0.0760799572 -0.0387856588 0.0646121874 0.0134906005 0.0749961883 -0.0223951023 0.0194733422 0.0389883257 0.0665625706 0.0502918065 -0.0392141417 0.0598442554 0.00270891306 0.0436395742 0.0635242909 0.0195776206 -0.0446930863 0.0582963452 0.00760737108 0.0505680814 0.0562557466 0.0134362876 0.0585898198 -0.0544410944 0.0382225178 0.066438213 -0.0434920304 0.0380241014 0.0588998199 -0.0546680428 0.0421820767 -0.0342821628 0.0700387955 0.0410062447 -0.0462405756 0.0636881143 0.0369191691 -0.0287804101 0.0720419139 0.0386538021 -0.0161281452 0.0762472078 0.0395266861 -0.0161638465 0.0770317167 0.0424173214 -0.0157051627 0.0772037879 0.0364868939 0.0712942258 -0.0223061591 0.00691155065 0.0764759481 -0.0025371341 0.0659008697 0.0173533279 0.0751892403 0.0376626588 0.0168020222 0.0768936723 0.0421259776 0.0467672199 0.0615044385 0.0378675498 0.0354122221 0.0693414658 0.0381714292 0.0470132008 0.0633366704 0.0421670265 0.0609473027 0.0490584448 0.0380077213 0.0567032956 0.0537181571 0.0410530157 0.0758318529 0.0199777205 0.0380152427 0.0693039373 0.0383413695 0.0369939953 0.0740224272 0.0259046108 0.04097341 0.0792696849 0.00710124196 0.0421549007 0.0738882497 -0.0261822026 0.0376633368 0.0756288841 -0.0258191824 0.0421635024 0.0694761202 -0.0381856672 0.0409406461 0.0676741228 -0.0272254795 0.0031126067 -0.00253547449 0.0775792748 0.0411323607 0.0295028109 0.0718569979 0.0410413779 0.0675010309 0.0382704511 0.0415806957 0.0250227489 0.071249418 0.0657922179 0.0783564448 -0.00658960594 0.0409572124 0.045765657 0.0552743785 0.00306826108 0.0773157924 -0.00257489528 0.0575409234 0.0779510811 0.00324062165 0.0595499501 0.0767975822 -0.016488824 0.0277863145 0.0746681914 -0.016414037 0.0130521366 0.0752347931 -0.016463358 0.021237446 0.0754441544 0.00736546516 0.0640915707 0.0762686431 0.014355896 0.0588959754 0.0750209242 0.0131485919 0.0658434257 0.0778053403 0.0134355212 0.0468274355 0.0784111097 -0.00287849898 0.0511788614 0.0787738562 -0.000218499743 0.032213714 0.0778156221 -0.0019663095 0.0289737135 0.0256912988 0.0727889314 0.0579747334 0.0201236401 0.0744140968 0.0595853701 0.0711786896 0.00383514911 0.0789987743 0.0416789092 0.0589484498 0.0021271843 0.0260009784 0.07318528 0.0515162125 0.0381916165 0.0660084561 0.0213621035 0.0377524793 0.065246962 0.0130625209 0.00985830743 0.0744825527 0.0658333004 0.0096388543 0.0750831589 0.0590185672 0.00829005148 0.0764440596 0.0509953722 0.0112584848 0.0771952569 0.046303153 0.0386043489 0.0673124716 0.0277058445 0.0240902528 0.0730093569 0.0202353783 0.0256578829 0.0742940232 0.0300589502 0.0775637925 -0.00570928119 0.0202819295 -0.0096175056 0.0780030265 0.0325218551 0.0285167117 0.0716456324 0.0201219935 0.0251049008 0.0727793351 0.0289576426 0.0179376118 0.0687347278 0.0767964125 0.0118761258 0.0714982301 0.0742228776 0.0717400461 -0.0126491534 0.0032221931 0.0763559714 -0.00896403193 0.0129013723 0.0332514644 0.0636466071 0.00325037213 0.0324398614 0.0693938136 0.0150969625 0.0746202171 -0.0072087436 0.00430903398 0.0281649847 0.0657890812 0.00315902848 0.0023584289 0.0720072016 0.0750855133 -2.6352951e-05 0.0764809698 0.0640067235 -0.00267595518 0.0715293214 0.0763336048 0.0770072564 -0.000387676497 0.0134401787 0.0704153925 0.0193392839 0.0747468174 0.0685630217 0.0239082817 0.0753809661 0.0736889839 0.0228476021 0.0641542226 0.0317713544 -0.0744689032 0.0412908196 0.04983899 -0.0463281237 -0.00163470802 -0.0422609858 0.0558005124 0.00175605447 -0.0248636771 0.0606250875 -0.00043720234 0.0182592515 0.0647873655 0.000146802136 -0.0690508708 0.0397385843 0.0370654836 0.0652240515 0.00253165141 -0.000379761448 -0.0395801552 -0.0452647619 0.0796518922 -0.0556193367 -0.0218002461 0.0796518922 0.0139486687 -0.0587172024 0.0796518922 -0.0144735901 -0.0585878231 0.0796518922 -0.0493294112 0.0318179801 0.0796518922 -0.00193740532 0.0657594651 0.0798575878 -0.0153629463 0.062988475 0.0795850754 0.0143878693 0.0637540072 0.0797917023 0.0484629385 0.0455862321 0.0799752846 -0.0294138696 0.0594245791 0.0795796588 0.039667964 0.052493766 0.079625383 0.0578866042 0.0317919031 0.0796682686 0.0558777936 0.0354998931 0.0798040405 0.0415439531 -0.0541700721 0.0801903456 0.0256448407 0.0612956956 0.0798791721 0.0594406202 -0.0326945484 0.0798229799 0.0672019646 -0.00578686828 0.0796333775 0.0502176993 -0.0439974517 0.0797439367 0.0666071251 -0.0250222683 0.0792008564 0.0645341575 -0.0179219265 0.0798090771 0.0630703866 -0.0218832288 0.0798097774 0.0632756948 0.021678526 0.0799235925 0.0361809321 0.055154752 0.0800323263 0.0104959477 0.0651165321 0.0798275918 -0.0112854205 0.0640953258 -0.000324450026 -0.0464475863 0.0642103031 0.0412820242 -0.0605974309 0.051615525 0.0423603356 -0.0619108081 0.0493264459 0.0495628491 -0.0543644205 0.0511803068 0.0751804262 -0.0514885634 0.0446946323 0.081053026 -0.0459111258 0.0567647107 0.0778040662 -0.0553757623 0.0549839623 0.0591533408 0.0453216359 0.0618003942 0.0119417431 -0.0416634567 0.0614001863 0.0760572702 -0.0457429476 0.0617991537 0.0652934387 -0.037503615 0.067164138 0.0650717542 -0.0510610938 0.059286613 0.0572514422 -0.0317997336 0.0644992068 0.078562066 -0.0589168482 0.00643041171 0.0796518922 0.0588897318 0.0480927005 0.0713197812 0.0627458021 0.0384283178 0.0778160989 -0.075250566 0.0252250638 0.0496398322 -0.0721037462 0.025267439 0.070579119 -0.0653371885 0.0329149626 0.078255184 -0.0713984817 0.0321206562 0.0598214939 -0.0576759875 0.046832107 0.0758090541 -0.0759337544 0.00996020809 0.0709820092 -0.07110551 0.00918432511 0.0793242082 -0.072096549 0.019638015 0.0756610259 -0.0751315579 -0.0062524192 0.0752630606 -0.0683964118 -0.00834095757 0.0810610875 -0.0736605451 0.00382568524 0.0777628273 -0.0580284111 -0.0478406735 0.00218266319 -0.0787065029 -0.000352189119 0.0590674765 -0.0763186589 -0.0255178753 0.0419025347 -0.0664136633 -0.0365360603 0.0752425939 -0.0594077259 -0.0358606242 0.0810255408 -0.0691738054 -0.0267411359 0.0777494535 -0.0721239969 -0.0212225448 0.0765625164 -0.0737427995 -0.0244011916 0.0666007176 -0.0721826255 -0.0322791561 0.0592982247 -0.0740656182 -0.0115723656 0.0760430023 0.0322526954 -0.07010822 0.0072039091 0.0404636785 -0.0651404038 0.00555110117 -0.0481565669 -0.064475365 0.0497079119 -0.0597716458 -0.054411903 0.041901093 -0.0457527749 -0.0598788187 0.076917395 -0.053115543 -0.0526621304 0.0778401867 -0.058697246 -0.0506933257 0.069620043 -0.0532164983 -0.0589356758 0.0592962913 -0.0550007671 -0.0470992066 0.0793734044 -0.0636308119 -0.0411127023 0.0753330365 -0.018541215 -0.0784763694 0.0497773364 -0.0269974973 -0.0762357339 0.0465500616 -0.0178596713 -0.0733601898 0.0769597068 -0.0269824471 -0.0691442639 0.0784183815 -0.014127003 -0.0749881864 0.00408138614 -0.00386320287 -0.0749427825 0.00139696442 -0.0333930664 -0.0702760145 0.0696314648 -0.0250520706 -0.0755707622 0.0592944771 -0.031409923 -0.0654459298 0.0794388577 -0.0417133458 -0.0630365759 0.0763585791 0.0149457753 -0.0792603418 0.0497055277 0.0132850343 -0.0751463026 0.0752271265 0.0147993304 -0.0683220625 0.0810007602 0.00314066955 -0.0747332349 0.0777621716 -0.00319943088 -0.077092126 0.0732391775 0.0452793688 -0.0665732175 0.0495354347 -0.0569264367 0.0556471311 0.0391784012 0.0486201495 -0.0645825565 0.04219836 0.0454096645 -0.0642411113 0.0644744635 0.0334249325 -0.0678534284 0.0769929215 -0.0308695063 0.0724730864 0.0496034026 -0.000833934057 -0.0811534077 0.0370740406 -0.0328793265 0.0682244152 0.00790772028 -0.0406847373 0.0630963147 0.00578533392 0.0681475848 -0.0423047468 0.049610626 0.0636815801 -0.0405266285 0.0763049498 0.0568070523 -0.0477951728 0.0782647207 0.0658021197 -0.0442215391 0.059114553 -0.0388976708 -0.0465408079 0.00271453289 0.0539133884 -0.0542218387 0.0748524964 0.063290596 -0.0479988195 0.0589872971 0.049923569 -0.0468255617 0.0814792067 0.0463438034 -0.0597440936 0.0759711713 0.0790600479 -0.0108953686 0.0497172289 0.0746226683 -0.0112858722 0.075232856 0.0686257854 -0.00763574941 0.0809990317 0.0711639225 -0.0207796767 0.0776882842 -0.0389651209 0.0539048985 -0.00235820957 0.07174474 -0.02709659 0.0717925206 0.0767651573 -0.0188343562 0.0592730306 0.0658225492 -0.0359910987 0.0766095966 0.0737887025 -0.0284334607 0.0592772476 0.0762435049 0.022143079 0.0497226492 0.0716591105 0.01975598 0.0768378302 0.0725302473 0.00971083995 0.0783759877 -0.0721053109 0.0207694694 0.00404745061 -0.0748688132 0.0116305901 0.00581892859 0.0760334134 0.00369759859 0.0732378885 0.074846141 -0.00612656539 0.0759526715 0.0694735795 0.0389959738 0.0418743901 0.0605144165 0.0508151725 0.0498422384 0.0549715646 0.046241127 0.0787930712 0.0677076206 0.0351885296 0.0701883212 0.0641437843 0.0445539393 0.0592566356 0.0633681193 0.0325893797 0.0794251114 0.0702811852 0.0245209653 0.0763465464 0.0338399 0.07113415 0.049781397 0.0338710286 0.0677582771 0.0714107081 0.0404363722 0.0601583011 0.0784232318 0.0473526716 0.0586651228 0.0732631236 0.0538778752 0.0512092412 0.0759534314 0.00249065086 0.0737160817 0.0765135065 0.0126582673 0.0718714893 0.0780467391 0.019153906 0.0728368536 0.0729651973 0.00888864882 0.0772110373 0.0590567067 0.0171302427 0.0679864064 0.0798263997 0.0703758076 0.0234969482 0.00229310174 0.0660396591 0.032651227 0.00149991189 -0.0285086203 0.0689711794 0.0746986866 -0.0286358725 0.0618207566 0.0812366754 -0.0179136638 0.0636324957 0.0817433968 -0.0189559627 0.0712740794 0.076252833 -0.0278069954 0.072696209 0.0588966869 -0.0129411137 0.0732263178 0.0753248781 -0.0236507989 0.0740836188 0.0589822009 -0.0135324681 0.06529212 0.0814971104 -0.00266813999 0.0730429962 0.0773907453 -0.0125157516 0.0766372234 0.059781611 -0.03679334 0.056645602 -0.00212990819 -0.027656652 0.0738223121 0.0294983685 -0.0302239936 0.0733436644 0.0367524773 -0.0405556746 0.06677524 0.0218693502 -0.0444101617 0.062778987 0.0141785601 -0.0434836447 -0.0641187355 0.00790683739 -0.0351658948 -0.0682855546 0.00580952968 -0.058139991 0.0488445684 0.00796326529 -0.0535859726 0.0567208678 0.0203633979 -0.0531202145 0.0461885184 -0.000745647762 -0.0605332106 0.0495230146 0.0206357408 -0.0595723949 0.0519038141 0.0294929035 -0.070707038 0.0358748622 0.0306051355 -0.0649297163 0.0211335011 -0.00187289435 -0.0675354525 0.0102728866 -0.0021157302 -0.0757745132 0.0205586087 0.0203945208 -0.0759218931 0.023145467 0.0294404384 -0.0796297342 0.00822649244 0.037072245 -0.0738490075 -0.0104442928 0.00216478622 -0.0715243444 -0.0202986747 0.00139726524 0.0680567846 -0.00922923815 -0.00195045955 0.0683824047 0.002019668 -0.00208035088 -0.0791809708 -0.00978034362 0.0294307247 -0.0747797638 -0.0287046172 0.0306996461 -0.0620355234 -0.0373769701 -2.64745522e-05 -0.0686964616 -0.0413479097 0.029523395 -0.0568988547 -0.0568642579 0.0305837747 -0.0417690948 -0.0595083423 -4.60211741e-05 -0.0314485878 -0.0614649169 -0.00239442778 -0.043433059 -0.0666499585 0.0200446714 0.0584808663 0.0456552692 0.00332715409 0.0662259459 0.0386960581 0.00999840628 0.0614668652 0.0354986675 -0.000255568186 -0.0463497117 -0.0657959059 0.0295087621 -0.0292427987 -0.0751814842 0.0305776745 -0.0332357995 -0.0739524439 0.0370421261 -0.0153710488 -0.0677465498 -0.00195118366 -0.0160643104 -0.0790280104 0.0294563603 0.0170477591 -0.0738288462 0.00269577932 0.012531057 -0.0676119924 -0.00207886985 0.0232525375 -0.0638919398 -0.00235320465 0.0261359941 -0.0702425316 0.00225620135 0.0759512186 -0.0266328473 0.0370985419 0.0170443375 -0.0788190961 0.0294462815 0.0450984798 -0.0607302338 0.00289988983 0.0451634862 -0.0644158497 0.0148060909 0.0412305184 -0.0684979558 0.0229002573 0.0378710367 -0.0566428714 -0.00210129377 0.047304906 -0.0496408381 -0.00206028228 0.0526059754 -0.0583641827 0.0146024227 0.0444584377 -0.0675871074 0.0368562527 0.042139262 -0.0687101334 0.0291315429 0.0614672489 -0.051785402 0.0306274649 0.0692251921 -0.0404256023 0.029431425 0.028813323 0.0677143633 0.00230004569 0.0773336068 -0.0168084428 0.0212731082 0.0757178888 0.00226036645 0.0053862771 0.0792955309 -0.0087174857 0.0295138005 0.07886751 0.0107769389 0.0305757914 -0.0538896583 -0.0517817661 0.00148931576 0.0755854249 0.0241861176 0.029501617 0.0672613755 0.0418357179 0.0305725522 0.0556501336 0.0516937822 0.00790540967 0.0532556064 0.0480722524 0.00045293718 0.0461240187 0.0559597388 0.000863096444 0.0589186437 0.0526308678 0.0294604357 0.0479538217 0.0632379428 0.037040554 0.018327985 0.0648962259 -0.00213311426 0.0345810913 0.065606311 0.00368289277 0.014523603 0.0743325502 0.00807590969 0.0138814226 0.0697543025 0.000148638748 -0.00154556334 0.0758401379 0.00912353117 -0.00130186148 0.0718743354 0.00068621937 -0.00974773895 0.0657678619 -0.00247548334 -0.0110418936 0.0741477758 0.00581487315 -0.0249933954 0.0745646805 0.0274930783 0.00411482388 0.0659157783 -0.00240129209 0.00462494791 0.0739590228 0.00380297354 -0.0690801889 0.025719367 0.0018989034 -0.0664781481 0.0391556174 0.0141525585 -0.0673908815 0.00672152638 -0.00211956934 -0.0739818364 -0.00467776554 0.00190805155 -0.0747808143 0.00526848622 0.00357288145 -0.0770459399 0.00845096726 0.013925097 -0.0648729354 -0.021391537 -0.00206875382 -0.066041708 -0.0344177708 0.00172391208 0.0304241423 -0.0663899407 5.26812182e-05 -0.0739298016 -0.0277555026 0.0194059089 -0.077163361 -0.0169602577 0.0200756881 -0.0707689077 -0.0256316327 0.00319572003 -0.0737774521 -0.0242101047 0.0125910603 -0.042625986 -0.0530363768 -0.00233480078 -0.058730308 -0.0518113635 0.0141530484 -0.0282687899 -0.0629103929 -0.00204444886 -0.0193444043 -0.0725405589 0.00184985588 -0.0289872903 -0.0699197128 0.00301663601 -0.0328033529 -0.0713473409 0.0139284898 -0.00795656163 -0.0794161484 0.0199622251 0.00174620154 -0.0766942203 0.00502369041 0.00072297937 -0.0721676573 -0.000443384139 0.0369497165 -0.0586794056 -0.00246612495 0.0245670583 -0.0759017095 0.0200172961 0.0737058073 -0.0247570947 0.0119478507 0.0678662211 -0.022161562 -0.000659877609 0.0740285069 -0.0133097833 0.00368566904 0.0619676262 -0.0414534844 0.0018001307 0.0525585897 -0.0597224385 0.0202197731 0.0567857884 -0.0500412472 0.00353815802 0.0663790926 -0.01194188 -0.00233345432 0.0677324906 0.00548458844 -0.00205213763 0.0715305135 0.0179834068 0.00171441084 0.0787506849 -0.00133887795 0.0198122486 0.0743432492 0.00840417109 0.00319875195 0.0769918412 0.00636698585 0.0125887496 0.0720277652 0.0306064393 0.0202009585 0.0404367186 0.0534927137 -0.00211126707 -0.0230331738 0.0613586865 -0.0022311029 -0.0260679889 0.0675925314 0.00105896743 -0.00795679167 0.0772675425 0.0202833191 -0.0171560422 0.0709379092 0.00125833962 -0.0147247147 0.0752596632 0.0141448965 -0.01216204 0.0596839041 0.000545914983 -0.0575830825 -0.0161448587 0.00250708265 0.0465000011 -0.000995661132 0.0189999994 0.0463536754 0.00463272119 0.0590000004 0.0433897302 0.0165470447 0.0189999994 -0.0465000011 -0.000995661132 0.0189999994 -0.0457845815 -0.0122805778 0.0590000004 -0.0433897302 -0.018538367 0.0189999994 0.0317889005 -0.0353450403 0.0189999994 0.0438806564 -0.0176374018 0.0590000004 0.0436597764 -0.0175536312 0.0189999994 -0.0226448793 0.0399631448 0.0189999994 -0.0302671604 0.0347018652 0.0590000004 -0.041753538 0.0209182482 0.0189999994 0.00128976034 0.0583733357 0.0189999994 0.0209216904 0.0541702993 0.0590000004 0.0209216904 0.0541702993 0.0189999994 -0.0590915978 -0.00687144091 0.0189999994 -0.0590915978 0.00488011958 0.0590000004 -0.0550536178 0.0212628469 0.0189999994 0.0522419102 0.0264230091 0.0189999994 0.0550536178 0.0212628469 0.0590000004 0.0590915978 0.00488011958 0.0189999994 -0.0209216904 -0.0561616197 0.0189999994 -0.0384035222 -0.0462892689 0.0590000004 -0.040334329 -0.0445787273 0.0189999994 -0.0302671678 -0.0366931744 0.0189999994 -0.0164891295 -0.04447392 0.0590000004 -0.0164891295 -0.04447392 0.0189999994 -0.0403342955 0.042587433 0.0590000004 -0.0384034961 0.0442979671 0.0189999994 0.0302671548 0.0347018689 0.0189999994 0.0226448793 0.0399631448 0.0590000004 0.00425554672 0.0461601317 0.0189999994 -0.0209216904 0.0541702993 0.0590000004 -0.0209216904 0.0541702993 0.0189999994 0.0164891295 -0.04447392 0.0189999994 0.0302671734 -0.0366931744 0.0590000004 0.00101650623 -0.0477864817 0.0189999994 0.0164891295 -0.04447392 0.0590000004 -0.0438806564 0.0156460814 0.0590000004 0.0384034961 0.0442979671 0.0590000004 0.0403342955 0.042587433 0.0189999994 -0.00101650623 -0.0477864817 0.0590000004 0.0384035222 -0.0462892689 0.0189999994 0.0550536215 -0.0232541636 0.0189999994 0.040334329 -0.0445787273 0.0590000004 -0.0522419102 -0.0284143295 0.0189999994 -0.0550536215 -0.0232541636 0.0590000004 0.0209216904 -0.0561616197 0.0189999994 0.0154602304 -0.0583308414 0.0590000004 -0.0012897586 -0.0603646562 0.0189999994 -0.0129556684 -0.0589481592 0.0590000004 -0.00425554672 0.0461601317 0.0590000004 0.0390855558 0.0247479584 0.0590000004 -0.0317888968 -0.0353450403 0.0590000004 -0.00128976034 0.0583733357 0.0590000004 0.0590915978 -0.00687144091 0.0590000004 -0.0522419102 0.0264230091 0.0590000004 0.0522419102 -0.0284143295 0.0590000004 0.0120000001 -0.00100000005 -0.0469949804 0.0118973386 -0.0025663143 -0.0469949804 0.0115911104 -0.0041058287 -0.0469949804 0.0110865543 -0.00559220137 -0.0469949804 0.0103923045 -0.00700000022 -0.0469949804 0.00952024013 -0.00830513705 -0.0469949804 0.00848528091 -0.00948528107 -0.0469949804 0.00730513735 -0.0105202403 -0.0469949804 0.00600000005 -0.0113923047 -0.0469949804 0.00459220121 -0.0120865544 -0.0469949804 0.00310582854 -0.0125911096 -0.0469949804 0.00156631425 -0.0128973387 -0.0469949804 -2.20436416e-18 -0.0130000003 -0.0469949804 -0.00156631425 -0.0128973387 -0.0469949804 -0.00310582854 -0.0125911096 -0.0469949804 -0.00459220121 -0.0120865544 -0.0469949804 -0.00600000005 -0.0113923047 -0.0469949804 -0.00730513735 -0.0105202403 -0.0469949804 -0.00848528091 -0.00948528107 -0.0469949804 -0.00952024013 -0.00830513705 -0.0469949804 -0.0103923045 -0.00700000022 -0.0469949804 -0.0110865543 -0.00559220137 -0.0469949804 -0.0115911104 -0.0041058287 -0.0469949804 -0.0118973386 -0.0025663143 -0.0469949804 -0.0120000001 -0.00100000005 -0.0469949804 -0.0118973386 0.000566314324 -0.0469949804 -0.0115911104 0.00210582861 -0.0469949804 -0.0110865543 0.00359220128 -0.0469949804 -0.0103923045 0.00499999989 -0.0469949804 -0.00952024013 0.00630513718 -0.0469949804 -0.00848528091 0.00748528121 -0.0469949804 -0.00730513735 0.00852023996 -0.0469949804 -0.00600000005 0.00939230528 -0.0469949804 -0.00459220121 0.0100865541 -0.0469949804 -0.00310582854 0.0105911102 -0.0469949804 -0.00156631425 0.0108973384 -0.0469949804 7.34788054e-19 0.0109999999 -0.0469949804 0.00156631425 0.0108973384 -0.0469949804 0.00310582854 0.0105911102 -0.0469949804 0.00459220121 0.0100865541 -0.0469949804 0.00600000005 0.00939230528 -0.0469949804 0.00730513735 0.00852023996 -0.0469949804 0.00848528091 0.00748528121 -0.0469949804 0.00952024013 0.00630513718 -0.0469949804 0.0103923045 0.00499999989 -0.0469949804 0.0110865543 0.00359220128 -0.0469949804 0.0115911104 0.00210582861 -0.0469949804 0.0118973386 0.000566314324 -0.0469949804 0.0118973386 0.000566314324 0.0250000004 0.0120000001 -0.00100000005 0.0250000004 0.0115911104 0.00210582861 0.0250000004 0.0110865543 0.00359220128 0.0250000004 0.0103923045 0.00499999989 0.0250000004 0.00952024013 0.00630513718 0.0250000004 0.00848528091 0.00748528121 0.0250000004 0.00730513735 0.00852023996 0.0250000004 0.00600000005 0.00939230528 0.0250000004 0.00459220121 0.0100865541 0.0250000004 0.00310582854 0.0105911102 0.0250000004 0.00156631425 0.0108973384 0.0250000004 7.34788054e-19 0.0109999999 0.0250000004 -0.00156631425 0.0108973384 0.0250000004 -0.00310582854 0.0105911102 0.0250000004 -0.00459220121 0.0100865541 0.0250000004 -0.00600000005 0.00939230528 0.0250000004 -0.00730513735 0.00852023996 0.0250000004 -0.00848528091 0.00748528121 0.0250000004 -0.00952024013 0.00630513718 0.0250000004 -0.0103923045 0.00499999989 0.0250000004 -0.0110865543 0.00359220128 0.0250000004 -0.0115911104 0.00210582861 0.0250000004 -0.0118973386 0.000566314324 0.0250000004 -0.0120000001 -0.00100000005 0.0250000004 -0.0118973386 -0.0025663143 0.0250000004 -0.0115911104 -0.0041058287 0.0250000004 -0.0110865543 -0.00559220137 0.0250000004 -0.0103923045 -0.00700000022 0.0250000004 -0.00952024013 -0.00830513705 0.0250000004 -0.00848528091 -0.00948528107 0.0250000004 -0.00730513735 -0.0105202403 0.0250000004 -0.00600000005 -0.0113923047 0.0250000004 -0.00459220121 -0.0120865544 0.0250000004 -0.00310582854 -0.0125911096 0.0250000004 -0.00156631425 -0.0128973387 0.0250000004 -2.20436416e-18 -0.0130000003 0.0250000004 0.00156631425 -0.0128973387 0.0250000004 0.00310582854 -0.0125911096 0.0250000004 0.00459220121 -0.0120865544 0.0250000004 0.00600000005 -0.0113923047 0.0250000004 0.00730513735 -0.0105202403 0.0250000004 0.00848528091 -0.00948528107 0.0250000004 0.00952024013 -0.00830513705 0.0250000004 0.0103923045 -0.00700000022 0.0250000004 0.0110865543 -0.00559220137 0.0250000004 0.0115911104 -0.0041058287 0.0250000004 0.0118973386 -0.0025663143 0.0250000004 0.0535380207 0.00604841439 0.0270000007 0.0540000014 -0.00100000005 0.0270000007 0.0521599948 0.0129762283 0.0270000007 0.0498894937 0.019664906 0.0270000007 0.0467653722 0.0260000005 0.0270000007 0.0428410806 0.0318731181 0.0270000007 0.0381837673 0.0371837653 0.0270000007 0.0328731164 0.0418410785 0.0270000007 0.0270000007 0.0457653701 0.0270000007 0.0206649061 0.0488894954 0.0270000007 0.0139762284 0.0511599928 0.0270000007 0.00704841455 0.0525380224 0.0270000007 3.30654634e-18 0.0529999994 0.0270000007 -0.00704841455 0.0525380224 0.0270000007 -0.0139762284 0.0511599928 0.0270000007 -0.0206649061 0.0488894954 0.0270000007 -0.0270000007 0.0457653701 0.0270000007 -0.0328731164 0.0418410785 0.0270000007 -0.0381837673 0.0371837653 0.0270000007 -0.0428410806 0.0318731181 0.0270000007 -0.0467653722 0.0260000005 0.0270000007 -0.0498894937 0.019664906 0.0270000007 -0.0521599948 0.0129762283 0.0270000007 -0.0535380207 0.00604841439 0.0270000007 -0.0540000014 -0.00100000005 0.0270000007 -0.0535380207 -0.00804841425 0.0270000007 -0.0521599948 -0.0149762286 0.0270000007 -0.0498894937 -0.0216649044 0.0270000007 -0.0467653722 -0.0280000009 0.0270000007 -0.0428410806 -0.0338731185 0.0270000007 -0.0381837673 -0.0391837656 0.0270000007 -0.0328731164 -0.0438410789 0.0270000007 -0.0270000007 -0.0477653705 0.0270000007 -0.0206649061 -0.0508894958 0.0270000007 -0.0139762284 -0.0531599931 0.0270000007 -0.00704841455 -0.0545380227 0.0270000007 -9.91963924e-18 -0.0549999997 0.0270000007 0.00704841455 -0.0545380227 0.0270000007 0.0139762284 -0.0531599931 0.0270000007 0.0206649061 -0.0508894958 0.0270000007 0.0270000007 -0.0477653705 0.0270000007 0.0328731164 -0.0438410789 0.0270000007 0.0381837673 -0.0391837656 0.0270000007 0.0428410806 -0.0338731185 0.0270000007 0.0467653722 -0.0280000009 0.0270000007 0.0498894937 -0.0216649044 0.0270000007 0.0521599948 -0.0149762286 0.0270000007 0.0535380207 -0.00804841425 0.0270000007 0.0535380207 0.00604841439 0.050999999 0.0540000014 -0.00100000005 0.050999999 0.0521599948 0.0129762283 0.050999999 0.0498894937 0.019664906 0.050999999 0.0467653722 0.0260000005 0.050999999 0.0428410806 0.0318731181 0.050999999 0.0381837673 0.0371837653 0.050999999 0.0328731164 0.0418410785 0.050999999 0.0270000007 0.0457653701 0.050999999 0.0206649061 0.0488894954 0.050999999 0.0139762284 0.0511599928 0.050999999 0.00704841455 0.0525380224 0.050999999 3.30654634e-18 0.0529999994 0.050999999 -0.00704841455 0.0525380224 0.050999999 -0.0139762284 0.0511599928 0.050999999 -0.0206649061 0.0488894954 0.050999999 -0.0270000007 0.0457653701 0.050999999 -0.0328731164 0.0418410785 0.050999999 -0.0381837673 0.0371837653 0.050999999 -0.0428410806 0.0318731181 0.050999999 -0.0467653722 0.0260000005 0.050999999 -0.0498894937 0.019664906 0.050999999 -0.0521599948 0.0129762283 0.050999999 -0.0535380207 0.00604841439 0.050999999 -0.0540000014 -0.00100000005 0.050999999 -0.0535380207 -0.00804841425 0.050999999 -0.0521599948 -0.0149762286 0.050999999 -0.0498894937 -0.0216649044 0.050999999 -0.0467653722 -0.0280000009 0.050999999 -0.0428410806 -0.0338731185 0.050999999 -0.0381837673 -0.0391837656 0.050999999 -0.0328731164 -0.0438410789 0.050999999 -0.0270000007 -0.0477653705 0.050999999 -0.0206649061 -0.0508894958 0.050999999 -0.0139762284 -0.0531599931 0.050999999 -0.00704841455 -0.0545380227 0.050999999 -9.91963924e-18 -0.0549999997 0.050999999 0.00704841455 -0.0545380227 0.050999999 0.0139762284 -0.0531599931 0.050999999 0.0206649061 -0.0508894958 0.050999999 0.0270000007 -0.0477653705 0.050999999 0.0328731164 -0.0438410789 0.050999999 0.0381837673 -0.0391837656 0.050999999 0.0428410806 -0.0338731185 0.050999999 0.0467653722 -0.0280000009 0.050999999 0.0498894937 -0.0216649044 0.050999999 0.0521599948 -0.0149762286 0.050999999 0.0535380207 -0.00804841425 0.050999999 0.0118973386 0.000566314324 0.0529999994 0.0120000001 -0.00100000005 0.0529999994 0.0115911104 0.00210582861 0.0529999994 0.0110865543 0.00359220128 0.0529999994 0.0103923045 0.00499999989 0.0529999994 0.00952024013 0.00630513718 0.0529999994 0.00848528091 0.00748528121 0.0529999994 0.00730513735 0.00852023996 0.0529999994 0.00600000005 0.00939230528 0.0529999994 0.00459220121 0.0100865541 0.0529999994 0.00310582854 0.0105911102 0.0529999994 0.00156631425 0.0108973384 0.0529999994 7.34788054e-19 0.0109999999 0.0529999994 -0.00156631425 0.0108973384 0.0529999994 -0.00310582854 0.0105911102 0.0529999994 -0.00459220121 0.0100865541 0.0529999994 -0.00600000005 0.00939230528 0.0529999994 -0.00730513735 0.00852023996 0.0529999994 -0.00848528091 0.00748528121 0.0529999994 -0.00952024013 0.00630513718 0.0529999994 -0.0103923045 0.00499999989 0.0529999994 -0.0110865543 0.00359220128 0.0529999994 -0.0115911104 0.00210582861 0.0529999994 -0.0118973386 0.000566314324 0.0529999994 -0.0120000001 -0.00100000005 0.0529999994 -0.0118973386 -0.0025663143 0.0529999994 -0.0115911104 -0.0041058287 0.0529999994 -0.0110865543 -0.00559220137 0.0529999994 -0.0103923045 -0.00700000022 0.0529999994 -0.00952024013 -0.00830513705 0.0529999994 -0.00848528091 -0.00948528107 0.0529999994 -0.00730513735 -0.0105202403 0.0529999994 -0.00600000005 -0.0113923047 0.0529999994 -0.00459220121 -0.0120865544 0.0529999994 -0.00310582854 -0.0125911096 0.0529999994 -0.00156631425 -0.0128973387 0.0529999994 -2.20436416e-18 -0.0130000003 0.0529999994 0.00156631425 -0.0128973387 0.0529999994 0.00310582854 -0.0125911096 0.0529999994 0.00459220121 -0.0120865544 0.0529999994 0.00600000005 -0.0113923047 0.0529999994 0.00730513735 -0.0105202403 0.0529999994 0.00848528091 -0.00948528107 0.0529999994 0.00952024013 -0.00830513705 0.0529999994 0.0103923045 -0.00700000022 0.0529999994 0.0110865543 -0.00559220137 0.0529999994 0.0115911104 -0.0041058287 0.0529999994 0.0118973386 -0.0025663143 0.0529999994 0.0118973386 0.000566314324 0.0850050226 0.0120000001 -0.00100000005 0.0850050226 0.0115911104 0.00210582861 0.0850050226 0.0110865543 0.00359220128 0.0850050226 0.0103923045 0.00499999989 0.0850050226 0.00952024013 0.00630513718 0.0850050226 0.00848528091 0.00748528121 0.0850050226 0.00730513735 0.00852023996 0.0850050226 0.00600000005 0.00939230528 0.0850050226 0.00459220121 0.0100865541 0.0850050226 0.00310582854 0.0105911102 0.0850050226 0.00156631425 0.0108973384 0.0850050226 7.34788054e-19 0.0109999999 0.0850050226 -0.00156631425 0.0108973384 0.0850050226 -0.00310582854 0.0105911102 0.0850050226 -0.00459220121 0.0100865541 0.0850050226 -0.00600000005 0.00939230528 0.0850050226 -0.00730513735 0.00852023996 0.0850050226 -0.00848528091 0.00748528121 0.0850050226 -0.00952024013 0.00630513718 0.0850050226 -0.0103923045 0.00499999989 0.0850050226 -0.0110865543 0.00359220128 0.0850050226 -0.0115911104 0.00210582861 0.0850050226 -0.0118973386 0.000566314324 0.0850050226 -0.0120000001 -0.00100000005 0.0850050226 -0.0118973386 -0.0025663143 0.0850050226 -0.0115911104 -0.0041058287 0.0850050226 -0.0110865543 -0.00559220137 0.0850050226 -0.0103923045 -0.00700000022 0.0850050226 -0.00952024013 -0.00830513705 0.0850050226 -0.00848528091 -0.00948528107 0.0850050226 -0.00730513735 -0.0105202403 0.0850050226 -0.00600000005 -0.0113923047 0.0850050226 -0.00459220121 -0.0120865544 0.0850050226 -0.00310582854 -0.0125911096 0.0850050226 -0.00156631425 -0.0128973387 0.0850050226 -2.20436416e-18 -0.0130000003 0.0850050226 0.00156631425 -0.0128973387 0.0850050226 0.00310582854 -0.0125911096 0.0850050226 0.00459220121 -0.0120865544 0.0850050226 0.00600000005 -0.0113923047 0.0850050226 0.00730513735 -0.0105202403 0.0850050226 0.00848528091 -0.00948528107 0.0850050226 0.00952024013 -0.00830513705 0.0850050226 0.0103923045 -0.00700000022 0.0850050226 0.0110865543 -0.00559220137 0.0850050226 0.0115911104 -0.0041058287 0.0850050226 0.0118973386 -0.0025663143 0.0850050226</float_array>
          <technique_common>
            <accessor source="#positions_array" count="2372" stride="3">
              <param name="X" type="float" />
              <param name="Y" type="float" />
              <param name="Z" type="float" />
            </accessor>
          </technique_common>
        </source>
        <source id="normals">
          <float_array id="normals_array" count="15747">-0.768433452 -0.637624025 -0.054273814 -0.887657583 -0.4358823 0.148561925 -0.853389561 -0.515879691 0.0747959986 -0.884177446 0.449287444 -0.127949461 -0.881278276 0.446451813 -0.155014023 -0.885284901 0.45047456 -0.11551325 -0.87930125 0.444660038 -0.170606822 -0.353439867 0.932972908 0.0681302771 -0.359673768 0.931446314 0.0551603138 -0.228740662 0.972825527 0.035891071 -0.235547096 0.971426129 0.0291363001 0.870058239 0.492946506 -0.00156044017 0.878993452 0.476232767 0.0239307787 0.984056652 0.177442506 -0.0121094091 0.998938143 -0.0120009435 0.0444808081 0.830684781 -0.55570066 0.0340522826 0.559760094 -0.824183226 0.0859685093 0.337879032 -0.941164792 0.00682611158 -0.343775332 -0.938606381 0.0289228335 -0.470133066 -0.882347584 -0.0209216457 -0.758850455 -0.650891423 0.0220507961 -0.769862473 -0.638207972 -0.00155968301 -0.48821196 -0.151240319 0.859520495 -0.550911844 -0.00931032747 0.834511459 -0.66447413 0.0573676787 0.745105982 -0.951315522 0.0453175791 0.304868966 0.73653543 0.57949245 -0.348861158 0.691460431 0.382689416 -0.612724483 0.665857732 0.334170014 -0.667056203 0.577801526 0.798746288 0.167779088 0.569933951 0.802598357 0.176100001 0.489610553 0.833766341 0.255176604 0.824304044 0.566145241 -0.00155847485 -0.823908091 -0.56672138 -0.00155881245 -0.943617761 -0.0767640248 0.322013468 -0.443314672 -0.895710766 -0.0342691503 -0.378794223 -0.922070265 0.0793815479 -0.294785768 -0.93208766 0.210508719 0.981396854 -0.191219717 -0.0171826761 0.849895298 -0.317619532 -0.420470983 0.83025372 -0.371004194 -0.415974289 0.0193418972 -0.918453932 -0.395054698 -0.865421355 0.466707915 -0.182289526 -0.587830186 0.520201325 -0.619553328 -0.835892975 0.484414518 -0.258119196 0.180332139 -0.98103255 -0.0711014569 0.206048384 -0.978244781 -0.0241049919 0.227277264 -0.973705292 0.0155871008 -0.908395231 -0.416674048 0.0346535929 -0.988045216 -0.154003382 0.00704026781 -0.988426745 -0.151535138 -0.00704019656 -0.487214476 -0.530233264 -0.693883836 -0.560858965 -0.398926854 -0.725461662 -0.643304944 -0.296030462 -0.706062853 -0.482518554 -0.550281763 -0.68144393 0.726823211 0.0931844786 -0.680473864 0.673050582 -0.121241935 -0.729591191 0.750635624 0.0268688891 -0.660169899 0.71677357 0.153864324 -0.68011868 0.669669271 0.26578781 -0.693469465 0.685651302 0.252348363 -0.682790279 -0.345505208 -0.641593039 -0.684824347 -0.395855725 -0.607767045 -0.68841666 -0.289539218 -0.677077293 -0.676560044 0.573729277 0.380789787 -0.725144029 0.507554531 0.494260848 -0.705758214 -0.159340814 -0.678799689 -0.716827393 -0.224786818 -0.687981665 -0.690037668 -0.00198119483 -0.72022301 -0.693739772 -0.0016492937 -0.743212402 -0.669053435 0.156942144 -0.676448405 -0.719573975 0.254064977 -0.650193632 -0.71603024 0.33439967 -0.579355717 -0.743319452 0.372108549 -0.519527197 -0.769172728 0.413035572 -0.490633458 -0.767255127 0.574599445 -0.393792212 -0.717469931 0.610781729 -0.42345649 -0.669051826 0.577656806 -0.196981177 -0.792155981 0.740017533 -0.0444347598 -0.67111814 0.655695915 0.111600526 0.746731699 0.599199891 0.279692352 0.750154495 0.619919121 0.0455969125 0.783339739 0.623113215 0.193983361 0.757694066 0.525048554 0.389274657 0.756828368 -0.535667062 -0.33973062 0.773074269 -0.407574981 -0.520400703 0.750377059 -0.480127782 -0.459346116 0.747314215 -0.328879625 -0.573872209 0.750005901 -0.275053173 -0.553554058 0.786081195 -0.140414879 -0.612135589 0.778186202 -0.161803648 -0.632383168 0.757569194 0.0210133418 -0.581535041 0.813249886 0.114550419 -0.662273407 0.740453959 0.190365136 -0.58038038 0.791782618 0.214912936 -0.469727457 0.85625267 0.282023787 -0.761478126 0.583621085 0.359469354 -0.377805918 0.853255212 0.577314794 -0.345013648 0.740049422 0.584262311 -0.519937932 0.623138726 0.499014974 -0.402641356 0.767374814 0.643259764 -0.206369773 0.737311602 0.641856611 -0.086991936 0.761874259 0.643093526 -0.0992453545 0.759329319 0.998770475 0.0183634423 -0.0460476056 0.998670042 0.0162271541 -0.0489380248 0.998363435 0.0109024076 -0.0561384633 0.381076038 0.835891068 -0.395053387 0.999997973 -0.00197883998 0 0.992945433 0.118571654 0 0.992945492 0.118571669 0 0.707225919 0.420310229 0.568481028 0.729735434 0.157662377 -0.665303588 0.574377418 0.0725099221 -0.815372884 0.745799422 0.167347431 -0.64480865 0.984302282 0.0252757799 0.174671844 0.962608755 0.101156123 0.251300305 0.992484093 -0.114764489 0.0424783155 0.760207176 0.176229164 -0.62532258 0.94240129 -0.302476376 -0.142786086 0.916344345 -0.382174343 -0.119397685 0.815334439 -0.477863938 -0.326918781 0.811317146 -0.47706309 -0.337898374 0.668342948 -0.714676559 0.206288919 0.216709852 -0.132085666 -0.967259109 0.440809429 -0.641334236 -0.627994776 0.18465066 -0.694215238 0.695679069 0.041553814 -0.983712375 -0.174880892 0.163081765 -0.978726923 -0.124490865 -0.0423456281 -0.978849888 -0.200149775 -0.386041462 -0.904032052 0.183570236 -0.256134987 -0.965321958 0.050482288 -0.449607015 -0.853570282 0.263194412 -0.487232655 -0.778686702 -0.39528656 -0.85866648 -0.503473997 0.0959470421 -0.767219245 -0.622140884 0.155933604 -0.767000079 -0.621662199 0.158893317 -0.909781814 -0.410153449 0.0638061315 0.763933122 0.617711484 -0.186650857 0.733119845 0.401713133 -0.548782051 0.923652172 0.251852423 -0.288854718 0.787696242 0.352945477 -0.504939675 0.951497734 0.115828052 -0.285019338 0.953204513 0.077936314 -0.292108178 0.935688257 -0.0892005116 -0.341366082 0.949429274 -0.206405759 -0.236602411 0.798078716 -0.365507334 -0.479035228 0.866897345 -0.299536884 -0.398455173 0.751986682 -0.642057061 -0.149260923 0.812811017 -0.500998437 -0.297218502 0.557443917 -0.650765896 -0.515519142 0.527257085 -0.794596374 -0.301025689 0.399842381 -0.748122334 -0.529564977 0.386191189 -0.73850286 -0.552693248 0.341299266 -0.938030362 0.0601149537 0.0810688958 -0.859818935 -0.504122198 -0.0513141081 -0.896412671 -0.440239936 0.0220200848 -0.916441083 -0.399563342 0.0730444714 -0.833172679 -0.548167706 -0.169992954 -0.88029933 -0.4429169 -0.331097603 -0.925255358 -0.185140088 -0.363944173 -0.659596801 -0.657629609 -0.383783549 -0.673935294 -0.631285548 -0.558966339 -0.769418299 -0.309114993 -0.36692217 -0.922899365 -0.116725206 -0.57483393 -0.773527265 -0.266873509 -0.501080871 -0.411171556 -0.761482656 -0.555444837 -0.597630799 -0.578202784 -0.507121384 -0.438381761 -0.742057502 -0.761743546 -0.618031979 -0.194379091 -0.732704401 -0.400991976 -0.549863398 0.82856977 -0.416224539 -0.374472082 0.814025342 -0.369340777 -0.448274553 0.801715434 -0.261920363 -0.537261665 0.728472471 0.676877916 0.105661184 0.731434286 0.674211264 0.10219083 0.661576867 0.728484809 0.177837089 -0.100561664 -0.976052284 0.192897171 -0.261775553 -0.742694438 -0.616342962 -0.164347872 -0.927741587 -0.335090131 0.127725929 -0.990666687 0.0475984886 0.247303069 -0.964374304 -0.0939321667 0.285928875 -0.94778645 -0.14122881 0.566434085 -0.824107111 0 0.661639631 -0.749821961 0 -0.707268298 -0.706852794 0.0114349797 -0.685894728 -0.726098239 0.048266992 -0.631731629 -0.763935983 0.131594375 0.378164202 -0.88841325 0.26021868 0.525195301 -0.841894448 0.124030568 0.540852308 -0.834174097 0.107852697 -0.568723738 0.126743481 0.81270504 -0.49112159 0.18919833 0.850296199 -0.583300233 0.810704648 0.0501867943 -0.348326296 0.936028719 -0.0501893349 -0.201455608 0.979312837 0.0190239456 -0.967485607 0.249537423 0.0412623547 -0.868504524 0.495631188 0.00704032695 -0.867263973 0.49779889 -0.00704025384 -0.677937388 -0.733034611 0.0553278215 -0.686979592 -0.725640953 0.0387852602 -0.702465534 -0.711659253 0.00912671629 0.957439899 0.255213916 0.134813845 0.798079669 0.00990125351 -0.602470636 0.949131727 0.194837362 -0.24736084 0.758585513 -0.626873791 0.177699715 0.831707239 -0.549520731 0.0793097541 0.922031641 -0.375907868 -0.0924718454 0.831149638 0.539661646 -0.133998677 0.803925276 0.592939317 -0.0461212173 0.757764578 0.649469674 0.0631037652 0.739735126 -0.662172496 0.119664416 0.732136488 -0.672270536 0.109674424 0.827205062 -0.498526156 0.259236127 0.569692314 0.821858048 0 0.466474861 0.884534419 0 0.466474891 0.884534419 0 -0.0574356839 0.586385369 0.807993352 0.114027493 0.652506649 0.749154687 0.214554951 0.532421947 0.818836391 0.971083641 0.238714322 -0.00348861422 0.974464953 0.22399269 -0.015657967 0.927445531 0.360311329 0.100102365 -0.0515796952 0.927011907 -0.371467859 0.0829689801 0.793339074 -0.603099704 0.111537091 0.743515313 -0.659351587 -0.573003948 0.798514903 0.18450053 -0.296349227 0.726553261 -0.619917333 -0.498323202 0.80609566 -0.319192439 0.395257145 -0.604348063 -0.691762507 0.216466948 -0.60201335 -0.76858443 0.324560285 -0.606175125 -0.726093948 -0.213500068 0.911991477 0.350270241 -0.444997758 0.86850822 0.218335837 -0.375020117 0.889229894 0.261973411 0.908395231 0.416674048 0.0346542411 0.988045156 0.154003918 0.00704032695 0.988426685 0.15153563 -0.00704030367 -0.00766176824 -0.526142418 0.850361943 -0.215691611 -0.550475121 0.806507468 -0.426094025 -0.377037942 0.822366238 0.429289252 -0.867527187 0.251211762 0.614006698 -0.783942282 0.09181685 0.611188173 -0.785811901 0.0945968553 -0.992659867 0.113683872 -0.0412601531 0.253605038 -0.193337724 -0.94778955 0.026872132 -0.0105810761 -0.999582946 0.168188155 -0.05350044 -0.984301984 -0.13504377 0.96653378 0.218118176 0.493069887 0.818327069 0.295335352 -0.344184816 0.860988796 -0.37447986 -0.364387661 0.816251576 -0.448280126 -0.426406622 0.727685571 -0.537262619 -0.77785337 -0.62838918 0.00842784997 -0.775850892 -0.630809784 0.0115934862 -0.74840939 -0.661137521 0.0527294241 -0.0115328971 0.0270076636 -0.999568701 -0.125103936 0.292967439 -0.947902501 -0.0919837952 0.215406939 -0.972182512 0.332899332 0.929585874 0.158266023 0.449909896 0.665463924 -0.595599592 0.38285166 0.881004453 -0.277949482 -0.573917508 -0.259854436 0.776591539 0.751182139 -0.0232272185 -0.659686208 0.598919809 -0.800397277 0.0256754123 0.422277868 -0.88980031 -0.173022643 0.263219416 -0.945991933 0.189248309 -0.381076902 -0.835891604 -0.395051301 -0.5862692 -0.787099242 0.191737369 -0.835477114 -0.5455634 -0.0658673793 0.0156740695 0.943538725 0.330891192 -0.200041696 0.181658432 0.962799788 -0.253726035 0.504170954 0.825490654 -0.254779577 0.342586488 0.904279709 -0.95743984 -0.255214125 0.134813473 -0.798079729 -0.00990132615 -0.602470636 -0.949131906 -0.194837436 -0.247360051 0.427864552 -0.887222946 0.172532335 0.430030435 -0.885652542 0.175195634 0.485612303 -0.839019299 0.245412499 0.514912665 -0.28179121 0.809604049 0.333790004 -0.419891 0.843964398 0.442732513 -0.446248829 0.777720928 0.418614626 0.490129977 0.76454854 0.393756092 0.454914629 0.798754573 -0.937736571 0.168704748 0.30362612 -0.0521912426 0.998314261 0.025390204 0.284502476 -0.495846391 0.820484459 0.139175221 -0.584832609 0.799125195 0.835892558 -0.484414637 -0.258120418 0.596569359 -0.518792212 -0.612339497 0.547007859 -0.517480373 -0.658024609 0.451675266 0.606924236 -0.653936088 0.956622243 0.281123608 -0.0764422864 0.933230281 0.326907307 -0.149039745 0.97560811 0.218771517 0.0181065854 -0.628995538 0.471952081 0.617758691 -0.909698963 0.219197407 0.352704346 0.943331182 -0.3308267 0.0260784291 0.947852075 -0.316132098 0.0404589102 0.96908766 -0.1880036 0.159761384 -0.192615926 0.954254746 0.2286852 0.886374295 0.462969273 0 0.824106932 0.566434324 0 0.824106932 0.566434264 0 0.760084093 0.356209844 0.543494999 -0.709501505 0.704171658 -0.0273853689 -0.701066375 0.712134838 -0.0370123014 -0.754257858 0.656010747 0.0272949282 -0.393008977 -0.887010813 0.242395759 -0.116781853 0.195165455 -0.973792791 -0.199702859 0.253144711 -0.946592093 -0.325030714 0.229174688 -0.917515099 -0.8673715 -0.368881702 0.334055334 -0.539762795 -0.0797232985 0.838033617 0.00561110396 0.984902263 -0.173020452 0.173298225 0.96651566 0.189248979 0.33556211 -0.921988845 -0.193221718 0.094424814 -0.780805588 -0.617597401 0.30104211 -0.915077507 -0.268340826 0.868515253 -0.375884622 0.323097616 0.874842227 -0.326762795 0.357599199 0.870433092 -0.135702789 0.473213375 0.118571527 -0.992945552 0 0.237393126 -0.971413672 0 0.237393141 -0.971413732 0 0.592992187 -0.0120685417 0.805117726 0.0312693827 -0.000983062317 -0.999510467 0.0535646342 0.0138521818 -0.998468339 0.0319229588 0.00822803006 -0.999456465 0.586269021 0.7870996 0.191736206 0.835477054 0.545563579 -0.065867044 0.309385777 -0.89955169 0.308362037 0.0291258581 -0.0048188665 -0.999564111 0.281056464 -0.0462042168 -0.958578348 0.268932581 -0.044211112 -0.962143779 0.992659748 -0.113684237 -0.0412618928 0.967485607 -0.249537647 0.0412606671 0.0633494407 0.940038204 0.335134327 -0.356455505 -0.934312224 0 -0.241237 -0.970466197 0 -0.241237044 -0.970466316 0 -0.9894557 -0.0707949996 0.126354292 -0.993709743 -0.0547128469 0.0977112651 -0.997210264 -0.036431063 0.0651502311 -0.268461943 0.961241424 -0.0627947822 -0.349550605 0.936916709 0.00122999086 -0.257917553 0.960918188 -0.100572079 -0.253453225 0.695311308 -0.672535241 -0.273888439 -0.690429747 -0.669545949 -0.741979659 -0.544257581 0.391471416 -0.635495126 -0.587958694 0.500450373 -0.233875319 0.827312052 0.510741711 -0.68279314 -0.637443483 -0.357014507 -0.684279144 -0.37664026 -0.624423146 -0.736537039 -0.579492986 -0.348856598 0.811462641 -0.482565939 0.329633802 0.721404016 0.662736475 0.200889975 -0.911476493 -0.254743457 -0.322980642 -0.784978449 -0.350411355 -0.510901988 -0.950995922 -0.115968704 -0.28663227 -0.95315814 -0.0779308677 -0.292260587 -0.93568033 0.0891837627 -0.34139204 -0.94671768 0.207457349 -0.246347383 -0.778376698 0.342818588 -0.52593255 -0.788973808 0.309337735 -0.530877054 -0.759097576 0.638664305 -0.126011148 -0.812810719 0.500999033 -0.297218353 -0.519080758 0.604983747 -0.603779614 -0.522524476 0.628412724 -0.576251388 -0.514607131 0.778063059 -0.360274136 -0.726179898 0.686274767 -0.0411056057 -0.398171306 0.734883904 -0.549003899 -0.384860307 0.72585237 -0.57010597 -0.341299117 0.938030601 0.0601130947 -0.0783689395 0.851065576 -0.519177973 0.00642841868 0.88917762 -0.457517028 -0.0482534431 0.890630484 -0.452160388 0.160279542 0.972026229 -0.171683818 -0.0730489269 0.833223879 -0.548089206 0.271785349 0.865403771 -0.420961916 0.40810445 0.881077409 -0.239067599 0.505248487 0.778682888 -0.371990621 0.594943106 0.640106499 -0.486113667 0.568648815 0.79251945 -0.220344007 -0.858852029 -0.200743109 -0.471248835 -0.85205847 -0.197552055 -0.484736562 -0.869687498 0.0733231232 0.488126308 -0.867951393 0.390885472 -0.30638051 -0.861363888 0.237010375 -0.449308664 -0.805852056 0.466655523 -0.364465445 -0.8449018 0.175493732 -0.505314589 -0.765991092 0.618680298 0.174620315 -0.798826516 0.55986619 0.220059231 -0.708922625 0.697250068 0.106165446 -0.797041357 0.468668669 -0.380886883 -0.660339057 0.74897778 0.054631032 -0.261411607 0.945950449 0.191941723 -0.443980038 0.893329561 0.0695989132 -0.370106816 0.920359671 0.126329258 -0.42728439 0.621656954 -0.656483591 -0.184444025 0.974864841 -0.124975674 0.254825115 0.847924232 0.464853436 0.131626934 0.807077408 -0.575586975 0.487431943 0.779004753 -0.394413054 0.585832536 0.781042337 0.216270819 0.691193581 0.560542762 -0.45611757 0.525886297 0.259793758 0.809907854 -0.702524006 0.189365953 -0.686003327 -0.555564523 0.306563705 -0.772895038 -0.650448859 0.234697551 -0.72238034 0.898908496 -0.43721804 -0.0283550397 0.934245527 -0.355472147 -0.0287190601 0.943928957 -0.329897523 0.0128698153 -0.970466316 0.241236687 0 -0.992468357 0.122501172 0 -0.992468357 0.122501157 0 0.467707634 0.492506772 0.73395282 -0.613467693 0.0349056907 0.788947999 0.404776216 0.632671833 0.660214126 0.303974569 0.564639926 0.767320871 -0.7415362 -0.160831213 0.651350439 -0.63194555 -0.250995159 0.733243644 0.213071004 0.619543791 0.75549072 -0.0571291 0.441027761 0.895673335 0.0318040662 0.655307353 0.754692495 -0.203547701 0.640780926 0.74024868 -0.346025527 0.498274535 0.794977248 -0.397256345 0.462176859 0.792830348 -0.404504865 0.211047128 0.889851093 -0.548565745 0.378802955 0.745375037 -0.379009932 0.925292075 0.0136409253 -0.416571826 0.908125162 -0.0421497524 -0.434113771 0.898195684 -0.0692085475 0.173064247 0.92272383 0.344426483 0.986955047 -0.138458699 0.0821520165 0.993991375 0.0592997894 -0.0920032188 0.445682794 0.548090577 -0.707787812 0.290129036 0.561547279 -0.774912775 0.280037314 0.572293818 -0.770752072 0.191649854 0.669199049 -0.717943549 0.174892366 0.67564708 -0.716179967 0.0165778883 0.685995638 -0.727416754 -0.118494309 0.712258339 -0.69184339 -0.199980691 0.688165426 -0.697449684 -0.306357384 0.637388587 -0.707022607 -0.307252377 0.628047645 -0.714949071 -0.427359432 0.622213244 -0.655907512 -0.488060921 0.515504301 -0.704309404 -0.478112996 0.516260028 -0.71055162 -0.62293452 0.36642915 -0.691145599 -0.571639121 0.433842897 -0.696425974 -0.646143198 0.230368957 -0.727618754 -0.694074929 0.0794514418 -0.715505064 -0.694648743 0.0616249703 -0.716704547 -0.637618184 -0.0512089096 -0.768648624 -0.627745152 -0.0723444745 -0.775049865 -0.672288239 -0.220167637 -0.706791818 -0.69878608 0.714490771 -0.0346541367 -0.751182079 0.0232272167 -0.659686327 -0.0306735821 0.998710215 -0.0404575467 0.0305488445 0.998905838 0.035409864 0.0425685234 0.997826219 0.0503074974 0.103179567 -0.993973494 0.0370224006 -0.0693032369 -0.996807694 0.0396428965 -0.0688435361 -0.996427417 0.048918549 0.000306484493 0.00101284985 0.999999464 -0.00377606321 0.00384697272 0.999985456 -0.00796206389 0.00895525608 0.999928176 -0.104501933 0.993617475 0.0424683988 -0.0777561143 0.996971846 -0.00105472375 -0.0157915168 0.99479866 -0.100628637 -0.960780323 0.194700271 -0.197466195 -0.961392164 0.193116859 -0.196038127 -0.99508512 0.061873287 -0.0773125216 0.940446854 -0.339938253 -0.0012922677 0.939437926 -0.342685401 -0.00481103593 0.933745444 -0.35716489 -0.0235100761 -0.924823761 -0.298362345 0.235967845 -0.0164905488 -0.0227178447 -0.999605894 -0.210797653 -0.291822106 -0.93295455 -0.173936307 -0.240792364 -0.954863906 -0.996246397 0.039988406 0.0767722279 -0.991250277 -0.108602017 -0.0750228614 -0.978124201 -0.16222699 -0.130213201 0.867263854 -0.497798949 -0.00704030739 0.70521152 -0.707795322 -0.0412615687 0.868504465 -0.495631218 0.00704021659 -0.547007918 0.517479897 -0.658024907 0.678452492 -0.713616431 0.174509943 -0.0980419964 -0.814486742 0.571838319 0.00111635763 -0.00150461018 -0.999998212 0.00126510439 -0.00219512871 -0.999996841 0.00329855806 -0.00374456169 -0.999987483 -0.977591753 0.206716359 0.0397835486 -0.979825437 0.190318227 0.0610014871 -0.982101321 0.159178495 0.10069336 0.97368741 0.129281521 0.187667727 -0.527126551 -0.849105239 0.0340283327 -0.581190228 -0.69179529 -0.428529173 0.0652535558 -0.751846015 -0.656101704 -0.0164111461 0.0177921206 -0.999706984 -0.353935122 0.931957006 0.0786520913 -0.363209546 0.927606225 0.0873240381 -0.498031765 0.838992536 0.219216347 0.369537324 -0.92855674 -0.0349929854 0.350503325 -0.935203731 -0.0504121669 0.528563559 -0.842565417 0.103460506 0.689324558 0.718602538 -0.0918806568 0.698642492 0.708081603 -0.102562957 0.554326177 0.831121624 0.0442659147 -0.767207325 -0.63221246 0.108167991 -0.913890123 0.404276162 0.0369531289 -0.828175306 0.559064925 0.0396491811 -0.822928309 0.56776917 0.0206653699 -0.19463402 -0.978160501 0.0729350597 -0.184038252 -0.978454411 0.0935780108 -0.6913414 -0.708167315 -0.143339381 -0.722761512 0.690736234 -0.0223434418 -0.713385224 0.699211717 -0.0467403606 -0.004696541 0.99825865 0.058801733 0.0118862297 0.998687565 -0.049818065 0.00118752313 0.999793231 0.0202989932 0.0177670699 0.99592483 -0.0884203687 0.829895735 0.553747416 0.0680954456 0.831779003 0.554503977 0.0258649532 0.830487549 0.5525015 -0.0709405094 0.826277018 0.549049556 -0.125741541 0.973284721 -0.156322658 0.168166921 0.974283934 -0.196575209 0.110131346 0.670894265 0.739182115 0.0592515841 -0.0491220318 0.934617579 -0.352245569 -0.501364112 -0.85207653 -0.150331825 0.782926917 -0.609770238 0.123311006 0.937257171 0.303869694 -0.170915797 0.982164204 -0.18786867 0.00766793638 -0.502665579 0.341841638 -0.794022381 -0.78512311 -0.507180214 -0.355457455 0.159597576 -0.981237233 -0.108175851 0.352753013 -0.93571645 0 -0.00578924874 -0.000293294695 -0.999983191 -0.00323112612 0.000157253278 -0.999994755 -0.00535267405 -0.000774638902 -0.999985337 -0.00164675503 0.000729567895 -0.999998391 -0.000436571107 0.000230623482 -0.999999881 -4.7062058e-05 0.000216108834 -0.99999994 0.998960972 0.0235633105 -0.0390083045 0.802106082 0.597103 0.00968342461 -0.0987026542 -0.97307229 0.208297879 -0.527773559 -0.803091288 0.27658537 -0.733485758 -0.669674456 -0.116339087 6.96158168e-05 0.000122577476 1 3.90043933e-05 0.000145989543 1 7.92386927e-05 0.000138917181 1 4.13382404e-05 -4.84584746e-07 1 2.26636712e-06 0 1 -9.91040069e-05 -3.88491753e-05 1 0.000131452325 5.75108425e-05 1 0.747196913 -0.664602637 0 -0.912298918 0.293111324 -0.286000729 -0.149175629 -0.906466126 0.395051628 0.849675298 0.47689715 -0.224990681 0.864327967 0.328947037 -0.380435318 -0.845351875 0.399867147 -0.354240626 0.527773499 0.803091705 0.27658397 0.733485758 0.669674337 -0.116340615 -0.659734368 -0.746430516 0.0871317834 0.685932159 -0.724757075 -0.0649939328 0.955892682 0.255723953 0.144479483 0.226607263 -0.937818766 0.262954414 0.572608531 -0.817224085 -0.0653012469 0.00114748569 -0.00061230245 -0.999999166 0.000762072217 -0.000361537794 -0.999999702 -0.00083943858 0.000569143216 -0.999999523 0.000346704444 -0.000223262672 -1 0.00616879668 0.00116265251 -0.99998033 0.00201850035 -0.000130553992 -0.999997914 -0.000133082794 -0.000361382059 -0.99999994 0.34575358 -0.935328126 0.0749389976 0.380537659 -0.887177408 -0.26097399 0.749822199 0.661639392 0 -0.436693311 0.871132076 -0.224561185 -0.967451572 0.184960991 -0.172704831 -0.572521389 0.795385242 0.198951066 0.988271475 0.101340741 -0.114234164 0.623289645 -0.775703788 -0.0989631787 0.324822694 -0.893898189 -0.308927864 0.0538987592 0.150330886 0.987165451 0.0962716565 0.162933692 0.981928945 0.0507362708 0.0175382141 0.998558104 0.0341584422 -0.0137930848 0.999321222 -0.000314868666 -0.000201795279 0.99999994 -0.000932034629 -0.000235910629 0.999999583 0.00806709565 0.0217848215 0.99973017 -0.0262149405 -0.00382046821 0.999649048 -0.0155107174 -0.00227435911 0.999877155 -0.00079817191 0.00068333809 0.999999464 -0.00106274709 -0.000390115107 0.999999404 -8.47126103e-06 4.13805537e-05 1 -0.00803640578 0.00939794537 0.999923527 0.0915535837 -0.0475319289 0.994665086 0.0161997098 -0.0089605432 0.999828637 5.73799781e-08 0 1 -0.00268049585 -0.00112461508 0.999995708 0.279902428 -0.153773382 0.947633088 -0.00840480626 -0.00352641265 0.999958456 -0.0990397036 -0.0586856343 0.99335146 -0.0304229651 0.000344461616 0.999536991 -0.00349089946 -8.59927677e-05 0.999993861 0.000473842665 0.00075871509 0.999999642 -0.0265842993 -0.0185495093 0.999474406 0.000292363751 0.000215802822 0.99999994 0.00544507429 0.0109908981 0.999924779 0.00266738702 0.00535519654 0.999982059 -0.261633903 -0.184111789 0.94744426 0.000497093599 0.000789395999 0.999999583 0.00305907498 0.00425262051 0.999986291 0.00641314406 0.00891533587 0.99993968 -1.57469433e-08 0 0.99999994 -8.34097809e-05 0.000138274394 1 0 0 1 -0.0107997153 -0.0103857433 0.999887705 -0.0743864328 0.0276420414 0.996846318 0.0620327182 -0.110313363 0.991959095 0.0939217135 -0.198095188 0.975672543 -0.00384321087 0.00721047167 0.999966621 -0.179870322 -0.260594875 -0.948544621 -0.238234401 -0.1460298 -0.960166454 -0.327911049 -0.25769937 -0.908881366 -0.292924136 -0.0379671939 -0.955381572 -0.337641299 -0.106663927 -0.935211778 -0.0302564222 -0.0479491726 -0.99839139 -0.211390182 -0.420259506 -0.882437646 -0.277084708 -0.250214905 -0.927694201 0.00494331401 -0.0344020016 -0.999395847 0.00802231114 -0.444886386 -0.895551145 0.0329256281 0.0181018841 -0.999293864 0.0399139039 -0.0244343467 -0.998904347 0.203683898 -0.399653643 -0.893750429 -0.0247123968 -0.00358166103 -0.999688208 0.151658878 -0.062169265 -0.986475825 0.104430541 0.0928132236 -0.990191936 0.0498270914 -0.0217646696 -0.998520672 0.277758092 0.0909433216 -0.956336617 0.027158428 -0.0097775925 -0.999583304 0.0798049942 0.155177876 -0.984657824 0.0213994179 0.0196970087 -0.999576926 0.0702790096 0.263506711 -0.962094069 0.0113813449 0.0267190114 -0.999578178 0.293845266 0.232267246 -0.927203715 -0.088597551 0.235712826 -0.967775822 0.00370999426 0.449979275 -0.893031299 0.103486665 0.341158718 -0.93429184 0.00427966379 0.00165558187 -0.99998951 0.391951591 0.0207413193 -0.919752061 -0.750170469 -0.657253742 -0.0725386366 -0.136179075 0.962357461 0.235208884 -0.0219986793 0.00812145974 -0.999724984 -0.00249950611 0.00179758423 -0.999995291 -0.0284080375 0.00920777488 -0.999553978 -0.0243718605 0.037305288 -0.999006689 -0.012348799 0.0187867656 -0.999747276 -0.0332345031 0.0360311233 -0.998797894 -0.00196191249 0.0021814541 -0.999995649 0.000156771232 0.000641201041 -0.999999762 -0.000491667364 0.0225464571 -0.999745667 0.00187806028 0.00476656249 -0.999986947 -0.00214394554 0.13986896 -0.990167737 -0.144327223 0.060158994 -0.987699628 -0.00944813341 0.406363845 -0.913662434 -0.375823528 0.156652123 -0.913354754 -0.000106081119 -3.88153749e-05 -1 -0.122500688 -0.992468417 0 -0.802995682 -0.595033765 -0.0336566791 -0.562198162 0.545386136 0.621680975 0.764165878 0.528837204 -0.369298875 0.33118695 0.92812711 0.169985637 -2.0023451e-07 0 1 9.43080813e-05 -0.000863405119 0.999999583 -9.36021252e-08 0 1 -0.384118378 0.902159274 -0.196371615 -0.999997973 0.00197928725 0 0.394889295 -0.0720975772 -0.915895402 -0.955892801 -0.255724221 0.144479021 -0.841511965 -0.506878436 -0.186900899 -0.548983693 -0.805961549 -0.221456349 0.0548856258 0.203558832 0.977523029 -0.145709887 0.0150051573 0.989213586 0.140078142 0.0287672896 0.98972249 0.000754294277 -0.000410700333 0.999999642 -0.0775658563 -0.121273279 0.98958391 0.033626765 -0.0702455193 0.996962786 0.0217436478 -0.0454704762 0.99872905 0.0346009918 0.151688218 0.987822652 -0.153929248 0.0220508501 0.987835765 0.0133459857 -0.0147474818 0.999802172 0.0231308676 -0.0256164465 0.999404192 7.26372562e-08 0 1 0.480334342 0.856411755 -0.189308733 0.971413672 0.237393126 0 0.902800083 0.369681776 -0.21974422 0.883473992 -0.456741929 -0.104213916 0.778295934 -0.619435072 -0.102740735 -0.347070247 0.892754316 -0.28728354 -0.651407659 0.753343463 -0.090231888 -0.000250892626 6.95345225e-05 1 -0.000517328503 0.0156197706 0.99987787 -0.00187651673 0.00172625517 0.999996781 0.00652952073 0.0413884446 0.999121845 0.000584513589 -0.000111147616 0.999999821 0.000140537435 7.07702711e-05 1 0.00018580172 -5.77092032e-05 1 8.63890164e-05 -5.07547666e-05 1 -0.0898668617 -0.0102577051 -0.995900929 -0.348389715 -0.0416377485 -0.936424553 -0.296212107 0.148505643 -0.943506479 -0.366268039 0.151673153 -0.918064833 -0.0130248908 0.0259301122 -0.999578834 -0.100704625 0.344979465 -0.933192194 0.0948486701 0.0346085764 -0.994889915 0.151226506 -0.595735848 -0.7888152 -0.422751725 0.880847514 -0.213046044 0.202738345 0.943266749 0.262954354 -0.0218803938 -0.0240084678 -0.99947226 -0.0226418078 -0.0121906828 -0.999669373 -0.0234493017 -0.0183664747 -0.999556303 -0.0374108478 -0.00912925974 -0.999258339 -0.0114274779 -0.0288423952 -0.999518633 -0.0184677541 -0.030729739 -0.999357164 0.0104523692 -0.0250524227 -0.999631524 -2.7078213e-05 -0.0264922548 -0.999649048 -7.88570105e-06 -0.0284498166 -0.999595165 0.0208044834 -0.0178285651 -0.99962455 0.0183885507 -0.0281655639 -0.999434114 0.0302230921 -0.011882294 -0.999472558 0.0266769789 -0.0162781607 -0.9995116 0.0336477421 -0.00630666921 -0.999413848 0.0233822465 0.0111455135 -0.999664485 0.00870047417 0.0249367431 -0.999651134 0.0168232676 0.0190542396 -0.999676883 0.0177961923 0.0203814916 -0.999633908 0.000103021186 0.0312691666 -0.999511003 0.00547343353 0.0293092765 -0.999555409 -0.00913568493 0.0277739186 -0.999572456 -0.00540571054 0.0303139575 -0.999525845 -0.0217332393 0.0194706228 -0.999574244 -0.0225721877 0.0307616014 -0.99927181 -0.026953524 -0.000594136771 -0.999636471 -0.0240112022 0.00914068054 -0.99966985 -0.0254314356 0.00981457997 -0.999628425 -0.0405359901 0.0100144446 -0.999127865 -0.0331515893 -0.00687243557 -0.999426723 -0.0217933916 -0.0237247087 -0.999481022 -0.039516747 0.0206540693 -0.999005437 -0.00547389546 -0.0501155406 -0.998728454 -0.0255942661 0.0381602421 -0.998943806 0.00533630047 -0.0451150984 -0.998967528 -1.11890868e-05 0.0313162692 -0.999509573 0.024166869 -0.0350523889 -0.999093235 0.0256793611 0.0370421112 -0.998983741 0.0299527161 -0.0118964566 -0.999480486 0.0326819979 0.0292748585 -0.999036968 0.0594458282 -0.922643125 -0.381045729 -0.663672149 0.746115148 0.0534006022 -0.247897401 -0.956172287 -0.155825108 0.863427997 0.40950042 -0.294620901 0.965839028 0.169378757 -0.196126804 -0.00312148919 -0.00814876519 -0.999961972 5.40374856e-09 0 -1 -0.0216513146 -0.0112027442 -0.999702811 -0.00138158165 -0.00174670259 -0.999997497 -0.00726991799 -0.00876993965 -0.999935091 0.104776159 -0.192192167 -0.975747943 -0.0131946662 -0.0321881808 -0.999394774 0.0756308585 -0.118805751 -0.990032911 0.00811937824 -0.0130756954 -0.999881625 -0.0154006379 -0.0185782928 -0.999708772 -0.981189966 -0.0943972617 0.168390453 0.00208494975 0.000620487437 -0.999997675 0.00100532209 -0.00107277068 -0.999998927 0.0249414034 0.00808369089 -0.9996562 0.0116650015 0.00378071074 -0.999924779 0.00944784097 -0.0124980249 -0.999877274 0.0987805277 -0.0582406111 -0.993403494 0.279855818 -0.153646722 -0.94766742 0.0150827663 -0.00819626637 -0.999852717 -3.24926681e-08 0 -1 4.40677977e-05 0.000147882587 -1 0.0211779568 0.000356932433 -0.999775708 0.00159709912 0.00017616374 -0.999998689 0.0220427383 0.00194938795 -0.999755085 0.0786155611 0.167178795 -0.982787251 0.0569552109 0.0334949307 -0.997814655 0.0366047323 0.152708411 -0.987593174 0.0385469571 0.00328949816 -0.999251366 0.000913129479 0.00509949168 -0.999986589 0.00298806955 -0.00230293232 -0.999992907 0.000768970407 -0.000554612081 -0.999999583 0.0026431221 -0.00473713037 -0.999985278 0.000606939837 -0.00151565811 -0.999998689 0.000689268345 -0.00311212149 -0.999994934 0.000378015364 -0.00119527394 -0.999999166 0.00525747659 -0.00159921614 -0.99998492 0.00284854742 -5.70463599e-05 -0.999996006 0.00447401358 -0.00233955239 -0.999987185 0.00200336706 -6.85570558e-06 -0.999997973 0.00039853499 -0.00255783205 -0.999996722 0.000397586322 -0.00261128671 -0.999996483 -0.437022775 0.892780304 0.109335557 -0.961021304 -0.0985467955 -0.258314699 0.717730582 0.661597371 0.217144579 -0.00142027554 -0.00135877018 -0.999998033 -0.000412926282 0.000234272768 -0.999999881 -0.00151793938 -0.00145166612 -0.999997795 -0.000183426091 0.00058390107 -0.999999762 -0.00205494533 -0.000428628584 -0.999997735 0.00246778922 0.00143622141 -0.999995887 8.95948615e-05 0.00193090143 -0.999998093 -0.00096588803 0.000747686194 -0.999999285 0.00239641406 0.00392665528 -0.99998939 0.175656021 -0.967311919 -0.182900891 0.000502648472 -0.00188369874 -0.999998093 0.00105784379 0.00452199811 -0.999989212 0.000534094928 -0.00131481315 -0.999998987 0.00162765803 0.00143250357 -0.999997675 0.0031522694 0.00671041338 -0.999972582 0.00131614204 0.000318752951 -0.999999046 0.00321982801 0.00407319516 -0.999986529 0.0028852385 0.00243305834 -0.999992907 0.000214503772 0.00079134776 0.999999642 -6.08945156e-05 -1.5562704e-05 1 -6.26532201e-05 -9.40553728e-05 1 0.014038315 0.0440593623 0.998930216 0.00656444672 0.0205218159 0.9997679 -1.14886006e-07 3.55408538e-08 1 2.31142858e-05 -3.0801024e-05 1 -0.00212692725 0.00572202262 0.999981284 -0.39745611 0.3690359 -0.840143561 -0.401255041 0.177901208 -0.898524106 -0.0486167595 0.00597126782 -0.998799622 -0.410084575 -0.0602659658 -0.910054207 -0.499230683 -0.286289573 -0.817806244 -0.00750499172 -0.0197200738 -0.999777377 -0.000642408559 -0.00155196059 -0.999998569 0.000382198079 0.000167766004 -0.99999994 -0.0170863271 -0.0105603235 -0.999798238 0.000363808824 0.000262961374 -0.999999881 -0.0894926786 -0.0543452613 -0.994503677 -0.270394295 -0.164260879 -0.948633432 -0.980358362 0.167208388 -0.104588144 -0.46434474 0.877818346 -0.1175543 -0.826496601 0.4487032 -0.339954078 -0.612505972 -0.760189474 -0.216675639 -0.107198805 -0.948554873 -0.297912747 -0.925830781 -0.280740112 -0.253026515 0.632843137 0.753298104 0.179029092 -0.000101691134 1.04095534e-05 1 -8.63397872e-05 5.07549667e-05 1 0 -4.59568241e-08 1 0.00857161079 -0.000604370434 0.999963045 0.0139895445 2.09645241e-05 0.999902189 -7.06164792e-05 -4.95405438e-05 1 0.00162500644 0.00177775067 0.999997079 -4.01768302e-05 -0.000156366237 1 5.39622197e-05 0.000438318792 0.999999881 5.14564927e-05 -0.000205446238 0.999999881 0.0130608222 0.000503622461 0.999914587 -0.000311578042 -0.000562817382 0.999999821 0.00173238874 -4.62285498e-05 0.99999851 0.0318102315 9.36661891e-05 0.999493897 0.000174800647 -5.67093139e-06 1 3.69641384e-05 -6.47315683e-05 1 0.000576192921 0.000116026931 0.999999821 2.25713775e-05 5.90687196e-05 1 7.21438992e-05 4.95042405e-05 1 2.0694381e-07 0 1 4.45619335e-05 -5.24551651e-05 1 -1.31727693e-05 5.2096133e-05 1 0.000251101359 3.45055269e-05 1 -6.02648811e-07 5.14640233e-05 1 1.87742785e-07 1.50750168e-07 1 0.000173162771 -0.000195570843 1 0.000184694407 7.69740655e-05 1 0.0168367308 -0.000892179087 0.999857783 0.0385020189 -0.0020829367 0.999256313 0.0315810069 -0.0234276671 0.99922657 0.0145148188 -0.0107883159 0.999836504 -5.00359056e-05 0.00012513352 1 4.19655371e-05 7.07655781e-05 1 0.00785684306 -0.00562828686 0.99995333 0.071458146 -0.0692985728 0.995033383 0.000317448314 0.00175203488 0.99999851 -0.00936958008 0.0252066813 0.999638438 -0.00218367926 -0.00141462812 -0.999996603 -0.00155788043 -0.000970377238 -0.999998331 -5.36285297e-05 0.000437739538 -0.999999881 0.00316904602 0.00242168293 -0.999992013 -0.0112910522 -0.00204184745 -0.999934196 -0.0163847506 -0.00351324119 -0.999859631 0.946198642 -0.322951019 0.0202677306 0.000145036858 0.00226762262 -0.999997437 0.00238717394 0.00528320437 -0.999983191 0.000283712056 0.00174355286 -0.99999845 -0.000212331186 0.00186790491 -0.999998212 -0.000109574779 0.000781501178 -0.999999702 -0.000211932507 0.00231752265 -0.999997318 -0.180954635 0.968897939 0.168796569 0.000123841688 0.000659839192 0.999999821 -5.3905409e-05 -0.000254027254 1 0.011443411 -0.00973430648 0.999887168 0.000277841609 -0.00254486292 0.999996781 0.000213250023 0.000219008434 1 -0.180260107 -0.673116803 0.717230856 -0.768739879 -0.56552273 -0.298702359 -0.117556252 0.46309635 -0.878477216 -0.0811860487 0.561711371 -0.823340237 0.0890690535 0.404808313 -0.910053253 0.0228229798 0.0433399603 -0.998799741 0.312753826 0.351621389 -0.882353306 0.283307105 0.318515152 -0.904591203 0.040917825 0.0263488274 -0.998815 0.424680293 0.168241769 -0.889573693 0.296851784 0.0901910961 -0.950654805 0.0484495908 0.00439123902 -0.998816013 0.304694772 -0.0604496151 -0.950529814 0.395080566 -0.268678099 -0.878477991 0.39461562 -0.267935574 -0.878913581 0.353550494 -0.236082613 -0.905133784 0.0326391868 -0.0365905613 -0.998797178 0.226310804 -0.439669371 -0.869180202 0.19566299 -0.360975266 -0.911818445 0.0118959183 -0.0475673601 -0.998797178 -0.00393602671 -0.494480163 -0.869179964 0.00549796456 -0.410558969 -0.911817491 -0.0115722958 -0.0476472415 -0.998797178 -0.30262506 -0.458919168 -0.83535099 -2.7088643e-05 0.000184796067 -1 -0.000292097073 0.00014378989 -0.99999994 -0.00024740299 9.08090951e-05 -0.99999994 -0.00597632769 0.00672750454 -0.999959528 -0.00411238801 0.00449278625 -0.999981463 -0.000609015347 0.000283009402 -0.999999762 -0.00156269968 0.000724006561 -0.99999851 -0.000375360542 0.00151064957 -0.999998808 -0.000327849411 0.00149455154 -0.999998868 -0.000328013062 0.00148525427 -0.999998868 -0.00180211093 0.00371034024 -0.999991536 -0.00159996259 0.00339829945 -0.999992907 -1.64052162e-05 0.000177071663 -1 -0.665857732 -0.334169716 -0.667056262 0.113295026 0.983932853 0.137987033 -0.970011353 0.242931634 -0.00788500533 -0.522901714 -0.850032806 0.0633880645 -0.658408582 0.694745958 -0.289527774 -0.178132325 0.980908036 -0.078027837 0.572394848 0.774306476 -0.269840032 0.784382463 0.58200407 -0.214512229 0.356455237 0.934312403 0 0.96536988 -0.0324521214 -0.258858532 0.977049053 -0.184954807 -0.105673559 0.972595811 -0.223236144 -0.0649855882 -0.047698535 0.984974921 0.165979758 -0.0392986424 0.98673296 0.157523304 0.0608055554 0.996609211 0.0554316267 -0.900645375 -0.378942102 -0.212698892 -0.950192392 -0.298682749 -0.089011617 -0.974738836 -0.222333744 0.0212580673 0.9862324 -0.0511283986 -0.157262802 -0.665566444 -0.32412976 -0.67228055 -0.530731261 -0.476646215 -0.700808644 -0.480424672 -0.557983935 -0.676643133 -0.989389539 0.143793136 0.0207813699 -0.986509979 0.163495094 -0.00821655337 -0.980715454 0.189660504 -0.0471806973 -0.646657109 -0.762454152 0.0223200303 -0.626561105 -0.777285397 0.0569968745 -0.555442035 -0.814820111 0.16598922 -0.293157309 -0.733473003 -0.613250494 0.957652509 0.286445707 -0.0291651469 0.889764726 0.441058069 0.117415957 0.793311179 0.60153383 -0.0938849822 -0.0592245385 -0.982253909 -0.177959651 0.425387651 0.600648165 0.676954269 0.638147652 0.340874046 0.690342188 0.653065801 0.341107637 0.676129222 0.641470075 -0.737860858 0.209946007 0.655398667 -0.737547457 0.162715271 0.707132876 -0.684585929 -0.176932991 0.867993176 0.485393196 -0.104791425 0.818317711 0.574404657 -0.0203808863 0.48680687 0.742045045 0.460855961 0.708902836 0.672989607 0.211048931 0.481302142 0.775638998 0.408328772 0.293452531 0.937182069 -0.188614458 0.423778415 0.903367162 -0.0658751056 0.218759879 0.935285032 -0.278183609 -0.0881293342 0.959923685 -0.266044766 0.122076117 0.886507213 0.446320921 -0.311198264 0.85564971 0.413544536 -0.310653061 0.854887545 0.415526032 -0.31126672 0.855745316 0.413295329 -0.751918435 0.654942036 0.075296782 -0.861154318 0.505427599 0.0543711223 -0.759204686 0.650765955 -0.0105731683 -0.310626417 0.854850233 0.415622741 -0.690150559 0.601422668 0.402471036 -0.68678993 0.59629935 0.415628076 -0.866276145 0.437434286 -0.241281971 -0.982230604 0.0485999621 -0.181276605 -0.956286728 0.119721904 -0.266799867 -0.994731784 -0.0930109993 -0.043099273 -0.835730612 0.195346698 0.513219237 -0.945148051 -0.227666602 0.234228596 -0.920364916 -0.389016479 -0.0399319194 -0.817859054 -0.459220648 0.346731901 -0.805656612 -0.458597362 0.374974459 0.677201688 0.691461086 0.251554191 0.660643995 0.725476146 0.192960948 0.567635536 0.822949409 -0.0233270191 0.710251153 0.582469165 -0.395313799 0.49766776 0.84486413 0.196294174 0.494061023 0.843127787 0.212224364 0.129167646 0.938759148 -0.319448054 0.128065363 0.945740163 -0.298621565 0.127427086 0.949415982 -0.287004411 -0.0705365688 0.89095664 0.448576599 0.1292319 0.938324988 -0.320694983 -0.433749974 0.849640787 0.299952298 -0.53793323 0.78937304 0.295834601 -0.545670092 0.78423214 0.295337081 -0.274619132 0.755827725 -0.594397843 -0.64184171 0.711287081 0.286548108 -0.607246697 0.527202427 -0.594398022 -0.816417813 0.399177283 0.417276144 -0.94958657 0.232930586 -0.209830001 -0.942885399 0.228141963 -0.242731169 -0.923540413 0.216237634 -0.316724598 -0.922329962 0.215553224 -0.320693463 -0.963018537 -0.161546841 0.215633869 -0.856613159 -0.369903952 0.359701186 -0.89406687 -0.229253814 -0.384820998 -0.720365465 0.121408351 -0.682886183 -0.503994823 0.52934289 -0.682484686 -0.690523684 0.22079733 -0.688785553 0.532751739 0.781065047 -0.325749844 -0.125776008 0.888846695 0.440604031 -0.991070688 -0.0809095874 0.105983488 -0.990362763 -0.0688046962 0.120197594 -0.990280569 -0.0676927045 0.121499844 -0.268028319 -0.668422103 -0.693810284 -0.234774709 -0.694738209 -0.679867387 -0.889341831 0.456627488 0.0237163045 0.740694165 0.666952133 0.0809135959 0.874321878 0.467153221 0.131640255 0.740691662 0.667192578 0.0789292306 -0.813106418 0.578132987 -0.0679712221 -0.656480849 0.735572278 0.167231113 -0.506642342 0.858789563 -0.0761193261 -0.33083114 0.936365724 0.117345676 -0.482562244 0.855580449 -0.18739228 -0.421359718 0.901874185 -0.095283173 -0.24621509 0.959716916 0.135357305 0.112154014 -0.977467775 0.178824455 0.0750318468 -0.996846437 -0.0258362163 0.0632110015 -0.994178355 -0.0872568935 -0.896541178 0.0293553341 0.44198665 -0.875853121 0.303829283 0.374925375 -0.0218773484 0.726341844 0.686985373 -0.407586128 0.610352278 0.679222822 -0.111192718 0.710483193 0.694873929 0.231417283 0.972754359 -0.0139654726 0.301302761 0.940331042 -0.158095881 0.336960077 0.91119206 -0.237037599 0.992317379 0.0810524896 -0.0934708938 0.993981302 -0.0904491395 0.0618063584 0.993594468 -0.0930297971 0.06415122 -0.978916407 0.163008735 -0.123088621 -0.976955831 0.169750914 -0.129390702 -0.93127352 0.280119777 -0.232943043 0.461051464 -0.64052242 0.614135683 0.789047599 0.0155795477 0.61413455 -0.99097532 -0.0705353692 0.113985203 -0.998117626 -0.0202682819 0.0578833483 -0.981494546 0.143718466 -0.126544595 0.260768175 -0.965046108 -0.0261924267 0.215324387 -0.971030772 0.103608176 0.162872553 -0.986622453 0.00696922373 -0.0590133592 -0.976687312 -0.206396073 -0.932874858 -0.359247178 0.0261912402 -0.982409596 -0.16449219 -0.0883949399 -0.992941558 0.0208079852 0.116765268 -0.615180492 -0.381408513 0.689985991 -0.485574782 -0.553731322 0.676460505 -0.715366006 -0.100386545 0.69150126 0.310485512 0.9211182 0.234819278 0.231774673 0.963402331 0.134671345 0.0199914835 0.99229306 -0.122290269 -0.63897115 0.358120829 0.680782855 -0.407065064 0.614180446 0.676077247 -0.597239435 0.686990619 0.413943082 -2.1765652e-06 0 1 -3.80542247e-06 0 1 1.08895601e-05 0 1 0.455504805 0.889015615 0.0465455875 0.657921731 0.751647949 0.0465231314 0.669605255 0.742236733 0.0267116856 0.431776494 -0.591327131 0.681103051 0.314284652 -0.647532582 0.694209456 0.085547626 -0.73089087 0.677111566 -0.749862313 0.203790247 -0.629425228 0.485372931 0.555098057 -0.675484419 0.266067803 0.669022501 -0.693986118 0.229336813 0.700892091 -0.675392389 0.727187991 -0.00144247455 0.686436832 0.7214306 -0.00142914383 0.692485213 -0.0111755775 0.999826789 -0.0148827983 -0.0199245326 0.9997738 -0.00744414795 0.209059581 0.957010925 -0.201057509 -0.455372274 0.887603223 -0.0692581758 -0.476767421 0.878753722 -0.0220165141 -0.493527651 0.86955893 0.0172508843 0.70590651 -0.352893859 0.614135146 -0.944871068 0.285233676 -0.160811797 -0.86943078 0.47758463 0.126503289 0.124579623 -0.06448856 0.990111649 0.0548273474 -0.0149879567 0.998383343 0.0679124296 -0.0157036204 0.997567713 -0.968407869 0.0155654345 0.248885334 -0.964099824 0.0117667923 0.265279204 -0.963398874 0.0111715915 0.267839313 -0.493453681 0.848333597 -0.191920787 0.616240025 0.632695973 0.468981892 0.28564781 -0.867037892 -0.408228666 -0.970710695 0.0504989401 -0.234884337 0.921500683 0.381583154 -0.0723239109 0.934968591 0.354699045 -0.00471480563 0.946346581 0.300133675 0.119782932 -0.429426938 -0.903064251 0.00821485929 -0.44724223 -0.894171417 -0.0207818896 -0.470208734 -0.88054508 -0.0595311485 0.87446928 -0.40164423 -0.272002637 0.218386889 -0.962940574 -0.158280298 0.160754368 -0.985786855 -0.0488076918 0.0699797943 -0.990776062 0.116041586 0.993980765 -0.017148383 0.10820467 0.945050776 -0.285078645 -0.160028622 0.869430542 -0.477584571 0.12650463 0.505371213 -0.36633265 0.781281233 0.331652254 -0.935865521 0.119006112 0.0684075728 -0.98379761 -0.165718496 -0.134824127 -0.983058512 0.124170721 0.945001304 -0.214681864 0.246747419 0.935531318 -0.252778113 -0.246747673 0.930920541 -0.252996892 -0.26339981 0.632533789 0.696327806 -0.339158654 -0.265234053 -0.743297517 0.614133239 0.44900766 -0.773893237 -0.446633369 -0.996219337 0.0813412964 0.0305065308 -0.992405891 0.115960285 -0.0410328805 -0.986954808 0.136845499 -0.084814176 0.824863255 0.46135968 0.326723069 0.846487403 0.466160208 0.257203549 0.847441316 0.466333449 0.253724724 -0.985681653 -0.144555554 -0.0868068114 -0.981909811 -0.158511177 -0.103572309 -0.981450498 -0.160093188 -0.105475552 0.079926461 -0.953374803 -0.291012496 -0.447237313 -0.893695533 0.0358775072 -0.460042059 -0.887510717 0.0261912178 0.999532402 0.0242645182 0.018607419 0.998326957 0.0464997068 0.0343675204 0.990181208 -0.11469736 -0.0799112767 -0.679208457 -0.609078705 -0.409510702 -0.875694573 -0.466629952 0.124159113 -0.671941519 -0.605265021 -0.426788896 0.805923581 0.592004299 -0.00426153652 0.809913218 0.586490273 0.00835862849 0.802308977 0.596713603 -0.0152666708 -0.178938255 0.710114002 -0.680969238 -0.0781735703 0.716563761 -0.693127155 -0.955146253 0.237409666 -0.177009597 0.150788963 0.988357961 0.020280093 0.143933147 0.989169836 0.0287460107 0.0596210696 0.989601314 0.130898803 0.0679893941 -0.721021831 -0.689568579 0.104326963 -0.725044847 -0.680753887 0.636792958 -0.3433972 0.690342724 0.984945655 -0.0510890745 -0.165142313 -0.933946431 -0.283106744 0.218161702 -0.92385745 -0.359617084 0.131007865 -0.851059139 -0.519031227 -0.079403922 0.96933794 0.186901107 -0.159536615 -0.75368005 -0.64325887 0.134849876 -0.927462816 -0.372225523 0.0355091728 0.326936722 0.926383257 0.186886102 0.325695455 0.926550806 0.188217923 0.234916791 0.930507004 0.281017333 -0.616238534 -0.632696211 0.46898365 0.642112613 -0.353975892 -0.679994404 0.414597154 -0.591657043 -0.691412389 0.667401016 -0.25353989 -0.700209558 -0.716276169 -0.594681144 -0.365106672 -0.681876004 -0.724278212 0.102304526 -0.564822197 -0.818026125 -0.108669668 -0.710248888 -0.582469642 -0.395317018 -0.490706861 -0.853025734 0.177633971 -0.486332029 -0.851085842 0.197823241 -0.128867999 -0.940740347 -0.313688666 -0.121754698 -0.973352194 -0.194322556 -0.11644955 -0.985993683 -0.119398549 0.0526588 -0.861775637 0.504549086 -0.129231691 -0.938325226 -0.320694447 0.431051493 -0.826726258 0.361549705 0.517725825 -0.786343515 0.337081373 0.558424056 -0.763721347 0.323870838 0.27461952 -0.755828321 -0.594396889 0.639736235 -0.71030277 0.29361096 0.607281685 -0.527243435 -0.594325781 0.816468239 -0.399203807 0.417152196 0.949594378 -0.232930377 -0.209795475 0.942892075 -0.228140309 -0.242706761 0.923532903 -0.216226906 -0.316753477 0.922321379 -0.215541869 -0.32072565 0.968764067 0.149224043 0.198061183 0.856742501 0.370238334 0.359048486 0.869463563 0.222932667 -0.44083336 -0.685924768 -0.669353962 -0.285434008 -0.307099432 -0.936409831 -0.169783801 -0.49611631 -0.70627588 0.505017698 -0.445089698 -0.894549787 -0.0409373827 -0.49216342 -0.693156838 0.526601195 -0.226631194 -0.935575902 -0.270806372 0.0920839831 -0.962206066 -0.256281197 -0.119051732 -0.864657283 0.488051564 0.320597202 -0.944672525 -0.0693627298 0.315422386 -0.861499488 0.397903532 0.310600609 -0.85482043 0.415703446 0.705970347 -0.627212822 0.32895261 0.707795918 -0.630448997 0.318683267 0.687779367 -0.59778899 0.411834836 0.686794877 -0.596298099 0.415621459 0.866277814 -0.437432885 -0.24127844 0.984932661 -0.0466073193 -0.166539565 0.956260204 -0.119717896 -0.266897023 0.994669855 0.0942710787 -0.04177057 0.83571589 -0.195330203 0.513249457 0.814787865 0.204543829 0.542478025 0.892659068 0.418689758 -0.166909024 0.800089657 0.205117136 0.563722908 0.715999067 0.597347915 -0.361276478 -0.316235662 0.948451281 0.0208582301 -0.307403445 0.951543689 0.00823435374 -0.289544821 0.957013965 -0.0169723518 -0.0685794801 0.983721137 -0.16610074 0.134506375 0.983210862 0.123306498 0.049714081 -0.97587347 -0.212601349 0.458864689 0.871681035 -0.172091275 8.74395628e-05 -9.68720487e-05 -1 0.00013672073 2.58864802e-05 -1 8.61207809e-05 -1.1828346e-05 -1 -0.269597292 -0.685873747 0.675939798 3.96095165e-05 -5.24979805e-05 -1 8.95853304e-07 0 -1 -7.26858561e-05 -1.34569527e-05 -1 0.475084215 -0.843031347 -0.252176851 -0.800255001 -0.575641572 -0.168013722 0.103027754 -0.991481662 -0.0796834752 0.110324249 -0.991358042 -0.0709772259 0.184418336 -0.982665122 0.0189501438 0.00610335823 -0.999907792 -0.0121309152 -0.0475149639 -0.995890856 -0.0770957768 -0.161563978 -0.963200212 -0.214807764 0.0753574818 -0.773399532 -0.629423916 0.656178594 -0.735779703 0.167505011 0.507002056 -0.859123588 -0.0696814656 -0.0863595605 0.886314332 -0.454960376 -0.73797971 0.0240899492 0.6743927 -0.647223294 0.313700497 0.694761872 0.651712239 -0.343684494 0.676130235 -0.0857654139 -0.708403349 0.700577617 -0.702514172 0.694137931 0.156991586 -5.12002225e-05 3.09071329e-05 -1 0.000113808397 0.000168987113 -1 -2.22435992e-05 6.83500475e-05 -1 0.702297688 -0.694323599 0.157138973 -0.891360164 0.449988514 -0.0546574965 -0.90809834 0.418740302 -0.00372420903 -0.939120054 0.293021321 0.179421037 -0.626488984 -0.774461687 -0.0878667384 0.995784879 -0.0548888966 0.0734824985 0.968858898 -0.0159785785 0.247097492 0.96339941 -0.0111715067 0.267837256 0.41826123 -0.60524863 -0.677297294 0.735320568 -0.00690414198 -0.677684188 -0.000134515212 3.62774263e-05 1 -7.77438254e-05 0.000337762787 0.999999881 -0.000162546989 1.37876405e-05 1 0.293158859 0.733472645 -0.613250136 -0.461053818 0.640523255 0.61413306 -0.0856875405 -0.988189578 0.127039373 -0.148203582 -0.988554239 0.0282166302 -0.204026312 -0.976922989 -0.0632033423 0.942081392 0.215159506 -0.257272273 0.939057052 0.213452414 -0.269462377 0.446515709 0.893939137 0.0386869498 0.74908334 0.658739686 0.0702579096 0.78323108 0.621669054 0.00875214022 0.844726443 0.516930342 -0.138637483 -0.860373199 -0.195567265 -0.470649809 -0.705909371 0.352893114 0.614132285 0.110574216 -0.781416357 0.614134967 -0.0590692386 0.929013312 0.36530149 0.678460956 -0.734620333 -0.00485497899 0.667803049 -0.743801296 -0.028261032 0.656456113 -0.752567351 -0.0520373695 -0.126584291 0.961337984 0.244552106 -0.889318764 0.0291195083 0.456359684 0.697598636 0.158269882 -0.698789477 -0.578157425 0.537191153 -0.614133358 -0.170328021 0.985014677 -0.0271033756 -0.827577472 -0.489462346 -0.274849415 -0.991327167 0.117159404 0.0595318936 0.000560818298 -0.00056794571 0.999999702 0.000883854111 -0.000168517334 0.999999642 0.00367840426 -0.00184278947 0.999991596 0.00145751273 -1.8229277e-05 0.999998927 -0.754205823 0.650902152 -0.0866021216 -0.701145828 -0.707954943 -0.0848190561 0.0126804551 -0.976354361 0.215803787 0.262289107 -0.744340599 -0.614134729 0.438998044 0.664607346 0.604630291 0.00203796453 -0.00112863316 0.999997318 0.00139839714 -0.00205721287 0.999996901 0.00139100139 -0.00204795646 0.999996901 0.00207851664 -0.000998094445 0.999997318 -0.304536372 0.890013516 -0.339313149 -0.979995906 -0.122167841 0.157107964 0.312960327 0.664867878 0.678237796 -0.55237478 0.489427626 -0.674790919 0.000862843357 -0.000321128755 0.999999583 0.00357453851 0.000486835837 0.999993503 0.00260605128 -9.64434075e-05 0.999996603 0.000553953927 -0.000424449594 0.999999762 0.0022823601 -3.74814335e-05 0.999997377 0.00218718522 -2.26103634e-06 0.999997616 -0.00025793456 -0.000164277808 1 3.26346781e-05 0.000997102237 0.999999523 0.000182953518 0.000973290589 0.999999464 -0.000379370787 -0.00075532787 0.999999702 0.000305772352 -0.000400045363 0.999999881 0.00146311615 0.00296279741 0.999994576 0.000771465595 0.00247211801 0.999996603 0.000945842417 0.00255285576 0.999996245 0.000740607735 0.00134999864 0.999998868 0.000263755588 0.000336465077 0.99999994 0.00105933391 -0.00279256399 0.999995589 -0.000185765224 -9.84772705e-05 1 0.000362360821 -0.00065726618 0.999999702 -0.000202583295 -0.000142870093 0.99999994 0.00108466623 1.13600709e-05 0.999999344 0.00040757822 0.00102053629 0.999999404 0.000750219217 0.00113355077 0.999999046 0.000612490112 -0.00347802532 0.999993742 -0.000867124181 0.000949414738 0.999999166 0.977064788 -0.00991537515 0.212711304 -0.0626176447 0.973903418 -0.218153745 -0.695049107 0.347465694 0.629423797 -0.249003142 0.949980319 0.188506752 0.707551003 -0.669527888 -0.226061895 0.894897282 0.0181784667 0.445901692 0.872321367 0.467277855 0.143899202 0.00342463143 -0.00178011681 0.999992549 0.00144522067 -0.00114259706 0.999998331 0.00238905707 -0.00194755848 0.999995232 0.00136079988 -0.00101963268 0.99999851 -0.00135860569 0.00108239776 0.99999845 -0.00261123292 0.00227245619 0.99999392 -0.000187481201 -0.000309486146 1 0.637617648 -0.686589837 0.349339604 0.960747302 -0.0545478761 0.272009254 -0.00024216529 0.000104250561 -1 -0.000373598945 6.1253937e-05 -0.999999881 -0.000220546965 3.65296328e-05 -1 -0.000140159289 -2.84124253e-05 -1 -0.00030509007 -2.17482357e-05 -1 -6.41096703e-05 -0.00011117247 -1 -9.93742942e-05 6.92161702e-05 -1 0.592156827 0.773424387 -0.226197109 -0.937508881 -0.21475485 0.273783386 -0.429186583 0.596256196 0.678437531 -0.717272699 -0.166541129 -0.676597297 0.128503278 -0.95255518 0.27590847 -0.698667943 0.677270293 -0.230582118 0.000599775696 0.000339182472 0.999999702 0.000365134998 0.000110102606 0.99999994 0.000562673085 0.000252295373 0.999999821 0.000551045698 0.000120105229 0.999999821 0.000499973365 0.000232935694 0.999999821 0.000290126947 8.97653154e-05 1 0.000251971069 0.000139590047 1 -1.74670589e-07 0 1 -2.61960777e-05 -7.22064069e-05 1 1.34354389e-06 0 1 0.000126136525 -7.88172765e-05 1 -0.000253911101 0.000269287644 0.99999994 0.000164922851 0.000230921898 1 -0.00012985924 0.000503246265 0.999999881 -0.000295328355 0.000533244456 0.999999821 -0.000136801202 0.000210323749 1 0.000125286795 -0.000161603646 1 -0.779482841 0.481870323 -0.400259346 0.1819662 0.979941189 0.0812631249 -0.999755263 0.0194946378 0.0104617104 0.18268843 0.952429295 0.24393338 -0.00220270944 0.00192021905 0.999995768 -0.00335913454 0.00179650343 0.999992788 -0.000831473968 0.000482349104 0.999999523 -0.000651751121 0.0033332801 0.999994218 -0.00106513745 0.00295708072 0.999995112 -0.00039151861 0.0014042171 0.999998927 -0.000455408095 0.00239935354 0.99999696 3.16962214e-05 0.00129076163 0.999999166 0.00217731181 -1.40858981e-06 0.999997616 -0.000247403048 -0.00134490163 0.999999106 -0.000735687907 -0.002352793 0.99999696 -0.00145169708 -0.00297311554 0.999994576 -0.000718331314 -0.000934358221 0.999999285 -0.000704826904 -0.00121192413 0.999999046 -0.000118130367 -0.0011844323 0.999999285 0.00139359036 0.000596744707 0.999998808 0.00120801281 0.00065245945 0.999999046 0.00138703489 0.000588053954 0.999998927 -0.000748352613 0.000370836613 0.999999642 -0.00092314824 0.000327070215 0.999999583 0.000972856593 0.000737693452 0.999999225 -0.0026719165 0.000124755941 0.999996424 -0.00291696447 -8.75234982e-05 0.999995828 -0.00181813631 -0.000108961583 0.999998331 -0.00217731157 1.40037309e-06 0.999997675 -0.00218718615 2.2577542e-06 0.999997616 -0.00283126277 -5.19245186e-05 0.999996066 -0.00228236336 3.74848751e-05 0.999997377 0.00135237293 -0.00108238508 0.99999845 0.000188866688 0.000309487717 0.99999994 -0.000418352254 -0.000133115071 0.999999881 0.00259951246 -0.00227244059 0.99999404 -0.000662460981 0.000221215669 0.999999762 0.000835554558 -0.000708705862 0.999999404 -0.000300746906 0.00126819336 0.999999106 0.136103123 0.879323006 0.456362665 -0.0770049319 0.949685872 0.303590208 8.05681992e-08 0 1 1.66720866e-07 0 1 9.12228302e-07 0 1 1.80589467e-07 0 1 -5.49326614e-06 0 1 2.58402156e-06 0 1 -1.78263022e-08 0 1 0.0775071755 0.0559356995 0.99542141 0.00782888196 0.0047094468 0.999958217 0.0204628482 0.137874484 0.990238309 0.182435364 0.30500409 0.934713781 0.000455963716 0.0101891281 0.999947906 -0.342085958 0.829231501 -0.441986918 0.535238504 0.476773411 -0.697285354 -0.434854299 0.893510342 -0.111986302 -0.943900704 0.244948745 0.22147578 -0.979839563 0.194422081 -0.0459832102 -0.0596572161 0.0174041912 0.998067141 -0.12454024 0.0645695403 0.990111351 -0.0964862481 0.059089683 0.993578792 -0.154117912 0.00306244032 0.988047659 -0.0566181876 -0.0120759588 0.998322845 -0.0643684492 -0.0168276001 0.997784257 -0.140412331 -0.0738143027 0.987337768 -0.0937267542 0.0582506619 0.993892312 -0.051319737 -0.0432289951 0.997746229 -0.048792541 0.0979208201 0.993997335 -0.048308976 0.0959253013 0.994215548 -0.051752083 0.127249941 0.990519643 -0.046167668 -0.0440889001 0.997960269 -0.0689066872 -0.0998453274 0.99261415 -0.00864391401 0.0601853505 0.998149812 -0.0263909902 -0.0595066138 0.997878969 -0.00387067697 0.0847279504 0.996396601 0.0156691298 0.146247566 0.98912394 -0.0197926387 -0.0571197793 0.998171091 -0.0124534061 -0.133111626 0.991022825 0.0234223139 0.0754672289 0.9968732 0.00403907103 -0.0840547457 0.996452928 0.0212127455 0.0491309837 0.998567104 0.0647535399 0.0908066034 0.993761122 0.00806625001 -0.0592363738 0.998211384 0.0443250798 -0.115053892 0.992369771 0.0467857197 0.044085566 0.997931659 0.0395061336 -0.0815402195 0.995886803 0.0719235688 0.0576355904 0.995743513 0.143466532 0.0803203583 0.986390352 0.0389932245 -0.0794642866 0.996074796 0.0551303625 0.014946904 0.99836725 0.0937247947 -0.0582506955 0.99389261 0.0964846313 -0.0590896867 0.99357897 0.0609005243 0.0115603823 0.998076856 0.133134857 -0.000757110713 0.991097689 0.662742376 0.324586868 -0.674845219 -0.0976878703 0.0182328373 0.995050132 -0.970618546 0.0176202264 0.239977643 -2.97409201e-06 0 -1 2.89791205e-05 8.91713062e-05 -1 -1.52816574e-06 0 -1 -0.000332987664 8.08949153e-07 -0.99999994 5.14672047e-06 0 -1 0.872020006 0.163223475 -0.461453378 0.251233488 -0.9585132 0.13466306 -0.40464133 -0.913257658 0.0471777581 0.945466459 0.271015316 0.180676296 -0.989397943 -0.0575644113 0.133333817 0.761577725 -0.206975892 -0.614133835 0.98070389 -0.192308664 -0.0351767726 0.734563529 -0.625328362 0.263402551 -0.861590326 -0.506383896 -0.0351779982 0.1707488 -0.984958529 -0.0264852159 0.941029549 -0.212329671 0.263399571 -0.626892149 -0.70035702 0.341330081 0.651974142 0.728387356 0.210669205 -0.995433569 0.0597940907 0.0744091943 0.0022527345 -0.00014499067 0.999997437 0.00226226216 -1.02918057e-05 0.999997377 0.00125410012 0.000665673229 0.999999046 0.00126066094 0.000618140504 0.999998987 0.000992031884 0.000955976255 0.999999046 0.00117857172 0.00188799948 0.999997556 0.00104215485 0.00222174218 0.99999702 -0.00132548914 0.00621065078 0.999979794 0.000556680083 0.00833949074 0.999965072 -0.00116661296 0.00132511975 0.99999845 -0.0022438583 0.00105992961 0.99999696 -0.00115043635 0.00115329598 0.999998689 -0.00232477975 0.000113442897 0.999997258 -0.00230814121 0.00161866669 0.999996066 -0.00347479363 -0.000814609055 0.999993622 -0.00623115059 -0.00371383294 0.999973714 -0.00228736876 -0.00291799684 0.999993145 -0.000825145398 -0.00224878197 0.999997139 -0.000721258926 -0.0023889076 0.999996901 0.000192281368 -0.00234733825 0.999997199 0.000322321721 -0.00237621227 0.999997139 -0.00239780522 0.000411783345 0.999997079 0.817194343 0.45935294 0.348121315 -0.46559146 -0.75686574 0.458670676 -0.30826667 -0.950852811 -0.0291646495 0.289837629 -0.720982909 0.629426658 -1.91074582e-06 0 1 -5.6883357e-07 0 1 -1.24685687e-06 0 1 2.81665598e-06 0 1 1.46163006e-06 0 1 2.65058304e-07 0 1 1.75407047e-06 0 1 -2.00620125e-08 0 1 -4.26959758e-07 0 1 0.976136446 0.17651093 0.126496986 -0.976287544 -0.176536039 -0.125290006 0.680120766 -0.68512547 0.260842353 -0.877148211 -0.458150417 0.143907174 -0.153740928 0.959982693 0.234087557 -0.0784186199 -0.773093939 0.629425228 0.75420469 -0.650903642 -0.0866012126 0.813267648 0.581566334 0.0194003433 0.000769019884 -0.00181861175 0.999998093 0.00018001617 -0.000918678415 0.999999583 -0.000214542961 -0.000284950453 1 0.229999021 0.969947577 -0.079385832 0.332644194 0.819666266 -0.466363788 0.827577055 0.489462346 -0.274850368 -0.876461625 -0.194116831 -0.440606028 0.396464646 0.911525369 0.109257914 0.916071355 -0.38359338 0.116915733 0.00223719771 0.0046052211 0.999986947 -0.332681566 0.941981375 0.0446540043 -0.468448877 -0.883402824 -0.012447821 2.23967672e-05 3.80129204e-05 -1 2.43840987e-05 6.58576319e-05 -1 6.38628117e-05 6.81153688e-06 -1 -9.25378671e-08 0 -1 0.000253190956 1.19791694e-05 -1 3.49907386e-05 4.64076365e-05 -1 0.000152836117 7.26347935e-06 -1 -6.9725771e-05 4.16794683e-06 -1 -0.000314369041 0.000294970901 -0.99999994 -2.61215905e-06 0 -1 0.578157008 -0.53718996 -0.614134729 -0.11366608 -0.780971408 -0.614136636 -4.29839456e-05 -0.000104311177 -1 -4.00196914e-05 -0.000261301291 -0.99999994 3.99075725e-05 -0.000226315518 -1 -0.761579871 0.206974596 -0.61413151 -0.502690554 -0.463373989 0.729785323 0.0144287813 -0.982941329 -0.183352575 0.129305869 -0.982001007 0.137673497 6.91737227e-07 -4.98823938e-05 -1 -0.000203922595 -4.9426133e-05 -0.99999994 -0.000384416577 -0.000131096735 -0.99999994 6.35930633e-07 0 -1 -5.96129757e-05 -7.14260796e-06 -1 1.920469e-05 -4.54400033e-05 -1 -0.00056685938 0.000260902947 -0.999999821 -0.000141120487 0.000156477472 -0.99999994 -0.000447129831 0.000323563436 -0.999999821 -0.000303407607 0.000254540966 -0.999999881 -9.29773341e-06 0.000150109816 -1 -2.40896989e-05 8.03227449e-05 -1 5.13047809e-08 0 -1 -0.000109409062 0.000221873677 -0.99999994 -0.000137638577 1.8804607e-05 -1 -0.168134153 0.959357619 0.226635933 -0.930409431 -0.266700208 0.251414806 -2.90618646e-05 0.000426505518 -0.999999881 5.12060105e-05 -2.14324573e-05 -1 2.14657211e-05 -6.9752321e-05 -1 -7.5442862e-05 -2.28142217e-05 -1 -6.41911683e-05 -5.45351795e-05 -1 3.89309243e-05 -9.23045882e-05 -1 2.59189164e-07 0 -1 3.99545061e-05 -9.52559567e-05 -1 -6.09400704e-05 -0.000195470406 -0.99999994 0.000133631431 -3.76982061e-05 -1 0.000213209714 -1.72541713e-05 -0.99999994 7.71818377e-05 -2.05390756e-06 -1 1.85335048e-05 -3.66467211e-05 -1 0.000115335133 7.33979032e-05 -1 5.78661929e-05 -0.000474803674 -0.999999881 0.000285509042 2.94784672e-06 -1 9.19752929e-05 -0.00017587925 -1 -0.000869090611 -0.00125089532 -0.999998808 0.00018078713 -9.10568269e-05 -1 0.000101581791 0.000403244136 -0.999999881 5.09781057e-05 0.000131733919 -1 7.08677035e-05 1.62212873e-05 -1 6.63518949e-05 5.65505325e-05 -1 -0.800079048 0.549791932 -0.240004599 0.997480869 -0.0642740875 0.0300113093 0.000357287063 -0.000297645282 -0.99999994 0.000290840457 -0.000184464137 -0.999999881 8.29955825e-05 -0.000124935556 -1 -4.58287977e-05 -0.00019332151 -1 6.56016055e-05 0.000134363931 -1 2.99433068e-05 0.00016945113 -1 -5.94339472e-05 0.000165919948 -1 -0.000165134872 -4.58256363e-05 -1 -9.80183613e-05 -0.000108140172 -1 0.000380316109 -0.000496962981 -0.999999821 0.000108847948 -0.000320457068 -0.999999881 0.000186463236 -0.000393839524 -0.99999994 0.000212438666 8.13818115e-05 -1 0.000151046566 -2.95880691e-05 -1 4.20198121e-05 -4.84019256e-05 -1 0.000140911288 8.59686916e-05 -1 9.72833441e-05 0.000134344344 -1 7.72200365e-05 0.000179828625 -1 -0.000235523548 0.000136178613 -1 -0.000301125547 5.16503278e-05 -1 2.11068109e-05 5.70467309e-05 -1 6.69807559e-05 7.55081128e-05 -1 0.947674155 -0.24593161 0.203547001 -5.04406889e-05 8.47969277e-05 1 -7.82326897e-05 -0.000345888635 0.999999881 -0.000113665112 -8.89910007e-05 1 -0.000317059195 -0.000551627018 0.999999821 -0.000121803496 -0.000488085032 0.999999881 -0.000260816218 -0.000225198251 0.999999881 -0.000294792088 -0.000352602365 0.999999881 5.3155054e-05 -0.000144808713 1 -8.89152545e-07 0 1 2.31629247e-06 0 1 -7.74856453e-05 7.41782642e-05 1 -0.44098568 -0.867441952 0.23038283 -0.0360856466 -0.978522778 0.202955827 0.000645953929 0.000214236803 0.999999762 -1.0528307e-05 -9.78334265e-06 1 1.34836155e-05 2.07089533e-06 1 0.000228287681 0.000196238878 0.999999881 2.76881656e-05 2.057661e-05 1 0.000193608299 0.00099420757 0.999999464 0.000755265995 0.00209053699 0.999997556 -0.000368061592 0.00074551272 0.999999642 -0.000627581321 0.00453250296 0.999989569 -0.000624090841 0.000644383312 0.999999523 -0.00123689591 0.00170756388 0.999997795 -0.00093330344 0.000143265424 0.999999523 -0.00426806882 0.00214327383 0.999988556 -0.000260454952 -0.000134744841 1 -0.00228026183 -4.63577489e-05 0.999997377 0.0127244964 0.0230187997 0.999654055 1.39068352e-05 1.105724e-05 1 0.231045708 0.42980355 0.872861326 0.22503683 0.519096732 0.824558675 0.228118405 0.545160711 0.806698084 -0.00018066277 -0.000965604908 0.999999523 0.000367637869 -0.000745506608 0.999999642 0.000626937661 -0.00453253277 0.999989569 0.00122755219 -0.00170211482 0.999997854 -0.000206656405 -0.000844421622 0.999999583 9.73969582e-05 0.000325344852 1 0.310374886 0.949887574 -0.0371628441 -0.214584768 -0.943937957 0.250867695 0.637144089 -0.653967738 0.407889366 -0.948988557 -0.281878382 0.141299099 0.855251908 0.296827495 0.424779445 -0.377976775 -0.839139342 -0.391125083 0.689383209 -0.724110007 0.0203799997 -0.210732922 -0.822696567 -0.527979255 -0.403237492 -0.880174816 -0.250383288 -0.461571515 -0.839231312 -0.287475973 0.212437689 -0.303887397 -0.928721011 0.20189932 -0.209277272 -0.956786156 0.0894133002 -0.250253022 -0.964042902 -0.31882602 0.160947412 -0.934048176 -0.387596935 0.147606686 -0.90993458 -0.196323767 0.0698023811 -0.978051424 -0.494697094 -0.0669803545 -0.86648047 -0.190073907 -0.0481348522 -0.980589092 -0.479732037 0.0459198132 -0.876212656 0.343159646 -0.32542783 -0.881100595 0.162695482 -0.109165154 -0.980618775 -0.287643433 -0.14614895 -0.946520925 -0.282444805 -0.187916845 -0.94069767 0.319495946 -0.161013737 -0.93380779 0.397005647 -0.254954636 -0.881694198 -0.219174847 -0.169928819 -0.960774004 -0.156019792 -0.139764264 -0.977815866 0.193462566 -0.0703793764 -0.978580058 -0.109533355 -0.506960511 -0.854981601 -0.0558419824 -0.334742278 -0.940653622 -0.0357809179 -0.172009245 -0.984445333 -0.357685775 -0.0668386072 -0.931447029 -0.261964649 -0.224590674 -0.938580632 -0.166747421 -0.286285162 -0.943523288 -0.0746109858 -0.14929311 -0.985974014 -0.202477276 -0.402426511 -0.892779827 0.024122959 -0.307333946 -0.951295912 -0.00317688589 -0.205965474 -0.97855413 -0.475693166 0.605814159 0.637734473 -0.477835745 0.602709949 0.639072537 -0.437316656 0.607025504 0.663531661 -0.761682808 0.253313273 -0.596382201 0.756640255 0.288402379 0.586787522 0.782018423 0.257082283 0.567763984 0.83951062 0.188305721 0.509669423 -0.422298133 0.780500054 -0.460959762 0.0747462437 -0.64686799 0.758930027 0.0159077533 -0.452407658 0.891669333 0.00642159861 -0.405651897 0.914005101 0.352234155 -0.698146522 0.623315752 0.357381284 -0.674718142 0.645781755 0.394420832 -0.631665587 0.667406023 0.188842744 0.551048458 0.812824726 0.173394322 0.552471101 0.815297604 0.157987848 0.553750753 0.817557335 0.295618474 0.436188906 0.849911034 0.514624238 0.434851438 0.738962889 0.376158088 0.429336578 0.821081758 0.392009884 0.893394649 -0.219486535 0.969276726 -0.24019663 0.0529926457 0.94959718 -0.246469751 -0.193694964 0.864753723 -0.41544199 -0.282150656 0.224309981 0.972303271 -0.0656613782 0.347536802 0.937529385 -0.0160292089 -0.0568246357 0.835194528 -0.547011077 0.0111565217 0.982918859 -0.183701187 0.0151793435 0.986520648 -0.162931368 -0.406159669 0.877001941 0.256713688 -0.411941826 0.879325867 0.238935098 -0.569811225 0.815615952 0.100428298 -0.585809886 0.806042016 0.0843980312 -0.699206233 0.708183169 0.0979143232 -0.848297834 0.504147947 0.161942944 -0.922048032 0.270643771 0.276729763 -0.897484779 0.37760061 0.227900654 -0.655007124 0.485138178 -0.579315722 -0.933965266 0.136089191 0.330437034 -0.85751307 0.0195600335 -0.51409018 -0.967102706 -0.131518945 0.217750475 -0.952404439 -0.237431645 0.191185772 -0.938828945 -0.296620518 0.174975902 -0.90524596 -0.399661124 0.144224659 -0.729323268 -0.497563422 -0.469593734 -0.608125806 -0.790385306 0.0739872605 -0.493343234 -0.8685112 0.0479657277 -0.495407104 -0.867310226 0.0484227911 -0.376310557 -0.926217914 0.022598343 0.706639409 0.362673074 -0.607559919 -0.302993983 -0.950249374 -0.072253406 0.422782302 0.902137101 -0.0860452056 0.483879298 0.874889612 0.0207111128 0.524174452 0.845772445 0.0995491594 0.600697279 0.479651332 0.639607191 0.444780976 -0.22480756 0.866966844 0.434316993 -0.234427109 0.869719863 0.487961262 -0.183644921 0.853327811 0.408168554 0.277019858 0.869861126 0.995801926 -0.0221847557 0.0888049006 -0.72198391 0.593455195 -0.355738789 -0.90148139 0.0722434744 0.42674616 -0.652835071 -0.165695816 0.73915571 -0.671674371 -0.262494802 0.69278425 -0.480210841 0.360963851 0.799438953 -0.532936215 0.636977911 0.556990087 -0.396231979 0.583693624 0.708732605 0.460762858 -0.716424763 -0.523863614 -0.880144298 0.446688741 0.160670832 -0.965500355 0.258986384 0.0271137804 -0.951062083 0.274483681 -0.141913906 -0.152958602 -0.791118264 -0.592229307 -0.257716089 -0.524543583 -0.811441004 -0.468397528 -0.354545593 -0.809259713 -0.440032333 -0.266890347 -0.857403696 -0.593340337 -0.0684714392 -0.802034259 -0.592260599 -0.1230947 -0.796288371 -0.319234669 0.125512198 -0.939327419 -0.152517527 0.0734267607 -0.985569358 -0.565852821 0.448882461 -0.691603303 -0.530600071 0.263457626 -0.805638671 -0.397006184 0.254954904 -0.8816939 -0.353706688 0.326645464 -0.87646693 -0.379184693 0.383483768 -0.842115939 -0.346337795 0.417593271 -0.840039313 -0.299703926 0.602808833 -0.739458561 -0.110083558 0.295397222 -0.949011087 -0.0825896859 0.354930758 -0.9312374 -0.369497597 0.654911876 -0.659213185 -0.0362618901 0.345051289 -0.937883079 -0.131347328 0.532504439 -0.836173952 -0.0760826468 -0.284314394 -0.955707431 -0.0341614373 -0.0251494907 -0.999099791 -0.0892575383 -0.368795425 -0.925215065 0.076209031 0.325145721 -0.94258821 0.0744177476 0.275612593 -0.958383858 0.183119595 0.586047947 -0.789312959 -0.687666416 0.706727922 -0.166284606 -0.871497989 0.347915262 0.345609993 -0.563560069 -0.687179089 -0.458459347 -0.516453028 -0.790104985 -0.330167085 -0.476426393 -0.7394256 -0.475675941 -0.329583794 0.757390797 -0.563678682 -0.954807699 -0.225151628 0.194033593 -0.94775176 -0.0103530558 -0.318840593 -0.994088948 -0.00857670326 -0.108229674 -0.999102592 -0.0377482548 -0.0192149282 -0.952395976 0.188725799 0.23942551 -0.981088579 0.193090558 0.0134618012 -0.502037764 -0.864841819 0.00259373873 -0.502050936 -0.864838064 -0.000167852733 -0.502058268 -0.86471504 -0.0143262381 -0.455299705 0.868125439 -0.197637036 -0.46371156 0.885985374 -0.00125973485 -0.432065934 0.822158575 -0.370640516 -0.845750213 -0.513639569 0.144502223 -0.846896946 0.531720281 -0.00625014491 -0.84704721 0.531512797 -0.00226858631 -0.847653151 0.530140758 0.0208533853 -0.478761107 -0.853370249 -0.206269071 -0.340532005 -0.940232158 0.00121264555 -0.595474899 -0.769638717 -0.230359972 -0.780894279 0.624195337 0.0241720155 0.0225637015 0.996727049 0.0776278302 0.0224501994 0.995497167 0.0920940638 0.0222804025 0.993383706 0.112660013 -0.890495658 0.242408067 -0.385040253 -0.715615869 -0.469368815 0.517288029 -0.596078277 -0.712318301 -0.370531231 -0.805838108 0.570833385 -0.157398194 -0.81197232 0.575167298 -0.0994161963 -0.780260742 0.552742004 -0.292693526 -0.917240024 -0.141744033 0.372262537 0.497261256 0.752522528 0.431788236 0.224537313 0.677320421 0.700585485 0.00485818274 0.855656922 0.517520547 0.17049931 0.901152074 0.398566186 -0.224095389 0.822876453 0.522164345 -0.299780637 0.83102411 0.468540788 -0.493488908 0.832150817 0.252969861 -0.775934458 0.626298368 0.0753393397 -0.781566262 0.622688472 0.0375922769 -0.603725731 0.377866656 0.701948643 -0.649966359 0.398688436 0.646986306 -0.682557344 0.412969708 0.602968872 -0.973602474 0.209244311 0.0911872908 -0.71907419 0.318944305 0.6174196 -0.808650672 0.115993761 0.576740444 -0.909049928 -0.368454486 0.194600999 -0.918799341 -0.188968852 0.346552253 -0.83856082 -0.460616857 0.290942967 -0.69102627 -0.562906325 0.453452587 -0.598336101 -0.740492761 0.306046337 -0.360959738 -0.734587312 0.574534237 -0.217507422 -0.791664243 0.570927501 -0.762503445 0.00340870605 0.64697516 -0.595386803 0.155745074 0.788199306 -0.809028804 0.0868614763 0.581315339 -0.645535946 0.0581539422 0.761512637 -0.515634894 0.087896131 0.852288067 -0.0632747412 -0.0894781575 0.993976891 0.0157538187 0.273836702 0.961647153 -0.0597674698 -0.0507450923 0.996921659 0.310155004 -0.879097223 -0.361928195 0.452031612 -0.600494325 0.65960145 0.757104695 -0.583400071 0.294001281 0.686141372 -0.285712719 0.669012845 0.659516275 -0.265816927 0.703121305 0.041358497 0.708593428 0.704403937 -0.0314435475 0.0133307157 0.999416649 0.14284572 0.0710693598 0.987190068 0.16688773 0.0971667543 0.981176376 0.146315604 0.0735024288 0.986503482 0.758475661 -0.219396606 0.613660932 0.883730412 0.0833217055 -0.460519254 0.398765445 -0.266149193 0.877582371 0.768159568 -0.586398661 0.25703612 0.0664613619 0.0220135935 0.997546136 0.124573693 -0.185548931 0.97470659 0.0719765425 -0.00383698568 0.997398973 0.174831957 -0.955016136 -0.239537135 0.357811511 -0.717464864 0.597674787 -0.25449422 -0.86330694 0.435813934 -0.412377 -0.695157826 0.588813126 -0.314650923 -0.837285042 0.447156161 -0.14100273 -0.110238388 0.983852506 -0.115509838 -0.170788333 0.978513539 -0.122406237 -0.91396153 0.386899203 -0.748252869 -0.275139093 0.603668869 -0.724236786 -0.299940825 0.620899737 -0.747722864 -0.274825007 0.604468167 -0.672686636 -0.587839365 -0.449374795 -0.436896294 -0.652021706 0.619668722 -0.469542295 -0.596449673 0.650982201 0.324339241 0.456985474 0.82823205 0.694246292 0.48399812 0.53269875 0.413706034 0.447449684 0.792865753 -0.915427387 0.044957608 0.399964511 -0.656357765 0.593712509 -0.465510368 -0.640471935 0.590836525 -0.490619898 -0.822713196 0.567884266 -0.0255045723 -0.221991584 0.958484352 -0.178962335 -0.322669268 0.627593398 0.708527446 -0.10403876 0.707603037 0.698909044 -0.244067207 0.656664491 0.713598609 0.0577998459 -0.617036879 -0.784808636 0.0788746104 -0.358237535 -0.930292845 -0.0534657575 -0.978672147 -0.198348328 0.414501369 -0.870419979 0.26562658 0.419661254 -0.872676194 0.249641016 0.609207034 -0.790721655 0.0602169596 0.583085835 -0.812254965 0.0158982053 0.683990121 -0.532110572 -0.499014944 0.861308873 -0.505470037 0.0514492877 0.942267239 -0.317048579 0.107761629 0.934206188 -0.349349916 0.0722040236 0.670556366 -0.507575035 -0.541037619 0.909572661 0.0254108068 0.414767295 0.862030804 -0.0749627873 0.501281738 0.958616734 0.279222727 0.0555758215 0.951047957 0.297994465 0.0818968266 0.748438239 0.501768649 -0.433668643 0.729641438 0.501948178 -0.464404464 0.607669652 0.79060632 0.0753600672 0.555581868 0.829136014 0.0621456765 0.55114007 0.831925929 0.0643733144 -0.014139683 0.546474397 0.837356448 0.0116538629 0.361784577 0.932188869 0.611791193 0.0235216413 0.79066956 0.69137001 -0.0233063512 0.722124934 0.771019042 0.133408725 0.622681081 0.783697724 -0.15200904 0.602255106 0.2716434 0.653331339 0.706659734 -0.0208124891 0.919418395 -0.3927297 -0.520992458 -0.438336909 0.732412219 -0.688428283 -0.570832789 0.447455585 -0.672409534 -0.536372304 0.510068655 -0.488261402 -0.254832566 0.834662259 -0.0266748313 -0.642796278 0.765572608 -0.948861718 -0.228766933 0.21754767 -0.905375838 0.112961061 -0.409309477 0.559911013 0.811894536 0.165308505 0.553679824 0.830529928 -0.0604868978 0.688754857 0.724974751 -0.00530840224 -0.973887265 -0.0754918307 -0.21411325 -0.894559324 -0.248448312 -0.371533364 0.595984638 -0.771237731 -0.223594815 0.541772544 -0.776480556 -0.32180807 0.495042711 -0.773809433 -0.395160258 0.642147124 -0.605273902 -0.470415175 0.6365785 -0.601014793 -0.483269155 0.480743498 -0.626388431 -0.613614917 -0.202786922 0.85633719 -0.474935919 0.0304335114 0.792879879 0.608617604 -0.0118459128 0.754156351 0.656588137 -0.10932453 0.648442924 0.75337249 0.816739857 0.185906351 0.546236992 -0.949549019 0.196166143 0.244694456 0.03346828 -0.0751819313 0.996608019 -0.0739388317 -0.109598994 0.991222084 -0.0577144064 -0.104470581 0.992851913 0.884744525 -0.350812614 -0.306851149 -0.309569269 0.36397627 0.878457844 -0.25650239 0.0853775963 0.962765396 -0.290637791 0.274826974 0.916515052 -0.136796296 -0.0567972846 0.988969564 -0.122586928 -0.0667019188 0.990213811 0.464094341 0.884293973 -0.0513872392 -0.432224751 0.835978091 0.338115871 0.694378793 0.557051182 -0.45555681 0.159534827 0.0204737429 0.986980021 0.431764781 0.737484574 0.519322395 -0.112653948 0.0239060558 0.993346691 0.805421829 0.366345823 0.465925246 0.0382810086 -0.127689168 0.991075158 0.0507422127 -0.128688425 0.990386069 0.51317662 0.117007159 0.850269973 0.236230746 -0.0878642648 0.967716336 0.607470691 0.189915136 0.771305203 0.891579628 0.123864867 0.435595423 0.851747632 0.160331249 0.498818517 0.780647635 0.21314621 0.587501466 -0.0652589872 -0.0494417138 0.996642649 -0.0610930324 -0.05552442 0.996586502 -0.0927933827 -0.00903965719 0.995644331 0.901103795 -0.429616958 0.0586635694 0.172450975 0.725371182 0.666406274 -0.668461144 -0.521566868 -0.530214667 -0.045295842 -0.0392095335 0.998203814 -0.0356127732 -0.0469331667 0.998263061 -0.0581244677 0.0283210166 0.997907579 0.10073705 0.265789837 -0.958753347 0.182113722 0.467759818 -0.864890337 0.154574439 0.268082052 -0.950914681 0.263642848 0.229690716 -0.936874926 0.230858266 0.185631439 -0.955115378 0.466646791 0.353550851 -0.810704947 0.258057237 0.172536969 -0.950598478 0.451148659 0.2733621 -0.849551558 0.381883681 0.140768781 -0.913427055 0.418672562 0.0855905637 -0.904094875 0.720895052 -0.00660587288 -0.693012774 0.607250035 0.117854044 -0.785721302 0.456990272 0.0365576781 -0.888720095 0.459367245 -0.0596476607 -0.886241496 0.14895393 -0.0729908571 -0.986146569 0.663383365 -0.0849552006 -0.743441463 0.367664605 -0.0587175116 -0.928102911 0.564010561 -0.453572363 -0.690046549 0.53047061 -0.2632792 -0.805782199 0.398213238 -0.342033058 -0.851140261 0.264046431 -0.542297363 -0.797617137 0.107163221 -0.274748206 -0.955525756 0.338658541 -0.60766083 -0.718372226 -0.486049205 -0.555649698 0.674543977 0.729379714 -0.596762061 -0.334485024 -0.261457533 -0.861992955 -0.434290558 -0.525142372 -0.627649248 -0.574701488 0.828950405 0.185423687 0.527692378 -0.992765307 -0.0897043869 0.0798130408 -0.983577192 -0.0311609749 0.177777991 -0.000298885221 6.77666903e-05 -0.999999881 -0.390593559 0.721848428 -0.57128942 -0.256683677 -0.38543871 0.886312842 -0.591445386 -0.719066679 -0.364877373 -0.653445959 -0.50512445 -0.563788593 -0.00871507917 -0.956824243 -0.290536284 0.845789909 0.513571322 0.144512519 -0.208938628 0.306164503 -0.928766847 0.992362618 -0.000539914006 -0.123354338 0.980110288 -0.00125467777 -0.198449463 0.921178102 -0.00308701466 -0.389129162 0.353476584 0.914723456 0.195793837 0.952621877 -0.243114293 -0.182775706 -0.0502092205 0.939196587 -0.339689314 0.406913012 0.912312746 -0.0459037758 0.402204722 0.90874213 0.111441039 0.25959903 0.949988067 0.17358309 0.0405270308 -0.995444715 0.0862978324 0.0404611714 -0.997579336 0.0565545559 0.0401996747 -0.999165773 -0.00718953414 0.925880671 -0.191882223 -0.325463235 0.715613365 0.469367385 0.517292678 0.990507782 -0.0307426304 0.133974507 0.997800171 -0.0390066244 -0.0536036752 0.955918729 0.149757013 0.252570897 0.687667668 -0.706726849 -0.166283861 0.871497452 -0.347914934 0.345611721 0.47660622 0.739353478 -0.475607961 0.724380612 -0.514635682 -0.458718836 0.337740362 0.509636402 0.791329443 -0.183251843 -0.948914468 0.256865859 0.732309401 -0.570355058 -0.372045696 0.725907087 -0.565368831 -0.391684711 0.68816942 0.568823099 0.450403452 0.945815206 -0.32469213 0.00293895695 0.941965699 -0.323844463 0.0884616971 0.937868118 -0.322655022 0.127659738 0.573060393 0.77960968 0.252607644 0.686577559 -0.725770235 0.0432310663 -0.0803472996 -0.989694595 -0.118528105 0.30404371 -0.82443279 0.477355301 0.135868803 -0.839504302 0.526091456 0.253506631 -0.824508727 0.505885243 0.481143802 -0.599559546 0.639553785 0.454833388 -0.698415041 0.552578568 0.63862735 -0.495062649 0.589124799 0.887895942 -0.459121883 0.0291159712 0.995848656 -0.0163332671 0.089547053 0.842583835 -0.0958555862 0.529966235 0.999280989 -0.00689377682 0.0372813344 0.821357548 -0.101513073 0.561308324 0.874080002 0.35608983 0.330430299 0.791085064 0.089582555 0.605111182 0.832820833 0.460428923 0.307269871 0.632948339 0.724900305 0.271838009 -0.201898813 0.209276572 -0.956786335 -0.0913275406 0.255449235 -0.962499321 -0.162543923 0.109149382 -0.980645657 0.184201077 0.0948613361 -0.978300214 0.0258819554 0.208459318 -0.977688491 0.178168416 -0.00258371467 -0.98399663 0.144248173 0.153486341 -0.977565527 0.0747061297 0.144645214 -0.986659467 0.291258454 0.956643343 -0.00139948097 0.669426382 -0.440095276 0.598485231 0.396232754 -0.583693027 0.708732784 0.659483135 -0.239230067 0.712636709 0.615738511 0.223250851 0.755662024 0.0865512043 0.837621748 0.539350212 0.0227350723 0.998255134 0.0544957258 -0.677080214 -0.369865775 0.636208832 -0.635190964 -0.720349133 0.278620601 -0.661388159 -0.750042558 0.0013671054 -0.658424973 -0.746676922 -0.0946047083 -0.0833544135 0.83912909 0.537507653 -0.620206416 -0.741133273 0.257032126 0.466686845 -0.431442261 -0.772049904 0.920295835 -0.317184418 0.229018524 -0.0580531135 0.0318066701 0.997806668 -0.494034916 -0.720079541 0.487252444 -0.626641452 -0.710620642 -0.319904357 -0.00881129224 0.00846951175 -0.999925315 -0.062563166 -0.092466034 0.993748307 -0.107615955 -0.0244011302 0.993893087 -0.0604258217 0.0759999752 0.995275199 -0.00407172414 -0.280707538 0.959784687 -0.000545528077 -0.000407714804 0.999999702 -0.000275768602 5.43725982e-05 1 0.00290091126 0.038452208 0.999256194 -0.830685914 0.555965304 0.0293877069 0.544977486 0.500886619 0.672393024 -0.388367444 0.893200934 0.226633608 0.0402020924 -0.0729876235 0.996522307 0.29507646 0.0364042595 0.954779863 0.277322501 0.0381467417 0.96001929 0.165388927 0.0486291759 0.985028744 -0.45106855 0.863880932 0.224158406 0.0454597212 0.0939988568 0.994533837 -0.814480066 0.576912701 0.0615950935 -0.0949437097 -0.00586973503 0.995465279 0.886169314 0.128177464 0.445280224 -0.405775934 0.381179094 -0.830691457 -0.027383659 0.0155629562 -0.999503851 0.639230311 -0.757821918 -0.130730212 -0.0707509592 -0.710324943 0.700309098 -0.501865864 -0.864713013 0.0200506784 0.92560041 0.0861058608 0.368577868 -0.0297981352 -0.743722856 0.667823553 0.0606378168 -0.697257817 0.714251041 0.0569462478 -0.145603091 -0.987702787 0.0405356698 -0.986435652 0.159064412 -0.15060176 -0.236047298 -0.960000396 -0.028956119 -0.00409744028 -0.999572337 0.038901452 0.108460397 0.99333936 -0.151068136 -0.0185778607 0.988348782 -0.0277724415 0.064368099 0.997539639 -0.182316184 -0.0398978963 0.9824301 0.891666591 0.176311463 -0.416947424 0.0976879448 0.0545655601 0.993720174 0.0466465428 0.0799558908 0.99570632 -0.114297859 0.0754932091 0.990573943 -0.233238846 -0.546523511 0.804308236 0.406783402 -0.757053614 -0.511270165 -0.0762297735 0.057727538 0.995417774 -0.409061462 0.285240591 0.866779447 0.403686404 -0.776403666 0.483978122 -0.0502747819 0.82150811 -0.567976058 0.209629148 0.548911572 0.809167206 -0.463376999 -0.222830519 0.857687712 -0.0569462739 0.145604178 -0.987702668 -0.0571082123 0.0401051305 -0.99756217 0.00525405817 -0.0532052442 -0.998569787 0.00842243526 -0.00806322414 -0.999932051 -0.845691681 0.532800436 -0.030481467 0.995013416 0.00156228221 0.0997292176 0.000152702953 -4.83959011e-05 -1 -0.0159092434 -0.0480822735 0.998716712 -0.0155971078 0.0552267246 0.998351991 -0.0350591652 0.04987216 0.998140097 0.15771617 0.0946188197 0.982940972 0.55407232 0.816129446 0.164123669 0.276553601 0.172017694 0.945477664 0.389951319 0.105264835 0.914799094 0.161309883 0.0824766755 0.983451426 0.173292771 0.173269272 0.969508886 0.0239843577 -0.18158561 0.983082592 0.0585128181 -0.294211298 0.953947544 -0.0241109394 -0.443744838 0.895828784 0.0618820898 -0.173304886 0.982922196 0.15500465 -0.280076861 0.9473809 0.106156111 -0.361325741 -0.926377177 0.244057879 -0.355628133 -0.902199745 0.158087686 -0.345756084 -0.92491138 0.321855783 -0.190895334 0.927344441 0.223633349 -0.153487936 0.962512136 0.167254791 -0.182527021 0.968870342 0.11330568 -0.227134973 0.967249393 0.123196945 -0.195998624 0.972834527 0.612568855 -0.334125072 0.716323793 0.624616981 0.6832847 -0.378121346 0.594364464 0.639931321 -0.487051129 0.55007875 0.835092068 0.00589214545 0.413934082 -0.219059378 0.883556128 0.617356598 -0.275964051 0.736691773 0.317715496 -0.0634870455 0.946058273 0.247038797 -0.100020833 0.963829696 0.373490959 0.910851777 -0.175651684 -0.998926163 0.0122507224 0.0446817875 -0.856045485 0.445399106 -0.262308687 -0.95868361 0.276398897 -0.0673011914 0.263032019 0.000677584554 0.964786887 0.228154063 0.0271584094 0.973246276 0.0340663083 -0.217112929 0.975551844 0.473028719 0.852891445 0.220952421 0.487754554 0.872934818 -0.00896543916 0.549122691 0.817622006 0.173084989 -0.291143626 0.946238697 0.140953541 -0.242259309 0.942655444 0.229589254 -0.194269598 0.930546761 0.310390145 0.946472466 0.274765342 -0.169392496 -0.189738169 -0.334491819 0.923100531 0.28309235 -0.24418959 -0.927486002 0.40084964 -0.0921264216 -0.911499977 0.389377773 -0.0970170051 -0.915954411 0.495741189 0.840129316 -0.220053032 0.934582949 -0.294210523 0.199986935 0.878281653 -0.476148129 -0.0436392725 0.9172436 -0.39058131 0.0781692266 0.827879488 -0.541011691 -0.148060217 -0.198962986 0.972465873 0.121341787 -0.228381604 0.964383364 0.133440986 0.0433226414 0.998857975 0.0201500412 0.681894422 0.661706328 0.311712593 0.72156781 0.589388728 0.363263994 0.710098684 0.601150334 0.366576225 0.76858741 0.557772636 0.313310087 0.542017281 -0.743967116 0.390807241 0.479970366 -0.832407713 0.276994318 0.554917812 -0.704131544 0.443018168 0.558979273 -0.812452972 0.165717691 0.152327776 0.0637390465 0.986272573 -0.187788829 0.943783462 0.272044182 -0.211545467 0.925428391 0.314373553 -0.248847976 0.890372694 0.381197006 0.2615484 0.905354559 0.334552675 0.422606856 0.882214725 0.207607076 0.410439432 0.83783555 0.359959722 0.591626167 0.797211885 0.120132424 0.848951221 -0.42895034 0.308679938 0.819558144 -0.545411944 0.175642475 0.750271499 -0.54751581 0.370565861 0.700870752 -0.695242345 0.159431025 0.0325651579 0.990172088 0.136010304 0.171151474 -0.980352998 0.0980570391 0.191855639 -0.973017991 0.128170192 0.189034581 -0.974102855 0.124054722 0.206638217 -0.966881812 0.149800986 0.799522281 0.232211635 0.553933084 0.948892295 0.0310182963 0.314071983 0.928480446 0.0710938945 0.36451295 0.986356556 -0.12014173 0.11254631 0.661017835 -0.73104018 0.169220537 0.649908543 -0.731514156 0.20616962 0.66551286 -0.733377993 0.138741657 0.8689785 0.492588192 0.0472568087 0.886421025 0.45387277 0.0908696949 0.890830815 0.442423403 0.103354268 0.905135512 0.39753288 0.150655761 0.674547553 -0.727050483 0.127996534 0.476380646 -0.878997862 -0.0205971133 0.977293015 0.161019802 0.137735784 0.993360639 0.0236276835 0.112589695 0.969877243 0.0275190398 0.242034703 0.994147122 -0.0512844212 0.0950865224 0.438230932 -0.894647241 -0.0869475007 0.914749503 0.403217018 -0.0254842229 0.990845978 0.0687035769 0.116206929 0.970085621 0.156127647 0.185897678 0.954486549 -0.118244499 0.273813397 0.417284757 0.897243202 0.144318923 0.556804955 0.830609202 0.00752662122 0.83992064 -0.473439664 0.265307844 0.861032486 -0.493117541 0.124330975 0.852213562 -0.425603986 0.304291666 0.846381366 -0.520390034 0.113281906 0.718193948 0.618414521 0.318999946 -0.34066987 0.0191306546 -0.939988315 -0.403931379 -0.0939170569 -0.909955502 -0.352049023 -0.157477975 -0.922638655 0.981472611 -0.0506198369 -0.184794918 -0.999834299 0.00774592813 0.016473515 -0.917235315 0.378136784 0.125267327 -0.995858967 -0.0118339779 -0.0901383311 -0.800903976 0.593157291 -0.0819595233 -0.537812471 0.842931032 -0.0150007159 -0.508881271 0.860761464 -0.0113814641 -0.584366679 -0.810355484 -0.0428904593 -0.643481672 -0.764864624 -0.0302241314 -0.867870212 -0.470812798 0.158545539 -0.876576304 -0.472158849 0.0931669399 0.843621016 -0.518651485 -0.138939962 -0.300391465 -0.953814328 0.00175486354 -0.750896811 -0.655045867 0.0840762705 -0.282897532 -0.955027342 -0.0888351724 -0.765630126 0.156087831 -0.624056876 -0.612925172 -0.456610322 -0.644848764 0.752369463 0.161219001 -0.638708532 0.74820745 0.260560304 -0.61015892 0.785201192 0.120294578 -0.607444108 -0.519520342 -0.850963652 0.0771969706 -0.753676772 -0.64204663 -0.14052555 -0.613866985 -0.788604856 0.035632316 0.395462662 -0.724381149 -0.564695776 0.44011125 0.529819608 -0.724978149 0.369732529 0.616061687 -0.695532799 0.448299289 0.518816054 -0.72791326 -0.976864159 0.213531032 -0.0118686948 -0.0496108234 0.73038888 -0.681227446 -0.0153342392 0.818141997 -0.574811816 -0.0819533691 0.631001711 -0.771440446 -0.920770168 -0.146210089 -0.36166954 -0.969947398 -0.232797563 -0.0707632229 -0.955136418 -0.262937516 -0.13630265 -0.910085082 -0.174921349 -0.375696182 0.36354053 -0.824142754 -0.434312165 -0.76546818 0.13423425 -0.629316866 -0.763918996 0.128851727 -0.632317185 -0.770795107 0.205698863 -0.602961838 -0.775120914 0.202841476 -0.598366797 -0.580999136 -0.290982813 -0.760111213 -0.478382379 -0.432108194 -0.764482021 -0.632110715 -0.232012346 -0.739328325 -0.0934490487 -0.661632299 -0.743982553 -0.742941976 -0.661352396 0.103199981 -0.761432528 -0.632523596 0.141895771 -0.685282648 -0.705206513 0.181855768 0.604455352 0.78141588 0.154993296 0.758044243 0.646847248 -0.0834116936 0.842811704 0.469392538 0.263323158 -0.272945344 -0.178001106 0.945418715 -0.375678599 -0.105038747 0.920778155 -0.170899704 -0.0832689479 0.981763542 -0.173701108 -0.176988497 0.96876359 -0.341107309 0.637473166 0.690850079 -0.153783515 0.290084839 0.944564164 -0.0887086242 0.160526708 0.983037055 -0.0285478886 0.189842969 0.981399357 -0.0730323046 0.294309974 0.95291543 0.0102136331 0.334972322 0.942172647 -0.0679325759 0.168687403 0.983325779 0.186193809 0.970634878 -0.152314916 0.33254534 0.884733081 -0.326589942 0.329515368 0.693296492 -0.640905321 0.0682057068 0.990158081 -0.122209452 -0.57768172 0.447345555 0.682763338 -0.548177481 0.533311188 0.644267559 -0.528213859 0.54280448 0.65295738 -0.527050674 0.540611327 0.655711055 -0.749671876 0.418893546 0.512367368 -0.8746894 0.476758033 0.0872934833 -0.617362559 0.275966346 0.736685753 -0.871854782 0.486206412 -0.0589281023 -0.371652126 -0.858467519 -0.353423595 -0.532389939 0.229683056 0.81474334 -0.472704947 0.0751135647 0.87801367 -0.290238053 0.0870058537 0.952990949 -0.165739462 -0.381849855 -0.909242094 0.986079454 -0.116679184 0.118462063 -0.321225911 0.00641870964 0.946980834 0.894197702 0.202049807 -0.399482667 -0.223144025 -0.021058213 0.974557936 -0.0125887422 0.295744061 0.955184281 -0.0870128199 -0.71640563 0.692236781 -0.374375999 0.186966941 -0.908232331 -0.519177377 0.0328990631 -0.854033113 -0.49561882 0.0631006509 -0.866244972 -0.933726907 0.0688791797 0.3512972 -0.864593089 0.112185106 0.489789099 -0.92203933 0.130693525 0.364366174 -0.55263567 0.821749866 0.139000162 -0.322179049 0.946468115 -0.0199685041 -0.322431386 0.942322969 -0.0898079202 -0.280253351 -0.0773839578 0.956801891 0.81825608 -0.574604094 -0.0169453863 0.41965276 -0.907269239 0.0274624061 0.81607461 -0.570959151 -0.0895985737 0.893003106 -0.449782521 0.0155296745 0.398408949 0.0960982218 -0.912159741 0.366512299 0.00948492251 -0.930364847 -0.0883840173 0.968919277 0.231049165 -0.289334744 -0.896635294 0.335157603 -0.326276839 -0.884949148 0.332277745 -0.252105951 -0.781252325 0.57104063 -0.895268202 -0.442206383 0.0542993657 -0.914424419 -0.389749974 0.109192386 -0.923070431 -0.357794464 0.141152859 -0.935217083 -0.284669846 0.210551605 -0.758562326 0.646220505 -0.0835592523 -0.427595794 0.878234327 0.214164421 -0.80170989 -0.56119597 0.205719411 -0.81483072 -0.530701399 0.233252674 -0.819114327 -0.519664705 0.242899984 -0.830127954 -0.488002807 0.269705176 -0.966083467 0.218930393 -0.136938587 -0.473847002 0.880232036 -0.025698835 -0.350967109 -0.85927844 0.372105598 -0.978008807 -0.205826476 0.0336772762 -0.985111952 0.0116601102 0.171517774 -0.721041918 -0.686797976 -0.0916894525 -0.935421348 0.0730667412 0.345902085 -0.939122796 0.179331213 0.293067962 -0.939165652 0.177731887 0.2939035 -0.907593131 0.38062799 0.177192569 -0.421488881 -0.903904974 0.0728218108 -0.494086057 -0.869057775 -0.0248518549 -0.486766428 -0.873411536 -0.0145177552 -0.54310292 -0.833989143 -0.0974755585 -0.852832556 0.50703603 0.124864109 -0.861766577 0.486956507 0.142238215 -0.88926369 0.408136696 0.206481174 -0.80962491 0.584526896 0.0532516986 -0.89770323 -0.437892318 -0.0487769879 -0.985770702 -0.12381386 0.113693632 -0.98121506 -0.175877199 0.0792727172 -0.979695678 0.0701855049 0.187803924 -0.980023205 0.0848970413 0.179852843 -0.364327133 0.726557255 0.58256346 -0.683980942 -0.717376411 0.132442892 -0.652703643 -0.738867164 0.167490453 -0.584890962 0.745217383 0.320239753 -0.577710211 0.7628088 0.290471643 -0.571063817 0.776965916 0.264972061 -0.591429055 0.726426005 0.350024253 -0.484623849 -0.742385209 0.462605655 -0.317556828 0.948231816 0.00374346762 -0.259820521 0.965069771 -0.0336716622 -0.194126949 -0.850232899 0.489304364 -0.605224669 -0.788502038 -0.109397084 -0.817626059 0.411700666 0.402480096 -0.772461474 0.622564852 0.125364572 -0.799396992 0.557174861 0.224767655 -0.705548346 0.707684278 -0.0372076146 0.399482936 0.614864111 0.679967284 0.907189786 -0.378860325 -0.182952523 0.81385082 -0.552702129 -0.179352105 0.797964633 -0.581443548 -0.158669308 0.767405272 0.637849927 0.0650886074 0.884194851 0.433489025 0.174030393 0.898267269 0.422643989 0.12036632 -0.676505506 -0.721999705 0.145109564 -0.930420578 -0.358360946 0.0767783672 -0.37540403 0.919457674 -0.116916195 0.393229306 -0.918409884 0.0435206369 0.10937006 -0.970743716 -0.213763297 0.278883219 -0.953150928 -0.117164128 0.173819929 0.984743595 0.00816850457 0.318465382 0.947902918 0.00773459068 0.562597454 0.810682833 0.162103295 0.290785283 0.952584326 -0.0895935893 0.640197873 -0.720578372 0.266295701 -0.863622308 -0.501542509 -0.0511028841 -0.436094999 0.869723082 -0.231090873 -0.942043006 -0.24312295 -0.231184155 -0.909575403 -0.391688496 -0.138754487 -0.065443106 -0.990634501 -0.119834863 -0.313102514 -0.937504947 -0.151826665 -0.157345057 -0.982421339 -0.100453191 -0.778421223 0.626455963 -0.0401665568 -0.57031548 0.814902484 -0.103316836 -0.730429173 0.682420492 0.0278450269 -0.100384913 0.991620004 0.081317395 0.965375602 0.237448692 -0.108019076 -0.354883879 -0.922083855 0.154333562 0.833525121 -0.203451023 0.513657093 0.00755208125 0.867202878 -0.497897804 -0.95248419 0.236057147 -0.192486271 -0.960785627 0.223556265 -0.164053455 -0.966034234 0.214617178 -0.143935248 -0.981246531 0.159425661 0.108345605 -0.789909065 0.610696912 -0.0556136295 0.468048841 -0.883667111 -0.00791748241 -0.634260893 -0.0681058839 -0.770113468 -0.562338412 -0.0714377016 -0.823815644 -0.298047334 -0.0996110588 -0.949339449 -0.325129271 -0.292155057 -0.899408877 -0.334330946 -0.21079722 -0.918578982 -0.0251542069 -0.222340733 0.974644482 0.807567477 0.589458227 0.0193355177 0.931069434 0.331105739 0.15322794 0.79153806 0.60459882 -0.0890375599 -0.399372548 0.916716158 0.0115302922 -0.107323945 0.969324827 -0.221112981 -0.277243972 0.953327596 -0.119592249 -0.0446610786 -0.378500819 -0.924522877 0.0445878915 -0.427897781 -0.90272671 -0.750769496 -0.223711699 -0.621528924 -0.69528079 -0.129083782 0.707051635 -0.24335821 -0.0442597978 0.968926191 -0.0117135188 0.788426638 -0.615017354 -0.262759268 -0.964580119 -0.0232971609 -0.368668407 -0.9256984 -0.0846532062 -0.100847431 -0.992664039 0.0666925386 0.474200398 0.870107293 0.13434051 0.996336937 -0.0154926823 0.0840982646 0.965536714 -0.190396383 0.17744866 0.968026042 -0.216343015 0.126969635 -0.308689296 -0.673047185 -0.672100067 -0.376166612 -0.68845892 -0.620099187 -0.399824202 -0.692753971 -0.600193858 -0.947931647 0.0740319937 -0.309749484 -0.737836003 -0.214262113 -0.6400702 -0.618971884 -0.640131533 -0.455088288 -0.399638355 -0.616606295 0.678296208 0.888694763 -0.447439909 0.100095555 0.883155882 -0.433337361 0.179595321 0.705786228 -0.70842427 -0.000862256158 -0.288655788 0.280163497 -0.915525079 -0.356298119 0.192377672 -0.914353609 0.999823213 0.000535165018 0.0187961366 0.995736837 0.0242140125 -0.0890053958 0.0816786215 0.996516764 0.0168206915 0.0162024628 0.999025345 0.0410591029 -0.672939599 -0.739655495 0.00787889492 -0.863537133 -0.494561046 -0.0985549241 -0.832173526 -0.552547455 -0.0466749184 -0.986686587 -0.162587672 -0.0038333647 -0.965788305 0.180455834 0.18624863 0.529471099 0.777082384 0.34029898 0.267208993 -0.962554753 -0.0456921756 0.0942661166 -0.983155787 0.156584263 0.159015954 -0.937697947 0.308928102 0.916950226 -0.392230242 0.07319583 0.671178341 -0.724876463 0.155157685 0.738389313 -0.667490065 0.0961152613 -0.018900279 -0.990054071 0.139412224 -0.960819066 0.275494695 -0.0304862447 0.736882746 -0.669262886 0.0953463539 0.566543877 -0.815638304 -0.11731267 0.236406565 -0.914877594 0.327278078 0.247406587 -0.904376745 0.347696185 0.264627457 -0.886406243 0.379810989 0.333617389 0.210753247 -0.918848455 0.324489325 0.292423218 -0.899552882 0.20485425 0.30499056 -0.930062115 0.990374148 0.106167771 0.0888116583 0.665977299 0.531212449 -0.523724616 -0.866596341 0.422614366 -0.265344828 -0.814477205 0.453358859 -0.362067133 -0.736988306 0.482732385 -0.473093897 0.302693069 0.946537495 0.11155156 0.920240045 -0.221871376 -0.32238391 0.921318412 -0.280065477 -0.26969552 -0.152081683 -0.0633971468 0.986332536 0.231578991 0.498135 0.835603178 -0.106296107 0.361502707 -0.926292062 -0.248339236 0.346716672 -0.904497147 -0.159572244 0.347164035 -0.924128711 -0.89840591 0.401282817 0.178434536 -0.836733341 0.537936747 0.102476686 0.351750672 0.156910732 -0.922849119 0.227253288 -0.642751873 0.731591403 -0.276542366 0.956263304 -0.0953140929 -0.339344829 0.940630078 -0.00775648095 -0.444727957 0.882287085 0.154228523 -0.617847443 -0.541546285 -0.570080996 -0.166972145 -0.463705629 -0.870113432 0.213072509 -0.973995388 -0.0770266131 0.259107441 0.960726082 0.099342443 0.459895581 0.867314279 0.190425694 0.702512264 -0.368213087 -0.609012008 -0.906511605 -0.393975973 0.151722491 -0.845533252 -0.440876812 0.301166475 0.567591786 -0.26121515 -0.780772865 0.624712288 -0.200149283 -0.754768133 0.481145531 -0.437471539 -0.759682596 0.753796816 -0.319767565 -0.574054778 -0.429160893 0.771765828 -0.469252974 -0.67653954 0.596731722 -0.431515425 -0.218334302 0.71856308 -0.66030097 0.574065506 -0.817922711 -0.0380956419 -0.730854273 -0.344238192 -0.589365959 0.618674755 -0.486057997 -0.617243171 0.37645936 -0.141196504 -0.915610075 0.412577391 -0.17053239 -0.89481765 0.481098711 -0.362933964 -0.798011899 0.480135262 -0.343816727 -0.807006955 0.183206588 -0.518693507 -0.835100234 0.41252178 -0.871226907 -0.266063035 0.414555758 -0.844792366 -0.338333368 0.334783077 -0.676362216 -0.656090319 0.127214059 -0.573876023 -0.809001088 0.0494395345 -0.660557687 -0.749145746 -0.177393436 -0.94219625 -0.284249604 0.038158562 -0.465205908 -0.884379685 -0.061075788 -0.517342508 -0.853596151 -0.302142084 -0.631947279 -0.713689506 -0.415237665 -0.839116871 -0.35136956 -0.412813395 -0.871836722 -0.263601482 -0.520661891 -0.164163947 -0.837831378 -0.54074657 -0.169888467 -0.823851407 -0.389887452 -0.0331525318 -0.920265555 -0.677886844 0.374220818 -0.632793903 -0.648112118 0.345004261 -0.678912938 -0.505454779 0.363638073 -0.782485008 -0.488401413 0.332771987 -0.806676447 -0.174333826 0.218958318 -0.960033834 -0.32360208 0.495173216 -0.806278646 -0.121794626 0.569235384 -0.813103378 -0.300738662 0.638609707 -0.708331764 -0.0510819592 0.640323818 -0.766404629 0.0141276363 0.615448296 -0.788050711 0.0542853549 0.513991535 -0.856075823 0.255801618 0.598366082 -0.75929153 0.321698606 0.487266868 -0.811838031 0.162521377 0.201126158 -0.965989172 0.458540797 0.319503099 -0.829251528 0.465596884 0.3602314 -0.808364332 0.554543257 0.300146013 -0.776140571 0.572252393 0.315928966 -0.756779969 -0.185027435 -0.891951382 -0.412537932 -0.110095285 -0.797457397 -0.593245864 -0.27203697 -0.850093961 -0.450928211 -0.274136633 -0.859426022 -0.431550622 -0.155876428 -0.851546168 -0.500571311 -0.374658912 -0.785846472 -0.492012173 -0.399409115 -0.738597214 -0.543089747 -0.18867451 -0.410780638 -0.89199847 0.383818179 -0.787122905 -0.482826203 0.398996383 -0.73800987 -0.544190586 0.308667153 -0.833335161 -0.458559811 0.307430536 -0.836712301 -0.453209668 0.352672309 -0.723279297 -0.593708038 0.0476774573 -0.730015695 -0.681765437 0.192378879 -0.688888788 -0.698872328 0.739784062 -0.474354267 -0.477187186 0.732465208 -0.425087601 -0.531784952 0.642452955 -0.354532242 -0.67938292 0.735071003 -0.504159331 -0.453314453 0.384418637 -0.222239956 -0.89600879 0.812864721 0.115815841 -0.570821822 0.801310062 0.0490202308 -0.59623754 0.961533785 0.0552698374 -0.269068927 0.96859169 0.0587415807 -0.241618901 0.728862405 0.137674257 -0.670675278 0.35486266 -0.0753627196 -0.931876004 0.560857475 -0.22149767 -0.79773289 0.553167403 0.362926602 -0.749860108 0.77734977 0.58335501 -0.235423341 0.4102723 0.73484087 -0.540079176 0.472232997 0.62660408 -0.619970322 0.775047123 0.595310152 -0.211914852 0.842023909 0.502075255 -0.197271943 0.502293825 0.440251291 -0.744230986 0.552308857 0.238643661 -0.798751652 0.612326145 0.194628611 -0.766274393 0.274004817 0.835456848 -0.476375103 0.173323199 0.82305634 -0.540867269 0.138375536 0.734958172 -0.663843811 0.280935407 0.854984164 -0.435978651 0.094170846 0.422583491 -0.901418328 0.393145531 0.778456211 -0.489328682 0.313883692 0.662902713 -0.679733038 -0.320121646 0.837623775 -0.442615658 -0.397954643 0.688057125 -0.606802702 -0.351857364 0.743103981 -0.569203734 -0.292377353 0.813895881 -0.502084672 -0.457641929 0.630356431 -0.627068281 -0.695215285 0.35695374 -0.623906791 -0.742090523 0.397175044 -0.539957166 -0.718115807 0.515158057 -0.467890978 -0.720438421 0.523404896 -0.45498997 -0.333986968 0.164428368 -0.928125024 -0.513826191 0.54632479 -0.66144681 -0.497699469 0.381121129 -0.77912885 -0.138545007 0.159237161 -0.977470636 -0.969435215 -0.0630615726 -0.237104863 -0.780351281 -0.20934093 -0.589260757 -0.83355397 -0.171295151 -0.525210142 -0.971895218 -0.0490244254 -0.230252862 -0.326224536 0.0692748353 -0.942750514 -0.526011705 0.18006748 -0.831196368 -0.734072506 -0.493675679 -0.46628502 -0.713263392 -0.487517595 -0.503569245 -0.731692433 -0.306443095 -0.608866811 -0.723537087 -0.399300635 -0.563074648 -0.649728537 0.346814394 -0.676441073 0.745836258 -0.0985999629 -0.658791482 0.61459589 0.448872 -0.648680091 -0.0216642655 -0.715374351 -0.698405385 -0.218568251 -0.146885782 -0.964703381 -0.364677548 -0.273423254 -0.890084267 -0.96902293 0.20607762 -0.136112407 -0.00014508696 4.46743688e-05 0.99999994 0.23555854 -0.928854764 0.285903484 0.0446436033 0.378957123 -0.924336791 0.167385563 0.464431942 -0.86964643 -0.0446220934 0.428018123 -0.90266794 0.0692198351 0.997420251 -0.0190095436 0.391127169 -0.213177308 -0.895307183 0.347015142 -0.820983827 -0.453393966 -0.980569005 -0.186058387 0.0621829964 0.0149790961 -0.166478962 0.985931218 -0.0165266618 0.0625668168 0.997903883 0.0103836944 -0.095892027 0.995337605 0.026641788 0.0120202852 0.999572814 0.197397932 0.0139332013 0.980224431 0.0666345283 0.0745675489 0.99498719 0.202576503 0.0730959177 0.976534545 0.106680632 0.144828826 0.983688951 0.108220518 0.144125775 0.983623922 -0.013125129 0.17393145 0.984670281 0.0531072281 0.223394915 0.973280251 0.0166742895 -0.062719509 0.997891903 0.0151185784 0.0174752269 0.999732971 -0.0540002696 0.0555027053 0.996997178 0.00641899323 0.00196525711 0.999977529 -0.0677037984 0.0461200513 0.996638954 0.385754734 0.168103278 0.907157421 -0.216171414 0.012106874 0.976280272 -0.17637454 -0.0402765013 0.983498752 0.499963343 0.221256658 0.837306499 -0.0522867665 -0.217231601 0.97471863 -0.149759933 0.967317164 0.204620689 -0.308410227 0.943545341 0.12085291 0.851568699 0.371320605 0.370070159 0.734353662 0.523548365 0.431997389 0.991023421 0.0663970187 0.116034105 0.690786362 -0.603447378 0.398328394 0.925260007 -0.227309734 0.303684145 0.82845366 0.400982767 0.390995234 0.717915297 0.253956437 0.64815414 0.0155443959 -0.973459899 0.22832942 0.0852459222 0.760270178 0.643989384 -0.763305128 0.0515096821 -0.643981397 0.380335778 0.014802875 -0.924729943 0.338608295 -0.0943958983 -0.936180472 0.265057981 -0.0142913582 -0.964126527 0.541364253 0.110434428 -0.833504021 -0.161463022 0.194484308 0.967525542 0.378688484 0.770171046 0.513255835 -0.89602989 0.400655866 0.191325188 0.693223596 -0.711657166 0.11395245 0.836973727 0.442476034 0.322009325 -0.183573067 -0.924223721 0.334830642 -0.58262074 0.782558262 0.219443947 -0.204242706 -0.303870201 -0.930563211 0.5116871 0.857488871 -0.0537511818 0.519730866 -0.854250491 -0.0116647622 0.905175745 -0.419846535 0.0662268475 -0.147492766 0.911511183 0.383918375 -0.94520539 -0.285740346 -0.157921374 -0.475373447 -0.867104113 -0.148830086 0.129261404 0.145731941 0.980843306 0.129602432 0.14705196 0.980601251 0.133071586 0.125411391 0.983139813 0.160973623 0.0418273397 0.986071944 0.0573963039 0.020554008 0.998139918 0.233359784 0.0680780113 0.970004439 0.20145379 0.0259068906 0.979155421 0.0319355093 -0.0282866489 0.999089599 -0.00411870191 -0.078307949 0.996920705 0.0249815937 0.0485566705 0.998507977 0.0231538583 0.00963214133 0.999685526 0.0122648245 -0.00269917562 0.999921083 0.0585957952 -0.0417371392 0.997408926 0.0703928247 -0.0669411346 0.995270669 0.078565523 -0.123316444 0.989252567 -0.00327600422 -0.00116593775 0.99999398 0.151837125 -0.156287014 0.975971222 0.0392577797 -0.120610431 0.991923332 -0.00294501102 -0.138203606 0.99039948 -0.0970673114 0.0572148897 0.99363184 -0.0687030479 -0.0187014323 0.997461855 -0.0210267957 -0.157281622 0.9873299 -0.0225112401 -0.169578135 0.985259593 -0.0568426587 -0.112552337 0.992018521 -0.0988280103 -0.112439238 0.988731742 -0.114202753 -0.123636715 0.985734046 -0.010352972 -0.0217017718 0.999710917 -0.139085039 -0.179740369 0.973832011 -0.133074343 -0.124971904 0.983195484 -0.126947165 -0.154002115 0.979881465 -0.0890260711 -0.0425020382 0.995122075 -0.0566543192 -0.0197318625 0.998198867 -0.0103781577 0.114925586 0.993319809 -0.0715330094 0.0664380044 0.995223045 -0.200179979 -0.0242909491 0.979457974 -0.0303651858 0.00152914133 0.999537706 -0.00106650975 0.0303753074 0.999537945 -0.013835324 -0.0578637198 0.99822861 -0.013498744 -0.0177232772 0.999751806 -0.000268447242 0.00289559737 0.999995768 -0.0549991503 0.0324147344 0.997960091 -0.0600006208 0.0475530662 0.997065008 -0.0387037508 0.0464943834 0.998168528 -0.0175136346 0.000921385712 0.99984616 -0.0220778137 0.0157248937 0.999632597 0.046405293 0.0162888896 0.998789966 0.0166936424 0.0380921103 0.999134839 -0.0433053598 0.12253166 0.991519392 0.0216894243 0.033853095 0.999191463 0.153129637 0.15530698 0.975925803 0.0671003908 0.121316843 0.990343213 0.128928751 0.137876585 0.982022107 0.0331324413 0.180506647 0.983015537 0.0327488929 0.171272561 0.984679282 0.0150712337 0.0956223682 0.995303512 -0.00954090338 0.106647037 0.994251132 0.0780129284 0.0169675276 0.996807933 -0.0799730942 0.0807241872 0.993523002 0.0276414901 0.04695829 0.998514295 -0.000241814938 -2.83353511e-05 0.99999994 0.922478616 -0.377395689 -0.0812749192 -0.852955639 -0.520355165 -0.0411979556 -0.265222818 -0.0177383106 -0.964023948 -0.656693935 0.186123788 -0.73082906 0.11126671 -0.856610835 0.503823102 -0.00032027706 0.00156279246 0.999998689 -5.65245955e-06 1.26583027e-05 1 -0.000179890863 0.000871119148 0.999999642 2.75437524e-05 -0.000150897191 1 0.592549443 0.766542137 0.247585014 -0.815445423 -0.540479541 -0.207197204 0.93848747 0.302735507 -0.166110039 0.304330051 -0.875269353 -0.375881255 0.956554353 0.00286032935 0.291539907 -2.75440962e-05 0.000149104439 1 2.1210758e-06 -3.19951141e-05 1 -2.46265736e-05 0.000164230776 1 5.59005603e-05 -0.000426531711 0.999999881 0.000116133786 -0.000868414179 0.999999523 -0.753186882 0.512174308 0.412779659 -0.000207029283 -0.000133934343 0.999999881 -8.07874094e-05 -5.20643589e-05 1 0.268743515 -0.963150859 -0.0108333183 -0.944648147 0.246498078 -0.216514081 -0.582865477 0.801796734 0.131870985 0.909107804 0.162315473 0.383636177 0.146344438 -0.97735697 -0.152828842 0.930375636 0.278138936 0.238830328 0.561010957 0.825164914 -0.0661022589 -0.409314305 -0.886814356 0.214527845 -0.931193411 0.173943549 0.320347697 -0.930598855 0.0375712551 0.364107043 -1.06900798e-05 -8.97766513e-05 1 -1.34511902e-05 -0.000112820264 1 -5.26388976e-05 -0.000439872209 0.999999881 2.65209783e-05 0.000220778602 1 -0.298101962 -0.915374458 0.270600826 -0.551140666 0.335548311 -0.763970792 -0.657285213 -0.752288818 0.0451398008 0.0221541207 -0.977292359 0.21073395 0.000194843058 -3.43255706e-05 1 0.258788377 0.0293527711 -0.965488017 0.21499528 -0.933265984 0.287735373 0.844481587 -0.256952107 -0.469921917 -0.313449651 0.45566985 -0.833135188 -0.915190101 0.377281845 -0.14172332 -0.0991373956 -0.143972307 0.984603405 -0.0323337279 -0.0470352806 0.998369694 0.146949977 0.20602347 -0.967450321 0.135666981 0.111766107 -0.984430134 0.542543948 0.111788183 -0.832556009 0.423862189 -0.0439546779 -0.90465951 0.282672942 0.877032161 -0.388472289 -0.162398592 -0.355945379 -0.920287728 -0.510870934 -0.117049754 -0.85165149 -0.450014353 0.0313834213 -0.892469704 -0.0939005166 -0.468499303 -0.878459573 -0.00225176569 -0.662949026 -0.748661101 -0.692745507 0.198481277 -0.693331659 0.222894639 0.468500435 -0.854883254 -0.145665064 0.118119255 -0.982257366 0.0544591323 0.137476474 -0.989006758 -0.158581764 0.227377325 -0.960807681 0.689595461 -0.72088182 0.0691916272 0.0475868508 -0.67639631 -0.734999001 -0.093694672 0.239662185 -0.966324627 -0.0304146037 0.191510811 -0.981019139 -0.0887405574 0.235932365 -0.967709124 -0.0203242507 0.183731273 -0.98276639 0.111497998 -0.296275318 -0.948572159 -0.402889282 0.583001077 -0.705542207 -0.0494703613 0.654493809 -0.754447162 0.122017317 -0.674809039 -0.727835476 0.200011224 -0.281981438 -0.938340008 -0.0627669692 -0.232600734 -0.970544815 0.340236932 -0.0934346691 -0.935686171 -0.103808239 -0.282081425 -0.953757823 -0.692361832 -0.720275998 0.0428652056 -0.467414171 -0.843337119 -0.265153825 2.33266546e-05 8.08478871e-05 -1 -9.71592044e-07 1.16160503e-09 -1 -0.00119200326 0.00119528116 -0.999998569 -1.931937e-05 5.05735334e-05 -1 -0.00107896735 0.00108193443 -0.999998868 9.71655822e-07 7.02206848e-10 -1 -2.332646e-05 8.08472178e-05 -1 9.7229406e-07 -1.42496503e-09 -1 2.52704285e-05 -8.08480036e-05 -0.99999994 -8.63183686e-06 4.27019131e-06 -1 7.19564341e-05 -4.04935126e-05 -1 -1.51992317e-05 -5.29059507e-05 -1 -9.90153349e-05 -0.000133388021 -1 -8.35665851e-05 -0.000112433503 -1 0.000674815034 -0.00571680302 -0.99998343 0.000736267888 -0.00623688987 -0.999980271 1.35623895e-05 -5.306616e-05 -1 -2.86911127e-05 -0.000113311275 -1 -2.24535725e-05 -8.86770358e-05 -1 0.00192831224 -0.00204783236 -0.999996066 0.00217227591 -0.00230691745 -0.999994934 -2.25550448e-05 -8.04204901e-05 -1 1.29709383e-06 9.1896819e-09 -1 -9.10532253e-05 9.12974865e-05 1 -2.85007809e-05 0.000832959602 0.999999642 -9.28584777e-05 0.000163613091 1 0.00018176368 5.0488572e-05 1 0.00015176693 0.000193170723 1 -0.133729845 0.951897204 -0.275695652 -0.404382259 0.74365586 0.532401145 0.341589123 0.925340056 0.164507315 0.4417364 -0.889846444 -0.114203379 -0.518211424 -0.704178035 -0.485376477 0.547176003 0.800943375 0.243080199 5.00845545e-06 0.000138941235 -1 5.95255824e-06 0.000165131903 -1 -3.86469947e-06 6.25152907e-08 -1 8.46565672e-05 -1.5507344e-06 -1 1.54374211e-05 0.000201842777 -1 2.36759188e-05 4.95920394e-05 -1 1.35322098e-05 0.000174725807 -1 0.00081687636 0.000799953064 -0.999999344 0.000897320162 0.00087885157 -0.999999225 -2.09240625e-05 8.66230548e-05 -0.99999994 1.70877672e-06 1.9117374e-06 -1 1.32191872e-06 3.35968502e-06 -1 2.39129258e-05 -8.11950667e-05 -0.99999994 0.664361298 0.724211395 0.18477501 0.313576192 0.45588842 -0.832967997 0.0274812058 0.650161624 -0.759298742 0.20910804 -0.149155751 -0.966450453 0.269915849 -0.404528975 -0.873785913 0.444260985 -0.768240809 -0.460910141 -0.295817554 0.463121772 -0.835470021 0.0728311688 0.00185883942 -0.997342587 -0.182620198 0.46268329 -0.867510259 0.133076802 0.0659607649 -0.988908291 0.17057772 0.0784710944 -0.98221463 0.267808288 0.147280529 -0.952148736 0.154818058 -0.173647851 -0.972562432 0.0443027839 0.293277264 -0.955000341 0.00426124083 0.182818398 -0.983137488 0.123773307 0.00878256653 -0.992271602 0.417396098 -0.00408866303 -0.908715427 0.287574977 0.0128805302 -0.957671463 0.116119988 0.35426268 -0.927908421 0.136965901 0.254055977 -0.957442403 0.222658589 0.0662202612 -0.972644806 0.764294684 -0.644408047 -0.0243290514 0.878451824 -0.412116557 -0.241831347 0.73883605 -0.457841337 -0.494471997 -0.0564428717 -0.0893332809 -0.994401217 -0.0183276646 -0.206669196 -0.978239179 -0.0227373037 0.192824423 -0.980969846 -0.2446796 -0.332942814 -0.910648704 -0.0676489919 -0.242563888 -0.967773914 -0.262865633 -0.774476647 -0.575402141 -0.100985385 -0.790137172 -0.604553759 -0.18058759 -0.212485418 -0.960332274 -0.394553185 0.213040486 -0.893835247 -0.294684023 0.269923955 -0.916680038 -0.075908944 -0.786029041 -0.613511443 0.31329155 -0.937115252 0.153829083 0.324848145 -0.888041794 0.325354606 0.201418296 -0.958338082 0.202531055 -0.580337822 0.389894962 -0.714975476 -0.450909674 -0.225021377 -0.863739431 -0.47382459 -0.384475291 -0.79225564 -0.223095685 -0.0521035567 -0.973403037 0.0645943955 0.0991181582 -0.992976844 0.180253625 0.0724506304 -0.980948269 -0.0696124583 0.0484999791 -0.996394396 -0.461948484 0.0716072321 -0.884011388 0.0927443504 -0.0359501839 -0.995040774 -0.600506425 0.0322967954 -0.798967421 -0.601810455 0.798580408 -0.00967009552 -0.669457138 0.742580056 -0.0200526137 -0.8589921 0.511983871 0.00228245673 -0.945163906 0.325577676 -0.0257765427 -0.993999124 0.109095752 0.00798975769 -0.988336921 -0.1502451 -0.0248301253 -0.939574301 -0.342232734 0.00876879413 -0.806787968 -0.590409935 -0.0225662068 -0.703959346 -0.710225224 0.0046177255 -0.439968079 -0.897811532 -0.0190415401 -0.40542683 -0.914123297 -0.00278605288 -0.084674716 -0.996405065 -0.00266607176 0.0211571008 -0.999606848 -0.0183986835 0.247257054 -0.912712455 -0.325299889 0.48330459 -0.875203311 -0.0208735373 0.429802269 -0.300922424 -0.851302266 -0.0308549628 0.02728495 -0.999151409 0.160869077 -0.0755515918 -0.984079897 -0.188779309 0.0296364594 -0.981572151 0.637034059 -0.491712898 -0.593637943 0.248931289 -0.420032501 -0.872700393 0.0293063261 0.206782445 -0.97794795 0.148756713 -0.454499155 -0.878237963 0.232477695 -0.764427543 -0.601335764 0.243461952 -0.779199362 -0.577559292 -0.0713857934 -0.574078679 -0.815682411 0.305643111 -0.566843569 -0.765029788 -0.0414172821 -0.546100199 -0.836695433 0.372069746 -0.745909274 -0.552434087 0.353468508 -0.74858582 -0.560962856 0.0695587993 -0.631226957 -0.772472739 -0.405839711 -0.305725038 -0.861293435 -0.44505173 -0.347484946 -0.825338185 -0.477783531 -0.108571686 -0.871742547 -0.790013015 -0.0598143302 -0.610165298 -0.549689412 -0.126041308 -0.825805843 -0.810542524 -0.107514329 -0.575726986 0.829227984 0.544844866 -0.124599859 0.834677577 0.521906316 -0.175861388 0.823777974 0.379899204 -0.420792401 -0.610553622 0.0981062949 -0.785874903 -0.662676036 0.233934939 -0.711431623 -0.555557966 0.202136114 -0.806533515 -0.738494039 0.263045132 -0.620833337 -0.53847754 0.104487658 -0.83613652 -0.779266119 0.227990404 -0.583750546 -0.62433368 0.34108904 -0.702755868 -0.614783645 0.276312858 -0.738709927 -0.617495656 0.274192542 -0.737236381 -0.613831341 0.277054846 -0.739223719 -0.619571209 0.272562712 -0.736098588 -0.516545475 0.835276604 0.188397482 -0.385525316 0.77683574 0.497891903 -0.480981618 0.772408605 0.414779067 -0.515507519 0.842229486 0.157801583 -0.98089081 0.000393904367 -0.194558784 -0.0916190222 -0.968356967 0.232143983 0.132797241 -0.984891593 0.111145765 -0.0411547758 -0.98270154 0.180565745 -0.963594556 -0.177741125 -0.199734017 -0.926433742 -0.356072813 -0.12220002 -0.938948989 -0.276729643 -0.204439685 -0.27679193 0.95532155 -0.103667684 0.0877315924 -0.97180593 0.218852401 -0.969732642 -0.226070806 -0.0922534019 -0.972687364 -0.20017758 0.117508426 -0.916392446 -0.346900821 0.199711397 -0.959638119 -0.256735355 0.114811651 -0.666251242 -0.457249194 0.58909446 -0.800287604 -0.571592987 0.181166112 -0.703613579 -0.504247487 0.50066191 -0.9161129 -0.363575906 0.168966293 -0.921174884 -0.372782707 0.111668549 -0.100109115 -0.993660748 0.0511523448 -0.0667437389 -0.993847072 0.0883927643 -0.000593195087 -0.996060908 0.0886703879 -0.295608163 -0.887049675 -0.354624718 -0.201015472 -0.903716326 -0.378007203 -0.317703128 -0.930396318 -0.182831958 -0.827822506 0.518512011 0.21413815 -0.591642439 0.535749912 0.602437735 -0.584058583 0.588092387 0.559484541 -0.938215733 -0.324539721 -0.1201047 -0.246672049 -0.917572618 -0.311790675 -0.449673027 -0.875669241 -0.17606096 -0.109553404 -0.985004067 -0.133285269 0.141810879 -0.957076669 -0.252772689 -0.0381229818 -0.992777228 -0.11375384 0.0245266557 -0.991319716 -0.129165158 -0.0830690488 -0.994075477 -0.0700954944 0.162847817 -0.984024584 -0.0719465539 -0.105164289 -0.994354606 -0.0141201196 -0.537646592 0.829408228 0.151717588 -0.628369629 0.767767727 0.125236854 -0.685424328 0.708013773 0.170029163 -0.826593578 0.532354712 0.182596639 -0.523142695 0.843060613 0.124782175 0.413300693 -0.909666002 0.0411118567 0.574781358 -0.815536499 0.0672791377 -0.876081645 -0.479391426 0.0516209379 -0.169086516 -0.971197486 0.167884216 -0.608825386 0.783636212 0.12347436 -0.817625999 -0.560349941 0.132270798 0.0789561719 -0.994357347 -0.0708471835 -0.867858887 0.45603767 0.197105646 -0.69436717 0.710833669 0.112115435 -0.561356664 0.820051789 0.111327156 -0.271389127 0.95872128 0.0848620608 -0.949849188 -0.294458836 0.105264537 -0.99587667 -0.0333169699 0.084378697 0.0453169756 -0.990610719 -0.128983065 -0.451813191 -0.891972005 -0.0158386305 -0.532072783 0.83822614 -0.119480662 -0.605417907 0.776681483 -0.173882157 -0.652429163 0.739754438 -0.164619058 -0.812318087 0.573852301 0.104080565 -0.0507061556 -0.959082961 -0.278547585 -0.819709718 -0.569284976 0.0631703138 0.216333658 -0.924983501 0.31241855 0.213222697 -0.926639199 0.309638172 0.259039998 -0.940817058 0.218544394 -0.916367352 -0.338728011 -0.213387445 -0.662488937 0.722670674 -0.197117984 -0.788872957 -0.599101543 0.136955425 -0.0930321291 -0.938845277 -0.33153373 -0.936799586 -0.3347224 -0.101820365 -0.917489111 -0.392139852 -0.0666344315 -0.479698718 0.155959219 0.863461614 -0.838237762 0.442293912 0.31895715 -0.864320338 0.252277523 0.435093641 0.285396963 -0.950533867 0.122612558 0.364158839 -0.928233206 0.0759704635 -0.737788141 0.665334702 -0.114010058 -0.72070688 0.664846838 -0.196367815 -0.817405403 -0.572088897 -0.0675468817 -0.852672517 -0.496768624 -0.161772773 -0.724464536 0.68129003 0.104857296 0.332160801 -0.942021847 0.0475823879 -0.8015486 -0.569581449 0.181925267 -0.717861056 -0.630213797 0.295814097 0.110608451 -0.987182856 -0.11504706 -0.946178138 0.160460532 0.281068265 0.0465532206 0.995043457 -0.0878707618 0.0546865873 0.99430728 -0.0914463028 0.37546435 0.922642171 -0.0880790055 -0.999447286 0.0282573421 0.0175087433 -0.651862502 0.725973189 -0.219176173 -0.629707873 0.744029582 -0.223356187 -0.76522851 0.617287278 -0.182706758 0.0164059326 -0.988222241 -0.152143374 0.315300226 -0.946362376 -0.0705977008 0.321062982 -0.930436254 -0.176654935 -0.945407689 -0.157776907 -0.285150349 -0.912811816 -0.365952164 -0.181255862 -0.501194954 -0.858786762 -0.106249385 0.40150699 -0.885167897 0.235095397 0.407965243 -0.908343196 0.0920706019 -0.524270117 -0.851231277 -0.0233732387 -0.551814973 -0.833053112 -0.0390206277 -0.901961625 -0.431725293 0.00886322837 -0.85282129 -0.423501939 -0.305519104 0.369846225 0.885951579 -0.279827714 0.116865337 -0.976866722 -0.17909199 0.431706339 -0.891893268 -0.134744361 -0.928312123 0.296085238 0.224878356 -0.881400347 0.417833179 0.220338136 -0.914902508 0.330676675 0.231530294 -0.850253642 0.520482481 0.0785288438 -0.836564541 0.448735863 0.314318299 -0.897960722 0.436699033 0.0544112623 -0.412813336 -0.685918212 0.599250674 -0.50959152 -0.838959813 0.190952629 -0.439133793 -0.74673593 0.499546647 -0.757346272 -0.644340396 0.106075868 -0.689799249 -0.695857108 0.199899584 -0.693008721 -0.715619683 0.0873341858 -0.72459954 0.678672075 -0.119831964 -0.755774915 0.647985935 -0.0944383144 0.410984874 -0.906983495 -0.092046082 0.401631057 -0.877859175 -0.260875225 -0.750869334 -0.638406694 -0.169210613 -0.766204894 -0.635911047 -0.0924513415 0.384966791 -0.921087682 0.0582929924 0.398338318 -0.864408672 0.306796938 0.517458439 -0.855708241 0.000527269847 -0.513545096 -0.849650323 0.119857587 -0.91680032 0.355609804 0.181710616 -0.988107383 -0.151278734 -0.0275429673 -0.911904275 0.372454882 -0.172359839 -0.96507901 0.225147307 -0.133907318 -0.757995903 -0.64345634 0.106798686 -0.913816452 -0.400250316 0.0688417926 -0.118102022 -0.991626501 -0.0522368513 0.561781943 -0.821013033 0.1016794 -0.957881153 0.276507288 0.0775078461 -0.986642778 0.141232714 0.0811746046 0.494889587 -0.860778213 -0.118933223 0.538406789 -0.836208284 -0.104278214 0.987738729 -0.147365242 0.0515333861 0.977249384 0.211730912 -0.0123956501 0.985653758 -0.162958473 0.0439464338 -0.510490656 -0.858959794 0.039842546 -0.898245692 0.401119471 -0.17960456 -0.97100544 0.23884578 -0.010056125 -0.696408749 -0.675879836 -0.241249472 -0.431657344 -0.885259092 0.173171312 0.435606688 -0.875014365 -0.211179346 -0.936571538 0.345725298 -0.0575138889 -0.931878448 0.342407018 -0.119833529 -0.951066792 0.15266338 -0.268636912 -0.959673107 0.262469471 -0.1006843 -0.906257927 0.414814591 -0.0813972726 -0.987651885 0.0702495873 -0.140031502 0.617595196 -0.774730146 -0.135534033 0.593120933 -0.756664038 -0.275076538 -0.95973438 0.213408023 0.182666272 0.586254358 -0.796563148 -0.147624135 -0.623972237 -0.781393349 0.0091177905 -0.598825693 -0.795637488 -0.0914811641 -0.507087767 -0.824639857 -0.250661165 -0.617478311 -0.784696221 -0.0545192473 -0.70535177 -0.702725112 -0.0930397883 -0.576991498 -0.78908217 -0.21078451 -0.503393531 -0.838969231 -0.2067018 -0.502399623 -0.845149517 0.182529673 0.592607737 -0.775464058 -0.217879757 -0.369446665 -0.92561239 0.0821642205 -0.634318352 0.773023367 0.00866693258 -0.620378375 0.784302592 0.000291064091 -0.130097613 0.980535984 -0.147050232 0.576071024 -0.772360742 -0.267583817 0.564104259 -0.782943428 -0.26227048 -0.961649895 0.242909774 -0.127374247 -0.841312885 0.527986526 -0.115856841 -0.938282609 0.343060076 -0.0439943001 -0.992204368 -0.123773843 -0.0145111233 -0.98836714 0.122308448 -0.0903930739 -0.998221278 -0.0594491437 0.00446951063 -0.846900582 -0.525565505 0.0808720663 -0.887931883 -0.32808277 0.322395205 -0.887384713 -0.438090533 0.143614262 -0.94615376 -0.290409267 0.143022925 -0.535624683 -0.836118042 -0.118375361 -0.68673712 -0.663084805 0.297843188 -0.642749071 -0.761240661 0.0859439597 -0.941014469 -0.338292092 0.00707757752 -0.943986297 -0.329970658 0.00304017705 -0.994679511 0.0244500767 -0.100074477 -0.960747004 -0.263642818 -0.0863580927 -0.14249602 -0.983257353 -0.113577977 -0.433157504 -0.892400205 -0.126476914 -0.23778449 -0.971316874 -0.00142949203 -0.812155902 0.552744985 -0.186750531 -0.860037208 0.462198138 -0.216122389 0.240575552 -0.970447123 -0.0188685078 -0.0265551228 -0.992326617 -0.120758697 0.165419906 -0.985889733 0.0256431177 -0.795061648 0.52505064 -0.303642541 -0.940264046 0.142732859 -0.309080899 -0.559689224 -0.805940092 -0.192895219 -0.4967767 -0.849895775 -0.175755739 -0.433974057 -0.847108483 -0.306714475 -0.982347548 0.161795452 0.0938912556 -0.993911028 0.023890093 0.107564554 -0.981922865 0.106360272 0.156572953 -0.0500497147 -0.945300102 -0.322339505 -0.943384588 -0.283489257 -0.172218665 -0.763734937 0.64041388 -0.0811109841 -0.659876049 0.723943114 0.201171607 -0.690206945 0.709498882 0.142217308 0.597390056 -0.801948249 -0.00200458383 0.420261443 -0.818818331 0.391045719 0.51671499 -0.843219638 0.148277491 -0.440078527 -0.8948825 0.0742721334 -0.337021381 -0.937864542 0.0826232135 -0.384618819 -0.90565747 0.178473845 -0.840914369 0.523371875 0.137640744 -0.899101079 0.417726487 0.130849898 -0.826449454 0.474322557 -0.303314 -0.988416851 0.128761366 0.0803270936 -0.99996841 -0.00728185941 0.00317720789 -0.960320115 0.126943171 -0.248335764 -0.988131523 0.104149401 -0.112910956 -0.998437047 0.00405839365 -0.0557403378 -0.955038071 0.27753821 -0.104281895 -0.971758425 0.131413713 -0.195999801 -0.986115098 0.112781718 0.121891186 -0.981061339 -0.117803939 0.153756186 -0.737601101 -0.671712101 -0.0689022392 -0.991369843 -0.00986449607 -0.130722567 -0.925239265 -0.355666131 -0.132037088 -0.976711631 -0.18750982 0.104280628 -0.744034886 -0.652893841 0.141921043 -0.790343642 -0.139694139 0.596525252 -0.963325322 -0.199814126 0.179105029 -0.842388749 -0.172448367 0.510531783 -0.93885994 -0.329903364 -0.0985178277 -0.726174831 -0.665840209 0.171251208 -0.981827319 -0.00828312337 0.189595416 -0.554428875 -0.826119959 -0.100670189 -0.741390824 -0.637618482 -0.20924221 -0.23694782 -0.759524047 0.605787933 -0.126391217 -0.974896371 0.183308989 -0.232350111 -0.786429763 0.572312593 -0.317795038 -0.944338381 -0.0850375295 -0.423788607 -0.864183903 -0.271273792 -0.425668657 -0.883431673 -0.195843443 -0.380652577 -0.921953738 0.071448952 -0.449396968 -0.885408163 0.118721895 -0.132157221 -0.983742774 0.121592395 -0.244361967 -0.96294421 -0.114130266 0.404216975 -0.911893368 -0.0711280107 0.04161717 -0.989828289 -0.136043623 0.423628002 -0.898972332 0.111301787 0.390021235 -0.91107893 0.133486584 0.401022494 -0.882235765 0.24665983 -0.993437648 -0.0975849405 0.0596554875 -0.279314607 -0.959391236 -0.0393926874 -0.939329207 0.16977115 -0.298057556 -0.902769864 0.425337553 0.0639879629 -0.451848567 -0.841025114 -0.297505796 -0.924517393 0.192987278 -0.328669369 -0.46920228 -0.819930851 -0.327967286 -0.00625262409 -0.983072877 0.183108434 -0.977888346 0.108409427 -0.178834781 -0.120242104 -0.953470886 0.276469111 -0.119032077 -0.953701377 0.276197404 -0.823676765 -0.219726324 0.522758842 -0.970800519 -0.203145549 0.127586499 -0.764573812 -0.280837536 0.580135524 -0.220123142 0.709423304 0.669525445 -0.642137706 0.747362316 -0.170612842 -0.618761182 0.734241605 -0.279327482 -0.639007151 0.709377408 -0.297411293 -0.569615722 -0.012816119 0.821811199 0.568522811 0.600690126 0.562097132 0.260459483 0.630586743 0.73110956 -0.233764485 0.0354664996 0.97164619 -0.656771123 0.0592512637 0.751758575 -0.708996296 -0.194584355 0.677835643 -0.146973237 0.0796736106 0.985926449 -0.00423251651 0.00564495847 0.999975145 -0.369120091 0.139797106 0.918807387 0.12403293 -0.556985617 0.821208298 -0.00210679229 -0.00482831569 0.999986172 -0.0760969818 -0.212670147 0.97415638 0.0843665078 -0.153817743 0.984490991 -0.0294888224 0.54686445 0.836701751 -0.081180051 0.901820302 0.424417317 -0.0782400444 0.885122776 0.458733112 -0.283999443 0.673961163 0.681997478 -0.378121734 0.443745464 0.812473893 0.983312011 -0.0360579342 0.17831856 -0.440473258 0.0059792893 0.897745788 -0.0167749878 -0.0029962 0.999854803 -0.603148162 -0.0480110608 0.796182871 -0.537599325 0.0180512946 0.843007207 -0.563914835 -0.00774595514 0.825796604 -0.458759606 0.0904888883 0.883940816 -0.634288609 -0.196354687 0.747745097 -0.547613978 -0.282254428 0.787687421 -0.466014475 -0.359960407 0.808244288 -0.510080695 -0.450721622 0.732576072 -0.155191571 -0.0640155002 0.985808134 -0.0075840489 -0.00908539537 0.999929965 0.152320236 0.0664779097 0.986092925 -0.359995961 -0.489520401 0.794211984 -0.364420354 -0.3838076 0.848463058 -0.363320708 -0.425354719 0.828897715 -0.363331646 -0.261180103 0.894301474 -0.268401831 -0.620061457 0.73721391 0.0314723253 0.0112818796 0.999440968 0.627454638 0.221365616 0.746523857 -0.121076584 -0.571684539 0.811490834 0.272808522 -0.454547137 0.847916543 -0.0111741247 -0.596021771 0.802890599 0.0979232863 -0.407028556 0.908151269 0.165558681 -0.480791986 0.861062944 0.176482067 -0.468902707 0.865438759 0.149214968 -0.498238325 0.854103982 0.197050661 -0.446007878 0.873068094 0.485662252 -0.850141048 0.203451425 0.499518871 -0.822417617 0.272231996 0.520368695 -0.811347067 0.266331375 0.99235481 0.0621378832 0.106634386 0.93463707 0.31489554 0.16521053 0.906333923 0.408212155 0.109186292 0.227620557 0.948971868 -0.218268812 0.140187845 0.890248418 -0.433364779 0.116552755 0.852668107 -0.509286225 0.966990709 0.141617402 -0.211833477 0.968425453 0.233508855 0.0873257816 0.917021155 0.391642779 0.075419277 0.95827049 0.189978719 0.213601902 -0.189963773 0.96980387 0.152951792 -0.205664173 0.972800314 0.106591202 -0.191066876 0.977192938 0.0926681012 0.609710693 -0.785688818 0.104622781 0.548606932 -0.820498824 0.160661668 0.6761446 -0.727979481 0.113465354 0.0350825563 0.998080909 0.0510265306 -0.153277978 0.980284572 0.124691926 0.143404737 0.982994139 0.114707105 0.963937163 0.252470821 -0.0841642618 0.906353652 0.416221082 -0.0726853162 0.97163111 0.236049756 -0.0146073615 0.888005435 0.391688854 -0.240886003 0.198312402 0.954615772 -0.222218201 0.046330899 0.991843998 -0.118739165 0.112839296 0.989897668 -0.085848324 0.950592816 0.230040744 -0.208457425 0.949485779 0.260909259 -0.174365133 0.975025654 0.197134569 -0.102288999 0.902155221 0.392974198 0.178008974 0.716583729 -0.646358907 0.262160152 0.668921351 -0.724870324 0.16464287 0.686320186 -0.6761145 0.268018216 0.0298565477 0.999410927 0.016925564 0.197983488 0.968081534 -0.153690189 -0.102467448 0.988584399 -0.110459276 -0.0208466481 0.997214258 -0.0716169924 0.974773645 -0.222803995 0.0132187335 -0.0213328283 0.981811166 -0.188657776 -0.0888250023 0.972457469 -0.215491384 0.160265133 0.981913507 -0.100801677 -0.154733166 0.927478433 0.340354651 -0.225434005 0.945201218 0.236165479 -0.16440855 0.926404715 0.338738948 -0.175779879 0.967709184 0.18066673 0.627252042 -0.772255242 0.100879766 0.712601244 -0.654854774 0.25172317 0.893052638 0.273788095 -0.357067347 0.836594045 0.425727487 0.344770133 0.639099479 -0.768697739 0.0256060138 0.384195447 -0.903014481 -0.192246363 0.871591568 0.477665007 0.110291876 0.833923936 0.547670484 0.0680277422 0.891899645 0.434916794 0.123945177 -0.251815647 0.950440586 0.182350412 0.0956222862 0.91963309 -0.38096121 0.0341417119 0.944992483 -0.325305521 0.884819567 0.293880403 -0.361564189 -0.299890488 0.953451753 0.0315509178 0.709383249 -0.387376547 0.588824987 0.896634042 -0.397954345 0.194112733 0.745966196 -0.416682452 0.519528747 0.850921333 0.515600801 -0.100442171 0.830186903 -0.538900852 0.142742872 0.826950908 -0.527487516 0.194702774 0.76035589 0.598053098 0.253360212 0.774178624 0.590869248 0.226982221 0.772444487 0.580980361 0.256498367 -0.181200027 0.955668151 -0.232088238 0.816262007 0.545654237 0.189678028 0.791062057 -0.597075224 -0.133123502 0.828409374 -0.558763802 -0.0389999747 0.666568279 -0.738375902 -0.102409862 0.838736236 0.53765434 -0.0863090232 0.795048892 0.605808556 0.0298886467 0.87830472 0.438359499 -0.190844849 -0.178480014 0.980823874 -0.0782906935 -0.362790972 0.686199903 0.630485833 -0.541007459 0.81655699 0.201359451 -0.403092682 0.761053741 0.508245468 -0.37627694 0.911467791 0.166259512 -0.750139594 0.657762587 0.0681101009 -0.613229573 0.784584284 0.0915254503 0.594218552 -0.77861625 -0.201645792 0.585575819 -0.780292928 -0.219645113 0.599320054 -0.777452946 -0.190741852 0.894201458 -0.410903662 0.177656844 0.581785381 -0.780917883 -0.227361247 0.766224742 0.624965966 0.149389297 0.288274735 0.956984699 -0.032830745 0.907943904 -0.375479579 -0.18615289 0.904298007 -0.389794648 -0.174084187 0.929742932 -0.315911323 -0.18915087 -0.535834014 0.816834509 0.213689774 -0.37875247 0.904720783 0.195004717 0.907867312 -0.404800117 0.109150186 0.90650785 -0.38734436 0.167951882 -0.917767882 0.350287735 -0.187084571 0.825553417 0.522580624 -0.213004529 0.838692427 -0.5327667 -0.112936608 0.676129043 0.736011267 0.0337166861 0.697689474 0.699477613 0.154791936 -0.915867031 0.401151478 0.0162827075 0.788120508 0.613384902 -0.0512360744 0.644286215 0.729014814 0.231154844 0.663827121 0.696337223 0.272851706 0.664103508 0.696032822 0.272955835 0.899745941 -0.428871959 -0.0807847232 0.884431958 -0.445310265 -0.13956745 0.952666759 -0.270229965 -0.139290482 -0.263856083 0.941759408 -0.208492413 -0.566384256 0.781823099 0.260694325 0.676328063 0.733999312 -0.0618494153 0.935661018 -0.318945885 0.151036426 0.838324606 0.538427472 -0.0854858533 -0.255881816 0.961362779 -0.101519056 -0.346407205 0.93564105 -0.0676605552 -0.299622506 0.954057455 -0.000820879359 0.694264233 0.694640934 -0.188337669 0.638807118 0.730725765 -0.240759969 0.301014006 0.0226753689 0.953350067 0.300478429 0.0247315113 0.953467965 0.301157057 0.0221253559 0.953317821 0.635491908 0.76399231 0.111650646 0.887802064 -0.357770175 0.289496332 0.924933136 -0.360592663 0.120298214 0.869157314 -0.338823289 0.360228181 0.908913732 -0.408656448 0.082919769 -0.511016548 0.856538892 -0.0721337199 0.63788414 0.751507938 0.168343633 -0.401251733 0.883772016 -0.240715593 -0.468186319 0.847614527 -0.249702096 0.667011201 -0.41356653 -0.61972481 0.795617521 -0.573809505 -0.194256067 0.994094431 0.0682883263 -0.0843379125 0.326279193 0.12967509 0.936336637 0.379132062 0.235513866 0.894869924 0.481956214 0.0797724649 0.872556388 0.966396809 -0.246329576 0.0734765977 0.674270391 0.689010859 -0.265750766 -0.385447949 0.886622012 -0.255599737 0.485694259 0.870012999 0.0847254395 0.516412556 0.835920215 0.1858906 0.920785606 -0.308072507 0.23925966 0.713215113 -0.387232155 -0.584273458 -0.452176183 0.880523443 -0.14218004 0.934952617 -0.338113129 -0.107439145 0.907684326 -0.268497139 -0.322519064 -0.352075011 0.902595639 -0.247718289 0.800347209 -0.0639247969 0.596119106 0.98472625 -0.0642546564 0.161819264 0.845960498 -0.074052982 0.528078556 -0.622383833 0.771529913 -0.131833538 0.699980438 0.665284693 -0.25966084 0.96254909 -0.19992362 0.183110937 0.595576048 0.797299385 -0.0979932621 0.905385196 0.399872929 -0.142756373 0.445442498 0.873794079 -0.195102304 0.661753118 0.738285482 -0.130450517 0.54564178 0.831184268 -0.106806718 0.561766148 0.807356715 0.180537671 0.452785522 0.862630069 0.225509614 0.497686535 0.838704109 0.221096039 0.362911284 0.765128613 0.531858683 -0.596086979 0.797715127 -0.0912730172 0.973273277 -0.211909682 -0.0885070115 0.281675696 0.959074974 0.028879337 -0.998747587 -0.0168132875 0.0471228957 0.520063758 0.853185236 -0.0401081964 -0.560191035 0.727141857 -0.396800488 -0.524884999 0.780061424 -0.340587676 -0.470576048 0.843218863 -0.259884655 0.555814445 0.816638052 -0.155475155 0.727172792 -0.686181247 -0.0193648543 0.842805088 -0.537625134 0.0252754036 0.7234056 -0.69004035 0.0229916647 -0.526821434 0.788642347 0.317021251 -0.421552807 0.902195811 -0.0913014561 -0.57065326 0.819192648 0.0572573282 -0.350819021 0.936075509 -0.0262400787 -0.215024397 0.976203024 -0.0281429384 -0.179062068 0.980105698 -0.0856126696 -0.223758429 0.964384556 0.141048402 0.884106755 -0.358399063 -0.299842387 0.982239604 -0.0680556595 0.174853623 0.257694036 0.915896535 -0.307778269 0.224338278 0.970665932 -0.0864869803 0.594454229 0.730797827 -0.335497797 0.429404199 0.903051198 0.0105143944 0.601222217 0.793590844 -0.0935165361 0.784099221 0.611932099 0.103574269 0.691011488 0.716295242 -0.0970785916 0.963384867 0.268085837 0.0044222963 0.862232983 0.484818548 0.146646544 0.93999964 0.340227813 -0.0254090223 0.954173505 0.0467335284 -0.295582533 0.993270397 0.0792282224 -0.0844790414 0.888673663 -0.338378578 -0.309449345 0.991077542 -0.129504293 0.0315274149 0.943249524 -0.321852326 -0.0818009153 0.893015265 -0.435214937 -0.114506163 0.863695681 -0.379089832 -0.332145363 -0.0456526838 0.996718884 -0.0668373182 0.346421868 0.931484938 -0.111030892 0.802196801 0.506026506 0.316886991 0.460637033 0.864756227 0.200025514 0.994386673 -0.0406971648 -0.0976677388 -0.153774813 0.987854838 -0.0222746246 -0.62996614 0.76621896 0.126693234 -0.137886733 0.989998519 -0.0298367869 0.987278461 -0.0802412704 0.137268469 0.994451284 0.0226403344 0.102732934 0.975529075 -0.198720679 -0.0940910354 0.977416098 0.192374021 -0.0874648765 0.982112527 -0.0432142243 -0.183269292 0.969587386 0.0243669916 0.243529141 0.977049649 0.156527027 0.14447619 0.977498353 0.0720217228 0.198266849 0.970460713 0.145902976 0.192141593 0.998186827 -0.0169518124 0.0577554889 0.941088915 0.108656749 -0.320226759 0.99420166 0.0736099854 -0.0783880651 0.980136573 -0.0379597619 -0.194657326 0.369505525 0.921116829 0.122513123 0.256791085 0.958152413 0.1265001 0.861093044 0.478390932 -0.172223285 0.957892239 0.0275097433 0.285807133 0.958119452 0.0398350433 0.283584595 0.676837146 0.681705713 -0.277792841 0.654954195 0.656069517 -0.374977052 0.320073366 0.946830094 0.0326452367 0.492311239 0.861572444 -0.123784453 0.148878202 0.983884335 -0.09903007 0.504575789 0.856190979 0.111086398 0.260150194 0.958685219 0.115085192 0.159945622 0.971924841 0.172567248 0.145120949 0.978685021 0.145311475 0.571824551 0.805354834 -0.156269863 0.224159107 0.969830453 -0.0958204642 0.286118895 0.956383228 -0.0588825978 -0.168556854 0.970783353 0.170787483 -0.0573220439 0.964802563 0.2566517 0.997547567 0.00888652354 -0.0694254637 -0.189300194 0.893885791 -0.406366289 -0.116215698 0.990354478 -0.0754449964 0.35580337 0.929972649 -0.0924921334 0.35154748 0.936039388 0.0156436712 0.349904209 0.921978176 0.165901378 0.378947765 0.911624014 0.159186274 0.853666306 0.517804027 -0.0559723675 0.872007191 -0.416401446 -0.257319391 0.873122633 -0.412891537 -0.259186119 0.952617347 -0.209621504 -0.220406488 -0.17259489 0.981661975 -0.0809377655 0.373915434 0.722346663 -0.581723809 0.489364833 0.850629687 -0.192227155 0.887029529 -0.168027654 -0.430052817 0.326283336 0.750109255 -0.575217545 0.957377613 -0.263493657 -0.11831782 0.27876386 0.949499846 -0.144016698 0.00456743361 0.927584052 0.373586655 -0.0973939002 0.976580739 0.191844985 -0.0934343711 0.930658937 0.353756964 0.990290761 -0.0239482243 -0.136932984 0.867385805 0.415792316 0.273420215 0.912455082 0.337902665 0.230754584 0.857623577 0.450673193 0.247740686 0.968111992 -0.240552172 0.0699571222 0.4646855 0.884412825 0.043374449 0.352828622 -0.931820393 0.0849865153 0.308074743 -0.950860739 0.030882325 0.633352101 0.772349775 0.0483837873 0.816054404 -0.146455988 -0.559111714 -0.168629006 -0.548359931 -0.819063902 -0.624101639 0.590745986 -0.511386573 0.18939662 0.51239413 -0.837604463 0.104383014 0.41238901 -0.905008018 -0.108211085 0.547684014 -0.829658091 0.0394470021 0.512221456 -0.857947052 0.416710019 0.238855734 -0.877097845 -0.227977663 0.169357359 0.958824396 -0.223096713 0.18242456 0.957574546 -0.229509607 0.165224373 0.959179997 0.466894537 0.219206646 -0.856713474 0.433400661 -0.00601004669 -0.90118134 0.430961967 -0.0481406003 -0.901085079 0.625202775 0.133718133 -0.768921912 0.24608922 0.550224066 -0.797930896 0.503556728 -0.214921594 -0.836803079 0.476978272 0.389896125 -0.787700891 0.535273314 0.135481894 -0.833742857 -0.0675348565 0.519657969 -0.851701021 0.662545919 0.748819828 -0.0173719283 0.87065208 0.491875023 -0.00489057042 0.936243653 0.350399017 -0.0258520823 -0.00238701841 -0.00569021236 0.999980927 0.00792952999 0.0161251053 0.999838531 -0.27321437 0.961891055 -0.010935084 -0.242368281 0.97000742 -0.0185273755 0.830429971 -0.556553543 -0.025183646 -0.0124761863 0.0486571193 0.998737633 -0.00235637347 0.00200536521 0.999995232 0.0410601497 0.121849589 0.991698921 0.413699239 0.467154562 0.781421483 -0.0898621827 0.410678178 0.907341242 -0.380063772 0.495802939 0.780852795 -0.00739861187 0.0276486091 0.999590278 0.0234249849 -0.0166964103 0.999586105 0.0280334111 -0.00259140297 0.999603629 -0.0014494569 0.00620915415 0.999979675 0.0108178006 -0.00752446475 0.999913216 0.359421492 -0.501407206 0.787024021 0.0867045075 0.205214947 0.974868774 0.0617234185 0.429256588 0.901071012 0.584323585 -0.236053422 0.776430726 0.614942372 0.0260622464 0.78814131 0.304248273 -0.369932234 0.877828598 -0.0501966141 0.0474547073 0.997611284 -0.0124744503 0.0144687695 0.999817431 -0.152227983 0.172506317 0.973174274 0.845524251 -0.363132089 0.391437918 0.676295996 0.135421067 0.724075258 -0.0844871029 0.027346395 0.996049285 0.00316810771 -0.00148061465 0.999993861 0.384345919 -0.133087635 0.913545847 -0.162447438 0.0378735736 0.985990107 0.145521954 -0.0865613893 0.985560954 0.610810399 0.13945967 0.779398263 0.409550786 0.103353791 0.906413913 0.00714615313 -0.00364584173 0.999967873 -0.68744272 -0.0848705545 0.721262336 0.124862589 0.0290062316 0.991750002 0.458232969 0.308320343 0.833643317 0.46556896 0.349708229 0.812988222 0.474295706 0.407642722 0.780301929 0.0745247453 0.711924911 0.69828999 0.0637193248 0.0242274255 0.99767375 0.0863240063 -0.0391208045 0.995498776 0.242205769 0.263394147 0.933787942 -0.334373891 -0.554701805 0.761905491 -0.0164889414 0.661807597 0.749492347 0.0243712384 0.212796822 0.976792455 0.0350469537 0.598452926 0.800391078 0.156481773 0.529319167 0.833867311 -0.0522171259 0.46254611 -0.885056198 -0.490223438 0.871553838 0.00865730271 -0.555668235 0.828166783 0.0732982233 -0.95802027 -0.172016054 -0.229363769 -0.957862258 -0.172898501 -0.229359731 -0.957482636 -0.17500259 -0.229349434 -0.957401216 -0.175450072 -0.229347095 -0.291750968 0.190894142 0.937251747 0.344697744 -0.785488248 0.513995707 -0.0289255157 -0.0303386841 -0.99912107 -0.0428778343 -0.0373081006 -0.998383403 -0.0261887722 -0.028971184 -0.99923712 -0.678653419 0.718237638 0.153506413 -0.685386062 0.723786652 0.0798678994 -0.751575887 -0.625252724 0.210221097 -0.985373318 -0.0538410395 0.161680654 -0.62967211 -0.656002402 -0.416141629 0.356137037 -0.442445964 0.823047876 0.682287276 0.714893162 -0.153009519 0.717532992 0.685939312 -0.120969936 0.670231342 0.723931015 -0.163443759 0.62984103 0.751404822 -0.196700439 0.234577954 0.00399498828 -0.972089112 -0.648845971 0.752909124 0.11012172 -0.582961917 0.786309063 0.204630271 -0.608403563 0.765573621 0.209146231 0.682005942 0.680527866 -0.267861485 -0.335998654 0.386462063 0.858924866 -0.0507360436 0.281381488 0.958253741 -0.237932906 0.35346365 0.904683053 -0.901630342 -0.40216282 0.159146622 -0.806620836 -0.504792869 0.307484746 -0.842025697 -0.492099643 0.22097674 -0.810854554 -0.495108455 0.312061787 -0.168975785 -0.548556328 0.818860829 -0.464997053 0.869369984 0.167252943 -0.723667383 0.651072621 0.228932157 -0.576022267 0.79779923 0.178086236 -0.423324049 0.858297348 0.290038794 -0.357497156 0.875846386 0.324173868 0.999969602 0.00226966711 -0.00746257976 0.992183089 -0.121971309 -0.0263742097 -0.227774888 0.344688714 0.910663664 0.0237809476 0.207293898 0.977989554 -0.14898929 0.303760856 0.941026866 -0.942115545 -0.317595273 0.107477531 0.532289982 -0.698722243 0.477969348 0.482134998 0.87555176 -0.0308999512 0.907264948 0.401374221 -0.125574768 0.791019619 0.166942522 -0.588572919 0.877653897 0.278792113 -0.389869869 0.832634032 0.214449719 -0.510619164 -0.305483282 0.881991029 -0.358847827 0.72367382 0.101467811 -0.682642341 -0.802796602 0.451046765 0.389967173 0.807244778 0.542476416 0.232540682 0.784536302 0.529709876 0.322351217 -0.472024471 0.270864189 0.838943064 -0.418293148 0.225453839 0.879887104 -0.965824187 0.247604519 -0.0766526237 -0.981966913 0.179570287 0.0591233 -0.811762929 -0.525129974 0.255498469 0.634505332 -0.723391891 0.272226125 0.470044494 0.881812453 -0.0382745452 0.587196171 0.80860889 0.0367729813 -0.63049382 0.276897222 0.725124419 -0.877943158 0.416365266 0.236338258 -0.110992379 -0.810481429 0.575152576 0.555388212 0.79056704 -0.257968426 0.523963988 0.841616869 0.130930722 0.544145286 0.83899045 -0.000970011286 0.551695824 0.767114878 -0.327363074 -0.614441276 0.505902529 0.605412722 -0.482595056 0.290386826 -0.826303422 -0.826071143 0.549902737 0.123342536 0.918093562 -0.273202091 0.287166983 -0.946841359 0.212553218 0.241479769 -0.471375436 0.0989095941 0.876368701 -0.772622824 0.238427073 0.588393092 -0.0419519693 -0.967416883 0.249689117 -0.678466678 -0.698788047 0.226667419 0.199383333 -0.825001538 -0.528789937 0.619925916 -0.0365461297 0.783808768 0.106971748 0.989047945 -0.101692013 0.208370224 0.975135267 -0.0754533708 -0.975705862 0.0932409316 0.198252946 -0.979615331 0.0690100491 0.188656539 -0.792358756 -0.532978475 -0.29681918 -0.518258572 0.00759914052 0.855190158 -0.263539195 0.14453052 0.953759909 -0.454301983 0.0446345322 0.889728904 -0.64734894 -0.580868006 0.493489206 0.373745769 -0.742595851 0.555756748 -0.433191657 -0.892380357 -0.126499459 0.168362334 -0.967737615 -0.187451333 0.249785304 0.967641652 -0.0357325561 0.121323511 0.975798488 -0.181928545 0.139858067 0.976899564 -0.16157648 0.00577202067 0.95279485 -0.303560048 -0.0409443788 0.0409332626 -0.998322606 -0.984636128 0.129826635 0.11677599 0.347158998 -0.923838258 -0.161255777 -0.124324113 -0.0506017841 -0.990950584 -0.120511614 -0.0733487457 -0.9899984 -0.125284031 -0.0448070168 -0.991108596 -0.854711354 -0.518392086 -0.0271678343 -0.942568541 -0.296045423 0.154666245 0.347035438 -0.908565938 0.232538655 -0.299573183 -0.93840158 0.172215909 0.509384811 -0.671042323 -0.53872925 0.594684601 0.213509619 0.775089562 -0.321148485 0.943458796 -0.0821533576 -0.206634432 0.978325129 -0.0134901032 -0.399097383 0.907620847 -0.130175516 -0.514798045 0.832746804 -0.203754202 -0.92862165 -0.312764078 0.199600935 -0.922564983 -0.335890085 0.189872503 -0.477822751 -0.204821512 0.85424453 -0.298886448 0.0226450805 0.954020023 -0.434432745 -0.145940527 0.88880229 0.257677853 -0.966092288 0.0163663272 0.424968362 -0.880089343 0.211765498 0.280149341 -0.959061503 0.0414421074 -0.387555599 -0.781676173 0.488654256 0.661479831 -0.43517679 0.610790908 0.0975328088 -0.983275175 -0.153809056 -0.213434353 0.958919942 -0.186864182 -0.120252334 0.987579167 -0.101127423 -0.248920262 0.943309546 -0.219558343 -0.341652334 0.888917685 -0.305121392 0.475223571 -0.842055321 -0.25515765 0.471998096 -0.783816099 -0.403546929 -0.279952437 -0.0638153777 -0.957890511 -0.968482494 -0.185936868 0.165737987 -0.971757948 -0.159558401 0.173860654 -0.9769153 -0.14714089 0.154874176 -0.955894113 -0.27777338 0.0954376087 -0.44530338 -0.0419228896 0.894397736 -0.445427775 -0.0418454707 0.894339442 -0.445865631 -0.0415728875 0.894133985 -0.39792484 -0.366056532 0.841224432 -0.584863484 -0.811124325 0.00347154005 -0.496140897 -0.868119419 0.0145895975 -0.742626727 -0.654172897 0.143399552 0.792010725 -0.583126605 0.180782586 0.470984668 -0.675312996 -0.567561209 -0.613791466 0.775282264 -0.148988068 -0.550998688 0.825891078 -0.119600579 -0.708367407 0.678224266 -0.195518523 -0.774834514 0.588624597 -0.230548397 -0.685148656 -0.704334259 0.185700402 -0.192571804 -0.254936993 0.947588086 -0.197335124 -0.276309848 0.940591097 -0.181270197 -0.205441967 0.961735189 -0.20921123 -0.331100255 0.920110464 -0.0503824167 -0.876614571 0.478548318 0.814077795 -0.158480912 0.558713794 0.364862919 -0.921967328 -0.129812747 0.902730048 -0.379725844 -0.202204809 -0.552879274 0.831474483 -0.0545405038 -0.59729147 0.780367196 -0.185121402 -0.604413331 0.768496037 -0.209995687 -0.632125854 0.701554835 -0.328995079 -0.228931993 -0.171567872 -0.958203852 -0.793418109 -0.56964016 0.214470863 -0.754836917 -0.645779252 0.114849173 -0.214621052 -0.0872280747 0.972794414 -0.503045559 -0.150833204 0.850996196 -0.246324837 -0.46041128 0.852845609 -0.211737022 -0.406831443 0.888625681 -0.450027227 -0.60815388 0.653929949 -0.631304622 -0.38544327 0.67296952 -0.692848623 -0.240187585 0.679904938 0.474691898 0.311023921 0.823366046 -0.164372966 -0.981689632 -0.0962653235 -0.0984038711 -0.994897902 0.0222440381 -0.472165316 -0.876023769 0.098194398 -0.0763620064 -0.901566207 -0.425848812 0.954603672 -0.233423278 0.185055017 0.703821242 -0.466302186 -0.53590858 -0.938337922 0.332332164 -0.0952747017 -0.910729408 0.402714759 -0.0916109905 -0.377769649 -0.896942019 0.229750022 -0.360295683 -0.906846821 0.218668327 -0.0466140583 -0.984330654 -0.170059681 -0.0385055058 -0.985725701 -0.163896888 -0.0536620654 -0.280512601 0.958349168 -0.0478989892 -0.320834398 0.945923328 -0.0629112124 -0.21322006 0.974976659 -0.0365986638 -0.396564782 0.917276919 0.315106064 -0.818490326 0.480397373 0.809237242 0.188531563 0.556409001 0.378265798 -0.92462033 -0.0446348451 0.976835012 0.0293365158 -0.211973429 -0.868412912 0.472361237 -0.150777236 -0.81775552 0.568833172 -0.0877766684 -0.902914643 0.376848489 -0.206712961 -0.929002762 0.249956846 -0.272901803 -0.136219189 -0.250109076 -0.958587408 -0.491967291 -0.84227103 0.220335484 -0.424462616 -0.897806585 0.117366247 -0.136907339 -0.147711679 0.979508877 -0.250855833 -0.228564814 0.940653741 -0.335476607 -0.287878186 0.896984637 -0.049166739 -0.0847529098 0.995188177 0.00623701373 -0.611684024 0.791077495 0.0155067863 -0.550507486 0.83468616 -0.0388258807 -0.855421484 0.516475201 0.216138765 0.852751613 0.475498259 0.259073913 -0.960964441 -0.0970984772 0.130717993 -0.984688401 -0.115332291 -0.0466934219 -0.888184607 0.45710814 0.969157815 0.136314064 0.205308452 0.874409854 -0.477863222 0.0839884356 0.862652004 0.201197192 -0.464059353 -0.0279446803 0.534812391 0.844508588 -0.995538592 0.015127616 -0.093134068 -0.990963459 0.114709333 -0.0695205107 -0.967519224 -0.208797544 -0.142513707 -0.921775341 -0.348218471 -0.170511201 0.00999772549 -0.979814291 0.199659809 0.0660137534 -0.980222642 0.186562955 0.0492584854 -0.52025938 0.852586508 -0.110566713 -0.280567199 0.953444779 0.00623383466 -0.459886283 0.887955964 0.815045536 -0.487837285 0.312594682 0.332761705 0.930237234 0.154687688 -0.173619896 -0.920878589 0.349054068 0.467479408 -0.730338275 0.498065323 0.239463866 -0.636196077 0.733424723 0.607468367 -0.792470217 0.0545262098 0.948930979 0.0897356048 -0.302452594 0.211307839 -0.439321637 0.873123944 -0.141810015 0.87545228 0.462031484 0.702373326 -0.699849784 0.129930332 0.731105864 0.527648985 0.432516903 0.754607916 0.579336643 0.308116943 0.662175536 0.423207939 0.618400097 0.495445043 -0.835992515 0.235904083 0.546204448 -0.824996352 0.145057544 0.530243278 -0.80154717 0.276340723 0.949440479 -0.214696094 0.229059771 -0.117818184 0.862532139 0.492094696 -0.122083828 0.619695187 0.775289297 -0.119543292 0.833137691 0.539991736 -0.442944169 0.780581415 0.441013664 -0.886730313 -0.443335474 -0.131007329 -0.914423585 -0.366803318 0.171128124 0.172273278 -0.41241914 0.894557118 0.0032073129 -0.3285034 0.944497347 0.127753884 -0.391545713 0.911246896 0.315849274 -0.473360986 0.822294772 -0.0132252323 -0.264036775 0.964421928 -0.00552482018 -0.263042957 0.964768231 -0.0149849737 -0.264261663 0.964334607 0.779548287 -0.413453877 0.470489472 0.997046828 0.0574232936 -0.050992284 -0.473229647 0.843011081 -0.255706966 -0.473026752 0.774134457 -0.420667827 -0.938206613 -0.249364361 -0.239970177 -0.975220859 -0.182706952 -0.124749355 -0.944039702 -0.240956888 -0.225230724 -0.894893765 -0.300082088 -0.330326855 -0.00858404674 -0.167986751 0.985751927 -0.0234387014 -0.284768969 0.958309591 -0.0352154039 -0.376278132 0.925837278 0.00597953657 -0.0520848706 0.998624742 0.390509069 -0.3352485 0.857386172 0.865702033 -0.500527799 -0.0056492053 0.606051505 0.765330017 0.216729015 0.508305609 0.566561699 -0.648562551 -0.48791346 -0.860060573 -0.149118677 -0.516893864 -0.84605974 -0.130397618 -0.473655194 -0.866403878 -0.15809837 -0.441027135 -0.879643738 -0.178106621 -0.201256275 -0.0841858685 -0.97591424 0.255379289 -0.93680948 -0.23910135 0.737870097 -0.64039892 0.213159516 0.723683596 -0.652475238 0.224851474 0.761669576 -0.610904157 0.215998948 0.860355556 -0.473787725 0.18791908 0.248505697 -0.142211184 0.958134055 0.249066442 0.968265474 -0.0206837729 0.650497675 0.759340227 -0.0159742124 0.429078072 -0.166445032 0.887799561 0.813393652 0.445852727 0.373639077 -0.30596301 0.933808684 0.185439974 0.6230793 -0.0747226998 0.778581202 0.953260303 0.079687193 0.291452676 0.716681778 0.638308644 -0.280943841 -0.530325294 0.48276785 0.696914852 -0.651138246 -0.695495665 -0.303817183 -0.670088112 -0.715964615 -0.195899621 -0.682865143 -0.73005861 0.0266374368 -0.671179235 -0.717875183 0.184861004 -0.295433551 0.225676507 -0.928325951 0.632091045 -0.759419322 0.154088408 0.70714426 -0.6916942 0.146649376 0.597094715 -0.785887957 0.160804346 0.353114009 -0.445696592 0.822596431 0.35490492 -0.436666787 0.826658726 0.372172475 -0.334785879 0.865682483 0.33627817 -0.521308601 0.784317791 0.444748968 -0.125678673 0.886793852 0.994907439 -0.096884951 -0.0277945045 0.263098925 0.934774339 0.238696635 0.757135212 0.647421658 0.0871282741 -0.0266419537 0.831888318 -0.554303169 -0.584589481 0.140088022 0.799143553 -0.405942291 -0.913081348 -0.0386414528 0.192956492 -0.973710537 -0.121060453 0.935261011 -0.287236124 0.206838891 0.948693395 -0.251123309 0.19214046 0.322257966 -0.557439268 -0.765121639 0.508505285 -0.116692476 0.853115022 0.220160797 -0.198071167 0.955142438 0.432183355 -0.140899956 0.890710235 -0.266874015 0.850095272 0.454000205 0.23243171 0.714813709 0.659558058 -0.232473552 0.849151015 0.474234849 0.271513402 0.693196356 0.66765213 0.433258176 0.899965465 0.0484718494 -0.464838058 -0.885268509 -0.0150094926 -0.310930073 -0.936340511 -0.163061038 -0.345536083 -0.929122269 -0.13166815 -0.175387293 -0.944681346 -0.277157754 0.221868128 -0.0692222938 -0.972616553 -0.054685697 -0.0424047671 -0.997602761 0.176650882 -0.0650978833 -0.982118487 -0.0871248767 -0.0390140004 -0.995433211 -0.00827439129 -0.792987585 -0.609181583 0.682173252 -0.326592714 0.654199421 0.84970206 -0.496185184 0.178344205 0.871701181 -0.380336016 0.309001058 0.911327183 -0.366269916 0.187960461 0.938779414 -0.291011989 0.184404969 0.0460587777 -0.0628133044 -0.996961892 0.0484468415 -0.0687883273 -0.996454239 0.0410360359 -0.0502533428 -0.997893095 0.476043671 0.0580435246 0.877504051 0.948305368 0.317336738 -0.00376486895 -0.502004027 0.855319679 0.128141776 0.122441225 0.956855178 -0.263507724 0.12890622 -0.990602016 -0.0457252711 -0.00958735403 -0.999746203 0.0203840137 0.238472939 -0.966161489 -0.0982986912 0.38905251 -0.905208528 -0.170984238 0.967229366 0.118283704 0.224669158 0.966897428 0.137726322 0.214804083 -0.966697633 0.21170266 -0.143797204 -0.958645701 0.278797477 -0.0571865737 -0.977074981 0.136271551 -0.163568065 0.282247484 0.0948103145 0.954645097 0.374771357 0.17200096 0.911022484 0.402102977 0.858465075 0.318356365 -0.961742163 0.227200642 0.153074622 -0.0233532935 -0.99877274 0.0436772853 0.0478715934 -0.992076695 -0.116155475 0.0743518993 -0.981666028 -0.175509408 0.136000738 -0.939786434 -0.313536912 0.946974516 0.0155920107 0.320930213 0.778417408 -0.0584341846 0.625021398 0.360615641 -0.0877982825 0.928573012 0.116639681 0.083506234 -0.989657462 0.108315594 0.10566505 -0.988485038 0.118907183 0.0774315074 -0.989881575 0.0521628857 0.25687325 0.965036333 0.0558600649 0.256457031 0.964940131 0.0514753461 0.256950229 0.965052783 0.313239902 0.162418127 0.935682237 0.695147038 0.715926349 -0.0649621114 0.866264522 0.445122212 0.226830438 0.848944604 0.346598029 0.398952335 0.753684163 0.647456944 -0.112959437 -0.194538027 0.932169676 0.305310696 -0.941917837 -0.223038867 0.251086712 -0.134465888 0.969898939 -0.203014866 -0.743187547 0.626689434 -0.234377265 0.430482924 -0.890089691 -0.149748966 0.357735932 -0.925156951 -0.126923651 0.582533777 -0.788551867 -0.197079167 0.671470642 -0.706219852 -0.224456489 0.649319351 0.585407317 0.485471606 0.206088632 0.118216641 0.971366167 0.173637629 0.0497917421 0.983550131 0.193121091 0.849173903 0.491536349 -0.746745884 0.364907175 0.556069613 -0.147611722 0.983897328 -0.10078124 -0.802025735 0.555056751 -0.220605463 0.356807232 -0.93319869 -0.0427644216 0.41557008 -0.892987311 -0.172844261 0.428512871 -0.880208731 -0.20398356 0.472354412 -0.821579933 -0.319198608 0.237266794 0.10827633 -0.965391457 0.893195808 0.388580561 0.226288408 0.872585893 0.473244965 0.120967463 0.1852348 0.0432832725 0.981740713 0.442429066 0.0371889025 0.896032095 0.267067611 -0.373267829 -0.888451457 0.190580308 -0.414415926 -0.889909327 0.203276202 -0.410984397 -0.888690412 0.301487595 0.434300512 0.848815858 0.40090245 0.915662229 -0.0289814752 0.598892391 0.714780569 0.361132443 -0.467742443 0.840205371 0.274357259 -0.771731973 -0.584295809 0.251054078 0.997774363 0.0547364913 -0.0380821154 0.498608708 0.779875994 0.378394961 0.519246221 0.814869285 0.257626534 0.332824707 0.778506994 0.532122791 0.113944888 0.251525998 0.961119771 0.112110645 0.216535598 0.969816208 -0.36685726 0.875160515 0.315451711 -0.820396662 -0.54935956 0.158598214 0.717867672 -0.696146786 -0.00677191 0.740094662 -0.657074332 -0.143224463 0.745883465 -0.629227877 -0.218472019 0.7453897 -0.578761637 -0.330800861 0.624119699 0.713763773 0.317829847 0.572383046 0.545286179 0.612405598 -0.98065424 -0.0751575902 0.180744782 -0.876210272 0.347138435 -0.334290892 0.946145654 -0.277690828 -0.16642186 0.927871943 -0.338347644 -0.156762972 0.979764342 -0.0359890722 -0.196892455 0.975266874 0.0773884878 -0.207040042 0.15436773 0.97093755 0.182895958 -0.0172869917 0.32175675 0.946664512 -0.0614459738 0.415596128 0.90747124 -0.582601488 0.640288532 0.500605643 -0.810770333 -0.29490903 0.505648077 -0.873028755 0.473763913 -0.115622282 -0.961169183 0.175830662 -0.212691173 -0.835586607 0.54214114 -0.0887577087 -0.968130291 0.0599522926 -0.243165359 0.0563445464 0.0377474949 -0.997697651 0.385957479 0.863137245 0.32562387 0.891462028 0.414191872 -0.183686107 0.89615041 0.409716845 -0.17043063 0.233721569 0.963503599 0.130518168 0.18598865 0.375185609 0.908099055 -0.12107119 0.56749469 0.814427137 -0.0250654761 -0.897268951 0.440772295 -0.419703275 0.903181195 -0.0900708735 -0.314753532 0.946274757 -0.0741239637 -0.959420383 -0.131963596 0.249195099 -0.955641747 0.29353413 0.0242188945 -0.675881624 -0.490744203 -0.549867451 0.0597724766 -0.580813468 0.811839223 0.0884132758 -0.635880351 0.766706824 0.199594244 -0.820741951 0.535298765 0.212534413 -0.838689685 0.501426697 0.9522416 0.271153271 -0.140399128 0.649272323 0.54836601 0.52701062 0.92637825 0.339901358 0.16214335 0.61018163 0.568941534 0.551347315 0.935419023 0.251986384 -0.247979894 0.262245625 -0.19769834 -0.94453299 0.352098972 0.907391965 -0.229491159 -0.255413443 0.954151332 0.156073987 -0.201086804 0.95938158 0.197866485 -0.263641894 0.947556734 0.180635631 -0.40352577 0.901724339 0.15511407 -0.206149131 0.613138556 0.762603104 -0.134094611 0.566110551 0.813349545 -0.198850811 0.608595073 0.768160343 -0.946407914 -0.0216622446 0.322246671 -0.523875058 0.462378025 0.715375066 -0.84884131 0.46355176 0.254142374 -0.767140865 -0.357281268 -0.532771051 0.128359452 -0.691792071 0.710596621 0.971367657 0.13264294 -0.197106287 0.992736697 0.0653977245 -0.100979991 0.975069106 0.123650096 -0.184257373 0.94415009 0.185383901 -0.272421569 0.01668014 0.231751889 -0.972631872 0.0491426438 -0.423782468 -0.904429853 0.718171 0.276042283 -0.638773203 -0.0212603193 0.981013119 0.19277288 -0.000251252059 0.978301883 0.207184345 -0.0813712478 0.976417422 0.199969232 -0.204995215 0.944204092 0.257789552 -0.323266596 0.909599066 0.261013836 -0.233233318 0.908332109 0.347181499 -0.272301167 0.651930749 0.707699299 -0.037671119 0.508538783 0.860214651 0.119180135 0.329207867 0.936706126 0.00132171053 0.466703355 0.884413004 -0.145026699 0.614233196 0.775683582 0.465138763 0.8429088 -0.270464033 0.772670329 -0.581051409 -0.255655706 0.244577795 -0.348277748 -0.904922247 0.086762324 -0.132835254 -0.987333298 -0.879765153 0.049461253 -0.472828537 -0.839046061 -0.540458441 -0.0625004992 -0.729532003 -0.614317954 0.300660104 -0.281504691 0.521650255 -0.80537951 -0.928150296 -0.157015964 -0.337465674 -0.489544272 0.860672414 -0.13996233 -0.491797388 0.865069449 -0.0989451408 0.47346893 0.85190922 0.22378087 0.432833761 0.873460472 0.222983688 0.342609465 0.913432479 0.219681472 0.322935283 0.920805633 0.21870023 -0.0281442534 0.232764795 -0.972125649 -0.605938792 0.794609964 -0.0378581099 -0.46769771 -0.691742539 0.550228238 -0.757838368 -0.644754708 0.099861145 -0.786576688 -0.599172354 0.149297535 -0.696334958 -0.716130972 0.0476870015 -0.487980843 -0.720169187 0.493184596 -0.685428083 0.722956777 0.0867280364 -0.738542438 0.573640823 0.354247481 -0.356661856 -0.649128735 0.67188102 0.0966630876 0.858746409 -0.503200531 0.167143628 0.816596627 -0.552478909 0.0797706544 0.867611825 -0.490801901 0.989975393 0.0931505263 -0.106168009 0.178060234 0.809305549 -0.559749126 0.19506003 0.940801382 -0.277208298 0.684809387 0.728644609 0.0106402123 0.72070837 0.655391097 0.225924507 0.724152267 0.624623835 0.292315781 0.672294617 0.739410162 -0.0359508842 -0.604770184 0.780683637 -0.157436177 -0.489508599 -0.828609526 -0.271638721 -0.427907646 -0.806212783 -0.408553571 -0.374402225 -0.919836819 -0.117145501 -0.357080758 0.365707457 -0.859506547 -0.351012796 0.202051327 -0.914311409 -0.356707513 0.333122611 -0.872805297 -0.354656428 0.481226832 -0.801648021 0.516573608 0.624149799 -0.586164534 0.644133925 0.530503869 -0.551050901 0.531233072 0.614676356 -0.583064556 0.650973797 0.524678886 -0.548584759 0.297689974 0.954660594 -0.00198186748 0.774295509 0.571364462 0.272046149 0.131163687 0.0253375545 -0.991036892 -0.0545184128 -0.0759392455 0.995620966 -0.523012698 -0.577895939 0.626493394 -0.390395254 0.408029467 0.825289905 -0.796353281 0.52266711 -0.304369032 -0.867007136 0.451719046 -0.210353315 -0.712154627 0.680891871 -0.17094408 -0.769125581 0.61377728 -0.178110331 -0.61064291 0.434838533 -0.66183883 -0.415148228 0.253010064 -0.873863757 -0.346607953 0.407654583 -0.84479636 -0.569080412 0.821035683 0.0452537909 -0.661226034 0.742475629 0.107285202 -0.663218677 0.740489721 0.108700871 -0.832280815 0.385483831 -0.398385406 -0.92929554 0.361840755 -0.0740340129 -0.933360159 0.344370604 -0.101230852 -0.932996035 0.359357178 0.0195170157 -0.728969216 0.666134953 0.157696143 -0.863581717 0.493535966 -0.103192963 0.264679402 0.935272515 -0.234968677 -0.364244789 0.921325564 -0.135959312 0.291419804 0.865950406 0.406453371 0.442706615 -0.0862610936 -0.892507613 0.46651715 -0.0982410535 -0.879039466 0.53230387 -0.132013172 -0.83619678 0.540969968 -0.136541858 -0.82988435 -0.561616719 -0.727227867 -0.39462164 -0.562417507 -0.726232529 -0.395313561 -0.587974787 -0.592035294 -0.551162243 -0.589444876 -0.578120112 -0.564209104 -0.0519126132 -0.952635288 0.299651772 0.0434404239 -0.119979136 0.991825581 -0.470366508 -0.678505898 0.564256191 -0.936072826 0.312529296 -0.161533996 -0.679116488 0.128657222 -0.722667396 -0.681261003 0.126736507 -0.720986307 -0.724228501 0.0863875598 -0.68412745 -0.401732892 0.0687630773 -0.913171589 0.883431971 0.109273203 -0.455639392 -0.927129328 0.374463469 -0.0144325774 -0.991473258 0.0902381167 -0.094010286 -0.999621987 0.00914559048 -0.0259261485 0.017133167 0.984458506 -0.174779892 -0.483247548 0.829967558 0.278613776 0.252857536 -0.947276115 0.196801856 0.305657685 -0.940100551 0.150945038 0.241695851 -0.948182225 0.206236705 0.1861756 -0.949678898 0.251890123 -0.678094089 -0.7140733 0.17403394 -0.955965459 -0.225599095 -0.187709942 -0.278061658 -0.0404280834 -0.959712088 -0.356059045 -0.0112179834 -0.934396088 0.694439411 -0.0284046251 -0.718990386 0.704288483 -0.0153480209 -0.70974791 -0.525516152 -0.157363206 -0.836103857 -0.543173671 -0.00111627183 -0.839619696 -0.995973051 -0.0843890011 0.0302665755 -0.902648687 -0.428818136 -0.0366095155 -0.880686104 -0.458959758 -0.117251538 -0.882184148 0.444219887 -0.156269014 0.613180518 -0.751557469 0.243251041 0.629821599 -0.747318625 0.211754009 0.617962122 -0.750457942 0.234383747 0.60240972 -0.753710151 0.262723237 -0.756196499 -0.399070621 -0.518564701 -0.125819772 -0.134327143 -0.982916832 -0.194713041 -0.273439556 -0.941975355 -0.317792207 -0.249089718 -0.914856434 -0.489194602 -0.196561933 -0.849736452 -0.88347435 -0.468267322 -0.0140948091 -0.646122158 -0.762858212 -0.0239476804 -0.613722324 -0.782927632 -0.101829633 -0.924368799 0.190674901 -0.330432296 0.145152986 0.958081007 -0.247004986 -0.997101068 0.0742549896 -0.0166050494 -0.777713954 0.601914942 0.181271344 0.365134507 0.586010396 -0.723373055 0.514620304 -0.759370804 -0.398148298 0.488783389 -0.768443167 -0.413020343 0.888396323 -0.349565268 0.297584027 -0.0723949969 -0.248391375 0.965950608 0.58321631 -0.549009979 0.598704278 -0.657846332 -0.737834156 -0.151125744 -0.549263716 -0.81850487 -0.168401822 -0.37928313 -0.693774343 -0.612226665 -0.283154756 -0.670503557 -0.685746551 -0.233197585 -0.065548934 -0.970217586 0.626059234 0.499730676 -0.598597646 0.789432228 0.579328716 -0.202916324 0.384643376 0.242829546 -0.890552163 -0.193987101 -0.371113151 -0.908099055 -0.367839664 -0.414104581 -0.832593262 -0.635723472 -0.771771789 -0.0149669508 -0.264643669 -0.961253166 -0.0771751106 -0.245880291 -0.962557375 -0.11413233 -0.258917242 -0.965881288 0.00594027573 -0.427578837 -0.902415633 -0.0531253144 -0.958931208 0.1587677 -0.235040009 -0.872061312 -0.468915224 -0.140098035 -0.892070591 0.188777044 0.410576791 0.067738317 0.505448997 -0.860193431 0.955305874 -0.137500852 0.261694878 0.949390829 -0.153260633 0.274168462 0.957119823 -0.132417426 0.2576572 0.962718725 -0.11584308 0.244444504 -0.00837005768 -0.432798266 -0.901451945 -0.0710204542 -0.511889815 -0.856110334 0.105075777 -0.276423007 -0.955274463 -0.259747565 0.0406952538 0.964818656 -0.259911835 0.0352211371 0.964989841 -0.259723961 0.0414621234 0.96479243 -0.0328433923 -0.427023083 -0.903644025 -0.201576009 0.883610249 -0.422611117 -0.270248383 -0.962513149 -0.0231179222 0.0178278144 -0.993651748 -0.111078039 0.0867697075 -0.994911313 -0.0512099937 -0.964224398 -0.258185387 0.0600953922 -0.97757417 -0.109604947 -0.179821372 -0.962834358 -0.261817545 0.0663447455 -0.86644429 -0.39271903 0.30829528 -0.451974273 -0.83926785 -0.302239299 -0.254582584 0.683259249 -0.684356987 -0.258550495 0.72034061 -0.643631101 -0.266356021 0.839878142 -0.47292614 -0.266483992 0.848188758 -0.457779527 0.968666673 0.243797585 0.0474083461 0.904707968 -0.015534251 -0.425749093 0.882195532 -0.0708265975 -0.465526164 -0.961100221 -0.213030875 -0.175796226 0.328129202 -0.921130061 -0.209405243 0.347975194 -0.909630477 -0.226904795 0.163745046 -0.526223838 -0.834431529 0.16467917 -0.526594877 -0.834013522 0.168062583 -0.527934194 -0.832490444 0.160792202 -0.525047362 -0.835745871 0.985681713 -0.166692555 0.0254012607 0.935248733 -0.267234176 -0.232154444 -0.517124951 0.437047839 0.735914946 0.19751291 -0.477509826 -0.856138468 0.192456514 -0.981160462 0.0168678313 -0.727651834 -0.68444562 0.0453539118 -0.872625172 -0.472710907 -0.122758918 -0.727453113 -0.68600899 0.0142712761 -0.883754313 -0.454239994 -0.112446837 -0.527345598 -0.559683383 -0.639266074 -0.307828635 -0.772583485 -0.555298328 -0.554214597 -0.524922907 -0.645989299 -0.263143152 -0.803947568 -0.533314109 -0.395615548 -0.918276906 -0.015995672 -0.351096511 -0.934138834 -0.0641558468 0.564576864 -0.591561496 -0.575593412 0.410652071 -0.439127415 -0.799081981 0.605071127 -0.534061015 -0.590480924 0.2434268 -0.0953500569 0.965221047 0.245652199 -0.0856028572 0.965570927 0.243057638 -0.0969560295 0.965154171 0.329738438 -0.43936342 -0.83560282 -0.313997656 0.428014189 -0.84747231 -0.653591931 0.645201743 -0.395641625 0.786764264 0.530077696 -0.316258818 0.599760592 0.746710062 0.28759557 0.609909475 0.745304108 0.269318014 0.605130196 0.746011674 0.278000116 0.110696442 0.552303791 0.826260746 0.646553636 -0.714446306 0.267460257 0.594781339 0.747269988 0.29634887 0.652327478 -0.7192747 -0.238982916 0.621896088 -0.769681036 -0.144348383 0.627150416 -0.774168909 -0.0857011974 -0.393891424 -0.885355592 0.24697195 -0.354329467 -0.901791394 0.247432724 -0.203341588 -0.947905958 0.245207384 -0.181920245 -0.952453256 0.244413212 0.337055206 -0.363567322 -0.868454099 0.307145119 -0.484169632 -0.819293439 0.643737078 -0.752344549 -0.139929757 0.648165703 -0.759790838 -0.0509818196 0.823639214 -0.56708014 -0.00620646402 0.837206483 -0.535193503 -0.112486511 -0.583655179 -0.792687058 -0.176050514 -0.119818561 -0.934550703 0.335050017 0.416737467 0.869546175 0.264989138 0.426918417 0.861236095 0.275704622 0.414517432 0.871312499 0.262659132 0.403973281 0.879483342 0.251623929 0.248120487 -0.135356128 -0.959226251 0.294917643 -0.206958175 -0.932840765 0.388476193 -0.159018874 -0.907633901 0.800777256 -0.597144663 0.0466270149 0.86828506 -0.483961612 0.108913638 0.910212457 -0.222156346 -0.349513829 0.218819767 0.766100824 -0.604323983 -0.108870402 -0.73168993 -0.672887146 0.314005852 -0.949145377 -0.0228801649 -0.352261394 -0.000610048359 -0.935901523 -0.447242081 0.0363507383 -0.893673956 -0.385770559 0.0180485081 -0.922418177 0.281621844 0.909427404 -0.30599162 0.0910943449 0.982532024 -0.162273079 0.254157901 0.924017906 -0.28564769 0.077843748 0.985300243 -0.152064949 -0.165414676 0.928721309 0.33183527 -0.00229306729 0.0889937058 0.996029556 0.988973677 -0.04728866 -0.140338212 0.884425521 -0.049734991 -0.46402365 -0.177645847 0.350531638 -0.919548631 0.150391191 0.973266542 0.173593625 0.487690628 0.0371282175 -0.872226655 0.508463085 -0.131104976 -0.851044536 -0.621214449 -0.75197804 -0.220503271 0.978777647 -0.192013696 0.0715895891 0.900057673 0.181152061 -0.396333337 0.964536607 0.25281474 -0.0758535713 0.956455171 0.27325505 -0.102591716 0.988518059 -0.0910181627 0.120613739 0.988466203 0.107720666 -0.106446251 0.324244618 -0.923045635 -0.207008138 0.495173663 -0.664674044 0.559474349 -0.417979777 0.881581187 0.219334364 -0.4434717 0.874650598 0.195753366 -0.413162678 0.882752597 0.223706245 -0.386722803 0.888433874 0.247246534 0.281562269 0.0955765247 -0.954771042 0.351369917 0.0856530741 -0.932310402 0.369602591 0.186334148 -0.910315037 0.539146423 0.117880829 -0.833921611 0.96568507 0.259705991 -0.00227614143 0.789233565 0.613026917 -0.0361713842 0.76525569 0.63351202 -0.114219747 0.898300052 -0.310258865 -0.311121374 -0.328785241 -0.910289228 -0.251543015 0.965682387 -0.17595537 0.191042081 0.533314288 -0.815467715 0.22491841 -0.728854716 0.678404629 0.09240143 -0.795126021 0.603626728 0.0583905019 0.620159805 0.743421972 -0.25045085 0.590162873 0.722136021 -0.360870242 -0.12074165 -0.240579978 0.963090241 -0.113885053 -0.242404193 0.963467896 -0.122760072 -0.240040302 0.962969661 0.632255673 0.59732157 -0.493416488 0.0989521295 0.161106408 -0.981963933 0.140356213 0.17755723 -0.974050164 0.276218057 0.325685292 -0.904230475 -0.356223583 -0.830447733 -0.428323746 0.0899986476 0.995922327 -0.00623946963 0.785879493 0.617928624 -0.0236145165 0.571418643 0.812985361 -0.111962877 0.64247483 0.754971087 -0.131318957 0.493270874 0.740932822 -0.45574379 0.472565562 0.878791869 -0.0663832724 0.443351358 0.896262527 -0.0123740956 0.897113919 -0.392546475 -0.202716425 0.832505524 -0.0336225294 0.552995622 -0.436260492 -0.898074031 -0.0560318008 -0.954707563 0.297187895 -0.0145923868 0.510644734 0.808939576 -0.291305274 0.89165175 -0.419560164 0.170077875 0.144332871 0.644349694 -0.750986993 0.274772376 0.372246653 -0.886528313 0.3695364 0.588749647 -0.718899608 0.144926935 0.5467062 -0.824686885 0.857993662 0.399552703 -0.322807401 0.503661573 -0.805100799 -0.313269436 0.85840553 0.509307086 0.0612072088 0.968704879 -0.212694511 0.127952874 0.0767343715 -0.812949717 -0.577256203 -0.737555921 0.4139373 -0.533542097 -0.862863779 0.26577273 -0.429919749 -0.756336391 0.395334661 -0.521215737 -0.869454861 0.25586471 -0.422589064 -0.907712817 -0.265386075 0.325004131 -0.0596238635 0.98015976 -0.189028352 -0.123346388 0.799061477 -0.588461041 -0.12671493 0.883616507 -0.45073837 -0.217883512 0.669189692 -0.710430682 0.173332274 0.253067434 -0.951794505 -0.778231978 -0.501843154 -0.377502859 0.365274906 -0.626612425 -0.688426614 -0.797881544 0.440473199 -0.411544025 -0.974402964 0.202750355 -0.0971139595 -0.972009718 0.0946797431 0.215018436 0.0398707353 0.965878189 0.255909592 -0.301995486 0.951176226 0.0637372583 -0.453994989 -0.871402979 0.185863554 -0.401220441 -0.907770097 0.122374721 -0.459297746 -0.867192686 0.192412034 -0.507915497 -0.823066652 0.254132301 0.493010193 0.866186082 -0.0816255286 0.523663819 0.807480514 -0.271571875 0.462143689 0.885684013 0.0445759594 -0.298180938 0.820190012 -0.488238037 0.389884681 0.883140147 0.260870457 -0.916352272 0.354946762 -0.185233384 -0.890664518 0.442929476 -0.102616392 -0.378532857 0.173127308 -0.909252346 -0.454520077 0.308252037 -0.835698545 0.689245164 -0.0394771136 -0.723451912 -0.0728760585 -0.977324009 0.198813796 -0.0238693282 -0.988505602 0.149287969 -0.0779893845 -0.975870907 0.203945205 -0.126430914 -0.959376335 0.252214581 0.685482383 0.724448383 -0.0727217421 -0.575580239 0.616371214 -0.537395477 -0.32638967 0.926508844 -0.18721956 -0.226515725 0.971044481 0.0759149566 -0.304912865 0.944057405 -0.12563318 -0.210308179 0.970962346 0.114029795 -0.980373144 -0.0466936044 -0.191541433 -0.980421901 -0.0509180613 -0.190211281 -0.993698478 0.0297006331 -0.108079195 -0.507651269 -0.0108664269 -0.861494064 -0.334941626 -0.135778904 -0.932404459 -0.461146712 -0.0464510769 -0.886107206 -0.618198216 0.0812019557 -0.781816602 0.551448762 0.189732239 -0.812345982 0.31447491 -0.930089295 0.189840391 0.381498694 -0.915037751 0.131014228 0.299681008 -0.932338834 0.202325478 0.228337586 -0.93816781 0.260198087 -0.972281098 -0.170570433 0.159922928 -0.22219266 -0.126535848 0.966757059 -0.202019811 -0.116658688 0.972408772 -0.0643132403 -0.0489879847 0.996726632 -0.033287324 -0.0336840823 0.998878062 0.13249889 -0.770635724 0.623349607 -0.364729941 0.896252513 -0.252395362 -0.790268004 0.395025522 -0.4684349 0.184934482 0.746380985 -0.639307857 -0.857696056 0.419040531 -0.297930658 -0.201742083 0.860760868 0.467323065 -0.870538652 -0.446405858 -0.207085222 -0.877262414 -0.439759761 -0.19241114 -0.854017735 -0.472866565 -0.216912404 -0.912185073 -0.35482195 -0.204987079 -0.909702539 -0.366000772 -0.196175113 -0.947785795 -0.273744464 -0.163603067 -0.442390233 -0.213887572 -0.870943725 -0.230481386 -0.252901286 -0.93963784 -0.377598435 -0.227461219 -0.897597253 -0.580405295 -0.179207906 -0.794364035 0.636122704 0.617444634 -0.462720245 0.448190212 -0.808122694 -0.38218233 -0.611208022 0.756746292 -0.231861547 -0.878516555 -0.0501195677 -0.475075543 -0.802541077 0.356408596 0.478435546 -0.677528799 -0.725278318 -0.122172788 -0.336440802 -0.307828158 -0.889971554 -0.33490628 -0.383938819 -0.860481679 -0.319517344 -0.576625884 -0.751938403 -0.331502706 -0.126402885 -0.934948206 0.223585889 0.617070854 -0.754475296 0.918116391 -0.354246438 0.177684113 0.950983763 -0.290709466 0.105441608 0.914854467 -0.359527379 0.183796942 0.872036457 -0.418658674 0.253529698 -0.404277712 0.914377511 -0.021755632 -0.763172448 -0.357501 -0.538294375 -0.985973835 -0.0186844207 -0.165851042 -0.996796727 0.0617624037 0.0508098453 -0.994410455 0.0039545917 -0.105509304 -0.993877828 0.0733729899 0.0826034099 -0.279041439 -0.940622866 -0.193298981 -0.266344279 -0.943974555 -0.194866166 -0.325057715 -0.939108849 -0.111409672 -0.124790423 -0.469176441 -0.874243081 0.0408924147 -0.341779053 -0.938890219 -0.07536906 -0.433067143 -0.898205101 -0.246175438 -0.550670207 -0.797596395 0.0453545898 -0.232882366 0.971446753 -0.808757722 0.055550158 -0.585512698 -0.749830425 0.5309394 -0.394788176 -0.738667309 0.558042586 -0.378099471 -0.804692924 0.0203938112 -0.593340933 -0.889554203 -0.451278239 -0.0710025579 -0.971622586 -0.233810931 0.0358066484 -0.865602016 -0.492154092 -0.0922906697 -0.98932153 -0.114087097 0.0907028317 0.179348737 -0.907625496 -0.379539043 0.050580807 -0.987822175 -0.147135541 0.102734268 -0.393629432 -0.913510621 -0.313750416 0.672605217 -0.670196116 0.937102318 0.0917769372 -0.336773366 0.940325975 0.235947639 -0.245185167 0.939317763 0.113418505 -0.323756605 0.939481735 0.246263236 -0.238177747 0.732123852 0.590786934 0.339065731 0.143921733 -0.193400621 0.970506489 -0.845838308 -0.052073162 -0.530891657 -0.458938032 -0.742444336 -0.48800841 -0.545900762 -0.824942648 0.146499589 0.953510284 -0.246609777 -0.17321007 0.752381623 -0.218747243 -0.621346593 0.83034873 -0.191924915 -0.523149967 0.440431058 -0.88727212 -0.136997759 0.411478162 -0.691029191 -0.594276249 0.442101151 -0.593776822 -0.672291398 -0.0849009678 -0.243748531 -0.966115117 -0.373802334 0.341538966 -0.862335742 0.632562697 0.750698745 0.19056721 0.594739974 0.791644454 0.139941022 0.638436019 0.743561745 0.198784664 0.672385097 0.697199523 0.248618409 -0.222189203 0.272356629 0.936191022 -0.135839164 -0.724287212 -0.675985038 -0.382511258 -0.913022161 -0.141688496 0.823658526 -0.535031676 -0.187956467 0.805454016 -0.562797368 -0.185749799 0.64686203 -0.743223727 -0.170845091 0.745631933 -0.633962095 -0.205244258 0.364828438 -0.282620311 -0.887144804 0.309068292 -0.102785833 -0.945469141 0.351447642 -0.23607336 -0.905954719 0.39633292 -0.405819446 -0.823547721 0.00837717205 -0.160414591 -0.987014234 -0.610245109 0.0827078894 -0.78788352 0.23306556 0.950741053 0.204381585 0.36570999 0.899690092 -0.238356784 0.293781459 0.95394522 -0.060671743 0.370721847 0.896218359 -0.243634984 0.209465399 0.932351112 0.294695705 0.399696738 -0.734265029 -0.548723459 0.230061814 -0.96542269 -0.122599259 -0.910168946 -0.0507684499 0.411114484 0.613477647 -0.0398873836 -0.788704038 -0.520461679 -0.0409181044 -0.852904081 -0.128548503 0.977341473 0.168163449 -0.214791521 0.971250534 0.10265018 -0.0983122513 0.976770937 0.190402761 -0.006321494 0.966704071 0.255818725 0.281633615 0.0670724362 0.957174897 0.168402955 -0.952397346 -0.254125625 0.687682986 -0.553832412 -0.469427079 -0.416803092 -0.670490146 -0.613773823 0.694731891 -0.695025325 -0.185168609 0.0105147762 -0.879502833 0.475777537 0.946795106 0.258888125 -0.191196144 0.949175 0.248839214 -0.192732289 0.952240765 0.260778874 -0.158845305 0.986176312 0.134918705 -0.0961941034 0.474697322 0.118571043 -0.872125804 0.265976548 0.203150824 -0.942330241 0.412804157 0.145513445 -0.899120986 0.606024384 0.0549840555 -0.793543398 -0.499570906 0.844153345 0.194509685 -0.511459529 0.849795878 -0.12749888 -0.51293546 0.858363986 0.0104166325 -0.48548165 0.824804604 0.289836258 0.00151810481 0.080179289 0.996779382 0.860910952 -0.208777383 -0.463944167 -0.048230812 -0.795834601 -0.603590071 0.921181321 -0.386478782 0.0453775749 0.0149226831 -0.956506729 0.291328222 0.850993633 0.520302355 -0.0713821277 -0.343804806 -0.439391077 -0.829899848 -0.82811147 0.510999262 0.23045826 -0.803897023 0.577147841 -0.143701106 -0.825142801 0.56452632 -0.021199014 -0.819528282 0.490733743 0.295894742 0.928785384 0.0711058229 -0.363732785 0.219052017 0.520327568 -0.825394094 0.222905129 0.49622336 -0.839092195 0.230038375 0.447206169 -0.864343166 0.210436448 0.56943208 -0.7946468 -0.143691674 -0.93190062 -0.333037496 -0.765837193 0.469466329 -0.439425498 -0.953917384 0.0707114413 0.291618556 0.787667453 0.0612115599 -0.613052309 0.987738073 0.153331771 -0.0293725785 0.0492885783 0.852010071 -0.521199942 0.110153608 0.965794265 -0.234750167 0.135506466 0.550387025 -0.823839784 0.0467834808 0.467410862 -0.882801533 0.193476364 0.151640117 -0.96931535 -0.705725253 0.0300181676 -0.707849443 -0.97472626 -0.159471825 0.156452343 -0.969063878 -0.198884249 0.146151364 -0.980286002 -0.0970987156 0.172078907 -0.981801569 -0.0439494476 0.18475467 -0.0863484144 0.0226617642 0.996007204 0.964779854 0.133356854 -0.226750717 0.493067026 0.731614232 -0.470771223 0.689852238 -0.261577338 -0.675041616 0.733283103 0.530850887 0.42484507 -0.337580144 0.912960052 -0.229223743 -0.344380111 0.911182284 -0.226161823 -0.228890821 0.971257269 -0.0653320104 -0.330220997 0.930606902 -0.157876 0.0860126317 0.293990135 -0.951930523 -0.0342527032 0.360555857 -0.932108521 0.00544213597 0.339315832 -0.940656781 -0.134007275 0.41073671 -0.90185219 0.0988879949 -0.479902148 -0.871731102 0.0351836272 -0.200529054 -0.979055762 0.288658351 0.0151230358 -0.957312703 -0.341663659 0.400137097 0.850385904 0.414813221 0.103105985 -0.904045999 0.0344031118 0.0277959686 -0.999021471 -0.751207352 -0.577476382 0.319700629 -0.641089618 -0.608790696 0.467309356 -0.567289352 -0.269470394 -0.778182864 0.301687002 0.0200841576 0.953195393 0.231423602 0.285296321 0.930080175 0.231064081 0.285548151 0.930092275 0.22493118 0.289830863 0.93027091 0.851223826 0.400881201 0.33869198 0.745015323 -0.661422908 -0.0864402503 -0.259550333 0.0469495058 0.964587629 0.00621784385 -0.00117871142 0.999979913 -0.00601627864 -0.00521848351 0.99996829 0.0213789213 -0.0139971282 0.999673486 0.00114656379 0.00133923243 0.999998391 0.0077706771 0.00236757472 0.999966979 0.00934236962 0.0202276651 0.999751747 0.00423934637 0.0145929297 0.999884486 -0.00922899973 0.00969067123 0.999910474 -0.0107029499 0.00824037381 0.999908745 0.000996189192 -0.0005699959 0.999999344 -0.0011336758 0.000569258933 0.999999225 -0.000452742854 -0.0196943879 0.999805927 0.294708729 -0.406668484 0.864735544 -0.0121436408 -0.0219507329 -0.999685347 0.968489349 0.248972595 -0.00640136329 0.127197459 0.0550783426 -0.990346968 0.748167455 0.457769364 0.480304807 0.11290653 -0.438004762 -0.891854227 -0.665277183 -0.0868237764 0.741530895 0.047774557 0.257362545 0.96513319 0.674371302 -0.0552455224 0.736322761 -0.575661659 -0.3512052 0.738423049 0.385071099 -0.617331088 -0.686019301 0.403729111 -0.805951238 0.432949543 0.402225137 0.915364385 -0.0179721583 0.0486320183 -0.0692517385 -0.996413112 0.26624465 -0.372122228 -0.889178693 0.246243119 -0.958916068 -0.140869781 0.157243967 -0.657963634 0.736449718 0.357836604 -0.503373146 0.786491275 -0.444585621 -0.828147829 0.341342717 -0.364183217 0.616164148 0.698364079 -0.44491607 -0.0421638675 0.894579113 -0.129030794 -0.021918973 -0.991398335 -0.632375956 0.168628514 -0.756085396 -0.436902761 0.540526628 -0.718990326 0.240799651 -0.106710277 0.964690804 -0.190155074 -0.647452354 -0.738001764 -0.105024815 -0.107633635 -0.988627672 -0.108670212 -0.101402812 -0.988892436 -0.119951531 -0.0820248723 -0.989385426 -0.234276891 0.152263418 0.960171998 0.237479299 0.281041384 0.929849029 -0.0226676632 -0.265233755 0.963917613 0.436018825 0.204119936 0.876483083 -0.129552513 -0.238215551 0.962532878 -0.0937960893 -0.126732543 -0.987492323 -0.331767768 -0.817979515 0.469935894 -0.999960542 0.00237472868 0.00856184307 -0.993268609 -0.114257351 -0.0190478247 -0.922187984 -0.386335403 0.0177329388 0.999658763 -0.021810919 0.0143758617 0.970893681 0.238166079 -0.0253434889 0.917832673 0.396777719 0.0122776087 -0.690217912 0.72358638 0.00470384816 -0.933014393 0.359707952 -0.00971443392 -0.928964555 0.370121598 0.00590487197 0.484144956 -0.874593675 0.0262594931 0.633997619 -0.772990108 -0.0230919309 0.87931788 -0.475774884 0.0209348183 0.0160277132 0.999864221 -0.00380973681 0.346731067 0.937954783 0.0042744251 0.362446725 0.931994736 -0.00427441997 -0.995993793 -0.0874076262 -0.0188770574 -0.995993793 0.087407589 0.0188770033 -0.924083531 0.381746143 -0.018423453 0.883976579 0.467527598 -0.0018241182 0.924083531 0.381746143 0.0184234679 0.995993793 0.087407589 -0.0188770015 -0.370612711 -0.928731561 -0.0101941898 -0.648950219 -0.760694981 0.0143808536 -0.679332495 -0.733822346 0.00348728034 0.663754642 0.747938693 0.00418022415 0.363073885 0.931753159 -0.00363875902 0.346101969 0.938189805 0.00363882165 -0.679332256 0.733822584 -0.0034873588 -0.662942767 0.748654366 -0.00484432513 -0.631395698 -0.774996161 0.0268386882 -0.470268339 -0.882238746 -0.0224174075 -0.0969909504 -0.99490422 0.0275375936 -0.362446725 0.931994736 0.00427443767 -0.346731156 0.937954783 -0.00427446002 -0.363073856 0.931753278 0.0036388326 -0.665760934 0.74615258 -0.00431908946 -0.0150862625 0.999880552 0.00335643929 -0.34610182 0.938189924 -0.00363881397 2.53489844e-07 0 1 8.25563333e-08 0 1 1.21008512e-07 0 1 0.662942708 0.748654485 0.004844354 0.679332197 0.733822584 0.00348739093 0.0150862671 0.999880552 -0.00335642649 -9.7884481e-08 0 -1 -1.22027842e-07 0 -1 -1.01754601e-07 0 -1 0.92408371 -0.381745934 -0.0184234232 0.667656422 -0.744465411 -0.00247551966 0.658560276 -0.752523959 0.00247558532 -0.883976817 -0.467527151 -0.00182418316 -0.92408371 -0.381745934 0.0184234381 0.357566953 -0.933885694 -0.00182430947 0.267576456 -0.963360488 0.0184234232 -0.0118180634 -0.999853194 -0.0124090016 -0.222568721 -0.974596262 0.0250054915 0.0969909802 -0.99490422 -0.0275376271 -0.833332002 -0.55235815 -0.0214063656 0.70044142 0.713580608 -0.0135846976 -0.0160277039 0.999864221 0.00380967255 0.940948904 -0.337567657 -0.0257518478 0.995993793 -0.0874076113 0.0188770574 -0.883976579 0.467527628 0.00182411948 1.54464601e-07 0 1 1.02315575e-07 0 1 -2.89923918e-07 0 1 6.80975802e-07 0 1 -2.51758138e-07 0 1 -8.61452975e-07 0 1 2.05293693e-09 0 1 2.58953747e-07 0 1 2.60278021e-09 0 1 2.64583491e-07 0 1 1.92666946e-07 0 1 1.33361112e-07 0 1 2.06407037e-07 0 1 -2.07731325e-08 0 1 2.96449599e-07 0 1 -1.03755575e-07 0 1 6.39518589e-08 0 1 -3.11290171e-09 0 1 -7.47651043e-08 0 -1 -2.02514343e-08 0 -1 -1.0808872e-08 0 -1 0 0 -1 -5.81339847e-08 0 -1 5.08219244e-08 0 -1 2.06686977e-11 0 -1 3.87550898e-08 0 -1 -4.72710155e-08 0 -1 4.72942965e-08 0 -1 1.55146314e-08 0 -1 -4.15719548e-08 0 -1 3.87714039e-08 0 -1 -4.6386198e-08 0 -1 -4.73814836e-08 0 -1 5.17430188e-08 0 -1 -7.96277959e-08 0 -1 -5.39470655e-08 0 -1 6.46433023e-08 0 -1 2.56226436e-08 0 -1 5.94735106e-09 0 -1 2.55042369e-08 0 -1 -3.19759295e-08 0 -1 -2.23889063e-09 0 -1 1.87825847e-07 0 -1 0.883976758 -0.467527241 0.00182417827 6.45176783e-08 0 -1 1 -2.37668218e-09 0 0.991444886 0.130526036 0 0.965925813 0.258819103 0 0.923879385 0.382683843 0 0.866025448 0.49999997 0 0.793353379 0.60876137 0 0.707106709 0.707106769 0 0.608761609 0.79335326 0 0.49999997 0.866025448 0 0.382683337 0.923879564 0 0.258819133 0.965925753 0 0.130526081 0.991444886 0 0 1 0 -0.130526081 0.991444886 0 -0.258819133 0.965925753 0 -0.382683337 0.923879564 0 -0.49999997 0.866025448 0 -0.608761609 0.79335326 0 -0.707106709 0.707106769 0 -0.793353379 0.60876137 0 -0.866025448 0.49999997 0 -0.923879385 0.382683843 0 -0.965925813 0.258819103 0 -0.991444886 0.130526036 0 -1 -2.37668218e-09 0 -0.991444886 -0.130526036 0 -0.965925813 -0.258819073 0 -0.923879385 -0.382683814 0 -0.866025388 -0.5 0 -0.793353319 -0.60876143 0 -0.707106769 -0.707106769 0 -0.608761549 -0.793353319 0 -0.49999997 -0.866025388 0 -0.382683396 -0.923879564 0 -0.258819163 -0.965925813 0 -0.130526349 -0.991444886 0 0 -1 0 0.130526349 -0.991444886 0 0.258819163 -0.965925813 0 0.382683396 -0.923879564 0 0.49999997 -0.866025388 0 0.608761549 -0.793353319 0 0.707106769 -0.707106769 0 0.793353319 -0.60876143 0 0.866025388 -0.5 0 0.923879385 -0.382683814 0 0.965925813 -0.258819073 0 0.991444886 -0.130526036 0 0.0475651845 -1.42306569e-10 -0.998868167 0.0471581854 0.00620850129 -0.998868167 0.0471581854 0.00620850129 -0.998868108 0.0475651771 0 -0.998868108 0.045944389 0.0123107731 -0.998868167 0.045944389 0.0123107741 -0.998868108 0.04394456 0.0182023887 -0.998868108 0.0411927365 0.0237825736 -0.998868108 0.037736021 0.028955834 -0.998868167 0.037736021 0.028955834 -0.998868108 0.0336338803 0.0336336531 -0.998868167 0.033633884 0.0336336493 -0.998868108 0.0289559662 0.03773598 -0.998868108 0.0237824097 0.0411926359 -0.998868167 0.0237824079 0.0411926322 -0.998868108 0.0182022974 0.0439444706 -0.998868167 0.0182022974 0.0439444706 -0.998868108 0.0123105124 0.0459444188 -0.998868167 0.0123105114 0.0459444188 -0.998868108 0.00620837323 0.0471582375 -0.998868167 0.00620837277 0.0471582264 -0.998868108 0 0.0475651547 -0.998868167 0 0.0475651547 -0.998868108 -0.00620837323 0.0471582375 -0.998868167 -0.0062083723 0.0471582264 -0.998868108 -0.0123105114 0.045944415 -0.998868167 -0.0123105114 0.0459444113 -0.998868108 -0.0182022974 0.0439444706 -0.998868167 -0.0182022974 0.0439444706 -0.998868108 -0.0237824097 0.0411926359 -0.998868167 -0.0237824079 0.0411926322 -0.998868108 -0.0289559662 0.03773598 -0.998868108 -0.0336338803 0.0336336531 -0.998868167 -0.033633884 0.0336336493 -0.998868108 -0.037736021 0.028955834 -0.998868167 -0.037736021 0.028955834 -0.998868108 -0.0411927365 0.0237825736 -0.998868108 -0.04394456 0.0182023887 -0.998868108 -0.0459443443 0.0123107731 -0.998868167 -0.045944348 0.0123107741 -0.998868108 -0.0471581407 0.00620850129 -0.998868167 -0.047158137 0.00620850082 -0.998868108 -0.0475651734 -2.84613139e-10 -0.998868167 -0.0475651734 -1.546578e-10 -0.998868108 -0.0471581817 -0.00620850129 -0.998868167 -0.0471581817 -0.00620850036 -0.998868108 -0.0459444374 -0.0123107769 -0.998868167 -0.0459444337 -0.0123107759 -0.998868108 -0.04394456 -0.0182023868 -0.998868167 -0.04394456 -0.0182023849 -0.998868108 -0.0411925167 -0.0237825643 -0.998868167 -0.041192513 -0.0237825643 -0.998868108 -0.0377360098 -0.0289558303 -0.998868108 -0.0377360098 -0.0289558284 -0.998868108 -0.0336338803 -0.0336336531 -0.998868108 -0.033633884 -0.0336336531 -0.998868108 -0.028955806 -0.03773598 -0.998868167 -0.0289558042 -0.0377359763 -0.998868108 -0.023782406 -0.0411926247 -0.998868167 -0.023782406 -0.0411926247 -0.998868108 -0.0182022974 -0.0439444706 -0.998868108 -0.0182022993 -0.0439444706 -0.998868108 -0.0123108355 -0.0459444225 -0.998868167 -0.0123108346 -0.0459444225 -0.998868108 -0.00620869501 -0.0471582338 -0.998868167 -0.00620869407 -0.0471582301 -0.998868108 0 -0.0475651622 -0.998868167 0 -0.0475651585 -0.998868108 0.00620869501 -0.0471582338 -0.998868167 0.00620869407 -0.0471582301 -0.998868108 0.0123108337 -0.045944415 -0.998868167 0.0123108337 -0.0459444188 -0.998868108 0.0182022955 -0.0439444706 -0.998868108 0.0182022974 -0.0439444706 -0.998868108 0.0237824079 -0.0411926284 -0.998868108 0.0237824079 -0.0411926322 -0.998868108 0.0289558079 -0.0377359837 -0.998868108 0.0336338803 -0.0336336531 -0.998868108 0.033633884 -0.0336336531 -0.998868108 0.0377360098 -0.0289558303 -0.998868108 0.0377360098 -0.0289558284 -0.998868108 0.0411925167 -0.0237825643 -0.998868167 0.041192513 -0.0237825643 -0.998868108 0.04394456 -0.0182023868 -0.998868167 0.0439445563 -0.0182023849 -0.998868108 0.0459444299 -0.012310775 -0.998868167 0.0459444299 -0.012310775 -0.998868108 0.0471581817 -0.00620850129 -0.998868167 0.0471581817 -0.00620850036 -0.998868108 1 4.75336392e-09 0 0.991444767 0.130526334 0 0.965925813 0.258819133 0 0.923879564 0.382683486 0 0.866025388 0.5 0 0.793353319 0.60876143 0 0.707106769 0.707106888 0 0.608761311 0.793353379 0 0.500000238 0.866025329 0 0.382683396 0.923879564 0 0.258818954 0.965925813 0 0.130526289 0.991444886 0 -0.130526289 0.991444886 0 -0.258818954 0.965925813 0 -0.382683396 0.923879564 0 -0.500000238 0.866025329 0 -0.608761311 0.793353379 0 -0.707106769 0.707106888 0 -0.793353319 0.60876143 0 -0.866025388 0.5 0 -0.923879564 0.382683486 0 -0.965925813 0.258819133 0 -0.991444767 0.130526334 0 -1 4.75336392e-09 0 -0.991444886 -0.130526319 0 -0.965925813 -0.258819133 0 -0.923879564 -0.382683396 0 -0.866025448 -0.49999997 0 -0.707106769 -0.707106888 0 -0.608761311 -0.793353379 0 -0.500000238 -0.866025329 0 -0.258818954 -0.965925813 0 -0.130526289 -0.991444886 0 0.130526289 -0.991444886 0 0.258818954 -0.965925813 0 0.500000238 -0.866025329 0 0.608761311 -0.793353379 0 0.707106769 -0.707106888 0 0.866025448 -0.49999997 0 0.923879564 -0.382683396 0 0.965925813 -0.258819133 0 0.991444886 -0.130526319 0 0.0475651547 -1.546578e-10 0.998868108 0.0471583977 0.00620850082 0.998868108 0.0471584015 0.00620850129 0.998868167 0.0475651547 -2.84613139e-10 0.998868167 0.045944605 0.0123107722 0.998868108 0.045944605 0.0123107731 0.998868167 0.0439443775 0.0182023868 0.998868108 0.0439443737 0.0182023887 0.998868108 0.0411923751 0.0237825718 0.998868108 0.0411923714 0.0237825718 0.998868108 0.0377356932 0.0289558284 0.998868108 0.0377356932 0.0289558265 0.998868108 0.0336331278 0.0336336493 0.998868227 0.0336331241 0.0336336493 0.998868108 0.0289557055 0.03773598 0.998868108 0.0289557073 0.03773598 0.998868108 0.0237830412 0.0411926322 0.998868108 0.0237830449 0.0411926359 0.998868167 0.0182026029 0.0439444706 0.998868108 0.0182026047 0.0439444706 0.998868167 0.012311331 0.0459444113 0.998868108 0.012311331 0.0459444188 0.998868167 0.00620912109 0.0471582264 0.998868108 0.00620912109 0.0471582375 0.998868167 0 0.0475651547 0.998868108 0 0.0475651547 0.998868167 -0.00620912015 0.0471582264 0.998868108 -0.00620912109 0.0471582338 0.998868167 -0.0123113319 0.0459444188 0.998868108 -0.0123113319 0.0459444188 0.998868167 -0.0182022844 0.0439444706 0.998868108 -0.0182022844 0.0439444743 0.998868167 -0.0237827208 0.0411926322 0.998868108 -0.0237827227 0.0411926359 0.998868167 -0.0289557055 0.03773598 0.998868108 -0.0289557073 0.03773598 0.998868108 -0.0336331278 0.0336336493 0.998868227 -0.0336331241 0.0336336493 0.998868108 -0.0377356894 0.0289558284 0.998868108 -0.0377356894 0.0289558265 0.998868108 -0.0411923714 0.0237825681 0.998868108 -0.0439443775 0.0182023905 0.998868108 -0.0439443849 0.0182023924 0.998868167 -0.045944605 0.0123107722 0.998868108 -0.045944605 0.0123107731 0.998868167 -0.0471583977 0.00620850082 0.998868108 -0.0471584015 0.00620850129 0.998868167 -0.0475651473 -1.546578e-10 0.998868108 -0.0475651547 -1.42306569e-10 0.998868167 -0.0471582413 -0.00620850036 0.998868108 -0.047158245 -0.00620850129 0.998868167 -0.0459444746 -0.0123107759 0.998868108 -0.0459444709 -0.0123107769 0.998868167 -0.0439444147 -0.0182023849 0.998868108 -0.0439444184 -0.0182023868 0.998868108 -0.0411926657 -0.0237825681 0.998868108 -0.0411926694 -0.0237825681 0.998868108 -0.037735641 -0.0289558358 0.998868227 -0.0377356336 -0.0289558321 0.998868167 -0.0336328708 -0.0336336568 0.998868227 -0.0336328708 -0.0336336568 0.998868167 -0.0289556272 -0.03773598 0.998868108 -0.0289556291 -0.0377359875 0.998868167 -0.0237830393 -0.0411926322 0.998868108 -0.0237830374 -0.0411926284 0.998868108 -0.0182032473 -0.0439444706 0.998868108 -0.0123113254 -0.0459444188 0.998868108 -0.0123113263 -0.045944415 0.998868167 -0.00620861398 -0.0471582301 0.998868108 -0.00620861491 -0.0471582338 0.998868167 0 -0.0475651585 0.998868108 0 -0.0475651622 0.998868167 0.00620861491 -0.0471582375 0.998868108 0.00620861538 -0.0471582338 0.998868167 0.0123113273 -0.0459444188 0.998868108 0.0123113273 -0.0459444225 0.998868167 0.018202927 -0.0439444706 0.998868108 0.0237827208 -0.0411926322 0.998868108 0.0237827189 -0.0411926284 0.998868108 0.0289556272 -0.03773598 0.998868108 0.0289556291 -0.0377359875 0.998868167 0.0336328708 -0.0336336568 0.998868227 0.0336328708 -0.0336336568 0.998868167 0.0377359539 -0.0289558321 0.998868108 0.0411931463 -0.0237825681 0.998868108 0.0411931388 -0.0237825643 0.998868108 0.0439445712 -0.0182023831 0.998868108 0.0439445674 -0.0182023831 0.998868108 0.0459445491 -0.0123107759 0.998868108 0.0459445529 -0.0123107769 0.998868167 0.0471583195 -0.00620850082 0.998868108 0.047158327 -0.00620850176 0.998868167 1 7.13004589e-09 0 0.991444886 0.1305262 0 0.965925753 0.258819193 0 0.923879445 0.382683694 0 0.793353438 0.608761311 0 0.707106769 0.707106769 0 0.499999851 0.866025507 0 0.382683367 0.923879564 0 0.258819163 0.965925753 0 -0.258819163 0.965925753 0 -0.382683367 0.923879564 0 -0.499999851 0.866025507 0 -0.707106769 0.707106769 0 -0.793353438 0.608761311 0 -0.923879445 0.382683694 0 -0.965925753 0.258819193 0 -0.991444886 0.1305262 0 -1 7.13004589e-09 0 -0.991444886 -0.1305262 0 -0.965925753 -0.258819193 0 -0.923879385 -0.382683635 0 -0.866025388 -0.50000006 0 -0.793353379 -0.608761489 0 -0.707106888 -0.707106709 0 -0.608761489 -0.793353319 0 -0.499999851 -0.866025448 0 -0.258819193 -0.965925813 0 -0.130526364 -0.991444886 0 0.130526364 -0.991444886 0 0.258819193 -0.965925813 0 0.499999851 -0.866025448 0 0.608761489 -0.793353319 0 0.707106888 -0.707106709 0 0.793353379 -0.608761489 0 0.866025388 -0.50000006 0 0.923879385 -0.382683635 0 0.965925753 -0.258819193 0 0.991444886 -0.1305262 0 9.67765317e-08 0 1</float_array>
          <technique_common>
            <accessor source="#normals_array" count="5249" stride="3">
              <param name="X" type="float" />
              <param name="Y" type="float" />
              <param name="Z" type="float" />
            </accessor>
          </technique_common>
        </source>
        <vertices id="vertices">
          <input semantic="POSITION" source="#positions" />
        </vertices>
        <triangles material="scout_383b3b" count="1736">
          <input semantic="VERTEX" source="#vertices" offset="0" />
          <input semantic="NORMAL" source="#normals" offset="1" />
          <p>1158 2963 1159 2964 1160 2965 1161 2966 1162 2967 1163 2968 1164 2969 1165 2970 1166 2971 1167 2972 1159 2964 1158 2963 1168 2973 1162 2967 1169 2974 1170 2975 1171 2976 1172 2977 1164 2969 1173 2978 1174 2979 1172 2977 1175 2980 1170 2975 1158 2981 1176 2982 1171 2983 1177 2984 1178 2985 1179 2986 1180 2987 1178 2985 1177 2984 1180 2987 1181 2988 1178 2985 1182 2989 1181 2990 1180 2991 1161 2966 1183 2992 1184 2993 1182 2989 1185 2994 1181 2990 1186 2995 1187 2996 1188 2997 1161 2966 1189 2998 1183 2992 1190 2999 1191 3000 1180 2991 1192 3001 1193 3002 1194 3003 1195 3004 1196 3005 1197 3006 1198 3007 1183 2992 1189 2998 1196 3005 1195 3004 1183 2992 1161 3008 1199 3009 1189 3010 1189 3010 1200 3011 1198 3012 1199 3009 1200 3011 1189 3010 1198 3012 1201 3013 1190 3014 1200 3011 1201 3013 1198 3012 1190 3014 1202 3015 1191 3016 1201 3013 1202 3015 1190 3014 1191 3016 1203 3017 1182 3018 1202 3015 1203 3017 1191 3016 1182 3018 1203 3017 1185 3019 1203 3017 1204 3020 1185 3019 1185 3019 1204 3020 1205 3021 1205 3021 1206 3022 1160 2965 1204 3020 1206 3022 1205 3021 1207 3023 1208 3023 1209 3023 1210 3024 1171 3025 1211 3026 1167 3027 1210 3027 1212 3027 1159 2964 1167 2972 1213 3028 1174 2979 1169 2974 1214 3029 1215 3030 1216 3030 1217 3030 1218 3031 1162 2967 1219 3032 1220 3033 1221 3033 1222 3033 1223 3034 1169 3034 1224 3034 1225 3035 1214 3035 1226 3035 1227 3036 1174 3037 1228 3038 1164 3039 1229 3039 1230 3039 1231 3040 1165 3040 1232 3040 1171 3025 1167 2972 1158 2963 1175 3041 1233 3041 1234 3041 1235 3042 1170 3043 1236 3044 1237 3045 1238 3046 1239 3047 1240 3048 1241 3049 1212 3050 1242 3051 1211 3052 1243 3053 1240 3048 1212 3050 1210 3054 1244 3055 1167 3056 1245 3057 1213 3058 1167 3056 1244 3055 1246 3059 1247 3060 1248 3061 1246 3059 1249 3062 1247 3060 1235 3042 1236 3044 1250 3063 1251 3064 1252 3065 1253 3066 1254 3067 1255 3068 1256 3069 1246 3059 1257 3070 1249 3062 1251 3064 1258 3071 1252 3065 1259 3072 1255 3068 1254 3067 1260 3073 1261 3074 1262 3075 1263 3076 1264 3077 1265 3078 1261 3074 1266 3079 1262 3075 1262 3075 1266 3079 1267 3080 1268 3081 1269 3082 1258 3083 1225 3084 1226 3085 1270 3086 1271 3087 1272 3088 1273 3089 1255 3068 1274 3090 1256 3069 1275 3091 1276 3092 1277 3093 1277 3094 1276 3095 1278 3096 1279 3097 1276 3098 1275 3099 1280 3100 1281 3101 1257 3102 1257 3102 1281 3101 1282 3103 1283 3104 1281 3101 1280 3100 1258 3071 1284 3105 1252 3065 1258 3071 1285 3106 1284 3105 1266 3079 1286 3107 1267 3080 1269 3082 1285 3108 1258 3083 1282 3103 1287 3109 1257 3102 1264 3077 1288 3110 1265 3078 1276 3095 1289 3111 1278 3096 1271 3087 1290 3112 1272 3088 1290 3113 1291 3114 1272 3115 1288 3110 1292 3116 1265 3117 1279 3097 1293 3118 1276 3098 1294 3119 1234 3119 1255 3119 1295 3120 1296 3121 1297 3122 1290 3113 1298 3123 1291 3114 1293 3118 1224 3124 1276 3098 1292 3116 1288 3110 1299 3125 1300 3126 1188 2997 1301 3127 1302 3128 1188 2997 1300 3126 1257 3102 1287 3109 1290 3113 1234 3129 1233 3129 1255 3129 1296 3121 1303 3130 1297 3122 1286 3107 1304 3131 1267 3080 1267 3080 1304 3131 1288 3110 1293 3118 1223 3132 1224 3124 1274 3090 1305 3133 1306 3134 1307 3135 1308 3136 1309 3137 1302 3128 1310 3138 1188 2997 1188 2997 1310 3138 1311 3139 1297 3122 1312 3140 1313 3141 1306 3134 1314 3142 1315 3143 1290 3113 1316 3144 1298 3123 1287 3109 1316 3144 1290 3113 1252 3065 1317 3145 1310 3138 1318 3146 1319 3146 1320 3146 1284 3105 1317 3145 1252 3065 1288 3110 1321 3147 1299 3125 1304 3131 1321 3147 1288 3110 1289 3111 1322 3148 1278 3096 1308 3136 1323 3149 1309 3137 1323 3150 1324 3151 1309 3152 1319 3153 1325 3153 1320 3153 1303 3130 1244 3154 1245 3155 1326 3156 1244 3154 1303 3130 1327 3157 1328 3158 1329 3159 1305 3133 1231 3160 1330 3161 1331 3162 1231 3162 1305 3162 1332 3163 1333 3163 1334 3163 1310 3138 1335 3164 1311 3139 1317 3145 1335 3164 1310 3138 1333 3165 1336 3166 1334 3167 1231 3160 1232 3168 1330 3161 1332 3169 1337 3169 1186 3169 1322 3148 1218 3031 1338 3170 1339 3171 1218 3031 1322 3148 1340 3172 1341 3173 1342 3174 1323 3175 1343 3176 1344 3177 1345 3178 1346 3179 1347 3180 1319 3181 1348 3182 1349 3183 1218 3031 1219 3032 1338 3170 1312 3140 1350 3184 1351 3185 1329 3159 1352 3186 1353 3187 1328 3158 1352 3186 1329 3159 1314 3142 1354 3188 1355 3189 1333 3190 1356 3191 1357 3192 1346 3179 1358 3193 1347 3180 1341 3173 1359 3194 1342 3174 1350 3195 1241 3196 1351 3197 1358 3193 1360 3198 1347 3199 1354 3200 1230 3200 1355 3200 1357 3192 1356 3191 1361 3201 1359 3194 1362 3202 1363 3203 1341 3173 1362 3202 1359 3194 1353 3187 1364 3204 1365 3205 1366 3206 1217 3207 1352 3208 1360 3198 1358 3193 1367 3209 1241 3196 1240 3210 1351 3197 1343 3176 1368 3211 1344 3177 1344 3177 1368 3211 1362 3202 1230 3212 1229 3212 1355 3212 1348 3182 1369 3213 1349 3183 1349 3183 1369 3213 1358 3193 1217 3214 1216 3214 1352 3214 1370 3215 1371 3216 1372 3217 1373 3218 1371 3216 1370 3215 1374 3219 1375 3220 1373 3218 1365 3205 1376 3221 1377 3222 1378 3223 1379 3223 1380 3223 1364 3204 1381 3224 1376 3221 1382 3225 1383 3226 1384 3227 1385 3228 1383 3226 1382 3225 1386 3229 1387 3230 1385 3228 1385 3228 1387 3230 1388 3231 1389 3232 1390 3232 1391 3232 1381 3224 1392 3233 1376 3221 1358 3193 1393 3234 1367 3209 1369 3213 1393 3234 1358 3193 1379 3235 1394 3236 1380 3237 1207 3238 1209 3239 1392 3233 1395 3240 1396 3241 1397 3242 1398 3243 1399 3244 1400 3245 1401 3246 1402 3247 1403 3248 1402 3247 1398 3243 1404 3249 1405 3250 1406 3251 1407 3252 1390 3253 1408 3254 1391 3255 1375 3220 1242 3256 1373 3218 1409 3257 1410 3258 1411 3259 1373 3260 1242 3051 1412 3261 1413 3262 1414 3263 1415 3264 1416 3265 1397 3242 1396 3241 1417 3266 1400 3245 1399 3244 1400 3245 1404 3249 1398 3243 1220 3267 1222 3268 1387 3230 1418 3269 1411 3259 1410 3258 1387 3230 1222 3268 1388 3231 1379 3270 1419 3271 1394 3272 1420 3273 1415 3264 1414 3263 1411 3259 1420 3273 1409 3257 1259 3072 1294 3274 1255 3068 1421 3275 1422 3276 1423 3277 1424 3278 1425 3279 1426 3280 1390 3281 1427 3282 1408 3283 1416 3265 1421 3275 1423 3277 1326 3156 1303 3130 1296 3121 1324 3284 1323 3175 1344 3177 1428 3285 1343 3176 1316 3144 1316 3144 1343 3176 1298 3123 1298 3123 1343 3176 1323 3175 1351 3185 1429 3286 1313 3141 1374 3219 1429 3286 1351 3185 1370 3215 1429 3286 1374 3219 1373 3218 1370 3215 1374 3219 1395 3240 1397 3242 1417 3266 1363 3203 1430 3287 1379 3270 1242 3051 1243 3053 1412 3261 1379 3270 1430 3287 1431 3288 1432 3289 1372 3217 1433 3290 1434 3291 1372 3217 1435 3292 1433 3290 1372 3217 1434 3291 1435 3292 1371 3216 1436 3293 1437 3294 1438 3295 1260 3073 1235 3296 1439 3297 1440 3298 1250 3063 1439 3297 1235 3042 1371 3216 1435 3292 1372 3217 1260 3073 1441 3299 1261 3074 1274 3090 1306 3134 1256 3069 1442 3300 1401 3246 1403 3248 1443 3301 1444 3302 1445 3303 1305 3133 1274 3090 1331 3304 1325 3305 1319 3181 1349 3183 1379 3270 1446 3306 1419 3271 1442 3300 1406 3251 1401 3246 1321 3147 1348 3182 1299 3125 1383 3226 1447 3307 1384 3227 1299 3125 1348 3182 1319 3181 1382 3225 1448 3308 1386 3229 1355 3189 1448 3308 1315 3143 1386 3229 1448 3308 1355 3189 1379 3270 1431 3288 1446 3306 1385 3228 1382 3225 1386 3229 1449 3309 1450 3310 1451 3311 1405 3250 1407 3252 1418 3269 1367 3209 1393 3234 1390 3281 1452 3312 1384 3227 1447 3307 1453 3313 1384 3227 1452 3312 1447 3307 1383 3226 1454 3314 1390 3281 1455 3315 1427 3282 1456 3316 1457 3317 1268 3081 1270 3086 1458 3318 1225 3084 1390 3281 1393 3234 1455 3315 1225 3319 1458 3318 1459 3320 1460 3321 1413 3262 1415 3264 1322 3148 1289 3111 1339 3171 1336 3322 1333 3190 1357 3192 1460 3321 1425 3279 1413 3262 1461 3323 1356 3191 1335 3164 1446 3306 1462 3324 1419 3271 1335 3164 1356 3191 1311 3139 1311 3139 1356 3191 1333 3190 1452 3312 1463 3325 1453 3313 1364 3204 1353 3187 1352 3186 1376 3221 1365 3205 1364 3204 1444 3302 1438 3295 1445 3303 1436 3293 1464 3326 1435 3292 1438 3295 1437 3294 1445 3327 1450 3310 1457 3317 1451 3311 1454 3314 1228 3328 1447 3307 1436 3293 1465 3329 1464 3326 1457 3317 1456 3316 1451 3311 1454 3314 1227 3330 1228 3328 1462 3324 1441 3299 1419 3271 1419 3271 1441 3299 1438 3295 1434 3291 1439 3297 1433 3290 1455 3315 1466 3331 1427 3282 1427 3282 1466 3331 1457 3317 1452 3312 1458 3318 1463 3325 1467 3332 1259 3072 1254 3067 1439 3297 1259 3072 1467 3332 1434 3291 1440 3298 1439 3297 1251 3064 1468 3333 1469 3334 1438 3295 1441 3299 1260 3073 1458 3318 1279 3097 1463 3325 1463 3325 1279 3097 1275 3099 1452 3312 1459 3320 1458 3318 1470 3335 1471 3336 1472 3337 1262 3075 1471 3336 1470 3335 1466 3331 1269 3082 1457 3317 1457 3317 1269 3082 1268 3081 1251 3064 1253 3066 1468 3333 1262 3075 1267 3080 1471 3336 1247 3060 1473 3338 1248 3061 1474 3339 1475 3340 1476 3341 1247 3342 1477 3342 1473 3342 1478 3343 1479 3343 1480 3343 1481 3344 1478 3344 1482 3344 1483 3345 1340 3346 1342 3347 1484 3348 1485 3349 1486 3350 1487 3351 1300 3351 1301 3351 1487 3352 1481 3353 1488 3354 1487 3355 1488 3356 1489 3357 1490 3358 1487 3358 1491 3358 1272 3088 1485 3359 1273 3089 1492 3360 1493 3360 1494 3360 1309 3361 1486 3350 1307 3135 1486 3350 1309 3361 1484 3348 1483 3345 1493 3362 1484 3348 1380 3363 1494 3364 1378 3365 1493 3366 1378 3365 1494 3364 1492 3367 1443 3301 1445 3303 1470 3335 1472 3337 1495 3368 1495 3368 1472 3337 1496 3369 1497 3370 1263 3076 1265 3078 1497 3371 1479 3372 1496 3373 1320 3374 1480 3375 1318 3376 1479 3377 1318 3376 1480 3375 1478 3378 1345 3178 1347 3180 1496 3373 1492 3379 1495 3380 1391 3381 1482 3381 1389 3381 1481 3353 1449 3309 1451 3311 1468 3382 1489 3383 1488 3354 1468 3382 1488 3354 1469 3384 1334 3385 1491 3386 1332 3387 1491 3386 1334 3385 1490 3388 1479 3372 1492 3379 1496 3373 1498 3389 1499 3390 1238 3391 1500 3392 1501 3393 1502 3394 1503 3395 1504 3396 1505 3397 1506 3398 1507 3398 1508 3398 1509 3399 1510 3400 1501 3393 1511 3401 1510 3400 1509 3399 1512 3402 1513 3403 1514 3404 1356 3191 1515 3405 1361 3201 1516 3406 1361 3201 1517 3407 1518 3408 1519 3409 1520 3410 1520 3410 1519 3409 1512 3402 1501 3393 1510 3400 1502 3394 1521 3411 1522 3412 1523 3413 1523 3413 1522 3412 1524 3414 1525 3415 1526 3416 1527 3417 1521 3411 1528 3418 1529 3419 1530 3420 1528 3418 1521 3411 1531 3421 1532 3421 1533 3421 1534 3422 1535 3423 1536 3424 1527 3417 1537 3425 1538 3426 1526 3416 1539 3427 1527 3417 1527 3417 1539 3427 1540 3428 1532 3429 1541 3429 1533 3429 1526 3416 1542 3430 1543 3431 1544 3432 1542 3430 1526 3416 1545 3433 1546 3434 1547 3435 1519 3409 1548 3436 1512 3402 1535 3423 1549 3437 1536 3424 1515 3405 1550 3438 1517 3407 1528 3418 1551 3439 1529 3419 1510 3400 1552 3440 1502 3394 1376 3221 1553 3441 1377 3222 1535 3423 1554 3442 1549 3437 1532 3443 1555 3444 1541 3445 1546 3434 1556 3446 1547 3435 1557 3447 1558 3448 1542 3430 1542 3430 1558 3448 1543 3431 1551 3439 1559 3449 1529 3419 1546 3434 1560 3450 1556 3446 1561 3451 1562 3452 1563 3453 1522 3412 1564 3454 1524 3414 1554 3455 1550 3438 1565 3456 1566 3457 1567 3458 1568 3459 1540 3428 1539 3427 1569 3460 1532 3443 1570 3461 1555 3444 1532 3443 1552 3440 1570 3461 1571 3462 1572 3463 1573 3464 1574 3465 1575 3466 1576 3467 1539 3427 1577 3468 1569 3460 1578 3469 1579 3470 1580 3471 1560 3472 1581 3473 1582 3474 1583 3475 1584 3476 1553 3477 1562 3452 1585 3478 1563 3453 1583 3475 1586 3479 1584 3476 1567 3458 1587 3480 1568 3459 1588 3481 1589 3481 1564 3481 1590 3482 1591 3483 1592 3484 1579 3470 1593 3485 1580 3471 1593 3485 1594 3486 1580 3471 1565 3456 1595 3487 1554 3455 1554 3455 1595 3487 1596 3488 1374 3219 1597 3489 1375 3220 1589 3490 1598 3490 1564 3490 1571 3462 1599 3491 1572 3463 1570 3461 1600 3492 1555 3444 1555 3444 1600 3492 1601 3493 1602 3494 1603 3494 1577 3494 1574 3465 1604 3495 1575 3466 1605 3496 1606 3497 1607 3498 1572 3463 1608 3499 1609 3500 1599 3491 1608 3499 1572 3463 1571 3462 1610 3501 1599 3491 1603 3502 1611 3502 1577 3502 1582 3474 1612 3503 1560 3472 1560 3472 1612 3503 1593 3485 1604 3495 1613 3504 1575 3466 1596 3488 1595 3487 1614 3505 1575 3466 1613 3504 1615 3506 1616 3507 1617 3508 1618 3509 1604 3495 1619 3510 1620 3511 1574 3465 1619 3510 1604 3495 1621 3512 1622 3513 1623 3514 1601 3493 1600 3492 1624 3515 1625 3516 1626 3517 1627 3518 1625 3516 1628 3519 1626 3517 1593 3485 1283 3104 1280 3100 1617 3508 1629 3520 1618 3509 1605 3496 1630 3521 1606 3497 1617 3508 1631 3522 1632 3523 1616 3507 1631 3522 1617 3508 1599 3491 1633 3524 1634 3525 1610 3501 1633 3526 1599 3491 1635 3527 1636 3528 1637 3529 1628 3519 1638 3530 1626 3517 1619 3510 1639 3531 1620 3511 1631 3522 1640 3532 1632 3523 1605 3496 1641 3533 1630 3521 1605 3496 1642 3534 1641 3533 1614 3505 1643 3535 1628 3519 1633 3524 1644 3536 1634 3525 1618 3509 1629 3520 1645 3537 1609 3500 1646 3538 1647 3539 1608 3499 1646 3538 1609 3500 1640 3532 1648 3540 1632 3523 1649 3541 1650 3542 1651 3543 1645 3537 1652 3544 1295 3120 1639 3531 1653 3545 1620 3511 1629 3520 1652 3544 1645 3537 1628 3519 1654 3546 1638 3530 1615 3506 1655 3547 1656 3548 1656 3549 1655 3550 1657 3551 1628 3519 1643 3535 1654 3546 1613 3504 1655 3547 1615 3506 1652 3544 1296 3121 1295 3120 1624 3515 1658 3552 1642 3534 1659 3553 1660 3554 1661 3555 1629 3520 1662 3556 1652 3544 1646 3538 1663 3557 1647 3539 1642 3534 1664 3558 1641 3533 1658 3552 1664 3558 1642 3534 1608 3499 1592 3484 1646 3538 1662 3559 1665 3559 1652 3559 1655 3550 1666 3560 1657 3551 1665 3561 1667 3562 1652 3563 1613 3504 1668 3564 1655 3547 1669 3565 1670 3566 1671 3567 1426 3280 1669 3565 1424 3278 1498 3389 1361 3201 1516 3406 1422 3568 1672 3569 1673 3570 1674 3571 1673 3570 1672 3569 1675 3572 1674 3571 1676 3573 1537 3425 1677 3574 1675 3572 1592 3484 1678 3575 1646 3538 1650 3542 1679 3576 1651 3543 1680 3577 1537 3425 1681 3578 1682 3579 1683 3580 1684 3581 1685 3582 1682 3579 1686 3583 1687 3584 1688 3585 1689 3586 1621 3587 1687 3584 1690 3588 1691 3589 1622 3590 1692 3591 1670 3566 1691 3589 1693 3592 1672 3569 1676 3573 1674 3571 1592 3484 1694 3593 1678 3575 1675 3572 1695 3594 1537 3425 1695 3594 1681 3578 1537 3425 1696 3595 1684 3581 1683 3580 1686 3583 1697 3596 1685 3582 1697 3596 1689 3586 1688 3585 1689 3586 1690 3588 1687 3584 1660 3554 1698 3597 1661 3555 1699 3598 1692 3591 1622 3590 1693 3592 1671 3567 1670 3566 1517 3407 1550 3438 1554 3455 1571 3462 1377 3222 1553 3441 1573 3464 1377 3222 1571 3462 1596 3488 1614 3505 1562 3452 1668 3599 1700 3600 1655 3601 1562 3452 1614 3505 1585 3478 1679 3576 1701 3602 1702 3603 1650 3542 1701 3602 1679 3576 1595 3487 1643 3535 1614 3505 1703 3604 1647 3539 1663 3557 1621 3587 1699 3598 1622 3590 1704 3605 1705 3606 1663 3557 1509 3399 1706 3607 1707 3608 1708 3609 1706 3607 1509 3399 1702 3603 1511 3401 1707 3608 1709 3610 1511 3401 1702 3603 1654 3546 1710 3611 1638 3530 1638 3530 1710 3611 1701 3602 1523 3413 1711 3612 1530 3420 1508 3613 1711 3612 1712 3614 1530 3420 1711 3612 1508 3613 1698 3597 1713 3615 1714 3616 1521 3411 1523 3413 1530 3420 1660 3554 1713 3615 1698 3597 1502 3394 1552 3440 1532 3443 1574 3465 1524 3414 1564 3454 1576 3467 1524 3414 1574 3465 1588 3617 1564 3454 1522 3412 1706 3607 1636 3618 1715 3619 1624 3515 1567 3458 1601 3493 1700 3620 1716 3621 1655 3550 1587 3480 1567 3458 1624 3515 1624 3515 1600 3492 1658 3552 1664 3558 1717 3622 1641 3533 1641 3533 1717 3622 1713 3615 1680 3577 1696 3595 1683 3580 1718 3623 1666 3560 1719 3624 1720 3625 1721 3626 1520 3410 1714 3616 1722 3627 1721 3626 1723 3628 1722 3627 1714 3616 1657 3551 1718 3623 1724 3629 1725 3630 1525 3415 1726 3631 1544 3432 1525 3415 1725 3630 1548 3436 1513 3403 1512 3402 1513 3403 1548 3436 1560 3632 1560 3632 1548 3436 1581 3633 1703 3604 1727 3634 1712 3614 1616 3507 1569 3460 1577 3468 1705 3606 1727 3634 1703 3604 1728 3635 1569 3460 1618 3509 1618 3509 1569 3460 1616 3507 1602 3636 1577 3468 1539 3427 1594 3486 1593 3485 1280 3100 1701 3602 1710 3611 1702 3603 1718 3623 1729 3637 1724 3629 1724 3629 1729 3637 1730 3638 1731 3639 1721 3626 1732 3640 1706 3607 1708 3609 1636 3618 1704 3605 1733 3641 1705 3606 1705 3642 1733 3643 1734 3644 1721 3626 1720 3625 1732 3640 1719 3624 1735 3645 1718 3623 1718 3623 1735 3646 1736 3647 1710 3611 1709 3610 1702 3603 1733 3643 1737 3648 1734 3644 1727 3634 1508 3613 1712 3614 1735 3646 1738 3649 1736 3647 1707 3608 1511 3401 1509 3399 1730 3650 1725 3650 1726 3650 1729 3637 1725 3651 1730 3638 1739 3652 1740 3653 1741 3654 1721 3626 1722 3627 1520 3410 1727 3634 1742 3655 1508 3613 1743 3656 1501 3393 1744 3657 1745 3658 1501 3393 1743 3656 1729 3637 1503 3395 1725 3651 1501 3393 1500 3392 1744 3659 1722 3627 1518 3408 1520 3410 1740 3653 1512 3402 1741 3654 1742 3660 1506 3660 1508 3660 1413 3262 1746 3661 1317 3662 1503 3395 1505 3397 1725 3651 1512 3663 1514 3663 1741 3663 1283 3104 1593 3485 1612 3503 1586 3664 1747 3664 1584 3664 1184 3665 1747 3665 1586 3665 1748 3666 1667 3562 1665 3561 1640 3667 1749 3668 1648 3669 1750 3670 1179 2986 1505 3397 1750 3670 1505 3397 1504 3396 1180 3671 1716 3671 1700 3671 1416 3672 1423 3673 1751 3674 1194 3675 1598 3675 1589 3675 1752 3676 1507 3676 1506 3676 1733 3677 1196 3677 1737 3677 1694 3678 1197 3678 1678 3678 1177 3679 1738 3649 1735 3646 1177 2984 1179 2986 1750 3670 1633 3524 1195 3680 1644 3536 1193 3681 1653 3681 1639 3681 1192 3682 1559 3682 1551 3682 1178 3683 1558 3683 1557 3683 1753 3684 1166 3685 1754 3686 1487 3352 1755 3687 1756 3688 1199 3009 1163 3689 1755 3690 1158 2981 1206 3022 1757 3691 1758 3692 1759 3693 1760 3694 1761 3695 1566 3695 1568 3695 1759 3696 1545 3696 1547 3696 1578 3469 1580 3471 1762 3697 1762 3698 1477 3699 1759 3693 1763 3700 1764 3701 1765 3702 1766 3703 1238 3703 1499 3703 1767 3704 1659 3705 1661 3555 1768 3706 1561 3451 1563 3453 1769 3707 1649 3541 1651 3543 1516 3406 1499 3390 1498 3389 1536 3708 1770 3708 1534 3708 1770 3709 1490 3710 1766 3711 1627 3518 1771 3712 1625 3516 1772 3713 1771 3713 1627 3713 1772 3714 1773 3715 1771 3716 1773 3715 1769 3717 1768 3718 1772 3714 1769 3717 1773 3715 1774 3719 1743 3719 1744 3719 1636 3528 1635 3527 1715 3720 1637 3721 1764 3701 1769 3717 1637 3722 1769 3722 1635 3722 1774 3723 1764 3701 1637 3721 1765 3724 1531 3725 1533 3726 1606 3727 1775 3727 1607 3727 1761 3728 1763 3700 1765 3702 1775 3729 1763 3700 1607 3730 1767 3731 1763 3731 1775 3731 1732 3732 1776 3733 1731 3734 1776 3733 1760 3694 1731 3734 1741 3735 1758 3735 1739 3735 1758 3692 1760 3694 1776 3733 1777 3736 1611 3736 1603 3736 1612 3737 1778 3738 1281 3101 1672 3569 1778 3738 1612 3737 1779 3739 1421 3740 1780 3741 1780 3741 1421 3740 1287 3742 1780 3743 1287 3743 1282 3743 1281 3744 1283 3744 1612 3744 1422 3745 1779 3746 1778 3747 1282 3103 1281 3101 1780 3748 1281 3101 1779 3749 1780 3748 1781 3750 1271 3750 1273 3750 1782 3751 1273 3751 1485 3751 1781 3752 1273 3752 1782 3752 1782 3753 1485 3349 1477 3699 1783 3754 1477 3755 1247 3756 1783 3754 1247 3756 1249 3757 1784 3758 1257 3758 1290 3758 1784 3759 1249 3062 1257 3070 1783 3760 1249 3062 1781 3761 1784 3759 1290 3112 1271 3087 1666 3560 1785 3762 1719 3624 1249 3062 1784 3759 1781 3761 1781 3761 1784 3759 1271 3087 1782 3763 1477 3764 1783 3765 1786 3766 1787 3767 1248 3768 1787 3767 1246 3769 1248 3768 1787 3770 1257 3770 1246 3770 1788 3771 1789 3772 1787 3773 1786 3774 1788 3771 1787 3773 1786 3774 1790 3775 1788 3771 1754 3686 1172 3776 1791 3777 1473 3778 1762 3779 1790 3780 1786 3766 1248 3768 1473 3781 1473 3782 1477 3782 1762 3782 1788 3783 1790 3783 1580 3783 1790 3784 1762 3784 1580 3784 1788 3785 1580 3786 1594 3787 1789 3772 1788 3771 1280 3788 1788 3785 1594 3787 1280 3789 1257 3790 1787 3773 1789 3772 1792 3791 1793 3792 1541 3445 1794 3793 1368 3794 1343 3176 1316 3144 1287 3109 1421 3275 1428 3285 1794 3793 1343 3176 1794 3795 1395 3240 1368 3796 1316 3144 1396 3241 1428 3285 1421 3275 1396 3241 1316 3144 1395 3240 1794 3795 1396 3241 1396 3241 1794 3795 1428 3285 1795 3797 1341 3797 1340 3797 1362 3798 1341 3798 1795 3798 1796 3799 1484 3800 1309 3152 1796 3799 1309 3152 1324 3151 1796 3801 1324 3284 1795 3802 1344 3177 1795 3802 1324 3284 1344 3177 1362 3202 1795 3802 1340 3346 1796 3801 1795 3802 1796 3801 1483 3345 1484 3348 1796 3801 1340 3346 1483 3345 1797 3803 1323 3803 1308 3803 1798 3804 1485 3805 1272 3806 1798 3804 1272 3806 1291 3807 1798 3808 1291 3114 1308 3136 1298 3809 1323 3809 1797 3809 1298 3123 1308 3136 1291 3114 1298 3123 1797 3810 1308 3136 1307 3135 1485 3349 1798 3808 1307 3135 1798 3808 1308 3136 1307 3135 1486 3350 1485 3349 1399 3244 1395 3240 1417 3266 1368 3811 1431 3811 1430 3811 1799 3812 1800 3813 1801 3814 1462 3324 1398 3243 1441 3299 1368 3796 1399 3244 1431 3288 1431 3288 1462 3324 1446 3306 1398 3243 1462 3324 1399 3244 1399 3244 1462 3324 1431 3288 1802 3815 1444 3815 1443 3815 1803 3816 1443 3816 1492 3816 1803 3817 1802 3817 1443 3817 1803 3818 1492 3818 1494 3818 1804 3819 1494 3820 1380 3237 1804 3819 1380 3237 1394 3236 1804 3821 1394 3272 1802 3822 1419 3271 1438 3295 1444 3302 1232 3168 1805 3823 1354 3188 1394 3272 1419 3271 1802 3822 1802 3822 1419 3271 1444 3302 1803 3824 1494 3825 1804 3826 1799 3827 1379 3827 1378 3827 1806 3828 1379 3828 1799 3828 1800 3829 1378 3829 1493 3829 1799 3830 1378 3830 1800 3830 1483 3831 1342 3832 1801 3833 1359 3834 1801 3833 1342 3832 1806 3835 1363 3835 1379 3835 1801 3814 1359 3194 1799 3812 1359 3194 1363 3203 1799 3812 1799 3812 1363 3203 1806 3836 1800 3813 1483 3345 1801 3814 1352 3186 1328 3158 1366 3837 1800 3813 1493 3362 1483 3345 1807 3838 1398 3839 1402 3840 1286 3107 1401 3841 1304 3131 1261 3074 1441 3299 1807 3842 1398 3243 1807 3842 1441 3299 1261 3074 1286 3107 1266 3079 1401 3841 1286 3107 1807 3842 1807 3842 1286 3107 1261 3074 1808 3843 1264 3843 1263 3843 1809 3844 1263 3844 1497 3844 1809 3845 1808 3845 1263 3845 1809 3846 1497 3846 1496 3846 1810 3847 1496 3848 1472 3849 1810 3847 1472 3849 1471 3850 1810 3851 1471 3336 1808 3852 1267 3080 1288 3110 1264 3077 1471 3336 1267 3080 1808 3852 1808 3852 1267 3080 1264 3077 1809 3853 1496 3854 1810 3855 1791 3777 1176 2982 1757 3691 1811 3856 1812 3857 1470 3858 1812 3859 1262 3859 1470 3859 1813 3860 1262 3860 1812 3860 1811 3856 1470 3858 1495 3861 1814 3862 1492 3863 1445 3864 1814 3862 1445 3864 1437 3865 1815 3866 1816 3867 1381 3224 1813 3868 1260 3868 1262 3868 1814 3869 1437 3294 1811 3870 1437 3294 1260 3073 1811 3870 1811 3870 1260 3073 1812 3871 1812 3871 1260 3073 1813 3872 1811 3873 1492 3874 1814 3875 1817 3876 1369 3876 1348 3876 1817 3877 1405 3250 1369 3878 1321 3147 1304 3131 1818 3879 1321 3147 1817 3877 1348 3182 1405 3250 1817 3877 1818 3879 1818 3879 1817 3877 1321 3147 1819 3880 1346 3880 1345 3880 1819 3881 1345 3881 1478 3881 1820 3882 1480 3883 1320 3884 1820 3882 1320 3884 1325 3885 1349 3183 1358 3193 1346 3179 1325 3305 1349 3183 1819 3886 1819 3886 1349 3183 1346 3179 1820 3887 1478 3888 1480 3889 1819 3890 1478 3888 1820 3887 1821 3891 1319 3891 1318 3891 1822 3892 1319 3892 1821 3892 1823 3893 1318 3893 1479 3893 1821 3894 1318 3894 1823 3894 1497 3895 1265 3896 1824 3897 1824 3897 1265 3896 1292 3898 1822 3899 1299 3899 1319 3899 1292 3116 1299 3125 1821 3900 1821 3900 1299 3125 1822 3901 1823 3902 1497 3371 1824 3903 1823 3902 1479 3372 1497 3371 1410 3258 1405 3250 1418 3269 1825 3904 1466 3905 1455 3906 1826 3907 1455 3906 1393 3908 1369 3909 1826 3909 1393 3909 1826 3907 1825 3904 1455 3906 1825 3910 1409 3257 1466 3911 1826 3912 1369 3878 1410 3258 1405 3250 1410 3258 1369 3878 1409 3257 1825 3910 1410 3258 1410 3258 1825 3910 1826 3913 1827 3914 1450 3914 1449 3914 1827 3915 1449 3915 1481 3915 1828 3916 1482 3917 1391 3255 1828 3916 1391 3255 1408 3254 1828 3918 1408 3283 1827 3919 1427 3282 1457 3317 1450 3310 1829 3920 1830 3921 1293 3118 1408 3283 1427 3282 1827 3919 1827 3919 1427 3282 1450 3310 1828 3922 1481 3923 1482 3924 1827 3925 1481 3923 1828 3922 1831 3926 1390 3926 1389 3926 1832 3927 1390 3927 1831 3927 1833 3928 1389 3928 1482 3928 1831 3929 1389 3929 1833 3929 1834 3930 1478 3931 1347 3932 1360 3933 1834 3930 1347 3932 1832 3934 1367 3934 1390 3934 1360 3198 1367 3209 1831 3935 1831 3935 1367 3209 1832 3936 1833 3937 1478 3938 1834 3939 1833 3937 1482 3940 1478 3938 1835 3941 1317 3942 1284 3943 1466 3944 1285 3944 1269 3944 1835 3945 1413 3262 1317 3662 1285 3946 1466 3911 1414 3263 1285 3947 1835 3941 1284 3943 1413 3262 1835 3945 1414 3263 1414 3263 1835 3945 1285 3946 1836 3948 1302 3948 1300 3948 1837 3949 1300 3949 1487 3949 1837 3950 1836 3950 1300 3950 1837 3951 1487 3355 1489 3357 1838 3952 1489 3953 1468 3954 1838 3952 1468 3954 1253 3955 1838 3956 1253 3066 1836 3957 1253 3066 1252 3065 1836 3957 1836 3957 1252 3065 1302 3128 1252 3065 1310 3138 1302 3128 1837 3958 1489 3959 1838 3960 1839 3961 1251 3961 1469 3961 1839 3962 1258 3962 1251 3962 1451 3311 1456 3316 1839 3963 1456 3316 1268 3081 1839 3963 1839 3963 1268 3081 1258 3083 1469 3384 1451 3311 1839 3963 1168 2973 1174 2979 1173 2978 1469 3384 1481 3353 1451 3311 1469 3384 1488 3354 1481 3353 1356 3191 1461 3323 1840 3964 1422 3965 1841 3965 1423 3965 1317 3662 1746 3661 1461 3323 1840 3964 1461 3323 1842 3966 1842 3966 1461 3323 1746 3661 1842 3967 1424 3967 1515 3967 1840 3964 1515 3968 1356 3191 1317 3969 1461 3969 1335 3969 1840 3964 1842 3966 1515 3970 1237 3045 1843 3971 1238 3046 1843 3971 1498 3972 1238 3046 1843 3971 1361 3973 1498 3972 1844 3974 1843 3975 1237 3976 1239 3977 1238 3977 1766 3977 1581 3978 1845 3979 1582 3980 1490 3981 1239 3981 1766 3981 1844 3982 1490 3983 1334 3167 1844 3982 1334 3167 1336 3166 1361 3201 1843 3975 1357 3192 1239 3984 1490 3985 1844 3986 1239 3984 1844 3986 1237 3987 1420 3988 1411 3989 1846 3990 1186 3991 1333 3991 1332 3991 1337 3992 1332 3992 1491 3992 1847 3993 1848 3994 1662 3556 1187 3995 1487 3996 1301 3997 1187 3995 1301 3997 1188 3998 1311 3139 1333 3190 1186 2995 1188 2997 1311 3139 1186 2995 1337 3999 1487 4000 1187 4001 1337 3999 1491 4002 1487 4000 1849 4003 1595 4003 1565 4003 1550 3438 1849 4004 1565 3456 1849 4004 1693 3592 1595 3487 1515 3405 1671 3567 1550 3438 1424 3278 1671 3567 1515 3405 1693 3592 1849 4004 1671 3567 1671 3567 1849 4004 1550 3438 1850 4005 1562 4005 1561 4005 1850 4006 1561 4006 1768 4006 1851 4007 1770 4008 1536 4009 1851 4007 1536 4009 1549 4010 1852 4011 1554 4011 1596 4011 1852 4012 1549 3437 1554 3442 1851 4013 1549 4014 1850 4015 1852 4016 1596 3488 1562 3452 1852 4016 1850 4015 1549 4014 1850 4015 1852 4016 1562 3452 1851 4017 1768 3718 1770 3709 1756 4018 1853 4019 1753 3684 1851 4017 1850 4020 1768 3718 1854 4021 1535 4021 1534 4021 1854 4022 1855 4022 1535 4022 1855 4023 1554 4023 1535 4023 1856 4024 1534 4024 1770 4024 1856 4025 1854 4025 1534 4025 1856 4026 1770 3709 1766 3711 1516 4027 1857 4028 1499 4029 1857 4028 1766 4030 1499 4029 1855 4031 1517 4031 1554 4031 1516 3406 1517 3407 1854 4032 1517 3407 1855 4033 1854 4032 1857 4034 1516 3406 1854 4032 1854 4035 1766 4036 1857 4037 1856 4038 1766 4036 1854 4035 1692 3591 1693 3592 1691 3589 1858 4039 1710 4039 1654 4039 1643 3535 1858 4040 1654 3546 1858 4040 1699 3598 1710 3611 1643 3535 1595 3487 1692 3591 1693 3592 1692 3591 1595 3487 1699 3598 1858 4040 1692 3591 1692 3591 1858 4040 1643 3535 1859 4041 1650 4041 1649 4041 1860 4042 1649 4042 1769 4042 1860 4043 1859 4043 1649 4043 1860 4044 1769 3717 1772 3714 1861 4045 1772 4045 1627 4045 1626 4046 1861 4046 1627 4046 1861 4047 1626 3517 1859 4048 1638 3530 1701 3602 1650 3542 1862 4049 1159 2964 1213 3028 1626 3517 1638 3530 1859 4048 1859 4048 1638 3530 1650 3542 1860 4050 1772 4051 1861 4052 1863 4053 1864 4054 1625 4055 1864 4054 1628 4056 1625 4055 1863 4057 1625 4057 1771 4057 1768 4058 1563 4059 1865 4060 1585 4061 1865 4060 1563 4059 1864 4062 1866 4063 1628 4064 1866 4063 1614 4065 1628 4064 1866 4066 1585 4066 1614 4066 1865 4067 1585 4068 1863 4069 1863 4069 1866 4070 1864 4071 1585 4068 1866 4070 1863 4069 1771 3716 1768 3718 1865 4067 1771 3716 1773 3715 1768 3718 1278 3096 1322 3148 1327 3157 1690 3588 1699 3598 1621 3587 1162 4072 1208 4073 1215 4074 1867 4075 1510 4075 1511 4075 1709 3610 1867 4076 1511 3401 1867 4076 1689 3586 1510 3400 1709 3610 1710 3611 1690 3588 1699 3598 1690 3588 1710 3611 1689 3586 1867 4076 1690 3588 1690 3588 1867 4076 1709 3610 1868 4077 1745 4077 1743 4077 1868 4078 1743 4078 1774 4078 1869 4079 1637 4080 1636 4081 1869 4079 1636 4081 1708 4082 1869 4083 1708 3609 1868 4084 1509 3399 1501 3393 1745 3658 1870 4085 1871 4086 1436 4087 1708 3609 1509 3399 1868 4084 1868 4084 1509 3399 1745 3658 1869 4088 1774 3723 1637 3721 1868 4089 1774 3723 1869 4088 1872 4090 1706 4090 1715 4090 1872 4091 1707 4091 1706 4091 1769 4092 1651 4093 1873 4094 1679 4095 1873 4094 1651 4093 1679 3576 1702 3603 1872 4096 1872 4096 1702 3603 1707 3608 1715 3720 1873 4097 1872 4096 1715 3720 1769 4098 1873 4097 1715 3720 1635 3527 1769 4098 1874 4099 1689 4100 1697 4101 1680 4102 1683 4103 1538 4104 1875 4105 1600 4105 1570 4105 1875 4106 1686 3583 1600 3492 1552 3440 1510 3400 1874 4107 1689 3586 1874 4107 1510 3400 1552 3440 1875 4108 1570 3461 1686 3583 1875 4106 1874 4109 1874 4107 1875 4108 1552 3440 1792 4110 1567 4110 1566 4110 1601 4111 1567 4111 1792 4111 1876 4112 1566 4112 1761 4112 1876 4113 1792 4113 1566 4113 1793 4114 1765 4115 1533 4116 1793 4114 1533 4116 1541 4117 1541 3445 1555 3444 1792 3791 1555 3444 1601 3493 1792 3791 1876 4118 1793 3792 1792 3791 1793 4119 1761 3728 1765 3702 1876 4120 1761 3728 1793 4119 1877 4121 1532 4121 1531 4121 1877 4122 1878 4122 1532 4122 1879 4123 1531 4123 1764 4123 1877 4124 1531 4124 1879 4124 1774 4125 1744 4126 1880 4127 1880 4127 1744 4126 1500 4128 1878 4129 1502 4129 1532 4129 1500 3392 1502 3394 1877 4130 1877 4130 1502 3394 1878 4131 1879 4132 1774 3723 1880 4133 1424 4134 1746 4135 1425 4136 1879 4132 1764 3701 1774 3723 1684 3581 1686 3583 1682 3579 1881 4137 1717 4137 1664 4137 1881 4138 1696 3595 1717 3622 1658 3552 1600 3492 1684 3581 1686 3583 1684 3581 1600 3492 1658 3552 1881 4138 1664 4139 1696 3595 1881 4138 1684 3581 1684 3581 1881 4138 1658 3552 1882 4140 1660 4140 1659 4140 1713 4141 1660 4141 1882 4141 1883 4142 1606 4142 1630 4142 1883 4143 1630 3521 1882 4144 1630 3521 1641 3533 1882 4144 1641 3533 1713 3615 1882 4144 1659 4145 1883 4143 1882 4144 1883 4146 1767 3704 1775 4147 1659 3705 1767 3704 1883 4146 1884 4148 1605 4148 1607 4148 1884 4149 1642 4149 1605 4149 1761 4150 1568 4151 1885 4152 1885 4152 1568 4151 1587 4153 1587 3480 1624 3515 1884 4154 1884 4154 1624 3515 1642 3534 1607 3730 1885 4155 1884 4154 1607 3730 1761 3728 1885 4155 1607 3730 1763 3700 1761 3728 1681 3578 1696 3595 1680 3577 1518 3408 1695 3594 1519 3409 1723 3628 1717 3622 1681 3578 1696 3595 1681 3578 1717 3622 1723 3628 1518 3408 1722 3627 1695 3594 1518 3408 1681 3578 1681 3578 1518 3408 1723 3628 1886 4156 1740 4156 1739 4156 1886 4157 1739 4157 1758 4157 1887 4158 1776 4159 1732 4160 1887 4158 1732 4160 1720 4161 1520 3410 1512 3402 1740 3653 1720 3625 1520 3410 1886 4162 1886 4162 1520 3410 1740 3653 1887 4163 1758 3692 1776 3733 1887 4163 1886 4164 1758 3692 1888 4165 1721 4165 1731 4165 1889 4166 1721 4166 1888 4166 1890 4167 1731 4168 1760 4169 1888 4170 1731 4168 1890 4167 1889 4171 1714 4171 1721 4171 1661 3555 1698 3597 1888 4172 1891 4173 1892 4174 1588 3617 1698 3597 1714 3616 1888 4172 1888 4172 1714 3616 1889 4175 1890 4176 1661 3555 1888 4172 1890 4176 1767 3704 1661 3555 1890 4176 1760 3694 1767 3704 1845 3979 1612 4177 1582 3980 1519 4178 1581 4178 1548 4178 1845 4179 1672 3569 1612 3737 1519 3409 1676 3573 1581 4180 1695 3594 1676 3573 1519 3409 1672 3569 1845 4179 1676 3573 1676 3573 1845 4179 1581 4180 1893 4181 1579 4181 1578 4181 1894 4182 1578 4182 1762 4182 1893 4183 1578 4183 1894 4183 1894 4184 1762 4185 1895 4186 1895 4186 1762 4185 1759 4187 1896 4188 1895 4189 1547 4190 1895 4189 1759 4191 1547 4190 1896 4188 1547 4190 1556 4192 1897 4193 1560 4193 1593 4193 1897 4194 1556 4194 1560 4194 1896 4195 1556 4196 1893 4197 1897 4198 1593 3485 1579 3470 1897 4198 1893 4197 1556 4196 1893 4197 1897 4198 1579 3470 1894 4199 1895 4200 1896 4201 1898 4202 1546 4202 1545 4202 1899 4203 1560 4203 1546 4203 1900 4204 1545 4204 1759 4204 1900 4205 1898 4205 1545 4205 1900 4206 1759 4206 1758 4206 1901 4207 1758 4208 1741 4209 1901 4207 1741 4209 1514 4210 1902 4211 1513 4211 1899 4211 1899 4212 1513 4212 1560 4212 1902 4213 1514 4213 1513 4213 1901 4214 1514 4215 1898 4216 1902 4217 1898 4216 1514 4215 1898 4216 1902 4217 1546 4218 1546 4218 1902 4217 1899 4219 1894 4199 1896 4201 1893 4220 1900 4221 1758 4222 1901 4223 1900 4221 1901 4223 1898 4224 1847 4225 1632 4225 1648 4225 1617 4226 1632 4226 1847 4226 1903 4227 1749 4228 1159 2964 1848 4229 1903 4229 1665 4229 1903 4230 1159 4230 1665 4230 1848 4231 1665 4231 1662 4231 1847 3993 1629 3520 1617 3508 1629 3520 1847 3993 1662 3556 1648 3669 1903 4232 1848 3994 1648 3669 1848 3994 1847 3993 1648 3669 1749 3668 1903 4232 1841 4233 1297 4233 1423 4233 1645 3537 1295 3120 1904 4234 1904 4234 1295 3120 1905 4235 1905 4236 1674 4237 1904 4238 1904 4238 1674 4237 1618 4239 1904 4240 1618 4240 1645 4240 1295 3120 1297 3122 1673 3570 1297 3122 1841 4241 1673 3570 1474 4242 1476 4243 1244 4244 1476 4243 1213 4245 1244 4244 1474 4242 1244 4244 1326 4246 1906 4247 1474 3339 1296 4248 1474 4242 1326 4246 1296 4249 1652 4250 1907 4251 1906 4252 1907 4253 1667 4253 1475 4253 1907 4251 1652 4250 1667 4254 1862 4255 1748 4255 1159 4255 1475 4256 1748 4257 1862 4258 1475 4256 1667 4259 1748 4257 1907 4260 1474 3339 1906 4247 1475 3340 1474 3339 1907 4260 1908 4261 1909 4262 1454 4263 1862 4264 1213 4265 1476 4266 1862 4264 1476 4266 1475 4267 1910 4268 1911 4269 1245 4270 1911 4269 1303 4271 1245 4270 1912 4272 1245 4272 1167 4272 1912 4273 1910 4273 1245 4273 1912 4274 1167 4274 1212 4274 1913 4275 1312 4275 1303 4275 1913 4276 1350 4276 1312 4276 1911 4277 1913 4277 1303 4277 1910 4278 1241 3049 1350 4279 1911 4280 1910 4278 1913 4281 1913 4281 1910 4278 1350 4279 1912 4282 1212 3050 1241 3049 1241 3049 1910 4278 1912 4282 1914 4283 1297 4283 1313 4283 1915 4284 1429 4284 1370 4284 1297 4285 1914 4286 1423 4287 1914 4288 1313 3141 1429 3286 1915 4289 1370 4290 1397 4291 1423 4287 1914 4286 1751 4292 1751 4293 1914 4288 1429 3286 1751 4293 1915 4289 1397 4291 1429 3286 1915 4289 1751 4293 1870 4294 1412 4294 1243 4294 1916 4295 1243 4295 1211 4295 1870 4296 1243 4296 1916 4296 1916 4297 1211 4298 1917 4299 1917 4299 1211 4298 1171 4300 1871 4301 1917 4302 1465 4303 1917 4302 1171 4304 1465 4303 1871 4305 1465 4305 1436 4305 1918 4306 1371 4306 1373 4306 1918 4307 1436 4307 1371 4307 1373 3260 1412 3261 1918 4308 1918 4308 1870 4085 1436 4087 1412 3261 1870 4085 1918 4308 1870 4309 1917 4310 1871 4311 1919 4312 1370 4312 1372 4312 1467 4313 1432 4313 1433 4313 1370 4290 1919 4314 1397 4291 1397 4291 1919 4314 1920 4315 1920 4315 1919 4314 1432 3289 1432 3289 1919 4314 1372 3217 1432 3289 1467 4316 1920 4315 1921 4317 1250 4317 1236 4317 1921 4318 1236 4318 1170 4318 1922 4319 1175 4320 1234 4321 1922 4319 1234 4321 1294 4322 1439 3297 1250 3063 1259 3072 1819 3886 1820 4323 1325 3305 1259 3072 1921 4324 1294 3274 1250 3063 1921 4324 1259 3072 1922 4325 1170 2975 1175 2980 1921 4326 1170 2975 1922 4325 1737 3648 1923 4327 1924 4328 1925 4329 1467 4329 1254 4329 1926 4330 1256 4330 1306 4330 1467 4316 1925 4331 1400 3245 1926 4332 1306 4333 1403 3248 1400 3245 1925 4331 1404 3249 1404 3249 1925 4331 1256 3069 1256 3069 1925 4331 1254 3067 1404 3249 1926 4332 1403 3248 1256 3069 1926 4332 1404 3249 1927 4334 1232 4334 1165 4334 1805 4335 1164 4336 1230 4337 1805 4335 1230 4337 1354 4338 1305 3133 1330 3161 1314 3142 1314 3142 1232 3168 1354 3188 1330 3161 1232 3168 1314 3142 1927 4339 1805 3823 1232 3168 1927 4340 1164 2969 1805 4341 1927 4340 1165 2970 1164 2969 1928 4342 1306 4342 1315 4342 1929 4343 1448 4343 1382 4343 1306 4333 1928 4344 1403 3248 1928 4344 1315 3143 1448 3308 1929 4345 1382 4346 1407 3252 1403 3248 1928 4344 1442 3300 1442 3300 1928 4344 1448 3308 1442 3300 1929 4345 1407 3252 1448 3308 1929 4345 1442 3300 1908 4347 1388 4347 1222 4347 1385 4348 1388 4348 1908 4348 1930 4349 1222 4349 1221 4349 1930 4350 1908 4350 1222 4350 1931 4351 1221 4351 1174 4351 1909 4352 1931 4353 1227 3036 1931 4353 1174 3037 1227 3036 1909 4354 1227 4354 1454 4354 1932 4355 1383 4355 1385 4355 1932 4356 1454 4356 1383 4356 1385 4357 1908 4261 1932 4358 1932 4358 1908 4261 1454 4263 1930 4359 1931 4360 1909 4262 1930 4359 1909 4262 1908 4261 1930 4361 1221 4361 1931 4361 1933 4362 1934 4363 1935 4364 1936 4365 1382 4365 1384 4365 1937 4366 1453 4366 1463 4366 1382 4346 1936 4367 1407 3252 1936 4367 1384 3227 1453 3313 1937 4368 1463 4369 1411 4370 1407 3252 1936 4367 1938 4371 1938 4371 1936 4367 1453 3313 1938 4371 1937 4368 1411 4370 1453 3313 1937 4368 1938 4371 1829 4372 1270 4372 1226 4372 1939 4373 1226 4373 1214 4373 1829 4374 1226 4374 1939 4374 1939 4375 1214 3029 1169 2974 1830 4376 1169 4377 1223 4378 1830 4376 1223 4378 1293 4379 1458 3318 1270 3086 1279 3097 1279 3097 1829 3920 1293 3118 1270 3086 1829 3920 1279 3097 1830 4380 1939 4381 1169 4382 1417 4383 1397 4384 1920 4385 1940 4386 1463 4386 1275 4386 1327 4387 1277 4387 1278 4387 1463 4369 1940 4388 1411 4370 1411 4370 1940 4388 1846 4389 1846 4389 1940 4388 1277 3093 1277 3093 1940 4388 1275 3091 1277 3093 1327 4390 1846 4389 1941 4391 1338 4392 1219 4393 1941 4391 1219 4393 1942 4394 1942 4395 1219 4395 1162 4395 1942 4396 1162 4397 1943 4398 1943 4398 1162 4397 1215 4399 1366 3206 1944 4400 1217 3207 1944 4400 1943 4401 1217 3207 1943 4401 1215 4402 1217 3207 1322 3148 1338 3170 1328 3158 1921 4324 1922 4403 1294 3274 1328 3158 1941 4404 1366 3837 1338 3170 1941 4404 1328 3158 1941 4404 1944 4405 1366 3837 1941 4406 1943 4407 1944 4408 1942 4409 1943 4407 1941 4406 1703 3604 1622 4410 1945 4411 1781 4412 1782 3763 1783 3765 1946 4413 1327 4413 1329 4413 1327 4390 1946 4414 1415 3264 1415 3264 1946 4414 1460 3321 1460 3321 1946 4414 1353 3187 1353 3187 1946 4414 1329 3159 1353 3187 1365 3205 1460 3321 1947 4415 1948 4416 1209 4417 1948 4416 1392 4418 1209 4417 1948 4419 1376 4420 1392 4421 1376 4420 1948 4419 1949 4422 1947 4415 1209 4417 1950 4423 1950 4423 1209 4417 1208 4424 1947 4425 1951 4426 1586 4427 1691 4428 1670 4429 1945 4430 1951 4426 1947 4425 1950 4431 1951 4432 1950 4432 1184 4432 1950 4433 1208 4433 1184 4433 1951 4434 1184 4434 1586 4434 1952 4435 1586 4436 1583 4437 1949 4438 1952 4438 1376 4438 1952 4439 1553 3441 1376 3221 1952 4435 1583 4437 1553 4440 1947 4425 1586 4427 1952 4441 1948 4442 1952 4441 1949 4443 1947 4425 1952 4441 1948 4442 1953 4444 1426 4445 1954 4446 1954 4446 1426 4445 1365 4447 1954 4448 1365 4448 1377 4448 1955 4449 1573 4449 1572 4449 1954 4450 1573 3464 1953 4451 1954 4450 1377 3222 1573 3464 1955 4452 1572 4453 1670 3566 1953 4451 1573 3464 1669 3565 1573 3464 1955 4452 1669 3565 1590 4454 1634 4454 1644 4454 1590 4455 1644 4455 1195 4455 1591 4456 1197 4457 1694 4458 1591 4456 1694 4458 1592 4459 1599 3491 1634 3525 1608 3499 1608 3499 1590 3482 1592 3484 1634 3525 1590 3482 1608 3499 1591 4460 1195 3004 1197 3006 1590 4461 1195 3004 1591 4460 1956 4462 1572 4462 1609 4462 1572 4453 1956 4463 1670 3566 1670 3566 1956 4463 1945 4464 1945 4411 1956 4465 1647 3539 1647 3539 1956 4465 1609 3500 1957 4466 1504 3396 1503 3395 1647 3539 1703 3604 1945 4411 1958 4467 1705 4467 1734 4467 1923 4468 1737 4468 1196 4468 1923 4469 1196 3005 1924 4470 1924 4470 1196 3005 1752 4471 1959 4472 1924 4473 1506 4474 1924 4473 1752 4475 1506 4474 1959 4476 1506 4476 1742 4476 1958 4477 1727 4477 1705 4477 1734 3644 1742 3655 1958 4478 1958 4478 1742 3655 1727 3634 1737 3648 1742 3655 1734 3644 1737 3648 1924 4328 1959 4479 1665 4480 1159 4480 1748 4480 1886 4162 1887 4481 1720 3625 1960 4482 1703 4482 1712 4482 1961 4483 1711 4483 1523 4483 1386 3229 1962 4484 1387 3230 1703 3604 1960 4485 1622 4410 1960 4486 1712 3614 1711 3612 1961 4487 1523 4488 1687 3584 1622 4410 1960 4485 1623 4489 1623 4490 1960 4486 1711 3612 1623 4490 1961 4487 1687 3584 1711 3612 1961 4487 1623 4490 1891 4491 1529 4491 1559 4491 1891 4492 1559 4492 1192 4492 1892 4493 1194 4494 1589 4495 1892 4493 1589 4495 1588 4496 1521 3411 1529 3419 1522 3412 1522 3412 1891 4173 1588 3617 1529 3419 1891 4173 1522 3412 1892 4497 1192 3001 1194 3003 1891 4498 1192 3001 1892 4497 1963 4499 1523 4499 1524 4499 1964 4500 1576 4500 1575 4500 1523 4488 1963 4501 1687 3584 1963 4501 1524 3414 1576 3467 1964 4502 1575 4503 1685 3582 1687 3584 1963 4501 1688 3585 1688 3585 1963 4501 1576 3467 1688 3585 1964 4502 1685 3582 1576 3467 1964 4502 1688 3585 1965 4504 1620 4504 1653 4504 1604 4505 1620 4505 1965 4505 1966 4506 1653 4506 1193 4506 1965 4507 1653 4507 1966 4507 1967 4508 1180 4509 1700 3600 1967 4508 1700 3600 1668 3599 1965 4510 1967 4511 1668 3564 1965 4510 1613 3504 1604 3495 1418 4512 1407 4513 1938 4514 1613 3504 1965 4510 1668 3564 1966 4515 1967 4511 1965 4510 1967 4516 1193 3002 1180 2991 1966 4517 1193 3002 1967 4516 1968 4518 1575 4518 1615 4518 1724 4519 1656 4519 1657 4519 1755 3690 1168 4520 1756 4018 1575 4503 1968 4521 1685 3582 1685 3582 1968 4521 1969 4522 1969 4522 1968 4521 1656 4523 1656 4523 1968 4521 1615 4524 1969 4522 1724 4525 1683 4526 1656 4523 1724 4525 1969 4522 1957 4527 1736 4527 1738 4527 1957 4528 1738 4528 1177 4528 1970 4529 1177 4529 1750 4529 1970 4530 1750 4530 1504 4530 1718 3623 1736 3647 1729 3637 1785 3762 1716 3621 1971 4531 1972 4532 1505 4532 1973 4532 1729 3637 1957 4466 1503 3395 1736 3647 1957 4466 1729 3637 1957 4466 1970 4533 1504 3396 1957 4466 1177 4534 1970 4533 1853 4535 1173 2978 1164 2969 1726 4536 1724 4536 1730 4536 1724 4525 1726 3631 1683 4526 1726 3631 1525 3415 1538 3426 1683 4526 1726 3631 1538 3426 1525 3415 1527 3417 1538 3426 1974 4537 1543 4537 1558 4537 1974 4538 1526 4538 1543 4538 1975 4539 1558 4539 1178 4539 1974 4540 1558 4540 1975 4540 1976 4541 1178 4541 1777 4541 1977 4542 1976 4543 1603 4544 1976 4543 1777 4545 1603 4544 1977 4546 1603 4546 1602 4546 1974 4547 1602 3636 1526 3416 1526 3416 1602 3636 1539 3427 1975 4548 1977 4549 1974 4547 1975 4548 1976 4550 1977 4549 1357 3192 1844 3974 1336 3322 1975 4551 1178 4551 1976 4551 1978 4552 1618 4552 1674 4552 1365 3205 1426 3280 1460 3321 1978 4553 1728 4553 1618 4553 1979 4554 1557 4555 1980 4556 1527 3417 1540 3428 1537 3425 1537 3425 1540 3428 1677 3574 1677 3574 1540 3428 1728 4557 1728 3635 1540 3428 1569 3460 1677 3574 1978 4558 1675 3572 1728 4557 1978 4558 1677 3574 1981 4559 1211 4560 1242 4561 1981 4559 1242 4561 1375 4562 1597 4563 1982 4564 1240 4565 1982 4566 1351 4566 1240 4566 1597 4563 1240 4565 1210 4567 1981 4568 1375 3220 1597 3489 1351 3185 1982 4569 1374 3219 1210 3024 1211 3026 1981 4570 1210 3024 1981 4570 1597 4571 1983 4572 1171 2976 1170 2975 1984 4573 1170 4574 1235 4575 1984 4573 1235 4575 1440 4576 1985 4577 1986 4577 1464 4577 1986 4578 1435 4578 1464 4578 1983 4579 1985 4580 1171 4581 1985 4580 1464 4582 1171 4581 1984 4583 1440 3298 1985 4584 1435 3292 1986 4585 1434 3291 1983 4586 1170 4587 1984 4588 1983 4586 1984 4588 1985 4589 1987 4590 1175 2980 1165 2970 1988 4591 1165 4592 1231 4593 1988 4591 1231 4593 1331 4594 1216 4595 1989 4595 1815 4595 1990 4596 1274 4597 1991 4598 1991 4598 1274 4597 1255 4599 1990 4600 1331 4600 1274 4600 1992 4601 1993 4601 1233 4601 1993 4602 1255 4602 1233 4602 1991 4603 1255 4603 1993 4603 1987 4604 1233 4604 1175 4604 1987 4605 1992 4605 1233 4605 1992 4606 1988 4607 1331 4608 1993 4609 1990 4610 1991 4611 1990 4610 1992 4606 1331 4608 1993 4609 1992 4606 1990 4610 1987 4612 1165 4613 1988 4614 1987 4612 1988 4614 1992 4615 1994 4616 1164 4616 1221 4616 1994 4617 1221 4617 1220 4617 1962 4618 1995 4618 1229 4618 1995 4619 1355 4619 1229 4619 1962 4620 1229 4620 1164 4620 1220 3267 1387 3230 1962 4484 1355 3189 1995 4621 1386 3229 1962 4622 1994 4623 1220 4624 1962 4622 1164 4625 1994 4623 1996 4626 1174 4626 1214 4626 1997 4627 1214 4628 1225 4629 1997 4627 1225 4629 1459 4630 1998 4631 1999 4631 1228 4631 1999 4632 1447 4632 1228 4632 1996 4633 1998 4634 1174 4635 1998 4634 1228 4636 1174 4635 1997 4637 1459 3320 1998 4638 1447 3307 1999 4639 1452 3312 1459 3320 1452 3312 1998 4638 1996 4640 1214 4641 1997 4642 1996 4640 1997 4642 1998 4643 2000 4644 1289 4644 1276 4644 2000 4645 1224 4646 2001 4647 2000 4645 1276 4648 1224 4646 2002 4649 1224 4650 1169 4651 2001 4652 1224 4650 2002 4649 2001 4653 1218 3031 1339 3171 2001 4653 1289 3111 2000 4654 1289 3111 2001 4653 1339 3171 2002 4655 1162 2967 1218 3031 2002 4655 1218 3031 2001 4653 2002 4655 1169 2974 1162 2967 2003 4656 1215 4656 1208 4656 1816 4657 2003 4658 1207 4659 1434 3291 1985 4584 1440 3298 2003 4658 1208 4660 1207 4659 1816 4661 1207 4661 1381 4661 2004 4662 1364 4662 1352 4662 2004 4663 1352 4663 1815 4663 1815 4664 1352 4664 1216 4664 1989 4665 1216 4665 1215 4665 2005 4666 2006 4667 2007 4668 1815 3866 1364 3204 2004 4669 1364 3204 1815 3866 1381 3224 1989 4670 2003 4671 1816 3867 1989 4672 1215 4672 2003 4672 1747 4673 1184 2993 1195 3004 2008 4674 1195 4675 1633 4676 2008 4674 1633 4676 1610 4677 2009 4678 1571 4678 1553 4678 2009 4679 1553 4679 1584 4679 2010 4680 1584 4680 1747 4680 2008 4681 1610 3501 2010 4682 1584 4683 1571 3462 2009 4684 1610 3501 1571 3462 2010 4682 1747 4685 1195 4686 2008 4687 1747 4685 2008 4687 2010 4688 2006 4689 1197 4689 2011 4689 2011 4690 1197 4690 1196 4690 2007 4691 2011 4692 1733 4693 2011 4692 1196 4694 1733 4693 2007 4691 1733 4693 1704 4695 2005 4696 1646 4696 1678 4696 2006 4697 1678 4697 1197 4697 2006 4698 2005 4698 1678 4698 2007 4668 1704 3605 2005 4666 1646 3538 2005 4666 1663 3557 1704 3605 1663 3557 2005 4666 2006 4667 2011 4699 2007 4668 1196 3005 1190 2999 1752 4471 2012 4700 1752 4471 1192 3001 2013 4701 1192 4702 1551 4703 2013 4701 1551 4703 1528 4704 2014 4705 1530 4705 1508 4705 2015 4706 2016 4706 1507 4706 2016 4707 1508 4707 1507 4707 2014 4708 1508 4708 2016 4708 2012 4709 1507 4709 1752 4709 2012 4710 2015 4710 1507 4710 2015 4711 2013 4712 1528 3418 2016 4713 1530 3420 2014 4714 1530 3420 2015 4711 1528 3418 2016 4713 2015 4711 1530 3420 2012 4715 1192 4716 2013 4717 2012 4715 2013 4717 2015 4718 1933 4719 1193 4720 1639 4721 1933 4719 1639 4721 1619 4722 2017 4723 1574 4723 1564 4723 1934 4724 1564 4724 1598 4724 2017 4725 1564 4725 1934 4725 1935 4726 1598 4726 1194 4726 1935 4727 1934 4727 1598 4727 1934 4363 1933 4362 1619 3510 2017 4728 1934 4363 1574 3465 1574 3465 1934 4363 1619 3510 1935 4364 1193 3002 1933 4362 1935 4364 1194 3003 1193 3002 2018 4729 1180 2987 1177 2984 1971 4730 1177 4731 1735 4732 1971 4730 1735 4732 1719 4733 1785 3762 1655 3550 1716 3621 2018 4734 1716 4734 1180 4734 1971 4531 1719 3624 1785 3762 1655 3550 1785 3762 1666 3560 1716 4735 1177 4736 1971 4737 2018 4738 1177 4736 1716 4735 1979 4739 1179 4739 1178 4739 1979 4554 1178 4740 1557 4555 1980 4556 1557 4555 1542 4741 1972 4742 1725 4742 1505 4742 1973 4743 1505 4743 1179 4743 1980 4744 1542 3430 1972 4745 1972 4745 1544 3432 1725 3630 1542 3430 1544 3432 1972 4745 1973 4746 1980 4744 1972 4745 1973 4746 1979 4747 1980 4744 1973 4746 1179 4748 1979 4747 2019 4749 1749 4749 2020 4749 2020 4750 1749 4751 1640 4752 2020 4750 1640 4752 1631 4753 2021 4754 1616 4754 1577 4754 2022 4755 2023 4755 1611 4755 2023 4756 1577 4756 1611 4756 2021 4757 1577 4757 2023 4757 2022 4758 1611 4758 1777 4758 2020 4759 1631 3522 2022 4760 2021 4761 2023 4762 1616 3507 1631 3522 1616 3507 2022 4760 1777 4763 2019 4764 2022 4765 2019 4764 2020 4766 2022 4765 2024 4767 1181 2990 1185 2994 1205 3021 2024 4767 1185 2994 2024 4767 1749 4228 1777 4768 1777 4768 1181 2988 2024 4767 2024 4767 1159 2964 1749 4228 1172 2977 1171 2976 1176 4769 1191 3000 1182 2989 1180 2991 1160 2965 2024 4767 1205 3021 1160 2965 1159 2964 2024 4767 1163 2968 1162 2967 1168 2973 1161 2966 1184 2993 1162 2967 1181 2988 1777 4768 1178 2985 1190 2999 1192 3001 1752 4471 1790 3780 1786 4770 1473 3778 1168 2973 1169 2974 1174 2979 2025 4771 1175 2980 1172 2977 1175 2980 2025 4771 1166 2971 1192 3001 1180 2991 1193 3002 1174 2979 1221 4772 1164 2969 1198 3007 1196 3005 1183 2992 1757 3691 1176 2982 1158 2981 1824 4773 1821 3900 1823 4774 1998 4638 1452 3312 1999 4639 1439 3297 1467 3332 1433 3290 1183 2992 1195 3004 1184 2993 1327 3157 1322 3148 1328 3158 1171 3025 1210 3024 1167 2972 1315 3143 1314 3142 1355 3189 1207 3238 1392 3233 1381 3224 1401 3841 1818 3879 1304 3131 1171 4304 1464 4775 1465 4303 1409 3257 1420 3273 1414 3263 1713 3615 1717 3622 1714 3616 1717 3622 1723 3628 1714 3616 1621 3512 1623 3514 1687 4776 1682 4777 1969 4778 1683 4779 1877 4130 1880 4780 1500 3392 1779 3749 1281 3101 1778 3738 1883 4781 1775 4781 1606 4781 1675 3572 1676 3573 1695 3594 1417 4383 1920 4385 1400 4782 1526 3416 1525 3415 1544 3432 1791 3777 1172 3776 1176 2982 1753 3684 1853 4019 1166 3685 1872 4096 1873 4097 1679 3576 1206 4783 1204 4784 1759 3693 1204 4784 1760 3694 1759 3693 1759 3693 1477 3699 1206 4783 1477 3699 1485 3349 1206 4783 1485 3349 1484 3348 1757 4785 1484 3348 1493 3362 1757 4785 1493 3362 1492 3379 1791 4786 1492 3379 1479 3372 1754 4787 1479 3372 1478 4788 1753 4789 1478 4788 1481 3353 1753 4789 1481 3353 1487 3352 1756 3688 1487 3352 1490 3710 1755 3687 1490 3710 1770 3709 1199 4790 1770 3709 1768 3718 1200 4791 1768 3718 1769 3717 1200 4791 1769 3717 1764 3701 1201 4792 1764 3701 1763 3700 1202 4793 1763 3700 1767 3704 1203 4794 1767 3704 1204 4784 1203 4794 1763 3700 1203 4794 1202 4793 1757 4785 1206 4783 1485 3349 1764 3701 1202 4793 1201 4792 1791 4786 1757 4785 1493 3362 1769 3717 1201 4792 1200 4791 1754 4787 1791 4786 1492 3379 1770 3709 1200 4791 1199 4790 1753 4789 1754 4787 1479 3372 1490 3710 1199 4790 1755 3687 1756 3688 1753 4789 1481 3353 1199 3009 1161 3008 1163 3689 1158 2981 1160 2965 1206 3022 1426 4795 1953 4795 1669 4795 1422 3745 1778 3747 1672 4796 1754 3686 2025 4797 1172 3776 1409 3257 1414 3263 1466 3911 1400 3245 1920 4315 1467 4316 1874 4099 1697 4101 1686 4798 1880 4780 1877 4130 1879 4799 1395 3240 1399 3244 1368 3796 1413 4800 1425 4136 1746 4135 1204 4784 1767 3704 1760 3694 1802 4801 1803 3824 1804 3826 1415 3264 1846 4389 1327 4390 1680 4102 1538 4104 1537 4802 1361 3201 1515 3405 1517 3407 1821 3900 1824 4773 1292 3116 1403 3248 1402 3247 1404 3249 1175 2980 1166 2971 1165 2970 1424 3278 1669 3565 1671 3567 1859 4803 1860 4050 1861 4052 1422 3568 1673 3570 1841 4241 1808 4804 1809 3853 1810 3855 1884 4154 1885 4155 1587 3480 1280 4805 1257 4805 1789 4805 1187 2996 1186 2995 1337 4806 1756 4018 1173 4807 1853 4019 1989 4670 1816 3867 1815 3866 1162 4072 1184 4808 1208 4073 1424 4134 1842 4809 1746 4135 2019 4810 1777 4810 1749 4810 1905 4235 1295 3120 1673 3570 1836 4811 1837 3958 1838 3960 1685 3582 1697 3596 1688 3585 1296 4812 1652 4812 1906 4812 1756 4018 1168 4520 1173 4807 1407 3252 1406 3251 1442 3300 1831 3935 1834 4813 1360 3198 1673 4814 1674 4814 1905 4814 1492 3874 1811 3873 1495 4815 1421 3275 1416 3265 1396 3241 1807 3838 1402 3840 1401 4816 1675 3572 1978 4558 1674 3571 1754 3686 1166 3685 2025 4797 1870 4309 1916 4817 1917 4310 1422 4818 1421 4818 1779 4818 1425 3279 1460 3321 1426 3280 1691 4428 1945 4430 1622 4819 1829 4820 1939 4381 1830 4380 1962 4484 1386 3229 1995 4621 1669 3565 1955 4452 1670 3566 1718 3623 1657 3551 1666 3560 1818 4821 1406 4822 1405 4823 1602 3636 1974 4547 1977 4549 1416 3672 1751 3674 1397 4824 1865 4067 1863 4069 1771 3716 1742 3655 1737 3648 1959 4479 1969 4778 1682 4777 1685 4825 1755 3690 1163 3689 1168 4520 1597 3489 1374 3219 1982 4569 1357 3192 1843 3975 1844 3974 1420 3988 1846 3990 1415 4826 1705 3606 1703 3604 1663 3557 1985 4584 1434 3291 1986 4585 1297 3122 1303 3130 1312 3140 1764 4827 1531 3725 1765 3724 1418 4512 1938 4514 1411 4828 1166 2971 1853 4535 1164 2969 1362 3202 1368 3211 1363 3203 1368 3211 1430 3287 1363 3203 2010 4682 1571 3462 1584 4683 1306 3134 1305 3133 1314 3142 1196 3005 1198 3007 1190 2999 2022 4760 1616 3507 2023 4762 1401 4829 1406 4822 1818 4821 1313 3141 1312 3140 1351 3185 1192 3001 1190 2999 1180 2991 1834 4813 1831 3935 1833 4830</p>
        </triangles>
        <triangles material="scout_b01424" count="1472">
          <input semantic="VERTEX" source="#vertices" offset="0" />
          <input semantic="NORMAL" source="#normals" offset="1" />
          <p>0 0 1 1 2 2 1 3 3 4 2 5 1 3 4 6 3 4 3 7 4 8 5 9 4 8 6 10 5 9 7 11 8 12 9 13 8 12 10 14 9 13 9 13 10 14 11 15 10 14 12 16 11 15 11 15 12 16 13 17 12 16 14 18 13 17 14 18 15 19 13 17 14 18 16 20 15 19 15 19 16 20 17 21 18 22 19 23 20 24 21 25 22 25 23 25 24 26 25 27 26 28 27 29 28 30 29 31 30 32 8 12 7 11 16 20 31 33 17 21 29 34 32 34 33 34 34 35 35 36 36 37 37 38 38 39 39 40 40 41 41 41 42 41 43 42 44 43 45 44 46 45 47 46 48 47 49 48 50 49 51 50 52 51 53 52 54 53 55 54 53 52 52 51 56 55 57 56 1 57 56 55 1 57 0 58 58 59 56 55 0 58 59 60 56 55 58 59 60 61 61 62 62 63 63 64 58 59 64 65 60 61 55 54 52 51 63 64 59 60 58 59 60 61 52 51 61 62 65 66 62 63 66 67 65 66 60 61 62 63 67 68 65 66 66 67 68 69 65 66 67 68 69 70 68 69 67 68 70 71 69 70 67 68 71 72 69 70 70 71 72 73 71 72 70 71 73 74 71 72 72 73 74 75 73 74 72 73 75 76 73 74 74 75 76 77 75 76 74 75 4 78 76 77 74 75 57 56 76 77 4 78 1 57 57 56 4 78 77 79 78 80 79 81 77 79 80 82 78 80 80 82 81 83 78 80 82 84 83 85 84 86 84 86 85 87 86 88 83 85 85 87 84 86 86 88 87 89 88 90 85 87 87 89 86 88 88 90 89 91 90 92 87 89 89 91 88 90 89 91 91 93 90 92 90 92 13 94 15 95 91 93 13 94 90 92 11 96 92 97 9 98 11 96 93 99 92 97 93 99 94 100 92 97 94 100 95 101 92 97 94 100 96 102 95 101 96 102 79 81 95 101 96 102 77 79 79 81 97 103 98 104 99 105 100 106 101 106 102 106 103 107 104 108 105 109 106 110 107 110 108 110 106 111 108 112 109 113 110 114 109 115 111 116 110 117 106 111 109 113 110 114 111 116 112 118 113 119 112 118 114 120 113 119 110 114 112 118 115 121 113 119 114 120 115 122 114 122 116 122 117 123 116 123 118 123 117 124 115 124 116 124 117 125 118 125 33 125 119 126 117 127 33 128 120 129 33 128 121 130 120 129 119 126 33 128 120 129 121 130 122 131 123 132 120 132 122 132 124 133 123 134 122 135 124 133 122 135 125 136 126 137 127 138 128 139 128 139 129 140 130 141 127 138 129 140 128 139 129 140 131 142 130 141 130 141 132 143 133 144 131 142 132 143 130 141 133 144 43 145 134 146 134 146 43 145 135 147 132 143 43 145 133 144 43 145 45 148 135 147 135 147 136 149 137 150 45 148 136 149 135 147 137 150 138 151 139 152 136 149 138 151 137 150 138 153 140 153 139 153 139 154 141 155 97 156 140 157 141 155 139 154 97 156 142 158 143 159 141 155 142 158 97 156 143 160 144 161 145 162 142 158 144 163 143 159 144 161 146 164 145 162 145 165 146 166 147 167 147 167 146 166 148 168 146 166 24 169 148 168 149 170 150 171 151 172 134 173 152 174 153 175 154 176 155 177 156 178 157 179 158 180 108 181 159 182 160 183 161 183 162 184 163 185 137 186 164 187 165 188 134 189 20 24 166 190 167 191 168 192 169 193 170 194 171 195 172 196 173 197 174 198 175 199 97 200 26 201 176 202 177 203 30 204 178 205 179 206 180 207 181 208 182 209 116 210 183 211 118 212 184 213 185 214 186 215 187 216 188 217 189 218 190 219 191 220 192 221 141 222 193 223 142 224 136 225 194 226 138 227 195 228 196 229 197 230 198 231 199 232 162 233 200 234 201 235 202 236 98 237 87 89 203 238 204 239 83 85 82 84 33 240 205 241 27 242 51 50 206 243 171 195 149 244 151 245 173 246 140 247 193 223 141 222 112 248 207 248 21 248 208 249 196 250 209 251 210 252 211 253 116 254 212 255 213 256 36 257 142 258 214 259 144 260 204 239 215 261 18 22 177 203 176 202 37 262 216 263 217 264 40 265 42 266 218 266 219 266 219 267 220 268 49 48 221 269 222 269 223 269 224 270 225 271 183 272 129 273 226 274 131 275 23 276 167 277 112 278 227 279 228 280 199 281 189 218 229 282 230 283 231 284 232 284 233 284 232 285 5 9 6 10 234 286 91 93 235 287 236 288 237 289 195 290 144 260 214 259 146 291 47 292 221 293 48 294 36 295 213 295 233 295 153 296 238 296 164 296 137 297 239 298 198 299 109 300 240 300 241 300 93 99 11 96 228 280 242 301 243 302 244 303 245 304 246 304 247 304 248 305 249 306 210 307 250 308 251 308 252 308 216 309 253 310 254 311 255 312 256 312 122 312 215 261 2 313 19 23 170 194 257 314 100 315 197 316 258 317 259 318 36 319 260 320 261 321 262 322 263 323 264 324 265 325 94 100 227 279 110 326 56 327 59 328 102 329 266 330 200 234 267 331 31 331 268 331 269 332 246 333 245 334 202 236 270 335 271 336 272 337 273 337 255 337 39 40 237 289 236 288 274 338 275 339 276 340 235 287 89 91 98 237 223 341 86 342 46 343 99 344 277 345 174 346 138 227 194 226 140 347 156 178 155 177 278 348 279 349 280 349 281 349 282 350 283 350 284 350 285 351 286 351 212 351 287 352 288 353 127 354 122 355 289 355 272 355 146 356 25 27 24 26 199 281 228 280 234 286 148 168 24 169 157 357 157 357 26 358 290 359 24 169 26 358 157 357 26 358 177 360 290 359 290 359 37 361 291 362 177 360 37 361 290 359 291 362 39 363 21 364 21 364 39 363 292 365 37 361 39 363 291 362 39 363 236 366 292 365 292 367 195 368 248 369 236 366 195 370 292 365 248 369 197 371 293 372 195 368 197 371 248 369 197 373 259 373 293 373 293 374 154 375 29 376 29 376 154 375 294 377 259 378 154 375 293 374 294 377 156 379 295 380 154 375 156 379 294 377 156 379 278 381 295 380 278 381 287 382 295 380 295 380 287 382 272 383 272 383 287 382 126 137 287 382 127 138 126 137 124 133 125 136 296 384 297 385 124 133 296 384 297 386 296 386 153 386 298 387 153 388 299 389 298 387 297 390 153 388 300 391 299 392 301 393 300 394 298 387 299 389 300 391 301 393 162 395 302 396 162 397 303 398 302 399 300 399 162 399 302 396 303 398 99 344 304 400 99 344 174 346 304 400 302 396 99 344 305 401 174 401 306 401 305 402 304 402 174 402 307 403 305 403 306 403 307 404 306 404 107 404 106 405 307 405 107 405 308 406 77 79 265 325 132 407 150 408 43 409 309 410 310 411 311 412 312 413 313 414 314 415 81 83 315 416 78 80 166 190 2 313 3 417 81 83 229 282 315 416 229 282 316 418 315 416 229 282 317 419 316 418 2 313 215 261 318 420 318 420 215 261 319 421 319 421 82 84 84 86 215 261 82 84 319 421 317 419 188 217 320 422 188 217 321 423 320 422 188 217 322 424 321 423 322 424 323 425 321 423 323 425 225 271 321 423 225 271 324 426 321 423 225 271 325 427 324 426 325 427 326 428 324 426 325 427 327 429 326 428 327 429 166 190 326 428 166 190 3 417 326 428 182 430 181 431 245 432 328 433 329 433 285 433 179 206 330 434 269 435 204 239 85 87 83 85 331 436 63 64 64 65 332 437 64 65 46 438 332 437 331 436 64 65 333 439 46 438 334 440 333 439 332 437 46 438 335 441 334 440 336 442 335 441 333 439 334 440 337 443 335 441 336 442 338 444 336 442 14 445 338 444 337 443 336 442 12 446 338 444 14 445 339 447 12 446 10 448 339 447 338 444 12 446 340 449 339 447 10 448 341 450 339 447 340 449 342 451 341 450 340 449 343 452 342 451 340 449 344 453 342 451 343 452 180 454 344 453 343 452 345 455 344 453 180 454 54 53 345 455 180 454 346 456 345 455 54 53 53 52 346 456 54 53 173 197 347 457 168 192 131 275 226 274 132 458 128 459 348 460 279 461 230 283 81 83 308 406 349 462 350 463 351 464 169 465 163 466 234 467 261 468 324 469 72 470 241 471 158 472 157 473 281 474 348 475 128 476 349 477 352 477 282 477 19 23 2 313 166 190 167 191 327 429 224 270 284 478 353 479 221 480 245 481 354 482 250 483 355 484 356 485 216 263 271 336 357 486 355 484 45 44 44 43 136 487 252 488 79 488 180 488 183 272 323 425 187 216 221 489 353 489 268 489 198 490 162 491 301 492 72 493 358 494 34 495 108 496 18 496 109 496 278 497 359 498 287 352 259 318 258 317 154 499 212 255 36 257 261 500 192 501 360 502 147 503 145 504 361 505 190 506 118 507 362 508 248 509 147 510 363 510 145 510 328 511 364 512 365 513 351 464 0 514 318 515 350 463 0 514 351 464 318 516 0 0 2 2 365 513 66 517 320 518 364 512 66 517 365 513 66 519 62 520 320 521 320 521 62 520 317 522 317 523 62 524 316 525 62 524 61 526 316 525 61 527 311 412 316 528 316 528 311 412 310 411 18 22 215 261 19 23 27 29 366 529 28 30 285 530 329 530 286 530 34 35 358 531 35 36 36 319 35 532 260 320 112 533 167 533 207 533 37 38 176 534 38 39 43 409 150 408 44 535 352 536 283 536 282 536 46 45 86 537 47 46 264 324 263 323 159 538 49 48 220 268 50 49 111 539 109 540 290 541 290 541 291 542 111 539 291 542 23 543 112 544 112 544 111 539 291 542 97 103 175 545 98 104 134 173 367 546 152 174 154 176 258 547 155 177 219 267 218 548 368 549 218 550 41 551 189 552 218 550 189 552 273 553 41 551 28 554 366 555 366 555 189 552 41 551 256 556 273 553 189 552 161 183 160 183 149 557 241 471 240 558 158 472 42 559 41 559 218 559 79 560 181 208 180 207 187 216 323 425 322 424 272 561 289 561 273 561 20 24 19 23 166 190 233 562 213 562 231 562 168 192 347 457 169 193 102 329 101 563 369 564 171 195 206 243 172 196 174 198 277 565 175 199 134 189 165 188 367 566 26 201 25 567 176 202 40 265 217 264 41 568 116 210 211 569 183 211 187 216 322 424 188 217 134 570 153 571 133 572 130 573 133 572 153 571 128 574 130 573 281 575 130 573 153 571 296 576 130 573 296 576 281 575 23 276 370 577 167 277 108 181 158 180 18 578 244 303 243 302 184 579 153 580 152 580 238 580 279 581 371 581 280 581 136 225 44 582 194 226 190 219 361 583 191 220 209 251 196 250 253 310 195 584 237 584 196 584 200 234 266 330 201 235 98 237 89 91 87 89 227 279 94 100 93 99 252 585 251 585 79 585 310 586 309 587 315 588 309 587 372 589 315 588 372 589 246 590 78 591 316 592 310 586 315 588 78 591 315 588 372 589 79 593 78 591 181 594 92 595 95 596 330 597 9 598 92 595 7 599 78 591 246 590 181 594 7 599 92 595 178 600 246 590 330 597 354 601 330 597 251 602 354 601 178 600 30 603 7 599 330 597 178 600 92 595 251 602 330 597 95 596 246 590 354 601 181 594 79 604 251 602 95 596 351 605 318 606 319 607 319 607 84 608 352 609 352 609 84 608 283 610 84 608 86 611 373 612 352 609 349 613 351 605 352 609 351 605 319 607 88 614 47 615 86 616 283 610 84 608 373 612 222 617 47 615 353 618 222 619 283 610 373 612 51 50 50 49 206 243 47 615 88 614 353 618 88 614 90 620 353 618 353 618 90 620 267 621 17 622 31 623 90 620 31 623 267 621 90 620 90 620 15 624 17 622 224 270 327 429 325 427 102 625 200 626 374 627 200 626 202 628 375 629 200 626 375 629 374 627 100 630 102 625 274 631 274 631 102 625 376 632 170 633 100 630 262 634 262 634 100 630 276 635 168 636 170 633 159 637 173 246 168 636 149 244 149 244 168 636 161 638 171 639 173 246 151 245 49 640 51 641 242 642 51 641 171 639 105 643 219 644 49 640 244 645 42 646 219 644 186 647 186 647 219 644 184 648 40 649 42 646 377 650 378 651 377 650 42 646 102 625 374 627 376 632 186 647 378 651 42 646 244 645 184 648 219 644 100 630 274 631 276 635 242 642 244 645 49 640 170 633 262 634 264 652 105 643 242 642 51 641 170 633 264 652 159 637 103 653 105 643 171 639 151 245 103 653 171 639 168 636 159 637 161 638 162 184 234 654 163 185 140 247 194 655 193 223 4 656 74 657 233 658 74 657 72 659 34 660 72 661 70 662 261 500 70 662 67 663 285 664 67 663 66 665 364 666 6 667 4 656 233 658 67 663 364 666 285 664 364 666 328 668 285 664 233 658 232 669 6 667 70 662 285 664 212 255 36 670 233 658 74 657 70 662 212 255 261 500 36 670 74 657 34 660 276 340 275 339 262 671 210 252 249 672 211 253 212 673 35 673 213 673 247 674 246 674 372 674 91 93 228 280 13 94 142 258 193 675 214 259 204 239 82 84 215 261 35 676 286 677 260 678 265 325 77 79 96 102 216 263 356 485 217 264 189 218 188 217 317 419 212 679 286 679 35 679 314 415 313 414 379 680 219 267 368 549 220 268 151 172 150 171 103 681 224 270 325 427 225 271 129 273 288 682 226 274 23 683 22 683 370 683 33 684 32 684 205 684 227 279 93 99 228 280 189 218 317 419 229 282 365 685 320 422 321 423 326 428 3 417 5 686 326 428 231 687 213 688 321 423 286 677 329 689 321 423 324 690 380 691 286 677 321 423 380 691 329 689 328 692 321 423 328 692 365 685 321 423 5 686 232 693 326 428 232 693 231 687 326 428 326 428 213 688 358 694 324 695 326 428 358 694 380 691 260 678 286 677 213 688 35 696 358 694 198 697 239 697 199 697 105 109 104 108 242 698 234 286 228 280 91 93 47 292 222 699 221 293 137 297 163 700 239 298 228 280 11 96 13 94 27 242 205 241 366 701 21 702 207 702 22 702 248 305 362 703 249 306 227 704 199 705 347 706 199 705 239 707 347 706 239 707 163 466 347 706 238 708 227 704 165 709 165 709 227 704 172 710 206 711 165 709 172 710 227 704 347 706 172 710 202 628 271 712 379 713 271 712 355 714 312 715 355 714 216 309 254 311 216 309 40 649 209 716 253 310 216 309 209 716 40 649 377 650 208 717 379 713 375 629 202 628 314 718 379 713 271 712 40 649 208 717 209 716 312 715 314 718 271 712 254 311 312 715 355 714 170 194 169 193 257 314 197 230 196 229 258 719 223 720 222 720 373 720 100 315 257 314 101 721 265 325 96 102 94 100 123 722 124 723 53 724 124 723 346 725 53 724 120 726 123 722 60 727 117 728 119 729 68 730 119 729 120 726 68 730 115 731 117 728 71 732 113 733 115 731 75 734 110 326 113 733 57 735 106 736 110 326 59 328 305 737 307 738 331 739 307 738 106 736 331 739 304 740 305 737 333 741 302 742 304 740 337 743 300 744 302 742 339 745 297 746 298 747 342 748 298 747 300 744 342 748 344 749 345 750 297 746 342 748 344 749 297 746 123 722 53 724 55 751 123 722 55 751 60 727 341 752 342 748 300 744 120 726 60 727 65 753 339 745 341 752 300 744 120 726 65 753 68 730 338 754 339 745 302 742 337 743 338 754 302 742 117 728 68 730 69 755 117 728 69 755 71 732 335 756 337 743 304 740 115 731 71 732 73 757 333 741 335 756 304 740 115 731 73 757 75 734 332 758 333 741 305 737 331 739 332 758 305 737 113 733 75 734 76 759 113 733 76 759 57 735 63 760 331 739 106 736 110 326 57 735 56 327 59 328 63 760 106 736 268 761 353 761 267 761 162 233 199 232 234 762 281 763 280 763 381 763 102 329 369 564 266 330 260 764 380 764 261 764 269 435 330 434 246 765 202 236 201 235 270 335 221 480 223 766 284 478 221 767 268 768 334 769 48 770 221 767 334 769 268 768 31 771 336 772 31 771 16 773 336 772 16 773 14 774 336 772 336 772 334 769 268 768 46 775 48 770 334 769 39 40 38 39 237 289 235 287 91 93 89 91 223 341 373 776 86 342 343 777 340 778 269 332 180 779 343 777 252 780 340 778 10 781 8 782 252 780 343 777 269 332 8 782 30 783 179 784 250 785 252 780 269 332 340 778 8 782 179 784 340 778 179 784 269 332 250 785 269 332 245 334 245 786 247 787 54 788 182 789 245 786 54 788 247 787 309 790 52 791 309 790 311 792 52 791 182 789 54 788 180 793 311 792 61 794 52 791 54 788 247 787 52 791 198 490 301 492 135 795 137 796 198 490 135 795 303 797 162 798 139 799 139 799 162 798 137 800 153 801 164 802 299 803 299 803 164 802 134 804 301 492 299 803 135 795 299 803 134 804 135 795 139 799 97 805 99 806 303 797 139 799 99 806 99 344 98 807 277 345 203 238 87 89 85 87 308 406 81 83 80 82 147 808 360 808 363 808 287 352 359 498 288 353 146 356 214 809 25 27 125 810 122 811 126 812 126 812 122 811 272 813 281 575 296 576 279 814 296 576 125 810 279 814 279 814 125 810 128 815 126 812 128 815 125 810 272 816 255 817 295 818 145 504 363 819 361 505 97 820 143 821 174 822 143 821 145 823 306 824 143 821 306 824 174 822 145 823 190 825 306 824 192 826 107 827 306 824 190 825 192 826 306 824 203 828 361 829 101 830 98 831 203 828 277 832 361 829 363 833 101 830 101 830 257 834 203 828 257 834 169 465 175 835 203 828 257 834 277 832 175 835 277 832 257 834 254 311 237 836 38 837 313 838 312 715 38 837 312 715 254 311 38 837 375 629 379 713 176 839 379 713 313 838 176 839 176 839 25 840 375 629 313 838 38 837 176 839 46 841 64 842 223 766 64 842 58 843 282 844 64 842 284 478 223 766 58 843 0 845 350 846 284 478 64 842 282 844 58 843 350 846 282 844 350 846 349 847 282 844 308 406 80 82 77 79 132 848 226 848 150 848 245 432 181 431 354 849 255 850 273 850 256 850 284 851 283 851 222 851 122 852 256 852 289 852 179 206 178 205 330 434 250 483 354 482 251 853 204 239 203 238 85 87 247 854 372 854 309 854 173 197 172 196 347 457 357 855 270 856 22 857 230 283 229 282 81 83 158 858 240 859 201 860 201 860 266 861 158 858 266 861 369 862 204 863 369 862 101 830 363 833 369 862 363 833 360 864 369 862 360 864 204 863 266 861 204 863 18 865 191 866 361 829 203 828 191 866 203 828 204 863 191 866 204 863 360 864 20 867 240 859 18 868 158 858 266 861 18 865 345 750 346 725 124 723 124 723 297 746 345 750 265 869 227 704 238 708 265 869 238 708 152 870 280 871 265 869 381 872 381 872 265 869 50 873 265 869 152 870 206 711 152 870 367 874 206 711 50 873 265 869 206 711 348 875 381 872 50 873 256 556 189 552 230 876 230 876 308 877 368 878 256 556 230 876 289 879 308 877 371 880 348 875 308 877 348 875 220 881 368 878 308 877 220 881 289 879 230 876 368 878 273 553 289 879 368 878 368 878 218 550 273 553 50 873 220 881 348 875 367 874 165 709 206 711 270 856 201 860 20 867 22 857 270 856 370 882 201 860 240 859 20 867 370 882 270 856 20 867 167 883 370 882 20 867 167 884 224 270 207 885 207 885 224 270 357 855 22 857 207 885 357 855 356 886 357 855 224 270 356 886 224 270 249 887 249 887 362 888 356 886 211 889 249 887 224 270 224 270 183 272 211 889 235 890 98 891 175 835 234 467 235 890 169 465 175 835 169 465 235 890 169 465 347 706 163 466 108 892 107 827 157 893 107 827 192 826 147 894 148 895 107 827 147 894 148 895 157 893 107 827 290 541 109 540 241 896 290 541 241 896 157 897 281 474 381 898 348 475 294 899 295 818 121 900 295 818 255 817 122 901 121 900 295 818 122 901 27 902 29 903 294 899 294 899 121 900 33 904 294 899 33 904 27 902 261 468 380 905 324 469 280 871 371 880 308 877 308 877 265 869 280 871 189 552 366 555 205 906 189 552 205 906 187 907 183 908 187 907 217 909 187 907 205 906 32 910 362 888 183 908 217 909 41 551 217 909 187 907 217 909 356 886 362 888 41 551 187 907 32 910 32 910 28 554 41 551 167 191 166 190 327 429 284 911 222 911 353 911 164 912 238 912 165 912 254 311 253 310 237 836 253 310 196 250 237 836 196 913 208 717 258 914 208 717 377 650 258 914 377 650 378 651 155 915 378 651 185 916 155 915 185 916 184 917 359 918 184 917 243 919 359 918 243 919 242 920 288 921 242 920 104 922 288 921 104 922 103 681 226 923 103 681 150 171 226 923 150 924 149 925 44 926 149 925 160 927 44 926 160 927 159 928 194 929 159 928 263 930 194 929 263 930 262 931 193 932 262 931 275 933 193 932 275 933 274 631 214 934 274 631 376 632 214 934 376 632 374 627 25 840 374 627 375 629 25 840 376 632 25 840 214 934 275 933 214 934 193 932 155 915 258 914 377 650 263 930 193 932 194 929 359 918 155 915 185 916 160 927 194 929 44 926 288 921 359 918 243 919 226 923 288 921 104 922 355 484 357 486 356 485 271 336 270 335 357 486 21 935 292 936 114 937 292 936 248 938 210 939 114 937 292 936 116 940 21 941 23 543 291 542 293 942 29 943 33 944 248 945 293 942 118 946 293 942 33 944 118 946 116 940 292 936 210 939 21 935 114 937 112 947 183 272 225 271 323 425 288 353 129 948 127 354 279 461 348 460 371 949 72 493 324 950 358 494 278 497 155 951 359 498 29 952 28 952 32 952 192 501 191 953 360 502 109 954 18 954 240 954 118 507 183 955 362 508 186 215 185 214 378 956 382 957 383 958 384 959 385 960 386 961 387 962 388 963 389 964 390 965 391 966 392 966 393 966 394 967 395 968 396 969 397 970 398 971 399 972 384 973 400 974 401 975 402 976 403 976 404 976 405 977 406 978 407 979 408 980 409 980 410 980 411 981 412 982 413 983 414 984 415 985 416 986 417 987 418 988 419 989 420 990 419 989 421 991 420 990 417 987 419 989 422 992 421 991 423 993 422 992 420 990 421 991 422 992 423 993 424 994 425 995 424 995 426 995 425 996 422 996 424 996 427 997 426 998 428 999 427 1000 428 1001 429 1002 427 997 425 1003 426 998 427 1000 429 1002 430 1004 431 1005 427 1000 430 1004 431 1006 430 1006 385 1006 432 1007 385 1008 433 1009 432 1010 431 1010 385 1010 432 1007 433 1009 434 1011 435 1012 434 1011 436 1013 435 1012 432 1007 434 1011 437 1014 435 1012 436 1013 438 1015 439 1016 440 1017 441 1018 439 1018 438 1018 440 1017 442 1019 443 1020 439 1016 442 1019 440 1017 443 1021 444 1022 382 1023 382 1024 444 1024 445 1024 442 1025 444 1022 443 1021 445 1026 446 1027 447 1028 444 1029 446 1029 445 1029 447 1028 446 1027 448 1030 446 1031 449 1031 448 1031 448 1032 449 1032 450 1032 450 1033 449 1034 451 1035 449 1034 452 1036 451 1035 451 1037 452 1037 453 1037 453 1038 454 1038 455 1038 452 1039 454 1039 453 1039 456 1040 457 1041 458 1042 459 1043 460 1043 461 1043 462 1044 463 1044 464 1044 465 1045 466 1046 450 1047 396 969 467 1048 468 1049 428 1001 469 1050 429 1002 470 1051 471 1052 472 1053 473 1054 474 1054 475 1054 476 1055 477 1056 478 1057 475 1058 479 1059 480 1060 481 1061 415 1062 414 1063 482 1064 483 1064 484 1064 434 1065 460 1065 459 1065 485 1066 486 1067 487 1068 488 1069 489 1070 490 1071 387 1072 386 1073 408 1074 491 1075 492 1076 424 1077 493 1078 494 1078 495 1078 496 1079 497 1079 498 1079 499 1080 500 1081 501 1082 502 1083 503 1084 504 1085 393 1086 466 1086 465 1086 505 1087 506 1088 507 1089 508 1090 509 1091 510 1092 511 1093 512 1094 462 1095 513 1096 486 1067 514 1097 515 1098 516 1098 517 1098 518 1099 497 1100 519 1101 520 1102 521 1103 522 1104 523 1105 524 1106 525 1107 526 1108 518 1108 473 1108 527 1109 528 1110 529 1111 530 1112 412 982 531 1113 447 1114 532 1115 533 1116 390 1117 534 1118 535 1119 495 1120 519 1120 496 1120 507 1089 536 1121 537 1122 473 1123 538 1124 539 1125 517 1126 540 1127 541 1128 401 1129 400 1129 382 1129 542 1130 543 1130 544 1130 522 1104 407 979 406 978 461 1131 545 1131 434 1131 410 1132 546 1132 385 1132 535 1133 534 1134 547 1135 548 1136 549 1137 397 1138 490 1139 550 1139 551 1139 547 1140 552 1141 388 1142 553 1143 538 1144 554 1145 555 1146 556 1146 557 1146 558 1147 559 1148 560 1149 561 1150 562 1151 555 1152 563 1153 564 1153 565 1153 566 1154 567 1154 568 1154 421 1155 569 1155 570 1155 571 1156 572 1157 488 1158 498 1159 573 1160 574 1161 504 1162 503 1163 447 1164 565 1165 575 1165 453 1165 560 1149 576 1166 577 1167 533 1168 578 1169 502 1170 579 1171 580 1172 404 1173 581 1174 582 1175 583 1176 584 1177 585 1178 457 1041 453 1179 586 1179 563 1179 450 1180 392 1181 391 1182 468 1049 587 1183 588 1184 523 1105 589 1185 524 1106 440 1186 590 1186 591 1186 484 1187 592 1188 593 1189 406 978 594 1190 553 1143 595 1191 596 1192 505 1087 501 1193 590 1194 440 1195 541 1196 597 1196 481 1196 598 1197 599 1198 600 1199 455 1200 601 1201 570 1202 454 1203 601 1201 455 1200 570 1202 602 1204 603 1205 601 1201 602 1204 570 1202 603 1206 604 1207 491 1208 491 1209 604 1209 605 1209 602 1210 604 1207 603 1206 605 1211 606 1212 607 1213 604 1214 606 1214 605 1214 607 1213 606 1212 608 1215 606 1216 609 1216 608 1216 608 1217 609 1217 408 1217 408 1218 609 1219 610 1220 609 1219 611 1221 610 1220 610 1222 611 1222 461 1222 461 1223 441 1223 438 1223 611 1224 441 1224 461 1224 437 1225 436 1225 499 1225 612 1226 499 1227 613 1228 612 1226 437 1229 499 1227 612 1226 613 1228 384 1230 614 1231 384 1231 615 1231 614 1232 612 1232 384 1232 616 1233 615 1234 502 1083 616 1233 614 1235 615 1234 616 1233 502 1083 504 1085 616 1236 504 1237 617 1238 618 1239 616 1236 617 1238 618 1240 617 1240 393 1240 619 1241 393 1242 620 1243 619 1244 618 1244 393 1244 619 1241 620 1243 565 1245 417 987 565 1246 418 988 417 1247 619 1241 565 1245 424 1248 621 1248 622 1248 399 1249 581 1250 583 1251 478 1057 623 1252 624 1253 591 1254 625 1254 499 1254 419 1255 626 1255 421 1255 460 1256 627 1257 505 1258 628 1259 509 1091 508 1090 544 1260 629 1261 550 1262 557 1263 556 1263 630 1263 470 1264 593 1189 592 1188 622 1265 631 1266 491 1267 607 1268 632 1269 428 1270 630 1271 633 1271 402 1271 634 1272 635 1273 558 1147 480 1274 636 1274 637 1274 638 1275 639 1276 513 1096 530 1112 589 1185 640 1277 525 1107 524 1106 641 1278 537 1122 557 1279 476 1055 383 1280 400 1281 560 1282 554 1145 475 1283 634 1272 570 1284 626 1285 419 1286 577 1167 642 1287 595 1191 416 1288 643 1289 542 1290 508 1090 510 1092 638 1275 588 1184 599 1198 644 1291 598 1197 600 1199 645 1292 390 1293 589 1294 531 1295 637 1296 646 1296 472 1296 464 1297 647 1297 648 1297 551 1298 629 1299 571 1300 529 1111 585 1178 584 1177 471 1052 649 1301 561 1302 624 1253 650 1303 520 1102 429 1304 651 1305 607 1306 580 1307 652 1307 526 1307 648 1308 653 1308 482 1308 568 1309 654 1309 493 1309 544 1310 655 1310 515 1310 582 1311 656 1312 548 1313 385 960 546 1314 386 961 526 1315 652 1315 518 1315 645 1292 600 1199 657 1316 648 1317 647 1317 653 1317 478 1057 477 1056 658 1318 540 1319 597 1319 541 1319 397 970 549 1320 398 971 648 1321 482 1322 609 1323 482 1322 611 1324 609 1323 537 1122 536 1121 659 1325 384 973 660 1326 400 974 388 1142 552 1141 389 1327 493 1328 654 1328 494 1328 472 1329 646 1329 470 1329 640 1330 523 1331 616 1332 616 1332 618 1333 640 1330 515 1334 655 1334 516 1334 390 965 389 964 661 1335 411 981 662 1336 412 982 456 1040 663 1337 457 1041 434 1338 433 1339 610 1340 434 1338 610 1340 461 1341 433 1339 385 1342 610 1340 385 1342 387 1343 610 1340 438 1344 440 1345 591 1346 461 1347 438 1344 459 1348 501 1349 443 1350 613 1351 443 1350 384 1352 613 1351 499 1353 501 1349 613 1351 445 1354 401 1355 382 1356 436 1357 434 1358 459 1348 436 1357 459 1348 438 1344 436 1357 438 1344 591 1346 436 1357 591 1346 499 1359 443 1350 382 1360 384 1352 401 1355 615 1361 384 1362 622 1363 621 1363 664 1363 462 1095 512 1094 463 1364 473 1365 518 1365 474 1365 447 1114 665 1366 532 1115 396 969 395 968 467 1048 416 986 415 985 666 1367 461 1368 460 1368 545 1368 470 1051 667 1369 471 1052 617 1370 504 1371 448 1372 504 1371 447 1373 448 1372 617 1370 448 1372 391 1374 393 1375 617 1370 391 1374 448 1372 450 1376 391 1374 565 1377 564 1377 575 1377 476 1055 557 1279 477 1056 490 1378 489 1378 550 1378 657 1379 600 1380 542 1381 406 1382 553 1383 586 1384 406 1382 586 1384 575 1385 574 1386 573 1386 511 1386 499 1080 625 1387 500 1081 475 1388 474 1388 479 1388 394 967 456 1040 668 1389 481 1061 669 1390 415 1062 434 1391 670 1391 460 1391 490 1392 551 619 543 1393 490 1392 543 1393 509 1394 543 1393 643 1395 509 1394 510 1396 666 1397 639 1398 415 1399 397 1400 399 619 666 1397 415 1399 583 1401 415 1399 399 619 583 1401 666 1397 583 1401 582 1402 666 1397 582 1402 639 1398 655 1403 571 619 488 1404 516 1405 655 1403 524 1406 655 1403 488 1404 641 1407 524 1406 655 1403 641 1407 524 1406 589 1294 516 1405 509 1394 641 1407 488 1404 510 1396 509 1394 643 1395 486 1408 639 1398 582 1402 643 1395 666 1397 510 1396 488 1404 490 1392 509 1394 517 1409 516 1409 671 1409 485 1066 514 1097 486 1067 488 1069 572 1410 489 1070 491 1075 631 1411 492 1076 563 1412 586 1412 564 1412 608 1413 430 1414 429 1415 426 1416 605 1417 428 1418 491 1419 605 1417 622 1420 610 1340 387 1343 408 1421 605 1417 426 1416 622 1420 421 1422 603 1423 423 1424 603 1423 491 1425 424 1426 570 1427 603 1423 421 1422 419 1428 455 1429 570 1430 565 1431 453 1432 455 1429 565 1431 455 1429 418 1433 455 1429 419 1428 418 1433 451 1434 453 1435 563 1436 450 1437 451 1434 465 1438 451 1434 620 1439 393 1440 393 1440 465 1438 451 1434 430 1414 608 1413 410 1441 408 1442 410 1441 608 1413 620 1439 451 1434 563 1436 620 1439 563 1436 565 1443 385 1444 430 1414 410 1441 608 1413 429 1415 607 1445 424 1426 423 1424 603 1423 426 1416 424 1446 622 1420 607 1447 428 1418 605 1417 637 1448 636 1448 646 1448 382 1449 400 1449 383 1449 505 1087 596 1192 506 1088 513 1096 639 1276 486 1067 646 619 636 1450 567 619 636 1450 479 1451 654 1452 479 1451 474 1453 494 1454 474 1453 518 1099 519 1101 518 1099 652 1455 497 1100 652 1455 672 1456 497 1100 672 1456 579 1457 573 1458 579 1457 403 1459 511 1460 403 1459 512 1461 511 1460 654 1452 567 619 636 1450 579 1457 511 1460 573 1458 494 1454 654 1452 479 1451 672 1456 573 1458 673 619 672 1456 673 619 497 1100 519 1101 494 1454 474 1453 520 1102 650 1303 521 1103 464 1462 463 1462 647 1462 527 1109 674 1463 528 1110 530 1112 413 983 412 982 390 1117 661 1464 534 1118 428 1001 632 1465 469 1050 655 1403 543 1393 571 619 571 619 543 1393 551 619 507 1089 675 1466 536 1121 536 1467 555 1468 659 1469 561 1470 506 1471 596 1472 471 1473 561 1470 596 1472 557 1474 659 1469 555 1468 471 1473 596 1472 676 1475 477 1476 557 1477 630 1478 471 1473 676 1475 642 1479 472 1480 471 1473 642 1479 658 1481 477 1476 630 1478 472 1480 642 1479 576 1482 623 1483 658 1481 402 1484 658 1481 630 1478 402 1484 472 1480 576 1482 677 1485 637 1486 472 1480 677 1485 678 1487 623 1483 402 1484 677 1485 559 1488 637 1486 650 1489 678 1487 402 1484 650 1489 402 1484 404 1490 637 1486 559 1488 679 1491 480 1492 637 1486 679 1491 521 1493 650 1489 404 1490 679 1491 635 1494 480 1492 407 1495 521 1493 580 1496 521 1493 404 1490 580 1496 480 1492 635 1494 475 1497 405 1498 407 1495 580 1496 473 1123 475 1499 680 1500 594 1501 405 1498 526 1502 405 1498 580 1496 526 1502 473 1123 680 1500 538 1124 539 1125 594 1501 526 1502 526 1502 473 1123 539 1125 627 1503 645 1292 657 1316 555 1468 536 1467 561 1470 536 1467 675 1504 561 1470 675 1504 506 1471 561 1470 517 1126 671 1505 540 1127 398 1506 549 1507 414 1508 414 1508 416 1509 398 1506 416 1509 581 1510 398 1506 522 1104 521 1103 407 979 498 1511 497 1511 673 1511 502 1083 578 1512 503 1084 548 1136 656 1513 549 1137 547 1135 534 1134 552 1514 450 1047 466 1046 681 1515 496 1516 519 1516 497 1516 553 1143 539 1517 538 1144 553 1143 594 1190 539 1517 555 1518 562 1518 556 1518 595 1191 642 1287 676 1519 558 1147 679 1520 559 1148 561 1150 649 1521 562 1151 410 1522 409 1522 546 1522 429 1304 469 1523 651 1305 571 1156 629 1524 572 1157 530 1525 640 1330 618 1333 618 1333 619 1526 530 1525 619 1526 417 1527 530 1525 530 1525 417 1527 413 1528 417 1527 420 1529 411 1530 420 1529 422 1531 411 1530 422 1531 425 1532 485 1533 411 1530 422 1531 485 1533 425 1532 427 1534 485 1533 427 1534 431 1535 514 1536 431 1535 432 1537 513 1538 432 1537 435 1539 508 1540 435 1539 437 1541 508 1540 437 1541 612 1542 628 1543 612 1542 614 1544 525 1545 614 1544 616 1332 525 1545 525 1545 616 1332 523 1331 612 1542 525 1545 628 1543 411 1530 413 1528 417 1527 437 1541 628 1543 508 1540 432 1537 508 1540 638 1546 514 1536 485 1533 427 1534 432 1537 638 1546 513 1538 513 1538 514 1536 431 1535 498 1159 673 1547 573 1160 404 1548 403 1548 579 1548 663 1337 584 1177 457 1041 560 1149 677 1549 576 1166 630 1550 556 1550 633 1550 646 619 567 619 470 619 649 1551 667 1552 592 1553 562 1554 649 1551 483 1555 556 1556 562 1554 653 1557 633 1558 556 1556 647 1559 403 1459 633 1558 512 1461 667 1552 470 619 592 1553 463 619 512 1461 633 1558 647 1559 463 619 633 1558 649 1551 592 1553 483 1555 653 1557 647 1559 556 1556 562 1554 483 1555 653 1557 533 1168 532 1560 578 1169 447 1164 503 1163 665 1561 591 1562 590 1562 625 1562 579 1171 672 1563 580 1172 424 1564 492 1564 621 1564 628 1259 525 1107 641 1278 402 1565 633 1565 403 1565 554 1145 538 1144 680 1566 581 1174 682 1567 582 1175 502 1568 615 1361 445 1354 533 1569 502 1568 445 1354 615 1361 401 1355 445 1354 447 1570 533 1569 445 1354 450 1180 681 1571 392 1181 468 1049 467 1048 587 1183 544 1572 543 1572 655 1572 523 1105 640 1277 589 1185 643 1573 543 1573 542 1573 527 1109 627 1503 674 1463 484 1574 483 1574 592 1574 406 978 405 977 594 1190 595 1191 676 1519 596 1192 501 1193 500 1575 590 1194 668 1389 395 968 394 967 384 959 383 958 660 1576 598 1197 644 1291 599 1198 501 1349 440 1577 443 1350 399 1249 398 1578 581 1250 478 1057 658 1318 623 1252 566 1579 470 1579 567 1579 627 1257 527 1580 595 1581 527 1580 625 1582 590 1583 527 1580 590 1583 595 1581 670 1584 545 1585 645 1586 645 1586 627 1257 670 1584 670 1584 627 1257 460 1256 627 1257 595 1581 505 1258 553 1383 554 1587 466 1588 554 1587 681 1589 466 1588 495 1590 494 1590 519 1590 507 1089 506 1088 675 1466 568 1591 567 1591 654 1591 468 1592 588 1593 492 1594 482 1595 653 1595 483 1595 411 981 485 1066 662 1336 470 1596 566 1596 593 1596 622 1265 664 1597 631 1266 607 1268 651 1598 632 1269 485 1066 487 1068 662 1336 522 1599 406 1382 394 1600 406 1382 575 1385 394 1600 575 1385 564 1601 394 1600 683 1602 522 1599 626 1603 522 1599 394 1600 396 1604 626 1603 522 1599 396 1604 394 1600 564 1601 456 1605 456 1605 564 1601 586 1384 456 1605 586 1384 553 1383 553 1383 466 1588 456 1605 663 1606 456 1605 392 1607 392 1607 456 1605 466 1588 578 1608 663 1606 503 1609 503 1609 663 1606 634 1610 665 1611 503 1609 634 1610 663 1606 392 1607 554 1587 663 1606 554 1587 634 1610 392 1607 681 1589 554 1587 634 1610 558 1612 665 1611 558 1612 532 1613 665 1611 558 1147 635 1273 679 1520 560 1149 559 1148 677 1549 634 1272 475 1283 635 1273 480 1060 479 1059 636 1614 638 1275 510 1092 639 1276 453 1615 575 1615 586 1615 530 1112 531 1113 589 1185 663 1606 578 1608 584 1616 400 1281 584 1616 558 1612 560 1282 400 1281 558 1612 584 1616 578 1608 532 1613 558 1612 584 1616 532 1613 468 1592 492 1594 631 1617 396 1604 468 1592 626 1603 468 1592 631 1617 624 1618 569 1619 626 1603 468 1592 569 1619 468 1592 520 1620 468 1592 624 1618 520 1620 522 1599 683 1602 569 1619 520 1620 522 1599 569 1619 478 1621 624 1618 664 1622 664 1622 624 1618 631 1617 476 1623 478 1621 651 1624 537 1625 476 1623 598 1626 507 1627 537 1625 386 1628 386 1628 537 1625 409 1629 505 1258 507 1627 460 1256 545 1585 460 1256 507 1627 478 1621 664 1622 621 1630 545 1585 507 1627 645 1586 478 1621 621 1630 588 1593 598 1626 645 1586 546 1631 478 1621 588 1593 644 1632 621 1630 492 1594 588 1593 546 1631 645 1586 386 1628 644 1632 469 1633 632 1634 651 1624 478 1621 632 1634 386 1628 645 1586 507 1627 644 1632 632 1634 478 1621 409 1629 537 1625 598 1626 598 1626 546 1631 409 1629 644 1632 598 1626 476 1623 476 1623 651 1624 644 1632 469 1633 644 1632 651 1624 628 1259 641 1278 509 1091 537 1122 659 1325 557 1279 584 1616 400 1281 660 1635 529 1636 584 1616 660 1635 527 1580 529 1636 625 1582 529 1636 660 1635 383 1280 529 1636 383 1280 560 1282 500 1637 625 1582 529 1636 500 1637 529 1636 577 1638 529 1636 560 1282 577 1638 595 1581 590 1583 500 1637 577 1638 595 1581 500 1637 554 1145 680 1566 475 1283 570 1284 683 1639 626 1285 577 1167 576 1166 642 1287 416 1288 666 1640 643 1289 544 1260 515 1641 585 1642 629 1261 544 1260 572 1643 572 1643 544 1260 585 1642 572 1643 585 1642 528 1644 481 1645 414 1508 549 1507 481 1645 549 1507 587 1646 549 1507 656 1647 587 1646 542 1381 544 1260 550 1262 674 1648 657 1379 542 1381 528 1644 674 1648 489 1649 515 1641 457 1650 585 1642 458 1651 457 1650 517 1652 668 1653 458 1651 661 1654 661 1654 458 1651 534 1655 661 1654 389 1656 668 1653 534 1655 458 1651 517 1652 457 1650 515 1641 517 1652 489 1649 674 1648 550 1262 542 1381 550 1262 674 1648 528 1644 489 1649 572 1643 395 1657 668 1653 389 1656 467 1658 395 1657 481 1645 587 1646 467 1658 481 1645 599 1659 587 1646 656 1647 600 1380 599 1659 682 1660 542 1381 600 1380 416 1509 395 1657 389 1656 552 1661 481 1645 395 1657 541 1662 416 1509 600 1380 682 1660 395 1657 552 1661 541 1662 581 1510 416 1509 682 1660 682 1660 599 1659 656 1647 517 1652 541 1662 534 1655 534 1655 541 1662 552 1661 588 1184 587 1183 599 1198 408 1074 386 1073 409 1663 390 1293 535 1664 589 1294 531 1295 412 1665 388 1666 412 1665 662 1667 597 1668 662 1667 487 1669 669 1670 397 1400 487 1669 548 1671 487 1669 486 1408 548 1671 486 1408 582 1402 548 1671 662 1667 669 1670 597 1668 390 1293 531 1295 388 1666 487 1669 397 1400 669 1670 669 1670 397 1400 415 1399 547 1672 388 1666 597 1668 597 1668 388 1666 412 1665 547 1672 597 1668 540 1673 540 1673 671 1674 547 1672 671 1674 516 1405 589 1294 547 1672 671 1674 535 1664 671 1674 589 1294 535 1664 434 1675 545 1675 670 1675 551 1298 550 1676 629 1299 529 1111 528 1110 585 1178 484 1677 593 1678 441 1679 593 1678 566 1680 439 1681 566 1680 568 1682 442 1683 568 1682 493 1684 444 1685 493 1684 495 1686 446 1687 495 1686 496 1688 449 1689 496 1688 498 1690 452 1691 498 1690 574 1692 454 1693 574 1692 511 1694 602 1695 511 1694 462 1696 602 1695 462 1697 464 1698 604 1699 464 1698 648 1321 606 1700 648 1321 609 1323 606 1700 611 1324 482 1322 484 1677 441 1679 611 1324 484 1677 464 1698 606 1700 604 1699 439 1681 441 1679 593 1678 462 1697 604 1699 602 1701 442 1683 439 1681 566 1680 574 1692 602 1695 601 1702 444 1685 442 1683 568 1682 574 1692 601 1702 454 1693 498 1690 454 1693 452 1691 446 1687 444 1685 493 1684 449 1689 446 1687 495 1686 496 1688 452 1691 449 1689 657 1316 674 1463 627 1503 456 1040 458 1042 668 1389 471 1052 667 1369 649 1301 624 1253 678 1703 650 1303 570 1704 569 1704 683 1704 393 1705 392 1705 466 1705 580 1172 672 1563 652 1706 421 1707 626 1707 569 1707 481 1708 597 1708 669 1708 582 1311 682 1709 656 1312 624 1253 623 1252 678 1703</p>
        </triangles>
        <triangles material="scout_b8bab5" count="1716">
          <input semantic="VERTEX" source="#vertices" offset="0" />
          <input semantic="NORMAL" source="#normals" offset="1" />
          <p>684 1710 685 1711 686 1712 687 1713 688 1714 689 1715 690 1716 691 1717 692 1718 693 1719 694 1720 695 1721 688 1714 696 1722 697 1723 698 1724 699 1725 694 1720 700 1726 697 1723 701 1727 699 1725 702 1728 703 1729 700 1726 704 1730 697 1723 705 1731 706 1732 707 1733 687 1713 696 1722 688 1714 701 1727 697 1723 696 1722 695 1721 692 1718 691 1717 708 1734 694 1720 693 1719 698 1724 694 1720 708 1734 694 1720 699 1725 703 1729 702 1728 709 1735 703 1729 710 1736 703 1729 709 1735 703 1729 710 1736 711 1737 712 1738 711 1737 710 1736 712 1738 705 1731 711 1737 711 1737 705 1731 707 1733 713 1739 714 1740 706 1732 706 1732 714 1740 707 1733 689 1715 714 1740 713 1739 715 1741 716 1742 717 1743 718 1744 719 1744 720 1744 721 1745 722 1746 723 1747 724 1748 725 1748 726 1748 727 1749 728 1750 729 1751 728 1752 730 1753 731 1754 732 1755 733 1756 734 1757 735 1758 736 1759 732 1760 735 1761 732 1761 734 1761 737 1762 738 1763 739 1764 740 1765 741 1766 742 1767 742 1767 741 1766 743 1768 741 1766 728 1769 743 1768 743 1770 728 1771 744 1772 744 1772 731 1773 745 1774 728 1771 731 1773 744 1772 745 1775 746 1776 747 1777 731 1778 746 1778 745 1778 747 1777 746 1776 748 1779 746 1780 722 1780 748 1780 748 1781 722 1782 749 1783 749 1783 722 1782 702 1784 722 1785 736 1785 702 1785 702 1786 736 1787 750 1788 736 1787 751 1789 750 1788 752 1790 750 1790 732 1790 733 1791 753 1791 734 1791 754 1792 755 1793 756 1794 732 1760 736 1759 752 1795 757 1796 718 1797 720 1798 758 1799 752 1795 736 1759 759 1800 760 1800 746 1800 761 1801 762 1801 752 1801 763 1802 739 1803 764 1804 697 1805 765 1806 688 1807 730 1808 744 1808 718 1808 766 1809 767 1810 768 1811 705 1731 712 1738 751 1812 712 1738 750 1813 751 1812 712 1738 710 1736 750 1813 709 1735 702 1728 750 1814 699 1725 749 1815 702 1728 699 1725 698 1724 749 1815 708 1734 748 1816 749 1817 708 1734 693 1719 748 1816 693 1719 695 1721 748 1816 760 1818 747 1819 748 1816 695 1721 760 1818 748 1816 695 1721 691 1717 760 1818 690 1716 745 1820 747 1821 690 1716 769 1822 745 1820 769 1822 770 1823 745 1820 771 1824 744 1825 745 1820 770 1823 771 1824 745 1820 744 1826 772 1827 743 1828 773 1829 772 1827 744 1826 743 1828 774 1830 775 1831 775 1832 742 1833 743 1834 776 1835 740 1836 742 1837 777 1838 778 1838 690 1838 690 1839 778 1839 691 1839 778 1840 760 1841 691 1842 779 1843 719 1843 780 1843 719 1844 771 1844 780 1844 774 1845 725 1846 775 1847 781 1848 782 1849 767 1810 783 1850 738 1851 784 1852 785 1853 783 1854 786 1855 787 1856 788 1856 700 1856 789 1857 790 1858 791 1859 791 1860 685 1711 687 1861 790 1862 685 1711 791 1860 792 1863 793 1863 706 1863 750 1864 762 1865 709 1866 762 1867 794 1867 709 1867 709 1868 794 1868 710 1868 795 1869 796 1869 698 1869 797 1870 795 1871 708 1872 708 1873 795 1873 698 1873 733 1874 711 1875 714 1876 753 1877 714 1876 689 1878 753 1877 733 1874 714 1876 798 1879 753 1877 689 1878 798 1879 689 1878 765 1806 684 1880 798 1879 765 1806 799 1881 765 1806 800 1882 799 1881 684 1880 765 1806 756 1883 799 1884 800 1885 756 1886 800 1887 801 1888 737 1889 801 1888 802 1890 803 1891 802 1890 804 1892 803 1891 737 1889 802 1890 805 1893 804 1892 806 1894 805 1893 803 1891 804 1892 807 1895 805 1893 806 1894 808 1896 800 1887 704 1897 754 1898 809 1899 810 1900 735 1901 811 1902 751 1903 721 1904 796 1904 812 1904 718 1905 813 1906 731 1754 813 1906 759 1907 746 1908 735 1909 734 1909 811 1909 716 1910 810 1900 809 1899 752 1911 758 1912 761 1913 814 1914 746 1914 815 1914 814 1915 815 1915 723 1915 816 1916 718 1797 757 1796 813 1906 718 1905 816 1917 813 1906 816 1917 759 1907 817 1918 727 1919 724 1920 728 1921 727 1921 817 1921 728 1752 817 1922 730 1753 741 1923 766 1924 818 1925 729 1751 818 1926 819 1927 741 1923 818 1925 729 1928 820 1929 821 1930 822 1931 820 1932 822 1932 823 1932 766 1924 824 1933 823 1934 711 1935 825 1936 703 1937 763 1802 754 1898 826 1938 763 1802 826 1938 739 1803 766 1924 741 1923 824 1933 716 1939 715 1940 827 1941 828 1942 829 1942 830 1942 828 1943 830 1944 686 1945 792 1946 751 1812 831 1947 751 1948 828 1948 831 1948 831 1949 828 1950 789 1951 789 1951 717 1952 832 1953 828 1950 717 1952 789 1951 832 1954 809 1955 787 1956 717 1952 809 1957 832 1953 787 1956 809 1955 833 1958 809 1955 763 1959 833 1958 833 1958 764 1960 783 1961 763 1959 764 1960 833 1958 783 1961 764 1960 834 1962 764 1960 824 1963 834 1962 834 1964 824 1965 767 1966 767 1966 741 1766 740 1765 824 1965 741 1766 767 1966 829 1967 828 1968 811 1902 821 1930 820 1929 764 1804 734 1969 753 1969 811 1969 695 1970 835 1971 836 1972 828 1943 686 1945 717 1743 815 1973 746 1973 837 1973 821 1974 785 1974 737 1974 817 1975 720 1975 730 1975 838 1976 804 1977 839 1978 822 1979 821 1979 737 1979 839 1980 802 1890 808 1896 753 1981 793 1981 811 1981 726 1982 840 1983 819 1984 810 1985 755 1985 754 1985 812 1986 795 1986 841 1986 819 1987 775 1988 727 1989 829 1990 842 1991 753 1992 841 1993 797 1993 723 1993 843 1994 747 1995 759 1996 723 1747 796 1997 721 1745 815 1998 837 1998 844 1998 844 1999 841 2000 723 2001 805 2002 845 2002 823 2002 757 2003 846 2004 816 2005 816 2005 843 2006 759 2007 846 2004 843 2006 816 2005 811 2008 847 2008 829 2008 848 2009 720 2009 817 2009 720 2010 779 2010 730 2010 766 2011 768 2011 818 2011 768 2012 807 2012 818 2012 807 2013 819 1927 818 1926 822 2014 737 2014 803 2014 718 1905 731 1754 730 1753 754 2015 756 2016 826 2017 756 2016 801 2018 826 2017 801 2018 739 2019 826 2017 715 2020 685 2021 684 2022 715 2023 684 2024 799 2025 799 2026 810 2026 827 2026 830 1944 684 2027 686 1945 739 2028 783 2028 821 2028 721 1745 758 1799 722 1746 829 2029 849 2030 798 2031 850 2032 767 2033 740 1836 850 2032 781 2034 767 2033 851 2035 834 2036 767 2037 852 2038 783 2039 834 2036 852 2038 786 2040 783 2039 784 2041 833 2042 783 2043 784 2041 853 2044 833 2042 853 2044 854 2045 833 2042 755 2046 787 2046 833 2046 854 2045 755 2047 833 2042 854 2045 855 2048 755 2047 700 1726 832 2049 787 2050 700 1726 701 1727 832 2049 701 1727 696 1722 832 2049 696 1722 789 2051 832 2049 789 2052 856 2053 831 1947 791 2054 856 2053 789 2052 831 1947 713 1739 792 1946 706 1732 705 1731 792 1946 705 1731 751 1812 792 1946 820 2055 823 1934 824 1933 756 2056 857 2056 810 2056 732 2057 858 2057 761 2057 823 2058 767 2058 766 2058 814 2059 723 1747 722 1746 727 2060 775 1847 724 2061 762 2062 858 2062 794 2062 686 2063 789 2063 715 2063 704 1897 800 1887 697 1805 806 2064 804 2064 838 2064 746 2065 778 1840 843 2066 858 2067 710 2067 794 2067 747 2068 777 2068 690 2068 780 2069 771 1824 770 1823 744 2070 779 2071 773 2072 773 2073 779 2073 780 2073 742 2074 840 2074 776 2074 782 2075 781 2075 859 2075 776 2076 725 2077 774 2078 767 2079 845 2080 851 2081 845 2082 859 2082 851 2082 851 2083 859 2083 781 2083 738 1763 785 2084 784 2085 784 2085 785 2084 786 2086 788 2087 857 2087 700 2087 700 2088 857 2088 855 2088 857 2089 755 2089 855 2089 687 1713 789 2051 696 1722 685 2090 860 2090 687 2090 687 2091 860 2091 789 2091 706 2092 842 2092 713 2092 842 1991 847 2093 713 2094 713 2095 847 2095 792 2095 710 2096 858 2097 750 2098 749 2099 797 2099 708 2099 796 2100 749 2100 698 2100 726 2101 807 2101 861 2101 848 2102 726 2103 861 2104 848 2102 861 2104 862 2105 757 2106 848 2102 862 2105 846 2107 757 2106 862 2105 843 2108 846 2108 836 2108 844 2109 836 2110 835 2111 844 2109 843 2112 836 2110 812 2113 844 2114 835 1971 863 2115 835 1971 825 1936 863 2115 812 2113 835 1971 761 2116 825 1936 711 1875 761 2116 863 2115 825 1936 733 1874 761 2116 711 1875 780 2069 864 2117 861 2118 700 1726 855 2048 704 1730 864 2117 770 1823 865 2119 786 2040 852 2038 839 2120 690 1716 865 2119 769 1822 852 2038 834 2036 839 2120 690 1716 692 1718 865 2119 740 1836 776 1835 866 2121 780 2069 770 1823 864 2117 769 1822 865 2119 770 1823 854 2045 704 1730 855 2048 808 2122 704 1730 854 2045 853 2044 808 2122 854 2045 784 2041 808 2122 853 2044 784 2041 839 2120 808 2122 786 2040 839 2120 784 2041 839 2120 834 2036 838 2123 834 2036 851 2035 838 2123 781 2034 838 2123 851 2035 838 2123 781 2034 806 2124 850 2032 806 2124 781 2034 806 2124 740 1836 866 2121 850 2032 740 1836 806 2124 774 1830 866 2121 776 1835 861 2118 866 2121 774 1830 768 2125 782 2125 805 2125 715 1741 717 1743 686 1945 754 1898 763 1802 809 1899 865 2126 862 2105 864 2127 692 2128 846 2107 865 2126 703 1937 835 1971 694 2129 821 1930 764 1804 739 1803 843 1994 778 2130 747 1995 752 2131 762 1865 750 1864 761 2132 858 2132 762 2132 753 2133 842 2134 793 2135 811 2136 793 2136 847 2136 812 2137 796 2137 795 2137 759 2138 747 2138 760 2138 732 2139 750 2098 858 2097 830 2140 829 2029 798 2031 697 1805 800 1887 765 1806 718 2141 744 2141 719 2141 793 2135 842 2134 706 2142 857 2143 788 2143 787 2143 808 1896 801 1888 800 1887 736 2144 735 1901 751 1903 736 1759 722 1746 758 1799 746 2145 814 2145 722 2145 746 2146 731 2146 813 2146 729 1751 728 1750 741 2147 824 2148 764 2148 820 2148 809 1899 717 2149 716 1910 811 1902 828 1968 751 1903 707 2150 714 2150 711 2150 829 1990 847 2093 842 1991 716 1939 827 1941 810 2151 805 2152 782 2152 845 2152 720 2153 719 2153 779 2153 695 1970 694 2129 835 1971 723 2001 815 2154 844 1999 746 2155 843 2156 837 2157 821 2158 783 1854 785 1853 817 1918 724 1920 848 2159 729 1751 819 1927 727 1749 840 1983 725 2077 776 2076 724 2061 775 1847 725 1846 688 1807 765 1806 689 1878 841 2160 795 1871 797 1870 827 2161 715 2023 799 2025 768 1811 767 1810 782 1849 723 1747 797 2162 796 1997 810 2163 787 2163 755 2163 742 1833 775 1832 840 2164 808 1896 802 1890 801 1888 686 1712 685 1711 790 1862 819 1987 840 2165 775 1988 864 2127 862 2105 861 2104 726 1982 725 2077 840 1983 737 1762 785 2084 738 1763 810 2166 857 2166 787 2166 739 2167 738 1851 783 1850 715 2020 789 2168 685 2021 866 2169 861 2170 807 1895 713 1739 831 1947 689 1715 856 2053 791 2171 689 1715 791 2171 687 1713 689 1715 689 1715 831 1947 856 2053 823 2172 845 2080 767 2079 719 2173 744 2173 771 2173 749 2174 796 2174 797 2174 803 2175 805 2176 822 2177 805 2176 823 2178 822 2177 841 2179 844 2179 812 2179 844 2180 837 2157 843 2156 724 1920 726 2181 848 2159 819 1927 807 2013 726 2182 807 1895 768 2183 805 1893 848 2184 757 2184 720 2184 739 2185 801 2185 737 2185 810 2186 799 1884 756 1883 684 2187 830 2187 798 2187 798 2188 849 2188 753 2188 733 1756 732 1755 761 2189 839 1978 804 1977 802 2190 774 1830 743 1828 861 2118 772 1827 773 2191 861 2118 773 2191 780 2069 861 2118 861 2118 743 1828 772 1827 789 2192 860 2192 685 2192 793 2193 792 2193 847 2193 777 2194 747 2194 778 2194 686 2195 790 1858 789 1857 730 2196 779 2071 744 2070 746 2065 760 1841 778 1840 782 2197 859 2197 845 2197 692 2128 695 1970 836 1972 753 2198 849 2030 829 2029 865 2126 846 2107 862 2105 866 2169 807 1895 806 1894 692 2128 836 1972 846 2107 721 2199 812 2200 863 2201 758 1912 721 2199 863 2201 761 1913 758 1912 863 2201 703 1937 825 1936 835 1971 756 1794 755 1793 857 2202 867 2203 868 2204 869 2205 867 2203 869 2205 870 2206 871 2207 872 2208 873 2209 874 2210 875 2211 872 2208 876 2212 877 2213 878 2214 879 2215 880 2216 881 2217 882 2218 883 2219 881 2217 880 2216 882 2218 881 2217 879 2215 884 2220 880 2216 885 2221 870 2222 886 2223 887 2224 888 2225 884 2220 887 2224 884 2220 879 2215 887 2224 879 2215 889 2226 887 2224 889 2226 890 2227 886 2228 891 2228 892 2228 893 2229 894 2230 895 2231 896 2232 890 2227 889 2226 896 2232 889 2226 897 2233 898 2234 871 2207 873 2209 872 2208 871 2207 874 2210 875 2211 874 2210 883 2219 899 2235 900 2236 901 2237 902 2238 890 2239 903 2240 904 2241 905 2241 906 2241 900 2242 907 2242 908 2242 909 2243 910 2244 911 2245 912 2246 913 2246 914 2246 913 2247 915 2248 914 2249 914 2249 915 2248 916 2250 917 2251 918 2252 919 2253 918 2254 920 2255 919 2256 919 2256 920 2255 921 2257 921 2258 922 2259 923 2260 920 2261 922 2259 921 2258 924 2262 870 2206 869 2205 925 2263 926 2264 927 2265 928 2266 929 2267 930 2268 930 2268 929 2267 931 2269 929 2270 932 2271 931 2272 931 2272 932 2271 933 2273 934 2274 904 2274 935 2274 906 2275 936 2276 873 2277 873 2277 936 2276 898 2278 904 2279 906 2280 935 2281 935 2281 906 2280 873 2282 937 2283 938 2284 883 2285 939 2286 940 2287 882 2288 940 2287 937 2289 882 2288 882 2290 937 2283 883 2285 887 2291 941 2291 888 2291 890 2292 902 2293 887 2294 902 2293 941 2295 887 2294 942 2296 943 2296 944 2296 868 2297 925 2298 942 2299 925 2298 943 2300 942 2299 945 2301 946 2302 886 2223 886 2223 946 2302 885 2221 885 2303 947 2304 948 2305 946 2306 947 2304 885 2303 918 2254 949 2307 920 2255 950 2308 951 2309 952 2310 902 2293 953 2311 941 2295 954 2312 955 2313 956 2314 957 2315 958 2316 923 2317 935 2318 959 2318 960 2318 961 2319 962 2320 963 2321 946 2306 964 2322 947 2304 965 2323 931 2324 966 2325 967 2326 968 2326 969 2326 970 2327 971 2327 949 2327 972 2328 908 2329 973 2330 974 2331 975 2332 976 2333 977 2334 978 2334 979 2334 980 2335 979 2336 981 2337 982 2338 983 2338 921 2338 895 2339 984 2340 953 2341 985 2342 895 2343 953 2344 985 2342 953 2344 986 2345 901 2346 973 2346 987 2346 988 2347 989 2348 990 2349 991 2350 988 2347 990 2349 992 2351 964 2352 993 2353 994 2354 900 2354 908 2354 938 2355 995 2356 996 2357 997 2358 998 2359 999 2360 1000 2361 1001 2362 1002 2363 1000 2361 1002 2363 1003 2364 919 2365 1004 2366 917 2367 1005 2368 1006 2369 1007 2370 1008 2371 1004 2366 1006 2369 1009 2372 1010 2373 997 2374 1011 2375 1010 2373 1009 2372 1012 2376 1013 2377 1014 2378 1012 2376 1014 2378 917 2379 1012 2376 1015 2380 1013 2377 1016 2381 1017 2382 1015 2380 1016 2381 1015 2380 1012 2376 1016 2381 1012 2376 1018 2383 933 2384 1019 2384 1020 2384 1016 2385 1018 2386 1021 2387 933 2388 1022 2388 1019 2388 925 2298 990 2389 943 2300 1023 2390 1021 2387 1018 2386 999 2391 1024 2391 1025 2391 1023 2390 1018 2386 1026 2392 912 2393 1005 2368 1007 2370 898 2394 1027 2394 1019 2394 1028 2395 1029 2396 889 2397 987 2398 973 2399 899 2400 921 2401 1030 2402 1031 2403 1006 2369 1005 2368 1008 2371 1004 2366 1008 2371 917 2367 1032 2404 1002 2363 1001 2362 1033 2405 939 2406 1034 2407 878 2214 877 2213 909 2243 929 2270 1035 2408 932 2271 911 2245 1024 2409 1036 2410 1037 2411 913 2411 912 2411 915 2412 1038 2413 916 2414 916 2415 1038 2416 1007 2417 1038 2416 1037 2418 1007 2417 1007 2419 1037 2419 912 2419 1039 2420 918 2252 917 2251 923 2421 922 2422 1014 2423 922 2422 1039 2424 1014 2423 1014 2425 1039 2425 917 2425 1016 2426 899 2426 1017 2426 1040 2427 987 2427 1021 2427 1021 2428 987 2398 1016 2429 987 2398 899 2400 1016 2429 1001 2430 1041 2430 1032 2430 1041 2431 1042 2432 1032 2433 1032 2433 1042 2432 1043 2434 932 2435 1044 2436 933 2437 933 2437 1044 2436 1022 2438 1022 2439 928 2440 930 2441 1044 2442 928 2440 1022 2439 898 2443 936 2444 1027 2445 936 2444 1045 2446 1027 2445 1027 2445 1045 2446 934 2447 1045 2448 904 2448 934 2448 883 2449 996 2357 1046 2450 938 2355 996 2357 883 2449 1046 2451 940 2452 939 2453 996 2454 940 2452 1046 2451 903 2455 888 2455 941 2455 923 2317 983 2456 982 2457 947 2458 1047 2458 948 2458 948 2459 1047 2459 1048 2459 1047 2460 945 2461 1048 2462 1048 2462 945 2461 886 2463 1049 2464 963 2464 1042 2464 908 2465 1050 2466 1051 2467 1052 2468 1053 2469 944 2470 931 2324 1054 2471 1055 2472 1056 2473 986 2473 902 2473 1057 2474 1058 2475 1059 2476 1030 2402 1060 2477 1031 2403 1061 2478 1048 2479 1062 2480 937 2283 1063 2481 938 2284 976 2333 975 2332 1064 2482 1045 2483 1065 2483 904 2483 1064 2482 951 2484 991 2485 1066 2486 1067 2487 1068 2488 1069 2489 1070 2490 1071 2491 1072 2492 1061 2478 1062 2480 1048 2493 1073 2493 1074 2493 915 2412 968 2494 1038 2413 1040 2495 1075 2495 901 2495 1076 2496 984 2340 895 2339 991 2485 951 2484 893 2229 889 2397 951 2309 950 2308 922 2497 949 2498 918 2499 1077 2500 1078 2501 957 2315 1068 2488 1067 2487 974 2331 920 2261 971 2502 922 2259 979 2503 980 2504 999 2505 952 2310 975 2506 924 2507 960 2508 934 2508 935 2508 1079 2509 926 2510 1080 2511 1081 2512 1082 2513 1083 2514 1084 2515 1058 2516 876 2212 932 2517 1085 2517 928 2517 1043 2518 1026 2519 1032 2404 996 2520 1086 2520 937 2520 1055 2521 1087 2522 930 2523 948 2524 1079 2509 1080 2511 1088 2525 1089 2526 1090 2527 1071 2491 1070 2490 1081 2512 906 2528 1011 2529 1045 2530 1041 2531 979 2531 1042 2531 947 2532 1091 2532 945 2532 943 2533 1092 2533 1093 2533 927 2534 944 2534 943 2534 1094 2535 1089 2536 1088 2537 881 2538 894 2539 1028 2395 944 2470 1095 2540 1096 2541 916 2542 1097 2543 1072 2492 1095 2540 1094 2535 1096 2541 930 2544 1098 2545 1099 2546 1075 2547 1100 2548 1077 2500 901 2237 1017 2549 899 2235 1101 2550 959 2551 935 2552 1102 2553 1103 2554 1046 2555 934 2556 965 2323 966 2325 1104 2557 962 2557 961 2557 1105 2558 877 2559 1057 2474 1041 2560 1104 2561 1049 2562 1106 2563 998 2564 1107 2565 1108 2566 968 2566 915 2566 1042 2567 978 2567 1109 2567 1038 2568 1066 2569 1108 2570 928 2266 1110 2571 929 2267 1025 2572 910 2573 908 2465 1106 2574 1003 2364 1002 2363 1051 2467 877 2559 1105 2558 895 2231 894 2230 1069 2489 945 2575 1091 2575 946 2575 1111 2576 1070 2577 1112 2578 955 2313 1100 2579 1075 2580 1113 2581 998 2564 1106 2563 1109 2582 979 2582 1041 2582 1093 2583 990 2584 925 2585 941 2586 984 2586 1056 2586 1059 2476 1058 2475 1066 2486 1090 2527 1033 2405 1034 2407 1084 2515 1067 2587 1058 2516 1046 2555 1114 2588 1101 2550 963 2321 954 2312 956 2314 1074 2589 1073 2590 948 2524 1115 2591 1066 2591 1116 2591 1099 2546 962 2592 1104 2593 1117 2594 949 2595 1118 2596 1119 2597 1110 2597 1085 2597 1120 2598 1011 2599 905 2600 960 2601 959 2601 934 2601 1121 2602 1122 2602 1086 2602 1123 2603 993 2603 1091 2603 1076 2604 895 2605 1124 2606 895 2605 1069 2607 1124 2606 1069 2607 1121 2608 1124 2606 1125 2609 1063 2610 1126 2611 1063 2610 1083 2612 1126 2611 1083 2612 1120 2613 1126 2611 1127 2614 1128 2614 1129 2614 1128 2615 1009 2616 1129 2617 1129 2617 1035 2618 1130 2619 1009 2616 1035 2618 1129 2617 977 2620 979 2621 1131 2622 994 2623 908 2624 1132 2625 1083 2514 1082 2513 1011 2375 908 2624 1051 2626 1132 2625 1051 2626 1117 2627 1132 2625 949 2628 1059 2629 1133 2630 1059 2629 1115 2631 1133 2630 969 2632 1068 2633 1134 2634 1068 2633 993 2635 1134 2634 992 2636 1064 2637 1135 2638 1135 2638 991 2639 1136 2640 1064 2637 991 2639 1135 2638 968 2641 967 2642 1134 2643 1061 2644 1137 2645 968 2641 1061 2644 968 2641 1134 2643 1091 2646 1061 2644 1134 2643 1091 2646 1134 2643 1123 2647 1138 2648 1061 2644 1091 2646 971 2649 970 2650 1133 2651 1030 2652 1139 2653 971 2649 1030 2652 971 2649 1133 2651 1116 2654 1133 2651 1115 2655 1116 2654 1030 2652 1133 2651 1137 2645 1030 2652 1116 2654 1132 2656 900 2657 994 2658 1078 2659 1140 2660 900 2657 1078 2659 900 2657 1132 2656 1118 2596 1132 2656 1117 2594 1118 2596 1078 2659 1132 2656 1139 2653 1078 2659 1118 2596 978 2661 977 2662 1141 2663 954 2664 1142 2665 978 2661 954 2664 978 2661 1141 2663 973 2330 954 2664 1141 2663 1140 2660 954 2666 973 2667 1143 2668 1110 2668 1119 2668 1098 2669 1144 2670 1110 2671 1098 2669 1110 2671 1143 2672 981 2673 1098 2669 1143 2672 981 2337 1143 2674 980 2335 1142 2665 1098 2675 981 2676 1129 2677 1065 2678 1127 2679 965 2680 1145 2681 1065 2678 965 2680 1065 2678 1129 2677 1146 2682 1129 2677 1130 2683 1146 2682 965 2680 1129 2677 1144 2670 965 2680 1146 2682 1126 2684 995 2685 1125 2686 1114 2687 1147 2688 995 2685 1114 2687 995 2685 1126 2684 905 2600 1126 2684 1120 2598 905 2600 1114 2687 1126 2684 1145 2681 1114 2687 905 2600 984 2689 1076 2690 1124 2691 1033 2692 1148 2693 984 2689 1033 2692 984 2689 1124 2691 1086 2694 1124 2691 1121 2695 1086 2694 1033 2692 1124 2691 1147 2688 1033 2692 1086 2694 1092 2696 989 2696 1149 2696 1095 2697 1150 2698 1092 2699 1095 2697 1092 2699 1149 2700 986 2345 1095 2697 1149 2700 986 2345 1149 2700 985 2342 1148 2693 1095 2701 986 2702 1135 2703 964 2352 992 2351 1079 2704 1138 2648 964 2352 1079 2704 964 2352 1135 2703 1151 2705 1135 2703 1136 2706 1151 2705 1079 2704 1135 2703 1150 2698 1079 2704 1151 2705 1130 2707 1035 2707 1146 2707 1127 2708 1065 2708 1128 2708 1125 2709 995 2709 1063 2709 1136 2710 991 2710 1151 2710 980 2504 1143 2711 1152 2712 876 2212 1058 2516 877 2213 893 2229 1029 2713 894 2230 932 2714 928 2714 1044 2714 922 2259 971 2502 1118 2715 1153 2716 1010 2717 1082 2718 916 2542 1154 2719 1097 2543 909 2243 1050 2720 910 2244 1107 2565 998 2564 1010 2717 909 2243 877 2213 1050 2720 1040 2721 1021 2721 1075 2721 1093 2722 1092 2722 1151 2722 1153 2723 1111 2724 871 2207 1111 2724 1112 2725 874 2210 1112 2725 881 2217 883 2219 874 2210 1112 2725 883 2219 879 2215 1028 2726 889 2226 889 2226 950 2727 897 2233 950 2727 952 2728 942 2729 952 2728 924 2262 869 2205 942 2729 952 2728 869 2205 924 2262 1155 2730 886 2731 870 2206 924 2262 886 2731 1155 2730 1084 2732 891 2733 891 2733 1084 2732 912 2393 1084 2732 876 2734 1005 2368 876 2734 878 2735 1008 2371 1005 2368 876 2734 1008 2371 909 2736 911 2737 1012 2738 1012 2738 911 2737 1018 2739 911 2740 1036 2741 1026 2519 1018 2739 911 2737 1026 2742 1155 2730 891 2733 886 2731 898 2234 1019 2743 1153 2723 871 2207 898 2234 1153 2723 874 2210 871 2207 1111 2724 878 2735 909 2736 917 2367 909 2736 1012 2738 917 2367 879 2215 881 2217 1028 2726 878 2735 917 2367 1008 2371 1084 2732 1005 2368 912 2393 942 2729 897 2233 950 2727 925 2263 868 2744 926 2264 1042 2745 963 2745 1043 2745 902 2746 986 2746 953 2746 893 2229 951 2484 1029 2713 920 2255 949 2307 971 2747 954 2312 1100 2579 955 2313 1109 2748 978 2748 981 2748 881 2538 1112 2578 1070 2577 906 2749 905 2749 1011 2749 957 2315 1078 2501 958 2316 1113 2581 1036 2410 1024 2409 943 2300 990 2389 989 2750 937 2751 1086 2751 1122 2751 946 2752 993 2752 964 2752 1137 2645 1116 2654 968 2641 943 2753 989 2753 1092 2753 891 2754 912 2754 914 2754 965 2323 1054 2471 931 2324 1149 2755 989 2348 988 2347 1156 2756 985 2757 1149 2758 1149 2758 988 2759 1156 2756 921 2760 923 2760 982 2760 974 2331 1067 2487 975 2332 904 2761 1065 2761 905 2761 928 2762 1085 2762 1110 2762 901 2763 900 2763 973 2763 1154 2719 916 2542 1060 2477 999 2360 998 2359 1024 2764 1011 2375 1082 2513 1010 2373 947 2765 964 2765 1091 2765 1028 2395 894 2539 1029 2396 921 2401 983 2766 1030 2402 1155 2767 975 2506 1067 2587 899 2235 907 2768 900 2236 1033 2405 1157 2769 939 2406 929 2270 1146 2770 1035 2408 911 2245 910 2244 1024 2409 903 2240 890 2239 1088 2771 927 2772 926 2772 944 2772 1055 2521 1054 2773 1087 2522 1147 2688 1086 2694 995 2685 885 2774 948 2775 870 2206 948 2775 1080 2776 870 2206 908 2465 910 2573 1050 2466 867 2203 870 2206 1080 2776 867 2203 1080 2776 926 2777 926 2777 868 2204 867 2203 926 2778 1052 2778 944 2778 897 2233 942 2729 944 2779 944 2779 1096 2780 897 2233 896 2232 897 2233 1096 2780 890 2227 896 2232 1094 2781 896 2232 1096 2780 1094 2781 1088 2782 890 2227 1094 2781 1088 2783 1090 2784 888 2785 888 2785 1090 2784 884 2786 1090 2784 1034 2787 884 2786 880 2216 884 2786 1034 2787 882 2218 880 2216 939 2788 1034 2787 939 2788 880 2216 939 2789 1102 2789 1046 2789 1046 2790 1101 2791 875 2211 875 2211 883 2219 1046 2790 872 2208 875 2211 1101 2791 935 2792 873 2209 872 2208 872 2208 1101 2791 935 2792 1027 2793 934 2794 1019 2795 934 2794 966 2796 1019 2795 1020 2797 1019 2795 966 2796 931 2798 933 2799 1020 2797 1020 2797 966 2796 931 2798 931 2800 1055 2800 930 2800 930 2801 1099 2802 1003 2364 930 2801 1003 2364 1022 2803 1000 2361 1003 2364 1099 2802 1000 2361 1099 2802 1104 2804 1104 2804 1001 2362 1000 2361 1104 2805 961 2805 963 2805 1043 2806 963 2807 1026 2392 963 2807 956 2808 1026 2392 1023 2390 1026 2392 956 2808 1021 2387 1023 2390 955 2809 1023 2390 956 2808 955 2809 1075 2810 1021 2387 955 2809 1075 2811 1077 2812 1017 2813 1017 2813 1077 2812 1015 2814 1077 2812 957 2815 1015 2814 1013 2816 1015 2814 957 2815 1014 2817 1013 2816 923 2818 957 2815 923 2818 1013 2816 919 2819 921 2820 1004 2366 921 2820 1031 2821 1004 2366 1006 2369 1004 2366 1031 2821 1007 2370 1006 2369 1060 2822 1006 2369 1031 2821 1060 2822 886 2823 892 2824 1048 2825 892 2824 891 2826 1062 2827 891 2826 914 2828 1072 2829 892 2824 1062 2827 1048 2825 916 2830 1007 2370 1060 2822 916 2831 1072 2829 914 2828 948 2832 1048 2832 1074 2832 891 2826 1072 2829 1062 2827 1039 2833 922 2833 918 2833 1053 2834 1052 2834 926 2834 938 2355 1063 2835 995 2356 972 2328 973 2330 1141 2663 977 2620 1131 2622 1141 2836 1131 2622 972 2837 1141 2836 1139 2653 1118 2596 971 2649 1084 2515 1155 2767 1067 2587 1057 2474 877 2559 1058 2475 941 2838 953 2838 984 2838 1030 2402 1154 2719 1060 2477 1041 2839 1049 2840 1109 2841 1049 2840 1042 2842 1109 2841 1061 2478 1073 2843 1048 2479 1153 2716 1107 2565 1010 2717 903 2844 1088 2844 888 2844 1049 2845 1104 2845 963 2845 937 2846 1122 2846 1063 2846 1025 2847 1024 2847 910 2847 996 2848 937 2848 940 2848 903 2849 941 2850 1056 2851 902 2852 903 2849 1056 2851 1056 2853 984 2853 986 2853 1064 2482 975 2332 951 2484 1066 2486 1058 2475 1067 2487 906 2854 1045 2854 936 2854 1069 2489 894 2230 1070 2490 1072 2492 1097 2543 1061 2478 947 2855 945 2855 1047 2855 1157 2769 1102 2856 939 2406 1082 2718 1111 2576 1153 2716 889 2397 1029 2396 951 2309 1155 2767 924 2507 975 2506 922 2497 1118 2857 949 2498 1077 2500 1100 2548 1078 2501 996 2858 995 2858 1086 2858 999 2859 1131 2859 979 2859 952 2310 951 2309 975 2506 991 2860 990 2860 1151 2860 1079 2509 1053 2861 926 2510 1081 2512 1070 2490 1082 2513 1108 2862 1066 2862 969 2862 1038 2413 968 2494 1116 2863 1045 2864 1128 2864 1065 2864 899 2400 973 2399 907 2865 948 2524 1073 2590 1079 2509 927 2866 1093 2867 925 2868 943 2869 1093 2867 927 2866 932 2870 1035 2870 1085 2870 946 2871 1091 2871 993 2871 881 2538 1070 2577 894 2539 944 2470 1053 2469 1095 2540 1095 2540 1089 2536 1094 2535 930 2544 1087 2872 1098 2545 1101 2550 1114 2588 959 2551 934 2556 959 2873 965 2323 987 2874 1040 2874 901 2874 907 2875 973 2875 908 2875 1041 2560 1001 2876 1104 2561 1138 2648 1091 2646 964 2352 1108 2877 969 2877 968 2877 949 2628 1133 2630 970 2878 1038 2568 1116 2879 1066 2569 1140 2660 973 2667 900 2657 1148 2693 986 2702 984 2689 1106 2574 1107 2880 1022 2803 1003 2364 1106 2574 1022 2803 1107 2880 1153 2723 1019 2743 1022 2803 1107 2880 1019 2743 1113 2881 1106 2574 1002 2363 1026 2519 1036 2741 1032 2404 1036 2741 1113 2881 1032 2404 1002 2363 1032 2404 1113 2881 1051 2467 1050 2466 877 2559 974 2882 976 2883 992 2636 991 2884 893 2885 1156 2756 1035 2886 997 2886 1085 2886 997 2887 999 2505 1152 2712 1131 2622 999 2888 1025 2889 972 2837 1131 2622 1025 2889 1152 2712 999 2505 980 2504 1152 2712 1119 2890 997 2887 1119 2890 1085 2891 997 2887 908 2892 972 2837 1025 2889 1009 2372 997 2374 1035 2893 1117 2627 1051 2626 1105 2894 1009 2895 1128 2895 1011 2895 1105 2894 1057 2896 1117 2627 949 2897 1117 2897 1057 2897 1011 2898 1120 2613 1083 2612 1083 2899 1063 2900 1081 2901 1063 2900 1122 2902 1081 2901 1059 2903 949 2903 1057 2903 1081 2512 1122 2904 1071 2491 1066 2905 1115 2631 1059 2629 1122 2906 1121 2608 1071 2907 1121 2608 1069 2607 1071 2907 1068 2908 969 2908 1066 2908 893 2885 895 2909 985 2757 985 2757 1156 2756 893 2885 993 2910 1068 2910 974 2910 1156 2756 988 2759 991 2884 992 2911 993 2911 974 2911 1064 2637 992 2636 976 2883 1111 2576 1082 2718 1070 2577 1113 2581 1024 2409 998 2564 1109 2912 981 2912 979 2912 1148 2693 1033 2913 1089 2914 1033 2915 1147 2916 1157 2917 1095 2701 1148 2693 1089 2914 1150 2918 1095 2919 1053 2920 1079 2921 1150 2918 1053 2920 1138 2648 1079 2704 1073 2922 1061 2923 1138 2648 1073 2922 1137 2924 1061 2925 1097 2926 1097 2926 1154 2927 1137 2924 1030 2928 1137 2924 1154 2927 1139 2929 1030 2930 983 2931 983 2931 958 2932 1139 2929 1078 2933 1139 2929 958 2932 1140 2660 1078 2934 1100 2935 1038 2936 1108 2937 1037 2938 915 2939 913 2940 1108 2937 913 2940 1037 2938 1108 2937 1093 2583 1151 2941 990 2584 1042 2942 979 2942 978 2942 929 2267 1110 2571 1146 2943 1090 2527 1089 2526 1033 2405 923 2317 958 2316 983 2456 1046 2555 1103 2554 1114 2588 1102 2856 1157 2769 1103 2944 963 2321 962 2320 954 2312 1045 2530 1011 2529 1128 2945 1142 2665 981 2676 978 2661 1150 2698 1151 2705 1092 2699 997 2358 1010 2946 998 2359 1099 2546 1098 2545 962 2592 1144 2670 1146 2682 1110 2671 1103 2947 1157 2917 1147 2916 1147 2916 1114 2948 1103 2947 1114 2687 1145 2681 959 2949 1145 2681 965 2950 959 2949 965 2951 1144 2952 1054 2953 1087 2954 1054 2953 1144 2952 1144 2952 1098 2955 1087 2954 1098 2956 1142 2957 962 2958 1142 2957 954 2959 962 2958 954 2666 1140 2660 1100 2935 868 2204 942 2729 869 2205 1145 2681 905 2600 1065 2678 1143 2711 1119 2890 1152 2712 901 2237 1075 2960 1017 2549 1134 2634 993 2635 1123 2961 967 2962 969 2632 1134 2634 2026 4831 2027 4832 2028 4833 2029 4834 2030 4835 2031 4836 2032 4837 2033 4838 2034 4839 2035 4840 2036 4841 2037 4842 2038 4843 2039 4844 2040 4845 2041 4846 2042 4847 2043 4848 2044 4849 2045 4850 2046 4851 2047 4852 2048 4853 2049 4854 2050 4855 2051 4856 2052 4857 2043 4848 2053 4858 2054 4859 2055 4860 2056 4861 2057 4862 2054 4859 2058 4863 2059 4864 2060 4865 2061 4866 2032 4837 2062 4867 2063 4868 2060 4865 2042 4869 2030 4870 2064 4871 2040 4845 2065 4872 2066 4873 2066 4873 2045 4850 2044 4849 2033 4838 2026 4831 2034 4839 2052 4857 2067 4874 2062 4867 2060 4875 2032 4876 2068 4877 2069 4878 2070 4879 2068 4880 2071 4881 2072 4882 2041 4846 2073 4883 2074 4884 2075 4885 2075 4885 2076 4886 2047 4852 2068 4880 2074 4884 2073 4883 2049 4854 2072 4882 2071 4881 2057 4862 2077 4887 2035 4840 2028 4833 2078 4888 2055 4860 2031 4836 2079 4889 2050 4855 2059 4864 2080 4890 2038 4843 2064 4891 2029 4834 2037 4842 2037 4842 2036 4841 2064 4891 2075 4885 2074 4884 2076 4886 2032 4837 2061 4866 2033 4838 2038 4843 2080 4890 2039 4844 2046 4851 2045 4850 2081 4892 2047 4852 2076 4886 2048 4853 2081 4892 2069 4878 2046 4851 2050 4855 2079 4889 2051 4856 2055 4860 2078 4888 2056 4861 2043 4848 2082 4893 2053 4858 2043 4848 2042 4847 2082 4893 2054 4859 2053 4858 2058 4863 2060 4865 2063 4868 2061 4866 2035 4840 2077 4887 2036 4841 2062 4867 2067 4874 2063 4868 2064 4871 2036 4894 2053 4895 2053 4895 2082 4896 2064 4871 2082 4896 2042 4869 2064 4871 2042 4869 2072 4897 2030 4870 2072 4897 2048 4898 2030 4870 2079 4899 2030 4870 2048 4898 2048 4898 2076 619 2051 619 2076 619 2074 4900 2067 619 2051 619 2076 619 2067 619 2074 4900 2070 4901 2063 4902 2070 4901 2083 4903 2061 4904 2083 4903 2081 619 2033 4905 2081 619 2045 4906 2027 619 2045 4906 2065 4907 2078 4908 2065 4907 2039 619 2056 4909 2039 619 2080 619 2056 4909 2080 619 2058 4910 2077 4911 2058 4910 2053 4895 2077 4911 2077 4911 2053 4895 2036 4894 2065 4907 2056 4909 2078 4908 2033 4905 2081 619 2027 619 2063 4902 2070 4901 2061 4904 2048 4898 2051 619 2079 4899 2080 619 2077 4911 2056 4909 2063 4902 2067 619 2074 4900 2033 4905 2061 4904 2083 4903 2045 4906 2078 4908 2027 619 2040 4845 2039 4844 2065 4872 2066 4873 2065 4872 2045 4850 2037 4912 2054 4913 2035 4914 2054 4913 2059 4915 2035 4914 2033 4838 2027 4832 2026 4831 2052 4857 2051 4856 2067 4874 2073 4916 2075 4917 2062 4918 2075 4917 2047 4919 2052 4920 2047 4919 2049 4921 2050 4922 2049 4921 2071 4923 2050 4922 2071 4923 2041 4924 2031 4925 2041 4924 2043 4926 2029 4927 2029 4927 2043 4926 2037 4912 2043 4926 2054 4913 2037 4912 2041 4924 2029 4927 2031 4925 2047 4919 2050 4922 2052 4920 2068 4877 2073 4916 2060 4875 2069 4928 2068 4877 2034 4929 2034 4929 2068 4877 2032 4876 2046 4930 2069 4928 2034 4929 2044 4915 2046 4930 2028 4931 2066 4932 2044 4915 2055 4933 2038 4915 2040 4934 2057 4935 2040 4934 2066 4932 2057 4935 2059 4915 2038 4915 2057 4935 2057 4935 2035 4914 2059 4915 2055 4933 2044 4915 2028 4931 2055 4933 2057 4935 2066 4932 2071 4923 2031 4925 2050 4922 2026 4936 2028 4931 2046 4930 2075 4917 2052 4920 2062 4918 2034 4929 2026 4936 2046 4930 2073 4916 2062 4918 2060 4875 2069 4878 2083 4937 2070 4879 2069 4878 2081 4892 2083 4937 2057 4862 2056 4861 2077 4887 2068 4880 2070 4879 2074 4884 2049 4854 2048 4853 2072 4882 2041 4846 2072 4882 2042 4847 2031 4836 2030 4835 2079 4889 2059 4864 2058 4863 2080 4890 2064 4891 2030 4835 2029 4834 2028 4833 2027 4832 2078 4888 2084 4938 2085 4938 2086 4938 2086 4938 2087 4938 2088 4938 2088 4938 2089 4938 2090 4938 2090 4938 2091 4938 2092 4938 2092 4938 2093 4938 2094 4938 2094 4938 2095 4938 2096 4938 2096 4938 2097 4938 2098 4938 2098 4938 2099 4938 2100 4938 2100 4938 2101 4938 2102 4938 2102 4938 2103 4938 2104 4938 2104 4938 2105 4938 2106 4938 2106 4938 2107 4938 2108 4938 2108 4938 2109 4938 2110 4938 2110 4938 2111 4938 2112 4938 2112 4938 2113 4938 2114 4938 2114 4938 2115 4938 2116 4938 2116 4938 2117 4938 2118 4938 2118 4938 2119 4938 2120 4938 2120 4938 2121 4938 2122 4938 2122 4938 2123 4938 2124 4938 2124 4938 2125 4938 2126 4938 2126 4938 2127 4938 2128 4938 2128 4938 2129 4938 2130 4938 2130 4938 2131 4938 2084 4938 2084 4938 2086 4938 2088 4938 2088 4938 2090 4938 2092 4938 2092 4938 2094 4938 2096 4938 2096 4938 2098 4938 2100 4938 2100 4938 2102 4938 2104 4938 2104 4938 2106 4938 2108 4938 2108 4938 2110 4938 2112 4938 2112 4938 2114 4938 2116 4938 2116 4938 2118 4938 2120 4938 2120 4938 2122 4938 2124 4938 2124 4938 2126 4938 2128 4938 2128 4938 2130 4938 2084 4938 2084 4938 2088 4938 2092 4938 2092 4938 2096 4938 2100 4938 2100 4938 2104 4938 2108 4938 2108 4938 2112 4938 2116 4938 2116 4938 2120 4938 2124 4938 2124 4938 2128 4938 2084 4938 2084 4938 2092 4938 2100 4938 2100 4938 2108 4938 2116 4938 2116 4938 2124 4938 2084 4938 2100 4938 2116 4938 2084 4938 2084 4939 2131 4940 2132 4940 2084 4939 2132 4940 2133 4939 2131 4940 2130 4941 2134 4941 2131 4940 2134 4941 2132 4940 2130 4941 2129 4942 2135 4942 2130 4941 2135 4942 2134 4941 2129 4942 2128 4943 2136 4943 2129 4942 2136 4943 2135 4942 2128 4943 2127 4944 2137 4944 2128 4943 2137 4944 2136 4943 2127 4944 2126 4945 2138 4945 2127 4944 2138 4945 2137 4944 2126 4945 2125 4946 2139 4946 2126 4945 2139 4946 2138 4945 2125 4946 2124 4947 2140 4947 2125 4946 2140 4947 2139 4946 2124 4947 2123 4948 2141 4948 2124 4947 2141 4948 2140 4947 2123 4948 2122 4949 2142 4949 2123 4948 2142 4949 2141 4948 2122 4949 2121 4950 2143 4950 2122 4949 2143 4950 2142 4949 2121 4950 2120 4951 2144 4951 2121 4950 2144 4951 2143 4950 2120 4951 2119 4952 2145 4952 2120 4951 2145 4952 2144 4951 2119 4952 2118 4953 2146 4953 2119 4952 2146 4953 2145 4952 2118 4953 2117 4954 2147 4954 2118 4953 2147 4954 2146 4953 2117 4954 2116 4955 2148 4955 2117 4954 2148 4955 2147 4954 2116 4955 2115 4956 2149 4956 2116 4955 2149 4956 2148 4955 2115 4956 2114 4957 2150 4957 2115 4956 2150 4957 2149 4956 2114 4957 2113 4958 2151 4958 2114 4957 2151 4958 2150 4957 2113 4958 2112 4959 2152 4959 2113 4958 2152 4959 2151 4958 2112 4959 2111 4960 2153 4960 2112 4959 2153 4960 2152 4959 2111 4960 2110 4961 2154 4961 2111 4960 2154 4961 2153 4960 2110 4961 2109 4962 2155 4962 2110 4961 2155 4962 2154 4961 2109 4962 2108 4963 2156 4963 2109 4962 2156 4963 2155 4962 2108 4963 2107 4964 2157 4964 2108 4963 2157 4964 2156 4963 2107 4964 2106 4965 2158 4965 2107 4964 2158 4965 2157 4964 2106 4965 2105 4966 2159 4966 2106 4965 2159 4966 2158 4965 2105 4966 2104 4967 2160 4967 2105 4966 2160 4967 2159 4966 2104 4967 2103 4968 2161 4968 2104 4967 2161 4968 2160 4967 2103 4968 2102 4969 2162 4969 2103 4968 2162 4969 2161 4968 2102 4969 2101 4970 2163 4970 2102 4969 2163 4970 2162 4969 2101 4970 2100 4971 2164 4971 2101 4970 2164 4971 2163 4970 2100 4971 2099 4972 2165 4972 2100 4971 2165 4972 2164 4971 2099 4972 2098 4973 2166 4973 2099 4972 2166 4973 2165 4972 2098 4973 2097 4974 2167 4974 2098 4973 2167 4974 2166 4973 2097 4974 2096 4975 2168 4975 2097 4974 2168 4975 2167 4974 2096 4975 2095 4976 2169 4976 2096 4975 2169 4976 2168 4975 2095 4976 2094 4977 2170 4977 2095 4976 2170 4977 2169 4976 2094 4977 2093 4978 2171 4978 2094 4977 2171 4978 2170 4977 2093 4978 2092 4979 2172 4979 2093 4978 2172 4979 2171 4978 2092 4979 2091 4980 2173 4980 2092 4979 2173 4980 2172 4979 2091 4980 2090 4981 2174 4981 2091 4980 2174 4981 2173 4980 2090 4981 2089 4982 2175 4982 2090 4981 2175 4982 2174 4981 2089 4982 2088 4983 2176 4983 2089 4982 2176 4983 2175 4982 2088 4983 2087 4984 2177 4984 2088 4983 2177 4984 2176 4983 2087 4984 2086 4985 2178 4985 2087 4984 2178 4985 2177 4984 2086 4985 2085 4986 2179 4986 2086 4985 2179 4986 2178 4985 2085 4986 2084 4939 2133 4939 2085 4986 2133 4939 2179 4986 2133 4987 2132 4988 2180 4989 2133 4987 2180 4989 2181 4990 2132 4988 2134 4991 2182 4992 2132 4988 2182 4992 2180 4989 2134 4991 2135 4993 2183 4993 2134 4991 2183 4993 2182 4992 2135 4993 2136 4994 2184 4994 2135 4993 2184 4994 2183 4993 2136 4994 2137 4995 2185 4996 2136 4994 2185 4996 2184 4994 2137 4995 2138 4997 2186 4998 2137 4995 2186 4998 2185 4996 2138 4997 2139 4999 2187 4999 2138 4997 2187 4999 2186 4998 2139 4999 2140 5000 2188 5001 2139 4999 2188 5001 2187 4999 2140 5000 2141 5002 2189 5003 2140 5000 2189 5003 2188 5001 2141 5002 2142 5004 2190 5005 2141 5002 2190 5005 2189 5003 2142 5004 2143 5006 2191 5007 2142 5004 2191 5007 2190 5005 2143 5006 2144 5008 2192 5009 2143 5006 2192 5009 2191 5007 2144 5008 2145 5010 2193 5011 2144 5008 2193 5011 2192 5009 2145 5010 2146 5012 2194 5013 2145 5010 2194 5013 2193 5011 2146 5012 2147 5014 2195 5015 2146 5012 2195 5015 2194 5013 2147 5014 2148 5016 2196 5017 2147 5014 2196 5017 2195 5015 2148 5016 2149 5018 2197 5018 2148 5016 2197 5018 2196 5017 2149 5018 2150 5019 2198 5020 2149 5018 2198 5020 2197 5018 2150 5019 2151 5021 2199 5022 2150 5019 2199 5022 2198 5020 2151 5021 2152 5023 2200 5023 2151 5021 2200 5023 2199 5022 2152 5023 2153 5024 2201 5024 2152 5023 2201 5024 2200 5023 2153 5024 2154 5025 2202 5026 2153 5024 2202 5026 2201 5024 2154 5025 2155 5027 2203 5028 2154 5025 2203 5028 2202 5026 2155 5027 2156 5029 2204 5030 2155 5027 2204 5030 2203 5028 2156 5029 2157 5031 2205 5032 2156 5029 2205 5032 2204 5030 2157 5031 2158 5033 2206 5034 2157 5031 2206 5034 2205 5032 2158 5033 2159 5035 2207 5036 2158 5033 2207 5036 2206 5034 2159 5035 2160 5037 2208 5038 2159 5035 2208 5038 2207 5036 2160 5037 2161 5039 2209 5040 2160 5037 2209 5040 2208 5038 2161 5039 2162 5041 2210 5042 2161 5039 2210 5042 2209 5040 2162 5041 2163 5043 2211 5044 2162 5041 2211 5044 2210 5042 2163 5043 2164 5045 2212 5046 2163 5043 2212 5046 2211 5044 2164 5045 2165 5047 2213 5048 2164 5045 2213 5048 2212 5046 2165 5047 2166 5049 2214 5050 2165 5047 2214 5050 2213 5048 2166 5049 2167 5051 2215 5052 2166 5049 2215 5052 2214 5050 2167 5051 2168 5053 2216 5054 2167 5051 2216 5054 2215 5052 2168 5053 2169 5055 2217 5056 2168 5053 2217 5056 2216 5054 2169 5055 2170 5057 2218 5058 2169 5055 2218 5058 2217 5056 2170 5057 2171 5059 2219 5060 2170 5057 2219 5060 2218 5058 2171 5059 2172 5061 2220 5062 2171 5059 2220 5062 2219 5060 2172 5061 2173 5063 2221 5063 2172 5061 2221 5063 2220 5062 2173 5063 2174 5064 2222 5065 2173 5063 2222 5065 2221 5063 2174 5064 2175 5066 2223 5067 2174 5064 2223 5067 2222 5065 2175 5066 2176 5068 2224 5069 2175 5066 2224 5069 2223 5067 2176 5068 2177 5070 2225 5071 2176 5068 2225 5071 2224 5069 2177 5070 2178 5072 2226 5073 2177 5070 2226 5073 2225 5071 2178 5072 2179 5074 2227 5075 2178 5072 2227 5075 2226 5073 2179 5074 2133 4987 2181 4990 2179 5074 2181 4990 2227 5075 2181 5076 2180 5077 2228 5077 2181 5076 2228 5077 2229 5076 2180 5077 2182 5078 2230 5078 2180 5077 2230 5078 2228 5077 2182 5078 2183 5079 2231 5079 2182 5078 2231 5079 2230 5078 2183 5079 2184 5080 2232 5080 2183 5079 2232 5080 2231 5079 2184 5080 2185 5081 2233 5081 2184 5080 2233 5081 2232 5080 2185 5081 2186 5082 2234 5082 2185 5081 2234 5082 2233 5081 2186 5082 2187 5083 2235 5083 2186 5082 2235 5083 2234 5082 2187 5083 2188 5084 2236 5084 2187 5083 2236 5084 2235 5083 2188 5084 2189 5085 2237 5085 2188 5084 2237 5085 2236 5084 2189 5085 2190 5086 2238 5086 2189 5085 2238 5086 2237 5085 2190 5086 2191 5087 2239 5087 2190 5086 2239 5087 2238 5086 2191 5087 2192 4951 2240 4951 2191 5087 2240 4951 2239 5087 2192 4951 2193 5088 2241 5088 2192 4951 2241 5088 2240 4951 2193 5088 2194 5089 2242 5089 2193 5088 2242 5089 2241 5088 2194 5089 2195 5090 2243 5090 2194 5089 2243 5090 2242 5089 2195 5090 2196 5091 2244 5091 2195 5090 2244 5091 2243 5090 2196 5091 2197 5092 2245 5092 2196 5091 2245 5092 2244 5091 2197 5092 2198 5093 2246 5093 2197 5092 2246 5093 2245 5092 2198 5093 2199 5094 2247 5094 2198 5093 2247 5094 2246 5093 2199 5094 2200 5095 2248 5095 2199 5094 2248 5095 2247 5094 2200 5095 2201 5096 2249 5096 2200 5095 2249 5096 2248 5095 2201 5096 2202 5097 2250 5097 2201 5096 2250 5097 2249 5096 2202 5097 2203 5098 2251 5098 2202 5097 2251 5098 2250 5097 2203 5098 2204 5099 2252 5099 2203 5098 2252 5099 2251 5098 2204 5099 2205 5100 2253 5100 2204 5099 2253 5100 2252 5099 2205 5100 2206 5101 2254 5101 2205 5100 2254 5101 2253 5100 2206 5101 2207 5102 2255 5102 2206 5101 2255 5102 2254 5101 2207 5102 2208 5103 2256 5103 2207 5102 2256 5103 2255 5102 2208 5103 2209 4968 2257 4968 2208 5103 2257 4968 2256 5103 2209 4968 2210 5104 2258 5104 2209 4968 2258 5104 2257 4968 2210 5104 2211 5105 2259 5105 2210 5104 2259 5105 2258 5104 2211 5105 2212 5106 2260 5106 2211 5105 2260 5106 2259 5105 2212 5106 2213 4972 2261 4972 2212 5106 2261 4972 2260 5106 2213 4972 2214 5107 2262 5107 2213 4972 2262 5107 2261 4972 2214 5107 2215 5108 2263 5108 2214 5107 2263 5108 2262 5107 2215 5108 2216 4975 2264 4975 2215 5108 2264 4975 2263 5108 2216 4975 2217 5109 2265 5109 2216 4975 2265 5109 2264 4975 2217 5109 2218 5110 2266 5110 2217 5109 2266 5110 2265 5109 2218 5110 2219 4978 2267 4978 2218 5110 2267 4978 2266 5110 2219 4978 2220 5111 2268 5111 2219 4978 2268 5111 2267 4978 2220 5111 2221 5112 2269 5112 2220 5111 2269 5112 2268 5111 2221 5112 2222 5113 2270 5113 2221 5112 2270 5113 2269 5112 2222 5113 2223 4982 2271 4982 2222 5113 2271 4982 2270 5113 2223 4982 2224 5114 2272 5114 2223 4982 2272 5114 2271 4982 2224 5114 2225 5115 2273 5115 2224 5114 2273 5115 2272 5114 2225 5115 2226 5116 2274 5116 2225 5115 2274 5116 2273 5115 2226 5116 2227 5117 2275 5117 2226 5116 2275 5117 2274 5116 2227 5117 2181 5076 2229 5076 2227 5117 2229 5076 2275 5117 2229 5118 2228 5119 2276 5120 2229 5118 2276 5120 2277 5121 2228 5119 2230 5122 2278 5123 2228 5119 2278 5123 2276 5120 2230 5122 2231 5124 2279 5125 2230 5122 2279 5125 2278 5123 2231 5124 2232 5126 2280 5127 2231 5124 2280 5127 2279 5125 2232 5126 2233 5128 2281 5129 2232 5126 2281 5129 2280 5127 2233 5128 2234 5130 2282 5131 2233 5128 2282 5131 2281 5129 2234 5130 2235 5132 2283 5133 2234 5130 2283 5133 2282 5131 2235 5132 2236 5134 2284 5135 2235 5132 2284 5135 2283 5133 2236 5134 2237 5136 2285 5137 2236 5134 2285 5137 2284 5135 2237 5136 2238 5138 2286 5139 2237 5136 2286 5139 2285 5137 2238 5138 2239 5140 2287 5141 2238 5138 2287 5141 2286 5139 2239 5140 2240 5142 2288 5143 2239 5140 2288 5143 2287 5141 2240 5142 2241 5144 2289 5145 2240 5142 2289 5145 2288 5143 2241 5144 2242 5146 2290 5147 2241 5144 2290 5147 2289 5145 2242 5146 2243 5148 2291 5149 2242 5146 2291 5149 2290 5147 2243 5148 2244 5150 2292 5151 2243 5148 2292 5151 2291 5149 2244 5150 2245 5152 2293 5153 2244 5150 2293 5153 2292 5151 2245 5152 2246 5154 2294 5155 2245 5152 2294 5155 2293 5153 2246 5154 2247 5156 2295 5157 2246 5154 2295 5157 2294 5155 2247 5156 2248 5158 2296 5158 2247 5156 2296 5158 2295 5157 2248 5158 2249 5159 2297 5160 2248 5158 2297 5160 2296 5158 2249 5159 2250 5161 2298 5162 2249 5159 2298 5162 2297 5160 2250 5161 2251 5163 2299 5164 2250 5161 2299 5164 2298 5162 2251 5163 2252 5165 2300 5166 2251 5163 2300 5166 2299 5164 2252 5165 2253 5167 2301 5168 2252 5165 2301 5168 2300 5166 2253 5167 2254 5169 2302 5170 2253 5167 2302 5170 2301 5168 2254 5169 2255 5171 2303 5172 2254 5169 2303 5172 2302 5170 2255 5171 2256 5173 2304 5174 2255 5171 2304 5174 2303 5172 2256 5173 2257 5175 2305 5176 2256 5173 2305 5176 2304 5174 2257 5175 2258 5177 2306 5178 2257 5175 2306 5178 2305 5176 2258 5177 2259 5179 2307 5180 2258 5177 2307 5180 2306 5178 2259 5179 2260 5181 2308 5182 2259 5179 2308 5182 2307 5180 2260 5181 2261 5183 2309 5183 2260 5181 2309 5183 2308 5182 2261 5183 2262 5184 2310 5185 2261 5183 2310 5185 2309 5183 2262 5184 2263 5186 2311 5187 2262 5184 2311 5187 2310 5185 2263 5186 2264 5188 2312 5189 2263 5186 2312 5189 2311 5187 2264 5188 2265 5190 2313 5191 2264 5188 2313 5191 2312 5189 2265 5190 2266 5192 2314 5193 2265 5190 2314 5193 2313 5191 2266 5192 2267 5194 2315 5194 2266 5192 2315 5194 2314 5193 2267 5194 2268 5195 2316 5196 2267 5194 2316 5196 2315 5194 2268 5195 2269 5197 2317 5198 2268 5195 2317 5198 2316 5196 2269 5197 2270 5199 2318 5200 2269 5197 2318 5200 2317 5198 2270 5199 2271 5201 2319 5201 2270 5199 2319 5201 2318 5200 2271 5201 2272 5202 2320 5203 2271 5201 2320 5203 2319 5201 2272 5202 2273 5204 2321 5205 2272 5202 2321 5205 2320 5203 2273 5204 2274 5206 2322 5207 2273 5204 2322 5207 2321 5205 2274 5206 2275 5208 2323 5209 2274 5206 2323 5209 2322 5207 2275 5208 2229 5118 2277 5121 2275 5208 2277 5121 2323 5209 2277 5210 2276 5211 2324 5211 2277 5210 2324 5211 2325 5210 2276 5211 2278 5212 2326 5212 2276 5211 2326 5212 2324 5211 2278 5212 2279 5213 2327 5213 2278 5212 2327 5213 2326 5212 2279 5213 2280 5080 2328 5080 2279 5213 2328 5080 2327 5213 2280 5080 2281 5214 2329 5214 2280 5080 2329 5214 2328 5080 2281 5214 2282 5215 2330 5215 2281 5214 2330 5215 2329 5214 2282 5215 2283 4946 2331 4946 2282 5215 2331 4946 2330 5215 2283 4946 2284 5216 2332 5216 2283 4946 2332 5216 2331 4946 2284 5216 2285 5217 2333 5217 2284 5216 2333 5217 2332 5216 2285 5217 2286 5218 2334 5218 2285 5217 2334 5218 2333 5217 2286 5218 2287 4950 2335 4950 2286 5218 2335 4950 2334 5218 2287 4950 2288 4951 2336 4951 2287 4950 2336 4951 2335 4950 2288 4951 2289 4952 2337 4952 2288 4951 2337 4952 2336 4951 2289 4952 2290 5219 2338 5219 2289 4952 2338 5219 2337 4952 2290 5219 2291 5220 2339 5220 2290 5219 2339 5220 2338 5219 2291 5220 2292 5221 2340 5221 2291 5220 2340 5221 2339 5220 2292 5221 2293 4956 2341 4956 2292 5221 2341 4956 2340 5221 2293 4956 2294 5222 2342 5222 2293 4956 2342 5222 2341 4956 2294 5222 2295 5223 2343 5223 2294 5222 2343 5223 2342 5222 2295 5223 2296 5095 2344 5095 2295 5223 2344 5095 2343 5223 2296 5095 2297 5224 2345 5224 2296 5095 2345 5224 2344 5095 2297 5224 2298 5225 2346 5225 2297 5224 2346 5225 2345 5224 2298 5225 2299 5226 2347 5226 2298 5225 2347 5226 2346 5225 2299 5226 2300 5227 2348 5227 2299 5226 2348 5227 2347 5226 2300 5227 2301 5228 2349 5228 2300 5227 2349 5228 2348 5227 2301 5228 2302 5229 2350 5229 2301 5228 2350 5229 2349 5228 2302 5229 2303 5230 2351 5230 2302 5229 2351 5230 2350 5229 2303 5230 2304 5231 2352 5231 2303 5230 2352 5231 2351 5230 2304 5231 2305 5232 2353 5232 2304 5231 2353 5232 2352 5231 2305 5232 2306 5233 2354 5233 2305 5232 2354 5233 2353 5232 2306 5233 2307 5234 2355 5234 2306 5233 2355 5234 2354 5233 2307 5234 2308 5235 2356 5235 2307 5234 2356 5235 2355 5234 2308 5235 2309 4972 2357 4972 2308 5235 2357 4972 2356 5235 2309 4972 2310 5236 2358 5236 2309 4972 2358 5236 2357 4972 2310 5236 2311 5237 2359 5237 2310 5236 2359 5237 2358 5236 2311 5237 2312 4975 2360 4975 2311 5237 2360 4975 2359 5237 2312 4975 2313 5238 2361 5238 2312 4975 2361 5238 2360 4975 2313 5238 2314 5239 2362 5239 2313 5238 2362 5239 2361 5238 2314 5239 2315 4978 2363 4978 2314 5239 2363 4978 2362 5239 2315 4978 2316 5240 2364 5240 2315 4978 2364 5240 2363 4978 2316 5240 2317 5241 2365 5241 2316 5240 2365 5241 2364 5240 2317 5241 2318 5242 2366 5242 2317 5241 2366 5242 2365 5241 2318 5242 2319 5243 2367 5243 2318 5242 2367 5243 2366 5242 2319 5243 2320 5244 2368 5244 2319 5243 2368 5244 2367 5243 2320 5244 2321 5245 2369 5245 2320 5244 2369 5245 2368 5244 2321 5245 2322 5246 2370 5246 2321 5245 2370 5246 2369 5245 2322 5246 2323 5247 2371 5247 2322 5246 2371 5247 2370 5246 2323 5247 2277 5210 2325 5210 2323 5247 2325 5210 2371 5247 2371 5248 2325 5248 2324 5248 2324 5248 2326 5248 2327 5248 2327 5248 2328 5248 2329 5248 2329 5248 2330 5248 2331 5248 2331 5248 2332 5248 2333 5248 2333 5248 2334 5248 2335 5248 2335 5248 2336 5248 2337 5248 2337 5248 2338 5248 2339 5248 2339 5248 2340 5248 2341 5248 2341 5248 2342 5248 2343 5248 2343 5248 2344 5248 2345 5248 2345 5248 2346 5248 2347 5248 2347 5248 2348 5248 2349 5248 2349 5248 2350 5248 2351 5248 2351 5248 2352 5248 2353 5248 2353 5248 2354 5248 2355 5248 2355 5248 2356 5248 2357 5248 2357 5248 2358 5248 2359 5248 2359 5248 2360 5248 2361 5248 2361 5248 2362 5248 2363 5248 2363 5248 2364 5248 2365 5248 2365 5248 2366 5248 2367 5248 2367 5248 2368 5248 2369 5248 2369 5248 2370 5248 2371 5248 2371 5248 2324 5248 2327 5248 2327 5248 2329 5248 2331 5248 2331 5248 2333 5248 2335 5248 2335 5248 2337 5248 2339 5248 2339 5248 2341 5248 2343 5248 2343 5248 2345 5248 2347 5248 2347 5248 2349 5248 2351 5248 2351 5248 2353 5248 2355 5248 2355 5248 2357 5248 2359 5248 2359 5248 2361 5248 2363 5248 2363 5248 2365 5248 2367 5248 2367 5248 2369 5248 2371 5248 2371 5248 2327 5248 2331 5248 2331 5248 2335 5248 2339 5248 2339 5248 2343 5248 2347 5248 2347 5248 2351 5248 2355 5248 2355 5248 2359 5248 2363 5248 2363 5248 2367 5248 2371 5248 2371 5248 2331 5248 2339 5248 2339 5248 2347 5248 2355 5248 2355 5248 2363 5248 2371 5248 2339 5248 2355 5248 2371 5248</p>
        </triangles>
      </mesh>
    </geometry>
  </library_geometries>
  <library_visual_scenes>
    <visual_scene id="scene">
      <node id="wheel">
        <instance_geometry url="#geometry">
          <bind_material>
            <technique_common>
              <instance_material symbol="scout_383b3b" target="#scout_383b3b" />
              <instance_material symbol="scout_b01424" target="#scout_b01424" />
              <instance_material symbol="scout_b8bab5" target="#scout_b8bab5" />
            </technique_common>
          </bind_material>
        </instance_geometry>
      </node>
    </visual_scene>
  </library_visual_scenes>
  <scene>
    <instance_visual_scene url="#scene" />
  </scene>
</COLLADA>